S01B00006275696C642F72656C656173652F7A69676265652E73333714
S21400400008100020557F0000E9C60000DB0A030008
S214004010DB0A0300F1C60000F9C60000DB0A030055
S214004020DB0A0300DB0A0300DB0A0300DB0A0300EB
S214004030FDC60000144E0400DB0A0300DB0A030082
S214004040DB0A0300DB0A0300DB0A03006D7A0000CC
S214004050DB0A0300DB0A0300DB0A0300DB0A0300BB
S214004060DB0A0300DB0A0300FDCB0000DB0A0300CB
S214004070DB0A0300DB0A0300DB0A0300DB0A03009B
S214004080DB0A0300DB0A0300DB0A0300DB0A03008B
S214004090DB0A0300DB0A0300DB0A0300DB0A03007B
S2140040A0DB0A03001D83000001830000DB0A030017
S2140040B0DB0A0300DB0A0300DB0A0300E51F02003D
S2140040C0ED650300E9650300491702000366030077
S2140040D0F1650300A51F0200F5650300D903020081
S2140040E025200200DB0A0300DB0A0300DB0A0300CC
S2140040F0DB0A0300DB0A0300DB0A0300DB0A03001B
S214004100DB0A0300DB0A0300DB0A0300DB0A03000A
S214004110DB0A0300DB0A0300DB0A0300DB0A0300FA
S214004120DB0A0300DB0A0300DB0A0300DB0A0300EA
S208004130DB0A03009E
S214004134F0B5114A114C124E00F00105E3695F0711
S21400414413D40DB9334213D103EA00078F4207D1C3
S2140041540B4A1A40002A14BF6FF001000020F0BD7D
S214004164013AEBD16FF00200F9E74FF0FF30F6E7C3
S2140041746FF00100F3E700BF80969800000003503C
S214004184020001000B4B70B5D96911F480310DD1D2
S21400419401244FF48072084E084DF46020462C64C7
S2140041A41A61FFF7C5FF3464EC6070BD6FF0010060
S2140041B4FBE700BF0000035000100350002003502C
S2140041C438B541F6713301220C4C0021E569E363EE
S2140041D40B4B05F48035DA600223606121202361ED
S2140041E4FFF7A6FF10B92120FFF7A2FF0122054B17
S2140041F4DA600DB10023E36338BD00BF000003504E
S214004204001003500020035070B5134C6061E3693E
S2140042145B071ED40E4656F8043B8D18A361AE42C7
S2140042240BD10423002121202361FFF781FF58B915
S214004234BDE870402120FFF77BBF08210846FFF742
S21400424477FF10B10423236170BD56F8043BA361C5
S214004254E5E74FF0FF30F7E7000003502DE9F84399
S214004264154641F67132164B8946DF69DA63012238
S214004274064603F58053DFF8508007F48037DA608B
S21400428455B9284601220F4BDA601FB10022A3F568
S2140042940053DA63BDE8F88306F5005404EA08041C
S2140042A4A41BAC4228BF2C46494622463046FFF79C
S2140042B4ABFF0028E6D12644A1442D1BE0E700BF4F
S2100042C4000003500020035000E0FFFF45
S2140042D02DE9F04F4FF0FD0BC9B09A460DF11B09C2
S2140042E09DF8503108AFCDF80C90CDF808B0019786
S2140042F0059303890446009383790E4690464188C9
S2140043008288407812F0BAFB054650B10090A38828
S214004310002062883A4912F0F5FE284649B0BDE80A
S214004320F08F99F800002FF0B3FC38B12846A38828
S2140043306288344912F0E6FE8D25EEE75A46394685
S21400434099F800002FF04CFC8346002851D0529B71
S2140043501BB1BDF84C3198424BD8002399F8009019
S2140043600793A9F14102012A5FFA8BF123D8384658
S2140043700139254ADFF898C05FFA81FE734513DBE2
S214004380059B04210792C3B907AF18221F489FED6B
S2140043901A7B02FB060420460A460830394684ED9E
S2140043A0027B17F0D7FB11E010F8011F01335140D4
S2140043B00CFB01F2E2E7059B33B123464A4638463A
S2140043C0009610F0DDFAA8E70829DED9B8F1000F4C
S2140043D001D088F80090BAF1000F01D0AAF800B01A
S2140043E0529B002B99D05A46184608A917F0B2FBE4
S2140043F093E7012591E700BF0000000000000000E1
S214004400E8F603001DF70300C59D1C818010002000
S21400441093010001000000002DE9F04F93B0CDE9B4
S2140044200A32DDE91C530E9353EC102BCDE908013C
S214004430104619468DED060B1E9E16F015FE80B131
S214004440DDE906014FF0FF32C54B16F035FE40B9E8
S214004450DDE906014FF0FF326FF4801316F00EFE12
S21400446070B1DDE908019DED060B0E9B1E96CDE9A9
S2140044701C53DDE90A3213B0BDE8F04F00F088B9EE
S2140044800022DDE90601002316F0F8FD002800F002
S2140044903381DDE906A303F1004BCBF30A5016F493
S2140044A08063A0F2FF3008BF06250F9316F00AFBC4
S2140044B09BA3D3E9002316F06FFB9BA3D3E900234D
S2140044C016F0B4F9CBF31304894644F07F518046C6
S2140044D00022A44B504641F4401116F0A5F994A3CF
S2140044E0D3E9002316F058FB02460B4640464946E1
S2140044F016F09CF916F0EAFD044616F0E3FA8EA3D1
S214004500D3E900238046894616F046FB0022964BE8
S21400451016F08CF916F0DAFD89A3D3E900230746D6
S2140045204946404616F038FB80463846894616F01F
S214004530C9FA85A3D3E9002316F02EFB02460B46E4
S2140045404046494616F070F902460B46CDE90C2364
S21400455016F022FBDDE90C238046894610461946F4
S21400456016F064F90022CDE91001804B404649461A
S21400457016F03CFC00227E4B16F058F902460B461D
S2140045804046494616F032FC00227A4B16F04EF9A9
S21400459002460B464046494616F028FCDDE90C2349
S2140045A08046894600204FF0804116F03DF90246CD
S2140045B00B464046494616F039F902460B46DDE9F9
S2140045C0100116F013FC07F2FF3700226A4B16F0B4
S2140045D02DF900223B0516F0DFFA52465B46804670
S2140045E0894616F069FD002840F08980CDE90C89DF
S2140045F004F16303C62B8CBF0527042731051BD5A2
S21400460053A3D3E900235046594616F04BFD002825
S2140046107FD051A3D3E900235046594616F02EFD0D
S214004620002876D00027A542C6BF2C1B04F1FF3514
S21400463000253C4646F480660E9B9F422CBF4FF0FA
S2140046400008A3EB070816F0020903D0002F18BFD6
S2140046504FF000083CB1DDE90C235046594616F0F1
S214004660C5FB82468B46DDE906010022002316F0D4
S21400467005FD10B10BF100439B46DDE9080126F469
S2140046800063CDE90183DDE90A324BEC10AB0095FF
S21400469000F07EF802465FB3DDE9091316F0200F3E
S2140046A000F10105089E0CBF65204520B047DDE9F6
S2140046B008010523002205930A23002CCDE90232C7
S2140046C007F1FF374FEAD473B8BF64422A46019316
S2140046D004970A9B009431F0F7F80246B9F1000FF0
S2140046E006D00B9BC41A0B9B1A190E9BA34245D8E7
S2140046F0104613B0BDE8F08FDDE906ABCDE600222C
S214004700404649461A4B16F071FB013CCDE90C01B8
S2140047106EE7002D90D00F9B002B8DD0013D8BE7D0
S214004720FB799F501344D33FB3C8608B288AC63F9B
S21400473061436F63A787D23F71A379094F930A40FD
S2140047401655B5BBB16B0240EF39FAFE422EE63F76
S2140047502D431CEBE2361A3F0000000080842E41F9
S214004760FFFFEF7F0000F83F0000E03F00002C4016
S21400477000002440000018400000F03F2020DDE943
S2140047800913089DA8470134ADE700BF00000000EC
S2140047902DE9F04F5BEC10AB97B0CDE90501DDE9F4
S2140047A02058CDE90723504652465B465946229F7D
S2140047B016F05AFC70B90323CDE902870193AA4B81
S2140047C00093DDE90501DDE9072330F0AFFF17B000
S2140047D0BDE8F08F4FF0FF326FF480135046594615
S2140047E016F04CFC28B10423CDE9028701939F4BB9
S2140047F0E6E74FF0FF32504659469D4B16F05CFCFC
S21400480068B19C4A07F00403002B08BF03229A4BAA
S2140048101CBF13460422CDE902870192D0E750461A
S2140048208DA3D3E90023594616F046FC38B98CA36D
S214004830D3E900235046594616F020FC68B1DDE95E
S2140048400723DDE905014BEC10ABCDE92187209568
S21400485017B0BDE8F04FFFF7DFBD0022002350463B
S214004860594616F00BFC002800F091805B46524635
S2140048700020002115F0D8FF012382468B460993BD
S21400488017F4806400F08580092D40F285800024AE
S21400489030210EABA5F109020134202C03F8011BD0
S2140048A0A5EB040901D09442F6D15946504616F0BD
S2140048B00DFC724B054603EBC90393ED007B8DEDB3
S2140048C00A7B16F0FFF802460B465046594615F08E
S2140048D0ABFFDDE90A2316F05FF902460B46CDE989
S2140048E00C2316F01BFC064616F0DCF802460B46B8
S2140048F0DDE90C0115F098FF02460B46CDE90C23C6
S21400490000225F4B16F0D8FB002848D00136304610
S21400491016F0C8F802460B46DDE90A0116F0B8FBA9
S21400492008B100260135B9F1000F45D1284616F02A
S214004930C9F802460B465046594615F075FF002248
S2140049404F4B16F09BFB10B9E90700D501350A213D
S2140049500EAB1A19202C0AD095FBF1F001FB10556E
S214004960303502F8015B013405460028F2D107F025
S2140049700302012A55D1B8F1000F52D0099A12B994
S21400498017F00C0F01D008F1FF38302240E00990F4
S21400499076E74FF0060988E7A946002485E7002257
S2140049A0DDE90C01364B16F069FB0028BBD10EB1D1
S2140049B0F007B8D50136B6E70A210EAB1A19202C37
S2140049C00DD0B6FBF1F001FB1063092E03F13003A6
S2140049D009F1FF3904F1010402F8013B11D8302136
S2140049E0A1440EAA202CB2D04C4504F101030AD1F2
S2140049F004F158020DEB02042E2204F8202C1C466B
S214004A00A5E70646DBE7A1541C46EBE71A5501343A
S214004A10444506D2202CF9D1CDE9028701940EAB8D
S214004A20CEE6202CF8D0099B3BB12D2204F158038A
S214004A306B4403F8202C0134EEE77A0704D504F122
S214004A4058032B226B44F4E73B07E5D504F15803E3
S214004A5020226B44EDE700BF0000000065CDCD418D
S214004A600000000065CDCDC10B1404000F14040037
S214004A70FFFFEF7F0214040007140400485D0400E3
S214004A800000E03F0000000070B58EB02C22002130
S214004A9003A816F0CFFE64234FF002320893CDE948
S214004AA005230B2301218DF834305B4B8DF8101055
S214004AB01D880D4040F0A980084634F061FF0A22A8
S214004AC0564B574C1A704FF42873ADF812304FF00F
S214004AD0FF332360534B54491B8820460B82534BAD
S214004AE0534A1B68CD828B61524B0D621B884B82EA
S214004AF0514B1B68CB611DF00BFB20B14FF41B71B3
S214004B004E4835F0D8FF0521206831F0D0F820B1A6
S214004B1040F27D21494835F0CEFF206815F040FE72
S214004B20474B2068196831F085F90C2535F090FB65
S214004B306843099035F08CFB68430DEB0501079040
S214004B40206817F039FD20B140F295213B4835F03A
S214004B50B2FF25681FF014FD00220146284631F0FA
S214004B60E1F920B140F29721344835F0A4FF40F235
S214004B700353344D344E2B80052396F90000AB705A
S214004B807F2801D11DF0BAFB3378EB7035F060FB5F
S214004B9000EB80008000A88035F05AFB0023C000A0
S214004BA04FF0FF31E880AB604FF0FF3018A3D3E939
S214004BB0002335F037F82549206831F06CF9206875
S214004BC002A931F088FD20B14FF434711B4835F04E
S214004BD072FF042220680DEB020131F000F9042870
S214004BE004D040F2D721154835F065FF01A9012011
S214004BF030F001FD07F0BCFD01201EF003F82CF09C
S214004C0064FD1EF029F81DF011FB0EB070BD00BF4C
S214004C100A0020FF42030000C65B0020F26200206C
S214004C20E0550020F6760400A4690020FC76040017
S214004C30A9990300F4760400F8760400D44C040026
S214004C40EC660020D45500207A6C00201D9A0300E4
S214004C500348044B834202D0034B03B11847704706
S214004C60A86C0020A86C002000000000064B074936
S214004C70C91A891048BF0131491003D0044B0BB143
S214004C8001481847704700BFA86C0020A86C002099
S214004C900000000010B5064C237843B9FFF7D8FF94
S214004CA0044B13B10448AFF300800123237010BDFA
S214004CB0B0150020000000007C9A040008B5044BE4
S214004CC01BB104490448AFF30080BDE80840CDE7B7
S214004CD000000000B41500207C9A0400A3F5803A7A
S214004CE0704700BF154B002B08BF114B9D46FFF7C2
S214004CF0F5FF00218B460F461148124A121A16F08D
S214004D0099FD0C4B002B00D098470B4B002B00D086
S214004D1098470020002104000D000B4817F0D0F83B
S214004D2016F060FD200029002BF030FB17F0B6F8D7
S214004D30000008000000000000000000081000202E
S214004D40081000204863002029BF010007B5012194
S214004D5020200DF1070201F05BF858B10223012173
S214004D6020200DF107028DF8073001F061F803B03E
S214004D705DF804FB9DF807100229F8D002220948C6
S214004D8015F046FC022301210DF1070220208DF8C4
S214004D90073001F04DF82BF053FA4FF4FA6000F0AC
S214004DA081FEE4E7E8AE030038B502F02BF901F027
S214004DB0CDF9012805D001F0C9F9022801D001F08B
S214004DC0EBF9064D2B783BB901F0C0F901280446F3
S214004DD002D12BF0BEFA2C7038BD00BFA45C0020B8
S214004DE010B5044600882BF0FFF9A37884F8440039
S214004DF0834202BF0123E3702371074B04F11C00BA
S214004E00C4E9073401F05AF8224620880349BDE871
S214004E10104000F097BF00BF7FFF020049FF02006E
S214004E2070B5C37804460D461646002B34D1D1B172
S214004E30214815F0EDFB0123E370E36CA6600BB18F
S214004E40E06D9847E368F61A63699E4221D2217E98
S214004E501A480131C9B2217615F0DAFBA36D13B1F9
S214004E60217EE06D9847E5702BF0FDF915B32379A8
S214004E7003BBA268238A801A83421BD801231048EA
S214004E80237115F0C5FB236DA3B1E06DBDE870403E
S214004E90184701232376E6E70029E4D1094815F0F0
S214004EA0B7FB636DE660E5702571002BDBD0E06D27
S214004EB09847D8E770BD00BF10AF030021AF0300CE
S214004EC04FAF03003CAF030070B51E468388044610
S214004ED00D46C18002810BB1868070BD8178008846
S214004EE02BF06EF80123E370064BA680C4E903346A
S214004EF00C34204600F0E2FF29462046BDE870400C
S214004F002BF0A8B9CBFF020010B501790446B1FA20
S214004F1081F1008849092BF0CAF821796088B1FA36
S214004F2081F149092BF0C3F8034B1A68A24204BF6B
S214004F3000221A6010BD00BFCC150020F8B54379DA
S214004F400446ABB100880E4F0E4E3B6804F10805D0
S214004F5013B10D4B1B786BB121792BF0A8F80B4BD6
S214004F603C6028463178A360BDE8F8402BF072B963
S214004F704088E8E7064815F04BFB064BF1E700BF14
S214004F80CC150020206C0020A55C0020094F0000F6
S214004F9065AF03003D4F000010B50446E0B10F4872
S214004FA015F036FB01236371A37953B92179208864
S214004FB02BF07DF8236B7BB1606B0121BDE81040C0
S214004FC018472046FFF7A0FF04F108002BF047F92A
S214004FD02046FFF7B3FFEDE710BD00BF9BAF030011
S214004FE010B50446F8B1104815F012FB00236371A3
S214004FF0A3796BB921792088B1FA81F149092BF0A0
S21400500056F8236B7BB1606B0021BDE81040184753
S2140050102046FFF779FF04F108002BF020F9204620
S214005020FFF78CFFEDE710BDA6AF030010B50446F2
S21400503068B1074815F0ECFA637920461BB1BDE865
S2140050401040FFF7CDBFBDE81040FFF7A5BF10BD6D
S214005050B2AF030010B50E4C0E48214615F0D8FA34
S21400506082210D4815F0D4FA82210220A21E00F0FB
S214005070DFFE014630B134F8022C0848BDE8104087
S21400508015F0C6BA0648BDE8104015F0C1BA00BF14
S21400509026570020C1AF0300DCAF0300E7AF0300D4
S2140050A02BB0030038B5114C82212246022000F0B6
S2140050B0AFFEA51C014688B122880D4815F0A8FA57
S2140050C02A460C4B03F1240153F8040B8B4242F89A
S2140050D0040BF9D11B7813702423238035F8021CA7
S2140050E0054A0648BDE8384015F092BA2457002015
S2140050F036B00300B6B003002657002094B0030075
S214005100034B1B781BB18B4201D82BF099B8704724
S214005110216C002010B5044601460E4815F078FABA
S214005120012C11D10C4B0D481A884FF6FF739A428A
S2140051301EBF0022094B5A742AF09FFF02F0B8F8EF
S214005140BDE8104001F08ABF0448BDE810402AF0D0
S21400515096BF00BFDBB00300D46B0020786600204B
S21400516070B500241A4D1B4E3378A3421BDC002476
S214005170194D1A4E3378A3421BDC0024184D194EE5
S2140051803378A3421BDC00F0E1FF012816481CD14F
S2140051902AF073FF02F08CF801F060FFBDE8704063
S2140051A0124800F0F3BF2846FFF71AFE01346035B8
S2140051B0DAE728462AF047FF01343435DAE728468E
S2140051C02AF07AFF01343835DAE72AF058FFE5E7A7
S2140051D034230020AB5C002054270020AC5C002069
S2140051E004210020AA5C00207866002015510000EB
S2140051F02DE9F04F87B0FFF755FFB44B05A8059390
S2140052002AF07EFF054616F011FAB14CC2B21F2AEC
S214005210627004D9AF4815F0FBF900F037FC294658
S214005220A01C16F097FC05A82AF06AFF054616F0A3
S214005230FDF9C2B21F2A84F8212001D9A648EAE760
S214005240294604F1220016F085FC05A82AF058FF2E
S2140052503226044600272578002D40F0A1809F4C7A
S214005260FFF77EFF2378DFF8B4A2DFF8B4829C4F06
S21400527000939AF8003098F800203978994815F08D
S214005280C7F93A7898F800109AF8000053180344C3
S214005290DFF884B220782C4603445846DBB2AA4294
S2140052A000F31A83012B38BF01238F4E0293324638
S2140052B0002335464FF482714FF6FF74029801338F
S2140052C0984213705180948002F10C02F6DC874BF2
S2140052D085497F48AB6001F015F8E879AB68DFF8E0
S2140052E0349200EB400003EB800000F0DBFDEB792E
S2140052F0B9F800200133A242EB7103D07A497C480A
S21400530001F002F94FF6FF73B9F800207649D21A79
S21400531018BF0122774801F0E1FD4FF00009734CF9
S2140053203A784A4500F3E08200264FF00C09724AAC
S214005330DFF8B4B198F800003978B04200F3E8829C
S21400534046180C21002501FB06B19AF800009423AC
S214005350A8426A4A00F3FA820C253E784FF4827A15
S214005360002798F80030DFF8BC811E44064405FB91
S21400537006B5DFF8B4B1594B1B78BB4200F3F9828F
S2140053800299594800F01CFE059B50491A468B426C
S21400539040F006835A4807B0BDE8F04F15F038B91C
S2140053A0532D0FD163784C2B40F05D81A378502BA2
S2140053B040F059810122534B1A7005A82AF0A0FE2E
S2140053C0044648E74C2D0ED16378502B40F0CD8034
S2140053D0A378303B092B00F2C880A01C2AF09DFE63
S2140053E0494B1870E9E7442D13D16378303B092BFD
S2140053F0E3D8601C2AF091FE444B454A19780023F6
S21400540086B2994202F16002D7DD22F8466C01337B
S214005410F7E7422D0CD16378542B40F08780A01C10
S21400542000F0DEFC3B4B188018462AF06AFDC4E705
S214005430582D33D8412DC0D9433D152DBDD801A3D5
S21400544053F825F045580000BB530000BB5300003E
S214005450BB530000BB530000BB530000B95500000F
S214005460BB530000BB5300006B550000AF54000058
S214005470BB530000BB530000BB530000BB530000EF
S214005480EB56000067560000BB530000BB530000FD
S214005490BB530000BB53000061570000692D8CD140
S2140054A0601C2AF03AFE80B22AF0C6FE85E70C4B56
S2140054B0012019780023184A994202F1A8027FF7C2
S2140054C07CAF02F8A60C0133F6E700BF2657002093
S2140054D08C650020FAB0030011B10300A65C002022
S2140054E0A95C002021B103009816002010170020A8
S2140054F048160020D0150020581D00209C1B0020B8
S21400550071B10300A55C0020206C0020AB5C00207D
S21400551034230020D46B0020581E0020A75C0020F7
S214005520A85C0020F820002090180020601C00F0E6
S21400553057FC0546E01C2AF068FE01210246284674
S2140055402AF01FFE6021B048B04C03785943621819
S21400555065524FF4FA6111824FF448715161AC49BB
S214005560568311650133037027E7601C00F038FC92
S21400557000224FF034088146A64F11462AF001FE5D
S2140055803878A54D08FB00F325F80390EA18E37871
S2140055901046693B18BF012393702AF054FD002182
S2140055A09E4A3B785160012103FB08550B443B7033
S2140055B015600F46117400E7601C00F011FC002215
S2140055C0114681462AF0DDFD3422924DDFF84882EE
S2140055D0287802FB00F328F8039008EB0301E37831
S2140055E00846693B18BF01238B702AF02CFD8C4AB5
S2140055F000231046916B31BB00EB831034232A78CE
S21400560002FB03838363874A00231046D2F8A41064
S214005610F9B9A82202FB030034232A7802FB03838D
S214005620C0F8A4305FB97D4A3B46114652F8040BD9
S214005630A8B93422287800FB028241F823202B7870
S21400564001332B70B9E60133042B02F14002D1D1AD
S214005650D9E70133042B02F1A802D7D1E2E70133E0
S214005660042BE3D1EBE7601C00F0BAFB8046E01C9D
S2140056702AF0CBFD0121024640462AF082FD602139
S2140056806148624D0278DFF8B4C151436B1825F8C3
S21400569001804FF448711982596163495E839965A8
S2140056A0E178A824642904BF012199709CF8003091
S2140056B0DFF870E15C430EEB04010EF804304FF4A3
S2140056C000744C8003240C718C7102EB420405EBD1
S2140056D0441532240133DBB201324B718D6081F800
S2140056E0A04002708CF8003067E6601C00F078FB83
S2140056F000224FF0380A8146DFF83C8111462AF036
S21400570040FD98F80030494D0AFB03F325F8039056
S2140057104FF00109EA1882F80490E37873B1E01CB0
S21400572000F05EFB0022044611462AF02AFD98F897
S21400573000300AFB03535C8083F806903C48384AE6
S21400574003789901535498F8001002EB8314C1EBC8
S214005750C10205EBC2054A1C656388F8002001E714
S214005760601C00F03DFB8046E01C00F039FB05465F
S214005770601D2AF04AFD04460246012140462AF0F2
S21400578000FD2246284601212AF0FBFC60204FF44B
S214005790487CDFF874E01D4A9EF8003000FB03F4F6
S2140057A022F80480DFF880801119A1F810C0C1F833
S2140057B014C04E83C1F85880591CC9B24843141807
S2140057C0A4F810C0C4F814C06683C4F858809424A3
S2140057D01552184D981C8EF800002878DFF860C027
S2140057E0444303EB430301EB41010CEB040E02EBD5
S2140057F0431302EB41120CF80400CEF80430CEF846
S214005800082001302870D8E5AB5C00203423002047
S214005810EB000300AC5C00205427002078660020D4
S214005820581D0020581E00200151000004210020B1
S214005830A85C0020A75C0020AA5C0020A95C0020D1
S2140058409C1B0020601C00F0CBFA8046E01C00F099
S214005850C7FA00220546114640462AF092FC00226E
S2140058603824114628462AF08CFC5248524A0378BF
S2140058704FF0000E04FB03FC22F80C804FF00108EA
S21400588002EB0C0181F806E081F8048003EB0801C6
S214005890C9B24C4302EB040C15539C1C04704FF425
S2140058A08274464D8CF806E028788CF804804443D1
S2140058B0DFF810C1C3EBC303C1EBC1010CEB040E50
S2140058C002EBC30302EBC1020CF80400CEF804306E
S2140058D0CEF80820404495E7467901358E4284BFCD
S2140058E004714471A830DAE4B9F1000F06D016F856
S2140058F0052C02EB420204EB8204B46031465846A3
S21400590001F0AAFE09F101090BF1A80B0C3607E518
S21400591071180AD0481E09FB00B0C07900EB4000A1
S21400592004EB800409FB01B08460104609FB0151BA
S214005930039201F04FFC39782148314409FB0151AC
S21400594001F0B6F9039A01364032F3E4F54218BF87
S21400595011F8050C03911EBF00EB400004EB800419
S2140059608C6003FB052001F0B3F8039901350C3178
S214005970EBE4F74218BF15F8053C29461CBF03EBBD
S214005980430304EB83040AFB07B018BFAC6000F0C7
S21400599051FF2946404601F08BF901370C35EAE401
S2140059A013F8011D00297FF4F0AC3B2102F8011C1E
S2140059B0EBE400BFAA5C002004210020A65C0020C7
S2140059C0F82000209018002007B5012121200DF1B5
S2140059D0070200F01DFA18B99DF80720024B1A704E
S2140059E003B05DF804FB00BF216C002007B5064B32
S2140059F08DF80700187001210DF10702212000F034
S214005A0017FA03B05DF804FB216C002007B50221ED
S214005A1001200DF1060200F0FBF938B9044814F035
S214005A20F7FDBDF8060003B05DF804FB0020FAE7BA
S214005A308EB1030007B50221ADF806000DF106028F
S214005A40012000F0F5F9014610B1034814F0E0FD1E
S214005A5003B05DF804FB00BFAFB1030010B5FFF75D
S214005A60D5FF04460146074814F0D2FD012106483A
S214005A7014F0CEFD24B9BDE810400120FFF7DABFD0
S214005A8010BD00BFDFB10300F1B1030008B5044844
S214005A9014F0BEFD00F0DCF92AF0D2FB2AF0CDFBB4
S214005AA007B2030038B50446084D094B28462B605C
S214005AB000F004FA002C18BF21462846BDE83840FE
S214005AC008BF4FF496712AF0C5BB00BF58280020C7
S214005AD0390103002DE9F043384D91B008AC074674
S214005AE0894690460FCD0FC495E80F00002684E83F
S214005AF00F0001250323324C3248CDE90366CDE979
S214005B0005668DF80E300796029534F07DFF2E4818
S214005B1034F07AFF32462D4920468DF8176004F09F
S214005B20C3FE334632462A498DF8190000902046B7
S214005B308DF82390CDF82C808DF8216004F0CEFEF1
S214005B400A9020468DF8097004F030FE204608AA18
S214005B5005A904F0E9FE02AA204603A92BF011FDD0
S214005B604FF400721B4B5A62194BE560626A92054D
S214005B7010D46BB94FF40072164B11485A6204F0F9
S214005B8015FE114834F043FF002011B0BDE8F08345
S214005B90013BEBE7002BEDD0094908A82BF024FDCC
S214005BA04FF400720B4B06485A6204F0FFFD06489D
S214005BB034F02DFFBDF82000E7E700BFCC4D040011
S214005BC00040005A745004007050040080841E0088
S214005BD040420F000060005A0122034B1870034B2E
S214005BE01980034B1A707047AE5C0020DC6B0020F7
S214005BF0AD5C0020F8B5454B1B780BB90020F8BD0E
S214005C00434B1B78012B03D1BDE8F8402AF097BA26
S214005C10404B1C884FF6FF739C42EFD03E4834F052
S214005C20F3FE0023260AE4B21A462146304604F064
S214005C307DFD012E354604F0010335D015D9B51E7D
S214005C40012DDBD8002B0BBF4FF480754FF080750D
S214005C504FF470614FF070610BBF01274FF480372F
S214005C600F204FF470202D4B11E0002B0BBF4FF48C
S214005C7080754FF080754FF470614FF070610BBF08
S214005C8001274FF480370F204FF47020244B1A68FA
S214005C9002401CD0BA421AD01A680A4032D11A689A
S214005CA022EA01022A4316E0002B0BBF4FF4807550
S214005CB04FF080754FF470614FF070610BBF012795
S214005CC04FF480370F204FF47020164BDFE71A682A
S214005CD022EA00023A431A602AF031FA0546002802
S214005CE08CD0083644EA06102A460321C0B2FFF7D5
S214005CF0F1FE40F6FF73684300F2FF70B0FBF3F06E
S214005D0080B27CE795427FF479AFC8E7AD5C0020AF
S214005D10AE5C0020DC6B00207450040028C30350E7
S214005D2020C3035024C3035010B5044C237823B972
S214005D30034834F069FE0123237010BDB05C0020D8
S214005D40745004002DE9F0431F4C85B00746884682
S214005D509146FFF7E9FF23781BB902F097F9012374
S214005D6023707BBAADF80C3030220023174E02FBAE
S214005D7003F4315DA51901BB012333554FF0FF3302
S214005D8004F1100012493044AB606F80C5F80480FF
S214005D90C5F80C9009F00CFC04F10801042231440B
S214005DA00C4B009503A802F047FAA96802460A4879
S214005DB014F02EFC05B0BDE8F0830133102BD6D1CD
S214005DC0064814F025FCF5E7AF5C0020802800208C
S214005DD0630103007501030014B2030042B203001E
S214005DE080B10278A2F14103032B0BD840783038FB
S214005DF0C0B2082806D8054B134413F8413C40EAC5
S214005E00032070474FF6FF70704700BFEC4D04004C
S214005E1008B50B4642B101460448006803F050FB43
S214005E20BDE808402AF002BA022008BDE466002059
S214005E3008B50B4642B101460448006803F0C8FCAA
S214005E40BDE808402AF0F2B9022008BDE46600204A
S214005E50F0B50026124F8DB0FF2300930A2233467A
S214005E60386802A92BF04AF9C0B102AB1D4603EB15
S214005E70800404E055F8043BB34228BF5E1CAC42E5
S214005E803868E9D9296803F029FE0028F2D02D28C1
S214005E90F0D00DB0BDE8F0402AF0C8B90DB0F0BDA6
S214005EA0E466002028B1034B0360034B43600023E5
S214005EB083607047190000038C660020FF2307B537
S214005EC00021044A0093083009F0F6FA03B05DF8A2
S214005ED004FB00BF4F0203000B4604490246086855
S214005EE00349097808B12AF0D9B970478C2B0020ED
S214005EF0B25C0020F7B50C4618B12921194834F0D9
S214005F00DAFD246823685E795F8830463946FFF7F5
S214005F10E3FFF0B18568E5B1A089227D394690425D
S214005F2091BF0020801AA36880B294BF03469B18D6
S214005F30E27C00903046A8470138032803D8DFE803
S214005F4000F0080F0B0D002420462EF009FC20461A
S214005F5000E0812003B0F0BD8024F5E79324F3E74A
S214005F608724F1E76AB20300F8B515460D4A0446E1
S214005F7010680D4A0B46117850B122462AF08EF969
S214005F80034628B100210C27C678B14201DB002069
S214005F90F8BD07FB01F45A681019125BAA42F7D045
S214005FA00131F2E78C2B0020B25C002008B5034BD1
S214005FB01B6803B19847002008BD00BF882B00204F
S214005FC02DE9F74F04460D460026454B454F186011
S214005FD0454B197033010021F85C013610F03CFB8C
S214005FE00C2EF7D10C2D28BF0C254FF0000901957B
S214005FF03C4EDFF800A13D4DDFF8FC80019B4B4591
S21400600002DC03B0BDE8F08F23784FF0000B33704E
S21400601063887380A388B380A379C6F80880B371B9
S214006020E379C8F8005088F804304FF00003A768FA
S214006030A8F80630E3795B450ADC012116F8100B58
S21400604010F00AFB08F1080809F101090C34D5E73D
S2140060504FF0000338886B812880FB784FF0000CE7
S2140060602B81BA78C5F804A0002A00920CBF8022C3
S21400607040222A7379680AF10C02634513DC03EBAD
S21400608043030AEB830ABB6843B1009A4FF6FF71DD
S214006090B2FA82F2164B52092EF0F2FA14350BF1D0
S2140060A0010B0C37C6E7B1F800E00CF1010C22F842
S2140060B00CEC91F802E00C3202F816EC91F804E0D1
S2140060C00C3102F815EC11F809ECBEF1010F14BF03
S2140060D04FF0100E4FF0110E02F814ECCDE700BF93
S2140060E08C2B0020C4420020B25C0020903100209F
S2140060F0F55E0000902B002010340020014B186045
S214006100704700BF842B0020014B1860704700BF0B
S214006110882B002070B5128805460E46FFF724FF30
S214006120044670B102790499806815F0D5FB064BD9
S2140061301B680BB9002070BD314628462288984758
S214006140F8E78620F7E700BF842B002008B50FF09D
S2140061501FFB022806D0012806D0044B1878400002
S214006160C0B208BD0120FCE70220FAE7B15C0020BF
S214006170054B10B51C682CB1FFF7E8FF2346BDE8B9
S2140061801040184710BD00BF802B0020014B186040
S214006190704700BF802B0020034B1A781AB90122E3
S2140061A01A700BF055BB7047B15C00200022024B02
S2140061B01A70FFF7DDBF00BFB15C002037B504469C
S2140061C0002836D00FF0E4FA022834D160892EF089
S2140061D029FEE079237A003818BF0120012B637A64
S2140061E008BF40F008000BB140F0100063890BB107
S2140061F040F00400257CA188A2790DB1E36893B92C
S2140062000F4B10F005FE2178084610F07DFE2EF0AC
S21400621032F9044610F036FE7CB100280CBF002090
S214006220032003B030BDCDE90035064B10F0F0FD7D
S214006230E9E70220F5E70120F3E72046F1E700BF93
S21400624035030400FED2030008B50DF05FFC0146DE
S21400625030B1044814F0DCF9BDE808400DF0FABF90
S21400626008BD00BFDCB20300034B044A5B7C01217F
S21400627003201370FFF7DCBD78660020B35C0020B7
S21400628010B50446FFF7F0FFB4F57F4F0BD100249E
S2140062900F4B1A8813449C70FEF7DCFE2046BDE8C0
S2140062A01040FFF7FFBB4FF601739C4204D1BDE8D8
S2140062B01040084829F0C9BE4FF602739C4205D12B
S2140062C0BDE81040044B1878FFF790BB10BD00BF28
S2140062D02457002078660020216C002010B5074C5B
S2140062E0012122460320FFF793FD28B92378044AAC
S2140062F0003B18BF0123537410BD00BFB35C0020E1
S21400630078660020F8B5564B564C1A884FF6FF7341
S2140063109A4218BF03234FF0080218BF2370524B4F
S21400632036251A70322230265A70DA70DA714FF437
S21400633000121D711D724D4D9E70C5644C4D5E71F0
S21400634005654C4D392685654B4D4264C5654B4DFC
S214006350012245664A4D9E7185664A4D8618056738
S214006360494DC6674567202580F8785080F88450E8
S21400637000F12105C0F88850444E454D80F848206D
S214006380C0F88C5080F8542080F8602080F86C208C
S214006390C0F8806080F89020C0F89440C0F8B8300C
S2140063A03C4B3D4CC0F8BC300223C0F898403B4CF8
S2140063B080F8C030C0F8A4400F24394B80F8A840BD
S2140063C0C0F8C430374B384CC0F8C8308223C0F809
S2140063D0AC40364C80F8CC30C0F8B0400924344B82
S2140063E0344DC0F8D030344B80F8B440C0F8D430C8
S2140063F02C7C324B80F89C20C0F8A00080F8D82077
S214006400C0F8DC3044B12E4B80F8E420C0F8E03011
S21400641005F11103C0F8E8304FF0000CCA798E6819
S21400642002EB42039F00443006EB830326F807C0C6
S214006430586001200D349870DC701318CB71FFF78C
S214006440C3FAFFF74BFFFFF781FE012806D12B7C2E
S21400645023B1BDE8F840174829F0F7BDF8BD00BFE6
S214006460D46B0020226C0020B45C0020054E040093
S21400647001002000044E040002002000034E040029
S21400648003002000024E0400040042000500420003
S21400649007003000FDFF21001200100100404200FE
S2140064A0004E040000FF4401F04D040006004200C8
S2140064B0245700207866002002FF2001216C00206F
S2140064C001FF100113B504460D4829F025FD64228E
S2140064D0C0F30F43637083B2B3FBF2F3A07823706C
S2140064E02022012129F0FCFEA0782122012129F09A
S2140064F0F7FE0449201D02B0BDE8104029F0AABEF0
S214006500D46B0020E09304000B7870B583704CF6D3
S2140065101E0303804FF02013C362012380F830303F
S21400652080F83C30C3180364124B044643640223CD
S214006530114A80F84830114B8263C3644063CA79BD
S2140065408D6802EB420305EB830004F12C064660DF
S2140065500B4E45F8236000238360531CCB71094B18
S214006560201DC4E90134FFF7A9FC2046BDE87040B1
S214006570FFF7A8BFFDFF210021002000064E040003
S21400658001000103C5640000F8B54FF6FF73994299
S21400659004460E4609D0B0F87E308B4205D04FF642
S2140065A0FE729142037B01D10BB9F8BDEBB12046D8
S2140065B029F073FF204629F033FF4FF6FE739E4204
S2140065C013D1A068FEF70CFD6068FEF709FD29F000
S2140065D04AFE00232373A0674FF47F4260784FF48F
S2140065E08171BDE8F84029F07BBEB4F87E50237B6D
S2140065F0B5422CBF02250125AB4218D0D4E90107CD
S214006600637B13B13B4607461846012D41D1FEF782
S214006610C3FC3846FEF7E4FC29F025FE4FF47F4223
S214006620A0674FF481716078257329F059FEE389DD
S214006630A4F8806004F1B4060BB9238A7BB3B4F8DF
S2140066407E30A4F8883029F00EFE012DB4F87E3096
S214006650B4F88020C4F8840038D1D31A022DE1891A
S21400666003D1208A002818BF0146594364235943A2
S21400667042F21073B1FBF3F10AB19A4201D101F66E
S214006680B831304629F0E6FD2046BDE8F84029F04E
S2140066900FBFFEF7A5FC3846FEF77EFCBCE742F2CD
S2140066A01072012D08BF1346A4F87E3014BF0023D5
S2140066B0642360784FF48171A375082229F010FED8
S2140066C03046BDE8F840024929F0C4BD9B1AC5E72C
S2140066D0E0930400094A437B0C211370C38953805E
S2140066E0038A9380438AD380838A1381B0F87E30EE
S2140066F0538100781130C0B2FFF79ABBA65700202E
S21400670038B5044600780D4D11302A460C21C0B22B
S214006710FFF77EFB80B92B78204663736B88E38196
S214006720AB882382EB8863822B89A3826B89A4F8CB
S2140067307E3029F03FFEA07538BD00BFA65700206A
S214006740024B53F8200029F05EBF00BF70340020D3
S21400675010B50446052923D8DFE801F003080C220B
S2140067602210204629F044FF002010BD204629F0C4
S21400677043FFF9E7204629F042FFF5E7E18911B922
S214006780218A0029F0D082B17BB1117864290ED815
S214006790204629F02CFE0146204629F01AFFE3E7A2
S2140067A0044813F035FF0120DFE70320DDE7022071
S2140067B0DBE700BF09B3030010B4054C114654F8DC
S2140067C020001A46BDF804305DF8044BFFF7C0BF42
S2140067D07034002000234FF0967210B5C0E90323F2
S2140067E03222044682750F4A8382C267C0F884301C
S2140067F0A0F888308367A0F880308C30FFF75EFB07
S214006800094B04F1B400C4E92334FFF757FB074BE8
S21400681004F1DC00C4E92D34FFF750FB044BC4E957
S214006820373410BDFFFF8813E1050300ED040300B5
S214006830D504030038B504460B78294A43700D4644
S21400684042F82300FFF7C6FF2046FFF759FF4FF434
S2140068504013A3610123237784F8283084F834306A
S21400686084F8403004F10D0363641E4B1E4AA36493
S214006870022322621D4A84F84C30626204F116023A
S214006880E2621B4A84F85830226304F10C02A263C9
S214006890184A84F86430E26304F10E022265164A50
S2140068A084F87030626504F11002E265134A04F160
S2140068B01403226604F11202A266114A6367E266B6
S2140068C0EA79A86802EB420300EB830118344C60B7
S2140068D00C4C40F823400C4B8B60531CEB7138BDBE
S2140068E07034002002FF2101BD5C0020080020005B
S2140068F000FF300001FF100103FF210104FF21010A
S21400690005FF210102010108B967000010B44FF429
S2140069108274427B0C48013A012904FB020006D02F
S214006920022908D059B95DF8044B29F061BE5DF81C
S214006930044B29F061BE5DF8044B29F060BE0348A5
S2140069405DF8044B13F064BE9018002025B30300D6
S214006950B0F85C302DE9F0418B4204460E4639D043
S214006960437B077C93B31C4A12789A422ED34FF48B
S21400697082751A4A013B05FB032390F80F801B7BA8
S214006980424629F059FEB845054601D1FF281FD1D9
S2140069903A463146204694F8903029F04DFE2F4670
S2140069A00546552212216078A4F85C6029F098FC10
S2140069B0FF2F03D039462046FFF7A8FFFF2D09D04A
S2140069C029462046BDE8F04129F076BEFF25DFE7E0
S2140069D00746E6E7BDE8F081A65C00209018002098
S2140069E041688268C978D27849B112B10321FFF7AD
S2140069F0AFBF837B002B0CBF01210221F7E72AB132
S214006A00837B002B0CBF02210121F0E7014813F025
S214006A10FFBD00BF36B30300037BD3B14368DA780B
S214006A2012B18268D278A2B91B7933B1837B002B6E
S214006A300CBF04210521FFF78BBF83681B792BB1A0
S214006A40837B002B0CBF05210421F4E7014813F0DB
S214006A50DFBD704768B30300084A437B0521137007
S214006A60837B5370C37B9370037CD370037B13715B
S214006A7000780E30C0B2FFF7DBB900BFBE5C002066
S214006A8038B5044600780C4D0E302A460521C0B2B3
S214006A90FFF7BEF920B1BDE83840084813F0B8BD8E
S214006AA02B7863736B78A373AB78E373EB782374FC
S214006AB02B79237338BD00BFBE5C0020A4B303004F
S214006AC0024B53F8200029F041BE00BF9834002046
S214006AD0F8B504460B78424A43700D4642F8230048
S214006AE0404E29F051FEFFF7CBFF6268A3683E4890
S214006AF03E49D6641165D4655065C3E91410DE645A
S214006B00DC654FF0987302266361012304F10C01E3
S214006B10E16137491032216204F10D01A162354965
S214006B202376E16204F10E016163334984F8243070
S214006B30A16304F10F012164304984F830306164A8
S214006B4004F11001E1642E4984F83C3084F84830A2
S214006B50216584F85460A265E879A96800EB4002D4
S214006B6001EB820704F1140CC7F804C04FF4817CD3
S214006B70244F41F82270C218D2B202EB420241F80A
S214006B8022C001EB820700227A601F4A84F8703028
S214006B9022661E4A84F88830A2661D4A1D4BE266AD
S214006BA01D4AC4F88C3062671C4A8319A26704F138
S214006BB05C02C4F88020DBB2194A03EB4303C4F836
S214006BC0842084F8646084F87C6001EB830260347F
S214006BD05460144A033041F82320E871F8BD00BF22
S214006BE098340020E16900000F070300196A0000CE
S214006BF001002001020010010300300104003001F2
S214006C000500210101FC01064A002100084E04008F
S214006C10510010000A4E04000B4E040055002100DF
S214006C206F0018001200010470B50D4606461446A3
S214006C3013460A4601461A4813F0EAFC25B92046D0
S214006C40BDE87040FFF71CBB072D05D12146304636
S214006C50BDE8704000F0C4BC4FF601439D4205D12C
S214006C6021463046BDE87040FFF72ABF062D05D105
S214006C7021463046BDE8704000F066BAB5F5817F23
S214006C8005D121463046BDE87040FFF759BD202D9E
S214006C9004D12046BDE8704000F0ECB870BD00BFDF
S214006CA0D3B303000148FFF729BA00BF296C0000E0
S214006CB04FF4C01330B5036001230371074B8C6893
S214006CC08360CA7902EB420304EB830568600448DC
S214006CD044F82300531CCB7130BD00BF0C4E04009B
S214006CE0040001010368064A0C21136043685360E0
S214006CF003891381438922205381FFF799B800BF87
S214006D00C034002010B50368044686B0FBB11148B5
S214006D1013F07EFCA37B104A8DF804304FF4827388
S214006D20ADF806300123CDE90223002301A8049321
S214006D308DF81430FFF742FA2046618929F034FDB9
S214006D402046FA2150F8143B594329F083FA06B03E
S214006D5010BD00BF06B403002000000110B5064CAD
S214006D60236843B1054813F053FC2068BDE8104083
S214006D70418929F019BD10BDCC34002027B403008A
S214006D8070B5364910460C68BDF81020002C5ED051
S214006D9003285CD8DFE800F0021E2745002B5AD0F7
S214006DA0022A58D91D78B3F80160291E18BF0121A0
S214006DB032462B4813F02CFC2DB13146204629F0E4
S214006DC0F3FC002070BDE573FA206368584329F091
S214006DD0C8FAF6E7234813F01BFCE37B002B38D0F9
S214006DE00023E373F0E7002B35D0032A33D91D6860
S214006DF01D48294613F00CFC1C4B2A1F9A4201D949
S214006E000220DFE723680BB19D42F9D823899D4213
S214006E10F6D3E37B6560B3B9FA20684329F0A1FA9C
S214006E2011E0002BCED0012ACCD91D881048294667
S214006E3013F0EEFB002DE3D063689D42E0D8E37BC1
S214006E402581002BE8D12046FFF74CFFB9E701204B
S214006E50B8E70420B6E70320B4E700BFCC34002030
S214006E604AB4030081B40300A0B40300FCFF6D0025
S214006E70CBB4030038B5154B1C6834B3F0B92168A1
S214006E80134813F0C5FB23683BB16268934204D2F3
S214006E90104813F0BDFB6368236004F11405284610
S214006EA029F0DDF9236823B1FA212846594329F051
S214006EB0D1F92046BDE83840FFF714BF032804D1B7
S214006EC06189054813F0A4FBF3E738BDCC340020F5
S214006ED0F6B4030024B5030059B5030070B53E4B65
S214006EE00D46044609781860002A6FD101231A4619
S214006EF0A1730021E1730121A1814FF46151C4E91E
S214006F0000132823354E22810C213246222063812D
S214006F10FEF77EFF60B9D6E900230AB19A4207D38E
S214006F20318999429FBFC4E9002373892181638117
S214006F302B4B2C4AE363042384F8403084F84C300F
S214006F40E3182365284BA2646365022304F1080254
S214006F50E265264A84F85830226604F10A02A266E0
S214006F60234A84F8643084F8703004F10C03E26637
S214006F7063676464EA79A86802EB420300EB830166
S214006F8004F13C064E601B4E40F82360FA261A4B6E
S214006F901A488B60531CEB71FFF7B6F8208904F192
S214006FA01405704329F0DDF96189204629F0FCFBC1
S214006FB0134B2846C4E90534FEF780FF216849B123
S214006FC028467143BDE8704029F044B94FF4F07389
S214006FD002228DE770BD00BFCC340020C0340020F4
S214006FE0000023010100230002002100030021010C
S214006FF0FDFF210020000105816D00005D6D000091
S214007000056D0000134B10B51C680CB3E37BEBB1A9
S21400701029F029F92369C01A002809DB0E4813F065
S214007020F7FA0023FA20E3736368584329F099F9C6
S214007030E37B5BB12489FA235C4329F09DF9A042E7
S21400704006D02046BDE8104029F08BB96468F2E708
S21400705010BD00BFCC34002086B5030038B5002430
S214007060044D55F8040B08B129F0B1FB01340A2C85
S214007070F7D138BDD0340020042908B50AD172B142
S2140070806BB113781BB929F0CDFB002008BD29F0A1
S214007090BFFBFAE7034813F0BBFA0120F6E703202C
S2140070A0F4E700BFC0B5030010B4054C114654F811
S2140070B020001A46BDF804305DF8044BFFF7DCBF2D
S2140070C0D03400200229024608B50ED004D839B9BB
S2140070D0104629F0A7FB06E04029F9D0412907D140
S2140070E0104629F095FB002008BD29F0A5FBFAE71D
S2140070F0024813F08DFA0120F6E700BFE0B5030062
S21400710010B4054C114654F820001A46BDF8043059
S2140071105DF8044BFFF7D6BFD0340020426B094B16
S21400712052791A7082785A70C2789A70826B12B14D
S21400713090F83C20DA70007804210930014AC0B289
S214007140FEF776BEC35C0020024B53F8200029F001
S2140071508FBB00BFD034002038B504460078084DF9
S21400716009302A460421C0B2FEF752FE30B96B78C9
S214007170A370AB78E370EB7884F83C3038BD00BF82
S214007180C35C002038B504460078114D09302A4605
S2140071900421C0B2FEF73CFEC8B9A3782A78022BB9
S2140071A00CD004D863B9204629F03CFB01E0FF2B45
S2140071B00AD02046BDE8384029F009BB002AF2D1A3
S2140071C0204629F025FBF4E7002AF9D1EBE738BD85
S2140071D0C35C0020F8B504460B78284A0D4642F8F2
S2140071E023004370FFF7B8FF636B254A5C631A639E
S2140071F02046FFF7C7FF204629F0E9FA4FF4801330
S21400720063600123626BA66B0532E2601D4A23723F
S2140072102261A21C2375A26166B11B4A84F8203045
S214007220E261E21C6262194A84F82C3004F13C03E5
S214007230A26223630627EA79A96802EB4203002EBE
S21400724021F8237001EB83000CBF02230423C370D4
S214007250012383700E4B04348360531C4460DBB2FE
S2140072600C4C03EB430341F8234001EB830000235F
S2140072704360094B02328360EA71F8BDD0340020C7
S2140072804D0803000340300101FF300102FF1001EA
S2140072900171000008000100A970000028B1034B2E
S2140072A01B78834234BF002001207047A85C002072
S2140072B070B500250A4C0B4E3378AB4200DC70BD2F
S2140072C0D4F8A42042B123791BB16079FFF7E6FF1A
S2140072D010B9104628F0AAFE0135A834ECE700BF26
S2140072E0581E0020A95C002008B5427901461046C9
S2140072F0FFF7D4FFA8B1CB780A48013A042B00EB7D
S21400730082100ED8012B08D81BB9BDE8084029F01A
S2140073107FBABDE8084029F085BABDE8084029F0E4
S2140073208BBA08BD581D002008B5427901461046A4
S214007330FFF7B4FFA8B1CB780A48013A042B00EB5C
S21400734082100ED8012B08D81BB9BDE8084029F0DA
S21400735069BABDE8084029F05BBABDE8084029F0E4
S2140073606BBA08BD581D002010B586B00446FEF75F
S214007370EDFE012830D1E278042A2DD8DFE802F0AD
S21400738013323403030061790846FFF787FF58B3CA
S2140073901648032A00EB811050F80C3C58791DD192
S2140073A0003818BF012063784FF480728DF80430DF
S2140073B04FF48273ADF806300623ADF8083001238B
S2140073C08DF80B3000238DF80A0001A8CDE90323C1
S2140073D08DF81430FEF7F2FE06B010BDB0FA80F05D
S2140073E04009E0E70020DEE70220DCE7581D002029
S2140073F010B586B00446FEF7A9FE012830D1E27823
S214007400042A2DD8DFE802F0131332030300617953
S2140074100846FFF743FF48B31548032A00EB8110E0
S21400742050F80C3C5B791DD11A1E18BF01226378F8
S2140074308DF80A208DF804304FF48273ADF80630CC
S2140074400623ADF8083001234FF480728DF80B3018
S214007450002301A8CDE903238DF81430FEF7AEFE15
S21400746006B010BDB3FA83F25209E0E70222DEE767
S214007470581D002010B586B00446FEF767FE0128AA
S21400748012D16378094A8DF804304FF48273ADF850
S21400749006304FF48073CDE90223002301A804933D
S2140074A08DF81430FEF78AFE06B010BD08000701FE
S2140074B010B586B00446FEF749FE012820D1627852
S2140074C0104B8DF804204FF4827294F8A01094F8B4
S2140074D0A10059701870ADF8062004934FF480721E
S2140074E00223094901A88DF81430CDE90212FEF7EF
S2140074F065FE94F8A130013B18BF012384F8A13043
S21400750006B010BDC75C00200800050110B58378E2
S214007510044603B30379022B0AD142791046FFF7DB
S214007520BDFE28B10C48013A00EB821029F084F920
S214007530A379022B02D12046FFF716FF2046FFF75D
S214007540B7FF02236078A4F86C305522BDE81040DF
S214007550122128F0C5BE10BD581D00204388094AD8
S214007560082113808388538083681B8A938090F851
S214007570A03093718379D37100780430C0B2FEF7DF
S21400758057BC00BFB257002038B50D4604460178F8
S214007590114813F03DF84FF602739D420ED10F4B83
S2140075A01B782BB963712046BDE83840FFF7D6BF7D
S2140075B062790AB19342F6D20123F3E7B5F57F4F1D
S2140075C0F1D1204629F0D1F9A378022B0CBF012275
S2140075D00022A3689A70E6E7FCB50300A85C0020CA
S2140075E0024B53F82000FFF7CFBF00BFF83400204F
S2140075F038B504460078144D04302A460821C0B237
S214007600FEF706FC20B1BDE83840104813F000B87D
S2140076102B8863806B88E978A380AA88A3681A827F
S214007620AB7984F8A030EB79A371094B1B780BB9C2
S214007630637138BD09B19942FBD9064812F0E8FFDC
S21400764023780133F4E700BFB257002016B60300D4
S214007650A85C00203FB60300F8B504460B78474AFE
S2140076600D4642F823004370FFF7C2FFA268444B62
S214007670D465D364434B02265365434BA11C136564
S2140076804FF44013E36001236161E1623F49103229
S21400769021632265211D3E4AA1633E483E4962653C
S2140076A004F1A002A061E163E265E01C611D3B4AB3
S2140076B0206261643A483B492266A21D2374237700
S2140076C084F8283084F8343084F84030A16484F894
S2140076D04C6084F8583084F864306062A266E879BA
S2140076E0AA6800EB400102EB810704F10C0CC7F816
S2140076F004C04FF0060C2C4F42F82170C118C9B2D6
S21400770001EB410142F821C002EB810700217960BC
S214007710264F84F880302767254F84F89830A7676F
S214007720244F254BE767254F84F8746084F88C60F7
S214007730C4F89C3004F16C06831CC4F88470C4F84A
S21400774090601F4F1F4EDBB203EB4303C4F89460F8
S214007750C4F8887002EB83067034746008261A4CEE
S21400776042F82340C31CDBB203EB430302EB830463
S214007770043042F823606160E871F8BDF8340020F8
S214007780C10803000B0903000D75000001FF30015E
S21400779004FF20011000300102FF200105FF300128
S2140077A000FF300103FF2101070001084A00210005
S2140077B00E4E040051001000104E0400114E04003E
S2140077C0550021006F0018001200010400239B6A78
S2140077D0B3F5804F03D21968064A914203D00023BE
S2140077E0037083607047012202709A689B6942604A
S2140077F0F7E700BF07B0CD5E024B034A1A602AF0D7
S214007800D8BC00BF0000002002020FF073B53F4B4B
S21400781004461A781AB102221A7002B070BDCDE979
S21400782000220028F9D001261E7033F04FF8384D9C
S214007830384B186017F0CEFC2B785BB902F0F2F9E3
S21400784040B935480823354A3549006801F038FE06
S21400785000B92E70334B5A68E260334A9A601A6E4B
S21400786022605A6E6260D3F87021A2601B6E5C04C0
S2140078702CD52E4AD368D807FCD42D4B1A68531C37
S21400788029D04FF4801393402A4A13660423294CC8
S2140078904FF0804223664FF48063236610232366EE
S2140078A04FF400536846236601A92266636629F0F2
S2140078B074F8009B2366019B63662B78002BACD084
S2140078C0164B1A6822665B686366A6E71A4AD36890
S2140078D0D907FCD4D1E7194B1B78002BD6D1184B0F
S2140078E05A68144B12B94FF480121A66154A526839
S2140078F012B94FF400121A66134B5B68002BC5D101
S2140079004FF480020B4B1A66C0E700BFCA5C00202B
S214007910CB5C002030350020E466002034350020A3
S214007920007108000080004455CEAC000000044002
S214007930B06600200090004400000450C95C00209F
S2140079400080055000C005500000065038B5224D96
S21400795004462B78012B02D001232B7038BD00285B
S214007960FCD029F03FF8013009D029F03BF840F26E
S2140079700113984203D0194AD368DB07FCD4226867
S214007980174B1A6662685A66A268C3F87021E268E6
S214007990D40744BF00229A60124B1A68013213D1F2
S2140079A0114A127882B911494968C80748BF1A6057
S2140079B00F4A5268D10744BF01221A600D4A526826
S2140079C0D20744BF02221A6017F00CFC0A4B186854
S2140079D032F077FF0023C0E7CA5C002000000440B6
S2140079E000800044B0660020C95C0020008005507E
S2140079F000C00550000006503035002070B5002449
S214007A00A36AB3F5804F23D21A68134B9A421FD14C
S214007A10124E337813F0FD0518D14FF48034104819
S214007A20FFF7F4FE032004F04FFC0E4B0320DC604F
S214007A3004F02EFC0C4B1C61AB6ADB6998470446CD
S214007A400748FFF783FF0CB901233370204670BD4B
S214007A504FF48174FAE700BF07B0CD5EC95C002022
S214007A602035002000A000440090004413B5204BB1
S214007A701B7803B9FEE700231E4CCDE900336A46A7
S214007A8008231D49206801F01BFDF8B91B4AD2F8EF
S214007A904031D2F840211F2B4FF0010311D9203A74
S214007AA09340019A1A43019208236A4612492068B5
S214007AB001F08EFE124B134A1A602AF07AFB02B0CF
S214007AC010BD9340009A1A430092EDE72D28F1D19D
S214007AD00A4AD2F84031D2F840211F2B4FF001035A
S214007AE085BF203A93409340019398BF0093DBE70D
S214007AF0CA5C0020E4660020007108000080004494
S214007B00000000200B020FF038B50025AB6A0446D3
S214007B10B3F5804F10D21B6BB3F5804F0CD20748DD
S214007B20FFF774FEAB6A20461B6B5B689847BDE8A0
S214007B3038400248FFF70ABF38BD00BF3C3500207A
S214007B4013B50024A36A0190B3F5804F13D21B6BC4
S214007B50B3F5804F0FD20948FFF758FEA36A0121FC
S214007B601B6B01A89B69984704460448FFF7EEFE86
S214007B70204602B010BD4FF48174F9E73C35002072
S214007B8070B50026B36A0446B3F5804F0D4612D290
S214007B901B6BB3F5804F0ED20848FFF737FEB36A6B
S214007BA020461B6B29469B69984704460348FFF707
S214007BB0CDFE204670BD4FF48174FAE73C350020B8
S214007BC070B50026B36A0446B3F5804F0D4612D250
S214007BD01B6BB3F5804F0ED20848FFF717FEB36A4B
S214007BE020461B6B2946DB69984704460348FFF787
S214007BF0ADFE204670BD4FF48174FAE73C35002098
S214007C00F8B50027BB6A0446B3F5804F0D46164606
S214007C1011D21B6B7BB10948FFF7F8FDBB6A204603
S214007C201B6B324629465B6A984704460348FFF7B3
S214007C308DFE2046F8BD4FF40174FAE73C3500206F
S214007C4070B50026B36A0446B3F5804F0D4612D2CF
S214007C501B6BB3F5804F0ED20848FFF7D7FDB36A0B
S214007C6020461B6B29469B6A984704460348FFF745
S214007C706DFE204670BD4FF40174FAE73C350020D7
S214007C80F0B50027BB6A0446B3F5804F0D4616468E
S214007C90ADF5337D20D21B6BB3F5804F1CD2104858
S214007CA0FFF7B4FDBB6A20461B6B40F2C1225B6A3D
S214007CB001A99847044630B10948FFF747FE204619
S214007CC00DF5337DF0BD836A32461B6B2946DB6AB1
S214007CD001A898470446EFE74FF40174EFE700BFAA
S214007CE03C35002010B50024A36AB3F5804F10D2AF
S214007CF01B6BB3F5804F0CD20748FFF787FDA36ACE
S214007D001B6B1B6B984704460348FFF71FFE204675
S214007D1010BD0124FBE700BF3C350020F0B58FB056
S214007D20044601A80E461546FFF7EEFE9DF80C30F9
S214007D30012B12D1B5F5402F27D8B4F5402F24D803
S214007D406319B3F5402F20D821462A46304613F053
S214007D5001FF002420460FB0F0BD0027BB6AB3F534
S214007D60804F15D21B6BB3F5804F11D20A48FFF730
S214007D704DFDBB6A2A461B6B314620465B6B984717
S214007D8004460548FFF7E2FDE4E740F20244E1E777
S214007D9040F20114DEE700BF3C350020F0B58FB09E
S214007DA0044601A80E461546FFF7AEFE9DF80C30B9
S214007DB0012B1FD1B5F5402F06D8B4F5402F03D8B8
S214007DC06319B3F5402F13D940F2024420460FB092
S214007DD0F0BDE258013225D104339D42F9D82A4637
S214007DE03146204628F02EFE0028EDD00024EDE790
S214007DF00023F2E70027BB6AB3F5804F15D21B6B52
S214007E00B3F5804F11D20A48FFF700FDBB6A2A4639
S214007E101B6B314620469B6B984704460448FFF789
S214007E2095FDD3E740F20344D0E740F20114CDE7D6
S214007E303C35002070B58EB0044601A80D46FFF70D
S214007E4063FE9DF80C30012B22D144EA0503C3F3F0
S214007E500C03002B33D1B5F5402F04D940F2024471
S214007E6020460EB070BDB4F5402FF7D82544B5F5C2
S214007E70402FF3D8204604F5005428F0DCFDAC4231
S214007E8002D00028F6D1E9E70028E7D00024E7E78B
S214007E900026B36AB3F5804F14D21B6BB3F5804F40
S214007EA010D20A48FFF7B2FCB36A29461B6B20467D
S214007EB0DB6B984704460548FFF748FDD0E740F2DD
S214007EC00444CDE740F20114CAE700BF3C35002069
S214007ED0BFF34F8F0549064BCA6802F4E0621343AE
S214007EE0CB60BFF34F8F00BFFDE700BF00ED00E0A3
S214007EF00400FA0570B5D0B1C9B10E4E431E013963
S214007F0013F8014F2046325D02F00302012A11F8F1
S214007F10012F08BF04F12000B55C05F00305012D14
S214007F2008BF2032801A01D1002CE9D170BD012093
S214007F30FCE700BFE57504000348044A0449121A2A
S214007F40921028F0CBBD00BF34410000D0420000A4
S214007F50E463002008B5154B83F30A8800F030F878
S214007F60FFF7EAFF124B13498B4212D30020124B45
S214007F7012498B4218D3FCF7B5FE186850F8224019
S214007F80586840F82240013298688242F5D30C3394
S214007F90EAE70022F8E71C6844F8220001325C6831
S214007FA0A242F8D30833E4E70022F8E708000020EE
S214007FB0849A0400909A0400909A0400909A040010
S214007FC0124B134A70B59A60D3F88820114D42F4CC
S214007FD07002C3F888206FF0010205F5005422668F
S214007FE041F2FF7262660222C3F8D020BFF34F8FC1
S214007FF0BFF36F8F4FF44036032004F065F903207B
S214008000E66004F045F92E6170BD00BF00ED00E0AB
S2140080100040000000800044014B1860704700BF1D
S214008020B8660020054B1860054B1B6F03F007036E
S214008030032B01D130F0A2BD704700BFC066002000
S214008040008000502DE9F04104464FF001080C2551
S2140080500D4E0CB9BDE8F08194FAA4F0B0FA80F0A9
S2140080600F2808FA00F2C8BF103824EA0204CABF74
S21400807005FB006205FB0062B4325768002FE8D0AB
S2140080809168C0B2B847E4E74C35002008B50C4804
S21400809032F0BAFC192004F009F928B1192004F0CE
S2140080A013F9192004F0F4F81A2004F0FFF828B1A8
S2140080B01A2004F009F91A2004F0EAF8002008BD96
S2140080C0745004002DE9F0410E461746054618B3D5
S2140080D00F2923D80378DBB1013BDBB2022B19D87A
S2140080E0104AD35C6A78D340DB0717D50E4BD3F81B
S2140080F01043ACB932F0EAFB80463A462846314691
S21400810002F042FE404632F0DCFB2046BDE8F0813D
S2140081107F23E7E70023E5E72224F6E72124F4E7B8
S2140081200224F2E7644E040000C0035010B5044673
S21400813010B30378E3B1013BDBB2022B1AD8104A26
S214008140D35C6278D340DB0718D532F0BFFB012240
S214008150617823788A4030214B4341F2100103F1C5
S214008160A04303F570335A5032F0ABFB002010BD2D
S2140081707F23E6E70023E4E72220F8E72120F6E75E
S214008180644E040010B5044610B30378E3B1013B17
S214008190DBB2022B1AD8104AD35C6278D340DB07D6
S2140081A018D532F093FB0122617823788A4030217B
S2140081B04B4342F2100103F1A04303F570335A50CB
S2140081C032F07FFB002010BD7F23E6E70023E4E7C4
S2140081D02220F8E72120F6E7644E040038B50D4665
S2140081E0044618B311B30378E3B1013BDBB2022BAC
S2140081F01AD8104AD35C6278D340DB0718D532F021
S21400820065FB30222378534303F1A04303F5703314
S2140082105B696278D34003F001032B7032F051FBA8
S214008220002038BD7F23E6E70023E4E72220F8E7B6
S2140082302120F6E7644E04002DE9F0410D4616466F
S2140082409846044600284FD000294DD001780029D2
S21400825040D04B1EDBB2022B3ED8254AD25C637858
S214008260DA40D20701D4FF2940D1022E01D9042ECC
S2140082703CD132F02BFB23780746FF2B05D0324645
S2140082802046296802F0C6FD28602B68013309D114
S2140082902378FF2B06D1174B6078D3F8241429F0E7
S2140082A0F8F9286029684B1C18D00C23124A03FBE7
S2140082B00122069BC2F8048093602378FF2B04D02B
S2140082C001230E4A8B40C2F82434384632F0F9FABD
S2140082D0002007E07F22C2E70022C0E7384632F0DF
S2140082E0F0FA2D20BDE8F0812220FBE72120F9E7F7
S2140082F0644E040000C003504C35002000D00350EC
S21400830008B502F037FD044B00F05530C3F82004E2
S214008310BDE80840FFF796BE00E0035008B502F03F
S21400832029FD044B00F0AA30C3F82004BDE808403D
S214008330FFF788BE00E003502DE9F04F14460546CF
S2140083400E469B46C36B87B001225B6902A9606834
S2140083509847EB6B01225B6903A93046984702A851
S21400836028F0BBFF074648B10023A37563754FF09E
S214008370FF33A360002007B0BDE8F08F03A828F005
S214008380B9FF0123A375237E04EBC303DE611F84BC
S2140083906368B3420ED1206003A828F0CDFF4FF0EB
S2140083A0FF332075A360237D043B022B26D80023D1
S2140083B0A375DFE723681A1A53425341A37503A82F
S2140083C028F0BAFF237D834218BFA77503A828F0BC
S2140083D095FF074602A828F091FF874218BF0023A2
S2140083E003A818BFA37528F091FF074602A828F037
S2140083F08DFF87421CBF0023A375D4E703A828F08F
S2140084007DFF80B1EB6B022230465B6904A998477A
S21400841004A828F082FF0346207D032839D8DFE829
S21400842000F03838040903A8F3E7CC22237E04EBD7
S214008430C3031A8401F06EFC109B187003A8277EF5
S21400844028F050FF04EBC70787F82200237E03A816
S21400845004EBC303B3F8209093F8227028F04EFF85
S214008460804603A828F052FF8246B8F1000F15D0C8
S214008470EB6B022230465B6904A9984704A828F0F3
S21400848011FF6075637D6BB90023A3754FF000087C
S21400849038E0227E04EBC2021384CBE703A828F060
S2140084A0ECFEEEE794F81680B8F1000FEED0B9F1C6
S2140084B0000F09D1DFB10123E375637E002B4FD196
S2140084C0012F42D1677614E06B6C06EB0A015A4224
S2140084D086EA010010421CBF0022A2755A1E0A40FE
S2140084E09B1A9945D0D8A37D002BE3D1CEE7E37D38
S2140084F043B94FF000084B4652463146284628F00E
S21400850037FCA060A27D12B123694B4423611A494F
S214008510237E097899422AD901332376BBF1000FCE
S21400852027D032B3E37D23B3B8F1000F21D1032F58
S2140085301FD0A1684B1C1CD0109B224600932846D7
S2140085400123FFF7F9FEA07513E095F8343063B900
S214008550EB6A0133CFD1032FCDD10123A376C8E731
S214008560012FCFD0032FC4D1F7E79846C3E70023E7
S214008570A375A07DFFE600BF884E04002DE9F04FEE
S2140085800E46984600238BB004464FF0FF31104647
S21400859017468DF8133001F0A7FBB6F5801F20D2E2
S2140085A0314605AA04F1080028F0E9FD451C0146FD
S2140085B003D1237CBBB92D2010E0384601F094FB94
S2140085C00122394620460DF1130328F023FC00282B
S2140085D0EFD09DF8133088F8003000200BB0BDE8CF
S2140085E0F08FB01CE5D1E56A691C36D12046616A79
S2140085F028F004FB0546B31C18BF0123DFF8CC9017
S2140086000193636A626C0293236805A902FB053A2C
S214008610E36B05225B695046984705A828F0F8FEEC
S21400862028F01BFF504628F023FF4FF0000B824631
S21400863001464B1C05D0636C81EA0A025B4213427A
S21400864011D02946204628F0D9FA029BAB422CD0FE
S214008650BBF1000F2CD10546D3E72368ED1A636CF7
S214008660B5FBF3F5C7E7484601F03EFB0DF11303F3
S21400867049462046019A28F0CDFB034690B1B21C2D
S21400868003D0D9F80020B2420CD19DF813200393F2
S2140086900D4B88F8002049461A68384613F05AFAF7
S2140086A0039B9B46D9F80810C3E7BBF1000F82D0A6
S2140086B0B6F5801F91D2314698F800307A6804F1FA
S2140086C0080001F03FFA88E7844E0400283D0020A9
S2140086D02DE9F3410446174698460E46184D816A22
S2140086E0E36A8B4201D04B1C02D102B0BDE8F08198
S2140086F0284601F0F9FA0122294620460DF1070323
S21400870028F088FB38B14346294620469DF80720C6
S214008710B8470028E9D0A9684A1C04D169682046F1
S21400872028F0F9FA0146012EDAD16B6881EA0302D5
S214008730636C5B421A4218BF4FF0FF31D0E700BFB0
S214008740FC3C00202DE9F04F4FF0FF334FF6FF7250
S2140087500025044600F10806C0E909238BB0C36271
S214008760056205633046884628F0DAFC204628F085
S21400877015FA60BB2046414628F090FA204628F0BD
S2140087800DFA60BB5E200BB0BDE8F08F2368E26B8D
S214008790606C576900FB0530052205A9B84705A897
S2140087A028F036FE012807460CD12946204628F038
S2140087B046FA012F024600D101322946204628F00B
S2140087C00CFA03E028F04EFE0028EED10135E369EE
S2140087D09D42DBD3204628F0E1F90028CAD00025C8
S2140087E04FF0FF394FF6FF73CA46A846C4E9085350
S2140087F0E36998450AD3A5EB0905012D2CD84FF659
S214008800FF72636A93423CD16720BCE72368E26B41
S214008810606C576900FB0830052205A9B84705A813
S21400882028F0F6FD834605A828F0C9FD07465846F9
S21400883028F013FE68B1574538BFC4F82480B94500
S21400884028BFB946BD4238BF3D46BA46236A013303
S214008850236208F10108CBE74FF6FF730025636239
S214008860E3699D42CBD2676C2068E36B052207FB69
S21400887005005B6905A9984705A828F0A0FD013505
S214008880EEE7E26B676C2068694607FB03005569F4
S2140088900522A847684628F092FD626A2368606C45
S2140088A04B4D00FB023028F0E3FD4FF0FF33A06293
S2140088B0E3622A466FF00101204605ABFFF75EFE35
S2140088C0002846D1AD6829462046E56228F042F9E0
S2140088D0206320B92046E16A28F01DFAE0622946A6
S2140088E0204628F018FA0546A36A9D4233D1204652
S2140088F028F003F900278046B946E36999453CD33A
S214008900B84559D92046616A28F078F90026054608
S21400891004F1400AB74212D8626C2368694602FB2B
S2140089200539E36B05225B6948469847684628F098
S21400893046FD534602464946E06B28F09BFD294615
S214008940204628F05BF90136B0450546E2D16420A2
S21400895019E7A56AB7E72946204628F0FBF8236BF7
S2140089602946034407462363204628F0D4F90546E3
S214008970002FB9D1C4E90B07B6E7636C256805225A
S21400898003FB0955E36B05A95B692846984705A8CC
S21400899028F03EFD28F061FD58B1284628F068FD15
S2140089A00146204628F0D6F8636C143B984208BF70
S2140089B0013709F10109A0E7304628F0B1FB002392
S2140089C020461946034AFFF783FE0020DBE600BF79
S2140089D0543D0020030E03002DE9F041036B904642
S2140089E0826B07689A4288BF8363426C436A90B082
S2140089F002FB0377C36B0E46052201A95B6904469A
S214008A003846984701A828F003FD01280146307033
S214008A1057D0656CE26B2368606AD2F814C005FB19
S214008A200030052206A9E04706A828F0F1FC012838
S214008A304FF0000523D0D4E90A3201219342CDE954
S214008A400B458DF834800E958DF83C102AD11946CA
S214008A50204628F060F9236B626C14339B1AE062A0
S214008A6023630C9B53B99DF83C303BB1626A616C42
S214008A702368E06B01FB023128F082FC0C9DE36B5F
S214008A8005225B6901A93846984701A828F0C0FC72
S214008A9030702846236BA26B9A4288BFA36310B03F
S214008AA0BDE8F081237C33B91C490BAA04F1080009
S214008AB001F096F8D5E72046194A0BABFFF708FEFB
S214008AC0CFE7237C23BB2246164904F1080001F0B9
S214008AD087F8616A204628F0B2F8616A421C204690
S214008AE028F07BF8054620B9236B626C1344143BD0
S214008AF023632046A16A28F00EF92368A062C01AF4
S214008B00636CB0FBF3F06062204628F047F9B6E7E6
S214008B1000232046044AFFF7DBFDDAE77D920000DB
S214008B20F99100009D0E0300390E030073B50D4643
S214008B30D11E4A421C461B7E4A419A4226D12968CB
S214008B402368994222D3636899421FD8114E0DF1CB
S214008B5007033246FFF712FDC0B972686B689A4287
S214008B6014D19DF80730DA1E53425341227E9342B9
S214008B700CD1636901336361D4E90323934205D2C0
S214008B802968A26842F8231001332361012002B04D
S214008B9070BD00BF543D00202DE9F04F9B4689B0C4
S214008BA09DF848309046514A0193136907465B4545
S214008BB00D46C0F09580D94653680093B9F1000F72
S214008BC07BD0FB6B01225B6905A90098984705A836
S214008BD028F090FB454B1B68984240F0848005A81F
S214008BE028F094FB0428064615D105A828F095FB26
S214008BF0009B04461E44019B002B3ED1804512D9A3
S214008C001C46A8EB00083846009928F084F8A9EB23
S214008C1004090090D2E7FB6B02225B69009806A964
S214008C20984706A8E2E7A0EB08045C4528BF5C4628
S214008C30032C4644ABEB040B1DD9FB6B2946304690
S214008C405B69A208984724F0030304F0030A1E4455
S214008C501D44DDF80480BAF1000FD4D0FB6B01226E
S214008C6006A930465B6998475246284606A912F080
S214008C7071FF5544C7E7A246EBE7824600F00303C0
S214008C8002932B1803930644039BA6EB0A00A3EB60
S214008C900A05029B9A4514D1BAF1000FB3D0FB6BBC
S214008CA0012206A95B6998475246284606A913F092
S214008CB00DF90028DDD04FF03609484609B0BDE86A
S214008CC0F08FFB6B012206A95B69984704222846B1
S214008CD006A913F0FBF80028EDD1AAF1040AD3E7A1
S214008CE04FF06309E9E74FF06F09E6E7803D0020A3
S214008CF02DE9F0410F4616469846044688B060B304
S214008D0090F83450FDB1012127F03DFF00210E9B65
S214008D10CDE90511CDE902379DF83C30CDF8048049
S214008D208DF81C30237C04968BB90D4901AA04F1FA
S214008D30080000F055FFDDE90553E06B002E08BF84
S214008D401D4628F0B9F8284608B0BDE8F081204650
S214008D50044A01ABFFF7BCFCEDE70546F3E700BFAE
S214008D60670E03002D8B00007FB590F84260044626
S214008D7001920DF10B030A463046114928F0A4F87B
S214008D80012E0546E36B17D132465B6903A9984767
S214008D909DF80B10039B019A59B19BB243EA02431C
S214008DA0012228460393E36B03A99B69984704B006
S214008DB070BD62F30F03F3E701229B6901A9F5E793
S214008DC0803D00202DE9F04F99B00E460D920A69BD
S214008DD0416C0B931439D31DB3FBF1F3013302EB53
S214008DE0C302036B04469342C0F001820023DFF8FF
S214008DF004940893E36A48461946059300F074FF06
S214008E00D6E9033707930B9B022B4DD1CC2F40F0AE
S214008E10D7810D9B3BB13146204628F0ABF8656CF8
S214008E201490012044E00120079B656C1B68149396
S214008E3000F0010000280CBF04230823782F0E93AF
S214008E4049D8059A6B1E1340ED1A3B1D9D423CD235
S214008E50002F3DD0082D3ED80023042506934FF062
S214008E60040A336806990B98C9F80030C9F81070E0
S214008E7028F066FA4FEA9A030F93059B89F81400C8
S214008E800393002309930C9304930A93616C039B4A
S214008E904A1E1A408B1A27B35544AB4223D8236B7D
S214008EA05B1A134423632FE1782F656CB9D8F07DE5
S214008EB00D9B002BBCD0E36B01225B69706816A982
S214008EC0984716A828F01AFAB4E700250695C6E7CC
S214008ED004250697C3E7012300254FF0080A0693EA
S214008EE0BFE75345DBD3A3EB0A029742039BB84682
S214008EF028BF90469742534428D90122D9F810102B
S214008F0089F817208F4226D10399C9F804100492D5
S214008F1099F817200AB399F818100398CA1C09EB99
S214008F20C202506004980131A2F80880907289F855
S214008F301810B8F1000F07D00B9A022A40F0818073
S214008F40099A72B1012209929B46ABE0049A002A64
S214008F5018BF0322DBE70222D9E7039AC9F80420E8
S214008F60E7E70C9A4244032AEED9E26B1846956965
S214008F7014A901220993A847099B05460028E1D0B9
S214008F803D2D40F01E8104F1080303932368059AE3
S214008F90606CA2EB030ABAFBF0FA00FB0A3028F07A
S214008FA067FAE16A8046204627F0B5FEA26A82424A
S214008FB000F00F81626CD9F80830511E0B40216B0F
S214008FC02768891A0B442363089BE062DF1BB7FB04
S214008FD0F2F7BA4540F0FA80059BB3EB080A12D0C8
S214008FE0E36B4FEA9A0241469B6998478346E36AD9
S214008FF0059A5344E362236B03989B1A4344236306
S21400900028F08EF8DA462368616CE06B01FB0731C6
S21400901028F0A3F9204627F0C1FD204627F0BEFE23
S2140090202063BAF1000F00F0D4803269616CD31D62
S2140090301439B3FBF1F3013302EBC3029042A5D21D
S214009040BFE00D9A002A77D1B8F1030F4FEA9802D5
S2140090506ED9E16B18468D6907991093A847109B47
S2140090600546C0B918F0030515D0079A28F0030B7B
S21400907002EB0B019B444FF0FF3215A815922A46CF
S214009080109312F067FDE26B5846956915A9012208
S214009090A8470546109B9B46079A42440792002D18
S2140090A040F08B80049B16A80193069B009399F8CA
S2140090B014204346316800F0CDFDE36B0F9A9B69A0
S2140090C0039816A99847039A051E089B18BF1346CF
S2140090D00893434652462046039927F049FE236BE1
S2140090E008F10302A3EB0A0322F003029B1AC9F855
S2140090F008002363002D7FF443AF0C9BA7EB080703
S21400910043440C93CDF80CB02046039927F003FE99
S21400911000250390002F7FF4B9AE364A3168936875
S21400912004F10800E36252680B9B00F00BFD49E077
S2140091309B46454607999EE79B4606F120021092FD
S214009140F27D7068A2B1002296F818C00A99D5B2CE
S214009150AC4511D9109D02F1010E35F832508D4202
S21400916028D90E9806EBC2020144D069084403E0F1
S2140091700E9A0A990A441044E26B15A95569012211
S2140091801193A847159A0A9B1392E26B04339569CC
S2140091905846012213A90A93A847119B054603EBDC
S2140091A00802A2EB0B02042A7FF679AF28B90BF16E
S2140091B0040BC5E77246491BC9E7CDF820B088E71F
S2140091C070252F46384619B0BDE8F08F4FF0000ADC
S2140091D019E73269616CD31D1439B3FBF1F301331F
S2140091E002EBC302236B9342BFF404AEE9E71C27ED
S2140091F0E8E700BF283D0020032A2DE9F341064694
S2140092000D4617461C4606D1237A012B23D0012093
S21400921002B0BDE8F081DFF86080096842460DF1D3
S2140092200703FFF7ABF960600028EDD19DF8072033
S214009230237A032AE8D0D8F804106A689142E3D16A
S214009240012B2969D4F80CC007D172690CEB010315
S214009250934202D92074207CDAE708316144E16049
S2140092603B46012229463046FFF7ACFD60600028E9
S214009270CAD00020CCE700BF543D00202DE9F341C2
S214009280089C032A1746266806D1237A012B24D089
S214009290012002B0BDE8F081DFF8908030464246FB
S2140092A00DF10703FFF76AF960600028EDD1256825
S2140092B0D8F80400A96AD5F844C04840CCF10003A9
S2140092C01840227AE1D1012A09D1E268D8F8103094
S2140092D013447269934202D92074207CD9E7286827
S2140092E0EB6A1B1A081AB3FBFCF3B0FBFCF08342D4
S2140092F00BD1706CF36A421E1340326B121A134481
S2140093002846336327F007FDE862D8F81020E368A4
S21400931008321344E36001223B4604492068FFF705
S21400932051FD60600028B0D00020B2E7543D002018
S2140093302DE9F0410025604B0E46D3F80080044628
S2140093401D6018B921252846BDE8F08190F83470D4
S21400935007B30A6803689A4240F0A3804A684368E5
S2140093609A4240F09E808A6883689A4240F09980CC
S214009370CA68C3689A4240F094800A6943699A4270
S21400938040F08F808A69C36B9A4240F08A804B69AE
S2140093908361D8E768223946856B12F04BFAD6E926
S2140093A00212336804F1080023607368A5636360E3
S2140093B0336963617369A36127F0C4FEB36904F17E
S2140093C04000E3639B68984720B9676C17B16368F1
S2140093D0B3FBF7F794F84330E761002BB2D00023D5
S2140093E0656C2366002D64D0002F62D02368B3FB23
S2140093F0F5F205FB1233002B55D16668B6FBF5F384
S21400940005FB1363002B4ED1204627F093FBA36980
S214009410043303449E4248D340F634726369CC3B1F
S214009420934244D8B5F5805F43D30321204627F006
S214009430AAFBD4E90001E36B1B6898470546E36B7B
S2140094400220DB689847CDB941462046FFF77AF9F7
S2140094506428054604D141462046FFF773F90546C1
S214009460666C5DB9236A2046143E5E4327F062FBB5
S214009470A369043303449E4238BF5A25002D0CBF0F
S2140094800123002384F8343007D1D4E900010B4AC5
S21400949013680133136027F0EFFEE06B27F00CFD36
S2140094A051E75D254FE759254DE75A254BE75F25E0
S2140094B049E75B2547E700BFB8360020B4360020F2
S2140094C02DE9FF410C4616461F46054680B390F828
S2140094D034307BB3B1F5801F2ED2DFF860800121D7
S2140094E027F051FB2146424628460DF10F03FFF7B1
S2140094F045F8044670B99DF80F30012B11D1D8F805
S2140095001030BB4212D10246009031462846FFF783
S21400951043FB0446E86B27F0CFFC204604B0BDE8CA
S214009520F081022B14BF2D246024F3E76324F1E7B7
S2140095302124F2E71124F0E72924EEE7803D0020FD
S2140095402DE9F04385B00C4617461E460546DDF865
S214009550308098B390F8343093B3B1F5801F31D291
S214009560DFF86490012127F00EFB21464A46284684
S2140095700DF10F03FFF702F8044688B99DF80F3087
S214009580012B14D1D9F8102006EB08039A4213D306
S21400959000904346324639462846FFF7FDFA044611
S2140095A0E86B27F089FC204605B0BDE8F083022B67
S2140095B014BF2D246024F3E76324F1E72124F2E7A7
S2140095C01124F0E72924EEE7803D002073B50C4611
S2140095D01646054630B390F834302BB3B1F5801FED
S2140095E024D2012127F0CFFA21462846104A0DF151
S2140095F00703FEF7C3FF044680B99DF80730032B28
S2140096000CD0022B0CD12846094927F0B3FC306059
S214009610E86B27F051FC204602B070BD2D24F7E71A
S2140096206124F5E72124F6E71124F4E72924F2E77C
S214009630803D00202DE9F3411E4600230C461746C8
S2140096400546336050B390F834304BB3B1F5801F05
S21400965028D2DFF85480012127F095FA21464246A9
S21400966028460DF10703FEF789FF0446A0B99DF8CA
S2140096700730032B10D0022B03BF01233B600423CB
S214009680D8F8103018BF38603360E86B27F014FC49
S214009690204602B0BDE8F0812D24F6E72124F7E746
S2140096A01124F5E72924F3E7803D002073B504462E
S2140096B0056B27F03FFA636E03449D422CBF0023E0
S2140096C00123854294BF00252D1A207C84F8503053
S2140096D0656584F85800A8B100230C4E1A46194652
S2140096E02046009627F00AFD002305461A4619462E
S2140096F02046009627F00BFDE3682844984294BF66
S2140097000020C01AE06502B070BD00BFFFFF0F006A
S2140097102DE9F3471E4643690446B342884617467A
S2140097209DF828904ED300258DF80750204627F048
S21400973001FAD4F830A082450AD2236AB5EB430F6B
S21400974006D2002220460DF10701FFF745F9B8B30F
S2140097509DF80730012B05D1002220460DF10701A8
S214009760FFF73AF9B9F1030F06D03146204627F045
S214009770D1F9256B854227D3144D4FF0FF3128468B
S21400978000F0B2FA4B46294600222046C5E9037689
S214009790C5F80080FFF716FB236E054663B120462A
S2140097A0FFF784FF94F8503013B994F858301BB183
S2140097B0236E04F150009847284602B0BDE8F087B3
S2140097C00135B3E76225F7E71C25F5E7543D002091
S2140097D02DE9FF410F4690461E46054698B390F881
S2140097E0343093B3B1F5801F31D21A4C022127F0E2
S2140097F0CAF92246394628460DF10F03FEF7BEFE8B
S214009800024678B10123424600933946334628463D
S214009810FFF77EFF0446E86B27F04EFB204604B0B9
S214009820BDE8F0819DF80F30012BEBD12169B142E4
S214009830E8D10093414633462846FFF7ADF9044683
S2140098400028DFD1E7E72124E8E71124E6E729240A
S214009850E4E700BF803D00202DE9F04790F8423055
S21400986086B0012B05460391A1EB020740F0AA80C3
S214009870FF2F03D81E464FF0640807E00226012B90
S21400988014BF4FF032084FF06408013600244FF63C
S214009890FF79DFF844A195F84230012B14BF32233C
S2140098A064239C4202D35FFA88F40DE005AB22469F
S2140098B05146284627F03CFB95F84230012B059B85
S2140098C034D14B452DD1E4B295F84230012B14BF6C
S2140098D032226422121BB24217D3012E39D1002243
S2140098E0012B05978DF8132027D1082205A90DF125
S2140098F0130027F0D9FD9DF81330059A42EA03229B
S21400990021462846FFF730FA40B102233249009339
S2140099102846CC23096803AAFFF7FAFE06B0BDE87E
S214009920F087DBB203B902340134B4E7591CCAD05D
S2140099309BB2002BF8D10134F6E7102205A90DF1F1
S214009940130027F0B1FD9DF81330059A42EA034252
S214009950D6E7039A012B059223D10823202205A9D6
S2140099600DF113008DF8133027F09EFD9DF813209F
S214009970120221462846FFF7F7F995F84230611C97
S214009980012BC9B21AD10028BFD12846BDF8142031
S214009990FFF7EAF90028B8D10234BDF81620E1B284
S2140099A0AFE71023202205A90DF113008DF8133020
S2140099B027F07AFD9DF813201204DAE70028A4D1D8
S2140099C0059A9EE7B7F5803F4FF00106BFF457AF04
S2140099D04FF032085AE700BF803D002070B586B0D1
S2140099E00E4605460392A0B390F834309BB3B1F50B
S2140099F0801F32D2022127F0C6F831462846184A80
S214009A000DF11703FEF7BAFD044618B99DF8173096
S214009A10032B0ED10223314600932846CC2303AAFB
S214009A20FFF776FE0446E86B27F046FA204606B0B7
S214009A3070BD022B0BD10A49284627F09BFA0399E2
S214009A4002468142EFD02846FFF706FFEAE7612488
S214009A50E9E72124EAE71124E8E72924E6E700BF3E
S214009A60803D0020F7B50C461646054668B390F8CC
S214009A70343063B3B1F5801F2BD2022127F083F870
S214009A8021462846144A0DF10703FEF777FDC0B9B4
S214009A909DF80730032B14D0022B14D10E4928460C
S214009AA027F068FA471C024639462846FFF7D4FED8
S214009AB0044606B13760E86B27F0FEF9204603B08F
S214009AC0F0BD2D24F7E76124F5E72124F6E71124FD
S214009AD0F4E72924F2E700BF803D002030B50C46AD
S214009AE0054685B028B390F8343023B3B1F5801F0F
S214009AF023D2022127F047F80DF10F03214628460E
S214009B000F4AFEF73BFD034688B99DF80F20032A4F
S214009B100DD003222146009202462846FFF7F8FDA4
S214009B200446E86B27F0C8F9204605B030BD2D2462
S214009B30F7E72124F8E71124F6E72924F4E700BF25
S214009B40803D00202DE9F043466886B305689846B8
S214009B504FF0000CA946AE4655F83C400CF1010CFF
S214009B60C4F31307013401D0B94217D0B4450EF13F
S214009B70080EF1D12F46002403E0B44207F108078F
S214009B8012D055F8343001340133F6D1C1F3130145
S214009B9041EA0851C7E90012BDE8F08341EA0851DE
S214009BA0CEE90012BDE8F083B8F1030F03D101231C
S214009BB00372BDE8F083002303E0B34209F108090D
S214009BC0F5D055F833400133C4F30754032CF4D1D1
S214009BD0C1F3130343EA0853C9E90032BDE8F08332
S214009BE02DE9F0410646406882B0B8B10F4690466F
S214009BF00024336853F8345003EBC403C5F307520C
S214009C00C5F31301013506D05B683046CDF80080F9
S214009C10B84718B1706801348442EAD302B0BDE890
S214009C20F08100BF024B1968024B1868FFF780BB33
S214009C30C4660020E466002008B530F03AFE014B0A
S214009C40186008BDAC3D0020014B186830F02CBEF3
S214009C50AC3D002073B504462248012A00EAC11133
S214009C609DF8185023F07C4007D9961E012E28D95F
S214009C70073303F07F03194308E09DF81C300A43BE
S214009C80DB0603F0C053134343F060410023C4E9EE
S214009C9000108DF80730B5B1202221460DF10700DF
S214009CA027F002FC1A220DF10700211D27F0FCFB0D
S214009CB0082063689DF8072043EA8263636002B069
S214009CC070BD1143E2E71B220DF10700214627F085
S214009CD0EBFB23689DF80720042043EAC263236059
S214009CE0EDE700BF80FFFF0738B5094B0D461A6841
S214009CF00021044611F09EFD00234FF0FF3223831F
S214009D00C4E900252361A260E382A37638BD00BFC4
S214009D10844E04000138C0B205289ABF014B185C77
S214009D2001207047894E04002DE9F041074615468C
S214009D3000240E46596888B0490A012922464FEA8F
S214009D40510104F10104F8D8DC78997824031B88C3
S214009D50C90201F4006104F480540C43C3F30A03FF
S214009D605203234492B24FF000089C18274B6FEA28
S214009D700444039325F07843ED4302A90DF1070050
S214009D801B2202938DF8078027F08EFB9DF8072094
S214009D90029B02A943EAC2630DF107001B2225F0CD
S214009DA07845049302958DF8078027F07DFB9DF893
S214009DB00720029B6FEA144443EAC26305934FF000
S214009DC0FF330794069307A9BB69012206F110002A
S214009DD09847BB6905A90446012206F10800984782
S214009DE0BB69404518BF044604A90122301D9847A8
S214009DF00122404518BF0446BB69304603A9984770
S214009E00404508BF204608B0BDE8F08101009AB280
S214009E1038B5104B0546D3F800310C4603F0030363
S214009E20022B0BD0032B0DD0012B0FD12EF0C0FE32
S214009E30032305B1286004B1236038BD2EF002FF6D
S214009E400723F6E730F048FD0623F2E7012300205B
S214009E50EFE700BF0080005038B5134B0546D3F837
S214009E6020010C4600F0070004281AD8DFE800F0AE
S214009E7003090D111500012305B1286004B1236004
S214009E8038BD2EF05BFE0423F6E72EF091FE03238A
S214009E90F2E72EF093FE0523EEE72EF085FE022372
S214009EA0EAE700231846E7E70080005038B5104B75
S214009EB00546D3F840310C4603F00303022B0BD0C3
S214009EC0032B0DD0012B0FD130F008FD082305B170
S214009ED0286004B1236038BD2EF0B4FE0723F6E7F1
S214009EE030F0FFFC0923F2E701230020EFE700BF74
S214009EF00080005038B5104B0546D3F860310C464C
S214009F0003F00303022B0BD0032B0DD0012B0FD134
S214009F1030F0E4FC082305B1286004B1236038BDA6
S214009F202EF090FE0723F6E730F0DBFC0923F2E77D
S214009F3001230020EFE700BF0080005041F6713299
S214009F4010B5104C104BA04294BF00240124D969D0
S214009F50DA639A6801F4803122F4401242EA04522D
S214009F609A600A4A90420A4AD2F818028CBF40F019
S214009F70020020F00200C2F8180209B10022DA63DB
S214009F8010BD00BF005A62020000035080F0FA02C3
S214009F9000C007502E4B98424AD022D82D4B9842EC
S214009FA040D014D82C4B984239D00AD82B4B984224
S214009FB032D02B4B98422FD02A4B98422CD00020E0
S214009FC07047294B9842FAD1284B186F7047284B98
S214009FD098422AD0274B9842F1D1244BD3F88000E0
S214009FE07047254B98422BD009D8244B984223D053
S214009FF0234B9842E3D11D4BD3F88C007047214B7E
S21400A000984221D003F5740303F510539842D6D135
S21400A010164BD3F898007047144B986D7047134B47
S21400A020586E7047114B586F7047104B986F7047BB
S21400A0300E4BD3F8840070470C4BD3F8880070475B
S21400A0400A4BD3F890007047084BD3F8940070473B
S21400A0500048E8010024F400C0CF6A0080841E0097
S21400A06000093D0040420F00405DC6000080E00F42
S21400A070C0EA210180BA8C01007E560380D54302D7
S21400A080006CDC020090D00337B50C460021114B63
S21400A0900191D3F88031054603F00303022B0ED05E
S21400A0A0032B11D0012B03D101A8FFF7D5FE0D21FC
S21400A0B00DB1019B2B6004B1216003B030BD2EF0C2
S21400A0C07DFD05210190F3E72EF06EFD0221019043
S21400A0D0EEE700BF0080005038B5104B0546D3F8B9
S21400A0E040320C4603F00303022B0BD0032B0DD09B
S21400A0F0012B0FD130F0F2FB082305B1286004B124
S21400A100236038BD2EF09EFD0723F6E730F0E9FB0E
S21400A1100923F2E700231846EFE700BF008000504F
S21400A12038B5144B0546D3F800020C4600F007007D
S21400A13004281BD8DFE800F003090D1115000123E1
S21400A14005B1286004B1236038BD30F0C7FB082392
S21400A150F6E72EF077FD0723F2E730F0C2FB09237F
S21400A160EEE72EF00BFD0C23800AE9E700231846E5
S21400A170E6E700BF0080005038B5144B0546D3F81C
S21400A18008020C4600F0070004281BD8DFE800F0A1
S21400A19003090D111500012305B1286004B12360E1
S21400A1A038BD30F09BFB0823F6E72EF04BFD072367
S21400A1B0F2E730F096FB0923EEE72EF0DFFC0C23E7
S21400A1C0800AE9E700231846E6E700BF0080005053
S21400A1D0032814D005D8012805D0022809D000206D
S21400A1E005E00F28FBD1084B186FC0F30130013093
S21400A1F07047054BD3F89000C0F30460F7E7024BB6
S21400A200186FC0F38020F2E7008000501FB50023CF
S21400A2100193252817D8DFE800F0131A1D272C36DF
S21400A2203B51565B60656A78161A401616561A2712
S21400A2302C27361A5127783B3B3B3B2727275B606A
S21400A2402EF082FC0190019805B05DF804FB2EF01C
S21400A25095FCF7E72EF078FC02460220FFF7B8FFE1
S21400A260B2FBF0F20192EEE72EF088FC02460320E5
S21400A270F4E72EF083FC02460320FFF7A9FFB2FBAB
S21400A280F0F25208EEE7002101A8FFF7FDFEDAE73C
S21400A290002101A8FFF7E0FDD5E702934FF0E02389
S21400A2A01B695B0705D52EF069FC0290029B0193A3
S21400A2B0C9E703A902A8FFF7F9FDF7E7002101A8FF
S21400A2C0FFF7F4FDBFE7002101A8FFF713FEBAE78A
S21400A2D0002101A8FFF724FFB5E7002101A8FFF73A
S21400A2E04BFFB0E7002101A8FFF792FDABE7094B53
S21400A2F0D3F8803003F00303022BA8D0032B01D041
S21400A30000209FE72EF05AFC9CE7002101A8FFF7EB
S21400A310E3FE98E70080005008B50120FFF776FFBF
S21400A320BDE808400349884294BF0121022103206A
S21400A33000F002B880F0FA02032810B50C4627D0C9
S21400A34004D8012804D0022817D010BD0F28FCD14D
S21400A35027F0C8F827F0CEF8124A013C136F23F412
S21400A360405343EA043313672EF008FC0021FFF73E
S21400A370E5FDBDE81040FFF7CFBF0A4A4C1ED2F8F5
S21400A380903023F0F85343EA0463C2F89030DCE7D9
S21400A390044A4C1E136F23F4806343EA8423136736
S21400A3A0D3E700BF008000501FB500230193252887
S21400A3B021D8DFE800F013202020202A2F454A4F1E
S21400A3C054595E7120203420204A202020202A2044
S21400A3D04520712F2F2F2F2020204F54314B1B6FDD
S21400A3E003F00703013B032B05D8DFE803F00C025C
S21400A3F0080A04230193019805B05DF804FB0323C3
S21400A400F8E70623F6E70223F4E7002001A9FFF7A2
S21400A4103BFEF0E7002001A9FFF71EFDEBE70293E5
S21400A4204FF0E0231B695B0705D52EF0A7FB0B2337
S21400A4300393039BDEE703A902A8FFF737FDF8E7BF
S21400A440002001A9FFF732FDD5E7002001A9FFF79C
S21400A45051FDD0E7002001A9FFF762FECBE7002000
S21400A46001A9FFF789FEC6E7002001A9FFF7D0FC87
S21400A470C1E70C4BD3F8803003F00303022B03D064
S21400A480032B05D00023B5E72EF078FB0B23B1E7AE
S21400A4902EF094FB0523ADE7002001A9FFF71CFE74
S21400A4A0A9E700BF0080005008B50320FFF790FE24
S21400A4B0034B187027F016F8BDE8084027F01AB8C6
S21400A4C0CC5C002010B504462EF058FB0021FFF7A8
S21400A4D035FD1CB1BDE81040FFF71EBF034B03203F
S21400A4E0BDE810401978FFF727BF00BFCC5C0020FE
S21400A4F038B50546FFF74EFD204B04465A68012A3C
S21400A50004D11F494A609A699207FCD10020FFF7E0
S21400A5104BFF042803D126F0E5FF26F0EBFF194A8F
S21400A52024F0407395421FD0174A95421FD0174A11
S21400A530D16811F0060FFBD19068936091684B408C
S21400A54013F4F81F16D12846FDF766FD0020FFF726
S21400A5502BFF042810D12EF011FB0021FFF7EEFC94
S21400A560BDE83840FFF7D8BE43F00073DFE743F09E
S21400A5708073DCE79060E9E738BD00BF00C001509B
S21400A58000E0015040420F0080841E000000015091
S21400A59070B504460020FFF707FF03287CD045F679
S21400A5A00E030221414AC2F88030414B99620121D4
S21400A5B003F580539962936DD903FCD4D4E9001354
S21400A5C01B0543EA0163E17B94F823500B43217B90
S21400A5D043EA0143617B43EA0133A17B43EA8113EB
S21400A5E013619169D4E904031B0643EA806301F012
S21400A5F000410B43A17EE07E0B43217E43EA0143EC
S21400A600617E43EA01239361E169136A002923F01E
S21400A6100D0343EA010314BF0121002143EA80032E
S21400A62043EAC103136294F8203094F82200916A3A
S21400A6304FEA431331D194F8216021F0330143EA05
S21400A64006130B4343F0010393621A49174A936DAE
S21400A65031EA0303FBD10221154B9962936D5B002F
S21400A660FCD41369A16823F4700343EA0153136111
S21400A6704FF000420E4B9A6118B9022203F5805340
S21400A6809A6215B901220C4B9A6294F824301BB1D9
S21400A690064B0A4AC3F8802070BD21F033012943D7
S21400A6A00B4343EA40039362EFE700BF00C000504D
S21400A6B000D000500300014000E00050F1A7FFFF6B
S21400A6C0014B93F900007047CD5C0020014B1880C9
S21400A6D0704700BFDE6B00200C4A10B513690446B5
S21400A6E043F0040313612EF0B9FD26F007FF084B74
S21400A6F0084AC3F8202430BF26F001FF02F066F9AE
S21400A7001CB9BDE810402EF039BA10BD00ED00E0CF
S21400A71000E003500000FFFF034A0179D36E23F0E8
S21400A72030030B43D366704700400050F8B504462C
S21400A7300D461F4616464AB101238B403021184A63
S21400A74001FB0022F7B141F21001535004EB440321
S21400A750072D4FF00F014FEA031316D8A80006FA8C
S21400A76000F281400F48184426F0CCFE4EB9012373
S21400A77030210B4AAB4001FB042277B141F21001B5
S21400A7805350F8BD42F21001DFE7A5F10800800043
S21400A79006FA00F281400448E5E742F21001EFE7CE
S21400A7A000C0035004C003500CC00350012200F543
S21400A7B0805310B55A60244B244AC3604369134043
S21400A7C0FCD18361C0F89830436913F4401FFBD175
S21400A7D04369DA052CD4836F53BB43699B0529D4A0
S21400A7E0D0F8883033BB0121C26FD0F88C2000F53A
S21400A7F000525160302183600361C36203620167C7
S21400A800C0F880101249884208D142F2600411490B
S21400A8108464016543658465016643660C49884225
S21400A82002D10020102B08D10B4B5362936210BD4F
S21400A830436FCDE7D0F88430CFE703F1280441F822
S21400A84024000133EEE700BF1200020052000100B0
S21400A8500040005A00C002808F330F80084608B5BB
S21400A86069B91820FFF7D2FCB0B10C4B984206D954
S21400A8700B4B9B68C3F302730133B0FBF3F0094B39
S21400A88000F5742000F23F20B0FBF3F001387F287B
S21400A89028BF7F20C0B208BD0120F0E7005A620240
S21400A8A00040005A40420F000B4B10B5994228BF9B
S21400A8B019460C461AB91820FFF7A8FC0246631E74
S21400A8C01344B3FBF4F0A34228BF00F1FF30032883
S21400A8D028BF0320C0B210BD005A620210B510484F
S21400A8E0104C002B08BF04468C4228BF0C461AB9F1
S21400A8F01820FFF78BFC02469DF8083040F2FF3028
S21400A9000133B2FBF3F2631E1A44B2FBF4F3A24225
S21400A91028BF03F1FF33984228BF184610BD00BF7A
S21400A92080969800404B4C002DE9F04F2DED068B9D
S21400A930B64D0C4616462946002285B00746FFF758
S21400A940B3FF94F805800122804538BF804607F59E
S21400A95000535A6020795FFA88F850B91820FFF73C
S21400A96055FCA842014628BFB0FBF8F13846FFF771
S21400A97075FF4FF00009E37822781B01524202F07F
S21400A980020203F03003134362780004524202F0DE
S21400A99004021343A27800F4FE00524202F00802BA
S21400A9A013434FEA087202F0E04213431843E38869
S21400A9B02289B8603B616389DFF85CA243EA024300
S21400A9C03B62574502D1B9F1020F08D1012307F5C2
S21400A9D080577B6005B0BDEC068BBDE8F08F00228B
S21400A9E035788B488B49B468954218BF01462B468C
S21400A9F08948CDF80080FFF771FF07EB09118B6CD3
S21400AA00A2B223F0405323F4EE2323F01F0305F0F5
S21400AA1003041C43737882424FEA830303F01C034B
S21400AA2044EA0304B37838BF02461B03F07803F405
S21400AA30E0432343040404F4E024234334794FEA38
S21400AA40091C240704F0405423438B648C6C09F1E2
S21400AA50050BC4F30234013C7049042C26D8DFE809
S21400AA6004F0252503101A00D1F88041240C2DB3DC
S21400AA70C2F309020AEB0B135A6009F101091036FA
S21400AA809FE7D1F88441002DF2D1D1F88C11A4B201
S21400AA900914490015E0D1F88441002DE8D1D1F819
S21400AAA08C11240C091401EB41010AE0D1F8804115
S21400AAB0A4B2002DDCD1DFED5A7A06E0D1F88C1175
S21400AAC0091407EE901AF8EEE77A01210CF1B44C5F
S21400AAD00CF5804C2304DCF8483024F4C045C3F35E
S21400AAE0820C0CF1010C01FA0CF107EE101A4FEA79
S21400AAF0854548BF45F0004513F01C0FB8EEC79AD1
S21400AB00F6EE008A454B55D1D3F88C110BB208EE01
S21400AB10103AB8EEC88A38EE278A9FED42AAF7EEBA
S21400AB20049A00285DD1039226F066FD07EE900A8F
S21400AB30F8EE677A87EE8A7AC9EE877A27EE888AF1
S21400AB40039A9FED397AC7EE097A9FED387A67EE59
S21400AB50877AB1EE007AB5F1004F48EE077A0BD04F
S21400AB609FED337A06EE104A77EE876ABAEEE86A09
S21400AB70F0EE477A56EE267AF5EEC07AF1EE10FA47
S21400AB80CBBFF1EE677A78EEE78A77EEE87AFDEEED
S21400AB90E87AC8BFFDEEE77A17EE901AB1F5003FE7
S21400ABA02ADB6FEA55456FEA45451B484FEA0B110D
S21400ABB045505DE7D3F8901169EE286A09B207EEB2
S21400ABC0101AB8EEC77AD3F8881177EE677A0BB208
S21400ABD008EE103A87EEA67AB8EEC88A38EE078AEC
S21400ABE09BE7D6ED037AF8EE677A87EE8A7AC9EEA7
S21400ABF0877A27EE888AA4E711F5003FAABFC1F33B
S21400AC00110145F400350D43CFE700BF005A62023C
S21400AC10404B4C00809698000040005A0080E00FA1
S21400AC200000000000007A4400008043000020443A
S21400AC300000004941F67132034BDA63012203F546
S21400AC400053DA60704700BF0000035041F67132CF
S21400AC500121044BDA6303F50052D1600022DA6367
S21400AC60704700BF00000350044B1868421C02BF28
S21400AC70034AD2F894001860704700BFE8660020C8
S21400AC8000400050CB784A7810B55B010C7843EA58
S21400AC9082030A79234343EA02130C22424302F159
S21400ACA0B0421363012C02BF8A78024B43F820207F
S21400ACB010BD00BFD080035008B54FF0B0435A68AF
S21400ACC002B960B15B680BB126F0BEFC4FF0B04134
S21400ACD030B10120074B586026F0B6FCC86008BDAE
S21400ACE026F0B2FC0223CB6026F0AEFC0122024B1B
S21400ACF05A60F4E700100058002000584FF0B041AA
S21400AD004B6810B50BB126F09FFC01220B4BC478A4
S21400AD105A608378934043EA840344782343047953
S21400AD2043EA0413447943EAC4038B60044B5A6035
S21400AD300378C3F10203CB6010BD00BF00200058AB
S21400AD4000100058054B5B69C3F38512827003F050
S21400AD503F021B0B42700370704700BF00C00750D5
S21400AD600120034B9B680A3303F01F03984070478B
S21400AD700080E00F034BD3F82424D3F820041040BF
S21400AD80704700BF00C003502DE9F8431E4B054630
S21400AD90D3F810334B1E0E2B0E46174690F8009035
S21400ADA044781DD909B34FF000082846D7B12FF0D4
S21400ADB09BFD09EB4903072C4FF00F014FEA0313E5
S21400ADC015D8A400114808FA04F2A140184426F049
S21400ADD043FCBEB928468FB1BDE8F8432FF084BDCA
S21400ADE08846E2E726F047FCE3E78846E1E7083CCA
S21400ADF0A400074808FA04F2A140E7E7BDE8F843D4
S21400AE0026F039BCBDE8F88300C0035004C00350E8
S21400AE100CC003502DE9F041204B1646D3F8102302
S21400AE204A1C05460C46407804D1D3F8241426F074
S21400AE3030FC0446002C2EDB072C14DC03274FEADC
S21400AE4084082A7807FA08F73946154802FA08F2FD
S21400AE5026F002FC6A78394602F00302114802FA2C
S21400AE6008F226F0F9FB012316F0050F0E4A18BF6C
S21400AE700E4903FA04F30CBFC2F81034C1F81034BC
S21400AE8016F0060F18BF094AC2F814340123064A02
S21400AE90A340C2F820342046BDE8F08100C003502D
S21400AEA000C4035008C4035000E0035000D0035011
S21400AEB070B504462AF0CFFF064630B90FCC044DD5
S21400AEC00FC594E80F0085E80F00304670BD00BF40
S21400AED0B03D002047F6FF739A42F0B570D00229C5
S21400AEE070D8394B5B5C022B6CD8384DDE0005EB16
S21400AEF0C304A77815F83330012F394638BF01212F
S21400AF00012B16D1E078401A0021884205D8012F7F
S21400AF102CBFC0190130C0B2F0BD431A6568A0EB63
S21400AF20530335F913509542D4BF194603F1FF3049
S21400AF30EBE760680028EFD0B0F90040944204DBED
S21400AF40B0F902409442B8BF144683883544FF2BBC
S21400AF5019BFC8232827B0F90630B0F90870A3EB4C
S21400AF6004030CBF0122002293FBF7F36E78134410
S21400AF701BB29E4201DD002B01DA731E1BB24FF49A
S21400AF807A7C00EBC305EA88AD685F1C14FB0252AE
S21400AF901D4622EAE2723BB25C329E42B2FBFCF2F3
S21400AFA004DD00EBC307BF889742EAD200EBC50377
S21400AFB09888904228BF1046884238BF0846AAE7BD
S21400AFC0FF20A9E70020A7E78F4E0400B03D002031
S21400AFD00229F0B560D8314B595C02295CD8304B59
S21400AFE013F83100012816D103EBC1039C78D878FA
S21400AFF0012C214638BF0121904294BFC1EB0001CD
S21400B000C1EB0201001BCAB28242C8BF00225B68C5
S21400B01033F91200F0BD002A3CD003EBC103596897
S21400B020002939D09878904202D3B1F90200F1E7AE
S21400B030DC78B1F900009442ECD95C788B88013C4E
S21400B040A3F1FF06734201F10405E4B2734101F176
S21400B0500C07DEB2B44216D805EBC3034FF47A757C
S21400B0606A43B3F902405B68D21A04EBD47302EB6E
S21400B070630292FBF4F29042CCDBB1F902009042FC
S21400B080C8DC10B2C6E737F833C05E1C9445E3D37D
S21400B0903346DEE70348BDE70348BBE78F4E0400B0
S21400B0A0B03D00200CFEFFFF0080FFFF08B50448FF
S21400B0B0FFF7FEFEBDE8084001202AF0D2BE00BF22
S21400B0C0944E04007FB51422002101A810F0B2FBB4
S21400B0D0044B01A94FF0FF3002932AF008FF07B097
S21400B0E05DF804FB006A18002DE9F0418CB0884634
S21400B0F0DDE912761D460446002847D0002945D0D3
S21400B100002F43D0002E41D013F00F033ED120482D
S21400B1102049A360002A08BF01462362C4E9001341
S21400B120404609A926F047FB68BB204609992FF040
S21400B13036FC294620462FF032FC6946404626F06B
S21400B140C9FB00BB6946204626F0F4FB404603A92F
S21400B15026F0CBFBB8B9204603A926F0EBFB0697F2
S21400B1600127204645F0005506A90797089526F0C2
S21400B170E1FB204609A909960A970B952FF035FCA6
S21400B18020462FF0EFFB0CB0BDE8F0812120FAE757
S21400B19000010004000101042DE9F04F97B0894634
S21400B1A090461F460546DDF880A0002800F0BB80CC
S21400B1B0002900F0B8803AB1229B002B00F0B38043
S21400B1C0239B002B00F0AF80BAF1000F00F0AB809D
S21400B1D0219B002B00F0A78067B13C680026229BCD
S21400B1E043440293464507D307B13C60002017B09E
S21400B1F0BDE8F08F3C46F1E75CB1229B219A9B5D4F
S21400B200125D01345340239A04F00F04935501361F
S21400B210E8E7A8EB060BBBF10F0F58D9434B48469F
S21400B220C5E90034AC602C6213A926F0C4FA0028E5
S21400B230DDD1284613992BF00F0B2FF0B0FB5946A3
S21400B24028462FF0ACFB484604A926F043FB00280E
S21400B250CDD1284604A926F06DFB484607A926F05E
S21400B26044FB0028C3D1284607A926F063FB012328
S21400B27022992F4ACDF828A00B930C928A190D928A
S21400B28028464BF000520AA90E9303920F9226F01E
S21400B29051FB28460DA926F04DFB239B039A9919CE
S21400B2A00123109111931292214A284610A9CDF835
S21400B2B04CA0149315922FF098FB284613A92FF054
S21400B2C094FB28462FF04EFB5E4400288FD1229B2D
S21400B2D003EB060B239B1E44029B9B4501D146466F
S21400B2E080E7ACB9219B2246CDE900A3494610234E
S21400B2F02846FFF7F9FE00287FF479AF0AF110021E
S21400B30012F8013D0133DBB213700BB95245F7D189
S21400B310219A1BF8013B125D0134534006F8013BAD
S21400B32004F00F04D8E7212061E700BF0303000400
S21400B330100000207FB50E461D460446F0B102B947
S21400B340E3B901230192029345F0005303930023CF
S21400B3500B4AA360C4E900232362204601A926F015
S21400B360E9FA314620462FF01AFB204629462FF0F0
S21400B37016FB20462FF0F6FA04B070BD2120FBE73E
S21400B38000000943084B984202D0084B984207D168
S21400B3900B88B3F5105F14BF6FF085000020704770
S21400B3A06FF08500704700BF004440040013C004DF
S21400B3B01038102808D8064BC34013F0010F0CBFF6
S21400B3C06FF08600002070476FF08600704700BF61
S21400B3D0010101002DE9F04FA7B008AFCDE9050146
S21400B3E0DDE93295DDE9346A0021079238461022FD
S21400B3F09846DDF8D8B010F01DFA102200210CA8EF
S21400B40010F018FA069B2BB96FF08604204627B07A
S21400B410BDE8F08F079B002BF6D0B9F1000F01D1E5
S21400B420002DF1D1309B13B9319B002BECD116B90E
S21400B430BAF1000FE8D1BBF1000FE5D04046059900
S21400B440FFF7A0FF04460028E0D1014628221CA8EA
S21400B45010F0F0F92022214614A810F0EBF91CA8F1
S21400B4602FF093FA002840F0AF80DDE90612059829
S21400B47014AB26F0ABFA04460028C7D11498FFF7A1
S21400B48097FF04460028C1D115B9CBF80000BDE7E8
S21400B490B14518D209EB05039E4214D25545B3D8E0
S21400B4A02A464946304610F017FA554B984526D09E
S21400B4B006D3544B984524D003F54073984520D0C6
S21400B4C06FF08504A2E74F4B98451BD003F54073F9
S21400B4D0984517D04A4B9845F2D1554594D815F063
S21400B4E00F0291D12B46CDE9009614A91CA8FFF7B0
S21400B4F0FBFD814600285CD1CBF8005086E7B146BC
S21400B500EDE7B1461022002110A810F093F955453A
S21400B5103FF67AAF3C4B9845319B39D10D2B7FF4E3
S21400B52073AF01238DF84030309B0DF1410203F1DB
S21400B5300C0153F8040B8B4242F8040BF9D11B782C
S21400B540137001238DF84F3015F00F0842D025F008
S21400B5500F034B440DF1300C03F1100E62461868D1
S21400B5605968083303C273459446F7D10F2D33D874
S21400B57025F00F03334403930CABCDE9017310ABF6
S21400B58000934246002314A91CA8FFF705FEB0E767
S21400B590102B7FF439AF309B10AA03F1100E94469F
S21400B5A0186859680833ACE8030073456246F6D15C
S21400B5B0CAE752460021304610F03CF90023B9F1A4
S21400B5C0010FCBF8003002D06FF092041EE76FF048
S21400B5D08B041BE70F2D8FD910ABCDE90296009395
S21400B5E00197002325F00F0214A91CA8FFF7D4FD2D
S21400B5F081460028DDD1B8F1000F3FF47DAFB7E7F4
S21400B600004440040010C0040013C0042DE9F04FAD
S21400B6108A46A1B00021DDE92A56DDE92C7905909D
S21400B620934606A81022984610F004F9102200212E
S21400B6300AA810F0FFF8BAF1000F05D16FF08604E3
S21400B640204621B0BDE8F08FBBF1000FF6D00DB953
S21400B650002EF3D117B9B9F1000FEFD12E9B002BB6
S21400B660ECD040460599FFF78DFE04460028E7D14A
S21400B6700146282216A810F0DDF8202221460EA842
S21400B68010F0D8F816A82FF080F9002854D15A46A2
S21400B690514605980EAB26F099F904460028CFD1FE
S21400B6A00E98FFF785FE04460028C9D116B92E9BD2
S21400B6B01860C5E7BD4216D2AB199F4213D24E455D
S21400B6C0BCD832462946384610F006F93A4B98451B
S21400B6D05BD003F54073984531D0384B984511D070
S21400B6E06FF08504ACE7344B98454FD003F54073B4
S21400B6F0984525D0314B9845F2D14E4503D96FF089
S21400B70089049DE73D46330798D133460122CDE9AB
S21400B71000570EA916A8FFF7E7FC2E9B05461E60ED
S21400B72000288DD04A460021384610F083F80023C2
S21400B7302E9A012D13603BD06FF0920480E73D46B1
S21400B7400D3E4E45DBD801238DF828302B460DF1F3
S21400B750290205F10C0153F8040B8B4242F8040B46
S21400B760F9D11B780D3513704FF48073ADF8363071
S21400B77006AB01930AAB009332460023CDE902578D
S21400B7800EA916A8FFF708FDC7E73D46103E4E4532
S21400B790B5D82B460DF1280C05F1100E6246186838
S21400B7A05968083303C273459446F7D11035DFE76E
S21400B7B06FF08B0444E700BF0010C0040044400450
S21400B7C010B54FF42F720021044610F033F8802392
S21400B7D0C4F88C30054B04F19C00C4F88430012377
S21400B7E084F88830BDE8104025F03CB974B60300F4
S21400B7F010B5D0F8A0400A468CB926F0FDFA0446EB
S21400B80010B90024204610BD2D2896BF064B0749C8
S21400B81053F82010064A074826F034FCF2E7D0F822
S21400B820A4101046A047ECE7804F040077B603004C
S21400B83012B20300A7B70300F8B590F8806004467C
S21400B84016B100263046F8BD26F009F90028F8D1D2
S21400B850012384F8803094F8883033B1D4F884100B
S21400B8601F4884F8886026F00DFC4FF0FF37D4F8A8
S21400B870B402421C1FD0C4F8B47210F0FF052CD0DE
S21400B880204626F0E9F82946204600F0A7FB0028C7
S21400B890EDD0204626F0EEF894F888303BB1D4F888
S21400B8A084100F4826F0EEFB002384F8883000232F
S21400B8B084F88030C6E726F0CAFB431CDDD1D4F8F6
S21400B8C08C30D4F89420013B9A4204DB054A0649A2
S21400B8D0064826F0D7FB0126E9E70126C7E700BFA2
S21400B8E049C9030012B2030085B60300A7B70300D8
S21400B8F0F8B50B780446302B0D46164604D14B7827
S21400B90003F0DF03582B11D0284F6A1E12F8011FD0
S21400B910002934D128460A220FF07CFE202C03464C
S21400B9200D4631D1B1FA81F040091AE04A1C1F4990
S21400B93012F8013F8BB928460FF078FE1C4B0238F0
S21400B9402340032B12D10134A41084420AD1A878D4
S21400B95037288CBF0020012003E0CB5C13F04400A6
S21400B960E6D1F8BDCCBF01200020FAE7002CB8BF16
S21400B9700334B0EBA40FD4BF01200020F1E77B5CBA
S21400B98013F00400C2D1ECE726B1084302D0013B15
S21400B99061F100050122A240013A1A40002D08BFBD
S21400B9A09A420CBF01200020DBE700BFE5750400CB
S21400B9B003000080F0B5037801467B2B17D10646BE
S21400B9C0022400220B4F16F8015F7D2D05D10B5D7A
S21400B9D06BB9D24302F0010008E07B5D13F044002F
S21400B9E002D001320134EEE7202DFBD0F0BD00205E
S21400B9F0FCE700BFE575040070B506460D460FF07F
S21400BA0015FE0446304626F03DFB044EAC4200D3FD
S21400BA1070BD304626F036FB0134F7E721C0030040
S21400BA202DE9F84F044602215148FFF7E5FF1E2195
S21400BA302068FFF7E1FF6368586826F023FB4D484F
S21400BA4026F020FB67683B7BFD2B12D8D7F80880D2
S21400BA504FF0FF3640460FF0E9FD0546DFF810913F
S21400BA60DFF870A1DFF84CB10C3717F8013BFF2B5D
S21400BA7001D1BDE8F88F212B18D8212B36D8DFE866
S21400BA8003F0377274111B1D1F21353535353535DA
S21400BA903535232527292B2D2F31353535353535A9
S21400BAA035353D33344C002D2BD12EE0334C344A03
S21400BAB0FE2B08BF1446F6E7324CF4E7324CF2E7AA
S21400BAC0324CF0E7324CEEE7324CECE7324CEAE729
S21400BAD0324CE8E7324CE6E7324CE4E7324CE2E739
S21400BAE0324CE0E7324CDEE7324CDCE7234CDAE758
S21400BAF0314CD8E726F0BAFA01362AE0002DB4D049
S21400BB002E4C202B06F10106AFD002214846FFF747
S21400BB1073FF1E214846FFF76FFF504626F0B2FA25
S21400BB205946204610F0DCF82549002818BF214663
S21400BB30244826F0A7FA3B78202B02D12B2026F0AB
S21400BB4095FA214826F09EFA4DB118F806301F2BBC
S21400BB5005D018F806001F2801D0AE42CADB0548FB
S21400BB6026F090FA81E7194C9DE7194C9BE700BF39
S21400BB703503040012B203002FB7030041B70300D9
S21400BB8067D303008CB7030093B7030084B70300A2
S21400BB9080B7030077B703006DB7030063B70300F1
S21400BBA078B703006EB7030064B7030059B7030005
S21400BBB052B7030049B703002EB7030034B703009B
S21400BBC03FB7030049C90300B8BA03008BB70300A8
S21400BBD092B703004FD403002DE9F04F9BB0054603
S21400BBE08B460024009203930FF020FD249F039BB6
S21400BBF004901C6028463C600AAA09A926F064FA4C
S21400BC00064658B90A980FF011FD3446B046039B15
S21400BC101860D5F89C300293029B1BB920461BB0D7
S21400BC20BDE8F08F029BD3F80890B9F1000F6CD0F6
S21400BC302E4416F8013B202B11D000260C2373430C
S21400BC4009EB030A59F803300193002B58D0099BDF
S21400BC50434555DB9AF808202AB1721C39E03B6848
S21400BC6001333B60E5E73968D5F894200793039BDA
S21400BC70521A1A601AAB03EB880151F8403C01993E
S21400BC80184605930FF0ECFF06900028E5D10198C2
S21400BC900FF0CCFCDDE906230146DAF80400D7F8FD
S21400BCA000A090F80CC0BCF1FE0F16D103F1FF3EC9
S21400BCB0C64512D0D0F80090059801920FF0B6FC59
S21400BCC00AF1010A019A50442B5C23B1386008F14E
S21400BCD001081646B2E70130F6E7D5F8942005913C
S21400BCE0A2EB0A028A4220DC58460FF09FFC059918
S21400BCF001447B290DD958461F4A009924F0D9FEE5
S21400BD002B46049A2A4493422CD1029B1B6802932A
S21400BD1082E7DDE90012584624F0CBFE5846174A63
S21400BD200099013424F0C5FE97E7BCF1FE0F94D1CC
S21400BD30013B434591D1D0F800A0DFF840905AF877
S21400BD400C2B22B9049B3B60039B1A60D8E758462D
S21400BD50009924F0AEFE4A465846009924F0A9FE03
S21400BD600134ECE713F8011B0029CCD14FF0200179
S21400BD7003F8011CC7E700BF99B7030021C0030002
S21400BD802DE9F047002486B01C60DDE90EA80646C3
S21400BD9089468AF800401168154888F8004017461A
S21400BDA01D468DF81740FCF7A5F818B901242B6836
S21400BDB001332B600020D6F89C6036B914B10123FD
S21400BDC088F8003006B0BDE8F087B06868B14B462A
S21400BDD00021CDE902A8CDE900750DF1170225F086
S21400BDE0AAFF9DF81730002BE8D13668E5E700BFBC
S21400BDF09EB703002DE9F0470446ADF5447D80224A
S21400BE00002104A802AF0FF015FD802220460097FF
S21400BE1003AB04A9FFF7E0FE01283DD104A80FF00C
S21400BE2005FC03993B68461A0B4426EAE67623444B
S21400BE30054604A83246014418460FF08BFE002241
S21400BE408255D4F89060039B3968D4F89020194442
S21400BE50B14212DCD4F89410E81A0244C4F89020D8
S21400BE60014404AAC4F89410D41825182B1B002BE0
S21400BE700DDC0DF5447DBDE8F087A05C26F0F6F8F5
S21400BE80D4F8903001360133C4F89030DBE714F86C
S21400BE90010B26F0EBF8E9E7EBDD24AD802200216C
S21400BEA028460DF5887A0FF0C5FC0DF110094FF401
S21400BEB00072002150460FF0BDFC4FF001084A46C4
S21400BEC0002312F8016BA6B904A84AF828300FF030
S21400BED0ADFB2946334698451CDB19F8016B0DF57A
S21400BEE0887C5CF8042B82420CD101F8016B01338C
S21400BEF0F1E7202E03F1010304BF4AF8283008F1C9
S21400BF000108DEE70DF1100E7244D25CB242E8D0B2
S21400BF100022EA54D4F89060039BB3422FDC2346F9
S21400BF202C4A04A92C4826F0ADF828460FF07EFBD4
S21400BF300646039B3F68F61A1F4426EAE672E01997
S21400BF4017441D44E11904F1900399423CD904F1C9
S21400BF509803984238D26A1E81190B1A002B27DDE7
S21400BF6012F8013F00F8013BD4F890300133C4F8D2
S21400BF709030D4F894300133C4F89430EDE7D4F818
S21400BF8090300136E05C26F071F8D4F8903001333A
S21400BF90C4F89030C0E7D4F89020013B0132C4F8D2
S21400BFA09020D4F894200132C4F89420002BF2DCC0
S21400BFB000232E44E355731B002B7FF75AAF15F86A
S21400BFC0010B26F053F8F6E729460FF0C3FD33467B
S21400BFD0ECE700BF74B60300A3B703002DE9F843EF
S21400BFE0D0E9245604460F46002294F89830012BD8
S21400BFF007D10A2F07D1002384F898300020BDE827
S21400C000F88300F29F801B2F01D10223F4E70D2F47
S21400C0100DD1012384F898300D2026F027F80A2049
S21400C02026F024F800230120C4E92433E7E74FF084
S21400C0300008082F84F8988034D1454530DDB54295
S21400C0400FD1384626F012F8202026F00FF8013DD2
S21400C050384626F00BF8013E04F80580C4E924565D
S21400C060CCE7FBDA05F1FF39384625F0FFFF04EB95
S21400C0700903A6EB0902611918460FF02DFC04F817
S21400C08006800146013E484825F0FCFF35464D45F2
S21400C09001DC4D46E2E7082025F0E8FF013DF6E723
S21400C0A0ACD0DBE77F2F1CD1002EA7DDB542A5DA8A
S21400C0B06319691C21441846721B0FF00DFC04F826
S21400C0C006800146394825F0DDFF0820013E25F0B0
S21400C0D0CDFFB542F9D1D4F89430013BC4F8943082
S21400C0E08CE70A2F98D0092F03D12046FFF782FE4F
S21400C0F084E7D4F88C30013BB3427FF77FAFB5427C
S21400C10004EB050805F101090CDB384688F80070D9
S21400C110D4F89430C4F890900133C4F8943025F0E5
S21400C120A5FF6BE74146721B04EB09000FF0D4FB3A
S21400C130404625F0A7FF0820013E25F097FFB542B0
S21400C140F9DDE2E7022B06D15B2F01D1032353E78B
S21400C15084F8982049E7032B7FF450AF413F84F8DA
S21400C1609820032F3FF64AAFDFE807F002070A16CB
S21400C1700121204625F02BFF40E74FF0FF31F8E77E
S21400C180B542BFF63BAF605D25F070FFD4F8903047
S21400C1900133C4F8903031E7002D7FF72FAF013D13
S21400C1A00820C4F89050BAE7ACB70300A6BB03005B
S21400C1B008B50248FEF79CF9002008BD00B4C40488
S21400C1C030B58BB06C46174D0FCD0FC40FCD0FC4D6
S21400C1D095E8030084E80300134BD3F84C211203C0
S21400C1E01CD5A3F5FE431C884FF6FF739C4208BF80
S21400C1F08C248DF81940FEF763FA204480F308007B
S21400C2008DF818000948FBF70DFF6846FEF7C0F9E1
S21400C2103220FEF75BFA00200BB030BDD3F8504159
S21400C220E4B2E6E7385004000080E00F00F0490270
S21400C2300028ACBF00F16040064B4FEA0111C9B2BE
S21400C240ABBF00F5614000F00F0080F800131954F2
S21400C250704700BF14ED00E008B52EF037FB0B4B1F
S21400C2601A7872B901221A702EF02BFB6FF00402B6
S21400C27010460132052152B2FFF7DAFF3D2AF7D108
S21400C28008BDBDE808402EF01CBB00BFCE5C0020F9
S21400C290002807DB01234109034A00F01F00834002
S21400C2A042F82130704700BF00E100E0054B421124
S21400C2B053F8223000F01F0023FA00F0C04300F0CD
S21400C2C00100704700E100E0002808DB0122430976
S21400C2D0034900F01F008240603341F82320704776
S21400C2E000E100E010B504462EF0E3FA024B1C60B5
S21400C2F02EF0DAFA002010BDD83D002010B52EF042
S21400C300D8FA034B1C682EF0CFFA204610BD00BFAB
S21400C310D83D002038B50C461546014610B9FFF743
S21400C320EDFF01462B46224603480EF093F90028FF
S21400C330D4BF3720002038BD1F22030008B500F008
S21400C340E3FB18B16A2102482EF0B5FB002008BDB9
S21400C350B1B7030008B500F049F80C4A536A43F435
S21400C36070235362EFF308834FF0CD31084A043B45
S21400C370934208D200F070FAFFF7E0FFBDE80840ED
S21400C3800448FEF795BD43F80419F1E700ED00E018
S21400C39008000020944E040007B5042200200DEB90
S21400C3A0020129F01CFD042803D0D72104482EF0F2
S21400C3B082FB019800F0DCF903B05DF804FB00BFD7
S21400C3C0B1B70300082310B50C0A41400648C9B2AD
S21400C3D041F30002013B024013F0FF0382EA5101E1
S21400C3E0F6D184EA010010BD2083B8ED38B5FEF71B
S21400C3F03BFC044625F022F9E3072AD40122104626
S21400C400114600FA01F3234002F1010223D01D4B2E
S21400C41033F811301C48062B028844881B4920D16B
S21400C4204FF20F039C4219D1B2F5406F28BF4FF46C
S21400C430C0624CF23C330A80438040F201730A88A3
S21400C4409A4201BF124B134AD2E90001C3E9000128
S21400C45015E00021DBE7102AD2D1DBE74FF4C062FB
S21400C460E7E740F20725AB420AD14FF20F05AC4290
S21400C47006D19A4204D14CF23C320B80428038BD41
S21400C4800B80DAE7FC510400E0630020BA57002076
S21400C490DC3D0020D8630020014B1888704700BFA1
S21400C4A0BA570020014B1888000A7047BA57002078
S21400C4B0044B05481B881A0AB3F5406F38BF00EBDB
S21400C4C082007047BA570020CC510400044B1888ED
S21400C4D0044B020A53F82230C0B203EB80007047C8
S21400C4E0BA5700209C51040010B504462EF0E5F91A
S21400C4F04FF20F02044B1C805A80BFF35F8FBDE8DB
S21400C500104025F056BE00BFE06300206D4A2DE9BE
S21400C510F0416D4B55686D4C5D65516A99656C4987
S21400C520D1F80002D865D1F80412586B1966916AE2
S21400C53010F0040F5966D16A4FF000009966116B2F
S21400C540D966516B1967D26BD8645A67D3E90E1255
S21400C55018BF11465F4A91421A655DD301F120006B
S21400C560A04259D88869C5F308051864CE69062D17
S21400C5705E6455D1584DA84252D3584DA8424FD26A
S21400C58005884DF6426085424AD11868C3F8900087
S21400C5905868C3F8940040F20170A242154604D2CF
S21400C5A02E680432B6F1CD3FF7D00022C3E91E2232
S21400C5B0C3E92022C3E92222641BDFF81CC1434DD5
S21400C5C0DFF818E19C648D422DD8D3E91EC7D3E965
S21400C5D02065D3E922414FF0000E013AD2B2FF2A7D
S21400C5E03CD1BEF1000F05D0C3E91EC7C3E92065E4
S21400C5F0C3E92241B3F85430C3F308030C2B3BD8ED
S21400C600022B54D9DA1E092A51D8DFE802F0315736
S21400C610404350505050504D0021C3E910112D4951
S21400C6204FF42060B9E755F8044D6445CBD3744504
S21400C630C9D2E607C7D50026294F57F8048FA0456C
S21400C640C1D00136062EF8D132B1013AD2B202F18B
S21400C6501E0643F82640B6E70522F8E7E0464FF008
S21400C660010EBC4637462E4625460C464146B4E7E4
S21400C67040F60120BDE8F0813B2B18D1194B9B6991
S21400C68013F0020F40F2025318BF1846F2E740F6C6
S21400C6900320EFE740F6042240F20173B0F5206F66
S21400C6A00CBF10461846E5E740F60520E2E740F6E0
S21400C6B00722013B4B2B98BF1046DBE740F60220D3
S21400C6C0D8E700BF00ED00E0486300200810002017
S21400C6D000E100E008000020D0420000C0AE0300E9
S21400C6E0BC6300200080015A00F00CB800F00AB8C5
S21400C6F000F008B800F006B800F004B800F002B881
S21400C70000F000B872B61EF0080F09D01EF0040F35
S21400C7100DD0DFF850E0AEE8FF1F6FF002000CE02F
S21400C720DFF840E0AEE8FF1F6FF00E0005E0DFF830
S21400C73034E0AEE8FF1F6FF006006946EFF30982AB
S21400C7408EE8070086460848084C854501D3A5456F
S21400C75001D384F30888FFF7D9FE84F30888FFF72F
S21400C760C3FE000048630020480000200810002098
S21400C7704BF6EF6283B2002B08BF1346044A000C48
S21400C78013804FF6CE2308BF1846024B188070471A
S21400C790E26B0020E06B00200B4BB3F900201888FA
S21400C7A0002AB8BF80F0620042001A80074AB2F939
S21400C7B0001013880029BCBF83F4805383F00B035A
S21400C7C05900118058407047E26B0020E06B002053
S21400C7D007B5684600F01AF8DDE900010022034BB1
S21400C7E003B05DF804EB25F0E0BF00BFE43D002099
S21400C7F007B5009313460A460146034825F089FD0F
S21400C80003B05DF804FB00BFE43D00200249034A84
S21400C8100160521A42607047A86C00200000012098
S21400C82000487047E43D002038B5416004462EF0CD
S21400C83040F805462146044824F017F92846BDE886
S21400C84038402EF031B800BF0C3E0020014824F0DE
S21400C85009B900BF0C3E00200222014B1A67704740
S21400C8600040005070B52EF024F8174E05461748C5
S21400C8702EF0CAF83378CBB900F046F9044620B15A
S21400C88028462EF011F8204670BDFFF7DFFF2EF089
S21400C89085F90F4B1C602CF05DFE0E4B0E4A18609F
S21400C8A0536F43F00103536725F09BFF00F028F811
S21400C8B025F0AEFF094B002418600123284633708C
S21400C8C02DF0F2FFDFE700BFDA5C002074500400B2
S21400C8D0103E0020383E002000400050143E00204D
S21400C8E0054B1B685843054B00F5742000F23F20AB
S21400C8F0B0FBF3F0704700BF383E002040420F0008
S21400C900294B2A4AD3F8003170B503F003031360AD
S21400C9102CF0B6FB4FF4C870FFF7E2FF0022244B62
S21400C92024491860244C0B680132D2B20A2A44F813
S21400C930040BF9D1034400EBC00003440B601F4B0B
S21400C9401F4D1B7813B3184BD3F8003103F00303C5
S21400C950022B22D0032B23D0012B17D12CF028F941
S21400C960024698B1174B184EDC6800231946C4F3EC
S21400C9700B04013404EB84040138E4FB06010EF0DA
S21400C980EDFBFFF7ADFF2B6803442B601F20FFF77E
S21400C990A7FF2B6803442B6070BD2CF053F9DFE72C
S21400C9A02DF09AFFDCE700BF00800050783E0020A4
S21400C9B03C3E0020403E0020443E0020DE5C00203E
S21400C9C0703E002000C0015040420F000122154B6F
S21400C9D010B55A67144B154C1B7813B302202EF073
S21400C9E0CEF8F0B12CF03CFED8B1A36DD90302D539
S21400C9F0E36D9A0715D40D4B9B6DDB0711D401220E
S21400CA000B4B1A702EF0AFF8BDE81040094B0A4ADF
S21400CA101860136F23F0070343F0030313672CF02B
S21400CA20ADB810BD00D00050DF5C002000C0005044
S21400CA30DC5C00206C3E0020008000500122014B90
S21400CA401A707047DF5C002007B5FFF7C1FE01A82B
S21400CA50FEF778F99DF80530012B25D1234B9A6D0A
S21400CA60D20311D45A6B6FF3162242F4BC1242F46E
S21400CA70A0625A631A6B22F4704242F440421A6370
S21400CA801A6B42F4E0621A639DF8043063B94FF003
S21400CA9000531B68164B1B68164B1B68164B1B680F
S21400CAA0164B1B68164B1B68164AD2F8803043F0AC
S21400CAB00303C2F8803025F0B3FEFFF7CDFBFFF787
S21400CAC077FBFFF77DFB0DF00FFEFFF7CBFE00F0C8
S21400CAD01BF825F0A6FEFFF73DFC25F0B1FE28F07A
S21400CAE0AEFF03B05DF804EB25F09CBE00C000501E
S21400CAF0004000200080002000C000200000012030
S21400CB00004001200080005070B52DF0DFFE144E6E
S21400CB1005463478FCB9134B1C60134B1C60134B52
S21400CB201C6000F031F801202CF088FE2CF07AFE14
S21400CB300F4B0246186020B928462DF0C2FE23206F
S21400CB4070BD234640F2E7310A480EF007FB0A4B59
S21400CB5018600123337028462DF0B3FE0020EFE75F
S21400CB60E25C0020883E0020843E0020903E0020AC
S21400CB708C3E002018FCFFFF803E0020014B18680A
S21400CB80704700BF803E00201FB50024184B186871
S21400CB909A880290D3F806009B7A00901548ADF864
S21400CBA00C208DF804302DF02FFF02A88DF80840D9
S21400CBB08DF80C40FEF7A2F8694601208DF800407B
S21400CBC0FEF760F81F220C4B9A615A614FF0B04294
S21400CBD0936A13F00803FBD113620120FEF76CF88A
S21400CBE00A20FFF771FB0A20FFF752FB04B010BDC6
S21400CBF0255204006C5004000020005810B52DF09B
S21400CC0065FE4FF0B04304465B691A07074A03F017
S21400CC10010003F00D0348BF40F0020053612CF002
S21400CC2035FD2046BDE810402DF04BBE00200058D4
S21400CC3021282DE9F341054604D82C46204602B0AB
S21400CC40BDE8F08100240B4E0B4FDFF83080002348
S21400CC50CDF800801A461946386824F04FFA844208
S21400CC60EBD2222CE9D056F8043BAB42E6D0013496
S21400CC70EDE700BF44550400E4660020FFFF0F0008
S21400CC802DE9F04F644E654D89B025F025FE3168DC
S21400CC902868FCF74DFB0446002827D0336800249C
S21400CCA0D3E900019A6912689047336804A89B6923
S21400CCB09B689847336802209B69DB689847326810
S21400CCC005985368E7B2B3FBF0F3BB42916904F1F1
S21400CCD001044ED8CB680020984733689B695B6890
S21400CCE0984731682868FCF723FB04460027DFF8DE
S21400CCF044A1DFF84481DFF84491F4B9484B286832
S21400CD00DB5D002B00F08380D8F8006002AB314674
S21400CD1003AAFCF78FFC2D2807D070B9039B012BC4
S21400CD200BD031462868FCF7D9FEDAF800303146D9
S21400CD301A682868FCF752FE04460137222F0AF1CB
S21400CD40040A08F1040809F10109D6D1B4FA84F3FB
S21400CD50344A5B0913702B681B7C33B125F088FDC1
S21400CD6018B1DB2130482DF0A6FE204609B0BDE8FC
S21400CD70F08F12680B6907FB002098479FE7D8F8EA
S21400CD80003003AA194402AB0191FCF753FC2D288E
S21400CD90034601992BD0286813B30BF1010B5FFAF9
S21400CDA08BF18E422868EAD8204BDB5D002BC4D07E
S21400CDB0F3B27E2B2868C0D8D8F8003003AA06EB5A
S21400CDC0030B594602ABFCF735FC2D28B5D0594667
S21400CDD02868FCF783FE013604460028E8D0ACE756
S21400CDE0039B7BB999F80020029B9A42D5D099F80C
S21400CDF00030DAF800202868FCF7EAFC0028CCD0DF
S21400CE000446D1E70191FCF769FE0199EFE7084B6C
S21400CE10A346DE5DC3E700BFC4660020E4660020CC
S21400CE2020550400E45C002038B80300FE540400DB
S21400CE30BA5404003052040044550400DC54040084
S21400CE40F8B51F46214B04461B780D46164623B1FF
S21400CE5000F47E23B3F50E2F2BD02046FFF7E8FE16
S21400CE602128044614D81A4B53F82010194B1B7867
S21400CE70ABB1194B212C18681DD8184B1B5DD3B1CC
S21400CE803268FCF7ABFD044650B125F0F0FC07E035
S21400CE90FF2807D93A46314680B225F0FCF900242F
S21400CEA02046F8BD4FF4A9710D482DF004FE002170
S21400CEB0DCE70146DAE77F2D08BF00253B46324611
S21400CEC051FA85F1FCF784FCDDE700BFE35C002047
S21400CED044550400E45C0020E4660020205504006D
S21400CEE038B8030030B5134600F07E62B2F17E6FAC
S21400CEF08BB00DD10A46C0F30B016846FEF71AFA4E
S21400CF0020B140F2931109482DF0D5FD0BB030BD8D
S21400CF105A0825F0AFFC0028F8D04FF49C7103485F
S21400CF200BB0BDE830402DF0C6BD00BFC9B8030049
S21400CF302DE9F743C70705460E46144604D540F2CA
S21400CF40E31149482DF0B7FDE10704D54FF4F2711F
S21400CF5045482DF0B0FD454B93F80080B8F1000F22
S21400CF6020D043F260239D4208D1224631464048F5
S21400CF700EF0F0FD002003B0BDE8F083C5F30B070C
S21400CF8005F44055B5F5805F14BF4FF40F204FF4FD
S21400CF900E20234632467F21384303B0BDE8F043D7
S21400CFA0FFF74EBF05F47043B3F5805F3FD1C5F37E
S21400CFB00B05304A05F17E65631E2B44934230D83C
S21400CFC02F46DFF8A49007EB0408474542D1AA078E
S21400CFD00ED04FF6FF7336F8022BA81E43EA024324
S21400CFE004220DEB02010193FFF77CFF0235023CA1
S21400CFF0A3070ED0023C24F00103F35A04226FEA82
S21400D00003436FEA13430DEB020128190193FFF760
S21400D01069FF002CAED0224631462846FFF762FF55
S21400D020A8E740F2FD1110482DF045FDC8E705F4CD
S21400D0306043B3F5005F04D1C5F30B0505F53E2547
S21400D040BEE740F2052108482DF035FD6FF00F07CA
S21400D0504546B6E717F8013BFF2BB6D04FF40471F0
S21400D06048462DF028FDB0E7C9B80300E35C002071
S21400D070E46B0020FF03E00F10B500F077F825F012
S21400D08045FC044618B100F079F8204610BD00F0C3
S21400D0907BF804460028F6D10122014B1A70F2E70D
S21400D0A0E55C0020054B1B7833B1054BC0F313013C
S21400D0B000221868FCF7D6BC11207047E55C0020FB
S21400D0C0E4660020144B2DE9F0411B7805460E4619
S21400D0D01746FBB125F001FC012805D9841EE4B2F1
S21400D0E0012C09D9212412E03B4631462846BDE8EA
S21400D0F0F041002200F052B800F038F83B4600221B
S21400D1003146284600F076F8044600F037F8204608
S21400D110BDE8F0811124FAE7E55C0020124B70B5FB
S21400D1201B7804460D461646E3B125F0D6FB0128CB
S21400D13005D9831EDBB2012B08D9212410E0324624
S21400D14029462046BDE8704000F040B800F00EF8D2
S21400D15020463246294625F0DBFB044600F00EF852
S21400D160204670BD1124FBE7E55C002008B52DF0D5
S21400D170A0FB014B186008BD943E0020014B1868C8
S21400D1802DF092BB943E0020024B1968024B1868A3
S21400D190FCF7CEB8C4660020E466002037B5054626
S21400D1A00C46C0F313010848ED02006805D5224678
S21400D1B003B0BDE83040FCF709BA00931346224698
S21400D1C0FCF7BEF903B030BDE466002030B4054677
S21400D1D01346074A0C46C0F313011068EA0203D54B
S21400D1E0226830BCFCF7FABB224630BCFCF7F0BA2B
S21400D1F0E4660020F7B505460F4614461E461BB9E2
S21400D2002125284603B0F0BD0029F9D025F065FB9E
S21400D2104BF23462ABB2934220D14FF0FF3322463A
S21400D2206946CDE9003325483346FFF7E3FF082279
S21400D2300546234968460EF049FE38B9334622466D
S21400D240694641F2F010FFF7D5FF0546002DD8D10C
S21400D2503246694638460EF07DFCD2E741F2F012BF
S21400D26093420FD1174B311908299A6CDB6CC7D83B
S21400D270CDE9002332460DEB040138460EF06AFC79
S21400D2800025BEE702280BD1C5F30C4332199342A2
S21400D290B6D3C5F30B0104F17E6432462144ECE7B5
S21400D2A0032809D1C5F30C4332199342A8D3C5F31A
S21400D2B00B0104F53E24F0E70125A2E7021008C0A2
S21400D2C0D05504000080E00F10B527F081FD28F04F
S21400D2D018FEBDE81040034601210220014A02F074
S21400D2E00BBC00BF60B9030013B5D0E9023253F897
S21400D2F022301C78204627F07DFD23460090012131
S21400D3000220024A02F0F8FB02B010BD74B9030016
S21400D310014B187827F056B9E65C0020FF232DE96C
S21400D320F04F8FB01122002108A88DF813300EF0B0
S21400D33081FA08A826F006FB01210220B04A08ABB5
S21400D34002F0DAFB41F24903AE4A0121022002F064
S21400D350D3FB06A826F025FC08A90DF1130026F03D
S21400D3602BFC02200021A84A02F0C6FB002027F072
S21400D3705AF910B106A809F047FE9DF92A30012196
S21400D3800220A24A00939DF82B3002F0B5FB27F04E
S21400D3901BFD831EDBB2FC2B054631D80121022083
S21400D3A09B4A02F0A9FB01249A4E9B4FDFF8D082DD
S21400D3B0234632460021022002F09EFB05A9E0B279
S21400D3C027F004FD034650B1A0F11602012A40F2F0
S21400D3D0AA8042460121022002F08EFB0CE09DF955
S21400D3E014303A4601939DF816300121009302202E
S21400D3F09DF8153002F080FB0134E3B29D42D7D889
S21400D400BDF8284008F0ECF923460021834A009036
S21400D410022002F071FB02200021814A02F06CFB20
S21400D420002027F000F910B108A809F0EDFD012151
S21400D4307C4A022002F060FB27F022FC044627F01C
S21400D4401DFC23460121784A0090022002F054FB7E
S21400D45008F09EFE00210220744A02F04DFB9DF863
S21400D4601330FF2B65D000210220714A02F044FBE6
S21400D47001216C4A022002F03FFB26F0A2FB0121AC
S21400D48003466C4A022002F037FB08F081F90021BF
S21400D4900346694A022002F02FFB26F098FB04465A
S21400D4A026F097FB23460121644A0090022002F0F2
S21400D4B023FB2DF00DFB08F013FF01210346604A05
S21400D4C0022002F019FB0025DFF8B88108F008FFFB
S21400D4D0ECB2A04233D82DF0FBFA0123594A194684
S21400D4E0022002F009FB002027F06CF8564B574C40
S21400D4F00093012100230220554A02F0FDFA23681A
S21400D50063B1012102201B78524A02F0F5FA236823
S21400D510012102205B78504A02F0EEFA27F057F815
S21400D5200FB0BDE8F08F012102204C4A02F0E4FA69
S21400D53062E7002102204A4A02F0DEFA98E7494BE9
S21400D540204603EB0416D6F8089008F083FF8246C0
S21400D550204608F0CBFE444F00280CBFC346BB460F
S21400D560204608F077FF0AF031FD002808BF47463E
S21400D570534600210220CDE900B73C4A02F0BCFA2F
S21400D580B37901210293B388022001937388384A45
S21400D5900093337B02F0B0FA0026DFF8ECB099F87F
S21400D5A00430F4B2A34203D82DF092FA01358DE789
S21400D5B014235C43D9F8007002203A5B07EB040A98
S21400D5C09AF90C3000922B4A002132EA230228BF37
S21400D5D05A461346284A02F08FFA002027F023F80E
S21400D5E038B150463C5B26F05BFB014620460AF00D
S21400D5F03BFD01210220214A02F07EFA0136CEE7E9
S21400D600B5B90300C4B90300E0B903000CBA0300BF
S21400D610E7B90300FDB9030004BA030039BA0300F2
S21400D62059BA0300A3BA030062BA030084BA03001F
S21400D630E6DA03008FBA0300A5BA0300BBBA0300FC
S21400D640D1BA03004ABB030062BB0300904300202C
S21400D65056BB030070BB030084BB030021BA030063
S21400D66041B70300C44200208CB90300DCBA0300B3
S21400D670FCBA0300A9B9030032BB0300350304005B
S21400D6802CBA030094B903009DB903002DE9F743B3
S21400D6900025134EDFF8588008F022FEECB2A042B8
S21400D6A002D803B0BDE8F0832701204616F807909D
S21400D6B008F01CFE0B4A4B46002808BF42460021D5
S21400D6C002200092084A02F017FAF05D26F085FA6A
S21400D6D001210220054A02F00FFA0135DCE700BFFF
S21400D6E0C4420020CE0904009FBB0300350304009B
S21400D6F0D809040008B583685A681178C26853F8D8
S21400D7002230A1F1650251425141187808F0A4FF79
S21400D71030B9BDE8084001210220024A02F0ECB907
S21400D72008BD00BFAABB030000210220014A02F088
S21400D730E3B900BFC4BB030000210220014A02F087
S21400D740DBB900BFF2BB030010B5044686B0182252
S21400D750002168460EF06EF8684626F0B3FED4E95F
S21400D760022052F8203002EB80021B788DF80B3036
S21400D770516891F900108DF80A1091680988ADF883
S21400D78008106168091A032907DDD26803F01F0331
S21400D790127843EA42138DF80B30684608F0CEF84C
S21400D7A000210346024A022002F0A6F906B010BD88
S21400D7B00EBC030007B5002027F0CAFA002100902F
S21400D7C0034B0220034A02F097F903B05DF804FB0E
S21400D7D01BBC030021BC030013B5D0E9023253F88A
S21400D7E0221003EB82035B68087819680023094C53
S21400D7F0A222994208BF2146C01A18BF012027F06E
S21400D8009BFA01210090044B0420044A02F074F9AC
S21400D81002B010BD00F8FF072CBC03003ABD0300A1
S21400D82013B5D0E9023203EB820153F82230D1E976
S21400D83001141878FF22003818BF012023780968E1
S21400D84027F07AFA01210090034B0420034A02F0E5
S21400D85053F902B010BD00BF33BC03003ABD03004D
S21400D86008B5002101230C4A27F0EBF80A4826F0F9
S21400D8704BFE0020094909F05FFC002026F0D3FE8D
S21400D88010B1054809F0C0FBBDE80840012104209E
S21400D890034A02F031B900BF1862002048BC0300FA
S21400D8A03503040010B526F096F9034630B1BDE8FE
S21400D8B0104001210420054A02F01EB90121BDE8EE
S21400D8C010400420024A02F017B900BF56BC0300FD
S21400D8D067BC030010B526F019FEBDE810400346ED
S21400D8E001210220014A02F007B900BF72BC030002
S21400D8F010B526F0DDFDBDE81040034601210220EC
S21400D900014A02F0F9B800BF88BC030037B5D0E979
S21400D9100232012453F822304FF6FF701D78FE22A3
S21400D92004FA05F1002327F073FA2B4600902146EF
S21400D9300420024A02F0E0F803B030BD9CBC0300AD
S21400D940D0E9023253F822301B7823B1012102209D
S21400D950024A02F0D1B8024A13707047BBBC0300FB
S21400D960E65C002007B5684626F01BF907F038FF8E
S21400D97001210346084A022002F0BEF8684609F074
S21400D98043FB08F0A1F901210346044A022002F0F5
S21400D990B3F803B05DF804FBD1BC0300EBBC030096
S21400D9A037B5D0E90245406854F82530401B0328B7
S21400D9B0D8BF002004EB8504C8BFE0681978636808
S21400D9C0C8BF00781A78A36893F900300090012049
S21400D9D027F0A2F938B901210220084A03B0BDE8B1
S21400D9E0304002F089B8064B0190009301210220D6
S21400D9F0044B054A02F080F803B030BDFCBC0300BF
S21400DA0004BD0300D8EB030018BD030007B50120D2
S21400DA1027F08AF948B9009001210220084B094AEC
S21400DA2002F06AF803B05DF804FB054B0190009322
S21400DA3001210220044B054A02F05EF8F2E700BF1F
S21400DA4004BD03002FBD0300BD17040018BD03006E
S21400DA5008B5D0E9023253F82230187827F016F9C4
S21400DA6030B9044A0121BDE80840042002F044B859
S21400DA70014AF7E744BD030060BD030008B5D0E9DE
S21400DA80023253F82230188827F0FEF830B9044ADC
S21400DA900121BDE80840042002F02EB8014AF7E74D
S21400DAA07FBD0300AFBD030073B50378044613F0D3
S21400DAB0050F0ED04588062D17D1836801215B68B7
S21400DAC0174A1B780193838804200093154B02F0B5
S21400DAD013F82378012B20D001210420114B124A81
S21400DAE002B0BDE8704002F007B835B9838801215E
S21400DAF004200E4A02F000F8EBE7012DE9D1866813
S21400DB000B49002009F018FB304609F07DFA29463B
S21400DB100420084A01F0F0FFDBE702B070BD00BF4A
S21400DB20E5BD0300DCBD030037BE030002BE0300F4
S21400DB301FBE0300350304002DE9F04F00268FB00A
S21400DB40364D09AC0FCD0FC42B6801210220344A94
S21400DB50236001F0D1FF3446DFF8DC9026F035F87C
S21400DB60F5B2A8420BD826F030F8234600900121E3
S21400DB7002202C4A01F0C0FF0FB0BDE8F08F284607
S21400DB8005A927F06DF80346002841D19DF814300A
S21400DB90032B39D904238DF814302B46002102209C
S21400DBA0214A01F0A9FF9DF814300EAA02EB830368
S21400DBB000214A4653F8143C022001F09DFF2846F7
S21400DBC09DF821A09DF815B09DF81870BDF8168038
S21400DBD027F048F85346CDE9028000210220CDE91F
S21400DBE000B7124A01F088FF01340020E4B226F0A4
S21400DBF01AFD18B10DF1190009F006FA00210220ED
S21400DC000B4A01F079FF01E0002BC6D10136A5E7EB
S21400DC1000210220074A01F06FFFF7E7D8550400FD
S21400DC2049BE0300C2BE0300FFB9030076BE030070
S21400DC3012B203009DBE030049C90300C368826890
S21400DC40013BDBB252F8233002201B78652B14BF51
S21400DC5000220121044B1BBF01211A70034A044A0B
S21400DC6008BF197001F048BF4B6C0020D9BE0300F6
S21400DC70E7BE0300D0E9023253F822301A88014B7F
S21400DC801A807047E66B002007B5D0E9023103EB37
S21400DC90810253F8213052681988054B05481288CE
S21400DCA000930088012309F0A3FE03B05DF804FB8F
S21400DCB0A9DA0000E66B0020C3688268013BDBB28D
S21400DCC052F823305B78A3F1660253425341014A6F
S21400DCD0137070474E6C002030B5D0E9023253F80E
S21400DCE0223089B01D78012302AA1946044626F080
S21400DCF0A8FE01230093102302210DEB0302204609
S21400DD0026F080FE284604AA02A927F09BF80446BF
S21400DD10002026F088FC18B12146044807F0F0FDE4
S21400DD200020034909F0EEF909B030BDF6BE030045
S21400DD3035030400002330B58FB00221009309AAF2
S21400DD401223054626F05EFE05AA014609A807F03E
S21400DD50B5FB044698B1232805D1134A01210420B7
S21400DD6001F0CAFE09E0212801D1104AF6E7034671
S21400DD70012104200E4A01F0BFFE0FB030BD012382
S21400DD802846194603AA26F05CFE05A903A827F034
S21400DD905BF80546204626F046FC18B1294605489D
S21400DDA007F0AEFD044AD9E703BF030026BF030011
S21400DDB061BF030082BF030035030400F0B5D0E95D
S21400DDC0023253F8221003EB82039B6805461F7845
S21400DDD087B038460E7826F006FC044608BBD5E920
S21400DDE0022101238DF80830194452F8210002EB75
S21400DDF0810200888DF809709268ADF80A001278E2
S21400DE0004218DF80C2028460DF10D0226F019FE8F
S21400DE10304602A98DF8154026F026FF044626F067
S21400DE20D6FB334601210420024A009401F064FE2A
S21400DE3007B0F0BD97BF03002DE9F04101218EB079
S21400DE400220274A01F058FE002005AB01AA09A9C6
S21400DE5026F0F2FF00250446224E234FDFF8988076
S21400DE601CB128460EB0BDE8F08102202B46324693
S21400DE70214601F041FE204626F0D5FB10B10AA847
S21400DE8009F0C2F83A46002102209DF8303001F031
S21400DE9033FE424600210220079B01F02DFE0021A2
S21400DEA00220BDF82030114A01F026FEBDF81430DD
S21400DEB000210F4A022001F01FFE013501A826F0BE
S21400DEC0ADFBEDB2012102200A4A01F015FE2846FC
S21400DED005AB01AA09A926F0AFFF0446C0E700BFBC
S21400DEE0C9BF03000FC0030017C0030005DB030013
S21400DEF02CC003003503040023C003002DE9F047BF
S21400DF00064698B0C0B925F05EFE074600250EA866
S21400DF1026F09CFF01210220384A01F0EDFD2C4638
S21400DF20DFF8E080DFF8E090DFF8E0A0BC4205D341
S21400DF30284618B0BDE8F0870127E7E713A826F0C3
S21400DF4085FF002E4CD0022306A913A88DF84C306E
S21400DF50FE2426F06DFF00283FD102A913A826F064
S21400DF606DFF9DF8593043F001038DF85930002EAF
S21400DF703DD1234631460220214A01F0BDFD9DF8E1
S21400DF8059300AA943F0010313A88DF8593026F03A
S21400DF9055FF002026F047FB10B114A809F034F80E
S21400DFA00C9B42460021022001F0A6FDBDF8282069
S21400DFB0002112F4007F0CBF4C23412312F0100FF7
S21400DFC00CBF6E227922022000924A4601F094FD90
S21400DFD006A826F023FB0135EDB20134E4B2A5E72E
S21400DFE020460AAB06AA13A926F024FFB3E752463A
S21400DFF00021022001F080FDC1E700BF36C003000B
S21400E0000FC0030023C0030072C003006BC00300F0
S21400E01030B5012499B00EA826F018FF13A88DF885
S21400E020384026F0B1FEC0B9BDF84C1011EA040520
S21400E03013D121460220444A01F05EFD2946022003
S21400E040424A01F059FD214602203F4A01F054FDA4
S21400E050214602203C4A01F04FFD06A90EA826F0F4
S21400E060E7FE20B11022FF2106A80DF0E3FB04A86E
S21400E07026F0E6FE059B01210220354A0093354B2B
S21400E08001F03AFD9DF8123001210220324A009339
S21400E090304B01F031FD00212E4B304A022001F0BA
S21400E0A02BFD06A826F0BAFA13A826F0CFFE022308
S21400E0B00AA913A88DF84C3026F0C0FE00283FD1E0
S21400E0C00B9B009301210220254B264A01F014FDEC
S21400E0D00121234B244A022001F00EFD0120FFF708
S21400E0E00DFF01211E4B214A022001F005FD0020F4
S21400E0F0FFF704FF044625F066FD23460090012145
S21400E10002201B4A01F0F8FC01211A4B174A022094
S21400E11001F0F2FCFFF790FE174902280346174865
S21400E120174A28BF0A46084928BF01460092CDE98B
S21400E130013102200121134A01F0DEFC19B030BD86
S21400E1404FF0FF33BDE700BF3503040085C0030072
S21400E150C3C00300BBC00300D3C0030062EA0300D1
S21400E1608FF80300E6C00300F6C00300FDC00300FE
S21400E17006C103001AC1030081C00300CCDF030000
S21400E1801EE0030028C1030010B5D0E9023253F8A0
S21400E19022301C78201E18BF012026F0E1FD054A1B
S21400E1A0054B0020002C18BF1A46BDE81040034956
S21400E1B008F0A8BF55C1030050C103005EC10300AC
S21400E1C0D0E9023210B553F822301C88204626F0DB
S21400E1D0C9FD2246BDE810400020014908F092BF64
S21400E1E09FC1030037B5044607F0D2FA014638B19E
S21400E1F000200D4A0D4903B0BDE8304008F082BF4C
S21400E200E368A268013BDBB252F8233008481D7869
S21400E2100123084A00936C2D08BF024610232046AF
S21400E22026F0F0FB03B030BDEDC10300F5C10300DE
S21400E230346C0020246C002013B583689A6812782A
S21400E240672A22D101A826F09FFD0446A8B9BDF88A
S21400E2500420174908F056FFBDF80430DA070AD440
S21400E26013F0020F134B144A18BF1A461349002026
S21400E27008F048FF19E0124AF8E702461149002064
S21400E28008F040FF22461049F1E7C26801A953F89A
S21400E290220003EB82035B6800681B68ADF804305D
S21400E2A026F078FD04460028ECD102B010BD00BF71
S21400E2B028C203001BC20300BFEB030049C20300D1
S21400E2C00BC203005BC2030087C20300034A044973
S21400E2D01388C85401331380704700BFCA57002004
S21400E2E0EC5C002073B5154D01242B78144E13F00A
S21400E2F0040F0CBF02230423124A214614703288EE
S21400E30002200192EB5C104A0093104B5B8801F0F0
S21400E310F3FB002102200E4A01F0EEFB0D4B2946CE
S21400E320009332882346022001F02CFC214602206E
S21400E330094A02B0BDE8704001F0DEBBEC5C00208C
S21400E340CA570020EB5C002096C20300BC57002092
S21400E350BBC20300DDC203003503040070B51646D9
S21400E3604FF48A52114B124DDA805980114B1B889C
S21400E3701A1E18BF012240EA82000F4A1278003A9D
S21400E38018BF012240EA0210287063B103246B70A4
S21400E3901B0AAB7009F088FE631C2855EE54074B29
S21400E3A002341C8070BD0124F4E700BFBC57002077
S21400E3B0EC5C0020C8570020EA5C0020CA5700200A
S21400E3C038B5D1E902320C46054653F822300246EB
S21400E3D019880C4B1878FFF7C1FFE368A268013371
S21400E3E052F82330188824F0D5FA4DB1E368A268B5
S21400E3F0023352F823301878BDE83840FFF766BF7E
S21400E40038BD00BFE75C0020F0B50546EB68AA689B
S21400E410023352F8233008461C78294685B0FFF7A9
S21400E420CFFF204625F028FC204E214F78B320460B
S21400E43025F02EFC0321441C03AA284623F011FBDA
S21400E4403288E4B2C2F1FF0303991B1B9BB28B42D6
S21400E45022443CBFC2F1FF03039301230321009330
S21400E4603A449DF80C30284626F0CCFA039A022C43
S21400E470338804BF0F48110AFA5408BFC154134426
S21400E4801C44348005B0BDE8F040FFF72BBF2046A3
S21400E49007F086FE012332880446009303210346D4
S21400E4A03A44284626F0AEFA3388E9E7CA570020F1
S21400E4B0EC5C0020ED5C0020052307B501210093ED
S21400E4C00220044B044A01F017FB03B05DF804EB8E
S21400E4D0FFF79EBDC4C20300CBC2030013B50446BB
S21400E4E026F04EFC38B1CDE9004001210220034B56
S21400E4F0034A01F001FB02B010BD00BFEDC10300EE
S21400E500E2C20300194B37B51B783BB90121022044
S21400E510174A03B0BDE8304001F0EEBAD0E9023247
S21400E520144C53F8223001211D7863880220009392
S21400E530114A2B4601F0E0FA104B25711B78104D5E
S21400E54063B1012102200F4A01F0D6FA20460E4A96
S21400E550298803B0BDE8304025F02FB920460A4A86
S21400E560298803B0BDE8304025F0E9B9EB5C00200F
S21400E570F9C20300BC57002007C30300E85C002074
S21400E580CA5700201EC30300EC5C00202DE9F041B2
S21400E590D0E9023253F8221003EB82035A680C7853
S21400E5A017889A68DB68B2F80080C6B01D7800212C
S21400E5B0304B0220304A0094CDE9017801F09CFAF5
S21400E5C0002D0CBF6E237923012102202B4A01F077
S21400E5D093FAFF23002D0DF1170606AD0193204692
S21400E5E00CBF80234023424639460296009525F00C
S21400E5F089FE0446002835D1307825F043FB0746CF
S21400E600B0B1284625F0CEFF1D4BFD28A8BFFD2043
S21400E6100093234682B20DF11901022001F0B2FAEE
S21400E62001210220174A01F067FA46B0BDE8F081E2
S21400E630307825F02DFB60B1284625F0B8FFFD2880
S21400E640A8BFFD200E4B82B200930DF11A013B4687
S21400E650E3E7307807F0A4FD0B4B0246009329460B
S21400E6600123DAE7009001210220084B084A01F056
S21400E67043FADAE72BF9030038C303005DC303004F
S21400E680E30C040035030400DDC20300E5CB030001
S21400E69067C30300D0E9023253F8221003EB82036B
S21400E6A02DE9F04F5A680F78B2F800809A68C7B024
S21400E6B0B2F80090DA681B6992F800A01E78002174
S21400E6C02F4B304A0446CDE901890220009701F01D
S21400E6D013FABAF1000F0CBF6E2379230121022032
S21400E6E0294A009606AD01F007FAFF2200212846C7
S21400E6F00DF0A0F8304625F0C5FA834608B300238F
S21400E700052100932046FD230DF1190226F07AF923
S21400E7102870BAF1000F0CBF802340234A464146BA
S21400E7203846CDE9005625F0B8FD0146144807F0F6
S21400E730E7F801210220154A01F0DEF947B0BDE8EE
S21400E740F08F304625F0A4FA60B1FD23052120465F
S21400E750CDF800B00DF11A0226F054F985F801B094
S21400E7602870D6E70590304607F01AFD059A03464E
S21400E770009205212A46204626F044F9C9E700BF44
S21400E7801EF9030038C3030078C3030035030400F2
S21400E7902DE9FF471C465B68E5685B1B00255FFAB2
S21400E7A083F803952E46FFF7D9FDEBB298450BD9B3
S21400E7B00C9B9B5D282B39D8202B00F2CB80013692
S21400E7C0F6B2002B40F0C980FFF78CFD04B0BDE820
S21400E7D0F087132A2FD801A151F822F0A3E80000F1
S21400E7E0B5E80000C7E80000FBE80000C9E7000045
S21400E7F0C9E70000C9E70000C9E7000037E80000E5
S21400E80037E8000037E8000037E8000037E8000087
S21400E81037E8000037E8000037E8000037E8000077
S21400E82037E8000047E8000021E90000A3F13102C4
S21400E830D1B21329CDD90136F6B2A3F14102032A8B
S21400E840C2D8422B6CD06C4F00213A88DFF8B0A1BA
S21400E850C2F1FE039BB2FF2B28BFFF2301320091BB
S21400E860DBB22046524469B226F0A8F83B880AF884
S21400E870030001331844388011E04FF00409E368C0
S21400E880A2682B4452F823301F68F8B209F1FF390A
S21400E890FFF71CFD19F0FF094FEA1727F5D10135E0
S21400E8A083E7E368A2682B4452F823301878FFF712
S21400E8B00DFDF4E7E368A2682B4452F8233018886D
S21400E8C024F068F8EBE7E368A2682B4452F823309C
S21400E8D01F68B7F1807F09D2F8B2FFF7F7FCC7F3DD
S21400E8E00720FFF7F3FCC7F30740E0E72B460121BC
S21400E8F00820424A01F000F966E74FF00409E36891
S21400E900A2682B4452F823301F68F8B209F1FF3989
S21400E910FFF7DCFC19F0FF094FEA1727F5D1BEE731
S21400E920294603AA204623F09CF80021324F344A99
S21400E9303B88DDF80C9002EB030CCAB2914501F15E
S21400E940010102D84B443B80A9E710F802A00CF85E
S21400E95002A0F2E7242B3FF670AF013B232B3FF6D5
S21400E96033AF01A252F823F0A3E80000B5E8000098
S21400E970C7E800007BE80000C9E70000C9E7000020
S21400E980C9E70000C9E70000C9E70000C9E70000C2
S21400E990C9E70000C9E70000C9E70000C9E70000B2
S21400E9A0C9E70000C9E70000A3E80000B5E80000DA
S21400E9B0C7E80000FBE80000C9E70000C9E7000060
S21400E9C0C9E70000C9E70000C9E70000C9E7000082
S21400E9D0C9E70000C9E70000C9E70000C9E7000072
S21400E9E0C9E70000C9E70000A3E80000B5E800009A
S21400E9F0C7E800007BE80000CA57002091C3030068
S21400EA00EC5C0020094B1B7823B101210820084A42
S21400EA1001F072B8D0E9023253F82230054A1B885A
S21400EA20012113800820044A01F066B8EB5C002040
S21400EA30B7C30300C8570020F9C30300D0E9023269
S21400EA4053F82230054A1B780121003B18BF0123EA
S21400EA5008201370024A01F04FB800BFE95C00209E
S21400EA601FC40300D0E9023253F82230034A1B7851
S21400EA70012113700820024A01F03EB8EA5C00202B
S21400EA804EC4030010B5D0E90232044653F82230D3
S21400EA90132219880B4B1878FFF760FCE368A2680E
S21400EAA0013352F823301878FFF710FCE368A268A9
S21400EAB0023352F823301878FFF708FCBDE8104000
S21400EAC0FFF710BCE75C002010B5D0E90232044620
S21400EAD053F82230112219880B4B1878FFF73EFCAA
S21400EAE0E368A268013352F823301878FFF7EEFB8C
S21400EAF0E368A268023352F823301878FFF7E6FB83
S21400EB00BDE81040FFF7EEBBE75C0020D0E902321C
S21400EB1053F82230034A1B78003B18BF0123DB0062
S21400EB2013707047E75C002010B5D0E9023253F846
S21400EB302230044619880E4B06221878FFF70EFC82
S21400EB400120FFF7C3FBE368A268034452F82330B2
S21400EB50188823F01FFFE368A268023352F82330B8
S21400EB60188823F017FFBDE81040FFF7BBBB00BFB7
S21400EB70E75C00202DE9F043D0E902324FF0FD09B2
S21400EB80013253F8221003EB82035A68C7B0178885
S21400EB909A68B1F80080147853F8043C002C0DF104
S21400EBA0170506AE18783A4614BF40238023414620
S21400EBB00295CDF80490009625F0A4FB034638B1E4
S21400EBC0184A0121082000F097FF47B0BDE8F083FF
S21400EBD0201E18BF01200A224146C000FFF7BEFBD8
S21400EBE0384623F0D7FE2878FFF770FB4A463146B2
S21400EBF0287824F0F5FF044628B10B4F3D88C5F170
S21400EC00FF03984202DD2346084ADAE70246084830
S21400EC103146284425440CF09DFF3D80FFF762FBFB
S21400EC20D3E700BF84C40300CA570020A0C4030073
S21400EC30EC5C002010B5D0E90232044653F82230CE
S21400EC40082219880B4B1878FFF788FBE368A26840
S21400EC50023352F823301878FFF738FBE368A268CF
S21400EC60013352F82330188823F094FEBDE8104094
S21400EC70FFF738BBE75C002073B5D0E902320546E3
S21400EC80023253F8221003EB820353F8042C53F895
S21400EC90083C0C781988234B168818780622FFF74C
S21400ECA05DFB0020FFF712FB304623F073FE204684
S21400ECB0FFF70CFBEB68AA68033352F8233018887A
S21400ECC023F068FEEB68AA68043352F823301888ED
S21400ECD023F060FE204609F0E7FBE8B9204607F07F
S21400ECE05FFA05210446019001AA284622F0B9FEE3
S21400ECF0019B01469C4206D0224631460A480BF04C
S21400ED0087FC02B070BD094D09482E882246304463
S21400ED1034440CF0E1FD2C8002B0BDE87040FFF7F3
S21400ED20E1BA00BFE75C0020CCC40300CA5700204D
S21400ED30EC5C002073B5D0E902324FF48A5153F8E8
S21400ED402230104D1A88104BD9805A8000232A464C
S21400ED5000930121FF2325F055FE2B78044613F07F
S21400ED60040F0A4B08BF01261B7818BF032613B1F1
S21400ED7009F09AF9A855064B1C8002B0BDE8704011
S21400ED80FFF7B0BAEC5C0020BC570020E95C00201E
S21400ED90CA570020D0E9023253F82230034A1B78C3
S21400EDA0003B18BF01231370704700BFE85C0020CB
S21400EDB010B50C4608B908F003F9024B18715C71DF
S21400EDC010BD00BFBC57002002462DE9F341D0E934
S21400EDD00253526855F82310D21A0C8805EB8301AB
S21400EDE0013BDBB255F82380294D022A4868C8BF8C
S21400EDF08A682B78D8BFFF210078C8BF11783BB946
S21400EE0001210220234A02B0BDE8F04100F074BEA2
S21400EE10FFF7CEFF06F0E4FC1F4F204E3B8801466E
S21400EE20224600931E48334625F059FB0246C8B9D1
S21400EE3098F804103B885F2917D1CDE900364FF6C5
S21400EE40FF712046164B24F0ACFC28B10346012186
S21400EE500220144A00F050FE0023134A2B70138041
S21400EE60124A137002B0BDE8F0814FF6FB718C4277
S21400EE7008D9CDE900362146094B4FF6FF7024F03D
S21400EE80EEFCE2E72146064A009624F01AFDDCE78F
S21400EE90EB5C002017C50300CA570020EC5C00207E
S21400EEA0BC5700201EC50300C8570020EA5C00209F
S21400EEB0002210B50A2104461046FFF74FFA00203C
S21400EEC023F068FD0122044B1A70FFF70BFA204668
S21400EED0BDE81040FFF778BF1562002038B51C4625
S21400EEE015460123224625F0ACFD60B9214628468A
S21400EEF025F070FF044620B101210420034A00F0EB
S21400EF00FBFD204638BD0024FBE700BF45C50300D7
S21400EF102DE9F0430C4615461F46D0E9022352F869
S21400EF20231002EB830293680E8893F80080D36860
S21400EF308BB0B3F800903246012106ABFFF7CEFF48
S21400EF40F0B90DF1200CF4B101232A884021CDE957
S21400EF5002C2CDE90471CDE900932221434606AAF8
S21400EF60304625F0A5FD0B4B0B4A00930B4B01904A
S21400EF70002C08BF134601210420094A00F0BCFDFE
S21400EF800BB0BDE8F083624628686968032303C2B5
S21400EF902246DBE7A4C5030089C5030083C503003A
S21400EFA091C5030007B501236A46002125F049FDF7
S21400EFB06846034908F0C8FD03B05DF804FB00BFCF
S21400EFC0A9DA0000D0E9023253F822300149188845
S21400EFD008F08CBDA9DA000010B5D0E9023203EBC8
S21400EFE08201496853F8223009784FF48A5218880B
S21400EFF025F04EFDBDE81040034601210420014ADD
S21400F00000F07ABDAEC50300D0E9023253F82230D4
S21400F01002214FF48A5210B5188825F02BFDBDE862
S21400F0201040034601210420014A00F065BD00BFE0
S21400F030C7C503001FB5D0E9023203EB820153F8BF
S21400F0402230496818884FF48A5309880293094B7E
S21400F050094A0193094B1B7800931278084B25F058
S21400F0607FFD012103460420064A05B05DF804EB47
S21400F07000F042BDCC570020EC5D0020EB5D002088
S21400F080D6570020DEC503002DE9F043D0E9023252
S21400F09053F8221003EB82035A680E8817789A6892
S21400F0A0DB688BB092F80090B3F8008032460421FB
S21400F0B006AB0446FFF712FF28BB08AD01232A461D
S21400F0C00521204625F0BDFC38B9042001210F4A51
S21400F0D000F012FD284624F064FD4FF48A53CDE973
S21400F0E004930023CDE9025303232121CDE90083B5
S21400F0F006AA3B46304625F0DBFC01210346044ABF
S21400F100042000F0F9FC0BB0BDE8F083F6C5030060
S21400F11025C6030038B5D0E9024303F18043023B1D
S21400F12002220F4954F823009D000CF0CFFE60B970
S21400F1300C4B0D491A78042A0BD82C44A06800887A
S21400F14021F8120001321A7038BD084B08491A78A7
S21400F150F1E70121BDE838400420064A00F0CCBCA7
S21400F16053F10300EC5D0020D6570020EB5D002035
S21400F170CC57002037C6030008B5C368806803F183
S21400F1808043023B0222064950F823000CF09EFE04
S21400F19010B9044B187008BD0022034B1A70FAE72A
S21400F1A053F10300EC5D0020EB5D002037B5D0E99D
S21400F1B0023153F821208C0015784268521A012A31
S21400F1C0C5BF1B195B686C091C78DCBF44F01804CB
S21400F1D005F01F052946204625F086FB034640B16C
S21400F1E02346012104200E4A009500F085FC03B05A
S21400F1F030BD0121A94074B92346FE224FF6FF70A8
S21400F20025F006FE012103460420064A03B0BDE8A9
S21400F210304000F071BCFE2241EAC461EEE700BF58
S21400F2204DC603006DC6030070B5D0E9021551F84F
S21400F230253001EB8501044618884B681A788B68E0
S21400F240052A1B8802D85E1E072E0BD90121042032
S21400F2500C4A00F051FCBDE87040012104200A4A27
S21400F26000F04ABC6468641B032CCABFC96807491F
S21400F270096825F0CDFDBDE870400246044900202F
S21400F28007F05ABF8BC60300ABC6030000F8FF07A3
S21400F290C8C6030008B5D0E9023253F8220003EBD3
S21400F2A082035968FF22038809684FF6FF7025F02D
S21400F2B0AFFDBDE8084002460149002007F03CBF0C
S21400F2C0DBC6030008B5D0E9023253F82230052128
S21400F2D04022188825F0CEFBBDE8084002460249C9
S21400F2E0002007F029BF00BFFCC6030008B5D0E920
S21400F2F0023203EB8201486853F82210027840235A
S21400F3000988312025F009FCBDE80840024602497C
S21400F310002007F011BF00BF1DC7030008B5D0E9E5
S21400F320023203EB8201486853F822100278402329
S21400F3300988332025F0F1FBBDE808400246024963
S21400F340002007F0F9BE00BF37C703001FB5D0E99D
S21400F350023253F8221003EB82039B6808881A785F
S21400F3600023D21A18BF0122CDE9023302A9402396
S21400F370D20125F0E1FB01210090044B0420044A51
S21400F38000F0BAFB05B05DF804FB00BFA4C503009F
S21400F39055C7030007B5D0E9023253F822300321DF
S21400F3A04022188825F066FB01210090034B0420BC
S21400F3B0034A00F0A1FB03B05DF804FBA4C50300FC
S21400F3C064C7030037B5C3688268053352F8233034
S21400F3D004211D786A460123044625F032FB38B91D
S21400F3E004200121064A00F087FB684624F0D9FB7A
S21400F3F02B466A4600212046FFF78AFD03B030BD43
S21400F4007EC7030007B5D0E9023203EB82014868E5
S21400F41053F82210027840230988322025F07DFB1D
S21400F42001210090034B0420034A00F065FB03B063
S21400F4305DF804FBA4C50300AFC7030070B585697B
S21400F4400446EA0705F0020605D476B1C5F30720A0
S21400F45025F0C9F809E01EB1B2210F482BF02BFBAE
S21400F460A069C0F3810025F0ADF8E3691BB9BA21A5
S21400F47009482BF020FB204614F00EFCE3693EB151
S21400F480607E9847AB0706D0BDE8704025F09FB871
S21400F49020469847F6E770BDC4C7030008B514F0C9
S21400F4A0EFFE28B1BDE80840472102482BF003BB19
S21400F4B008BD00BFC4C703002DE9F041FF2B04467A
S21400F4C00F4690461D469DF8186005D0FF2E03D0C7
S21400F4D0D52111482BF0EFFA0023FF2D18BFAD0001
S21400F4E00E4A1CBF45F00105EDB222600C4AC4E985
S21400F4F0063818BFA561FF2EC4E901232361E76023
S21400F50007D0A36943F0020323F47F4343EA0623AC
S21400F510A361BDE8F08100BFC4C70300983E002089
S21400F5203DF40000002310B5054C03610460054C53
S21400F530C261C0E901430123C160836110BD00BF01
S21400F540983E00203DF4000070B58669044606F03B
S21400F5500303032B0D4603D1FC2114482BF0ABFA12
S21400F560FF2D16D0B20704D440F201110F482BF03D
S21400F570A2FA284624F0D5FCFF28054604D14FF40D
S21400F58082710A482BF097FA2DB204EB45142046F8
S21400F59070BDF307FBD5A36913F00C0FF7D040F24C
S21400F5A00B1102482BF087FAF1E700BFC4C703002F
S21400F5B00023054AC0E9063103610260C360034ABE
S21400F5C0034B426083607047983E00203DF4000085
S21400F5D0653C0200014827F0DFBA00BF983E0020D5
S21400F5E0014827F0E5BA00BF983E002013B50E4844
S21400F5F027F0ACFA23F051FA26F075FA26F097FABF
S21400F60026F0A1FAFCF748FF0446FCF75FFF234606
S21400F610009001210420054A00F06EFA02B0BDE811
S21400F6201040FCF73FBF00BF983E002057C80300BD
S21400F630022808B503D12BF037FA014B186008BD35
S21400F640C83E002008B50DF05BF90122044B1A7085
S21400F6502BF0B3FABDE8084002490348FDF7E4B8CA
S21400F660EE5D0020F0660020CC3E0020014B1870B6
S21400F670704700BFED5D0020024B187808B106F019
S21400F68093B87047446C002008B5074B1B780BB145
S21400F690002008BDFFF7F0FF0028F9D106F05EFC59
S21400F6A0023818BF0120F4E7ED5D002070B5FFF7C3
S21400F6B0EBFF174D20B1FFF78DFF0428044613D843
S21400F6C02B781BB92BF079FA01232B7023F0F3F972
S21400F6D00446D8B12B781BB9F7210E482BF0EBF96E
S21400F6E0BDE87040FFF776BF23F0E7F90028E7D0C3
S21400F6F02B785BB12BF0DDF806460021012029F0BF
S21400F70043FB30462BF0D0F800232B70204670BD0C
S21400F710EE5D002078C803001FB5FFF7C7FF04465C
S21400F720FDF72CFAA04228BF204688B103A929F08D
S21400F73017FF034638B9CDE90000064A0399064884
S21400F7402BF0CEF918B18E2104482BF0B4F9012025
S21400F75004B010BDB52A0300A83E002078C80300F8
S21400F7600D4B70B51B780D4D0D4C0121002B0CBFB9
S21400F7702B46234602200B4A00F0BEF90A4B012115
S21400F7801B780220002B0CBF2B462346BDE870409A
S21400F790064A00F0B1B900BF446C002072F10300C5
S21400F7A091F103000EC90300ED5D00202DC9030092
S21400F7B010B5D0E9023253F8223002201B7801211E
S21400F7C0002B15BF01240024044A054A00F094F9D2
S21400F7D02046BDE81040FFF749BF00BF4CC90300F4
S21400F7E069C90300D0E9023253F82230034A1B7875
S21400F7F0003B18BF01231370704700BF446C002005
S21400F80038B50125084B1D702BF053F804462946E1
S21400F810284629F0B9FA20462BF046F8BDE83840CD
S21400F82002490348FDF700B8EF5D0020F8660020A7
S21400F830F43E002070B514F0A9FD10F0070F1D4D22
S21400F84011D02B785BB901262E702BF032F80446C7
S21400F8503146304629F098FA20462BF025F8BDE8C8
S21400F860704014F063BB25F0B7FA022803D1124BA0
S21400F8701B78032BE5D914F089FD18B90E4B1B78BD
S21400F880032B14D814F052FB04460028D9D02B784A
S21400F8905BB100262E702BF00CF805463146012091
S21400F8A029F072FA28462AF0FFFF204670BD4FF076
S21400F8B0FF34ECE7EF5D0020766200201FB5FFF70F
S21400F8C0B9FF0446FDF75AF9A04228BF204688B182
S21400F8D003A929F045FE034638B9CDE90000064ADB
S21400F8E0039906482BF0FCF818B18C2104482BF03D
S21400F8F0E2F8012004B010BD8F2F0300D43E002094
S21400F90088C9030010B5094C0949002007F0FAFB26
S21400F91023681B68587924F03AFB23681B685879DB
S21400F92023F03EFB05F066F9002010BD544400208D
S21400F93016CA030008B525F03FFA024628B1BDE80E
S21400F94008400020014907F0DDBB08BD39CA0300A6
S21400F95008B525F047FA024628B1BDE80840002061
S21400F960044907F0CFBB5422BDE80840FF210248F7
S21400F9700BF060BF51CA0300E057002038B50446BC
S21400F9800D4625F033FA024628B1BDE8384000207F
S21400F990034907F0B7BB034B23F8145038BD00BF2C
S21400F9A06FCA0300E05700202DE9F34100240C4EF7
S21400F9B00C4DDFF838800C4F56F8043B0BB9D8F8DE
S21400F9C0003035F8022B39460092002022460134DA
S21400F9D007F098FB2A2CEFD102B0BDE8F08100BFFB
S21400F9E004670020345800208BCA030000670020FC
S21400F9F008B52A21034825F0F1F9BDE80840FFF7CD
S21400FA00D3BF00BF3458002007B5D0E9023253F800
S21400FA1022301A78292A0DD8084B53F822300BB911
S21400FA20074B1B680749002031F812100091064961
S21400FA3007F068FB03B05DF804FB00BF0467002016
S21400FA4000670020345800208BCA030008B52A211E
S21400FA50034825F0C5F9BDE80840FFF7A5BF00BF7D
S21400FA603458002038B5D0E9023253F8221003EBA0
S21400FA7082035B680C781D880020044907F042FB6F
S21400FA8029462046BDE83840FFF778BF96CA0300EF
S21400FA902DE9F34100240C4E0C4DDFF838800C4F56
S21400FAA056F8043B0BB9D8F8003035F8022B394627
S21400FAB0009200202246013407F024FB2A2CEFD1C6
S21400FAC002B0BDE8F08100BF04670020E0570020C8
S21400FAD08BCA03000067002010B5024623F076FAB2
S21400FAE020B9044C236811B11343236010BD23EAE8
S21400FAF00203FAE7B06700200CB413B502460C46C2
S21400FB0023F064FA60B9094B1B681A4208D005A9AD
S21400FB10049801910AF090FD14B1054825F06FFF96
S21400FB2002B0BDE8104002B0704700BFB0670020CA
S21400FB3095CD0300034610B5D3E9023253F82230C0
S21400FB4008461C78211E18BF0121FFF7C5FF014695
S21400FB5048B9084A084B0220002C08BF1346074A3B
S21400FB60FFF7CAFF10BD00210220054AFFF7C4FFB9
S21400FB70F8E700BF94B903008CB9030097CD0300E3
S21400FB80ADCD03002DE9F04105461F460C46DFF8D3
S21400FB902C808E18B44201D1BDE8F08100212846A1
S21400FBA014F8013B069AFFF7A7FF002FF2D0424653
S21400FBB000212846FFF7A0FFECE700BF21C00300A6
S21400FBC00021024A0248FFF7ADBC00BF55FC00000A
S21400FBD0FC3E0020FF21014822F051BFFC3E0020E1
S21400FBE00022034BFF2103481A7022F041BF00BFDA
S21400FBF0F05D0020FC3E002013B5114C2378032B4B
S21400FC0013D8009300230F4A18460F4907F07AFAD4
S21400FC10237842F21072002B08BF0022FF210B4807
S21400FC2002B0BDE8104022F012BF0022084910467C
S21400FC3007F068FA02B0BDE81040FFF7D1BF00BF7A
S21400FC40F05D0020BECD0300D0CD0300FC3E0020BA
S21400FC50DACD0300F0B52B4D8FB02B7823B309A86F
S21400FC6025F0F4F8022309A88DF8243025F0DCF8F6
S21400FC7001AA06469446244B03F11007144618685A
S21400FC805968083303C4BB422246F7D105AA174673
S21400FC901E4B03F1100E144618685968083303C447
S21400FCA073452246F7D1E6B1012409A825F06AF883
S21400FCB028B9BDF8243013F0020F18BF01242B78A2
S21400FCC01349002B4FF000034FF0A00208BF19465F
S21400FCD0204625F031F890B92B7801332B700FB001
S21400FCE0F0BD614609A825F0A1F80028DCD1394608
S21400FCF009A825F09BF804460028D6D0D4E7FFF7DD
S21400FD007BFFECE7F05D0020EC550400FC5504009A
S21400FD1000F8FF0710B50020324907F0F3F9082273
S21400FD200020314907F0EEF9304B314A1978314B53
S21400FD300020002918BF1A462F4C304907F0E2F978
S21400FD40002024F03FFC2368002B47D01B78022BB2
S21400FD5044D900222A4B10462A4907F0D3F923F04B
S21400FD607CF929490246002007F0CCF900F0D0F8CB
S21400FD7026490246002007F0C5F923681B78032BA6
S21400FD802CD900F0D5F822490246002007F0BAF92F
S21400FD9000F0DEF81F490246002007F0B3F900F035
S21400FDA0DFF81D490246002007F0ACF900F0A4F881
S21400FDB01A490246002007F0A5F900F0D7F8184CBB
S21400FDC0184954F82020002007F09CF900F024F988
S21400FDD0154954F82020002007F094F9BDE810409B
S21400FDE024F0F5BBFCCD030018CE0300F15D002027
S21400FDF072F1030091F10300904300203BCE030014
S21400FE0062BB030056BB030057CE03007BCE030045
S21400FE109FCE0300C3CE0300E7CE03000ECF030041
S21400FE20B467002035CF030058CF030008B5D0E9EB
S21400FE30023253F82230187840B10020074907F004
S21400FE4061F9BDE80840802000F034B8044907F0A6
S21400FE5059F9BDE80840802000F046B87BCF030083
S21400FE6098CF0300D0E9023253F82230034A1B78B9
S21400FE70003B18BF01231370704700BFF15D0020E0
S21400FE8018220021094BC3E900121A7B0AB9084A56
S21400FE909A601A7C12B94FF47A72DA8140F6B83258
S21400FEA05A8200229A829A75704700BF1C3F002033
S21400FEB0E09304000A4B10B51B687BB11B78032B3C
S21400FEC002D8B0F5007F09D1064C236803432360AF
S21400FED06368184202D02AF0E2FDA08210BD00BF7F
S21400FEE0904300201C3F0020024A136823EA0003C8
S21400FEF0136070471C3F0020014B1868704700BF16
S21400FF001C3F0020014B9868704700BF1C3F002034
S21400FF10024B9868FA23B0FBF3F070471C3F0020B2
S21400FF200122024B98601A73704700BF1C3F0020E6
S21400FF30024BD889FA23B0FBF3F070471C3F002031
S21400FF400122024BD8811A74704700BF1C3F002064
S21400FF50024B588AFA23B0FBF3F070471C3F002090
S21400FF60014B5868704700BF1C3F00202DE9F8433E
S21400FF7000244FF00C08104B104F9D7D104E398812
S21400FF80E3B28B4202D32846BDE8F88308FB03F3AE
S21400FF90F05C06EB030924F01CFB50B9FF21D9F8EE
S21400FFA0080022F06CFD20B199F805309D4238BF5C
S21400FFB01D460134E3E700BF1C3F0020EA6B00202B
S21400FFC038680020124B10B51B68124CEBB11B783A
S21400FFD0032B02D823689B0517D52AF060FDA38A59
S21400FFE0C01A638A80B283423EBFD4E9003293438C
S21400FFF0236024F06BFE08B1E08910BD2368002B57
S214010000FAD1FFF7B3FF0128F6D0A068F5E700BFE5
S214010010904300201C3F0020014B987D704700BF95
S2140100201C3F002038B504460D462AF0E9FD244B56
S2140100301B7813B1204623F00BF8402C27D006D8A6
S21401004084B13F2C18D0BDE8384024F0C0BA4C3CEF
S2140100500C2CF8D81B4B2341DB07F4D40220FFF706
S21401006043FFF0E74FF40070FFF73EFF0220FFF773
S21401007021FF154B1C71E6E74FF40070FFF734FFC4
S2140100800220FFF731FF00220F4B1A71DBE724F045
S21401009021FA0028D7D10C4C022023790133237191
S2140100A0FFF722FF4FF40070FFF704FF2379AB42FE
S2140100B0C9D322F0CEFF0028C5D122F0A3FFC2E7A4
S2140100C0F15D0020FEEEFFFF343F002010B505F085
S2140100D05FFB02280AD124F0D5FD034630B1BDE806
S2140100E0104000220249104607F00CB810BD00BFB0
S2140100F0E4CF03000021024A0248FFF713BA00BF0B
S214010100CD0001003C3F002038B5002024F05AFA0B
S214010110124B1B6893B11B78022B0FD905F038FBE5
S214010120022816D10E4C2568FFF74CFFA842206026
S21401013008D0FF2122680B4822F089FCBDE8384030
S21401014024F045BAFF21074822F099FC0028F5D192
S214010150EFE7FF21034822F08BFCEFE790430020F6
S214010160343F00203C3F002002460249002006F0B2
S214010170C9BF00BFF8CF030010B5234C2348FF21A9
S21401018022F076FC207802281ED003282ED00128E3
S21401019004D02120BDE81040FFF7E6BF1C4B1978BC
S2140101A00029F7D002231B4A23701378052B0EBFB4
S2140101B000230133DBB29942137003D10523137078
S2140101C00020E7E7052BFBD0124B1B78052B02D14D
S2140101D003232370DDE7104A104932F8230007F0A5
S2140101E085FC032323700028D4D110BD094B0C4A8B
S2140101F01878094B03EB8001897833F8200007F063
S21401020045FC0123EEE700BFF25D00205C3F0020C5
S214010210FB5D0020466C0020885800200104010088
S214010220AD0301002DE9F04F0D46144695B004903C
S214010230112200210FA89946DFF86C810BF0FAFA1B
S21401024004EB45030393D9F800301C2B02D0039B23
S2140102509C4202D115B0BDE8F08F0123DFF844A11E
S2140102608DF81C3023884C4AADF81E309AF80030C1
S2140102704A4D08EB83039B7828788DF82030136865
S2140102808DF81D00CDF821305368CDF8253024F0C7
S214010290A0F9049B8DF8290021882878002B4AD1E3
S2140102A023F066FE002844D09AF800300FAA38F8EA
S2140102B0230007A922F0DBFE00283AD023F085FCB4
S2140102C04FF0000B074606461C255FFA8BF2974255
S2140102D034D8B7422BD99DF81C30032B1AD10FAB5B
S2140102E00193BDF8213000220421009301202C4BFC
S2140102F006F08EFD9AF8003008EB83039978274BB9
S214010300187806F001FE9AF80030002038F823101D
S21401031024F0B4F85DB107A9304624F0A5FC214BC2
S21401032005461B78304638F8231024F09FFCC9F8A0
S2140103300050023487E723F012FEB3E710460BA9FC
S214010340059224F08DFC30B99DF82C1031B9059A30
S214010350B74208BF16460BF1010BB6E7BDF82E00F3
S214010360BDF81E209042F6D19DF830009DF8202061
S2140103709042F0D19DF81C208A42ECD1032A14BF8A
S214010380082202220DF121010DF131000BF09EFD34
S214010390002808BF0025DEE7F35D0020456C00203D
S2140103A075D20300466C00208858002013B503461A
S2140103B00020114A9C6812780190052A03D01B7808
S2140103C0032B00D12CB9012002B0BDE81040FFF785
S2140103D0CBBE6268217801ABFFF724FF217A0120AA
S2140103E0E26801ABFFF71EFFFF21044802B0BDE83B
S2140103F0104022F035BB00BF466C00205C3F002059
S214010400094B1B78052B02D00378032B02D0012061
S214010410FFF7AABE8168054A0B68054813604B685A
S214010420FF21536022F01CBB466C0020F35D0020C8
S2140104305C3F002038B50024114B124D1870124B4A
S214010440FF211C702C7006F05FFD0122032110466F
S2140104500E4B06F0DDFC4FF6FF712246084624F0EF
S21401046010F8044648B940F6B832FF21084822F091
S214010470EEFA01232B70204638BDFFF775FEFAE72A
S214010480456C0020F25D0020FB5D00203503040072
S2140104905C3F0020144BF0B51A68144913680978BC
S2140104A0587988420BD11249D78808460022114D47
S2140104B01E792B78D4B2A34203D8052C0AD100208A
S2140104C0F0BD0C88BC4202D18C78B442F7D0013220
S2140104D00431EFE7A342F2D120F82270013300EB9A
S2140104E0820086702B70EAE754440020456C002099
S2140104F088580020FB5D0020FF2307B50021044A31
S21401050004480093FEF7D8FF03B05DF804FB00BF74
S214010510790101005C3F00201FB5B4230321044686
S214010520ADF80E3023F01BFD98B121232046009331
S214010530002203210DF10E0323F0C0FE0446002025
S214010540054B064A0649009406F0DCFD204604B039
S21401055010BD8624F3E700BF22D003002FD003008E
S21401056044D00300D0E9023253F82230034A1B7804
S214010570012113700220024AFFF7BEBA5E6C00200A
S21401058053D003000122014B1A7070475E6C0020A5
S2140105900A4B90F805111B7890F8082119448A42F5
S2140105A0BCBFB2FBF3F103FB11234FF0FF32B8BF20
S2140105B0DBB202FA03F380F80A3170475E6C002062
S2140105C02DE9FF410446057F867EDFF870806E4385
S2140105D0237F98F8002013449D4212DB607F60B9A8
S2140105E0238B029363690193237C00936288A31D86
S2140105F0217805F095FDFF232370002004B0BDE8A7
S214010600F081E37EAB42E9D9A77E228BF1199142B4
S214010610A4BF921BD7B205EB0323E3813A463346C8
S2140106202946204622F03DFD0028E7D1637F374466
S214010630013301356377BEB2EDB2C9E75E6C0020C7
S21401064037B5054624F03EFB0D4B04461B6869464C
S2140106501B78032B82BF0B4B1B881B18284688BFB1
S2140106609CB224F0B7FB38B9684624F02DFB18B9C4
S214010670044B1B8823449CB2204603B030BD00BF08
S21401068090430020EE6B0020084B1B78FF2B0BD10C
S214010690074B1B78FF2B07D1064B1B78022B03D089
S2140106A04FF48070FFF720BC704700BFBC67002086
S2140106B0AC4000207C3F002010B50446FF2122F00C
S2140106C0D7F9054B9C4202BF0023A4F5887423701A
S2140106D0BDE81040FFF7D8BF8C4000202DE9F04759
S2140106E09A462A4B81461B7888461646BDF8205006
S2140106F0002B49D0FF2D3ED938252846BDE8F08786
S214010700234B0C223146A01D636184F80090A4F8A7
S21401071002800BF0E1F8A289414642F4004242F021
S21401072040022046A28122F0CEFC2A46514660694C
S2140107300BF0D2F841464846A21D258324F016F850
S214010740A0760028D8D00544013DB5FBF0F0FF287F
S214010750D2DC0023E0762046A383FFF731FF05466F
S21401076080B923794FF48070B372FFF7A3FB227C24
S214010770099B1A80C1E7074C2778FF2FC0D040F6A7
S2140107800345BAE72770F2E70225B6E75E6C00205C
S214010790FD5D0020AC400020B0F9063010B5002BFE
S2140107A025DA144C2278237CFF2A02D0827A9A42D8
S2140107B007D0114C2378FF2B17D0827A237C9A42DC
S2140107C013D169B9637F013BDBB263775BB90B4A2F
S2140107D0237F1278204613442377FFF7F1FE014664
S2140107E0204622F07FFCFFF74FFF012010BD0020BE
S2140107F0FCE700BFAC400020BC6700205E6C002018
S2140108002DE9F04F9A46B1F9063091B0002B0D460E
S2140108101746DDF86880049080F22981B8F8003028
S214010820FF2B04D94FF4B871A6482AF044F9A64B19
S21401083000241A7893F80401B3F80211002A40F054
S214010840A5802E7AA14A1278B24240F2AF800222E7
S214010850A3F802711A70AA7AFF2483F804210022F1
S214010860A3F8084183F80521A3F80621B8F800206B
S214010870954883F80C21FFF78BFE3846FFF7E0FE1C
S214010880214600EB4002924822F0E1F84FF48070D6
S214010890FFF710FB8C4C94F80A91B9F1FF0F20D1A9
S2140108A08A4A94F8053112781344B34219DC94F855
S2140108B00C1184F80531B4F80631204601FB0233E9
S2140108C0A4F80631FFF764FE0122824B38461A70FF
S2140108D0FFF7B6FE494600EB400204F5887022F0A9
S2140108E0B6F894F80531B34260D8DFF8E0B19BF86A
S2140108F000C00CEB0302964258DA764994F80821B8
S2140109000878013A002853D0964205DAB8F8002054
S21401091084F80C2100220A70B6FBFCF901220CFBBC
S214010920196994F80A015FFA89F902FA09F2D1B253
S214010930024076B92889000A844584F8080108D956
S2140109402046CDE906210593FFF722FEDDE90621C3
S214010950059B94F80A01014384F80A1182B994F8B8
S2140109600921B4F806C1013284F80921B8F800203B
S214010970DAF800100CEB0200FF2826DD03232370B3
S21401098094F80831013B9E4230D138E0AE7A864277
S21401099002D18F4200D11C462E7A002C7FF47BAF09
S2140109A0002A3FF44FAF012A3FF44CAF01205FE02D
S2140109B09642B1DA94F80C1198F800209142ABD027
S2140109C004F58870FFF778FEF0E794F80CE1F31A67
S2140109D00EFB03C3A01C10FA83F005920AF07CFFFD
S2140109E094F80831059A013B9E4244D0012394F8BD
S2140109F00A2103FA09F3013B1343FF2B04D12246D4
S214010A002946384622F060FB94F8083194F809210B
S214010A109A42CBD19BF80030B2FBF3F103FB1122D3
S214010A2012F0FF0218BF13462278022A26D1264A60
S214010A30023410785178012804BF01315170012227
S214010A4024F8022CEA88B4F8041122F04002EA8065
S214010A5094F809210A44591E94F80A3113FB01F34C
S214010A601344A8F80030CAF80040FFF70DFE002036
S214010A7011B0BDE8F08F84F80B21C0E76979002931
S214010A8094D0032A92D1B4F8062194F80B1108AE3B
S214010A9011445A1E94F80C31284613FB02F30B44FA
S214010AA000219BB2A21CA8F80030CAF80020CDE9AC
S214010AB000710296049907F005FD8921304623F05E
S214010AC052FE7DE77AD003007C3F00205E6C00205A
S214010AD08C400020FC5D002013B5044618B10128A7
S214010AE00BD002B010BDFF2301460093064A07480B
S214010AF0FEF7E2FC064B1C70F3E7FFF743FDFF220F
S214010B00044B1A70EDE700BFB90601008C400020C7
S214010B107C3F0020AC40002013B501A909F04AFE35
S214010B20044648B9BDF806309DF80420034906F08E
S214010B30E9FA204602B010BD8120FBE711D103007F
S214010B4013B5694609F042FE044688B9BDF802307D
S214010B509DF80020074906F0EFFA2046019906F0B5
S214010B6043FA2046044906F0CDFA204602B010BDED
S214010B708120FBE735D103005BD1030037B5694619
S214010B8009F048FE044618BB9DF801309DF8002088
S214010B90104906F0D1FA104D9DF80120E3B29A42B1
S214010BA006D800200D4906F0ADFA002003B030BD8E
S214010BB00198630003F4FF7302220021184423F016
S214010BC0EBFC29460246002006F0B6FA0134E3E7BC
S214010BD08120EBE75DD103008CD1030035030400CF
S214010BE013B501A909F0ECFD044648B9BDF8063075
S214010BF09DF80420034906F085FA204602B010BD90
S214010C008120FBE796D1030030B500240B4D85B05B
S214010C106946E0B224F024F850B99DF80030032B61
S214010C2006D12946BDF805309DF8012006F06AFA7E
S214010C300134202CECD105B030BD00BFBDD103007E
S214010C4008B50020034906F05DFABDE80840FF201C
S214010C5000F0DEBACFD103002DE9F04F85B006468D
S214010C600D46174622F07EFA044640B130463A4613
S214010C70294622F061FA002005B0BDE8F08F4FF05A
S214010C8003094FEA15285FFA84FA6946504623F0AD
S214010C90E7FFB8B99DF800B0BBF1000F12D1694665
S214010CA050468DF800908DF805508DF806808DF829
S214010CB0016023F0D9FF02460028D7D058460649DE
S214010CC006F020FA0134202CDDD10020034906F07D
S214010CD019FA8920D0E700BFE4D103000BD2030044
S214010CE01FB5002304468DF80F3022F026FA28B1EE
S214010CF09DF80F3063F07F038DF80F3018230193B2
S214010D000DF10F030022009304214023204623F017
S214010D10C4FA024618B10020024906F0F3F904B0FD
S214010D2010BD00BF26D203001FB502A909F060FD61
S214010D30044688BBBDF80820184906F0FDF9204690
S214010D40039906F051F92046154906F0DBF94FF6EE
S214010D50F672BDF80810134C4B1E9BB2934219D87D
S214010D602368039A1B685879FFF776FF23681B7977
S214010D70012B0BD8BDF808300022CDE90003042171
S214010D80094B092006F044F823F0E7FC6FF0FF005A
S214010D9004B010BD8720E9E78120F9E745D20300BA
S214010DA05BD10300544400205CD2030070B50446B6
S214010DB08AB005AD1122002128460AF03BFD2046E7
S214010DC004A909F009FD044600283AD11E4EBDF8D3
S214010DD010201E4906F096F932681379012B28D89F
S214010DE04FF6F670BDF810104B1E9BB2834224D806
S214010DF01368587922F0B6F908B333682A461B6897
S214010E00BDF81010587922F096F9BDF8103001227D
S214010E100421CDE9004309200D4B029505F0F8FFAA
S214010E2023F09BFC034620B100200A4A0A4906F03B
S214010E3069F96FF0FF000AB070BD8724E5E78B24DF
S214010E40E3E78120F7E700BF544400205FD20300A8
S214010E5074D2030078D2030083D203002DE9F04751
S214010E609AB004A909F0D0FC0446002840F0B580E9
S214010E709DF810205B4906F05FF925465A4E9DF80D
S214010E801020EBB29A4254D80020584906F03AF99D
S214010E909DF81050002D40F099802C462E46544F58
S214010EA006A9F0B223F0DCFEC8B99DF81830032B72
S214010EB015D13B689DF819201B685B799A420ED1C3
S214010EC09DF81D2005F168036B4403F8402C9DF83E
S214010ED01E200235013403F83F2CEDB2E4B2013690
S214010EE0202EDDD19DF810300BB1002C77D00AAB47
S214010EF0CDE90143FF2302220421009309203D4B43
S214010F00039505F085FF23F028FC034660B19DF8A4
S214010F101020002A5FD0384A3849002C08BF0A46FC
S214010F200020374906F0EEF86FF0FF001AB0BDE872
S214010F30F08705986B0003F4FF7302220021184422
S214010F4023F02AFB31460246002006F0F5F801356B
S214010F5095E70598730003F4FF73022200211844F5
S214010F6023F01AFB002780465FFA80FA06A9F8B23A
S214010F7023F076FE00BB9DF81830032B1CD1D9F860
S214010F8000309DF819201B685B799A4214D19DF8B0
S214010F901D30534510D19DF81E30C8F307229A42E2
S214010FA00AD105F168036B440235013403F840ACFD
S214010FB003F83F2CEDB2E4B20137202FD6D101362B
S214010FC09DF81020F3B29A42C3D88BE70025DFF8CC
S214010FD020902E46F4E7084AA2E78120A6E78B2058
S214010FE0A4E700BFDDD203008CD103003503040063
S214010FF054440020FCD20300AED20300CCD203003E
S21401100000D303002DE9F04389B002A909F0EAFBF9
S2140110100446002867D1BDF80820344906F072F866
S2140110204FF6F672BDF80850DFF8D4906B1E9BB2EF
S214011030934254D8D9F8003029461B685F79384660
S21401104022F090F800284CD026465FFA86F84046F3
S21401105003A923F005FE28B92946384603AA22F03B
S2140110606EF820B90136202EEFD14FF0FF0840462A
S21401107023F0F4FD014658BB112203A80AF0DAFB5F
S2140110802946384603AA22F057F8D9F800301A79CB
S214011090012A18D81B68BDF80810587923F03DFAC4
S2140110A0BDF8083003220421CDE900430920104B86
S2140110B005F0AEFE23F051FB034620B100200D4A99
S2140110C00D4906F01FF86FF0FF0009B0BDE8F08388
S2140110D002460A49002006F015F80124D5E78724C0
S2140110E0D3E78B24D1E78120EFE700BF22D30300AB
S2140110F05CD2030060D3030083D2030039D303001C
S214011100544400202DE9F043DFF894800020D8F8FD
S214011110003021491B688BB05E79002505F0F2FF8F
S21401112001275FFA85F9484601A923F099FD04468F
S21401113090B99DF80430032B0ED19DF80530B342CB
S2140111400AD1484623F08AFD0146A0B1024613495A
S214011150204605F0D7FF27460135202DE1D1D8F8E6
S214011160003000211B68587923F0D7F987F0010079
S2140111700BB0BDE8F083112205A80AF05BFBBDF8B1
S21401118009403046214605AA21F0D6FF21463046C1
S21401119023F0C3F9E0E700BF6DD3030039D30300A2
S2140111A05444002037B5694609F028FB044638BB8D
S2140111B0BDF80020134905F0BFFF134D20460199E5
S2140111C005F012FF2046114905F09CFF2B681B68AD
S2140111D0587923F0B1FA70B14FF6F672BDF80010E7
S2140111E04B1E9BB2934209D82B68019A1B6858790B
S2140111F0FFF732FD0446204603B030BD8724FAE7E8
S2140112008120F9E781D30300544400205BD1030019
S2140112107FB505460024E6B26946304623F020FD38
S214011220A8B99DF80030032B11D19DF80130AB42CF
S21401123004D0FF2D0BD19DF80D3043B9304623F075
S2140112400DFD024618B10020034905F05BFF01348D
S214011250202CE0D104B070BD39D30300034B1B68CA
S2140112601878012808BF0220704700BF904300206D
S214011270D0E9023253F822301A78024B1A7000F085
S214011280E7BA00BFFC5E002070B5D0E902456B1ED0
S214011290DBB254F8230003221B490AF017FE54F868
S2140112A0253004EB8504197863681A78A2F10B03DC
S2140112B00F2B05D915490020BDE8704005F022BF67
S2140112C001290FD1124C9140236840B90B43114AB2
S2140112D023600020BDE870400F4905F013BF23EAE4
S2140112E00103F4E702290CD101230C4903FA02F2A7
S2140112F00B6818B913430A4A0B60EAE723EA0203AC
S214011300F9E70A460749D6E7A5D30300A9D30300A0
S214011310E0670020BFD30300C7D30300DC670020CB
S214011320DAD30300E4D3030007B5D0E9023103EBB7
S214011330810253F821300B491B785268012B0A4B66
S21401134008BF0B4612684FF000001A600092074A69
S214011350074B084918BF1346074A05F0D3FE03B0EA
S2140113605DF804FBE0670020DC670020FFD3030084
S214011370F7D3030009D403001C56040038B5254AE8
S214011380254B264C0020264905F0BCFE00202549A9
S21401139005F0B8FE22682449002005F0CDFE20683D
S2140113A0224C234D05F088FE2146002005F0AAFEBA
S2140113B02A682049002005F0BFFE286805F07CFE5B
S2140113C02146002005F09EFE1B4B1C491A781C4B3B
S2140113D0002053F8223005F095FE00F00DF919496A
S2140113E00246002005F08EFE174B00201A7817499A
S2140113F005F088FE164B17491A78002005F082FE84
S21401140004F0C6F9BDE8384002461349002005F04D
S21401141079BE00BF1C56040023D40300E0670020F9
S2140114202AD4030032D4030040D40300A3BA030035
S214011430DC67002051D403002A5F002062D4030039
S214011440E467002075D403000F5F002089D40300F1
S2140114500E5F00209BD40300ADD4030007B500F057
S21401146071F8054B0090054A0020054905F04AFE33
S21401147003B05DF804FB00BFC3D403001C56040090
S21401148044D00300F8B504460B4F0C4E0C4D00201B
S2140114900C4A0D4905F036FE20463B78297832780D
S2140114A0F4F784FE00233B7033702B70FF21BDE8F8
S2140114B0F840064821F0DCBA2A5F00200E5F0020C3
S2140114C00F5F00201C560400C8D40300CC40002047
S2140114D037B51248FF2121F0CBFA114B187810F0DE
S2140114E0100505D0002003B0BDE8304003F01CBF56
S2140114F00121B42004F0C6FA04460A4B0A4A0B49F5
S2140115000090284605F0FEFD2046FFF7BBFF4FF48E
S214011510806003B0BDE83040FEF7E6BCCC4000205A
S2140115202A5F0020DFD403001C56040044D00300C9
S2140115300021024A0248FDF7F5BF00BFD1140100A1
S214011540CC40002008B5054B1B7823B11720FFF7C8
S21401155099FF002008BD0220FCE700BF2A5F00209B
S21401156010B550B1054B00F1100250F8044B9042F3
S21401157043F8044BF9D1024B197010BD105F0020DF
S214011580205F002037B5174D04462B78DB0626D59D
S2140115900090154B0020154A154905F0B3FD1E2C89
S2140115A00BD0652C09D0032C19D0002023F0D0FBDA
S2140115B040F61C40FFF766FF0DE023F0F1FB4FF409
S2140115C0FA63B0FBF3F202FB1300C218FF210948CD
S2140115D092B221F03CFA2B7823F010032B7003B063
S2140115E030BD00BF2A5F0020F8D403001C5604005B
S2140115F044D00300CC400020014B1879704700BF4F
S2140116009C58002070B54C4E8EB0337803F0FB0228
S214011610A3F10905022AEDB258D0042B41F60412B3
S21401162057D0A3F108014B424B415B00134343489B
S214011630ADF80C3021F0C6FD48B9414B3F4A03F1E5
S214011640100153F8040B8B4242F8040BF9D13D4BC1
S2140116501B78002B3FD03C4B0DF10E0203F110011D
S21401166053F8040B8B4242F8040BF9D103A823F07C
S2140116708FFB2328044610D1012D49D80020334A78
S214011680334905F03FFDBDF80C3003A823F40053A1
S214011690ADF80C3023F07CFB0446002C41D14FF40E
S2140116A00C7023F073FB044600283AD103F0FAFECF
S2140116B0012D36D8274A01AB1068516803C3264965
S2140116C001A823F0C1FB78B319242AE043F60412DB
S2140116D0A7E70223AAE73378042B0DD0082B0BD0FB
S2140116E01E4B0DF10E0203F1100153F8040B8B4251
S2140116F042F8040BF9D1B9E7104A0DF10E0302F1D5
S214011700100152F8040B8A4243F8040BF9D1ADE7F5
S214011710337803F0FB03022B03D10020104905F0B8
S214011720F1FC20460EB070BD044901A823F08CFBE5
S21401173004460028C8D1F4E72A5F0020FE5E002098
S214011740C5D50300205F0020105F00201C56040052
S2140117501CD50300D6D503000C560400DFD50300C4
S21401176077D5030070B5002686B00446252023F001
S214011770F5FA1622002116480AF05CF8154B1E6091
S214011780154B1878FFF76AFD022814BF01230423BE
S21401179003208DF8083023F02FFB04238DF810303A
S2140117A00E4B02A80593039403F030FD05460C4B3F
S2140117B00C4A19680C4B3046A14208BF13460094E8
S2140117C00A4A0B4905F09EFC284606B070BD00BFCC
S2140117D09C580020EC4000202A5F0020C51A01001A
S2140117E0E0670020F7D30300FFD303001C56040074
S2140117F0F0D5030008B5134A1378042B09BF124B22
S21401180001331B78C3F10603DBB2137003F0FD024C
S214011810092A04D11720FFF735FE172008BD0A4A0A
S2140118201278002A14BF052206229A4207D1074BD6
S21401183018680028EED0FFF795FF4D20EEE7002050
S214011840ECE700BF2A5F0020205F0020DC67002055
S21401185073B51E4C1E4E23683268134334D01D4B9D
S2140118601B6853B31C4D2B783BBB03F091FFF8B9B3
S2140118704FF48060FEF71EFB184B24681B7894B16A
S214011880C3F102032B7003F047FD2046FFF76AFF02
S21401189004460020124B134A1349009405F032FC0B
S2140118A0204602B070BDC3F1060334682B70EAE728
S2140118B00121B42004F0E6F8EAE70020094A0B49C2
S2140118C005F020FC0224E4E70224E9E7E0670020B3
S2140118D0DC670020904300202A5F0020205F002064
S2140118E038D603001C56040044D003001ED603005D
S2140118F02DE9F347384D394E00202A792B8838498F
S21401190005F000FC3268287922FA00F010F0010098
S21401191002D1344905F0F6FB334F3C783CB108223E
S214011920324933480AF0D2FA041E18BF0124DFF800
S214011930DC80DFF8A490DFF8B4A014E098F800008B
S21401194049460130C0B288F8000023F0F9F90028B2
S21401195035D13C783CB10822514625480AF0B6FA02
S214011960041E18BF01242A793368D340DB07E5D566
S214011970002CE3D100922B881E4A1F49204605F011
S214011980C1FB1E4B1878FFF769FC0123032212499D
S21401199023F0DCF91A4A054613780133137010B99F
S2140119A002B0BDE8F08720462B46124A154905F0DD
S2140119B0A9FB284602B0BDE8F047FFF763BD00204B
S2140119C0114905F09FFBFFF715FF0028E8D102B08B
S2140119D0BDE8F04700F01CB89C580020EC40002001
S2140119E03ED603006FD60300295F0020215F00204A
S2140119F0AA5800201C5604003ED703002A5F002088
S214011A000E5F0020DFD6030008D70300FD5E00202E
S214011A102DE9F041214C224D2378002055F8233042
S214011A20204A214905F06EFBFFF7ECFD03461D4EEB
S214011A301E4FDFF874802BB92378042B15D8B3B961
S214011A401B4B15E032463946002005F05BFBFFF7DD
S214011A50D1FE00BB2378324655F82330414605F0C7
S214011A6051FBFFF7CFFD0346E5E7092BE8D1114B04
S214011A7000201B68104A11491360114B187023F09F
S214011A805FF920B1BDE8F0410120FFF7FBBCBDE8DE
S214011A90F041FFF72DBFBDE8F08100BF2A5F0020AF
S214011AA0E46700201C5604005ED703006BD70300D2
S214011AB0DC670020E0670020EC4000209C580020F6
S214011AC0FD5E002070B51C4C23789BB3838913F40C
S214011AD0407F2FD0056835B12A46BDE8704000200A
S214011AE0164905F00FBB23F029F9154E0346307051
S214011AF0144A2846144905F005FB33781BB1BDE8A6
S214011B007040FFF785BF2378082B0CD8042B0CD820
S214011B100E4B1B78C3F1060323700D4BBDE87040D6
S214011B201868FFF71FBE0A2BF2D1BDE870401820D7
S214011B30FFF7A8BC70BD00BF2A5F002096D7030040
S214011B400F5F00201C560400C3D70300205F00204F
S214011B50DC67002030B5464D03460446454A002062
S214011B60454987B005F0CEFA2B782BBB01A823F0A8
S214011B706DF9022301A88DF8043023F055F9B0B9A8
S214011B803E4901A823F052F988B1152C0FD123F054
S214011B9007F947F23153B0FBF3F202FB130000F5ED
S214011BA01C50103080B203F0BFFB07B030BD162CBE
S214011BB0FBD103F0F3FBF8E7152C2AD100202D4AC0
S214011BC02F4905F09FFA2B78042B11D0082B0FD044
S214011BD02C4B1B78DA070BD401A823F0D3F818B9DD
S214011BE0BDF804309B0703D42B7843F010032B7009
S214011BF023F0D6F84FF4FA63B0FBF3F2FF2102FBB1
S214011C001300C218204892B207B0BDE8304020F059
S214011C101EBF23F0F7F804460028C6D12B78013BF7
S214011C20092B1ED8134A194905F06CFA184A1949A6
S214011C3013780133D8B2107023F082F860B12046D1
S214011C40154905F05FFAFFF7D5FD0028ADD107B0BD
S214011C50BDE83040FFF7DCBE07B0BDE83040FFF717
S214011C6047BE40F61C4007B0BDE83040FFF70ABC4F
S214011C702A5F00201C560400E7D703000C56040018
S214011C80FED70300FC5E0020CC40002011D80300E4
S214011C90FD5E00209C58002008D703002DE9F04186
S214011CA00B4686B004460E4617463A4902460020C1
S214011CB005F028FA4FF000080123CDE901380DF1AF
S214011CC016030093424640230621204622F01AFBC3
S214011CD0054640B102463049404605F013FA28460B
S214011CE006B0BDE8F0819DF816202AB936B9002065
S214011CF02A4905F007FAF2E7012EF8D082F001032F
S214011D00002027498DF8173005F0FCF99DF81730AB
S214011D100DF1170633B310230022CDE90063062127
S214011D204023204622F0B9FA064630B1324600205A
S214011D301C4905F0E7F93546D1E74FB90821204699
S214011D4022F00DF920B120469DF8171022F0E6FB8F
S214011D500521204622F003F90028C0D0204622F0B3
S214011D60DAFBBCE74FB90821204622F0F8F820B18B
S214011D7020469DF8171022F0D1FB10230022CDE952
S214011D80006306214023204622F087FA06460028F3
S214011D90DED0CBE740DA03005CDA030075DA030035
S214011DA095DA0300B5DA0300002208B5034B1146A5
S214011DB01B681B685879FFF771FF08BD5444002063
S214011DC008B5044B00221B6801211B685879FFF7F0
S214011DD065FF08BD5444002008B5044B00221B686B
S214011DE002211B685879FFF759FF08BD54440020AB
S214011DF010B50123002488B001A88DF80430CDE980
S214011E000244F5F7E3FC20469DF80420124905F04C
S214011E1079F92046039A114905F074F92046029A89
S214011E200F4905F06FF910220E4B0DEB02011888D1
S214011E3040F0604040F48010FBF744F920460A4920
S214011E4005F07AF904A822F0E9FB2046074905F0D7
S214011E5059F908B010BD00BFCEDA0300EDDA030071
S214011E600CDB0300CC5504002BDB03003503040018
S214011E7008B521F0D8F90020024905F043F9012000
S214011E8008BD00BF48DB03000023054A8360C3602A
S214011E90044BC0E9002311B14FF6FF730B80704766
S214011EA0491046B20030031110B5044660B1002057
S214011EB0064905F027F9052C06D002F0CBF90449AE
S214011EC00246002005F01EF9012010BD5CDB030070
S214011ED06DDB030037B500216A4601AB054621F0EC
S214011EE063FA044668B100220F49104605F00AF964
S214011EF002F0B0F90D490246002005F003F903B0DF
S214011F0030BD0B4905F0FEF8012020F0A2F901F0E2
S214011F1099FF431C02D007F09DFFF0E721462846B3
S214011F20FFF7A6FFEBE700BF96DB03006DDB0300C0
S214011F30DEDB030038B5054601F084FF044622F0D7
S214011F40B6FA4DB100200E4905F0DCF8631C14BF4B
S214011F502046002007F040FF21F073F902280446CE
S214011F6005D0012805D10020064905F0CBF820460A
S214011F7038BD0020044905F0C5F80024F7E700BF86
S214011F80FBDB030015DC03002EDC030008B5002094
S214011F90034A044905F0B6F8BDE8084000F050BD14
S214011FA0D8EB030047DC030008B50020034A0449C8
S214011FB005F0A8F8BDE8084001F0CAB966DC0300E0
S214011FC047DC03001FB5D0E9023253F822306846D9
S214011FD01C78214601F0D0FB684601F073FC28B955
S214011FE02246044905F08EF804B010BD6846FFF796
S214011FF071FFF9E76CDC03000020014905F082B8A7
S21401200088DC03007FB50DF1060102A8FFF73CFF4F
S2140120100020264905F076F80020BDF8082024495E
S21401202005F070F80020BDF80A20224905F06AF88C
S214012030039A0020204905F065F800201F4905F0A5
S2140120407BF84FF6FF73BDF806209A4229D0002090
S2140120501B4905F057F800201A4A1B4905F052F8AB
S21401206000201A4A1A4905F04DF80022194910466F
S21401207005F048F80020154A174905F043F80A22EA
S2140120800020164905F03EF80A220020144905F002
S21401209039F80A220020134905F034F807B05DF834
S2140120A004FB0020104905F02DF8D4E797DC030067
S2140120B0AFDC0300C8DC0300E1DC0300FADC03004C
S2140120C005DB0300E093040010DD0300C0270900D0
S2140120D02FDD03004EDD03006DDD03008CDD030004
S2140120E0ABDD0300C9DD03000DDD030008B50020EC
S2140120F0034905F007F8BDE80840012001F0FAB9E8
S214012100E7DD030008B50020034904F0FBFFBDE846
S2140121100840002001F0EEB900DE030030B5104B98
S214012120104D1B5C85B08DF80F302B78044683422A
S21401213006D00D4B0D4953F82020002004F0E2FF95
S21401214030232C700A4801930DF10F0300930622E9
S21401215080231921007822F0A0F805B030BD00BF19
S21401216033560400325F00204056040018DE030098
S214012170486C00201FB5232303900193064803AB48
S2140121800093012280231921007822F086F8039813
S21401219005B05DF804FB00BF486C002073B5164D12
S2140121A004462B78154ECBB121F06CF8012815D0DA
S2140121B0346040F6B244124B1B78072B17D02D78AB
S2140121C0C5B921F05FF8031E18BF01230D4800951D
S2140121D022461921007821F0E4FB03E00023336056
S2140121E0002CE8D1201E18BF012002B070BD0225C8
S2140121F00123EBE70025FBE72F5F0020F0400020DE
S214012200325F0020486C002008B50448FFF7C6FF7F
S214012210BDE808400220FFF781BF00BFC0270900C4
S21401222010B5064C208822F07AF9608822F077F9FA
S2140122306068BDE8104022F081B900BFF44000207C
S2140122407FB523238DF813300DF113030293042376
S2140122500648019305AB00930122802319210078DB
S21401226022F050F8059807B05DF804FB486C002092
S2140122702DE9F047DFF84C91044699F800009046A6
S2140122800F4621F04EFE0B2899F8002005D9BDE82F
S214012290F04700203F4904F035BF00263E4B3F4D36
S2140122A01E803F4BDFF820A103EB00135B88012063
S2140122B02B802A7104F04EFE05F0F6FE04F04AFE6D
S2140122C0204604F047FE0123042C8AF800300BD880
S2140122D0022C45D89C4216D02346BDE8F047002084
S2140122E0304A314904F00EBF062CF5D130462F494D
S2140122F004F008FF384604F02DFEFFF791FF97B172
S2140123008AF800600FE04FF6FF76294F3888801B69
S21401231018BF012004F01EFEFFF782FF3888B04286
S21401232001D022F0FCF819236B8099F800300020C8
S2140123302B71204B1B786B71EB8843F04003EB80CD
S2140123401D4B198822F09AF8034620B12246002038
S2140123501A4904F0D7FE4046BDE8F047FFF71EBF16
S214012360304604F0F7FDFFF75BFFFFF769FF22F049
S214012370E5F8134B1B78002B0CBF3F20202004F000
S214012380E9FD042CCFD14FF4806022F0C8F832204A
S214012390C7E700BF2BDE0300C0580020C45800204A
S2140123A0C4420020E5CB030077DE03005ADE0300BB
S2140123B0B4580020476C0020E86B002090DE030034
S2140123C02E5F0020486C00202F5F002038B50446A1
S2140123D005200D46FFF7A2FE184B1A884FF6FD732F
S2140123E09A4207D10020164904F08CFEBDE8384019
S2140123F0FFF70ABF65B1134A13780133DBB2092B25
S214012400137014D90A2200200F4904F07BFEEDE771
S214012410012C0ED10B4B1D700C490D48FFF734FDF6
S214012420BDE83840002101200A4AFFF721BF012CF0
S214012430F2D0BDE838400748FFF7B0BEE86B002091
S214012440CADE0300315F0020F5DE0300B458002029
S214012450F4400020E093040008B50649002004F08B
S21401246051FE0548FFF736FDBDE808400021084645
S214012470FFF7ACBF39DF0300F4400020814237B5D7
S2140124800346154608D2002000910F4A0F4904F072
S21401249039FE002003B030BD0C1A224600200C493C
S2140124A004F030FE40F6BB5322460020094904F0F2
S2140124B029FE4FF47A735C43074B01209C4294BF7C
S2140124C02C602B60E6E700BFE5CB03004ADF030084
S2140124D087DF0300A2DF030080EE360010B5044656
S2140124E00820FFF71BFE0D4B3CB91C700021BDE810
S2140124F0104006200A4AFFF7BBBE1B78092BF5D908
S2140125000A220020074904F0FDFD0020064904F0D8
S214012510F9FDBDE81040FFF79FBF00BF315F002007
S214012520C0270900CEDF03000FE0030073B51F4D7F
S2140125302C7834B100201E4902B0BDE8704004F08A
S214012540E1BD0220FFF7EAFDFF221A4E1A4B307852
S2140125501A7021F0E6FC0B2807D920463278174975
S21401256002B0BDE8704004F0CDBD154B154900938F
S21401257001EB0011012319224FF6FD70498805F081
S21401258037FA70B12046104904F0BCFD00220F4B0B
S2140125900F481C700F4B1A7002B0BDE87040FFF771
S2140125A0FDBD01240C492C70EEE700BF305F002012
S2140125B020E00300486C0020476C00202BDE03005F
S2140125C0BD280100C442002061E003002F5F002007
S2140125D0C0270900315F002087E0030038B5144D9D
S2140125E004462B78052B21D91249FFF75DFC24B947
S2140125F018B9114904F086FD0424104B195D21B960
S214012600BDE838400846FFF769BF032C06D02B7893
S214012610052B03D006200A4AFFF72AFE0021094BA4
S21401262008461970BDE83840FFF7D0BE38BD00BF78
S214012630325F0020F4400020A9E003002956040080
S214012640C02709002F5F002030B5044689B0072057
S214012650FFF764FD052C0AD100222A4B03A91A7044
S21401266002A804AA01F0FEFD30B1022045E09CB9A3
S2140126700122244B1A700224224D287878B1421E7A
S214012680504221495041FFF755FC022304462B7066
S214012690022C0ED10A200FE0022CE6D1EBE7631FD5
S2140126A05A424FF0050018495A4120F0F2FD0446FF
S2140126B0EEE7032C04D10020FFF770FD09B030BD12
S2140126C0062C06D10020114904F01CFD01232B70B5
S2140126D0E0E70F4A0F4B2878002C18BF13460E4927
S2140126E00E4A0094002808BF0A4600200C4904F050
S2140126F009FD201E18BF0120400009B0BDE830408A
S214012700FFF76CBF2D5F0020F4400020E4E00300DB
S214012710DDE00300D6E00300C5E00300CFE00300E0
S2140127201FE1030013B51F4C0620FFF7F7FC2278C4
S214012730092A09D900201C4904F0E4FC042002B04F
S214012740BDE81040FFF74ABF184B1B782BB300209B
S2140127501FF0A3FD20F096FD68B9FFF771FD144B3D
S214012760196820F086FD02460420002102B0BDE86B
S2140127701040FFF77DBD01A820F082FDFF2809D19A
S2140127804FF4FA6023780133237002B0BDE810409D
S214012790FFF704BD0198FFF7EDFC4FF4FA62032042
S2140127A0E3E700BF315F00203AE103002E5F00201F
S2140127B004410020F023F0B589B0CDE90003344888
S2140127C08023002219210078324E334F21F065FD17
S2140127D00020324904F096FC3246394603A801F03F
S2140127E041FD032804462E4D1CD10626039A2D4989
S2140127F0002004F087FC0398FFF7BCFC0020396832
S21401280000F0ACFE2E7001F09FF900220446264B24
S21401281030461A70FFF782FC84BB09B0BDE8F04071
S214012820FFF780BF28BB7268204904F06BFC214685
S21401283004A8FFF729FB059B726893420BD020463C
S2140128401B4904F05FFC072305202B7009B0BDE887
S214012850F040FFF7F9BE1A462046164904F052FC2E
S2140128600523002101202B7009B0BDE8F040FFF7D9
S214012870ADBD0020104904F045FCF1E7042C05D05D
S214012880042009B0BDE8F040FFF7A8BE09B0F0BDCE
S214012890486C0020F44000200441002072E103004F
S2140128A0325F0020A3E10300315F0020DEE1030078
S2140128B017E203006BE20300A7E20300F7B5044644
S2140128C0876800202378364D012B287004D0354BBD
S2140128D03549187004F016FC26785EBB334B1B781E
S2140128E0FF2B04D103B0BDE8F040FFF78DBC304BA1
S2140128F01B78032B11D82F4C0320FFF70FFC6946DA
S214012900208822F067FA002843D02B49208805F05A
S214012910EDF820B12E70FFF777FC03B0F0BD01246F
S214012920204B26491C7004F0EDFB0320FFF7F6FB55
S2140129302C70F2E7012E25D13B78002BEDD01B4DF4
S2140129402B78FF2BE9D1A68802F04AFF864206D1F2
S21401295000201B4903B0BDE8F04004F0D3BB194B7F
S214012960A2881B783BB132B11749002003B0BDE8FD
S214012970F04004F0C7BB7B6814491B782B700D4BE5
S2140129801A80F2E7032E08D108226846A16808F0EB
S214012990A3FF6846FFF70EFFBFE700232B70A1E7F2
S2140129A02F5F0020305F0020C2E20300476C00204A
S2140129B0325F0020E86B0020BD28010087E003009D
S2140129C0E2E203002C5F002008E3030033E3030088
S2140129D07FB5094B1A78FF2A0AD1187001F088FBD7
S2140129E00022064B0DF1060102A81A80FFF74CFAE9
S2140129F007B05DF804FB00BF486C0020B258002009
S214012A00152838B517D10C4B1D78A5B922F0C8F991
S214012A10C4B2012C38BF01240120FFF77FFB2846F2
S214012A202246064904F06EFB4FF47A706043BDE817
S214012A303840FFF7B3BB38BD325F002050E30300D8
S214012A40034B1B78022B01D8FFF770BD704700BF00
S214012A50325F002070B5284C20F00FFC2578274EF9
S214012A60BDB10020264904F04DFB264A13780133F8
S214012A701370002323703378062B0AD1BDE870400B
S214012A80214B1868B0F5FA6F38BF4FF4FA60FFF7BC
S214012A9085BB3378013B082B2CD8DFE803F005090A
S214012AA00D2B13191D222700BDE87040FFF7C8BF84
S214012AB0BDE87040FFF73ABD00232370BDE87040C3
S214012AC0FFF7A2BB2946BDE870400120FFF77EBC98
S214012AD0BDE87040FFF726BE0220BDE87040FFF754
S214012AE0B3BD0120BDE87040FFF7F8BCBDE87040FB
S214012AF0FFF7B2BC70BD00BF2F5F0020325F002021
S214012B007FE30300315F0020F040002010B905206C
S214012B10FFF764BD034B1B78062B01D1FFF79ABF65
S214012B20704700BF325F00202DE9F0478E680546EA
S214012B3033189A780C46092A8EB008D90020A34982
S214012B4004F0E0FA852420460EB0BDE8F08750B9BF
S214012B508B899F49895C8B4205D200919D4904F07F
S214012B60D1FA8024EFE79C4BE7881B889F4236D03A
S214012B709A490978012932D932B13A460020984952
S214012B8004F0C0FA7E24DEE7964B1A70934B267942
S214012B901B78052B03D0012B3AD8FFF751FF5EB9FE
S214012BA03146204621F0DFFD0346002851D030464D
S214012BB08D4A8E4904F0A6FAD4F80880A48998F8BC
S214012BC0037098F80450002E4CD13046884A894943
S214012BD004F098FA00210120FFF7F8FB4FE00021EE
S214012BE0804B1970072A00F28A8301A353F822F05A
S214012BF08D2B01003B2D01003B2D01004D2F0100C7
S214012C004D2F01004D2F0100E3310100E33101009A
S214012C10022B17D102F0E4FD8742B3D00020764A9A
S214012C20764904F06FFAFFF781FC46BB3146204631
S214012C3021F099FD034610B36B4A6C49002004F05D
S214012C4061FA1CE06E4A00206E4904F05BFA01242A
S214012C5079E7A3681B78DA06AED432466A4904F0EF
S214012C6051FAA9E700210AA8FFF70EF9032F08D9A0
S214012C705F4B664A66490097002004F043FA002439
S214012C8061E76B1E632B04D9594B604A6149009575
S214012C90F2E7614BE4B2DB5D9C4209D0CDE901432A
S214012CA00020534B594A5D49009704F02BFAE6E79A
S214012CB057B3A4B222460521404621F06DFCBDF86B
S214012CC02830834203D04A4B554A5649B6E7012F6E
S214012CD01AD022460721404621F05EFCBDF82A3074
S214012CE0834203D0424B4E4A4F49A7E7032F0BD1ED
S214012CF022460921404621F04CFC0B9B984203D109
S214012D003B4B474A494999E7642D3FF463AF22F0AC
S214012D1047F86423C0B2B0FBF3F203FB120301339E
S214012D20DBB29D42BFF456AFCDE900530020304BD5
S214012D303B4A3F4904F0E6F9A1E7284B1B78052BEF
S214012D4001D03C4A7FE7EB1CDBB2277BF45C44B145
S214012D5023460020374A384904F0D4F900210C46AE
S214012D600BE00F2F0DD81023204634490093314A2B
S214012D703B4604F0C7F9802401210020FFF726FB1B
S214012D80E1E60435EDB220462A4A2D4904F0BAF9A7
S214012D907A1B7119D2B206A820F082FA05443A4687
S214012DA0E9B2304621F0F5FB264D069A2B68264FF0
S214012DB09A42386001D100284AD1244900201D4A90
S214012DC004F0A0F985240121D7E700BF9CE30300A6
S214012DD06C560400B4E30300E86B0020325F002069
S214012DE0E3E303002F5F002059E4030061E40300DE
S214012DF0E9E40300FEE4030027E4030034E40300EF
S214012E0089E4030096E40300B3E4030013E503003A
S214012E101BE5030035E503002F56040053E50300C8
S214012E20A8E903008DE50300B7E50300DFE503002D
S214012E3006E603003AE6030054E6030083E60300D1
S214012E409AE60300F440002004410020C3E6030094
S214012E5000F08EFF3E68B0420AD200F089FF9D491D
S214012E6003463246204604F04DF98924012184E7C1
S214012E70079A6B689A4205D12046974A974904F00B
S214012E8041F96BE79649097859B19A4209D2204629
S214012E90944904F037F996210620934AFFF7E8F99A
S214012EA05CE7924A924905A801F0DCF9079E48B909
S214012EB06A68964206D88F4904F024F90520FFF780
S214012EC0C3FB40E6324600208B4904F01BF9396803
S214012ED00027002000F042FB00206E60FFF74AF951
S214012EE0864B06201F80FFF719F9854B1F7001F0EE
S214012EF0B1F90646F8B94FF6FF73824A0AA8118857
S214012F00994214BF13463B466A88298801F012F994
S214012F100AA800F0D7FC58B10AA801F0DDF938B1CB
S214012F203046794904F0EEF80420FFF757FB0AE62D
S214012F30FFF7F8FB07E6042805D1744B192118782A
S214012F4020F046FDFFE538467149EBE7714B1B78EB
S214012F50062B01D0704A76E6DFF8A0A1EB1C94F8A8
S214012F600C90BAF80080DBB22EB930466B4904F0FB
S214012F70C9F88724E7E5F75C2C1D972FE4B22FD01C
S214012F8025D8812F71D0952F67D017BBB9F1100FB7
S214012F907FF6E7AD31194A460AA820F081F90444C4
S214012FA0E4B221464A46304621F0F3FA231DDBB24D
S214012FB0053416F803A0E4B2A9EB0403534505460D
S214012FC066DA009338465346534A5549C7E5982F63
S214012FD043D03B460020504A524904F093F8C8E7D4
S214012FE0B9F10A0F7FF6BDAD1FFA89F721463A46B9
S214012FF0304621F0CEFA05F1080104463A46C9B238
S214013000304621F0C6FA0AAA01462046FFF736FAEC
S21401301008B9454B0A93B9F10C0F12D905F10C0109
S2140130203A46C9B23046DDF8288021F0B5FA0446A2
S21401303002463E49002004F065F8AAF800404444E0
S2140130400A940A9C3A492246002004F05BF820467E
S214013050FFF7A4F820F01CF911E63649002004F029
S21401306051F80320FFF7BAFA09E6334C23786BB11F
S21401307020F001F950B10020304904F043F8002354
S214013080237020F005F9FFF74DFBF8E52C49E5E73D
S214013090DFF8A49099F8003043B9FFF7D1F88542DC
S2140130A0034607D01C4A27490095E5E520F0EAF8D3
S2140130B00128F2D110220D480AA908F007FF10B91D
S2140130C0BAF13F0F42D9144A1F49002004F01AF8FA
S2140130D04FE700BFE2E603003AE603001AE7030003
S2140130E02B5F00204FE70300C0270900F4400020B3
S2140130F004410020DEE1030090E70300B2580020FF
S214013100315F0020B4580020B2E70300486C00206D
S214013110D1E70300325F0020F7E703000CE8030065
S21401312039E903001BE90300E093040047E80300C4
S21401313072E8030091E803002E5F0020ADE803006B
S214013140ECE8030075E90300B1E903006D4B187064
S21401315099F800304BB120F08EF830B1284620F0B7
S2140131608DF8042807463FF48AAD514628463219A1
S21401317020F0C7F928B10020634903F0C3FF0420FB
S21401318070E799F80030554463B120F074F848B1FF
S214013190FF2FF4D0012F3FF472AD032F16D120F08C
S2140131A075F805462846FEF7E5FF04460246052162
S2140131B0564820F09CF8564B1B689C420AD3204682
S2140131C020F09AF90520FFF73FFA58E520F05CF861
S2140131D08046E7E74046FEF7E1FF00287FF44FAD63
S2140131E051E74C4B1B7803F0FD03082B01D04A4AEC
S2140131F029E5A48935B1F27822B10020474903F0C8
S21401320081FF2EE7E4B22246F11C0AA820F048F816
S214013210434BBDF828201988054691420DD04FF63C
S214013220FF718A4209D03C4A00203E4B3E4903F0DA
S21401323083FFBDF828203D4947E7BDF82A20598875
S21401324091420CD04FF6FF718A4208D0324A0020D4
S214013250374B354903F070FFBDF82A20EBE70B9A90
S2140132605B689A420AD0013208D02B4A2E490020C8
S214013270304B03F061FF0B9A2F4926E7A4B2E91CF5
S2140132802246C9B2304621F084F9E91DC9B2074683
S2140132902246304621F07DF9431C014606D108201E
S2140132A0FEF73CFF2548FEF779FFE8E4384606AA14
S2140132B0FFF7E4F8A8B9214B0693214B00221978B1
S2140132C0204B18781FF0C8FF069C2046FEF766FFC5
S2140132D0224600201C4903F015FF0920FEF71EFFB9
S2140132E0CDE440F6B733069A9A42E6D840F6B832AD
S2140132F00020164903F006FF40F6B833DCE78124C8
S21401330021E400BF315F0020E4E9030007EA03007F
S21401331004410020325F002010EA030025EA030082
S214013320F4400020A7E503004CEA030005DB030098
S214013330D1E5030067EA030064F2030080EE36007D
S214013340476C0020486C00209FEA030074EA0300E3
S21401335008B50420FFF742F90020FEF7DFFE002340
S214013360054A19211370054A1370054B1878BDE8F4
S214013370084020F02DBB00BF2F5F0020305F0020EB
S214013380486C002010B5164B164C1A78164B0020C8
S21401339053F82220154903F0B5FE2178144B154A3F
S2140133A00020002918BF1A46134903F0ABFE237804
S2140133B02BB1124B00201A68114903F0A3FEFEF749
S2140133C03FFF0446FEF73CFF0E4B19681FF082FFD5
S2140133D02246BDE8104003460B49002003F092BE8A
S2140133E0325F00202F5F002040560400BBEA030036
S2140133F091F1030072F10300C8EA0300F0400020D7
S214013400E2EA030004410020FBEA030038B5014666
S21401341004460020FFF788FB054698B1E37C0020B0
S2140134200A4A0B4903F06EFE2379042B0AD029467B
S214013430204621F098F9034620B10020054A0649A6
S21401344003F060FE6FF0FF0038BD00BFE5CB030060
S21401345023EB030059E4030061E4030010B51346AF
S214013460094A127882420DD163B1084A00201468D5
S2140134700A46074903F046FE2146BDE810400120F2
S214013480FFF752BB10BD00BF486C0020544400201B
S21401349045EB030010B50D4B1C782CB1BDE8104070
S2140134A000200B4903F02EBE6420FEF763FE4FF6A4
S2140134B0F0716FF00F02074B0320C3E9001222469A
S2140134C02146BDE81040FEF7D3BE00BF325F0020A4
S2140134D07EEB0300F4400020014B1870704700BFDC
S2140134E02E5F002000210620014AFEF7C1BE00BF64
S2140134F0C0270900014B1870704700BF2B5F0020E2
S214013500114B2DE9F04107460D4618680F49101A70
S21401351009681FF0DFFEDFF840800D4E98F8004086
S2140135200346FF2C307004D0A8420AD32C44A04294
S21401353007DB3A460020074903F0E4FD337888F8B4
S21401354000303078BDE8F0810C41002008410020B1
S214013550335F0020ACEC0300496C002050EA010206
S21401356008D0FF22054B091A1A70054B1860054B47
S2140135701960704711461046FFF7C2BF496C00201C
S2140135800C410020084100202DE9F04FAFB006ADF8
S214013590284600F0FDFD0026624FDFF8D091284650
S2140135A000F090F9044648B900F0BEFD5E490246B7
S2140135B0204603F0A7FD2FB0BDE8F08F3946002066
S2140135C0F2B203F09FFD284616A900F0FFFD04465F
S2140135D020B15649002003F095FD8FE0BDF8582034
S2140135E0534903F08FFD49462046BDF85A2003F0A3
S2140135F089FD2046BDF85C204E4903F083FD204638
S214013600BDF85E204C4903F07DFD2046BDF86020E4
S2140136104A4903F077FD2046199A494903F072FD9D
S2140136202046BDF86820474903F06CFD2046464910
S2140136300DF16A0203F066FD44492046239A03F021
S21401364061FDBDF85C30D90705D520469DF8902070
S2140136503F4903F057FDBDF85C309A0714D50020AA
S2140136603C4903F069FDBDF85830B3F5807F4FD172
S214013670002020F0D8FF18B10DF1910003F0C4FC32
S2140136800020354903F03EFDBDF85C305B070BD5E5
S2140136900020BDF8B220314903F034FD0020BDF80A
S2140136A0B4202F4903F02EFD062228460DF11603FD
S2140136B00AA91FF03EFE044690BBBDF81620294914
S2140136C003F020FDDFF8A8A0DFF8A8B00DF1280868
S2140136D0BDF81610A2B2914210D9B8F80020514692
S2140136E0002003F00FFD0134D8F8042059460020CD
S2140136F003F008FD062C08F10808E9D16C462046BF
S21401370000F05AFD94E80F00013685E80F0046E701
S2140137100123202200200DF1910103F057FCAFE7B1
S214013720114957E7BEEC03008BEE0300C7EC03001C
S214013730EBEC03001FED030038ED030051ED030031
S2140137406AED030083ED03009CED0300B1ED030079
S214013750CDED0300E6ED030035030400F9ED0300AB
S21401376012EE03002BEE03005EEE030004ED0300F1
S2140137703CEE03004CEE03002DE9F04188B004ADA9
S214013780044628468846002700F002FD6E46474557
S21401379007D195E80F0084E80F00204608B0BDE881
S2140137A0F081304600F008FD96E80F0085E80F002E
S2140137B0284600F087F801370028E8D1014B0FCBE7
S2140137C0E9E700BFC05804001FB5D0E9023253F83C
S2140137D0223068461978FFF7CFFF684600F07CFD77
S2140137E048B1042809D1074A0020074903F08AFC9A
S2140137F005B05DF804FB054AF6E70020044903F02E
S21401380081FCF5E72DF80300A6EE0300DDF10300C9
S214013810B2E7030010B5D0E9023203EB8201496832
S21401382053F8223098B00C6804A81978FFF7A4FF63
S21401383003AB40220093214608AB04A800F0E2FC4B
S214013840024628B100200E4903F05CFC18B010BDFA
S214013850039808A900F007040122C0F3C70003F08B
S214013860FBFB039908A8091B0144064801232246CD
S214013870008803F0ABFB044803F0E4FBE6E700BF77
S214013880B6EE0300D058002035030400F0B5044618
S2140138900D460B4BEF880FCB84E80F00AB882E89C3
S2140138A09B0741BFD5F83900D5F83D1004F1080350
S2140138B003C3EA682046278066806260F0BD00BFC9
S2140138C078560400102208B5034908F0FFFA0038BC
S2140138D018BF012008BD00BFC058040008B521F07C
S2140138E0BDFEC288FF219208012A38BF0122024884
S2140138F01FF0ADF8012008BD1C41002038B5134665
S21401390090B10120274A1070274A00201160274AEB
S21401391013600A46264903F0F5FB02F043FB254BEC
S2140139201870022002F044FB21F0B3FEE8B91D4DE9
S2140139301D4C2B782BB921F091FE2268C3681344E5
S21401394023601A4B24681B689C4229D221F086FE0C
S214013950C168204606F022F8002402462C7050B9B1
S21401396021F097FEFFF7BAFF03E0FFF7B7FF002845
S214013970DDD0012038BD20460F4903F0C3FB0D4BB7
S214013980187802F015FB00200C4903F0BBFB00F091
S21401399091F908B900F0AEF92046FFF7B7F8E8E765
S2140139A00124ECE7355F002014410020104100207F
S2140139B0DDEE0300345F002009EF030029EF03006A
S2140139C038B500F04BFA044600F042FA241A21F00A
S2140139D045FE054618B9B1211B4827F06CF8AB889F
S2140139E003F00303032B03D0B221174827F063F833
S2140139F000F02EFA05461FF00FFD01238340013B20
S214013A002B4203D0B421104827F055F81FF004FDCF
S214013A1001238340013B234203D0B5210A4827F006
S214013A204AF805F091FD05461FF0F6FC4FF4806359
S214013A30B3FBF5F3C440A34205D2BDE83840BA2132
S214013A40014827F038B838BD3FEF0300FF2108B51D
S214013A5004481FF00DF8BDE8084000221146104644
S214013A60FFF74CBF1C410020F7B504460E4600F098
S214013A7089F8054621F0F2FDC3682B449C4220D309
S214013A801FF0CAFC2C44C440013C114F3B68DEB118
S214013A90A34219D101340023ADF8043000F0E4F953
S214013AA0054605F051FD103504FB005405F04CFDAC
S214013AB001A90246204605F099FD1FF0BDFC3860BD
S214013AC004E04FF0FF34E0E7A342E4DB03B0F0BDCF
S214013AD0106800204FF0FF320A4B10B51A60002222
S214013AE0094B1A7000F0B4F9044600F0B7F9214604
S214013AF002460120FFF702FF00280CBF0120042028
S214013B0010BD00BF10680020365F002038B500F0F9
S214013B10D1F808B9002038BD094D0A4C2B7823B9D5
S214013B201FF08AFC012320602B7024681FF074FCB0
S214013B3001348440EED000F025F82044EBE700BFC6
S214013B40365F00201068002070B50D4C2368002BEE
S214013B5001DA012070BD00F07BF9054621F07EFDFB
S214013B602468C6681FF058FC013404FA00F12944A1
S214013B7001208A19FFF7C2FE0028EAD00420E9E7EF
S214013B8010680020024B18680C301FF085BC00BF7F
S214013B9014680020FF2307B50021044A0448009357
S214013BA0FBF78AFC03B05DF804FB00BF4D3A010049
S214013BB01C4100200E4B70B51C680546036804F5D1
S214013BC082641C440E46FFF7DDFF2B68834208D251
S214013BD032681A44824208D9C31A012033602C6025
S214013BE070BD044A126813441C1A0020F7E700BF90
S214013BF014680020184100202DE9F04FB3F5803FEE
S214013C0087B00F469846019003D3002007B0BDE861
S214013C10F08F03A904A8CDE90332FFF7CBFF0024F8
S214013C20824600F10109DFF888B05FFA89F9019B45
S214013C30DDE90356AAB27BB13046109921F015FD95
S214013C400028E2D1B9F1020F2BD1DBF80030049342
S214013C50019B03BB2F4421E03946304605F0C6FCE4
S214013C600028D2D1BAF1000FECD0002CEDD105F02E
S214013C706BFC2E44B6FBF0F303FB10600028E4D087
S214013C8005F062FC05A902463046059405F0AEFC37
S214013C900028DAD0B9E7109B2B441093A8EB050552
S214013CA00395631C4B454FF00104C0D32046ADE796
S214013CB0184100207FB56B460C4A1068516803C353
S214013CC090680C2218600A4B0DEB0201186821F06F
S214013CD0CCFC0C2268460DEB020108F0F7F8B0FAAE
S214013CE080F0400907B05DF804FB00BF8856040069
S214013CF0146800201FB5084A01AB1068516803C359
S214013D00906801A91860054B0C22186805F06EFC36
S214013D1005B05DF804FB00BF885604001468002057
S214013D20F7B5044615460E4681B9072A03D800247E
S214013D30204603B0F0BD0D4B80791968E379063053
S214013D4000EB03200C3180B21FF0B0FB00272146A8
S214013D502B46324638460097FFF74EFF04460028AA
S214013D60E5D039467019FFF77FFEE1E714680020B9
S214013D70024B1868A0F50060704700BF206800205D
S214013D8010B58AB0684606F015F810F0FF0027D186
S214013D90009BFBB1174C01A9206005F083FF10F0D2
S214013DA0FF001DD12268009B9A4204D34FF4DD71B7
S214013DB0114826F080FE019B104A11491360029AB1
S214013DC013440B600F49A3F500630A600E4A1360A3
S214013DD0009B63B940F2CF11074826F06CFE06E05F
S214013DE0044A034612680020084903F08BF90AB01A
S214013DF010BD00BF18680020F2EF03001841002034
S214013E001C68002020680020146800209AF0030037
S214013E1008B5FFF7B5FF21F021FC50B121F01EFCDB
S214013E20064B02691B689A4203D2B321044826F066
S214013E3042FEFFF7C5FD012008BD00BF2068002037
S214013E40F2EF0300014B1868704700BF18680020A6
S214013E50014B1868704700BF18410020014B1868D5
S214013E60704700BF1C680020014B1868704700BFF0
S214013E701468002010B5FFF749FE044628490020C3
S214013E8003F040F90020274903F03CF900202649B9
S214013E9003F038F90020254903F034F9244B0020BB
S214013EA01A68244903F02EF922462349002003F01C
S214013EB029F9FFF767FE21490246002003F022F99F
S214013EC01F4B00201A681F4903F01CF91E4B1F4C9C
S214013ED01A6800201E4903F015F9226800201D49C2
S214013EE003F010F94FF4806200201B4903F00AF931
S214013EF0226800201949103203F004F922680020D4
S214013F0017490C3203F0FEF822680020154902F525
S214013F10826203F0F7F8BDE8104005F049BA00BF29
S214013F2019F1030056F1030075F1030095F1030042
S214013F3018680020C0F10300DFF1030002F203005D
S214013F401841002025F203001C6800201468002098
S214013F5048F203006BF203008EF20300B1F2030095
S214013F60D4F20300F7F203002DE9F04194B00446C1
S214013F700D460020482102AA1FF0A9FA18B9534994
S214013F8003F0C0F819E060220021204607F052FC39
S214013F9004224F4902A807F099FF90B16DB19DF830
S214013FA00B30002001939DF80A309DF808200093FD
S214013FB048499DF8093003F0A5F8012014B0BDE882
S214013FC0F081BDF80C20B2F5807F228003D04249F3
S214013FD003F098F8F1E7BDF81420BDF80E10228121
S214013FE0DDF816206180E2600499BDF81A20616050
S214013FF0228284F8320007AD04F112020FAE2B467E
S21401400003CBB342106051601D4602F10802F6D19F
S2140140100F9B324A63631360314B1022184600210E
S21401402007F008FCE288A388028022894280E268C1
S21401403042600BB90020C1E700263546A388D907A0
S21401404009D536B105F150026A4412F8482C84F8B5
S21401405038200135EDB29A0714D520881FF04DF9A6
S21401406007466EB102AB03EB05080246414604F172
S214014070390007F06FFD3A4641461A4807F06AFDD7
S2140140802F44FDB2A3885B070DD556B105F1500349
S2140140906B4433F8482C33F8463CA4F85A20A4F86D
S2140140A05C300435EDB2002EC4D1482D02D930461D
S2140140B00D4965E72946382002AA1FF008FA08B913
S2140140C00A495DE738250126B8E700BF1AF3030061
S2140140D0945604004CF3030082F303003C41002095
S2140140E040410020484100209DF30300EDF303000A
S2140140F030B50B4C99B025786DB9FFF789FE68B1DC
S21401410029466846FFF730FFB0FA80F0054B4009B4
S214014110187001232370002019B030BD0120FBE781
S214014120375F0020385F0020014B1878704700BFCA
S214014130385F002070B51E46134B044618881D468E
S214014140884298B002D15B88934206D00F4B0FCBC2
S21401415084E80F00204618B070BD96B1002168466D
S214014160FFF702FF0028F1D1BDF804305B0708D540
S2140141703388BDF85A209A42E8D8BDF85C209A42A6
S214014180E4D395E80F00E3E740410020C05804005F
S214014190064B10B51B7804462BB9054B0FCB84E8AC
S2140141A00F00204610BD034BF8E700BF385F002024
S2140141B0C05804004041002010B50446024B0FCB06
S2140141C084E80F00204610BDC05804000B4B10B504
S2140141D01B78044608467BB10021FFF7C5FE48B9A7
S2140141E010222146064807F071FE003818BF01204C
S2140141F0C0B210BD0120FBE70120FAE7385F0020BE
S214014200404100202DE9F0410E4690460E4910220D
S2140142101F4607F05BFE044670B90C4B3A461D6814
S2140142203046AD1B454528BF454629461FF04FF988
S21401423028B9074902F066FF0120BDE8F081069B18
S21401424020461D60F9E700BF404100203C410020A8
S214014250EDF303000022024B1A70FFF73BBC00BFD0
S214014260385F00202DE9F0419CB00F461646804687
S214014270FFF74CFC054602461549002002F042FFB6
S214014280382D20D9012104A8FFF76EFE0446D0B9C7
S214014290119B04A93B606F463846FFF7F7FA97E88B
S2140142A00F0086E80F00119BAB4297BF0121032444
S2140142B0084AC8F8003094BF1170C8F8005020466C
S2140142C01CB0BDE8F0810022024B01241A70F6E70B
S2140142D01FF40300385F002070B5084D00262B78C8
S2140142E053B1FFF7F7FB04461022002104482E7055
S2140142F007F0A0FA204670BD3446F5E7385F002087
S2140143004041002008B50020064902F0FBFE064B9E
S21401431000201A78054902F0F5FEBDE80840FFF7CF
S214014320A9BD00BF3EF40300385F002068F4030017
S21401433003460120024AC3E9032000221A7070478F
S2140143400100FEFF2DE9F0410024264E264FDFF83E
S214014350A88088B000F0D4F9A5B2854202D308B08F
S214014360BDE8F081284603A91FF0E7F8A2B231465E
S214014370002002F0E1FE9DF80D2012B39DF8121008
S214014380BDF81030402914BF6E2179210020CDE9F7
S21401439000313946BDF80E3002F0CEFEBDF81420CD
S2140143A01AB10020114902F0C7FE9DF80C00BDF8B5
S2140143B0182070B9079B0E490093BDF81A3002F019
S2140143C0BBFE00200B4902F09DFE013426F080FB67
S2140143D0C0E7BDF81C304146009300209DF81A3016
S2140143E0EDE700BF81F4030087F40300AAF403009D
S2140143F0B4F4030035030400DBF4030010B500F049
S214014400ABFABDE810400346024A0020024902F01A
S21401441079BE00BF03F503003ABD0300D0E90232BE
S21401442053F8223010B5188800F086FABDE810401F
S2140144300346024A0020024902F064BE09F5030061
S2140144403ABD030010B5D0E90232002486B08DF8DB
S214014450044053F8221003EB8203097801A88DF873
S21401446005105A681288ADF806209A681288ADF8C9
S2140144700820DA681278ADF80C40A24214BF402238
S21401448080228DF80A201A691288ADF810205A6920
S2140144909B691288ADF812201B68059300F0D0FBCB
S2140144A0034A03460349204602F02CFE06B010BD1F
S2140144B0A5D303003ABD030038B50024064D26F007
S2140144C0F3FA45F824000634C02CF8D10020BDE8E4
S2140144D03840024902F016BE8010002010F5030095
S2140144E030B5002087B0204902F00CFE00201F499D
S2140144F002F008FE00201E4902F004FE26F0D4FA5F
S21401450000240546A0B201A901341FF016F8202C9C
S214014510F8D126F0C9FA1749421B002002F0F2FD35
S2140145201549002002F0EEFD26F0BEFA04460120F1
S21401453000F09EF826F0B8FA0E49021B002002F0A1
S214014540E1FD0E49002002F0DDFD26F0ADFA04463D
S2140145501EF0E4FF26F0A8FA021B0020054907B06A
S214014560BDE8304002F0CEBD3CF503006BF503001C
S2140145709BF50300B8F50300C7F50300E1F503005A
S21401458010B50C4603F022FD08B9032C12D101F038
S214014590FFF804280ED001F0FBF805280AD00648DB
S2140145A002F060FC1C2801D11FF065FFBDE8104039
S2140145B002F068BC10BD00BF273503002DE9F04F9F
S2140145C000274FF0FF36DFF8A4B0264C87B0BBF8C3
S2140145D00030B8B2834209D8731C3BD03246FF2163
S2140145E0214807B0BDE8F04F1EF031BA01A91EF010
S2140145F0A4FF9DF8050001F001FFF8B19DF80480C5
S214014600B8F1000F1AD1BDF810A0BDF8129026F02F
S2140146104BFA18210246BBB24B43E018E158007C26
S2140146204FF47A73A2EB010C50B103FB0AF3634516
S2140146300ED30B44981A864228BF06460137C6E7B2
S2140146404D466B43FAD06345F5D31944881AF2E711
S2140146504046F0E7FF21044807B0BDE8F04F1EF0E2
S21401466007BA00BF8010002050410020B658002035
S2140146702DE9F041014688B058B1022810D01EF04D
S21401468076FF78B3D221194808B0BDE8F04126F08C
S21401469012BAFF23164A17480093FAF70DFFEEE702
S2140146A000244FF001082746134EA5B2284603A959
S2140146B08DF80D701EF041FF9DF80D0068B101F0F8
S2140146C09DFE20B19DF80C300BB986F810800134A0
S2140146D0202C06F11806E8D12546084B1D80FFF769
S2140146E06DFFCCE708B0BDE8F08100BF01F603001E
S2140146F0254A01005041002080100020B6580020B5
S214014700014B1888704700BFB65800202DE9F04FBE
S214014710634A077D89B004466249002002F00CFD19
S21401472000201FF080FF20B12368218A588803F0FB
S2140147309BFC00205C4902F0E5FC637DDFF8749188
S214014740002B236808BF08205988574B18BF002044
S2140147500093228A4FF0090314BF4FF080084FF0F0
S214014760400802F02FFBA289BB1C93420CDB1FF012
S214014770F4FF034620B100204C4A4D4902F0C2FC2A
S214014780012009B0BDE8F08FA068791C89B2C55D2B
S2140147901FF002FF0337012D0646BFB213D8236868
S2140147A0324659885879238A009343461FF03EFBC8
S2140147B0824600283ED1862002F0CCFB284602F035
S2140147C0C9FB304668E08520F6E703A91EF0B5FE72
S2140147D09DF80C30AB4223D123689DF80D105A7911
S2140147E091421DD1BDF80E105A88914218D1BDF8DC
S2140147F01020B24214D19DF81220424510D1BDF8C6
S2140148001410228A91420BD1002D38D0BDF8181011
S214014810E288914204D19DF81A201B799A422ED043
S2140148200BF1010BB9F800305FFA8BF08342CCD85C
S2140148308B20C1E74FF0000BF4E79AF8020002F074
S21401484089FBBDF818001FF06AFEBDF81A001FF0BC
S21401485066FE9AF8020003F027FE002883D19AF834
S214014860020001F09DFC0546079E002D3FF47BAF3C
S214014870F0B2013D02F06EFB360AEDB2F5E700201C
S21401488002F068FB284602F065FB30461FF047FE43
S214014890012DD2D1BDF81C001FF041FE63E700BF19
S2140148A090F6030062EA0300350304009DF6030058
S2140148B0BAF60300B65800202DE9F04391B06946D8
S2140148C080461EF03AFE0023194F8DF801303888D5
S2140148D0431E98B28045388009D1694640461EF08D
S2140148E034FE68461EF018FE11B0BDE8F0834FF0A6
S2140148F0180905A91EF021FE0E4C3E880AAD09FBDB
S21401490006460FCE0FC596E8030009FB084485E866
S21401491003000AAE404605A91EF017FE0FCE0FC4CF
S21401492095E8030084E8030069463888D7E700BFA6
S214014930B65800208010002008B5064B1B8883421D
S21401494005D9FFF7B9FFFFF739FE002008BD27207C
S214014950FCE700BFB658002038B5074D2C882CB9A7
S214014960FF2106481EF084F8204638BD601E80B23E
S214014970FFF7A2FFF2E700BFB65800205041002023
S2140149802DE9F3479A4618239DF82890244FCDE940
S214014990001203FB09731446D3E902231FF0BCFF80
S2140149A0064620460D4603F07FFD04F0FD03382B36
S2140149B080460FD1009432462B460021DAF81000CB
S2140149C01EF0E6FDB8F1010F1BD135431ED102B032
S2140149D0BDE8F087392CDAF810300BD107EE906A73
S2140149E007EE103AF4EEC77AF1EE10FAACBF0120EA
S2140149F00020E7E79E4275F100032CBF012000204E
S214014A00E0E7B8F1000FE2D10028E0D0182303FB5D
S214014A10097701233B7402B0BDE8F047FFF7CEBD2E
S214014A20801000202DE9F04F00252E46A846AA4604
S214014A302C46DFF8BC91D1B0694BA8B21B888342E3
S214014A4009D81CB161882079FFF79AFDFFF7B6FDFA
S214014A5051B0BDE8F08F0BA91EF06FFD26F024F8CB
S214014A601823AFB27B4309EB030B59F803300590CB
S214014A709DF82D00049301F0C1FC002800F0AE80E3
S214014A809DF82C10002940F0A980DDE90432D01AE7
S214014A904FF47A72BDF838305343834200F29E8059
S214014AA09BF8103043B9BDF83A30002B00F09680E1
S214014AB05343834200F29280FD230022CDE9013266
S214014AC010AB00930DF119020DF11A03E9B20BA810
S214014AD0EFF7FEFB002877D1BDF81A30DA1C0493F5
S214014AE0D2B214B33F4B9DF82D101B881344227984
S214014AF0914214D1BDF82E10628891420FD19DF8D3
S214014B003220B8EBD21F0AD1BDF83420524506D167
S214014B10B3424DDD0020344902F0F4FA01E0B3421D
S214014B20F8DC61882079FFF72BFD02F0E7F90446EF
S214014B309DF932002D4BC043C00F0093BDF83420C1
S214014B400A23BDF82E10C0009DF8328002F03AF913
S214014B509DF82D304FF0000B23714FF48A53FF263A
S214014B60BDF834A04FEAD818E38007A95FFA8BF0A6
S214014B7020F076F8C0B2B0B99DF81D109DF82D2032
S214014B80914210D1BDF81E10BDF82E2091420AD1D7
S214014B9022469DF829109DF81C001FF0E7FDB04243
S214014BA028BF3046C6B20BF1010BBBF1200FDCD19A
S214014BB0BDF830001FF0B3FC9DF8190002F0CAF9E9
S214014BC0049910A802F0DAF9182300225F4309EBD2
S214014BD007031A7425F068FF49F8070001352BE72B
S214014BE0B6580020C058002079F7030035030400AA
S214014BF08010002070B500240126104D8AB02B8845
S214014C00A0B2834204D80AB0BDE87040FFF7D6BC14
S214014C1005A91EF092FC9DF8150001F0EFFB50B1BE
S214014C209DF814303BB91A46CDE901360093E1B23E
S214014C3005A8EFF74DFB0134E1E700BFB6580020A9
S214014C402DE9F0430389DFF858818BB0B8F800905E
S214014C500093044683798288418840781FF0E6F8FD
S214014C60002800F09580E78927B1A389BB4200F2AE
S214014C7091800027B8F80030BDB2AB4214D84D463B
S214014C8001264FF6FF73E2899A4226D146B9B8F853
S214014C900030AB4202D92846FFF70EFEFFF78EFC26
S214014CA000200BB0BDE8F083284605A91EF045FCA0
S214014CB09DF814307BB92268059B5340FF2B0AD818
S214014CC06368069E5E4036F07F4604D1BDF81C2020
S214014CD023899A42D5D00137CCE7E2689A422BD095
S214014CE0002E53D1D4E90323CDE9082305A81EF0ED
S214014CF013FC0028D5D1B8F80030AB4204BF6B1CBA
S214014D00A8F8003025F0D0FE18236B43234AE9B2F9
S214014D10D050D418002305A81A46CDE901330093D4
S214014D20EFF7D6FA18B100220023C4E90223284679
S214014D3005A91EF00AFCB1E7234605AA04F1100CEA
S214014D40174618685968083303C763453A46F7D1CA
S214014D501868386005A81EF0E2FB0028C0D01F2D99
S214014D601AD800238DF8143063788DF815306388CF
S214014D70ADF81630A388ADF81830A3798DF81A303F
S214014D802389ADF81C300028B0D1ABE70020E6E758
S214014D90862086E7872084E7892082E78010002026
S214014DA0B65800202DE9F04FB04A90F814908DB017
S214014DB00446AF49002002F0BFF900201FF033FC83
S214014DC020B12368218A588803F04EF90020A949AA
S214014DD002F098F9637DDFF8B8A2002B14BF802398
S214014DE040230293236808BF08205988A14B18BFA7
S214014DF000200093228A072301F0E4FF0023039397
S214014E00A28909F10305954211DB039B13B91846E4
S214014E1002F0A0F81FF0A1FC034620B10020964A3C
S214014E20964902F06FF901200DB0BDE8F08FA06839
S214014E3009F1010189B210F809601FF0ADFB324695
S214014E40804603468E490020ADB202F05BF98EB172
S214014E50012E00F08A808527384602F07BF830461E
S214014E6002F078F840461FF05AFB852FD2D0012376
S214014E70039376E0A06809F10401A28989B2475D2F
S214014E801FF08AFB09F10601A289049089B2A06885
S214014E901FF082FB3A4605900090049B3046794904
S214014EA002F030F909F1080938461FFA89F503F0CE
S214014EB0FBFA002857D1384601F072F92946034615
S214014EC08146A289A0681FF058FB6F498346304689
S214014ED002F032F9A1684A4629443346304602F0C8
S214014EE075F83046634902F00DF9A9441FFA89F5B1
S214014EF02368424659885879238A0093029B1EF0FC
S214014F0095FF18B18378BB4240F0AC80483FFFB2B2
S214014F10092F05D840F21133FB40DB0700F1A480CE
S214014F2000238DF81C30236807A85A798DF81D20B8
S214014F305B88ADF82080ADF81E30029BCDF82CB012
S214014F408DF82230238AADF82430049BADF8283042
S214014F50059BADF82A30FFF773FE074600287FF45D
S214014F607BAFA9464CE7B346C2E72946A289A068AB
S214014F701FF012FB4FF0000B024607464349002084
S214014F8002F0C0F809F10509BAF800301FFA89F5F0
S214014F90BAF800201FFA8BF94A4503D81F2B31D9DE
S214014FA0892759E7484607A904931EF0C6FA9DF8D3
S214014FB01C20049B012A22D122689DF81D005179EC
S214014FC088421CD1BDF81E005188884217D1BDF811
S214014FD02010414513D19DF82210029881420ED12E
S214014FE0BDF82400218A884209D1BDF82800E1884D
S214014FF0884204D19DF82A10127991421BD00BF1F8
S214015000010BC5E7012299468DF81C2022685179CB
S2140150108DF81D105188ADF82080ADF81E1002994C
S2140150208DF82210218AADF82410E188ADF82810F9
S21401503012798DF82A2007A8ADF82C701EF06CFAAC
S214015040074600287FF408AFBAF80030484699456D
S21401505008BF09F1010307A908BFAAF800301EF02E
S21401506074FA7EE78D27F7E68C27F5E6A4F70300AA
S21401507062EA03003503040005F80300BAF60300EC
S214015080ACF70300C9F70300EAF70300F5F70300DE
S214015090B65800202DE9F04F074688469146002570
S2140150A089B09A46BDF848B09DF84C60149C224BD6
S2140150B01A88A8B2824235D903A91EF03EFA9DF895
S2140150C00C201D4BB2BB9DF80D10B94232D1BDF874
S2140150D00E1041452ED1BDF8101049452AD19DF834
S2140150E01210514526D1BDF81410594522D130462B
S2140150F0029201F055F8A6F14103012B01460AD8A8
S21401510020461FF04FFA0D4B0D4A204484420CD125
S2140151100421029302ACEDB232462046009503AB61
S214015120FFF72EFC09B0BDE8F08F14F8011F4B40C5
S2140151305343EBE70135BBE7B6580020C59D1C81FC
S214015140930100011FB50F4C2478C4B142EA032233
S2140151509DF818308DF8051042EA43220A4BADF847
S2140151600C201A78094B8DF80610079903EB0213E9
S21401517000908DF80400DB6868460291984704B0F9
S21401518010BD00BF395F00203B5F0020704100204A
S21401519073B51A4DFF211A481DF06AFC2B7853B3DC
S2140151A0184C194E2378180106EB03131A7A59681E
S2140151B0305C1FF0D9FD4D281DD0E0B10123002140
S2140151C02278CDE900311201B25CC0B2FFF7BAFF16
S2140151D00A2223780A480133DBB2B3FBF2F102FB61
S2140151E01133FF2123702B78013B2B7002B0BDE8F1
S2140151F070401DF035BC02B070BD00BF395F0020A5
S214015200104200203B5F002070410020F8B5104F8F
S2140152103E780A2E1AD00FC8DFF840C00D4D9CF814
S2140152200040013605EB041585E80F000A2301341A
S214015230E4B2B4FBF3F203FB12440748FF218CF8F7
S21401524000403E701DF00CFC0020F8BD0120FCE77C
S214015250395F002070410020104200203A5F002094
S2140152600021024A0248FAF75DB900BF91510100D8
S21401527010420020002337B50C46124D12492A78F9
S214015280CDE9003312018A5C01230146E0B2FFF743
S21401529059FFA4B90D490A788AB10A202B78013A38
S2140152A00133DBB2B3FBF0F40A70FF2100FB1433C9
S2140152B007482B7003B0BDE830401DF0D1BB03B0EA
S2140152C030BD00BF3B5F002070410020395F0020E9
S2140152D01042002008B500F0BDF850B1054B064A53
S2140152E00649052808BF1A46BDE80840002001F017
S2140152F009BF08BD19F80300350304003AF8030096
S21401530008B503201FF04AFD10B90122014B1A709F
S21401531008BD00BF3C5F00200022024B18781A70BF
S214015320704700BF3C5F00200246FF2101481DF088
S2140153308EBB00BF30420020114B37B51D78C5B972
S214015340FF2110481DF094FBFFF7DAFF044600909A
S2140153500D4B28460D4A0E4901F0D4FE4CB10D4BBB
S2140153601B78DB0605D528461FF0F2FC20461DF00B
S21401537044FF094B186803B0BDE83040FFF7D4BFBF
S2140153803C5F00203042002057F8030085F80300F8
S21401539044D003002A5F002024680020FF21014832
S2140153A01DF066BB3042002070B51A4E05463378B4
S2140153B00C466BB30020184A184901F0BDFE032CB9
S2140153C001D0652C20D11649002001F0B5FE2246F9
S2140153D00020144901F096FE0020134901F0ACFEAE
S2140153E0012329460822002001F0F0FD00200F4984
S2140153F001F088FE032C88BF0023204688BF337047
S214015400BDE87040FCF7BEB8012CE0D00849DBE7E8
S21401541070BD00BF3C5F002085F803002ED403005A
S21401542098F80300E5DA0300B6F803003503040034
S214015430AEF80300014B1860704700BF24680020D7
S2140154400021024A0248FAF76DB800BF395301003D
S21401545030420020054B10B51C782CB90448FF21BA
S2140154601DF0FEFA204610BD0520FCE73C5F00203B
S21401547030420020F8B50024074B084E1D68084F3F
S214015480E3B29D4204F1010400D8F8BD394656F84E
S21401549023001CF0A4FCF3E7947404009874040041
S2140154A0F068002010B5044C23780BB11FF066FCA1
S2140154B00123237010BD00BF4A6C00202DE9F7437D
S2140154C0254B0D4616460446019350B14AB10423B6
S2140154D001AA12F8011BA94235D0013B13F0FF03C4
S2140154E0F7D1212003B0BDE8F08317F8010F90FA39
S2140154F0A0F0000E1CF0AFFE014608EB070399452D
S214015500F3DCCAB2C1F30F2392FAA2F293FAA3F321
S214015510120E1B0E03EB0223DB43621912F8020C78
S21401552099B2DBB298420CD112F8013CB3EB112FC1
S21401553007D132462146284603B0BDE8F0431FF0A6
S21401554085BB2320CEE74FF6FF71671EA5F1020942
S214015550C4F10108D1E700BF080A0E12014B18700A
S214015560704700BF3D5F0020024B1A6818608260DA
S214015570704700BF28680020024B186800B14068D9
S214015580704700BF2868002070B5044600250A4B06
S2140155901B687BB100211E8807E05A6802EB0110E8
S2140155A0013145B9021B554255418AB29642F4D89B
S2140155B09B68EEE7184670BD286800202DE9F04F7D
S2140155C01E46002393B0022E074688461446DDF891
S2140155D070909DF874A0ADF81A3040F2C08099F82A
S2140155E000305A0729D5042E40F2B98099F804B044
S2140155F000255F4B33F83520002A00F0B6800135D0
S2140156000A2DF7D1209B002B40F0AD80FF2500230B
S214015610207908AA0DF119018DF819301EF050FFF6
S21401562070B1BDF82C309DF8190023801EF0CAFF1A
S2140156300790C0B113B0BDE8F08F99F802B0D7E774
S21401564020791EF06EFC0B28059000F28A802079E6
S2140156501EF0C9FF07900028ECD1464A059B02EBD5
S21401566003135B8823804FF6FF73002F08BF434662
S21401567062880021CDE9002358465246238802F06D
S214015680FDFD18B1E38843F02003E380209B07A9C2
S2140156900DA8CDE90D34CDF83C90ADF84080ADF8BD
S2140156A042608DF844708DF845A01EF01CFF08B1CD
S2140156B00798BFE7484602F025FDA01D02F010FD41
S2140156C02246414638461FF051F8B04227D3E388B8
S2140156D02246C3F30E03E3809DF87C3041460393D4
S2140156E0BDF87830384602930DF11A03CDE90093E0
S2140156F0F3B21EF089F9209B079003B3F8B9BDF801
S2140157001A2042B1092D06D81B4B03EBC5018A802E
S214015710209A43F835201120FAF7CCFB1CE0BAF1A9
S214015720000F0AD10DF11A03CDE9006322464B465C
S21401573041463846FAF7D2FFDDE73820DBE7052891
S21401574007D1E388DB0607D5002301200793FFF77F
S21401575005FF079B002BDED01EF039FFA8E70120CE
S21401576068E7212066E71C2064E7EDB24FE700BF3B
S21401577058420020C4420020544200204FF6FF72D7
S214015780024B1A805A809A80704700BFB858002092
S21401579010B5044C2379FF2B02D11FF01DFB20719D
S2140157A0207910BDB858002010B50C4C2379FF2B7A
S2140157B008D100201EF006FF20B91FF00DFB207156
S2140157C01EF005FF2079022805D00438012894BF71
S2140157D00020012010BD0020FCE700BFB8580020C3
S2140157E04FF6FF7310B5044C22889A4202D11FF07F
S2140157F0E9FA2080208810BDB858002010B5FFF7C0
S214015800BDFF40F61D439842044607D8B0F5416FE8
S21401581005D2182826D8152848D829D010BDA0F5B5
S21401582041630D2BFAD801A252F823F071580100FA
S214015830715801001D5801001D5801001D58010036
S2140158401D5801001D5801001D580100C1580100D6
S214015850D35801006D5801006D5801006D580100C4
S2140158606D58010040F606439842D7D11C4920E006
S214015870FFF7B6FF1B490246002001F043FC152C3A
S21401588005D11FF089FABDE810401EF035BE164B53
S214015890164A1749B4F5416F08BF1A46002001F0B1
S2140158A031FC1EF028FE1EF027FEECE71628DDD19F
S2140158B01049002001F026FCBDE810401EF03EBF56
S2140158C01EF089F9BDE8104002460B49002001F0A0
S2140158D019BC0020BDE81040084901F013BC00BF08
S2140158E015000400C2FF030035030400BDFF0300DA
S2140158F0DEFF0300FEFF03002A000400520004003E
S21401590007B5094A0346108831B9084A084903B061
S2140159105DF804EB01F010BC0091064A064901F05F
S2140159200BFC03B05DF804FBD058002041CB03000C
S21401593072000400E5CB030044D003000D4B37B5DD
S2140159401B68044693B11D780389012D08BF022503
S2140159500093C37A084A0020084901F0D3FB214688
S214015960284603B0BDE830401FF0EEB9022003B070
S21401597030BD00BF90430020E700040096000400FD
S214015980002010B51EF01EFE0D4B1B6863B15A7841
S214015990052A03D862B1052402220AE0FF2AFAD0BA
S2140159A00020084901F0AEFBBDE810401EF00FBE16
S2140159B0144610461FF024FA20461FF01FFAF3E79C
S2140159C090430020EC00040013B5134C00201EF099
S2140159D0F9FDFFF7D3FE23689BB101A81EF0EEF890
S2140159E078B923681A789DF804309A4209D0D91EEE
S2140159F0032906D9D11E012903D9012A07D1022B71
S214015A0005D1032301A8ADF804301FF0A3F902B0B5
S214015A10BDE810401EF0DBBD904300200023194670
S214015A20034A01330A2B918042F8081BF9D17047CB
S214015A30544200207FB50E4605461FF08DF92A46D2
S214015A40044603460D49002001F05CFB96B10C4B61
S214015A5036211A889B78ADF80C208DF80E3003237A
S214015A60002200934FF6FC7003AB8DF80D501FF02B
S214015A70C7F80446204604B070BD00BF0D010400FF
S214015A80D0580400FF2810B50C4604D10020044964
S214015A9001F038FBFE202146BDE81040FFF7CABFE3
S214015AA026010400F8B51E460B8807460C46154627
S214015AB0002B64D14A88B1F9021000200029B8BF32
S214015AC06B78304901F01EFB6288132A1DD002F55F
S214015AD0FF437F339BB2052B23D8A2F50042013A40
S214015AE0052A1ED8DFE802F0193F1D033C09264AA5
S214015AF02649002001F006FB13E0254A2349002031
S214015B0001F01AFB2A792349F3E7022E94BF4FF6D8
S214015B10FF72B5F801202049EBE700201F4901F08C
S214015B20F1FA33462A462146384620F05FF870B926
S214015B3033462A462146384620F05AF848F22103D1
S214015B4062889A4203D1384669781EF0C2FC63889F
S214015B50B3F5004F02D90820FAF7C6F90120F8BDBF
S214015B602A790F49C5E70F4A0849002001F0E4FAEF
S214015B70032E94BF4FF6FF726A880B49B9E70020DF
S214015B80EDE700BF610104008901040090010400F3
S214015B90A1010400A7010400B5010400CD01040021
S214015BA0E7010400090204000E0204002DE9F04199
S214015BB016888AB0DFF88C80ADF80E300DF10E0332
S214015BC0C8F8002015460093324610AB07460C462F
S214015BD0FAF716FE90BB109B8DF824000693BDF8CD
S214015BE00E3004A8ADF81C30AB898DF81070ADF8F6
S214015BF020306B890594ADF81E60ADF822301EF09A
S214015C0070FCD8B921463046BDF80E30109A01F026
S214015C10C9FF98B921463046BDF80E30109AFFF7F5
S214015C2041FF58B9CDE9006039462046BDF80E302F
S214015C30109A02F049FB08B9C8F800000AB0BDE89E
S214015C40F08100BF50420020F0B585B004AB03E9F7
S214015C50030000231C469DF80D609DF80E70154A42
S214015C60D9B202EBC1004568EDB99DF80C30284663
S214015C7000939DF80A209DF80B300F4901F05CFA5D
S214015C8026B1324628460D4901F056FA0C4A002044
S214015C90002C18BF2246BDF808300A4905B0BDE8F9
S214015CA0F04001F02FBA12F831100133B94208BFA3
S214015CB02C46D5E77858040020020400310204007F
S214015CC0B0CA0300350204004FF6FF7310B5084C46
S214015CD088B062889A4207D102A90DF107001DF02B
S214015CE06BFFBDF810306380608808B010BD00BF40
S214015CF0B85800202DE9F04F85B0894692461C46DB
S214015D000746BDF83850BDF83C80109E002833D0B9
S214015D100346464A0020464901F00EFA2388002B26
S214015D2076D040F20912934274D0424A4249B3F502
S214015D30827F08BF0A46CDF8048061880020009162
S214015D403E4901F0F9F9238893B1B8F1020F0FD952
S214015D5033783B4913F0010F3A4A18BF0A465907F0
S214015D604FF000004CBF3379B378374901F0E4F9BE
S214015D700020364901F0C6F90023354931F83320B1
S214015D80AA4249D1334A52F833B0002331F83300DE
S214015D90DA00A84246D100202E490A44908041F8F4
S214015DA0330047B9238833B9B4F90230002B02DB3C
S214015DB00820FAF77FF80120FAF796F89EB13578B1
S214015DC0EB0710D515F0040004D0424601213046F9
S214015DD01EF0E2FBCDE90170434622465146484695
S214015DE000961EF0FBF8BBF1000F06D04346224694
S214015DF051464846CDE90067D847434622465146B4
S214015E004846CDE900671DF0AFFD05B0BDE8F08F4F
S214015E10114A90E7114A8EE701330A2BAED14FF0B3
S214015E20000BB2E701330A2BB0D1BAE7EDC103008C
S214015E305C020400B1CA03004A0204006A020400BC
S214015E404D020400550204009B02040035030400C1
S214015E505842002054420020430204004702040036
S214015E600D4BF0B54FF00C0C1F88054600230B4E6A
S214015E70DCB2BC4201D30020F0BD0CFB04F43019A7
S214015E80345DAC4205D144888C4202D104799442F7
S214015E90F2D00133ECE700BFEA6B0020386800203F
S214015EA073B501262B4D2C4C2A462046FF23002194
S214015EB00096F9F701FB2A462046FF2300210096AB
S214015EC0F9F7FAFA2A462046FF2300210096F9F749
S214015ED0F3FA2A462046FF2300210096F9F7ECFA4A
S214015EE02A462046FF2300210096F9F7E5FA2A46BE
S214015EF02046FF2300210096F9F7DEFA2A462046BF
S214015F00FF2300210096F9F7D7FA2A462046FF23F9
S214015F1000210096F9F7D0FA2A462046FF230021F1
S214015F200096F9F7C9FA2A462046FF230021009673
S214015F30F9F7C2FA2A462046FF2300210096F9F710
S214015F40BBFAFF232A46002120460096F9F7B4FA49
S214015F5002B070BD97320300A44200202DE9F84339
S214015F6000244FF00C090C4B0C4F1E78DFF83080E4
S214015F703A88E5B2954202D33046BDE8F88309FB7C
S214015F800585FF21A8681CF081FD18B9AB799E42F2
S214015F9038BF1E460134EBE73E5F0020EA6B002067
S214015FA038680020014B1878704700BF3E5F00201C
S214015FB0014B1870704700BF3E5F0020F8B50646DB
S214015FC00C461EF07BFA0546C8B930461DF0A9FFFF
S214015FD00B2815D80B4B03EB00131F7B87B95A8888
S214015FE0012122809A88304662809B79237100F0D5
S214015FF037FA39466071304600F032FAA071012551
S2140160002846F8BDC442002070B504460E46154623
S2140160101DF087FF0B2802D94FF6FF7070BD094BA4
S21401602003EB00131A7B002AF6D146B90122294652
S214016030204600F03DFA0028EED00088EEE7012E5B
S214016040EAD1F4E7C4420020FF2313B50DF107019E
S21401605004468DF807301EF02FFA18B19DF8070098
S21401606002B010BD074B03EB04131B7B0BB1FF20E3
S214016070F6E7204600F03AF90028F8D0204600F06E
S214016080E9F9EDE7C442002013B5F6F70BFA04462A
S214016090F6F70EFA224603461249002001F032F8BE
S2140160A000F084FFFFF7BAFC00F0A6F802210846CC
S2140160B002F046FDFFF764FC41F249001EF0B2FE15
S2140160C04FF0FF130093FF2368468DF804301EF04F
S2140160D08FFE4FF400401EF06DFE00201EF08AFE7B
S2140160E002B010BDEA02040038B505461EF006FAF5
S2140160F090B928461EF0B2FD044628B140F6044386
S214016100984214BF88248D2423462A46002003493A
S21401611000F0F8FF204638BD8D24FBE7020304009B
S2140161202DE9FF4705460E4617469846BDF83090BE
S214016130DDF834A0BDF83840CDF80090CDE9014A2D
S214016140E4B2FFF7D7FD43463A4631462846CDE945
S2140161500094CDF808A01FF012FDFF21034B044A5E
S214016160044804B0BDE8F04700F01ABEC458002049
S214016170C058002016610020044B014618881022E2
S21401618040F0404040F48010F6F79CBFCE55040026
S214016190024B18685968FFF757BD00BF7A9904008B
S2140161A00123064AD15C814202D1054AD05C704780
S2140161B002335F2BF6D10020704700BFD25804008F
S2140161C0D358040070B500220446094B1D78094BCC
S2140161D0D0B2854201D8FF2070BD1E78A64204D1F8
S2140161E00029F9D05E7BF607F6D401321033EFE7CB
S2140161F03F5F0020C44200202DE9F04198B06B4675
S214016200304A1068516803C390680CAA18602E4B78
S21401621014469C4603F11806154618685968083353
S21401622003C5B3422A46F7D112AA1746274B03F1F4
S2140162301806154618685968083303C5B3422A4636
S214016240F7D1234A03AB106851684FF0010E03C320
S214016250906871681860DCF83000002206AB03C352
S2140162600C21EC46B068CDE909221860194BDFF81D
S2140162706C801970184B0DEB01060B9206AD09A93F
S2140162801CF8010B0132187034F8020B0C2A5880E6
S21401629037F8020B83F80DE0988016F8010B03F12E
S2140162A0100303F80A0C15F8010B08EBC00043F8BD
S2140162B0080C11F8010B03F8040CE1D118B0BDE885
S2140162C0F08100BF1C030400425C04005A5C040019
S2140162D0290304003F5F0020C44200203C5904000B
S2140162E0014B1878704700BF3F5F0020034B03EB5C
S2140162F00013587B00F00100704700BFC442002025
S214016300F0B504460846D9B100220E4B11461F7857
S2140163100D4B1D46D6B2B74201D8002010E01E78BC
S214016320A64206D09E68F688314489B201321033FF
S214016330F0E75E7BF607F9D505EB02150180A86844
S214016340F0BD00BF3F5F0020C44200202DE9F347A7
S214016350894690461D46074618B9002002B0BDE89A
S214016360F0870029F9D0002AF7D0002BF5D00024B9
S21401637000780DF10601ADF80640FFF7C1FF0028D1
S214016380EBD039460DF10602BDF806601DF0BEFCE5
S21401639007460028E1D00DF10602BDF806A01DF063
S2140163A0DCFC0028D9D0C9F80070C8F800000379D1
S2140163B013F0200219D1DB0614D4BDF806300C4ABE
S2140163C0564413FA86F612FA86F20BE01A790C3363
S2140163D0920642BF13F8092C891889B29842F5D85B
S2140163E0044A0A4401202A60B8E72146024BF5E731
S2140163F062600020405F00207C5B040008B500213D
S214016400FFF7E0FEFF2817BF044B084603EB001317
S214016410587B18BF00F0010008BD00BFC442002031
S2140164202DE9F0410D4616461F461DF07AFD0B2854
S2140164300AD8074C3B4604EB001032462946BDE815
S214016440F04180681DF03ABD0020BDE8F08100BF34
S214016450C4420020014B0001185C7047C442002072
S21401646070B50C461DF05DFD0B281BD80F4B03EBDA
S21401647000139A68C2B10023142618461579D9B2BA
S2140164808D4200D870BD116806FB0311097B34B933
S21401649011F0800F1CBF0130C0B20133EFE711F0DD
S2140164A0400FF7E70020EDE71046EBE7C442002077
S2140164B0F8B50D4616461DF034FD0B280BD80F4BCC
S2140164C04FF0140C03EB00139A6800231C4617794F
S2140164D0D9B28F4201D80020F8BD10680CFB03002A
S2140164E0017B46B911F0800F03D0AC42F4D00134E1
S2140164F0E4B20133ECE711F0400FF5E7C4420020A7
S2140165002DE9F04F064600243A4B87B01B783A4FE8
S2140165100093009B9C4207D2FF2E08D030461DF008
S21401652000FD0B28044606D907B0BDE8F08F07EB3F
S21401653004131B7B2BBB23014FF00008019307EBD1
S214016540041A14E014221B6802FB05352B89B3F5E7
S214016550967F01D924F0BCFA4FF000094FF00C0BDE
S21401656029891FFA89F291420ED808F10108019B88
S2140165705FFA88F5FB189B681A79AA42E2D8FF2EC3
S214016580D2D10134E4B2C4E71FFA89F00BFB00F064
S2140165906B6819180A7912F0100F23D19AF800E0E7
S2140165A012F0400F8DF80CE0B5F800E0185AADF87F
S2140165B00EE00CBF4FF0400E4FF0800EADF812000B
S2140165C028468DF810E01DF06DFB5307ADF814005A
S2140165D0C8780AD50228896800D90968002203A864
S2140165E01DF03CFC09F10109BAE702288CBF896855
S2140165F00831F3E73F5F0020C4420020052370B551
S214016600094A06881488B44208D19578047B2C4040
S2140166103F2C03D90D4201D0506870BD013B02F1F9
S2140166200802EFD11846F8E7EC5B040070B50024C9
S214016630074D084E2B78E0B2834200D870BD06EBBA
S2140166400010437BDB0701D51DF04AFD0134F1E75D
S2140166503F5F0020C4420020F8B50C4600210546E5
S214016660FFF7B0FDFF2829D0154A060102EB0013FB
S2140166705B7B03F001016CB143F001031644A142B8
S214016680737305D0C4B100B202EB00101DF028FDF3
S2140166900120F8BD2346F1E77B4311682846CA1856
S2140166A0127BC95AD2091DF087F90134B268E3B2E8
S2140166B011799942F0D8EBE71427F7E70846E8E79F
S2140166C0C4420020F0B59446497D20B339B3012970
S2140166D018BF042100254FF6FF702F462A46144E98
S2140166E03488644511D196F803E01EEA010F0CD0F8
S2140166F0B4789C4209D30AB1BC4206D81EF0100FEA
S21401670003D08AB1BC420CD370B90135072D06F10E
S2140167100406E5D1F0BD002908BF0821D8E702210B
S214016720D8E727460020F0E727460122FAE700BF10
S214016730D05B04002DE9F04F0A9FBDF824E09DF8D8
S2140167402C809DF830904C7D78B394B3012C18BF03
S21401675004240025194800F11C0C068896421ED117
S21401676090F803B01BEA040F19D08678464516D375
S2140167701BF0100F91F80FA004D0BAF1000F0ED045
S214016780B1F810A0BAF1000F09D1A94513D0AE4552
S21401679011D95E553E88013501363E80ADB20430D2
S2140167A06045DAD10120BDE8F08F002C08BF08242F
S2140167B0CDE70224CDE70020F5E700BFD05B04005B
S2140167C02DE9F04F0024B1F57C4F0E4638BF4FF04F
S2140167D0010BA246A1464FF6FF781F4628BF274B5E
S2140167E085B028BFB3F800B0009001925C4503D392
S2140167F0404605B0BDE8F08FB6F57C4F0CD3204B74
S2140168003A4603EB840331465B880098FFF708FE9F
S214016810054680B300232AE03A46314600981DF02B
S214016820B0FBF5E70C229CB254436A680199105BF1
S21401683002EB040C884219D3B9F1000F01D0504580
S21401684014D861462846CDE902321DF02BFA029B88
S21401685060B1039A125BB9F1000F03D0524501D320
S214016860804503D9924680464FF0010901332A89B3
S2140168709CB2A242D6D80134A4B2B7E7325904007A
S214016880345904002DE9F04F91461A4600238BB087
S2140168908DF82020BDF850208DF81C00ADF81E1094
S2140168A0ADF8242005460F461A4604A907A8159CEC
S2140168B09DF858609DF85CA09DF860B09DF86480D6
S2140168C00493ADF822901DF075FA049850B92B4642
S2140168D0CDE90079644A654900F014FC86200BB0C6
S2140168E0BDE8F08FBAF1000F14D18378B34206D019
S2140168F050465D4A5E4900F005FC8D20EFE70379BE
S21401690013F0010306D11846574A5A4900F0FAFB1C
S2140169108820E4E703795B072CD583685A689B686F
S2140169200592069380781DF0D9FF049B0546DF7813
S2140169302146022F03463A4610D805A81DF08AFFC5
S21401694081462B463A46214606A81DF083FFB9F13B
S214016950010F01D001300DD18720C0E705981DF049
S21401696079FF0128F8D02B463A46214606981DF0B5
S21401697071FFEFE7BBF1000F6FD1049F4FF6FF7277
S2140169802146B8781DF02CF900286BD0BDF82430CC
S214016990C5B20093CDE902549DF82030BDF82220FF
S2140169A0BDF81E109DF81C0001961DF096FD0028EE
S2140169B095D1BDF82430CDE902540093BDF82220CC
S2140169C09DF82030BDF81E109DF81C0001961DF0A4
S2140169D061FB002883D121469DF8682007A81DF099
S2140169E03DFA00287FF47BAFB8F1000F07D03B4695
S2140169F02046BDF81E209DF81C101DF0D2FABDF8E9
S214016A002430BDF82220BDF81E109DF81C0000930E
S214016A10CDE901649DF82030FEF73CFBBDF824303B
S214016A20BDF82220BDF81E109DF81C000093CDE98C
S214016A3002549DF8203001961DF04EFDBDF824301D
S214016A40BDF822200093BDF81E109DF820309DF859
S214016A501C001DF0F7FA002041E70020064900F06F
S214016A6051FBF8E701203AE736030400420304002D
S214016A706E03040082030400960304007FB500251C
S214016A808DF80830BDF820308DF80400ADF80610FA
S214016A90ADF80A20ADF80C306946BDF82830099AE1
S214016AA001A80B9E00951DF085F9044630B916B174
S214016AB0009B9B783370204604B070BD8928FAD1BC
S214016AC02846024900F01EFBF5E700BFB3030400A9
S214016AD02DE9F04F4FF0000AC7B0FFF701FC5FFA4F
S214016AE08AF6B04202D847B0BDE8F08F5B4B36015C
S214016AF09A5D00205A4900F005FB0020594900F034
S214016B0001FB00230593554B9DF8144033449B68C5
S214016B101A79A24202D80AF1010ADEE714224FF0DE
S214016B2000091B6802FB043422891FFA89F39A4282
S214016B3002D8059B0133E5E70C231FFA89F803FB0E
S214016B4008F8D4F804B023F0C3FF0BEB08052B7943
S214016B50454913F0400F3BF8083022884FF00000FB
S214016B600093424B18BF0B46414900F0E5FA29460F
S214016B7020461DF097F8074600283CD13D4900F015
S214016B80DBFA2979DFF814C111F0010F3A4818BF72
S214016B90604611F0020FAA78EB7832D1DFF800C117
S214016BA011F0100F354918BF6146CDE900010020EC
S214016BB0334900F0C1FA2B793BF8082013F0400F57
S214016BC04FF0000B4FF0FD030DF118082188CDE9B9
S214016BD0023BCDE9007821480CBF40238023805D2D
S214016BE0FFF74CFF86280ED12649002000F08AFACE
S214016BF009F1010998E702462349002000F09CFAB2
S214016C00BFE72249D1E7A8781DF03CF8D8B1404645
S214016C101DF0C8FC421C92B201234146002000F040
S214016C20D5F93946208801F001FA4FF6FF739842EC
S214016C3007D0174B174903EBC0035A68002000F032
S214016C4061FA1549D1E7A8781DF022F820B140462F
S214016C501DF0ADFC821CDEE7EA78DDE7C4420020C9
S214016C600504040013040400DD030400E203040029
S214016C705304040096F50300EA030400ED03040040
S214016C80670404008304040024090400F5030400D7
S214016C90BC5C040070D4030035030400E703040061
S214016CA0FD0304002DE9F04FC7B0BDF844A1064628
S214016CB0BAF1040F0D4614461F46BDF840B163D91C
S214016CC0CDE9013B00920B4602463049002000F018
S214016CD019FAFD230DF117090DF118083046029334
S214016CE022463B462946CDE900B8CDF80C90FFF781
S214016CF0C5FE0646B8B9FD22414699F800001CF0CB
S214016D006FFF0746C0B1AAF10403834238BF892644
S214016D1020461DF004FC8EB1304600F01BF93046CB
S214016D2047B0BDE8F08F009023462A460020184958
S214016D3000F0E8F90027EBE78926E9E7DFF85CA031
S214016D40BA1CBAF80030C3F1FF039A4219DA30468A
S214016D5000F000F999F8000000F0FCF8BAF800908D
S214016D600C483A4641464844B94404F0F3FEAAF8B2
S214016D70009023462A4630460749009700F0C2F99C
S214016D80CDE7892000F0E6F88926C8E78F040400DD
S214016D90CA04040016610020F1040400C058002053
S214016DA010B5044C20600448018004490A60044A76
S214016DB0136010BD8C430020BE580020884300207D
S214016DC08443002030B587B00AAC0D4654F8041B46
S214016DD00093CDE90114134609490246094809887A
S214016DE0006805941DF09DFA4FF48A52064B1B6805
S214016DF01880064B1B685D80DA8007B030BD00BF87
S214016E00BE5800208C430020884300208443002085
S214016E1008B410B587B009AB0C4653F8041B0092B2
S214016E20CDE9011302460B490B4805930988002357
S214016E3000681DF076FA4FF48A52084B1B681880DA
S214016E40074B1B685C80DA8007B0BDE8104001B0D4
S214016E50704700BFBE5800208C43002088430020A6
S214016E6084430020044A034611680448044A0988FA
S214016E70126800681CF02EBD884300208443002061
S214016E808C430020044B054A1B6812681988044B82
S214016E9018681CF092BC00BF884300208C43002079
S214016EA08443002007B5074B1B681B880192064ADE
S214016EB012680092054A12681CF0E0FC03B05DF807
S214016EC004FB00BF884300208C430020844300203D
S214016ED01FB51446064A12681288CDE9014300918F
S214016EE0044B05491B6809681CF0A4FC04B010BDDE
S214016EF0884300208C43002084430020014B1868FF
S214016F00704700BF84430020024B1B6818715971FB
S214016F10704700BF8443002010B50024084B1C7046
S214016F20FEF75EFC074BFF2218802146064804F058
S214016F3081FC064B1C80064B1C605C609C6010BD8F
S214016F4020620020C258002016610020C058002090
S214016F50C458002007490B88FE2B9FBF064AD05411
S214016F60581C80B29DBF088000F1FF3080180020B9
S214016F70704700BFC058002016610020F8B5094FC1
S214016F800D463B885C18FE2C0ADC074E0A46A4B266
S214016F900146F01804F0A0FC3C80641BA019F8BD63
S214016FA00020FCE7C058002016610020024B034A6F
S214016FB000201A60704700BF904300203859040033
S214016FC0014B1878704700BFC442002030B4044D0E
S214016FD0044C002B0CBF2B46234630BC1DF00BBBCC
S214016FE0DDC20300C405040070B5054608460C461C
S214016FF01DF0D8FA611C0246024B2846BDE87040D7
S2140170001DF0F9BAE30C040000B5037889B00693C5
S21401701043783E220593837808490493C378039303
S214017020037902934379019383790093C3790448E2
S214017030008800F081F809B05DF804FB1F05040024
S214017040D0580020024B02460249188800F05AB870
S214017050D058002049C903002DE9F04705460E46E1
S21401706017460024DFF84480DFF844A0DFF8449098
S214017070AC4201D1BDE8F087B8F8000006EBC401C8
S214017080534608221DF0B7FA0134B8F800003FB99C
S214017090044AA54208BF4A46034900F04DF8E7E70F
S2140170A04A46F9E73503040048C90300D0580020D2
S2140170B0C405040011B203002DE9F0410E4E04464A
S2140170C030881DF0B0FAA8B100250C4FDFF83080EB
S2140170D0E3070AD518B94146308800F02DF8308804
S2140170E02A46394600F028F8002001351B2D4FEAC4
S2140170F05404EDD1BDE8F081D0580020DCF1030046
S214017100670204000EB417B505A9044651F8040B2E
S214017110019103F091FA01210220054AF8F7ECFCEF
S214017120044B1C8003B0BDE8104003B0704700BF9D
S21401713035030400D05800200EB417B505A904463F
S21401714051F8040B019103F077FA034B1C8003B04E
S214017150BDE8104003B07047D058002013B503684F
S2140171600446587900F032FF90B923685A88032AFA
S2140171700ED0E17C5B79CDE900211649164AFFF76E
S214017180C1FF012120461DF0EEFA012002B010BD1C
S214017190637D012B0AD0637D33B92368228A59881F
S2140171A058791CF0CAFE48B9C3200AE02368228A2F
S2140171B0598858791CF0CAFE0028ECD020461DF0EC
S2140171C034FA064B1B78002BDFD110F5807FDCD01C
S2140171D0C1B2D7E74C05040044050400176200203D
S2140171E0002970B50F491D460F4B14460CBF6E2281
S2140171F07922002808BF0B4600200C49FFF79CFFA8
S2140172000B4E2544AC4205D1BDE87040002009492B
S214017210FFF778BF3146002014F8012BFFF78CFFEB
S214017220F0E700BF850504007B0504008E05040019
S214017230C205040019E903002DE9F04FC27C8BB0AA
S2140172400592427D0368002A14BF80224022077DF2
S2140172500446856886895879B846B3F8029006923E
S21401726000F0B4FEA0B9059B052B05D86FF02D03E1
S214017270059A1341DB070BD5B9F1030F08D0AB49CB
S2140172800020FFF73FFF012120461DF06CFA76E053
S214017290E37B1BB1228A002A00F0B781607D0022C1
S2140172A0B0FA80F05B4203F00403DFF88CB24009C9
S2140172B043EAC000ABF80020FFF74CFEE37B1BB3AC
S2140172C0208A1DF02CF98246A07CFFF743FE059A22
S2140172D0162A00F29A81DFE812F019009E016C006E
S2140172E05600D2016C009201D9019A01E001E70132
S2140172F0EE01390102029801980198011402580220
S21401730014027002390102029A46DDE700204B465C
S214017310874A8849FFF7F6FE0120FFF71BFE08F1B2
S2140173200207B74229D84146324628461DF034F9AD
S2140173308046236842465879BBF800304946C3F177
S214017340FF039BB20193238A0093069B1EF051FC18
S21401735010B11FFA87F8E2E7236842465879BBF86E
S21401736000304946C3F1FF039BB20193238A009381
S214017370069BFFF797FC8928EBD11DF0EEF901205B
S2140173800BB0BDE8F08F4FF0000B0420FFF7E2FDD5
S214017390F31E0893089B984552D3BBF1000FECD11E
S2140173A0E37B94F81480002B0CBF02220422624B6C
S2140173B01A804FF0000B0420FFF7CCFD5F4608F162
S2140173C0030A564540F29D803246414628461DF046
S2140173D0E3F805EB08039B78F21EAA44A2EB080229
S2140173E007905146184692B209931CF0F9FB089093
S2140173F0002879D02268099B5079CDE901A3238A18
S21401740049460093DDE906321CF019FF82464A46DA
S2140174100020079B4949FFF78FFEBAF1000F55D1AF
S2140174200BF10103504646495FFA83FBFFF76AFEFC
S214017430089B08F1030813FA88F81FFA88F8BEE7D4
S2140174403246414628461DF0A7F805EB08039F780B
S214017450089B08F10301A3EB08022944824692B275
S214017460384609911CF0BCFB079068B3236809995C
S214017470587902970191238A524600934946069B02
S2140174801CF02DFF0746B8B10BF1010338465FFA31
S21401749083FBFFF75FFD50461DF041F853464A4611
S2140174A000202649FFF72EFE3A4600202549FFF721
S2140174B029FE802F3FF471AF079B08F1030813FAEA
S2140174C088F81FFA88F865E78027DDE75046FFF75A
S2140174D041FD07981DF023F801375246002019494F
S2140174E0FFB2FFF70FFEA3E78720FFF733FD0798EC
S2140174F01DF015F80137872212490898FFB2FFF7E9
S21401750001FE059B052B3FF43AAF002F7FF435AF04
S214017510BBF1000F05D10C495846FFF7F3FD80215A
S214017520B2E63846FFF716FD27E700BF94B9030019
S214017530CF0504001C060400C0580020D90504002D
S2140175401C050400F5050400FF0504000599A84A7A
S214017550A84B0020152918BF1346CDF80090A64A5F
S214017560A649FFF7CFFD059B0C2B14BF16200D2057
S214017570FFF7F0FC3246284639461DF00DF8059B0C
S2140175803D440C2B0646AD7835D1192D28BF19255B
S214017590E37BB3B14FF6FF73278A9F4211D1206870
S2140175A032464946069B4079FFF70AF9B84208D0A9
S2140175B0BAF1000F05D020828AF80000000A8AF886
S2140175C001000020BBF80070FFF7C4FC23683246B8
S2140175D05879059B4946A3F1150CDCF1000343EBF2
S2140175E00C03CDE90153238A0093069B1CF09BFDF7
S2140175F0834BD855C1E6132D28BF1325C8E720466F
S214017600FDF7D0FB00287FF4BAAE81213CE6204688
S214017610FDF77CF8F6E7B9F10A0F05EB0708A6EBCC
S214017620070A21D1DFF8DCB19BF80030E3B1E37B38
S214017630D3B9BAF1080F17D13246394628461CF09D
S214017640ABFF88B998F8023073B998F80320E22A9C
S2140176500AD13246391D284605931CF09AFF1DF0C3
S21401766067F8059B8BF80030414648461FFA8AF2B8
S2140176701EF0C1FA00287FF482AE002104E6F21B58
S214017680484692B2E9191CF044FFF3E7F21B48465C
S21401769092B2E9191CF001FFECE7F21B484692B2E0
S2140176A0E9191CF026FFE5E7F21B484692B2E919F4
S2140176B01EF0A3FADEE72368EE5D5879238A0137C8
S2140176C0ED5D0193069B3246494600932B461CF01E
S2140176D069FC2A46314648461CF0E1FE4FE605980D
S2140176E07A1CE95DB31AA0F11606704270410039A2
S2140176F0009018BF012148469BB22A441CF0D1FED7
S214017700B8E7059BEE5D112B3D446F7838D112200A
S214017710FFF720FC0025E37BB3B14FF6FF73B4F807
S2140177201080984510D133464A4621462846FEF732
S214017730C9FF404508D0BAF1000F05D020828AF86B
S2140177400000000A8AF80100BBF80080DFF8B0A04C
S214017750C8F1FE0292B208F10103009253444A4670
S21401776021462846CDE90267CDF804B0FEF7E2FFD0
S214017770BBF800300AF808000133ABF80030FCE52E
S2140177801420FFF7E7FB0125C5E77B1C9E422CD39F
S214017790EF5D1D44003F18BF0127F31A9EB2334622
S2140177A02A4639460020FFF71BFD00962B463A462F
S2140177B04846218A1CF079FE5CE77B1C9E4214D366
S2140177C0EF5DF61A003F18BF01271D44B6B23346D7
S2140177D02A4639460120FFF703FD00962B463A4616
S2140177E04846218A1CF05FFE44E70020C8E500BF3A
S2140177F035030400CA050400100604001A06040036
S214017800166100201562002038B54FF6FB75044658
S214017810A9424FF001019DF8100098BF43F40043C0
S214017820217023816260A07202230020084A094960
S214017830FFF768FCE07A084B40F6CA0203EB4010FB
S214017840FF211BF004F9BDE838400420F8F732BBED
S2140178502A06040035060400D443002030B5054648
S21401786085B028B91D4905B0BDE83040FFF74ABCD0
S2140178700024007B1CF0A6FE2046194A19492C70EC
S214017880FFF740FC184BE87AFF2103EB40101BF092
S214017890EFF82046154B02019A5C22B90130042804
S2140178A0F9D1F8F721FB696899B1B5F908302A8949
S2140178B09B1303F002038DF80430C2F30E03ADF8F8
S2140178C006304FF6FF73ADF80830002301A8039386
S2140178D0884705B0BDE830401CF079BE600604005C
S2140178E02A06040092060400D44300209443002094
S2140178F00948037873B91946084AD3720133042B31
S2140179001173117051601181917202F11002F4D15C
S21401791001230370704700BF1662002094430020C5
S21401792008B5FFF7E5FF002305491A018A5C01EB5C
S21401793003101AB10133042BF7D1002008BD00BF94
S2140179409443002070B50D460646FFF7D1FF00238D
S214017950094800EB0514A17AB14205D1217819B185
S2140179602B4400EB031070BD0133042B04F110040B
S214017970F1D10020F7E700BF9443002010B504467C
S214017980FFF7B6FF0E4B9C4212D003F12002944241
S21401799010D003F1400294420ED060339C420DD1C8
S2140179A00323084800EB0310BDE81040FFF756BF5D
S2140179B00023F6E70123F4E70223F2E70020F3E7CA
S2140179C0D44300209443002070B50024064D074E92
S2140179D02846324600210134F7F7A4FD042C05F1B0
S2140179E02005F5D170BD00BFD44300207D7901008C
S2140179F02DE9F34105460C4617469846FFF790FFDA
S214017A00064640B91C4A1D49FFF77CFB0224204666
S214017A1002B0BDE8F0814FF6FB739D420AD94FF6DE
S214017A20FD739D4204D00020134A1549FFF76AFBF7
S214017A304FF6FD75434621463A4628461CF060FE41
S214017A40044600F02FFE804634B1234600200A4A41
S214017A500C49FFF757FBDAE73B462046064A0A4938
S214017A60FFF750FB062329463046089ACDF80080DA
S214017A70FFF7CAFECBE700BF2A0604009F060400F4
S214017A80C9060400FE06040027070400F7B50646EB
S214017A900C461746FFF744FF054638B9104A114908
S214017AA0FFF730FB0224204603B0F0BD21464FF419
S214017AB08A5230461CF0ECFF044600F0F3FD34B168
S214017AC023460020064A0849FFF71CFBEBE7009017
S214017AD004233A4631462846FFF796FEE3E700BF01
S214017AE02A0604009F0604004F070400F7B5064661
S214017AF00F46FFF715FF054638B9104A1049FFF73C
S214017B0001FB0224204603B0F0BD002240231146AB
S214017B1030461DF081F904461DF07CF934B1234648
S214017B200020064A0749FFF7EDFAEBE7009001232C
S214017B303A4631462846FFF767FEE3E72A06040081
S214017B409F0604008207040073B504460E46FFF73D
S214017B50E7FE054638B9104A1049FFF7D3FA022462
S214017B60204602B070BD0022204611461DF056F98F
S214017B7004461DF04FF934B123460020064A084951
S214017B80FFF7C0FAECE70090234632464FF6FC7149
S214017B902846FFF739FEE3E72A0604009F0604009D
S214017BA0B00704002DE9F0418846107800219EB008
S214017BB014461D46FFF7C6FE0646002800F0FD8067
S214017BC00778002F7BD0B8F80010002940F0F58028
S214017BD00389B8F8022043F40040824240F0ED8069
S214017BE0617800296BD1A2F50042062A00F2E580F1
S214017BF0DFE812F0A100A100E300E3000700B800EF
S214017C006900E3880D3DADF82430238915F00105A0
S214017C10ADF8263063798DF82830E37A03F1060251
S214017C2014F812208DF814308DF81C2042D10BA9BF
S214017C308E46069104F10C005FFA85FC9C4500F126
S214017C40020009D210F8018C10F802CC01350CEBB9
S214017C50082C2EF802CBEFE701EB43011A440891FA
S214017C60D2B2590001F10D009A42C0B20BD02518CC
S214017C706D78205C7831694400EB0520013321F8EA
S214017C804C0CDBB2EDE7B6F908203389002AACBF0D
S214017C9001220322C3F30E038DF808206288ADF893
S214017CA00A3005ABADF80C20049302A930461CF04F
S214017CB012FD04E0424A43490020FFF723FA384602
S214017CC01EB0BDE8F081042D02D83D4A3E49F3E7D7
S214017CD02379053DADB29D42B4F8028002D0384A00
S214017CE03A49E9E73A4A3B4B0020002D08BF1346C4
S214017CF03949334ACDF80080FFF704FA05348DF888
S214017D001450B6F90830069485B1002BACBF012398
S214017D1003238DF82C303389ADF83080C3F30E037E
S214017D20ADF82E3005AB0D930BA9BFE7002BACBF0A
S214017D3006230523EDE70B2DC7D9D4F80200D4F8A6
S214017D40061013F4004F05AA03C20CBF0422032237
S214017D508DF82C206289C3F30E03ADF83020ADF800
S214017D602E30DFE7042DB0D96388ADF830302379A3
S214017D700533DBB29D4206D00020114A1749009513
S214017D80FFF7C0F99BE70E4A00201549FFF7BAF93D
S214017D90B6F908203389002AACBF01220322C3F3B7
S214017DA00E03ADF82E3005AB0D93631D06932379B4
S214017DB08DF82C208DF81430B6E700277FE700BF3A
S214017DC02A060400DD07040005080400190804005B
S214017DD059C1030035030400400804005D0804008F
S214017DE09E080400304BF0B5B0FBF3F24FF461652A
S214017DF003FB1200B0FBF5F3DCB205FB13033C25D5
S214017E00B3FBF5F3DBB2A0EB04104B71C3EB03132A
S214017E10A0EB83004FF4FA630B8040F201134B8012
S214017E2001230C711F4600246425204E887194425C
S214017E3000D1F0BD91F802C013B1BCF1020F2BD0F6
S214017E4006EB0C0010F801ECC87870450BBF01205A
S214017E5001300CF1010CC0B208BF81F802C0C87035
S214017E6088780D2816D10B888F7001339BB298073E
S214017E700B8014D1B3FBF5F005FB103080B280B94E
S214017E804FF4C870B3FBF0FC00FB1C339BB2B3FA93
S214017E9083F35B090134CAE74FF01D0ED4E70023D4
S214017EA0F8E70123F6E700BF805101007E5C04007D
S214017EB010B5044688B006A9FFF794FF9DF81E305A
S214017EC00A4803939DF81D30049402939DF81C30D4
S214017ED09DF81A200193BDF81830054900930088D3
S214017EE09DF81B30FFF70EF908B010BDD0580020E2
S214017EF0B7080400026808B51188154B1980518827
S214017F00598051791971117959714FF48A51D98073
S214017F10D28812F0200F0CBF0A464FF48B528169AB
S214017F20DA800C4A137831B9C0880B4923F0020372
S214017F300880137008BD43F002031370074B152227
S214017F401846013103F0C8FC002200F8012CF1E7C5
S214017F50C458002020620020C2580020D3580020B8
S214017F6010B5184C236858791BF0DBFF0B2822D874
S214017F70154B03EB0010027B237F9A421BD123682B
S214017F80428819888A4205D04FF6FF70814212D185
S214017F90120410D42279023A012A06D9A37B63B9C6
S214017FA0BDE810400748FFF747B9198958791BF013
S214017FB0EEF80028F2D1002010BD0248BDE81040BE
S214017FC0FFF7CCB858440020C442002008B51BF087
S214017FD0A8FF0B2896BF024B0020185C08BD00BF07
S214017FE02562002008B500201CF0ECFAFF201BF0EB
S214017FF0CBFF1CF0ECFA1CF093F9FEF771F90121A6
S2140180000246064803F016FC054BFF21054A0648C2
S214018010FEF7C6FEBDE80840FEF708BB2562002055
S214018020C4580020C058002016610020F0B5002278
S21401803004464FF6FF750B4F90B237F83060034693
S214018040AE4201D12846F0BDA64209D1B4F57C4F17
S214018050F9D307EBC3035B888B42F4D00029F2D037
S2140180600132E9E7BC5C040010B50446FFF7DEFF09
S214018070094A034610884FF6FF72934214BF074A17
S2140180802246BDE8104017BF02EBC30304495A68F5
S2140180900449FFF751B800BFD0580020BC5C04006B
S2140180A0DA08040070D40300034B18780130C0B21C
S2140180B0187000F07F0070474C6C0020044A13785B
S2140180C018B143F001031370704703F0FE03FAE79B
S2140180D020620020014B1870704700BF2362002009
S2140180E038B1074B1B78012B04D1038843F04003BA
S2140180F003807047022BFCD1038823F04003F7E787
S2140181002362002068B1074A1378012B07D1064B7A
S2140181101B781370037843F01003037001E0022B01
S214018120F8D0704722620020216200207FB501212D
S214018130264B274E197033780246D90744D4254971
S214018140096881B10868C1888D0641BF224CE18863
S21401815041F02001E180C1884C0641BF1E48C1881C
S21401816041F04001C1801D4D1D492878097840071E
S2140181704CBFE97069701B4913F00204098809D0E5
S214018180164A19481CF0A1F9337823F0020333701C
S21401819004B070BD154B18884FF6FB73984208D88B
S2140181A00B46CDE9005201460B4A20461BF066FB02
S2140181B0EEE74FF6FF73CDE9014200930A46074BFF
S2140181C005491BF037FBE3E70020E1E717620020D3
S2140181D02062002054440020C4580020166100206C
S2140181E04D6C0020C0580020D2580020C2580020F4
S2140181F070B503790446012B0D46164631D88368BF
S2140182001B78DB0600D561B3A37B13B9E37C0B2B8C
S21401821027D00022144B1A80637DB3FA83F35B09DF
S214018220D800E37BABB9FEF795FEA07CFEF792FE85
S2140182300B20FEF78FFEE07CFEF78CFE2846FEF74D
S21401824089FE2046FFF756FE3046BDE87040FFF730
S2140182506DBF40F00400FEF77DFE208A1CF05FF93A
S214018260E3E7002070BD00BFC0580020024B0A465D
S21401827001461868FFF7BCBF54440020F0B4054619
S21401828018460F4B0C461B78BDF81010012B0D4EEF
S21401829001D0377827B1002333700020F0BC704737
S2140182A00CB9002AF9D143B14FF65743994204D08D
S2140182B02B462246F0BC1CF0EEB80120EEE700BFCC
S2140182C04E6C0020246200202DE9F04F684C4FF0E0
S2140182D0000A25468446964698460F46654B664EE6
S2140182E083F800A00FCE0FC596E80F0085B085E88D
S2140182F00F00DDF83C90BDF83830724600933946E1
S21401830043466046CDE9019400F0DCF8DFF8908141
S214018310064670B90025FEF7FFFD162200215748D4
S21401832003F088FA00232846C8F8003005B0BDE8F7
S214018330F08F534BA27CC8F800401A70514B1B7843
S214018340002B36D01CF0F6F94F4902465046FEF790
S214018350F3FE22685046537952884C490092A2890E
S214018360FEF7EAFE50461CF05EF920B12368218A2A
S2140183705888FFF779FEE37B23B10020228A44491F
S214018380FEF7DAFEA36800201A78E37C41490093E1
S214018390A37CFEF7D1FE207DA289A168121A0144B2
S2140183A00123002092B2FEF711FE00203A49FEF7A3
S2140183B0A9FE2F48FFF79EFD2D481DF015FC05462A
S2140183C030BBB9F1000F25D12168E0880B880190F8
S2140183D04988BA1E032A00918CBF0022012201217E
S2140183E0E07CFFF74BFF38B923685B79FF2B3AD067
S2140183F0FFF7B6FD05468EE72368DB889A06F3D4B9
S2140184000121264C1A4821701CF0ADF984F8009021
S214018410354680E7B9F814309B07E5D47AE7584625
S214018420FEF718F882465846FDF760FF88B12368C4
S2140184305046228A59881BF077FD50B13846FFF71F
S21401844059FD236889F804A083F805A0FFF788FD85
S21401845000B9284605460136FDF742FF5FFA86FB5E
S2140184605845DCD857E70026014FDFF83890F3E788
S21401847058440020176200209C5C0400D25800205B
S2140184804D6C00204B6C0020F3080400FC0804002F
S2140184901D09040029090400A3BA03002462002070
S2140184A054440020C45800200023054AD15C814270
S2140184B002D31A44507870470233DBB2F6E700BFA6
S2140184C08A5C040073B515462E781A4616F0040F1A
S2140184D00CBF032605269E42089C08D9224A23493A
S2140184E000960020FEF70EFE002002B070BDBDF81B
S2140184F0183021712060E380A560A2812B7803F0FB
S2140185000103A3732B7803F00403002B14BF01218E
S2140185100021E1732978C1F3C00161754FF00101B3
S214018520217518D028461CF037F8237D20820233A7
S2140185302375227D531CDBB22375A95C0232D2B2AD
S214018540A1742275EB5CE374A3899A4205D9009263
S2140185500749054AC5E72382EBE7079B0120A3618C
S21401856000232377C1E700BFEDC103006C090400B7
S214018570880904002DE9F7430024204FDFF89C808A
S214018580DFF89C90E0B21CF083FBFF2805460FD174
S2140185902346012102201A4AF7F7AEFA194B013495
S2140185A0187819F056FE152CECD103B0BDE8F0830F
S2140185B046B238EA260328BF4B4601210093022023
S2140185C057F82430104AF7F797FA002EE6DA09230F
S2140185D0E340DB070AD50D4A0D4B15F0010F18BF16
S2140185E01A4601210220F7F787FAD7E70A2CD5D1D8
S2140185F0084A094B15F0010FF1E700BFD45C0400EF
S214018600E10904004F6C0020090A0400BA090400BD
S214018610A4090400D6090400CC09040059C10300CA
S2140186203503040008B554220021024803F002F97C
S214018630002008BDC059002008B55422FF21024879
S21401864003F0F8F8002008BD6C590020024B23F80F
S21401865010100020704700BF6C590020002310B492
S214018660074ADCB2A14203D85DF8044BFFF7DABF34
S2140186702A2BF9D032F8024B20F813400133F0E7E9
S214018680C0590020002310B5054A994201DD2A2B66
S21401869000D110BD32F8024B20F813400133F4E745
S2140186A0C0590020024B187800F07F00704700BFC9
S2140186B031620020034B18780130C0B2187000F008
S2140186C07F0070473162002030B51C4600238BB016
S2140186D0ADF82220021D92B2012A0E9DADF820307F
S2140186E0ADF81E10ADF81C3003D94FF6FF7290425C
S2140186F00FD10022CDE90352CDE90124094B0146F1
S2140187001B784FF6FF70009307AB1CF0E1FA0BB035
S21401871030BD0146CDE901531846009407AA1CF066
S214018720F3FAF4E7506C002038B505464FF4805054
S2140187300C4603F085FA4FF480532860236030B965
S21401874040F2A511BDE83840014822F0B4B938BD61
S214018750F80A0400004870477E5B0020014B187839
S214018760704700BF696C0020014B1888704700BF36
S214018770F26B0020014B1878704700BF626C002036
S214018780014B1878704700BF35620020014B1878FE
S214018790704700BF5D6C0020014B1870704700BF2A
S2140187A038620020014B1870704700BF3762002006
S2140187B0014B1888704700BFF06B00202DE9F74F7A
S2140187C04FF00008394B3A4F93F80090394B3A4E28
S2140187D03A4D3B4C3B483C49DFF8F4C0DFF8FCE03F
S2140187E0DFF810A1DFF810B10193019B2037203389
S2140187F001935FFA88F3994506F1200605F12005F5
S21401880004F1200400F1200001F120010FD800221C
S21401881011462E4B2E4D1C782E4E2F4B2F4FD0B27D
S214018820844203F1200338D803B0BDE8F08F2C4B07
S2140188302C4A47F81C3C002346E907232A4A47E905
S214018840063E45E90723294A46E905E344E90723A5
S214018850274A45E905E340E90723019A44E905E388
S21401886040E905E341E908CA41E9063E47F820CC5C
S21401887047F8103C46F820CC45F820CC44F820CCEC
S21401888040F820CC41F8103C08F1010842E908CB39
S21401889042E9063E42F8103CA7E743E9085643E999
S2140188A0061743F8101C0132B9E700BF6D6C0020B3
S2140188B0304800203047002010480020F0470020B4
S2140188C0904700207047002050470020676C00202A
S2140188D0AC560020D1B30200B04700203503040097
S2140188E00B730300E37103000D7C0200AD950200DB
S2140188F04B4C030081F90200116B0200002208B5FF
S214018900074B1A605A601CF092F9064B18701CF05F
S2140189108EF9054B1870054B1A78054B1A7008BD71
S2140189204E56002073620020726200205B6C0020AD
S21401893071620020002100B593B008466A460AF02D
S214018940E7F90146C8B90E4B0E4A09930E4B0D9234
S2140189500A930E4A0E4B0E920B930E4A0E4BCDE91E
S2140189600F230C930D4B6A4611930AF087FC0038CF
S21401897018BF012013B05DF804FB0120FAE700BF21
S214018980756D0300A9770200796F0300694C020038
S214018990794C0300D5860200D96F0300D973020013
S2140189A0084B1878112806D8012809D9064BC34068
S2140189B003F001007047A0F1430358425841704745
S2140189C000207047756200203400020008B5064B8F
S2140189D01B78013B022B05D80020FFF7E1FF013889
S2140189E0C0B208BDFF20FCE776620020044B00F110
S2140189F0100250F8041B904243F8041BF9D170474B
S214018A0077620020044B03F1100253F8041B9342D3
S214018A1040F8041BF9D170477762002030B5002476
S214018A2091B0114B0546214614220BA8CDE9094306
S214018A3002F000FF102209ABCDE900440693CDE910
S214018A400452CDE90252094B09490AA819F000F867
S214018A5004460AA81CF065FE1CB1A021054822F0B8
S214018A602AF811B030BD00BF002480000044400445
S214018A7077620020830B040070B5002490B0154B7C
S214018A8005460E46142221460BA8CDE9094302F0FD
S214018A90D1FE102209ABCDE9004406933146CDE95B
S214018AA00452CDE902520C4B0AA818F0D1FF044635
S214018AB00AA81CF036FE1CB1BA21084821F0FBFFBB
S214018AC0099B102B03D0BB21044821F0F4FF10B002
S214018AD070BD00BF0024800000444004830B0400E6
S214018AE030B50D4600218FB0124B0446142209A85A
S214018AF0CDE9071302F09EFE102207ABCDE9024234
S214018B00CDE90042049329460B4B08A818F0A2FFB2
S214018B10044608A81CF005FE1CB1D121074821F027
S214018B20CAFF079B102B03D0D221044821F0C3FFB4
S214018B300FB030BD0024800000444004830B0400C5
S214018B400022034B1870034B1970034B1A707047C1
S214018B508862002089620020876200202DE9F04F9C
S214018B60DFF89080064698F800300D4685B0002B59
S214018B703AD04FF6FB73984236D84FF0000B1C4F95
S214018B80DFF874A03C7898F800305FFA8BF94B4513
S214018B909AF8000011D9484402AA0DF10601C0B2A4
S214018BA014F00CFB082229460DEB020003F08EF9A7
S214018BB00BF1010B0028E6D14C463B78A34208D1C5
S214018BC098F80020631CDBB29A423B7004BF002376
S214018BD03B70324629469AF800301C44E0B205B094
S214018BE0BDE8F04F14F0D8BB05B0BDE8F08F00BF6C
S214018BF08762002089620020886200202DE9F74FF5
S214018C0006460D4614461F464FF0010BDFF87890D6
S214018C1003F10C0A15B903B0BDE8F08F102DA84674
S214018C2028BF4FF010083A46164B5FFA88F152F803
S214018C30040B524543F8040BF9D101919AF8002030
S214018C4011481A70002389F80F4089F800B089F896
S214018C500E30FFF7E3FE324601340B480199E4B2C9
S214018C6012F801CB10F8013B83EA0C0302F8013C31
S214018C70931BDBB28B42F3D3A5EB080816461FFA0B
S214018C8088F5C7E78B6200208A6200202DE9F04F45
S214018C909046914685B00090981A029383B201934C
S214018CA0009B0F46354903F10C0453F8045BA342BD
S214018CB041F8045BF9D11B78314E0B7049233370B0
S214018CC0019BF0731B0A3046B373FFF7A7FE022120
S214018CD0BB460D46737888EA030373704FF0000AAB
S214018CE01DE0C5F11004A9EB0A039BB2A4B29C4295
S214018CF028BF1C4600231FFA83FCE8186445C0B24F
S214018D001FD82544EDB2A344102D54441FFA84FA0B
S214018D1005D1002530460391FFF780FE0399D14522
S214018D20DFD807EB080B25B115480391FFF776FE50
S214018D30039901294FF000050DD00121DDF80490BB
S214018D40CCE71BF803C016F800E001338CEA0E0CE2
S214018D5006F800C0CFE7029B09491F44094B384675
S214018D601C78224602F0F6FE2A4621463846009B2B
S214018D7005B0BDE8F04FFFF741BF00BF8B62002092
S214018D808A6200206E6C002030B540780C460128BF
S214018D904FF0110387B001F1100516D1144A01A94D
S214018DA00AF0F4FF234601AC2246186859680833D6
S214018DB003C2AB421446F7D111230D4A002001A984
S214018DC00AF0E4FF002007B030BD0120094A01A9DE
S214018DD00AF0DCFF234601AC2246186859680833BE
S214018DE003C2AB421446F7D11123024AE6E700BF9D
S214018DF075E4010079EB010030B50C46407887B088
S214018E0001284FF011030DBF0B4A0C4A012001A99E
S214018E1018BF01A90AF0BAFF234601AA05AD1446F8
S214018E2003CCAC4218605960224603F10803F6D120
S214018E30002007B030BD00BF75E4010079EB0100EA
S214018E4010B50C4688B01A230C4A01A901200AF075
S214018E509DFF21460DF10E0304F1100251F8040B9B
S214018E60914243F8040BF9D11A230020034A01A9C1
S214018E700AF08CFF002008B010BD00BF24E10100FD
S214018E80F0B58BB004460D461DF039FFA8B101A818
S214018E9012F044F988B1667B271D16F0020F05D043
S214018EA00822384601A903F011F8D0B901AB46F003
S214018EB0020603CB6060796066731A230A4A03A927
S214018EC001200AF063FF29460DF116030DF1260273
S214018ED053F8040B934241F8040BF9D100200BB070
S214018EE0F0BD2D20FBE700BF24E10100F0B50546EB
S214018EF0071D00220C463846082193B01DF08DFE52
S214018F006A7B0646D0070BD5687808A91CF03AFBA1
S214018F10DDF83D306B60DDF841307B6080B10BE001
S214018F20910709D5D2000121384602F080021CF0D3
S214018F3034FBFF28687002D12D2013B0F0BDD6B1E6
S214018F40687801A91CF0BBFA9DF81C305B0604D5B5
S214018F504FF4C6710A4821F0AEFD234603AD07ACB7
S214018F602A4603CAA24218605960154603F108034F
S214018F70F6D10020E1E708A91CF004FBCEE700BF0C
S214018F80010C04002DE9F04106468AB01F480F4641
S214018F9015460024FFF736FD002C01A914BF4FF03B
S214018FA05C0C4FF0360C10238846184A12F8010B59
S214018FB0013B8CEA000013F0FF0301F8010BF5D129
S214018FC005A81EF065FC4246102105A81EF064FCAB
S214018FD0C4B93946324605A81EF0C6FC2A460DF12C
S214018FE0140C0DF1240E634603CB734510605160DB
S214018FF09C4602F10802F6D114B10AB0BDE8F08130
S2140190000124C9E72A461021E5E700BFBA6200201D
S2140190102DE9F04791460D46C0B09DF82041DDF898
S21401902028811E46DFF87CA09DF82431074622469B
S214019030494640468AF8003002F08CFD9DB1234631
S214019040324641463846FFF721FEB44207D9A11BF6
S2140190503B46012289B208EB0600FFF7CFFD002050
S21401906040B0BDE8F087A11B3B46012289B208EB60
S2140190700600FFF7C3FD22464146684602F06AFD38
S2140190803246694638462346FFF700FE9AF8002026
S2140190900DEB040109EB040002F018FF0028DED0F6
S2140190A02C20DDE76E6C002038B50346104601F132
S2140190B0100451F8045BA14242F8045BF9D104495B
S2140190C01BB1FFF7D9FC002038BDFFF709FDFAE711
S2140190D0BA62002030B5054689B069461CF073F8BF
S2140190E06B8804ACABB12246294668461CF00BF8E7
S2140190F00E4A08AD234603CBAB42106051601C46B6
S21401910002F10802F6D10948FFF770FC002009B009
S21401911030BD6B46054D1A4603CAA24228606960F7
S214019120134605F10805F6D1EDE700BFBA62002047
S21401913050B10B4B0B4A03F1100153F8040B8B4251
S21401914042F8040BF9D17047064B054A03F11001AA
S21401915053F8040B8B4242F8040BF9D1704700BF59
S214019160BA6200209A62002008B51022024802F076
S214019170B3FB002008BD00BFAA62002008B5084660
S2140191801022024902F0A8FB002008BDAA620020B6
S21401919010B5044686B001A9114A112301200AF030
S2140191A0F5FD9DF8143001A8E3701EF038FF80F03D
S2140191B001000C4A01A96070112301200AF0E6FDA6
S2140191C09DF8143001A8A3701EF029FF80F001005D
S2140191D0207010F03DFB6060002006B010BD00BF9F
S2140191E075E4010079EB010010B5044686B0112341
S2140191F0134A012001A90AF0C9FDA3789DF814209D
S2140192009A4207D08DF81430002011230C4A01A988
S2140192100AF0BCFD11230B4A012001A90AF0B6FD94
S214019220E3789DF814209A4207D08DF81430002078
S2140192301123044A01A90AF0A9FD06B010BD00BF1A
S21401924079EB010075E401002DE9F04186B0064690
S21401925003A80C4612F000FF054600284AD1BDF8C7
S2140192600C30980646D510222946204602F0E2FA2E
S21401927001A811F053FFC0B1777B06F1040817F07F
S214019280020F06D00822404601A902F01FFE002860
S2140192902ED101AB47F0020703CB7060C8F804106B
S2140192A07773238843F008032380238843F002035F
S2140192B0238011F00DFB60601DF021FD30B10E4BD7
S2140192C01B68A360238843F0040323800B4B1A68B2
S2140192D0D1035EBF238843F010032380130203D516
S2140192E0238843F400632380284606B0BDE8F08156
S2140192F02D25F9E72425F7E760480020644800207B
S21401930010B5D0E9023253F8223090B01C684022E2
S214019310694620461CF0A9F9034630B122460020D2
S2140193200549FDF7EFFE10B010BD01226946082081
S214019330FDF792FEF7E700BF970C040070B500F04A
S214019340B1F800280CBF6E22792200201349FDF7E0
S214019350D9FE00F0A7F8F0B11CF09BF900280CBF6D
S2140193606E22792200200E49FDF7CCFE082200204D
S2140193700C49FDF7C7FE00250B4C0C4E234654F84E
S214019380042C314600200335FDF7BCFE182D04F1F0
S2140193900C04F3D170BD3F22E4E700BFCF0C0400FC
S2140193A0E60C0400F60C040088490020150D0400A4
S2140193B070B51CF053F9044621490020FDF7A2FEC2
S2140193C02CB92046BDE870401E49FDF79BBE00F053
S2140193D0BBF805461C4B62690020002A08BF1A46E6
S2140193E01A492668FDF78EFEA28800201849FDF767
S2140193F089FE1849E2880020FDF784FEA3882289A9
S21401940013F010001ABF002013491449FDF77AFE25
S214019410E26800201249FDF775FE22690020114915
S214019420FDF770FE104A114B0020B6F5817F38BF5C
S21401943013460F492A46BDE87040FDF763BE00BFDC
S2140194404A0D0400570D04000DDD0300780D0400DD
S214019450960D0400B70D0400D40D0400F10D0400B0
S2140194600F0E04002D0E0400420D0400380D0400FA
S2140194704B0E040038B5014600230C25084A05FBAF
S21401948003F4A0181459013404D10C2202F024FA72
S214019490002038BD0133082BF1D10120F9E700BFC8
S2140194A084490020034B1878012894BF002001202E
S2140194B0704700BFCC62002038B50446044D2878BA
S2140194C0A04203D021461CF0A9F82C7038BD00BF7D
S2140194D0CC62002000B58FB03422002101A802F032
S2140194E0A9F901A8EEF710FB0598D0B182680E4BDA
S2140194F0B2F5803F34BF92B2C2F38F2241881A81FF
S214019500028828BF41F010011A6042689980DA800B
S214019510C268DA6002691A6142695A61027E1846B7
S2140195201A760FB05DF804FB08490020054B1B783E
S21401953020B1012B04D80220FFF7BEBF012BFBD8B8
S214019540704700BFCC62002010B5084C237853B991
S2140195501CF084F80123237028B10368B3F5817FDA
S21401956024BF037E2370207810BD00BFCB6200208D
S21401957070B5184B1B78012B2BD81CF052F8164DE2
S214019580024616490020FDF7BDFD0120FFF7CEFF7C
S2140195902E78FF2E1DD1FFF79DFFC8B1848860226B
S2140195A03146C4F340040E482C7002F043F96022A1
S2140195B031460C4802F03EF95CB1FFF7C5FF0428BE
S2140195C007D9BDE8704040F22B11074821F073BA65
S2140195D0287070BDCC6200206F6C00206E0E0400F7
S2140195E08449002024490020800E04002DE9F04F14
S2140195F0DFF884928DB003AB07468846144699E897
S214019600070083E80700FFF7B3FFFFF79DFF944BC2
S21401961006461D784B46012D40F07081012840F228
S2140196207281B7FBF0F200FB1272002A00F06B8128
S2140196308C4900228B46D1F800C0BCF1FF3F04D014
S214019640087A6044874200F019810132082A01F144
S2140196500C01F0D193E8070006AE0DF1240A86E866
S21401966007008AE80700FFF76FFFB7FBF0FB00FB78
S2140196701B7BA0EB0B094A46414606460AA80997FA
S2140196808DF82C9002F066FA00224FF00C0E764907
S21401969002E00132082A0ED00EFB02F000EB010CAC
S2140196A008580130F5D19AE807008CE807006F49A1
S2140196B00A7801320A70A14504DD4FF4E2716C4864
S2140196C021F0F9F9A41B5C444F44A1B217FA84F4C3
S2140196D0B4FBF6F206FB1242C8448E1A91B1A41AE4
S2140196E008EB060107A88DF82020069402F032FA4E
S2140196F006A8FFF7BFFEFF2804D140F2D9115C4847
S21401970021F0D9F9B6B2B6B10320FFF7D5FE802E07
S2140197100AD832464146574802F01CFA32463846C5
S21401972054491BF086FF05460220FFF7C5FE284672
S2140197300DB0BDE8F08F0025F9E74FF40E714C48E7
S21401974021F0B9F9464B1B78012B00F0E380002C81
S21401975036D00320FFF7B0FE802C2FD82246414694
S214019760444802F0F7F92246384642491BF061FFA9
S21401977005460220FFF7A0FEDFF8F09099F80030CA
S21401978093B1039CFFF7E0FE374B002798461A6813
S214019790511C04D0197A411A521A944224D0013726
S2140197A0082F03F10C03F2D1002DC0D1039B013326
S2140197B0C1D003A8FFF75EFE0546B8E70125D8E746
S2140197C02546D9E740F26D21294821F074F9012593
S2140197D024E0012D30D0802E2FD83246254903981B
S2140197E01BF027FF054628E0002DA0D10C247C4362
S2140197F008EB04039DF814A093F808B00AEB0B03DA
S214019800802BDFDC1B4B524604A9184602F0A2F956
S214019810211D5A464144504402F09CF90C2303FB97
S21401982007839DF814201B7A13449E42D1D040F240
S21401983073210F4821F03FF901250220FFF73CFE76
S21401984099F8003013B1013B89F800304FF0FF332F
S21401985008EB040248F80430C2E9013367E700BFA9
S2140198606F6C00208449002024490020CA62002031
S214019870800E040088480020385D04004FF00C0A72
S2140198800AFB02B3187AA6EB00095FFA89F9A1452B
S21401989001D35FFA84F90AFB02FA0AF104052844A7
S2140198A04A464146584402F055F90BEB0A031A7A28
S2140198B0A4EB09044A44D2B2B242A4B21A7219D134
S2140198C003200193FFF7F8FD32460BEB05015BF829
S2140198D00A001BF0AEFE05460220FFF7EDFD4FF035
S2140198E0FF32019B4BF80A20C3E90122002D7FF4C9
S2140198F01EAFC844002C3FF41EAF4F44104B1B78DC
S214019900012B7FF424AFB7FBF6F306FB1373002B92
S2140199107FF413AFE319B3FBF6F506FB1535002DFF
S2140199203FF415AF641B5B1B08EB04012A4604A831
S2140199300393A4B202F00EF98DF8145007E700BFA6
S2140199406F6C002070B5134B1B78012B0CD1FFF701
S2140199500FFE0026104D55F8043C013306D10336A0
S214019960182E05F10C05F6D1002411E00320FFF7AF
S214019970A3FD55F8044CFFF7E7FD294602462046AD
S2140199801BF057FE04460220FFF796FD002CE6D09A
S214019990204670BD6F6C00208849002070B50546D2
S2140199A00C46FFF7E5FD0520FFF786FD2146284614
S2140199B01BF04DFE06460220FFF77EFD00220A4BF5
S2140199C02C441968481C08D0A94206D3A1423EBFC0
S2140199D04FF0FF31C3E9001199600332182A03F1F1
S2140199E00C03EED1304670BD84490020D0E9023226
S2140199F053F8223010B51C68204600F095FA28B1BD
S214019A002146BDE81040024800F002BE10BD00BF6E
S214019A10FE0E040008B5D0E9023253F82230186869
S214019A2000F06CF920B1BDE80840024800F0F0BD36
S214019A3008BD00BF200F04002DE9F041D0E9023235
S214019A4053F8221003EB82035B680F681D789AB007
S214019A50642D04D96421114800F0DAFD64252A46F4
S214019A60384601A900F002F9044698B90C4800F0FE
S214019A70CFFDDFF8348001AE013DA54202DC1AB00D
S214019A80BDE8F0813919404616F8012B00F0C0FDFB
S214019A900134F2E7034800F0BBFDF0E7430F040092
S214019AA0630F04008D0F04007A0F04002DE9F047C0
S214019AB000252D4FDFF8E080DFF8E0908CB02846D7
S214019AC003A900F0EFF810B10CB0BDE8F087049BD5
S214019AD02946039A0093384600F09AFD404600F066
S214019AE097FD059910290CD810290CD8DFE801F04C
S214019AF00F14320B340B0B0B360B0B0B0B0B0B0B28
S214019B003A0020292CD0194800F082FD07E01848B9
S214019B1000F07EFD0135D2E7164800F079FD069982
S214019B20484600F075FD0799134800F071FD13488B
S214019B3000F06EFD1024DFF868A00DF11F065046F8
S214019B4016F8011F013C00F063FD14F0FF04F6D186
S214019B500B48DDE70B48E0E70B48DEE70B48DCE7A0
S214019B600B48DAE70B48D8E7A80F04004D100400AD
S214019B70FD0F04000D100400731004008B10040088
S214019B8012B20300151004001D1004002610040074
S214019B903110040048100400EC0F04005C100400AF
S214019BA09C10040010B50B4C8EB023785BB9EDF712
S214019BB025FF014650B9012301A82370EDF7A4FF44
S214019BC0054B049A1A6020780EB010BD034800F0C9
S214019BD01FFDF8E7CD620020C84C0020A21004004B
S214019BE000B58FB0FFF7DEFF002829D001A8EDF7FA
S214019BF08BFF059B1448198800F00AFD059B134846
S214019C005969134B002908BF194600F001FD059B51
S214019C101048598800F0FCFC059B0F48196900F0B4
S214019C20F7FC059B0D48D96800F0F2FC059B0C4833
S214019C30197E00F0EDFC0B4B0B48196800F0E8FCB0
S214019C400FB05DF804FB00BFDF100400F110040044
S214019C500DDD030003110400171104002B1104008D
S214019C603F110400C84C00205311040070B506468D
S214019C7015460C4679B172B1FFF794FF68B12146DB
S214019C802A463046EEF74AF8014618B1044800F075
S214019C90BFFC012070BD2120FCE71120FAE700BFC0
S214019CA06511040037B505460C46FFF77BFFE0B1AA
S214019CB0114B1B68AB421AD9CCB100212422204695
S214019CC001F0B8FD2146284616F07EFE88B92846E2
S214019CD001AA04F10801EDF7D3FF20B140F20643D3
S214019CE0C01A18BF012003B030BD1120FBE72120A8
S214019CF0F9E70120F7E700BFC84C0020F0B593B0A4
S214019D000546FFF74FFF002845D0254B1A68AA42A3
S214019D1007D829462348013A00F07AFC212013B0DF
S214019D20F0BD05A8EDF7F0FE284603A916F04CFE97
S214019D3098BB049A22F4FF57C2F30C0327F01F07BF
S214019D402BB14FF400532946174800F061FC039EDF
S214019D507FB120F0BDFE30464FF40051EEF76AF8B1
S214019D603346044606F5005650B9039BF31ABB4228
S214019D70EFD32A4639460D4800F04AFC002406E097
S214019D8000902A464FF40051094800F041FC201E7D
S214019D9018BF0120C3E71120C1E70120BFE700BFBC
S214019DA0C84C002093110400411204000013040063
S214019DB0AF12040010B5044638B1FFF7F3FE30B118
S214019DC00020044B1B68236010BD2120FCE71120F6
S214019DD0FAE700BFC84C002010B50446FFF7E2FEC4
S214019DE0B0B10C4B1A68A24206D821460A48013A7D
S214019DF000F00EFC212010BD20F06AFE40F2C122C8
S214019E0020460649EDF7FCFE003818BF0120F2E7B0
S214019E101120F0E7C84C002093110400044A0020EA
S214019E2010B50446FFF7BEFE70B121460848EDF7AF
S214019E3007FF40F20323984208D040F201239842DC
S214019E400CBF0520012010BD1120FCE70020FAE719
S214019E50044A00202DE9F0412D4D04462F68FFF7F6
S214019E60A1FE002851D02968A14207D84A1E2948D8
S214019E70214600F0CDFB2120BDE8F0812648EDF714
S214019E809FFEDFF894800246B0B943462E6896429C
S214019E9022D1BE4214BF3A4606F1FF3212BB31460A
S214019EA01D48C8F80040EDF76BFE014600B31B489D
S214019EB000F0AEFB0120DFE72046EDF741FE044649
S214019EC038B10146164800F0A3FB201E18BF01203A
S214019ED0D2E7EDF791FCF8E753F8041B8C42DDD08E
S214019EE00132D4E70C499200081D01F0F5FCD6E7D3
S214019EF029680948EDF764FE044610B10146094891
S214019F00D6E7EDF779FC2046B6E71120B4E700BFA7
S214019F10C84C002093110400E449002046130400B5
S214019F201C13040079130400F8B50446FFF73AFE43
S214019F30002845D0234B1A68A24207D8214622485A
S214019F40013A00F065FB21242046F8BD1F4800F0C9
S214019F505FFB20F0BDFD40F2C1221D492046EDF712
S214019F604FFE40F20327054620F0B2FD184E65B1BC
S214019F7040F203239D421AD02946164800F048FBBA
S214019F800124154800F044FBDEE720F0A1FD294638
S214019F903046EDF755FEB84209D040F2012398420B
S214019FA003D10E4800F034FBE1E70546DFE7214622
S214019FB00B4800F02DFB2046FFF74CFF0446E0E778
S214019FC01124C1E7C84C002093110400B01304000B
S214019FD0044A0020D013040012B2030019E903005A
S214019FE0E813040010B50A46044619B1024B0021D5
S214019FF01B68984710BD00BF445D040010B5114CA6
S21401A0002378580744BF23F0040323702378990765
S21401A01005D500F05DF8237823F0020323706378FA
S21401A0201BB10023084A63605360002308210648D9
S21401A0306370FFF7D7FF2378DA0744BF23F00103E5
S21401A040237010BDCC4C0020D04C002038B51A4CE3
S21401A05062782378022A01D1072B11D0DD0712D5A9
S21401A0602378980707D400F02BF82378054643F0A9
S21401A0700203237080B96278237882B15A0716D515
S21401A0800025284638BD17F061FC2378054643F0C5
S21401A090010323700028E3D0FFF7B0FFF1E7D907EB
S21401A0A0ECD5064962604A6002226270E6E743F038
S21401A0B004032370E4E700BFCC4C0020D04C002002
S21401A0C00122024B002083F8F0207047D84C002074
S21401A0D02DE9F0410A4C002526464FF001080327DA
S21401A0E02046C4F81C80277601351BF0FDFA062DA4
S21401A0F004F12804F4D1002386F8F030BDE8F0819D
S21401A100D84C00202DE9F04F984691B00B1E0A93CB
S21401A110B44B914614BF83469B4600251A9E98F879
S21401A120000070B94D4538BF2A464B464FF0000037
S21401A1300A9928BF09F1FF32D847284611B0BDE871
S21401A140F08F252808F1010806D02A464B460A99C1
S21401A1506C1CD8472546E2E70023414611F8012B3F
S21401A1602B2A16D00AD8202A16D0232A17D0A2F1D5
S21401A1703000092834D800270A2418E02D2A05D0F3
S21401A180302AF4D143F001038846E6E743F00203A0
S21401A190FAE743F00403F7E743F00803F4E743F074
S21401A1A01003F1E7884604FB0722A2F13007414677
S21401A1B011F8012BA2F130000928F3D998F80020F4
S21401A1C02E2A52D198F8011008F10102A1F13000AF
S21401A1D0092843F480633ED800244FF00A0E11E0AC
S21401A1E02A2A08D156F8047B8846002FBCBF43F0C4
S21401A1F002037F42E2E70027E0E702460EFB041176
S21401A200A1F13004104610F8011BA1F1300CBCF18D
S21401A210090FF2D99046424612F8011B6C292DD03F
S21401A22025D8682933D06A293BD04246904618F88B
S21401A230010B672860D8572836D8452808D084D916
S21401A240462800F0188147287FF47FAF43F4006367
S21401A25043F0200327E12A2906D156F8044B08F1DA
S21401A260020824EAE474D6E790460024D3E774296A
S21401A27001D07A29D9D143F48073D7E798F8011031
S21401A2806C29F8D143F4407308F10202CEE798F83E
S21401A2900110682902D043F08003C7E743F0C003EA
S21401A2A0F2E743F40073C1E7A0F158020F2A3FF624
S21401A2B04CAF01A151F822F059A301004BA10100B6
S21401A2C04BA101004BA101004BA101004BA10100D4
S21401A2D04BA101004BA101004BA101004BA10100C4
S21401A2E059A30100C5A4010059A301009BA40100C4
S21401A2F07BA401009BA40100A0F16901C9B20F294A
S21401A3003FF623AF012249F2410C8A4012EA0C02C1
S21401A31018D10A2900F0158107297FF416AF43F0FA
S21401A320210305930823CDE903431023CDE9012337
S21401A33056F8043B2A46009358464B460A991BF0AA
S21401A340C3FAA8E06F2800F05E8110D9782808D1FA
S21401A350102223F00C0310E0582839D0622800F0B0
S21401A36054810A2223F01003642806D0F1E76928F5
S21401A3704FF00A0223F01003F6D1590548BF23F027
S21401A3800103692803F4007101D0642840D111B398
S21401A390073626F00706B24670685AF8081BCDE95C
S21401A3A0077300230593C30F0028029306940B46F8
S21401A3B0049202DA4B4260EB4000CDE900304B4696
S21401A3C02A4658460A991BF0C1FA05465646A6E69D
S21401A3D043F02003BCE7D90506F1040A04D5316829
S21401A3E005E000BF2B57030058060CD53178CDE9A0
S21401A3F00224CDE9047300294FEAD1730193B8BF53
S21401A4004942009120E01906E9D5B6F90010EEE7B9
S21401A41079B1CDE907730023CDE9042306F1070AD4
S21401A4202AF0070A06940293FAE80223CDE90023EC
S21401A430C5E7D80506F1040A0DD5CDE90473CDE9C3
S21401A44002240191336800934B462A4658460A99DE
S21401A4501BF03AFAB9E7590607D53178CDE9047306
S21401A4600023CDE902240193CBE7316813F0800F76
S21401A47018BF89B2F2E743F02003CDE9017307362E
S21401A48026F007060094B6EC020B4B462A465846C1
S21401A4900A99EAF77DF9054641E600F0DF0047280C
S21401A4A001D143F40063CDE90173073626F00706B0
S21401A4B00094B6EC020B4B462A4658460A99E9F731
S21401A4C0ABFFE8E713F0020426D04FF0010A6B1C3D
S21401A4D00B932A464B460A9916F8040BD84774B3D1
S21401A4E054460B9A21E04B4620200A99D8470AEB9E
S21401A4F005020AF1010A5745F5D83A1E18BF01228E
S21401A500002A07F1FF3308BF002307F1010A1D44A3
S21401A51008BF4FF0020ADAE7A246E8E7551C4B46A9
S21401A52020200A99D8472A460134BC42F6D3A7EB25
S21401A5300A03574538BF00230B9A1A440B920B9D0A
S21401A540EDE53246002C52F8046B14BF21464FF05D
S21401A550FF310B9232463144107808B1914211D145
S21401A560A2EB060A13F480620C9202D0A24528BF21
S21401A570A24613F002030D931BD1AAEB05032A464C
S21401A5800F9308E00132E7E7531C0E9320204B4659
S21401A5900A99D8470E9A0F9BD318BB42F4D3A7EB60
S21401A5A00A03574538BF00230AF101021D4403EB95
S21401A5B0020AAB1B0E9304E01C464B462A460A9938
S21401A5C0D8470E9BF51816F8010B28B10C9B002BEB
S21401A5D0F3D0631E002CEFD10D9B93B12A46AAEB54
S21401A5E0050405E0561C4B4620200A99D8473246FA
S21401A5F01319BB42F6D3A7EB0A03574538BF00230E
S21401A6001D440B9E8BE50822A3E60222A1E600BFAD
S21401A6100FB41FB506AA52F8043B02A90392009292
S21401A62004484FF0FF32FFF76DFD05B05DF804EB0F
S21401A63004B07047ED5903001FB5034600914FF073
S21401A640FF3203A90248FFF75DFD05B05DF804FB84
S21401A650ED5903001FB5CDE90201009302A9134687
S21401A66003484FF0FF32FFF74DFD05B05DF804FBE0
S21401A670F55903001FB5094B094A1868094B01A98A
S21401A6801860094B1360094A0192094A1268CDE91C
S21401A690022317F002FA05B05DF804FBD868002023
S21401A6A0D03D0020D43D0020CC680020EB4B0400B8
S21401A6B088500020014B186817F003BAD8680020AC
S21401A6C038B5F1F71BFE0446064D2B68D3F8B002E9
S21401A6D0F1F708FE286817F007FA2046BDE838406B
S21401A6E0F1F700BED868002010B51F4CEFF7DCFE6E
S21401A6F0236F012023F0070343F002032367EFF7DC
S21401A700E1FED4F82031002023F0070343F00103D3
S21401A710C4F82031D4F8403123F0030343F0010399
S21401A720C4F84031D4F8603123F0030343F0010349
S21401A730C4F86031D4F8403223F0030343F0010338
S21401A740C4F84032D4F8003223F0070343F0010383
S21401A750C4F80032D4F8083223F0070343F00103AB
S21401A760C4F8083210BD00BF00800050064B1B68BD
S21401A7701A7A022A01D81AB97047032A00D07047FC
S21401A7801B68024A13607047DC680020885000206E
S21401A7900022024B5A60DA601A6070478C50002023
S21401A7A008B501F037FF0022014B1A7008BD00BF43
S21401A7B0CE6200200A4601491BF086B9DD75040009
S21401A7C00A4601491BF080B9D87504000A460149BA
S21401A7D01BF07AB9D17504000A4601491BF074B919
S21401A7E0CE7504000A4601491BF06EB9CB7504000C
S21401A7F00A4601491BF068B9C67504000A460149B4
S21401A8001BF062B9C17504000A4601491BF05CB928
S21401A810BC7504000A4601491BF056B9B57504001B
S21401A82081F0004102E000BF83F0004330B54FEAFB
S21401A83041044FEA430594EA050F08BF90EA020F68
S21401A8401FBF54EA000C55EA020C7FEA645C7FEAFB
S21401A850655C00F0E2804FEA5454D4EB5555B8BF1E
S21401A8606D420CDD2C4480EA020281EA030382EA8F
S21401A870000083EA010180EA020281EA0303362D21
S21401A88088BF30BD11F0004F4FEA01314FF4801CF4
S21401A8904CEA113102D0404261EB410113F0004F06
S21401A8A04FEA03334CEA133302D0524263EB4303BD
S21401A8B094EA050F00F0A780A4F10104D5F1200E5B
S21401A8C00DDB02FA0EFC22FA05F2801841F10001B6
S21401A8D003FA0EF2801843FA05F359410EE0A5F18A
S21401A8E020050EF1200E012A03FA0EFC28BF4CF0BB
S21401A8F0020C43FA05F3C01851EBE37101F0004571
S21401A90007D54FF0000EDCF1000C7EEB00006EEB7D
S21401A9100101B1F5801F1BD3B1F5001F0CD3490807
S21401A9205FEA30004FEA3C0C04F101044FEA44525E
S21401A93012F5800F80F09A80BCF1004F08BF5FEAE5
S21401A940500C50F1000041EB045141EA050130BDC5
S21401A9505FEA4C0C404141EB0101013C28BFB1F5D7
S21401A960801FE9D291F0000F04BF01460020B1FA22
S21401A97081F308BF2033A3F10B03B3F120020CDAF5
S21401A9800C3208DD02F1140CC2F10C0201FA0CF0D3
S21401A99021FA02F10CE002F11402D8BFC2F1200C38
S21401A9A001FA02F120FA0CFCDCBF41EA0C019040EE
S21401A9B0E41AA2BF01EB0451294330BD6FEA040437
S21401A9C01F3C1CDA0C340EDC04F11404C4F1200222
S21401A9D020FA04F001FA02F340EA030021FA04F334
S21401A9E045EA030130BDC4F10C04C4F1200220FA8B
S21401A9F002F001FA04F340EA0300294630BD21FAC9
S21401AA0004F0294630BD94F0000F83F4801306BF8E
S21401AA1081F480110134013D4EE77FEA645C18BF82
S21401AA207FEA655C29D094EA050F08BF90EA020F19
S21401AA3005D054EA000C04BF1946104630BD91EA11
S21401AA40030F1EBF0021002030BD5FEA545C05D114
S21401AA504000494128BF41F0004130BD14F5800453
S21401AA603CBF01F5801130BD01F0004545F0FE41C7
S21401AA7041F470014FF0000030BD7FEA645C1ABFFC
S21401AA80194610467FEA655C1CBF0B46024650EA33
S21401AA90013406BF52EA033591EA030F41F400215F
S21401AAA030BD00BF90F0000F04BF0021704730B5E5
S21401AAB04FF4806404F132044FF000054FF00001BA
S21401AAC050E700BF90F0000F04BF0021704730B57B
S21401AAD04FF4806404F1320410F0004548BF404250
S21401AAE04FF000013EE700BF42004FEAE2014FEAA5
S21401AAF031014FEA02701FBF12F07F4393F07F4F80
S21401AB0081F06051704732F07F4208BF704793F082
S21401AB107F4F04BF41F40021704730B54FF4607495
S21401AB2001F0004521F000411CE700BF50EA010298
S21401AB3008BF704730B54FF000050AE050EA010241
S21401AB4008BF704730B511F0004502D5404261EBB1
S21401AB5041014FF4806404F132045FEA915C3FF4F2
S21401AB60D8AE4FF003025FEADC0C18BF03325FEA8F
S21401AB70DC0C18BF033202EBDC02C2F1200300FA40
S21401AB8003FC20FA02F001FA03FE40EA0E0021FA65
S21401AB9002F11444BDE600BF70B54FF0FF0C4CF453
S21401ABA0E06C1CEA11541DBF1CEA135594EA0C0F05
S21401ABB095EA0C0F00F0DEF82C4481EA030621EA40
S21401ABC04C5123EA4C5350EA013518BF52EA03357B
S21401ABD041F4801143F4801338D0A0FB02CE4FF02D
S21401ABE00005E1FB02E506F00042E0FB03E54FF05D
S21401ABF00006E1FB03569CF0000F18BF4EF0010E55
S21401AC00A4F1FF04B6F5007F64F5407404D25FEA50
S21401AC104E0E6D4146EB060642EAC62141EA555103
S21401AC204FEAC52040EA5E504FEACE2EB4F1FD0C45
S21401AC3088BFBCF5E06F1ED8BEF1004F08BF5FEAC3
S21401AC40500E50F1000041EB045170BD06F0004675
S21401AC5046EA010140EA020081EA0301B4EB5C0422
S21401AC60C2BFD4EB0C0541EA045170BD41F480111A
S21401AC704FF0000E013C00F3AB8014F1360FDEBF3F
S21401AC80002001F0004170BDC4F10004203C35DA1B
S21401AC900C341BDC04F11404C4F1200500FA05F39E
S21401ACA020FA04F001FA05F240EA020001F000423F
S21401ACB021F0004110EBD37021FA04F642EB0601B5
S21401ACC05EEA430E08BF20EAD37070BDC4F10C04DF
S21401ACD0C4F1200500FA04F320FA05F001FA04F2A3
S21401ACE040EA020001F0004110EBD37041F100018F
S21401ACF05EEA430E08BF20EAD37070BDC4F120059A
S21401AD0000FA05F24EEA020E20FA04F301FA05F201
S21401AD1043EA020321FA04F001F0004121FA04F2A9
S21401AD2020EA020000EBD3705EEA430E08BF20EA79
S21401AD30D37070BD94F0000F0FD101F000464000B3
S21401AD4041EB010111F4801F08BF013CF7D041EA35
S21401AD50060195F0000F18BF704703F00046520039
S21401AD6043EB030313F4801F08BF013DF7D043EA0A
S21401AD700603704794EA0C0F0CEA135518BF95EAC0
S21401AD800C0F0CD050EA410618BF52EA4306D1D147
S21401AD9081EA030101F000414FF0000070BD50EA66
S21401ADA0410606BF1046194652EA430619D094EAF0
S21401ADB00C0F02D150EA013613D195EA0C0F05D1DA
S21401ADC052EA03361CBF104619460AD181EA03012E
S21401ADD001F0004141F0FE4141F470014FF00000E6
S21401ADE070BD41F0FE4141F4780170BD70B54FF081
S21401ADF0FF0C4CF4E06C1CEA11541DBF1CEA135501
S21401AE0094EA0C0F95EA0C0F00F0A7F8A4EB0504E2
S21401AE1081EA030E52EA03354FEA013100F08880D9
S21401AE204FEA03334FF0805545EA131343EA1263A2
S21401AE304FEA022245EA111545EA10654FEA002657
S21401AE400EF000419D4208BF964244F1FD0404F510
S21401AE50407402D25B084FEA3202B61A65EB03056C
S21401AE605B084FEA32024FF480104FF4002CB6EB29
S21401AE70020E75EB030E22BFB61A754640EA0C00A9
S21401AE805B084FEA3202B6EB020E75EB030E22BFE9
S21401AE90B61A754640EA5C005B084FEA3202B6EB2A
S21401AEA0020E75EB030E22BFB61A754640EA9C00E9
S21401AEB05B084FEA3202B6EB020E75EB030E22BFB9
S21401AEC0B61A754640EADC0055EA060E18D04FEA77
S21401AED0051545EA16754FEA06164FEAC30343EA17
S21401AEE052734FEAC2025FEA1C1CC0D111F4801FE4
S21401AEF00BD141EA00014FF000004FF0004CB6E7DD
S21401AF0011F4801F04BF01430020B4F1FD0C88BF7B
S21401AF10BCF5E06F3FF6AFAEB5EB030C04BFB6EB86
S21401AF20020C5FEA500C50F1000041EB045170BD79
S21401AF300EF0004E4EEA113114EB5C04C2BFD4EBA6
S21401AF400C0541EA045170BD41F480114FF0000E2A
S21401AF50013C90E645EA060E8DE60CEA135594EAA6
S21401AF600C0F08BF95EA0C0F3FF43BAF94EA0C0FA9
S21401AF700AD150EA01347FF434AF95EA0C0F7FF41E
S21401AF8025AF104619462CE795EA0C0F06D152EA72
S21401AF9003353FF4FDAE1046194622E750EA410656
S21401AFA018BF52EA43067FF4C5AE50EA41047FF467
S21401AFB00DAF52EA43057FF4EBAE12E74FF0FF3CCC
S21401AFC006E000BF4FF0010C02E000BF4FF0010C9D
S21401AFD04DF804CD4FEA410C7FEA6C5C4FEA430C16
S21401AFE018BF7FEA6C5C1BD001B050EA410C0CBF65
S21401AFF052EA430C91EA030F02BF90EA020F0020C7
S21401B000704710F1000F91EA030F58BF994208BF2D
S21401B01090422CBFD8176FEAE37040F001007047EA
S21401B0204FEA410C7FEA6C5C02D150EA013C07D141
S21401B0304FEA430C7FEA6C5CD6D152EA033CD3D08C
S21401B0405DF8040B704700BF8446104662468C4686
S21401B0501946634600E000BF01B5FFF7B7FF0028B9
S21401B06048BF10F1000F01BD4DF808EDFFF7F4FFE2
S21401B0700CBF012000205DF808FB00BF4DF808ED6D
S21401B080FFF7EAFF34BF012000205DF808FB00BF90
S21401B0904DF808EDFFF7E0FF94BF012000205DF8B2
S21401B0A008FB00BF4DF808EDFFF7CEFF94BF012067
S21401B0B000205DF808FB00BF4DF808EDFFF7C4FF60
S21401B0C034BF012000205DF808FB00BF4FEA4102B3
S21401B0D012F5001215D211D56FF47873B3EB6252E4
S21401B0E012D94FEAC12343F0004343EA505311F00B
S21401B0F0004F23FA02F018BF404270474FF000009D
S21401B100704750EA013005D111F0004008BF6FF0DA
S21401B110004070474FF00000704700BF4A0011D250
S21401B12012F5001211D20DD56FF47873B3EB62529B
S21401B1300ED44FEAC12343F0004343EA505323FAA7
S21401B14002F070474FF00000704750EA013002D11C
S21401B1504FF0FF3070474FF00000704753B94AB9BF
S21401B160002908BF00281CBF4FF0FF314FF0FF3009
S21401B17000F08CB9ADF1080C6DE904CE00F006F8CC
S21401B180DDF804E0DDE9022304B070472DE9F04F55
S21401B190099D0E4604460F46002B47D18A42944627
S21401B1A0B2FA82F35AD943B102FA03FCC3F1200280
S21401B1B09F409C4020FA02F217434FEA1C461FFAB2
S21401B1C08CFE220CB7FBF6F106FB117701FB0EF0A5
S21401B1D042EA0742904208D91CEB020201F1FF370E
S21401B1E002D2904200F23C813946121AA4B2B2FB56
S21401B1F0F6F006FB102200FB0EFE44EA0244A645CA
S21401B20008D91CEB040400F1FF3202D2A64500F275
S21401B2102A81104640EA0140A4EB0E0400211DB12C
S21401B220DC400023C5E90043BDE8F08F8B4205D919
S21401B2300DB1C5E9000100210846F5E7B3FA83F12F
S21401B24000294FD1B342C0F00281824240F2FF8012
S21401B2500846002DE8D0C5E90047E5E7002B40F099
S21401B260AF808A1A4FEA1C4E1FFA8CF70121B2FBF7
S21401B270FEF60EFB1620220C42EA004207FB06F001
S21401B28090420FD91CEB020206F1FF382CBF4FF09B
S21401B29001094FF00009904203D9B9F1000F00F0FF
S21401B2A0DC804646121AA4B2B2FBFEF00EFB102258
S21401B2B000FB07F744EA0244A7420FD91CEB04043B
S21401B2C000F1FF322CBF4FF0010E4FF0000EA742E7
S21401B2D003D9BEF1000F00F0C9801046E41B40EA16
S21401B2E006409CE7C1F120048B4006FA01FC00FAF7
S21401B2F001FE22FA04F7E6408A401F4320FA04F3CF
S21401B3004FEA174843EA0C031FFA87FC4FEA134932
S21401B310B6FBF8F008FB106649EA064600FB0CF996
S21401B320B1450ED9BE1900F1FF3A2CBF4FF0010B03
S21401B3304FF0000BB14503D9BBF1000F00F0A2801E
S21401B3405046A6EB09061FFA83F9B6FBF8F308FB8D
S21401B350136603FB0CFC49EA0646B4450ED9BE1932
S21401B36003F1FF382CBF4FF001094FF00009B44537
S21401B37003D9B9F1000F00F08280434643EA00404A
S21401B380A6EB0C06A0FB028C66454346E14602D3BB
S21401B39007D1C64505D2B8EB02036CEB070C0138A2
S21401B3A0E1465DB1BEEB030266EB090606FA04F45C
S21401B3B022FA01F3CE401C43C5E90046002133E7DB
S21401B3C002FA03FCC3F1200299409C40D6404FEAA2
S21401B3D01C4E20FA02F21FFA8CF7B6FBFEF00A4367
S21401B3E00EFB1066110C41EA064100FB07F68E4281
S21401B3F00ED91CEB010100F1FF382CBF4FF00109FB
S21401B4004FF000098E4202D9B9F1000F34D0404600
S21401B410891B92B2B1FBFEF60EFB161142EA0142FF
S21401B42006FB07F191420ED91CEB020206F1FF382A
S21401B4302CBF4FF001094FF00009914202D9B9F132
S21401B440000F16D04646521A46EA00410FE7841A04
S21401B45066EB030201201746FBE6023E624421E743
S21401B46002396244C1E664440238D3E664440238D1
S21401B47034E7023E6244E6E702386144C8E7023B2D
S21401B4803E447BE702383E445BE700BF704700BF9F
S21401B4902DE9F04F924685B089461E460D46554A1F
S21401B4A00390294615F8014B135D13F00803F8D1F4
S21401B4B02D2C7CD02B2C4ED04FF0FF3102936FF009
S21401B4C00043CDE9001336F0100851D037464FEA55
S21401B4D0E6783A464346DDE90001FFF73FFE0023E2
S21401B4E083468E4618461946A44613E0ACF1370447
S21401B4F0A6421FDD002B09DB83457EEB010305D346
S21401B5008E4508BF83453BD1A24239DA4FF0FF335F
S21401B51015F801CBACF13004092CE9D9ACF14104A2
S21401B520192CE3D9ACF16104192C03D8ACF15704FA
S21401B530A642DFDC5A1C2FD0029A12B1404261EBC0
S21401B5404101BAF1000F03D0002B48D1CAF8009090
S21401B55005B0BDE8F08F4FF0FF30029336F01008CB
S21401B5606FF000432C7801F10205CDE90003ADD15F
S21401B570302C25D0002E3AD10A27B0463E46A8E701
S21401B58000FB08F307FB0133A0FB07010B4420185F
S21401B59043EBE4710123BBE72223039A1360BAF15C
S21401B5A0000F17D005F1FF39DDE90001CEE74FF0B6
S21401B5B00047009301232C788D1CCDE9017382E7A7
S21401B5C02B7803F0DF03582B0CD086B90827B0463A
S21401B5D03E467EE7DDE9000105B0BDE8F08FCDE926
S21401B5E00001DFE710276C7802353E4671E7102729
S21401B5F03E466EE7E57504004AE700BF10B4044C0A
S21401B60013460A46014620685DF8044B40E700BF32
S21401B6100C69002010B4044C13460A460146206803
S21401B6205DF8044B34E700BF0C69002020F00301ED
S21401B63010F00300C0F1000051F8043B00F1040CC7
S21401B6404FEACC0C6FF000021CBF22FA0CF2134337
S21401B6504FF0010C4CEA0C2C4CEA0C4CA3EB0C0200
S21401B66022EA030212EACC1204BF51F8043B04306A
S21401B670F4D0C2F1000102EA0102B2FA82F2C2F18A
S21401B6801F0200EBD20070472DE9F04780460C46BA
S21401B6904548264614F801EB10F80EC01CF0080CBD
S21401B6A0F7D1BEF12D0F5BD0BEF12B0F3AD0654618
S21401B6B033F010003ED04FF0FF379A46B7FBF3F752
S21401B6C003FB07F96FEA0909002630460EE0AEF1E2
S21401B6D0370C63451DDD002E04DBB84202D833D19A
S21401B6E0CC4531DD4FF0FF3614F801EBAEF1300CEE
S21401B6F0BCF1090FEDD9AEF1410CBCF1190FE6D939
S21401B700AEF1610CBCF1190F03D8AEF1570C6345CD
S21401B710E1DC731C1CD005B140420AB1F6B91160D8
S21401B720BDE8F08733F0100094F800E0654606F1B6
S21401B7300204C0D1BEF1300F17D06BBB0A234FF005
S21401B74005091A4F9A46BFE700FB0AC00126CBE758
S21401B75022233046C8F80030002AE1D0611EDEE719
S21401B76094F800E00125B41CA2E7207800F0DF0081
S21401B770582807D083B908234FF007096FF06047B0
S21401B7809A46A1E7102394F801E04FF00F0902341E
S21401B7906FF070479A4697E710234FF00F096FF046
S21401B7A070479A4690E700BFE57504009999991984
S21401B7B06AE700BF10B4044C13460A4601462068E7
S21401B7C05DF8044B60E700BF0C69002010B4044C20
S21401B7D013460A46014620685DF8044B54E700BF4D
S21401B7E00C6900200F4B70B50F4DAB42A3EB05065D
S21401B7F007D0B6100024013455F8043B9847A642FA
S21401B800F9D80A4D1FF05CFB094B5E1BAB424FEAB1
S21401B810A60606D00024013455F8043B9847A642F4
S21401B820F9D870BDA06C0020A06C0020A06C002090
S21401B830A46C002070B5860747D0541E002A3ED05F
S21401B840CAB2034601E0013C39D303F8012B9D0738
S21401B850F9D1032C2CD9CDB20F2C05EB052505EB20
S21401B860054535D9A4F1100C03F1100E1A462CF03B
S21401B8700F064FEA1C1CB644C2E90055C2E9025540
S21401B88010327245F8D10CF1010214F00C0F04F0DD
S21401B8900F0C03EB021213D0ACF1040323F00303E5
S21401B8A00433134442F8045B9342FBD10CF00304C7
S21401B8B02CB1C9B21C4403F8011BA342FBD170BDD5
S21401B8C064461346002CF4D1F9E703461446C0E754
S21401B8D01A46A446E0E700BF88420ED98B18834279
S21401B8E00BD900EB020C002A6ED0624613F801CD8C
S21401B8F0994202F801CDF9D170470F2A0FD80346B5
S21401B90002F1FF3C002A5FD00CF1010C013B8C4494
S21401B91011F8012B614503F8012FF9D1704740EA70
S21401B92001039B0751D1A2F1100301F1200C70B560
S21401B93023F00F0501F1100E00F110041B09AC44B1
S21401B9405EF8105C0EF1100E103444F8205C5EF8C0
S21401B9501C5C44F81C5C5EF8185C44F8185C5EF8E5
S21401B960145CE64544F8145CEAD1013312F00C0F7E
S21401B97002F00F0C01EB031100EB031329D0ACF11D
S21401B980040C1C1F8E462CF003064FEA9C0C1E442A
S21401B9905EF8045B44F8045FB442F9D10CF101048B
S21401B9A002F0030203EB840301EB840102F1FF3C86
S21401B9B04AB10CF1010C013B8C4411F8012B614595
S21401B9C003F8012FF9D170BD704702F1FF3C034621
S21401B9D09AE76246EAE700BF2DE9F04F82468E46B7
S21401B9E03F4875461EF801BB10F80B4014F00804DA
S21401B9F0F7D1BBF12D0F5BD0BBF12B0F6FF00049D8
S21401BA0004BF9EF800B005F1020E33F0100010D10D
S21401BA10BBF1300F04D0002B5ED10A231F4609E08C
S21401BA209EF8000000F0DF0058284ED0002B53D1BE
S21401BA3008231F460025B9FBF7F6284607FB16988C
S21401BA400EE0ABF1370C63451DDD002D04DB8642AD
S21401BA5002D321D1E0451FDA4FF0FF351EF801BBB6
S21401BA60ABF1300CBCF1090FEDD9ABF1410CBCF1D7
S21401BA70190FE6D9ABF1610CBCF1190F03D8ABF184
S21401BA80570C6345E1DC6B1C0AD004B140420AB195
S21401BA90CDB91160BDE8F08F07FB00C00125DDE7D9
S21401BAA02223CAF800305AB10EF1FF314846F0E7BA
S21401BAB09EF800B04FF0004905F1020E0124A4E7FC
S21401BAC04846BDE8F08F8146EEE710239EF801B0A8
S21401BAD00EF1020E1F46ADE710231F46AAE700BF70
S21401BAE0E5750400242B02D8012B00D074E710B5AD
S21401BAF000F02EFA16230360002010BD10B5242A8C
S21401BB00084C1346246807D8012A05D00A46014680
S21401BB102046BDE810405FE700F01AFA16230360DE
S21401BB20002010BD0C69002010B5242A084C1346CD
S21401BB30246807D8012A05D00A4601462046BDE8F2
S21401BB40104049E700F004FA16230360002010BDF8
S21401BB500C690020844641EA000313F0030349D12F
S21401BB60403A23D30B6803604B6843608B6883605D
S21401BB70CB68C3600B6903614B6943618B69836161
S21401BB80CB69C3610B6A03624B6A43628B6A836249
S21401BB90CB6AC3620B6B03634B6B43638B6B836331
S21401BBA0CB6BC36340304031403ADBD230320BD3EB
S21401BBB00B6803604B6843608B688360CB68C36027
S21401BBC010301031103AF3D20C3205D351F8043B41
S21401BBD040F8043B043AF9D2043208D0D2071CBF1D
S21401BBE011F8013B00F8013B01D30B880380604646
S21401BBF0704700BF082A13D38B07B1D010F0030398
S21401BC00AED0C3F10403D21ADB071CBF11F8013B07
S21401BC1000F8013BA4D331F8023B20F8023B9FE732
S21401BC20043AD9D3013A11F8013B00F8013BF9D2A5
S21401BC300B7803704B7843708B788370604670473F
S21401BC40024B0146186816F00EBD00BF0C690020B5
S21401BC50024B0146186816F009BD00BF0C690020AA
S21401BC60CAB384460B4630B504460843800719D04C
S21401BC709CF800000C78A04212D150B3012A28D0BB
S21401BC80E64603E01CEB030F23D010B31EF8010FAA
S21401BC9011F8014FA2EB0E03A04203F1FF33F1D0DE
S21401BCA0001B30BD032A07D8E2E7043A11D01EF084
S21401BCB0803F0ED1032A10D92068194653F8045B39
S21401BCC0A446A0F1013E0434A8422EEA000EECD0B0
S21401BCD0CEE7002030BD10467047A4461946C7E798
S21401BCE080EA010C1CF0030F37D110F0030C20F092
S21401BCF0030021F0030150F8042B08BF51F8043B60
S21401BD000ED08CF0030C6FF07F434FEACC0C23FA75
S21401BD100CFC51F8043B42EA0C0243EA0C0300BF58
S21401BD20A2F1013C9A4201BF2CEA020C1CF0803FB2
S21401BD3050F8042B51F8043BF2D04FEA02604FEA68
S21401BD401222012828BFB0EB036F08BF1B0AF4D0EC
S21401BD5003F0FF03000EC01A704710F0030F0AD05D
S21401BD6010F8012B11F8013B012A28BF9A42F4D0A2
S21401BD70A2EB030070474DF8045D50F8042B01F068
S21401BD80030521F0030151F8043B022D26D04DD8BE
S21401BD9022F07F45B5EB132FA2F1013C2CEA020CF1
S21401BDA00DD11CF0803C08BF51F8043B0AD185EA4E
S21401BDB00205B5EB036F0CD150F8042BE8E74FEA08
S21401BDC013235BE03CF07F4C54D10B784FEA1265AD
S21401BDD054E04FEA126503F0FF034FE04FEA0245D5
S21401BDE0A2F1013C4FEA15452CEA020CB5EB134FC4
S21401BDF018D11CF0803C08BF51F8043B07D185EAF6
S21401BE000205B5EB034F09D150F8042BE6E75FEACC
S21401BE100C4C2FD10B884FEA12452FE04FEA034313
S21401BE204FEA12454FEA134328E000BF02F0FF0530
S21401BE30B5EB136FA2F1013C2CEA020C0DD11CF0FC
S21401BE40803C08BF51F8043B0AD185EA0205B5EBF0
S21401BE50032F0AD150F8042BE8E74FEA13630DE0ED
S21401BE6012F0FF0F06D051F8043B4FEA122523F0DB
S21401BE707F4303E04FF0000020BC704705F0FF024F
S21401BE8003F0FF00012828BF904204BF2D0A1B0AB9
S21401BE90F4D0A2EB000020BC704700BF08B5064BEB
S21401BEA0044613B1002100F0AFF8044B1B6803B140
S21401BEB09847204614F010FE09C00100D451002016
S21401BEC0002301461A46184600F048B8032A30B443
S21401BED015D941EA000484460B46A40704D0541E33
S21401BEE00FE0043A032A08D91946604653F8044B72
S21401BEF05CF8045BA542F4D0F1E760461946541E8F
S21401BF007AB1431E0139021901E09A4209D013F8A9
S21401BF10010F11F801CF6045F7D0A0EB0C0030BC43
S21401BF207047002030BC704738B5074D074C2C1BB6
S21401BF30A41005D0013C55F8043D9847002CF9D1D2
S21401BF40BDE838401EF0C2BFA86C0020A46C0020DB
S21401BF50014B1868704700BF0C690020F0B5264CED
S21401BF6083B006460F46256805B36C681F2C3FDC78
S21401BF70A6B1D5F8880048B3D0F800114FF0010CEF
S21401BF8040F82420022E00EB84020CFA04FC4CEA52
S21401BF900101C0F80011C2F8803010D0631C0020E7
S21401BFA002346B6045F8247003B0F0BD13491448A1
S21401BFB0216010B10068C1F88800104DD5E7D0F8AF
S21401BFC0043143EA0C03C0F80431E7E70D49CDE933
S21401BFD0002369B14FF48470FFF732FE40B10021AF
S21401BFE06C68C0E94011DDE90023C5F88800C5E7A3
S21401BFF04FF0FF30D8E700BF64520020D851002030
S21401C0000000000041BC01002DE9F04FDFF8B490BC
S21401C01083B0D9F8006096B3884601907568D6F863
S21401C02088706C1E2BD4013507F1800B06EB850555
S21401C030B8F1000F26D173682A68013BA3423BD0B2
S21401C04000232B60BAB1D6F804A05FB30123D7F85A
S21401C0500011A3400B4225D0D7F8040157F824104D
S21401C06003422BD1019890477368D9F800205345B5
S21401C0701ED1B2421CD1013C043D631CD8D103B091
S21401C080BDE8F08F4FB15BF824304345D3D0013C77
S21401C090043D621CF3D0002FF5D1013CEFD3013CE7
S21401C0A0FBD2ECE790477368D9F800205345E0D0FF
S21401C0B0002AE4D01646B1E77460C3E70846904705
S21401C0C0D2E700BF64520020431E033306D8044B58
S21401C0D0984228BF1846642838BF6420704700BFBE
S21401C0E040420F0038B5194B05461B680C4603B194
S21401C0F0984744B1236833B11B68013303D0E36822
S21401C1000BB1A3684BB91AF0A5F900204FF4C17220
S21401C110412100F0FFF9212038BD204602F04AFCFB
S21401C12000230B4A85F83C31C5E93743C2E90033A1
S21401C13063694BB1074A422110684FF4D272C31AA1
S21401C1405842584100F0E6F90020E5E7D4540020B3
S21401C1508065002038550020F8B504461EF0A9FB7E
S21401C160002607460E4B1B6893B19E68AEB196F843
S21401C1702420D20711D435460FCC0FC50FCC0FC5DE
S21401C18023682B6096F8243043F0010386F82430A8
S21401C19038461EF089FB3046F8BD1B68E4E700BF51
S21401C1A06069002010B5044618B9054B054A1360AE
S21401C1B010BD00F0D9FCD4F8E830002BF6D1F4E736
S21401C1C0FF5B03005C690020014B1868704700BFE5
S21401C1D08065002008B502460868FFF775FF08600D
S21401C1E04868FFF771FF48608868FFF76DFF886051
S21401C1F0C868FFF769FF0B69C860581C03D00B4875
S21401C200834228BF03460B614B69581C03D007487D
S21401C210834228BF034688694B61FFF755FFBDE897
S21401C22008408861104601F07BBC00BF40420F0009
S21401C230D0F8E0302DE9F04105460C4613B1C38D28
S21401C2408B424CD0D5F8DC30002B4BD09E68002EAC
S21401C25048D0D868002845D0013800B200281ADB3B
S21401C260002106E0128A591CA24217D209B288425E
S21401C27011DB0B1803EBD3735B1003EBC30206EB66
S21401C2808202B2F80EC003F1FF3EA445EAD90FFAC6
S21401C2908EF08842EDDA2120BDE8F0814FF6FF727C
S21401C2A099B29142F7D09BB203EBC30306EB830628
S21401C2B02846B6F9122095F83011D5F8F080EEF739
S21401C2C009FE0746B8F1000F04D00023324628467F
S21401C2D01946C047EC85C5F8E06085F8397100203D
S21401C2E0BDE8F0810E20BDE8F08100BF2DE9F047E2
S21401C2F082B004460F46164601F086FE002863D13A
S21401C3004F4D2B68D4F8DCA0D4F8E0800BB1534530
S21401C31076D04FF00009AF6001F09EFE0128074677
S21401C32065D1204619F0D5FF002851D12B68DAF8DF
S21401C3300010D8F8002013B1186888426BD0204648
S21401C34019F079FFC5E900A8D4F8F0508DF8076018
S21401C350002D67D00022204611460DF10703A8479D
S21401C360204600F0EDFF0546B9F1000F0FD076B973
S21401C370D4F88C300BBB012F05D025B1314B0021F1
S21401C38003205B689847284602B0BDE8F087B5FAF7
S21401C39085F040F207523321400900F0BBF83146E0
S21401C3A0204601F00BFA284B05461B6841462046FD
S21401C3B09847D4F88C30002BDDD000224FF4007360
S21401C3C0204600F0E1FBD6E700231D4D6B6098E7A1
S21401C3D094F82530DA07A9D5D4F894305B05A5D5AD
S21401C3E01A4B0122002120461B6898479EE7002130
S21401C3F0012000F001FC01F02FFE0128FBD190E79F
S21401C4006B68002B85D0434583D1AB689F4215D01E
S21401C4104FF001097FE7696811B10968914291D02F
S21401C42059688CE794F82A1094F8393132469942C3
S21401C43028BF1946204600F0D1FE91E70025A2E765
S21401C44080650020686900205C690020D8540020BF
S21401C450F8B50F4605461EF02CFA3946064628461C
S21401C460FFF7E6FE044620B130461EF01DFA2046D0
S21401C470F8BD01F0A7FD224639462846FFF736FFEC
S21401C48004460028F0D1284619F023FF0028EBD0F7
S21401C49095F8253013F001030DD0D5F894205205F8
S21401C4A00DD5B5F82A21BA4205D0B5F82C31DB1BDB
S21401C4B0B3FA83F35B09034A82F8C430D4E7234610
S21401C4C0F9E700BF001E00B013B50446694619F02F
S21401C4D0C4FC204619F008FEFF28024606D0204676
S21401C4E09DF80010EEF774FD02B010BD0048FBE7A2
S21401C4F00080FFFF38B5044D044C054B28602160D1
S21401C5001A601DF0D1FE38BD685400206469002011
S21401C5106C54002010B550B90548064B016006481A
S21401C52002601868054B18601868FFF7E3FF10BD36
S21401C53064690020C45500206C5400206854002013
S21401C5402DE9F0418AB001AC05460B462746194A4B
S21401C55002F1200C264610685168083203C662456F
S21401C5603446F7D1002B08BF3B46002710681C460F
S21401C5703060384603F10C0690B95FFA87F84246F8
S21401C5802846218819F0A8FE50B942462846E18877
S21401C59019F0B3FE20B942463146284619F0BFFECF
S21401C5A00137032F06F1080604F10204E4D10AB0AC
S21401C5B0BDE8F08108770400F0B589B005460E465F
S21401C5C019F0BCFE044600BB01AC06F10C070FCF08
S21401C5D00FC497E8070084E8070001A92846FFF77B
S21401C5E0F9FD2846311D1AF083F8044648B9284655
S21401C5F0074901F057FA044618B9284601F0C6FD66
S21401C600044628463168FFF79BFF204609B0F0BD77
S21401C61000770400014919F073BC00BF5DE1010019
S21401C62070B5164E032804460D4633781ED023FAFD
S21401C63004F202F00102AA421DD053B10122A24027
S21401C640A54023EA02032B43DBB233704BB1012032
S21401C65070BD2DB10A4B01201B6898473378EDE772
S21401C6603570074B00201B689847F0E79A07DED025
S21401C67003F0FC03E9E7002070BD00BFCF62002095
S21401C680AC54002038B504460D4605F077FD60B180
S21401C69001F0C6FC48B9012D07D8012019F0F9FDB3
S21401C6A00D4B1B6823B15B6898470C4B1C7038BD5B
S21401C6B01EF059FA0A4B1A68801A18601CF06EFFB1
S21401C6C04FF47A72074B1B6802FB003019F016FC18
S21401C6D0012001F0ADFCE8E7D0540020716C002089
S21401C6E0A4540020A8540020F8B505460C461EF0B8
S21401C6F0E0F8104F06463B7833B1012D04D01CB943
S21401C7000D481CF09DFE3C7021462846FFF788FF29
S21401C7100A4B04461B783BB93B782BB919F0ADFDA3
S21401C72010B1074B1B68984730461EF0BDF82046EF
S21401C730F8BD00BFD062002080540020CF620020E8
S21401C74068690020054A0B46117831B10021117045
S21401C750034A01215268187810477047D0620020BA
S21401C76068690020124B0239012910B518701ED8CD
S21401C77005F004FDD8B101F053FCC0B101F034FA64
S21401C780A8B90C4B1C6834B123689847BDE8104023
S21401C790002019F07EBD19F0AFFB074B18601EF0A4
S21401C7A0E2F9064B1860204601F042FCEEE710BDA8
S21401C7B0716C0020D0540020A8540020A4540020FE
S21401C7C038B5044680B11EF074F8012104460846C7
S21401C7D01CF0DAFA01210B4A084616F018F8204632
S21401C7E0BDE838401EF060B81EF063F805462146E5
S21401C7F001201CF0C9FA01202146024A16F007F86A
S21401C8002846EDE7CF4C0400F0B585B01EF051F890
S21401C810344D04462B7823B133481CF011FE002812
S21401C82052D11CF097FE02AA03A919F010FD034687
S21401C830002838D019F01FFD029B98421CD1002019
S21401C8402A4B03991B682A4E9942307020D900273B
S21401C850C91A012324482B70264A3346CDE90077AE
S21401C8601EF05DF9002837D1234A1378D90701D580
S21401C8703178F9B1204611E019F0FBFC029B984291
S21401C88028D0002318461949194A096813700391DC
S21401C8900121FFF7C5FE002320462B701EF004F889
S21401C8A0002005B0F0BD20462B701DF0FDFF2120B5
S21401C8B005B0F0BD03F0FE031370002BDAD10F4B69
S21401C8C01B6898472046E9E720461DF0EDFF0E203D
S21401C8D005B0F0BD0220B3E7032320462F70337066
S21401C8E0F3E700BFD062002080540020A05400204F
S21401C8F0706C002045C70100CF620020AC540020B8
S21401C90038B51DF0D6FF0F4D04462B789BB90E4A5D
S21401C9100E4913700E4B0F4A0F481A600F4A5A60A1
S21401C920EFF782FF0E490F48EFF77EFF0E4B0F4AD7
S21401C9301A6001232B70F0F781F820461DF0B4FF32
S21401C940002038BDD1620020D06200202C77040080
S21401C9506869002009C8010070540020E9C601007A
S21401C9603477040078540020AC540020C1C701007D
S21401C9702DE9F0438F7880460F2F0C4685B003D9FA
S21401C980212005B0BDE8F08327B90123374A0020EE
S21401C9901370F6E70D784E78EDB9002EF0D194F9C4
S21401C9A00310E08803F00AF82128E9D055EA0603C7
S21401C9B0A088DFF8C89013D003F064F84FF604039C
S21401C9C0B9F8002001469A424BD1AE42334638BFF1
S21401C9D02B4600262DE0082DD2D8082ED0D8DEE72B
S21401C9E003F050F84FF6040501464FF60500204ABD
S21401C9F0136E9BB2AB4208BF0346B1F5803FA9F860
S21401CA0000300FD902230825136680230126C2F8B9
S21401CA1080302B4649084FF6FF720139914228BFF4
S21401CA20114608E08023012608251666C2F88030E4
S21401CA302B460029EFD1002202920122013FFFB2CC
S21401CA40009201972A4608F1F80002F0B7FE1EB1DF
S21401CA504FF48012074B5A65074BA2681A600223EF
S21401CA6094E703480266A9F80030AEE7D2620020D8
S21401CA7000C001B800D001B8B8540020F86B0020FF
S21401CA8010B50446D0F818210B4B4FF40061C3F8DB
S21401CA90A82090F82420D20102F4006205F0D2FA10
S21401CAA094F8243013F0100F4FF4007314BF034AA8
S21401CAB0034A136710BD00BF001E00B0001002B885
S21401CAC0002002B8431C07D06FF0FF02034B104052
S21401CAD01A62A3F580531862704700BF00E000B8E1
S21401CAE0F8B504460F4616461DF0E3FE0546A04778
S21401CAF0044620B128461DF0D7FE2046F8BD04F0B6
S21401CB007FFC04220549D1F8D83E23EA07033343C4
S21401CB10C1F8D83E024B1A67ECE700BF001000B020
S21401CB20002002B800F01803182B0AD003070AD415
S21401CB3040F2011310F0100018BF1846034B186599
S21401CB4070470020FAE70120F8E700BF001F00B099
S21401CB50044B1868830654BFC0F30F204FF6FF70CE
S21401CB60704700BFA055002038B10368044A002B67
S21401CB7008BF1346034A13607047014BFAE700BF2C
S21401CB80475F03007469002010B4D0E95441224085
S21401CB900B4052EA030104D003495DF8044B0968CF
S21401CBA008475DF8044B7047746900200F2938B5B3
S21401CBB005460C460ED801F04FFA01280CD1074A5B
S21401CBC02846D36B23F00F032343D36319F0C5FB29
S21401CBD0002038BD2120FCE70220FAE7001F00B044
S21401CBE0014B186C704700BF001F00B0014B0020BE
S21401CBF019647047001F00B003282DE9F3478846E3
S21401CC0055D82C4B13F800902B4B1E5C2B4B13F86E
S21401CC1000A01DF04EFE074604F03EFB054640B15F
S21401CC2000230022CDE9003301200023002104F077
S21401CC3079F904F039FB48B100230022CDE900332D
S21401CC40002000234FF4004104F06CF96EB31C4B36
S21401CC50DC6C04F008041B4B3146DC64484604F0E7
S21401CC602DFC52463146484604F092FC164BDC64D5
S21401CC706DB1164B1868D0F89410F83003F06EFAC0
S21401CC8013490868FFF71EFF4FF0FF330B60B8F13A
S21401CC90000F04D00F4B002103205B6898473846ED
S21401CCA002B0BDE8F0471DF0FFBD3446D3E702B041
S21401CCB0BDE8F08744770400407704003C77040021
S21401CCC0004000B8006000B8005000B8C45500200D
S21401CCD070690020686900200F4A136F13F0A00FD7
S21401CCE015D1506F10F0040013D10C4BD3F8D83E79
S21401CCF023F07F4323F0FF035BB1D368C3F30362E2
S21401CD00092A07D0B2F10C0018BF01207047002095
S21401CD1070470120704700BF000002B8001000B045
S21401CD2070B50D46064620B91A4B1B68A3B10E20F6
S21401CD3011E001F091F9012829D1174B93F9004030
S21401CD40C4F11C04641BC4F11C03002BB8BF5B4276
S21401CD50232B0CDD212070BD81EAE173A3EBE17387
S21401CD60DBB2232BF6D80C4B19700020F3E786F8BC
S21401CD7028501DF09EFD094AE402D36904F4FF24FD
S21401CD8023F4FF231C43D4611DF08EFDEDE7022042
S21401CD90E1E700BFC4550020D362002000C000B800
S21401CDA018B9034B93F90000704790F928007047B3
S21401CDB0D362002010B5044619F08BFA10B1012099
S21401CDC001F0D4F92046FFF75BFE1DF072FD0A4A1A
S21401CDD00121D2F8A030044623F02003C2F8A03087
S21401CDE00222064B08469A60054B5B689847204628
S21401CDF01DF05AFD002010BD001E00B0001002B844
S21401CE0068690020064B5A6A920207D4D3F880302C
S21401CE1013F4706F14BF0120002070470120704783
S21401CE20004001B8F8B50E46D0F8943002EA010485
S21401CE3023EA01032343C0F89430464A01F00B036A
S21401CE4023EA0401D1642340A2F58052D364720719
S21401CE50054610D50121FFF7D5FF60B104F0D0FAE1
S21401CE604FF4007314F0040F14BF3B4A3B4A53625D
S21401CE7004223B4B1A67F30606D514F0100F14BFB5
S21401CE8000221B22374B5A6537061DD5200616D5BC
S21401CE904FF40012304B1A62012203F58053C3F897
S21401CEA000211DF006FD0E210746032003F09EF823
S21401CEB040F201222B4B3846DA621DF0F5FC214682
S21401CEC005F1F80003F04AF9F10503D5E2052AD584
S21401CED003F05CF8B30503D5A70527D503F062F880
S21401CEE016F48C6F1DD014F4806224D095F825308A
S21401CEF0DC070CD5EA8DB5F82A31934219D0B5F87E
S21401CF002C31981A43424341174A82F8C430D5F867
S21401CF10E410284619F018F88022144BD864144BF4
S21401CF201A610020F8BD03F02BF8D3E703F034F8BC
S21401CF30D6E70123E8E77105E9D595F82530DB0743
S21401CF40E5D5094B114683F8C4200A4B28461B68D1
S21401CF509847DCE7006000B8005001B8006001B8EF
S21401CF60002002B8004000B8001E00B0001F00B04C
S21401CF70000002B8D8540020014B1868704700BF63
S21401CF80C454002037B51DF094FC00240123002270
S21401CF90CDE90034002305461946104603F0C2FFCA
S21401CFA0022002F0E7FA064B21461C60054B0220E0
S21401CFB05B68984728461DF077FC204603B030BDD5
S21401CFC0CC540020686900202DE9FF4102290D4656
S21401CFD016469846039004D1FFF7D4FF04B0BDE887
S21401CFE0F0811DF066FC1E4F04463B683BB1B34220
S21401CFF005D01DF059FC002321203B60EEE7194BBC
S21401D0000022C3F800803E60002301264FF000088E
S21401D01010461946CDE9006603F084FF124B022044
S21401D02083F8008002F0A6FA43462A46022003A9A6
S21401D03002F0BEFA0D4B039A1A6008B92046D8E7EB
S21401D0400B4D2B689847212804D020461DF02CFC58
S21401D0500020C3E731466B6802209847F5E700BF1A
S21401D060CC540020C8540020D5620020C4540020AF
S21401D07068690020044B5B6E5B054EBF0120034BC5
S21401D080187800F00100704700C001B8D562002092
S21401D0900A78022A11D0101F4242424152004B78B0
S21401D0A01201022B0BD0191F4B424B415B00054965
S21401D0B0054842EA8312FFF713BD0122EFE7012379
S21401D0C0F5E700BFF0FFFF00A1E001000B78022B9F
S21401D0D010D0181F434243415B004A78022A0BD006
S21401D0E0111F4A424A4152000F21044843EA820274
S21401D0F0FFF7F6BC0123F0E70122F5E7CDE00100DA
S21401D1002DE9F8430E780446042E0D4690F830813A
S21401D1100BD100275FFA87F9484601F07DFD08B17B
S21401D1204E4602E00137042FF4D1304601F074FD7B
S21401D130002849D094F83031B34209D1AA88D4F8EE
S21401D140A8309A4204D16A88B4F832319A4238D06B
S21401D15084F83061AB883046A4F834316B88A4F883
S21401D1603231AB8804F59875C4F8A830FF2384F8EB
S21401D1702B3019F0A3F984F82A00284601F078FC30
S21401D18018BB284601F03EFDF8B9D4F8E03053B19B
S21401D19094F83011414506D02046B3F91220EDF738
S21401D1A099FE84F83901204601F09AFE0949A4F84F
S21401D1B034010123084AD1F8FC1004F1F80003F009
S21401D1C0AFFC0020BDE8F88321200C2384F8303121
S21401D1D0F8E700BF001F00B0581F00B0F8B50546BD
S21401D1E090F830010C460C28164623D0FF2923D090
S21401D1F01AB14FF0FF32114B1A6019F05FF907466A
S21401D20095F8300101F068FD844228BF0446E4B277
S21401D210BC4238BF3C46E0B285F82B0001F002FE66
S21401D220FF280CBF2124002416B9284601F068FD0A
S21401D2302046F8BD0224FBE72124F9E7786900209F
S21401D24010B590F8303104460C2B43D0D0F8E030BE
S21401D25080F82A10D3B3D0F8F020CAB990F8393143
S21401D2608B421BD300222046FFF7B8FF40BB1A4B68
S21401D2701B78022B23D8204601F032FE17490123E2
S21401D280174AD1F8FC1004F1F80003F049FC16E047
S21401D290B0F94220B3F912309A42E3DD002220466B
S21401D2A094F83911FFF79AFF50B9C4F8E000204608
S21401D2B018F04DFD4FF6FF739842014601D100204C
S21401D2C010BD2046BDE81040FFF7C2B8FF2380F826
S21401D2D02B30F4E70220F3E7FC6B0020001F00B0C0
S21401D2E0581F00B0F0B51D46144B04461B780F4678
S21401D2F0164685B05BB1D0F8E030E3B102AAB3F9C7
S21401D30012300092002214F0E4F905B0F0BD02A933
S21401D31018F0A3FD9DF808103A462046EDF7DAFD11
S21401D320014626B92A462046FFF758FFEDE7204674
S21401D330FFF786FFE9E71846E7E700BF924E0400CD
S21401D340D0F89C30012B01D10020704770B50446FF
S21401D35065498CB019F0E7F8D4F8E0600146E58D30
S21401D360C4F8E40026B1336813B15B68002B71D1B1
S21401D3701DF09FFA1DF098FA0123D4F8E4108DF8F9
S21401D3800630B389D6E90120EB1A9BB200FB0322D3
S21401D3905648ADF80430036800928B4207D0204609
S21401D3A018F0D2FD80225249524BC8641A61514D81
S21401D3B000F052FE0128FBD1AB689E06F8D4204649
S21401D3C09DF80620009906AB03F0E6F800283ED14A
S21401D3D000F042FE0128FBD1464A136FD801FCD467
S21401D3E093689906F9D4684606A903F08DFA0546AE
S21401D3F068BBE28D404B5A6494F8243060F34103D5
S21401D40084F8243000F0EEFFD4F8E0305969431E6A
S21401D4100E68DBB2FD2B029622D9F31C34D84B687A
S21401D420FF2803935ED10126DA1C25D8024602A9FD
S21401D430204618F0A1FFE6B9D4F8543199053FD437
S21401D44094F8243043F0020384F8243011E00220DB
S21401D4500CB070BD1A68032A8AD99B6A5B0E8EE7E8
S21401D4604B6801280393DED00246204602A918F035
S21401D47083FF00200CB070BD0133204B5B6816D0D3
S21401D480DA1C23D80393D1E71C4B01361B6818BF5F
S21401D4900126DD1C06D802934B68FF280393C3D0F0
S21401D4A00020C3E7FF284B6819D00393C3E7DD1CB0
S21401D4B00FD80246204602A9039318F05DFFBBE78A
S21401D4C020464FF4803119F0DFF8D2E7FF28B2D1B9
S21401D4D0E6E7FF28B0D10022204602A9EDE70120A9
S21401D4E00393A1E72A46C0E7FC1F00B0B45400200E
S21401D4F0001F00B0000002B8008001B8806900205B
S21401D50010B50C4619B118F0E4FE00B104342046FB
S21401D51002F0B8FA024B4042C3F8C80E002010BD14
S21401D520001000B0838E70B593420C4615461CD38E
S21401D530836C8B4208BF00241DF0BBF94FF49C534B
S21401D5400B490646CA68C2F30362D340DA0702D51E
S21401D5500B6F9B0304D401222946204601F016F8DE
S21401D56030461DF0A1F9002070BD2120FCE700BF68
S21401D570000002B82DE9F84F064615460B4611B9CC
S21401D5802120BDE8F88F002AFAD0032905D8002209
S21401D59001F05EF903460028F2D01C889978B4F5AC
S21401D5A0804F01F0070080F0C580A0F1070C1A79C2
S21401D5B093F805A0DF88DCF1000343EB0C03052894
S21401D5C02B7394BF0023C1F30013C1F3801C6B734C
S21401D5D08B0985F810C003F00203C1F3C00C43EABF
S21401D5E00C03C1F340116B74A974AF82002A40F09A
S21401D5F0828096F81E31013BDBB2EB74D6F894308C
S21401D600DF0600F18380063801287FD8B6F812803D
S21401D610F76908F1FF38484B083C04EA08045B6DDB
S21401D6203B5D0134802B0EBF6FF07F03323B5BB254
S21401D630AB730023AB6096F8279004EA0804B9F1AF
S21401D640000F61D1631D03EA08035A1C02EA0802AF
S21401D650BA5CFB5C43EA0223D9040FFA83FB4CD580
S21401D660D6F8E43013B11B68022B05D841F24D728F
S21401D6704C210020FEF74EFFD6F8E420CBF30B0337
S21401D68092F82420DB000AB1B3FBF2F39A4508D8DE
S21401D6903BB1CAEB0A2ABAFBF3FA6FEA0A0A5FFA47
S21401D6A08AF9D6F8EC3023B1484695F90E1098471A
S21401D6B08146631C85F80F9003EA0803F95C013381
S21401D6C003EA0803FA5C013303EA080341EA02218C
S21401D6D0FA5C013303EA0803F85C41EA02410023DD
S21401D6E041EA00616A7C304603F0D8FA06232860D6
S21401D6F0AB71002045E7531E7EE717F804904FEA0A
S21401D70049095FFA89F9CCE79946D2E70023002058
S21401D710EB730A4B5A69C2F30723120448BF63F03E
S21401D720FF035AB212F1800F1CBF323B5AB2AA73E2
S21401D7300346DCE7022024E7004000B800C000B83A
S21401D74038B5148811F003054FEAC40422D13F2CE2
S21401D75020D9B4FA84F4C4F11903DBB2052B01D83D
S21401D760192C15D0052B28BF052301240633DBB25F
S21401D7709C40C4F3CF03138003828161448700F089
S21401D7802DFF054A631E2343C2F8A430284638BD40
S21401D7902B46EAE72125F9E7001E00B011F5004FF8
S21401D7A01FBF01F30E01044BC1F30E01002014BF8D
S21401D7B099642120704700BF008001B8F8B504467F
S21401D7C00E4619B990F824305A063FD44FF6FF7327
S21401D7D0618ED4F8E470994204D0314B1B680BB1CA
S21401D7E0204698472F4D2B68BB424DD02E4B1B68C9
S21401D7F03BB11FB13A68002A48D0BF683946204677
S21401D80098470727204601F06BFB002E32D00627EB
S21401D8100126264B94F9282093F900302449C3F1B8
S21401D8201C039B1ACA69DB0222F4FF2203F4FF23BE
S21401D8301343CB61D4F8E4301E4A2B601E4B976726
S21401D84020461E7018F089FD0020F8BD4FF6FF71C6
S21401D850144DD0F8E4702A6866F386139742418621
S21401D86080F8243017D0104B1B68002BC1D101F073
S21401D87037FB072711493B46114AD1F8FC1004F142
S21401D880F80003F04DF9C2E70127BBE7174620462B
S21401D89039469847B5E701F023FB0127EAE700BFC1
S21401D8A0C0540020B4540020BC540020D362002091
S21401D8B000C000B8006000B8D4620020001F00B0AD
S21401D8C0581F00B0054A12681AB190F81E1119B90E
S21401D8D01047084602F0AABB01487047B054002022
S21401D8E000FEFFFF344B2DE9F7431C6801F4007975
S21401D8F000F00103174653EA090206460D4635D0E5
S21401D9004FF000083BB30023002200210120CDE99F
S21401D910008803F007FB042001F02CFE4146204658
S21401D920FFF7D0FF012241462086104618F0C1F9C4
S21401D930D4F8941004F1F80002F010FC1F490868AE
S21401D940FFF7C0F84FF0FF330B6094F8243043F034
S21401D950040384F82430B9F1000F07D001212046D2
S21401D96018F092FE25F4007506430D432B46324609
S21401D9702046FFF709F9FB070FD51149114A086838
S21401D98000211368116001210F4A117003B19847F5
S21401D9900E4B002102205B68984717F00E0F08D047
S21401D9A04FF409723B21002003B0BDE8F043FEF7B7
S21401D9B0B1BD03B0BDE8F083C455002070690020F6
S21401D9C0C8540020CC540020D5620020686900208D
S21401D9D008B5482200210248FDF72CFF002008BDAB
S21401D9E0DC1E00B073B578216422A0F814118221E0
S21401D9F00C23C0E94112C0E94322C0F800210722E6
S21401DA004FF0FF35002680F830314FF6FF7304469D
S21401DA10C28700F14C0282641E4AC385A0F84030DA
S21401DA2080F82C3043864263038780F82860C0F86C
S21401DA30A850458580F8265003F03EFC2046FFF7A7
S21401DA40C7FF94F928102046FFF76AF9602340F6CD
S21401DA50FF71114A2046D36402F11C42D162D1659E
S21401DA600E4A2946D36440220D4B1A67D4F89420F7
S21401DA70FFF7D8F90E230022CDE9003340F2022346
S21401DA801046194603F04EFA01F0E2F8304602B0AD
S21401DA9070BD00BF4000FFFF004000B8005000B856
S21401DAA0002002B810B50C46FFF792FFBCB1A37870
S21401DAB0082B16D8E278082A13D843EA021313F083
S21401DAC0FF030CBF19466168074AC2F8DC102178CB
S21401DAD082F82011617882F8233182F82111002022
S21401DAE010BD2120FCE700BF001E00B0012A10B5C2
S21401DAF012D8032B10D803EB82020123074C934064
S21401DB0094F82201DBB221B10343002084F82231CC
S21401DB1010BD20EA0303F8E72120F9E7001E00B054
S21401DB20034670B50C68B0F83421013408BFD3F849
S21401DB3000418D6808BF0C604C68F830013404BFA2
S21401DB40D3F80C414C606E1C3CD1D3F80841CE682A
S21401DB508C60751C3CD1D3F804510E69CD6001363A
S21401DB6004BFD3F8F8600E614E69013604BFD3F8DE
S21401DB70FC604E618E69013604BFD3F810618E6178
S21401DB808E695EB35A32B24238BF32460E688A6137
S21401DB9016B15A2E38BF5A26C3F808414C68C3E955
S21401DBA04065C3E943420A69C3F8F8204A690C494B
S21401DBB0C3F8FC20D1F8FC1007230A4A02F0B0FF94
S21401DBC0002070BD02F15A04AC4238BF2C46BEE7B5
S21401DBD002F17805B54238BF3546BEE76422D5E77F
S21401DBE0001F00B0581F00B070B51CF062FE04465E
S21401DBF00B4E00F031FA012805D020461CF054FEE9
S21401DC000225284670BDF36813F0706FC3F30365F1
S21401DC10EFD1B36ADB06ECD520461CF045FEF0E7F3
S21401DC20000002B838B51CF044FE4FF6FF710A4AF0
S21401DC3013888B4203D11CF037FE0E2038BD074CEB
S21401DC40074D1B046566A4F58054636611801CF0BD
S21401DC502BFE0020F2E700BFFA6B0020006001B83F
S21401DC600000FFFF2DE9F74304460F4615461E4602
S21401DC70FFF732F830B3A38A23B3204618F02FF902
S21401DC8078B9002E40F0F280794BD3F8D83E03F0F5
S21401DC903002102A00F0EA8003F0C003402B00F0A7
S21401DCA0E580DFF80082D8F81430D90740F1DE802D
S21401DCB01CF0FFFD0646032001F058FD30B130464A
S21401DCC01CF0F2FD022003B0BDE8F083D8F8142062
S21401DCD012F00608F3D130461CF0E6FD644B4FF413
S21401DCE000612046D3F8D89ED3F8AC6E04F0BEF996
S21401DCF040B14FF4007201215E4B08461A67424656
S21401DD0017F0D7FF94F82530DA0707D5D4F8943002
S21401DD105B0542BF4FF40022574B1A67394620462F
S21401DD20FEF796FB524BC3F8D89EC3F8AC6E00289C
S21401DD30C9D194F82430980601D4002D57D0C5F3E4
S21401DD40400003F023FB022315F4807F1BBF002154
S21401DD50494A484A136717BF484A13675161136314
S21401DD6003F04EFB4FF4806315F0040F14BF444AD2
S21401DD70444A15F0400F53624FF004023D4B2846CB
S21401DD801A674FF0400314BF3F4A404AC2F8883032
S21401DD90FEF7C8FE204618F0CCF938B14FF4807370
S21401DDA015F0010F14BF344A324A1367A90647D546
S21401DDB04FF6FF72B4F8403093420FD0344A3549DB
S21401DDC0526E100CC2F301120132B3FBF2F308805B
S21401DDD02B4A2C4930481B0448665366003D18BF41
S21401DDE0012594F8243065F3451384F82430204641
S21401DDF018F06FFAF0B1204618F09BF9D0B14FF445
S21401DE000031204604F032F9431C03229BB223481A
S21401DE1001A918F016FB9DF8042002F00703052B54
S21401DE209DF8053015D112070DD443F480731C4AB2
S21401DE30C2F8B830002003B0BDE8F04318F00EBBBE
S21401DE40FFF7F0FECAE713F0040F09D19DF806307C
S21401DE50EBE703F03002202A05D113F0010FF4E7B7
S21401DE604FF48073E3E79DF80630E0E70E202AE7DB
S21401DE70001000B0002002B8001002B800400054A4
S21401DE80005001B8006001B800D000B800E000B84A
S21401DE90004001B8FA6B00200000FFFF0840005464
S21401DEA0001E00B000C001B82DE9F34106468846C1
S21401DEB015461F461CF0FDFC0446032001F056FCE7
S21401DEC038B120461CF0F0FC0E24204602B0BDE816
S21401DED0F081042001F04AFC0028F2D120461CF013
S21401DEE0E3FC01232A4641463046FFF7BBFE0446C3
S21401DEF00028EAD1DFF8C8805FB388F80000394609
S21401DF003046FEF735FD00284CD198F80030012B3D
S21401DF101CD02022244B1A67244BDB6CB3F5817F7F
S21401DF201FD2012018F0DBFA1CF0C3FC204B06467A
S21401DF301B680193CBB901F093FC15F0800526D13F
S21401DF4001F0E0FC284603F0F5F925E003F008FAB5
S21401DF50BBE798F80030012BF8D0002BD9D121244B
S21401DF60B3E78022134B1A61DBE7042001F002FBC2
S21401DF7000230122042001A901F01AFB0028DAD1AE
S21401DF8003F056FA212430461CF08EFC9DE7002251
S21401DF90094B9A6701F0B6FC084B01215B6800202B
S21401DFA09847F0E7044690E7001002B8001F00B05B
S21401DFB0B8540020000002B800C001B8686900200B
S21401DFC0D262002008B50C4BD3F84C114B1C12D072
S21401DFD011F080410FD1094B1B6813B10320FEF7E6
S21401DFE00BFE4FF080624FF40071054BDA67054A6D
S21401DFF0D16201225A6108BD0080E00FC45500209D
S21401E000001002B8004000B84FF40022034B186F0E
S21401E01003F500531A67C0F3C0407047000002B80A
S21401E020024B586900F00100704700BF00C001B8FC
S21401E030084B5A69D10707D508B901F077BA5B6969
S21401E040DA0706D401F064BA5B69DB0701D400285D
S21401E050F8D1704700C001B80F4BDB68C3F3036308
S21401E060013B0B2B0FD8DFE803F006060C0606066D
S21401E07006080A0808080220704704207047052091
S21401E080704703207047054B5B6913F0060F0CBF02
S21401E09001200420704700BF000002B800C001B88C
S21401E0A0094AD368C3F303630B2B08D06FF490506F
S21401E0B0184100F0010080F0010040007047106F29
S21401E0C010F48030EDD17047000002B80C4AD368D6
S21401E0D0C3F30363062B07D8042BD8B20BD8C31E91
S21401E0E05842584140007047072B06D1D2F83001FC
S21401E0F00028ECD17047022070470020704700BF0F
S21401E100000002B8094BDB68C3F303639A1E012AB9
S21401E1108CBF00220122012B02701EBF4FF4026247
S21401E12022FA03F303F001030B707047000002B8F4
S21401E130094AD368C3F30363032B01D0072B08D125
S21401E140536FDB0605D4906F80F00800C0F3C00063
S21401E15070470020704700BF000002B8024B002243
S21401E160196818F097B800BFA8770400024B1B681F
S21401E17003B11847704700BFE4540020024B1B68E8
S21401E18003B11847704700BFE054002010B5FF22C6
S21401E1904FF6FF71044618F09FF868B9FF224FF654
S21401E1A0FF71204618F0A9F830B92046BDE81040A6
S21401E1B0FF22024918F0B3B810BD00BF4C77040027
S21401E1C02DE9F0411C46184B05461E680F46904641
S21401E1D046B1306801F01CFEF3681BB1B3681868DD
S21401E1E001F016FE114B1B682BB1DA681AB19B6859
S21401E1F0186801F00DFE9DF81830640744EA0842DD
S21401E2005B0503F0BC6342EAC7621A432846084925
S21401E21042F4C87203F016FF002228461146FFF7A3
S21401E22081F90020BDE8F081A4770400A8770400F6
S21401E2309007E12D08B5FFF77BFF88B1094BDA6936
S21401E24012030DD5186F10F4003009D19B6F13F02F
S21401E250100F4FF010030CBF034A044A936708BD22
S21401E2600220FCE7000002B8001002B8002002B845
S21401E27038B50446F8B1124AD3691B031DD5556F4C
S21401E280104BC5F38115032DB3F8B4300DD1082218
S21401E290083B9BB221460C4818F0D3F80020084BE7
S21401E2A025729B6F1B0A637238BD022D05D1023B96
S21401E2B02A469BB2EEE72120F6E70220F4E700BFEC
S21401E2C0000002B8001E00B038400054431EDBB206
S21401E2D0FD2B14D9FF280B6801D14A68134313F0AC
S21401E2E0802F1EBF42F20102074BC3F8282251F8C5
S21401E2F02020054BC3F85022C3F85422704701284A
S21401E300F5D10023E9E700BF004001B8F0B585B0BC
S21401E3106D460E460F4B074614460FCB85E80F0099
S21401E3200D4BD3F848020090D3F84C2201923EB12F
S21401E330631EDBB2FD2B0AD93060FF2C00D1726060
S21401E34022462946384618F017F805B0F0BD012CCC
S21401E350F4E700BF547704000080E00FF0B585B005
S21401E3606E460D4B07460D460FCB86E80F0000F0B4
S21401E37039F8314604460246384618F076F94DB16A
S21401E38040B9FF2C1BBF04AB03EB8404009B54F87D
S21401E390103C2B6005B0F0BD5477040030B50C4B33
S21401E3A00546187085B0082380B90A4AC2F8FC33BE
S21401E3B051B96C46084B0FCB84E80F00074B2A4631
S21401E3C021461868FFF7A2FF05B030BD044AEDE705
S21401E3D0726C0020001002B864770400C455002057
S21401E3E0002002B8014B1878704700BF726C0020FD
S21401E3F0124BD3F8E020D2031ED54FF480321049D9
S21401E400C1F8E020A1F58051C1F8EC201A6CD1B218
S21401E410C2F30722C3F88010C3F880200422C3F891
S21401E42080200022C3F88020C3F88020C3F8802013
S21401E430C3F88020C3F88020704700BF0040005416
S21401E44000600054F0220A4B01219A64A022A3F531
S21401E45080539A64074B826CC3F8C010FC21C3F842
S21401E4609810C3F89C204FF40052C3F8BC207047A4
S21401E470006000B800400054F8B50D461746064641
S21401E4801CF017FA01230421084C094A2363A760EC
S21401E490E6602561C2F8E010064AC2F884311CF035
S21401E4A003FA0DB102232363F8BD00BF00400054F8
S21401E4B00060005400E100E00222024B58611A633A
S21401E4C0704700BF004000540122044B1A6640F614
S21401E4D0FF729963D863DA65704700BF0040005445
S21401E4E02DE9F04F042A05460B4683B039D901269B
S21401E4F00978141F81615A7803F1040982619A78B8
S21401E5008261DB7883610368D0F808B003F0070303
S21401E51006339E4006F1FF3A0AEA0B084768A6EB67
S21401E5200802944247F000570ED84946224607EBA8
S21401E5300800FDF70FFB46EA0A0604EB0B02324021
S21401E540AA6003B0BDE8F08F494607EB08000192C8
S21401E550FDF700FB019A384609EB0201A21B424473
S21401E560E7E7013A032AECD8DFE802F00B080502D8
S21401E57013F8012B826113F8012BAA6113F8012B02
S21401E580AA611B78AB6103B0BDE8F08F38B50C46C5
S21401E590154601460F4B60B101220F48C3F8C02053
S21401E5A02246FFF79DFF1DB104220A4BC3F8C02087
S21401E5B038BD64B1D3F8A420A24284BF0122C3F8B7
S21401E5C0C0200222C3F8A040C3F8C020EBE7012216
S21401E5D0FAE700BF004000549840005438B504469E
S21401E5E01CF067F901211A4A638F054611663BB391
S21401E5F0B3FA83F3C3F11903DBB2A069C2F8901032
S21401E60093660723D066C2F88C304FF4A02302F538
S21401E6100052C2F8E030A2F58052C2F8EC30002277
S21401E6200C4B1A600C4B1B6F5B0209D54FF4800232
S21401E6300A4B04F1F8001A67D4F8941001F08EFD25
S21401E6404FF4E0232846E363BDE838401CF02CB9BC
S21401E65000400054E8540020000002B8002002B830
S21401E6602DE9F84305460C46B1B1D0F81880478F1E
S21401E6701CF01FF9B5F83CC0791E01EA0C0323F023
S21401E6800702032C0646DFF8F8E042445CD1DEF8C8
S21401E690004024B91CF008F90E20BDE8F88324F0E8
S21401E6A00104DEF8000020F00100A04251D1002351
S21401E6B0CEF80030238894426FEA43436FEA53430F
S21401E6C023803CD1EB8F08EB07091846083880B247
S21401E6D002F108044C4528BF4446082804D9B4F87A
S21401E6E000E0BEF5804F3ED263440F431B1A3B4009
S21401E6F09BB2AB87E887118894781C4AC1F30C015A
S21401E70051645367C2F88C004FF48022184B04F012
S21401E7100704C3F8E0200122164BC3F88421FFF753
S21401E72067FE042C0BD14FF48002134B05F1F80061
S21401E7301B6F124B1A67D5F8941001F00FFD304687
S21401E7401CF0B2F80020A8E7601E012898BF144606
S21401E750A7E7E88F4344E31A48BFDB190838984215
S21401E760A8DC304696E72246B0E700BF00400054DA
S21401E7700060005400E100E0000002B8002002B88A
S21401E780E8540020144B10B51968CA8F8B8F488F38
S21401E79013440138073B8C69034023F007031C44EC
S21401E7A002F108030D4A9BB2CB87C2F88C304FF4B6
S21401E7B080220B4BC3F8E02001220A4BC3F88421C8
S21401E7C0A07800F00700042803D1074AD3681B038A
S21401E7D0FCD4064B1C6010BDC455002000400054FC
S21401E7E00060005400E100E0000002B8E854002098
S21401E7F010B5064C216839B1CB0703D4044B186811
S21401E800FFF72EFF0023236010BD00BFE854002051
S21401E810C45500204FF480320B4B0C49C3F8EC2052
S21401E820A3F50053C1F8E020D3F888109A6E0123AF
S21401E83002F0070206329340C1F30C01083B9942ED
S21401E84001D8FFF7D5BD7047006000540050005452
S21401E8502DE9F04780460C4616468769458F1CF021
S21401E86028F8B8F83C2005F1FF3C02EA0C0323F037
S21401E8700701032C82463944B8F83E0019D1494CA9
S21401E88024689CB90244073A02EA0C0222F0070205
S21401E890BC183B44E31A48BF5B19834210DB504661
S21401E8A01CF002F800242046BDE8F08724F001049D
S21401E8B0EFE7012C02D0022CEBD108380C46E8E732
S21401E8C0002E3DD08C423FD1374AD2F8449036498B
S21401E8D0B8F81270D1F88820C2F30C02934247DAD6
S21401E8E02588B5F5804FDAD2A378C5F30C0503F079
S21401E8F007037A1EA5EB09053A43052B337005EA93
S21401E90002052DD82DB2E84340F241420421C00F42
S21401E910FDF700FE7580E3783374D8F81C207B1E63
S21401E92003EA0903D118B160A9B213FA85F5AF421B
S21401E9302FBF0023FF1AB780F26024BFB180F360B7
S21401E94050461BF0B1FFAEE7A4F10802974284BF20
S21401E950ED0802EBC502B2F80090C9F30C09B6E760
S21401E960124B5B6D003B18BF0123A5EBC305C9E73E
S21401E9700B6C7A1EA3EB09033A431A400C4915B2F5
S21401E980002DCB680BDCC3F30363D81E434243411F
S21401E990DB0033708B6F72801B0A3374BDE708236C
S21401E9A0F7E700BFE854002000400054004000B8DC
S21401E9B0000002B8054BA822D3F84C013121431CB4
S21401E9C00CBF0120C0F38070FDF7A4BD0080E00FEE
S21401E9D038B5094D0446286840F69702003818BF36
S21401E9E001202B21FDF796FDFA235C432B680A20B4
S21401E9F0B4FBF3F4604338BD1C550020174B30B50B
S21401EA001A68431C164B22D0B2F1407F1FD3154D16
S21401EA1000F03F04D5F8002122F03F021443C3F86A
S21401EA20C84001F03F042243C3F8D020D5F8043192
S21401EA300D4A1A400D4B03EA500003EA51011043F8
S21401EA401143074BC3F8CC00C3F8D41030BD0020E7
S21401EA500146C3F8C800C3F8D000F2E70080E00F13
S21401EA60001F00B0000002B81FF087E1E0FFFF7F43
S21401EA7073B5574E0446317819B91C225548FCF730
S21401EA80D9FE2378544A6188137051804FF0FC6296
S21401EA90524CFF21C4F8FC204FF47F02C4F8082131
S21401EAA04F4A022B4F4D117033D1042307224E4992
S21401EAB0C4F8FC23C5F8FC33C4F800114FF4C07148
S21401EAC0C5F80011C4F8FC234FF48052C5F8FC3396
S21401EAD0C5F870214FF40052C4F87021C4F808310B
S21401EAE04FF4FF13C4F8FC304FF4BB13C5F8FC30E9
S21401EAF08023C4F8703148F2C8023C4BC3F8D820D2
S21401EB003B4B3C4A0020C3F8C02F0123337002B0B0
S21401EB1070BD394A012BC4F80021384B27D14FF478
S21401EB20C072C5F80021D3F83802D3F83C12FFF7BB
S21401EB3065FF0723C4F8FC330223C5F8FC334FF402
S21401EB408053C5F870314FF40053C4F87031042374
S21401EB50C4F808310DEB0300ECF7F4F89DF8053026
S21401EB60023B012B9CBF8023C5F87031C3E7244AC2
S21401EB70C5F80021D3F83002D3F83412FFF73EFF70
S21401EB800723C4F8FC330123C5F8FC338023C4F8FB
S21401EB9070314FF4805301A8C4F87031ECF7D2F805
S21401EBA09DF80530012B05D19DF8043053B948F284
S21401EBB05D1309E0FBD9023B012B9CBF4FF40053C8
S21401EBC0C5F8703148F25813084AC2F8D83097E7AA
S21401EBD0D6620020C41F00B0FC6B0020002002B8E3
S21401EBE0766C0020001002B8C0F10F00001F00B0C4
S21401EBF0001000B0F0540020C0F70F000080E00FB6
S21401EC00C0F60F00034B1A6802609B8883800020C1
S21401EC10704700BFFC6B002010B5044601F026F8D3
S21401EC200A4BD3F8F83724B983F40023C3F3C04062
S21401EC3010BD012C05D113F4C02F0CBF01200020FC
S21401EC40F6E7A31E58425841F2E700BF000002B89B
S21401EC506FF07F42154BD3F8FC37934208D0144A25
S21401EC6003F03F031370F123124A1370124A137014
S21401EC701249134B09781A68A9B1B2F1A06F12D3E1
S21401EC80D3F850120F4A104BB1F1FF3F18BF13468D
S21401EC900E4A136041F66A020D4B1B68B3FBF2F392
S21401ECA00C4A13607047084BF2E700BF000002B839
S21401ECB0776C0020786C0020796C0020756C002041
S21401ECC00080E00F5082E00F88770400EC540020AB
S21401ECD0385500201C550020012807D0022802D0F4
S21401ECE030B100207047034B18787047024BFBE7A2
S21401ECF0024BF9E7776C0020786C0020796C0020D5
S21401ED000023F0B590F8304185B002462046CDE9A3
S21401ED100133CDF80B30FFF7DFFF92F82B30411EA1
S21401ED20C9B28B4228BF0B46002C3CD0012C38D1EF
S21401ED30042418464FF00F0C384E0DEB0405B0FBBB
S21401ED40FCF7F75D013CC01BC0B2814238BF002012
S21401ED506055002CF3D105240F278DF80830B3FB3E
S21401ED60F7F0305C0344DBB28B4228BF0B462B55D1
S21401ED7001340B2CF3D10F2602F1A800D43215F87A
S21401ED80013BB3FBF6F14C1CC1EB01115B1A0133DD
S21401ED90DBB2E4B21B0443EA045340F8043F824268
S21401EDA0EDD105B0F0BD042418464FF00F0C1C4FF2
S21401EDB00DEB0406B0FBFCF5EDB27D5D013C401B9E
S21401EDC0C0B2814238BF0020A055002CF2D10524E4
S21401EDD00F258DF80830B3FBF5F0385C0344DBB241
S21401EDE08B4228BF0B46335501340B2CF3D10F252C
S21401EDF002F1A804D43216F8013BB3FBF5F1481C26
S21401EE00C1EB01115B1A0133DBB2C0B21B0443EA4A
S21401EE10005344F8043FA242EDD1C2E781770400D3
S21401EE207477040038B5284B05461A7827490C2A0A
S21401EE3002D1FF20087038BD104617F03FFB04468C
S21401EE401046FFF749FFA84228BF2846C0B2A04295
S21401EE5038BF20460B78C0B28342ECD0087088B128
S21401EE60431EDBB2022A1A490ED14FF0FC62C1F8EA
S21401EE70FC20A1F50051D1F8FC2042EA4353C1F829
S21401EE80FC30D8E70346EDE7124A134C1268AC3261
S21401EE90C4F8C02F4FF47F02C1F808210F49CA6F8A
S21401EEA0D202C8D40F22B3FBF2F2551CC2EB0212F7
S21401EEB09B1A0133D1F808411B0443EA0553234347
S21401EEC0C1F80831B7E700BFFC6B0020766C002064
S21401EED0002002B8C4550020001000B0000002B89F
S21401EEE02DE9F04F90F830510646D0F8A82087B0AB
S21401EEF035BB1F2A38BF1F22093A4C24844B85484C
S21401EF001B6A96F82B10C3F38213DC400368DFF804
S21401EF102CA29342DFF828827F4B04F0010414D11F
S21401EF201F78A74211D19AF80070AF420DD17B4FDE
S21401EF303F788F4209D1B8F8040007B0BDE8F08FDA
S21401EF40032A38BF0322023AD7E7026098F8000086
S21401EF501C70FFF7C1FEFF2924D1284617F0AEFA30
S21401EF6007466F493CB3D6F8E4702FB13B68082BCF
S21401EF7040F2CB8097F838701DBB0B6840F27121C8
S21401EF80B3FBF1F353431922B3FBF2F339462A4696
S21401EF9005A8059317F068FA02023C04059842F0AA
S21401EFA0110988E0471E8F4228BF0F46012F38BF40
S21401EFB00127FFB2D5E7012D29D0022D01D0B5B327
S21401EFC027460B6840F27121B3FBF1F35343192234
S21401EFD0B3FBF2F33946012207EB072405A8059394
S21401EFE007EB042417F040FA7F00032F38BF0327EE
S21401EFF0020242EA001242EA0009033F00F01F0043
S21401F00007FA00F0FFF7E4FC00F5FA6758E00F2373
S21401F010B7FBF3F3581CC3EB0313FB1A0133DBB244
S21401F020C0B21B0443EA0053C3F30747C9E70C68A1
S21401F03040F27121B4FBF1F40F2354431922B7FBBC
S21401F040F3F3B4FBF2F43748374A0068A2FB041224
S21401F050013350FA83F313F8013C0392A3F1400104
S21401F0602A4603A8019317F0FFF9039F2F4AE41BD2
S21401F070A2FB041200903021049204A82A4617F03D
S21401F080F3F9DDF810B08146A4EB0B0401220594D8
S21401F090102144F2100405A817F0E6F9009B1A02A5
S21401F0A0019B42EA091244EA0344059B42EA00092D
S21401F0B007EB0B001844FFF78BFC00F50C572837BD
S21401F0C040F6FF711A4B3846C3F8C010A3F58053BB
S21401F0D0C3F8C090A3F58053C3F8C440154C27600D
S21401F0E001F0B0FC4FF47A72134B404298652368E6
S21401F0F00A49B3FBF2F3A8F8043096F82B30B7FBB5
S21401F100F2F08AF800500B7017E7002734E700BFCB
S21401F110004001B878690020D7620020736C002097
S21401F12038550020EC54002069C2F568911E856BA5
S21401F130006001B820550020001F00B0746C00204C
S21401F140FC6B0020014B1870704700BF756C0020E7
S21401F15010B5044603F012F878B1174B1B786BB95B
S21401F16064B1164B1B784BB1154B1B78013B012B39
S21401F17004D84FF40042134BDA6710BD124BDB6F15
S21401F1801B04FAD41BF095FB4FF400420F4B0446C8
S21401F190DA67A3F5A0435B682BB1FEF741FF10B118
S21401F1A0022017F09CF90222094B2046BDE81040C8
S21401F1B0C3F884241BF078BBD8620020D9620020F3
S21401F1C024550020002002B8000002B8001002B842
S21401F1D000D003500122024B00201A70FFF7B8BF7F
S21401F1E0D86200200022024B01201A70FFF7B0BF40
S21401F1F0D8620020F7B50646504C00F037FD504B5C
S21401F2002578504F1E7085BB2846FFF7A1FF23784F
S21401F210013B012B19D8E37B01A88DF80430237C30
S21401F2208DF80530E8F7AEFFC7F884544FF6FF7245
S21401F230454BC3F88420F822A3F58053C3F88420F5
S21401F2400022404BC3F884240DE04FF6FF723E4B7C
S21401F250C7F88454C3F88420F822A3F58053C3F872
S21401F2608420C7F88454394B5BE00020FFF770FF19
S21401F2702378013B012B08D8E37B01A88DF80430E5
S21401F280237C8DF80530E8F77DFF0023C7F884342A
S21401F290002ECBD062685AB32D4B1B6803EB52038A
S21401F2A0B3FBF2F3013B1B0243F0F8032678264931
S21401F2B0022E284A1ED0032E4FF6FF75214826D06F
S21401F2C0012E34D143F00203C1F88450C2F88430D1
S21401F2D00723C0F88434E37B01A88DF80430237C2F
S21401F2E08DF80530E8F722FF0120FFF731FF17E020
S21401F2F0F823DBE74FF6FF7043F00103C1F8840003
S21401F300C2F8843006220F4BC3F88424E3E743F0A7
S21401F3100503C1F88450C2F884300423C0F884344D
S21401F3200D4B4FF080420020DA6703B0F0BDC1F804
S21401F3308450C2F884300023F0E700BF2455002033
S21401F340D962002000C00350006000B8002002B857
S21401F35038550020005000B8001002B8F0B5294F0B
S21401F36006463D4604460FCE0FC5336885B02B6072
S21401F37000F07CFC0022244BC3F88424A17A627A34
S21401F38042EA0142C3F89024217CE27B42EA014230
S21401F390C3F88C24217B627B41EA0240C3F88804CF
S21401F3A03B78032B2AD8DFE803F022020C178DF8EE
S21401F3B0041004218DF805200DEB01000022E8F76A
S21401F3C081FEE37B00228DF80830237C042102A80D
S21401F3D08DF80930E8F776FE637A01228DF80C3055
S21401F3E0A37A042103A88DF80D30E8F76BFE074BCE
S21401F3F0187805B0BDE8F040FFF7FCBE212005B047
S21401F400F0BD00BF2455002000C00350D962002083
S21401F410034BDB6F002BBCBF024BC3F88800704761
S21401F420000002B8004000B82DE9F04717F0BBF81D
S21401F4304FF47A762D4BB0FBF6F618604FF4FA735C
S21401F440734307462A48190E1B021818294A4FF01B
S21401F450000341F10001FBF781FE274BA0F5807206
S21401F46005461A6320B948222B21FDF753F80125DA
S21401F4704FF47A724FF0000A6A435346500831023D
S21401F480FBF76CFE1C4B1D4AB7F57A7F9A601C4B46
S21401F4904FEA056819601B4B8946044618604FEA17
S21401F4A0152505D29B222B215046FDF733F8012660
S21401F4B04FF47A73A8FB030103FB05117308C01808
S21401F4C041F1000100233246FBF748FE0E4B0234A1
S21401F4D019600E4B49F10009A408186044EA8974C2
S21401F4E0054B013C9C63BDE8F08700BF3855002002
S21401F4F020A1070040420F0000C001B80211010020
S21401F5004855002044550020405500203C55002019
S21401F5101022044BC3F884215A600122024BDA60A0
S21401F520704700BF00E100E000C001B81022064BA2
S21401F530C3F88421C3F88420BFF34F8FBFF36F8FC6
S21401F5400422024BDA60704700E100E000C001B817
S21401F55010B50446A242A2EB0000A3EB010104D2BF
S21401F560034B01399B6B0133184401F0030110BDB5
S21401F57000C001B838B501250A4B02019D504FF471
S21401F58080730446084A834053661BF092F9074A83
S21401F590A540137823EA05031370BDE838401BF035
S21401F5A083B900BF00E101B800E001B8E2620020C3
S21401F5B02DE9F84F164605468A461F461BF079F98F
S21401F5C0022E00F0908080461BF080F9594B5A4A73
S21401F5D0D3F82090147D5A6EE4B2520744BFD3F894
S21401F5E02090013404F003041BF06BF948462146D1
S21401F5F000F036FA8446DAF80000012E04BF013026
S21401F6006044ACEB000C08BFCAF80000BCF1804FA8
S21401F6107DD300F037FA8145A1EB040188BF454B45
S21401F620DFF834C188BF01F1FF3101F0030188BF63
S21401F6309B6BA0EB090E0CF80510A1B1F90742BFB0
S21401F64041F61F723D4B5A67BA0742BF3B4B3C4AD5
S21401F6505A677B0742BF0022364B9A673C0742BF78
S21401F6600022344B9A6511244FF0010A314B05F103
S21401F6701002120103EB051BCBF80C0131499C501B
S21401F6801A6A0AFA05F4586E0B78A2EB0902E4B27C
S21401F690234372450B7025D34FF48073AB4003426E
S21401F6A020D11CF80520002A40D10EB3264AF807BF
S21401F6B0536607D541F61F7140F201101F4B59677B
S21401F6C050675967B90706D51C4B1D4A1E491F4886
S21401F6D05A6748675A677A0742BF01221C4B1A616C
S21401F6E03B071AD440461BF0DFF80120BDE8F88F2F
S21401F6F0184A2D0142F805A042F89C3C1BF0D9F8A7
S21401F70010490B7823EA04030B701BF0CDF8404632
S21401F7101BF0CAF80020BDE8F88F2120FFF778FE1D
S21401F7204FF48032034B4046DA60DCE7064A404637
S21401F7305366D8E700C001B8A855002000E001B81C
S21401F74000001F1FE262002000D001B80000010186
S21401F750000002B800E101B8DA620020024B187816
S21401F760003818BF01207047E2620020034B1030BA
S21401F7700001185800F00100704700BF00C001B832
S21401F78070B50646FEF74CFC044608B1FFF7CEFE00
S21401F7900023084D3046AB61EB612B6200F072F935
S21401F7A0054BC9B2197528620CB1FFF7B1FE0020EE
S21401F7B070BD00BF00C001B8A85500202DE9F0417A
S21401F7C09DF818800D46B8F1000F08BF0022214EA3
S21401F7D0B5F5803FB168074621F4700141F4A001F8
S21401F7E0B1609DF820409DF81C104FEA042444EABD
S21401F7F0016444EA031444EA084444EA02044FF06C
S21401F800180140F2E9222CBF002001207465FCF7A4
S21401F81081FE3564B8F1000F1AD00F4BBC68D3F8DF
S21401F82088305A2C38BF5A245B0606D500F0F0FB08
S21401F83018B10A4BB3FBF0F31C44204600F022F942
S21401F8400130854238BF0022024B34BF5A645864E7
S21401F850BDE8F08100C001B800C000B800093D0055
S21401F860214B10B51A6E1A66596C59B11F49C968F1
S21401F87000292EDB596D4FF0FF3301F00F018B404D
S21401F8809A4326D110242020FFF7C2FD184B9C6016
S21401F89002F088FB2022174BC3F8842101F0F4FC08
S21401F8A048B1002200200821FEF71CF8124B5C66C6
S21401F8B0A3F580531C670D4AD36803F07063B3F158
S21401F8C0807FF9D9084B0D4A5A6741F201429A677F
S21401F8D010BD01F0D9FC0028F4D0094B064A536646
S21401F8E0A2F580521367EDE700C001B8000002B828
S21401F8F0001002B800E100E000E001B8011B0118A9
S21401F9001000002008B52120FFF782FD4FF4803259
S21401F910014BDA6008BD00BF00C001B8F8B5184D4C
S21401F92004462B6A1B0426D500F0E6FB2B6AA0FBD7
S21401F930044613F0787F4FEA9367C3F34450C3F34A
S21401F940044505D140F25A422B21FCF7E3FD012084
S21401F950AD01B5FBF0F010EB871005D140F25F4228
S21401F9602B21FCF7D7FD0120024600232046314615
S21401F970FBF7F4FBF8BD00F04BFBA0FB0401F9E735
S21401F98000C000B80246012030B50B4CA0F12003A0
S21401F990C0F1200524FA05F504FA03F32B4304FA13
S21401F9A000F595428B4100D330BD0F2801D00130C0
S21401F9B0ECE7FF20F8E700BF40420F0010B50C4609
S21401F9C0FFF7ACFFC30943EA4163C01A61EBD111EB
S21401F9D0FFF7D8FFFF2814D00F220C4B40F0100081
S21401F9E0C3F88820A3F58053C3F88800A3F5805395
S21401F9F01B6ADBB2802B06D02046BDE8104000F023
S21401FA0067BB212010BD0220FCE700BF00E000B864
S21401FA1038B51AF05BFF084B084A1D6A147D5A6E0A
S21401FA20E4B2520744BF1D6A01341AF04AFF284661
S21401FA3004F0030138BD00BF00C001B8A85500207E
S21401FA400346064A103302EB00111B01D1F80C01E4
S21401FA50D158C1F3400116F04DBD00BF00C001B83A
S21401FA60064B1B68434303EB8171054B1B68A3FBE5
S21401FA70003013F1004341EB000070474055002071
S21401FA803C5500200C4A20F04043014610B50020AA
S21401FA9014684FF00042E4FB0320084A890F1268FD
S21401FAA002FB0300064B9B6B984204D901330131DC
S21401FAB0C01A01F0030110BD44550020485500202E
S21401FAC000C001B8044B01F0F071103041F00301A1
S21401FAD000011950704700BF00C001B808B52220C8
S21401FAE0FFF796FC4FF48022014BDA6008BD00BF99
S21401FAF000C001B808B5064B4FF030401A680549FA
S21401FB009200FCF727F8BDE8084001F0E3B800BF13
S21401FB10C4770400C877040070B50C68651C15D05E
S21401FB20C4F302669E42C4F3074530D1A4B29442A0
S21401FB302DD804EB8506B24229D2141BA50824F061
S21401FB4003040E59340F04D0012C08D000222124BE
S21401FB5002E06B1C51F82320C0E9002470BD0E4C56
S21401FB6034F8133042EA03431A686B1C51F82340F9
S21401FB7001EB83014B6822405E4036F0704404D1AD
S21401FB801B0F032B04BF8B681A430024E4E70135DF
S21401FB9001EB8501C1E700BF9C77040007B501A80A
S21401FBA0EBF7D0F84822164B5A65164AD2F8D430ED
S21401FBB023F4FC33C2F8D430134B1B689DF8053090
S21401FBC0023B012B19D84022104BC3F8FC23104BE3
S21401FBD0D3F85C32DBB2FF2B00D10623094A1B03A4
S21401FBE0D2F8FC139BB20B43C2F8FC33D2F8302197
S21401FBF0084B1A6003B05DF804FB00F0E7FEECE783
S21401FC00008001B8000002B8002000B0001002B861
S21401FC100080E00FDC54002000224FF400710F4BEF
S21401FC2010B51A675A679A670D4AD162012102F523
S21401FC30E8325161DA6812F0706FFBD14FF0304252
S21401FC4001245A6602F5FC5208329C66DA64054BBA
S21401FC501B689847044B5C6110BD00BF000002B8EA
S21401FC60004000B87C690020002002B801230F4A3A
S21401FC700F49C2F880328A6A22F002028A620D4A6D
S21401FC8053600D4A53600D4A5360A2F5804253609B
S21401FC90A2F54042536002F5C032536002F580423D
S21401FCA05360A2F500425360704700BF00800050C9
S21401FCB000C0005000D000B800500054005001B8F9
S21401FCC008B5FFF7D3FF0E4B0E4ADA6700F076FE53
S21401FCD0FFF764FF03220C4BC3F8E020012203F573
S21401FCE04043DA674FF460725A614FF40072DA6784
S21401FCF0FEF778FBBDE808400021FEF74FBB00BFCA
S21401FD00000002B80048F000005001B82DE9F04F9D
S21401FD10054687B002900F4657F8044B631C06D180
S21401FD20029B2C60E81A801007B0BDE8F08F5FEAEE
S21401FD30147B18BF0123344AC4F3016108BFC4F31E
S21401FD40074332F81120A4B24FEAC30A2F4844EA07
S21401FD5002440AF104022A4482421BD20722CA4004
S21401FD6002F0010201929A0004EB8303039301233C
S21401FD70B94603FA0BF808F0940305F10806049255
S21401FD800593039B09F10409A34208D1049955443C
S21401FD903944C0E71D4A9542E0D80020C4E7059BD8
S21401FDA053B918F0420F19D118F0280F0BD146F8A5
S21401FDB0084C59F8042C21E04FF42062322100202F
S21401FDC0FCF7A8FBF3E740F6042232210198FCF782
S21401FDD0A1FB04F5805246F8082CEAE740F60D220E
S21401FDE032210198FCF796FB04F50052BBF1010F96
S21401FDF046F8082CDDD159F8042CD24346F8042CD9
S21401FE0004340836BDE700BF9C770400003000B01C
S21401FE10F8B50546F0B10026154B34461F46154980
S21401FE2053F8042BBAB9A00000F13040294600F57A
S21401FE300150FFF76BFF30B940F6AE323621BDE810
S21401FE40F840FCF767BB0C4B0134044447F82650D6
S21401FE5023F81640F8BDAA42FCD001360C2E02D07B
S21401FE6031F81640DCE740F6C83236210020E6E7D6
S21401FE704C550020AA5B0020AC5B002070B5044600
S21401FE80A8B1C1B1384A52F8043B984215D10023B3
S21401FE9036498A689206FCD49B00354A03F1304302
S21401FEA003F50153C2F8B0302022324B9A6070BD80
S21401FEB001330C2B02D1304D12E0012352F8041B02
S21401FEC0A142F5D12D4A32F81330E1E704D1626838
S21401FED0C3E90012083403E0012A01D10434196091
S21401FEE02268531CE3D0C2F3016335F81300110CEA
S21401FEF093B211F0FE0F43EA004360680DD004345C
S21401FF00CAB2022A2168E1D9D4E90160033AC3E9F9
S21401FF10001698600C340C33F3E7120F072AD9D871
S21401FF20DFE802F00704090D1013181DC04303F59E
S21401FF3000531860CEE71A6842401A60CAE703F514
S21401FF408053F6E716F0CBFAC4E7012203F5805397
S21401FF508240F2E7012203F500538240EDE71A687A
S21401FF6030EA0202FBD1B5E74C550020000002B88A
S21401FF70001E00B0001002B89C770400AA5B0020A7
S21401FF800122014BDA677047001002B80122014BCB
S21401FF90DA677047002002B84022014BDA677047E3
S21401FFA0002002B84022014BDA677047001002B801
S21401FFB00B4B1B68D3F8E43023B11A68022A01D927
S21401FFC0186A7047074B9A6D90B238B1064BC2F368
S21401FFD007421B68DB085343B3FBF0F0704700BFD2
S21401FFE0C4550020004001B838550020064BDB6898
S21401FFF0C3F30363984206D1044AD36B23F0F0039C
S21402000043EA0111D1637047000002B8001F00B036
S214020010054B1B68D3F8E43013B11A680A2A01D8D4
S214020020FFF7C6BF186C7047C45500202DE9F7438A
S214020030064616F04DFA00248046DFF890901AF035
S21402004038FC0DF1070105460DF10600FEF75AF8D9
S2140200509DF806308BB9721C29D016F039FAA0EB3F
S214020060080428461AF020FC9DF8063013B99DF8BD
S21402007007303BB3A642E2D824E0D9F80C3013F49A
S214020080603FE8D0D9F8100016F08FFA731C0746C6
S21402009003D016F01DFAA0EB080428461AF004FC5A
S2140200A017F5007FE0D0384603B0BDE8F083284657
S2140200B01AF0FAFB9DF80630002BC0D19DF80730E7
S2140200C0002BBCD1004FEEE700FEFFFF00C000B8D9
S2140200D010F1800F04D04D28CEBF7F20323040B2C0
S2140200E0FF22044BC0B21A62A3F5805318620020A6
S2140200F0704700BF00E000B80B4A10B5136E0B4CF9
S214020100116E03F00703E35CC1F3CD0101FB033379
S214020110126E0748C2F3454202FB033300688001B1
S214020120B0FBF3F010BD00BF004001B894770400A6
S21402013038550020084910B5D1F89C3040B11C460D
S214020140CA68D1F89C309C42F9D1C2F303620270AD
S21402015003F00F0010BD00BF000002B8094B01F00B
S21402016080011B6F03F480030B4309D14FF4001286
S214020170054B1A62837F1BB10122044BC3F8002190
S214020180704700BF000002B8006001B8005001B816
S2140201902DE9F04F404F804685B038680C4615F082
S2140201A09EFE20B90024204605B0BDE8F08F224608
S2140201B000214046FBF73EFB384B5D6915F0010512
S2140201C0F0D1FCF701F806460028EBD03F68384627
S2140201D015F0BDFD4FF6FF73984234D04FF06051D4
S2140201E02F4E304B304AD3F82090D6F88C3011621E
S2140201F04FF00061A2F58052116224220421C6F853
S2140202008C202A4A4FF4804B91604FF4805200278C
S214020210DFF8A4A0CAF868B0F262A7421ED304218F
S214020220234A9160A2F5F032C2F88C304FF0605249
S2140202301D4B1A6209EA02031E4A13624FF48042F9
S2140202401D4B9A66AFE73146384615F024FD014647
S2140202503846FCF7FDF80028C0D0A3E7B26E51047A
S214020260FCD5B268D205F9D5CAF868B0D6F890209F
S2140202700135012D0392D0D9E21B042AA8BF04221D
S21402028008EB070003A901930092FBF763FC009AB0
S214020290019B3A4497B2C0E7C4550020000002B85A
S2140202A0004000B8004001B8006001B8001002B873
S2140202B0002002B8005001B8006000B84FF60401F2
S2140202C04FF60502044B01201B6C9BB28B4208BF03
S2140202D01346024A136670470080E00F00C001B85A
S2140202E02DE9F74F81460F464FF0FF35FFF790FB9B
S2140202F0002601908A462C463046DFF8D8B006F132
S21402030010031B015BF8033003F00308B8F1010F7A
S21402031015D13046FFF794FB02460B46019851462C
S214020320FFF716F9DBF8643006F10802D340DB0764
S21402033039D5002F40D000252C463E604046013677
S214020340082EDCD160B3234A0027D2F808C0916B8E
S2140203500CF440330131A4FB0141641941F1000160
S214020360B3F5003F30D1536B0CF4405C013347F1D8
S2140203700006BCF5805F22D1156B15F5807505FB6E
S21402038006F647F1000203FB0266A5FB033232447F
S214020390594304FB0212A3FB04341444C9E9003493
S2140203A003B0BDE8F08FA84271EB0403C6D207B1D2
S2140203B03E6005460C46C1E73D463C46BEE7320275
S2140203C042EA13621B02E3E7136B13F5807347F1ED
S2140203D00002DDE700C001B808B516F0FAF8044BD3
S2140203E05A7C012302329340024A536108BD00BF81
S2140203F0A8550020002000582DE9F34105460F4677
S21402040068461146FFF76CFF0646B0B1AFB1DDE9AC
S21402041000321B0A43EA0263A5FB0384094B120A55
S21402042005FB02441A6812B916F0BDF8024600230C
S21402043040462146FAF792FE3860304602B0BDE8E2
S214020440F08100BF3855002037B50446FFF70EFC92
S214020450E17822791B4841EA0243C0F8CC34E579B8
S214020460A37943EA0543C0F8D03423784BB18DF81C
S214020470041004218DF805200DEB01000022E7F799
S21402048021FE63785BB10421A37900228DF8043043
S214020490E3790DEB01008DF80530E7F713FE2278BD
S2140204A001235AB1084AC2F8C834627802233AB124
S2140204B0054A0020C2F8C83403B030BD034AF2E74A
S2140204C0024AF6E700C0035000D0035000E0035093
S2140204D070B52C4B0C461A7812B92B4A926D1A70CC
S2140204E02A4AD26F52054AD51D78294B05F00F06C7
S2140204F0B0FBF3F040434FEA151505D140F27C629B
S2140205002B21FCF707F80120224A0A217243B2FB8C
S214020510F0F34843B3FBF1F602EB5002B2FBF0F203
S21402052001FB1633042BD2B207D8C3EB8310C3EBFE
S21402053080035BB283B96DB217E0C3F10B0303EB22
S2140205408303DBB2B3FBF1F32B44DDB20F2DF2D9FA
S214020550013AD2B2053DEEE7053B5BB293FBF1F3FF
S2140205601D44EBB26DB2002D04DB002042EA0512F8
S214020570226070BD01320533D2B25DB2F5E70220C9
S214020580F7E700BFE3620020008001B8000002B86F
S214020590403B2500809698004FF0000C2DE9F84F5E
S2140205A0A2FB017BC84EDFF85CE3BE1999466BF1ED
S2140205B00003B6457CEB030308D240F23E220E212E
S2140205C06046FBF7A7FF0220BDE8F88FD0F8E4A04C
S2140205D00C461546BAF1000F04D0DAF80030032BA9
S2140205E000F21B81B94BBA4A9B6BD2F8FCA0C3F34C
S2140205F01408B84BD3F8EC305E00B64B48BF48F44C
S21402060000181B6E48EA456858074EBF4FF4400371
S2140206109B0503F0E07348EA030818F0C9FA012DB7
S2140206200646D0D10028CED0AB4B984200F00481CB
S21402063003F5122303F5F863984200F00381A74BF3
S214020640984200F02F81002502462B4600204FF0EC
S2140206500071FAF783FD2B46013007FB03F3C8F35C
S214020660130100FB0B33A1FB0662A7FB007001FB24
S2140206700522034420339B09C9F80030F60C984B38
S21402068046EA423618F4801F1C6008BF7642954B35
S214020690954DC9F8144034441E602C60BAF1000F20
S2140206A000F0B98000239149C8F381528A5C19464A
S2140206B018F0807F18BF6408002EB8BF76429206F4
S2140206C06008C2FB06012246FAF748FDDAF8003057
S2140206D00E2B08D97F4B7D4A926BD969D3F80C3121
S2140206E0C90600F1D68018F4001814BFC42240F2DE
S2140206F007127F49C0F31300A1FB04614FEA5111B0
S21402070002FB01F1C9F80400DAF818004FF4FA7394
S214020710B1FBF0F118BF4FF0000801FB03F3A4FB96
S2140207200262FA33A3FB003004FB0822B342904174
S21402073038BF0131C9B241F4006CC9F808C00029BB
S2140207407ED0DAF81C00A1FB003624B1B4FA84F29B
S2140207500E2A40F38880E203002E77D1B2FBF3F232
S214020760530003FB0113A3FB00764FEA044EBE457B
S2140207704FEA144474EB060609D34E003344A0FB3A
S2140207800371BE4574EB010102F10102F6D2C2F317
S2140207900E024CEA023C4CF00063C9F8083018F02E
S2140207A007FA2B68002B00F08880B3FA83F4D4F1A2
S2140207B002044CBF1C4623FA04F44E4B9C4288BFEC
S2140207C06408002846D0B4FBF0F3642100FB134211
S2140207D001FB02F2904244D85A1E52085B08013BC3
S2140207E0120242EA0313C9F80C3018F0ADF90028D9
S2140207F05CD0B4FBF0F2642100FB124401FB04F46B
S214020800A0425ED8531E5B085208013A1B0243EA16
S2140208100213C9F810300020D6E6042BDAF8288036
S2140208207FF4FBAE18F0807F0CBF08F0E0734FF445
S214020830400328F0E078EEE600232F481D460CE73A
S2140208402120C1E600232D481D4606E70B4600225E
S21402085089E7044640F2C2422B210020FBF75AFEEB
S2140208602346013BB8E7C2F10F0702F1110E06FA62
S2140208700EFEFB4043EA0E03A7F1200E26FA0EFEFA
S21402088043EA0E03FE40013304FA02F246F1000682
S21402089062E702F4801203F400131A4308BFC0F59D
S2140208A0801020E7002316481D46D6E640F2E542B1
S2140208B02B21FBF72FFE621EA4E70028C9D01C4698
S2140208C0CFE71446F7E700BF006CCA88008001B87D
S2140208D0001F00B0004001B800F04902005A620250
S2140208E084550020805500207C550020AC770400FB
S2140208F0D34D62103FBE40250A3BB2DF313641DCA3
S214020900D694BFD6807C814A10B50B46044686B084
S21402091039B98279016821486B460068FFF73CFEC8
S2140209206B461F4A196851631E4AD2F8FC2062B30E
S2140209305A6842B11C4A1D49C2F80C115968A2F500
S2140209408052C2F80C119A6842B1174A1849C2F886
S214020950EC109968A2F58052C2F8EC101549D868D6
S214020960D1F8642122F4EE620243C1F86421D1F880
S2140209705C21186922F4EE620243C1F85C21A1F5FB
S214020980FF4158692839FFF7A3FD0020A2880A4BC9
S2140209909A6203F5A033186406B010BDC455002051
S2140209A0008001B8001F00B0006001B8FFFF0F0012
S2140209B0FFF8FF0F000002B8004000B84FF4806254
S2140209C0014BDA67704700BF001002B84FF480622E
S2140209D0034BDA67034B1B780BB1034A93657047E8
S2140209E0002002B8E3620020008001B840B103682C
S2140209F0012B05D90069034B002808BF184670472B
S214020A0000487047B477040010B590B10468012C12
S214020A100FD902696AB11168094B102C1960516826
S214020A205960916888BFD268996094BFD960DA60CD
S214020A3010BD102200210248FAF7FCFEF8E700BFBC
S214020A408C550020084BC1171A68A2FB000302FB54
S214020A50013310F1807043F10003400E40EAC310E8
S214020A60803820EAE07070479C5500200722164B1B
S214020A7070B5DA66154B164A1D68164BEC08E0058B
S214020A80C0184FEA153141F100010023FAF766FB60
S214020A90114B124E18604EF66020FFF7D3FF40420D
S214020AA0C6F884000E48FEF7EDFF024658B1E30191
S214020AB0500818184FEA15714FF0000341F1000173
S214020AC0FAF74CFBF06570BD000002B838550020FE
S214020AD065CD1D00B2E60E009C550020001F00B03A
S214020AE040420F0010B5044698B10B4BD3F8FC00F9
S214020AF0FFF78AFF4FF47A7303FB04F0074BA0F666
S214020B00AC50DA689B681044C01ABDE81040FFF784
S214020B1099BF4EF66020F8E7001F00B08C55002003
S214020B202DE9F8430546084614461E46FFF76CFFB5
S214020B300DB306F0020716F004061ED1DFB14FF41D
S214020B407A706B685843002B40F08C80FFF77AFF70
S214020B5060626B69002B00F08C804B4AD0684FF4C1
S214020B607A7202FB0300A0F503501038FFF76AFF03
S214020B702062002E57D1BDE8F8832869002868D085
S214020B804FF47A735843404BA0F6AC509B68C01A99
S214020B90FFF758FFE061A88B00285DD04FF47A7308
S214020BA05843394BA0F6AC509B68C01AFFF74AFF71
S214020BB02061364BE968D3F8008000294FD04FF405
S214020BC07A735943304BA1F6AC519A685B68891A1E
S214020BD0C91A2F4BC8171A68DFF8BC90A2FB01137C
S214020BE002FB003311F1807143F10003490E41EA22
S214020BF0C3118039274B6161DB6EA361D9F80030DF
S214020C0053B1404615F065FB30B12246D9F80030A4
S214020C101D49D8F8D80098470021A869FFF762FF57
S214020C20A062002F8BD1A86830BB47F23050FFF786
S214020C3009FFA0604FF47A702B6858432BB1124B11
S214020C401B6803F51C5310331844FFF7FBFEE060E5
S214020C5091E74EF660209BE74EF66020A6E74EF63A
S214020C606021B6E7084B1B6803F51C531033184483
S214020C706CE747F2305079E74FF47A735843A0F5A1
S214020C8003501038D3E700BF8C550020C45500200F
S214020C909C550020001F00B08855002038B5054638
S214020CA008461C4615F037FC0246D5F8E400FFF766
S214020CB09DFE4368A018002B044AA8BF4FF4FA72A0
S214020CC01A44034B92FBF3F2104438BD0CFEFFFFAE
S214020CD018FCFFFF70B5124C88B001AD0FCC0FC5E3
S214020CE094E8070085E807008C2200210D48FAF7F1
S214020CF0A1FDD42200210C48FAF79CFD0B4B0C4AAE
S214020D005A6301F04DFA0B4B1B783BB1044E01AD12
S214020D100FCD0FC695E8070084E8070008B070BD3F
S214020D20C41F00B0A01E00B02C1F00B0001F00B0F1
S214020D3010111111D662002008B519F0BAFD0E4B3B
S214020D401A78A2B90D4A126812F4843F0FD10C4ADF
S214020D501021D1671B7863B9084B1B68DB0508D4E2
S214020D60074B2022DA67BDE8084019F09DBD054A08
S214020D70EEE7044BF5E700BFE9620020A01500206D
S214020D80002002B8001002B80A4B197801F0FF02E0
S214020D9029B10021197008499202C1F8B420597885
S214020DA001F0FF0229B1002159709302024AC2F8EB
S214020DB0B8307047E4620020005000B8064BD3F803
S214020DC0D80E064B5B6F1A0103D4054B9B6E1B04B1
S214020DD001D500F580707047001000B0000002B820
S214020DE0004000B810B519F064FD0E210446032039
S214020DF0FFF7FCF840F20122034B2046BDE8104004
S214020E00DA6219F051BD00BF004000B808B519F00B
S214020E1050FD4FF00042224BC3F88020BFF34F8FA5
S214020E20BFF36F8F0122C3F88420BFF34F8FBFF347
S214020E306F8F0222C3F88420BFF34F8FBFF36F8FEA
S214020E400422C3F88420BFF34F8FBFF36F8F0822AC
S214020E50C3F88420BFF34F8FBFF36F8F1022C3F8FF
S214020E608420BFF34F8FBFF36F8F2022C3F88420F6
S214020E70BFF34F8FBFF36F8F4022C3F88420BFF3B8
S214020E804F8FBFF36F8F4FF48072C3F88420BFF387
S214020E904F8FBFF36F8FBDE8084019F005BD00BF46
S214020EA000E100E008B519F004FD4FF00042094BDE
S214020EB01A6001225A6004225A6008225A601022DE
S214020EC05A6020225A6040225A60BDE8084019F053
S214020ED0EBBC00BF00E100E0012370B5074C2370B5
S214020EE0074B1E68074B3240D3E90053194028408F
S214020EF0FCF7F8FC0023237070BD00BFE7620020F9
S214020F00A4550020A01500200022044B1A70044BA2
S214020F10197811B11A70FFF70FBF7047E862002008
S214020F20E96200202DE9F047DDF820A003EA010877
S214020F30099B06460C4602EA000703EA0A09BAF1CA
S214020F40000F40F04E81031F0B4300F00E81052870
S214020F5071F1000380F0E48050EA010300F0608142
S214020F60431E0B4300F02481FFF750FFAD4AD2E93F
S214020F70005323EA040325EA06053D4343EA08072D
S214020F80A94BC2E900571E68DFF8F48226EA0A0671
S214020F9046EA09061E60FFF7CFFE15F02A4F14BF79
S214020FA048F202034FF40043A04AB007D26EA048AC
S214020FB048BF43F4005383EA020122EA0302C266F0
S214020FC09C4A0B408166D366C5F38042120329030E
S214020FD048BF42F48072EB0648BF42F40052964B7A
S214020FE0AC0648BF42F400726806D3F80C3248BF1B
S214020FF042F48062290648BF42F400628F4882EAC1
S214021000030123EA0203C0F80C328D4B0A40C7F3F1
S2140210104024A404C0F80812C3F80C22EA0448BF0D
S21402102044F48034AB0348BF44F48014A80748BF96
S21402103044F4800415F4001F06D0D8F8000015F01A
S2140210409EFB08B944F40024E90248BF44F4003485
S214021050FA0648BF44F4000473077A4B48BF44F0CC
S21402106004041A6A44F4001484EA020323F0010317
S21402107075491A400A621C40CB61744B16F0010F88
S2140210801C62734B734A18BF1A46734B7C071B6F5E
S21402109048BF42F00062714882EA030123EA020373
S2140210A003676F4B0A4041661A676E4A05F00103F2
S2140210B0516CA0F5803081EA030221EA0301416403
S2140210C082631A40684B28025A64D8F8002048BF48
S2140210D0664B92F8F62058BF654B690748BF43F443
S2140210E0806322B115F4C06F18BF43F480733207D1
S2140210F0604A48BF43F00043D2F8EC105E4883EAE9
S214021100010222F4A0221140C0F8EC101340C0F8ED
S214021110E0205A4ABDE8F047C2F8EC30FFF7C2BEFC
S214021120A0F580630B4306D020F48063A3F500731A
S2140211300B437FF419AF19F0BCFB3A49D1E90032F0
S21402114023EA060322EA040242EA08023B43C1E912
S21402115000324B4A126892F8F610474A09B313F463
S214021160C06F1ED04FF4807311E019F0A2FB2D4A17
S214021170D2E9003123F004033B4341EA080157EA6F
S2140211800807C2E900314FF480633B4A0BD0C2F82D
S214021190E030A2F58052C2F8EC30BDE8F04719F014
S2140211A083BB4FF48073C2F8EC30C2F8E030F4E749
S2140211B019F07FFB1B4AD2E9003123F001033B43BF
S2140211C041EA0801C2E9003101232E4A57EA08071C
S2140211D01BBF9363A2F580525364536408BF9363A4
S2140211E0DBE750EA01037FF4BFAEBAF1010F7FF4EA
S2140211F0BBAE19F05EFB0C4A136823F0010343EA08
S214021200090313604FF48063144AB9F1000F04D047
S2140212105366A2F580521367BFE713675366BCE7AF
S214021220BDE8F087A0150020A4550020004000B8B5
S214021230006000B8005000B8004001B8006001B875
S214021240005001B8000002B8002002B8001002B830
S214021250041C00030418000300C001B800E001B833
S21402126000D001B800C000B800D000B80D0A0A09C4
S214021270090A0A0900400054006000540050005455
S214021280C455002000E000B8024B5868C0F3C00006
S214021290704700BFA0150020024B186800F001003E
S2140212A0704700BFA0150020024B5868C0F3C0303C
S2140212B0704700BFA015002010B50446FEF700FDDB
S2140212C0FFF7A4FD2046FDF7BDF8FEF7A5FCFEF7E6
S2140212D0ABF8FEF71DF9FFF7C9FB13490723134ABC
S2140212E0D1F8FC1004F1F800FFF71AFC4FF08071F9
S2140212F00020FEF7E7FB4FF000720D4B4FF4001193
S2140213000120C3F80021FEF7DDFBFEF7D7FF20B968
S21402131040F292321421FBF7FDF815F063F9BDE8AE
S21402132010400120FDF766BF001F00B0581F00B036
S21402133000D001B88023074A1367082340B1136719
S214021340054AD2F8A03023F02003C2F8A030704736
S214021350024AF4E7001002B8001E00B0002002B8ED
S21402136010B519F0A6FA012104460020FFF7E2FFA5
S214021370044B1961044B5B6898472046BDE8104051
S21402138019F092BA000002B868690020F8B5194C44
S2140213900546207840F2E442B0FA80F03E21400949
S2140213A0FBF7B8F855B9607840F2E442BDE8F84079
S2140213B0B0FA80F03E214009FBF7ACB84FF4406625
S2140213C00D4F0E4DD7F8B43040F2E442C3F38123FA
S2140213D02370C5F8B46060783E21B0FA80F0400908
S2140213E0FBF798F8D7F8B830C3F381236370C5F8D3
S2140213F0B860F8BDE4620020004000B8006000B8A3
S214021400F8B5084C084D236F0423084F2B67236F4B
S2140214105B0300D4F8BD042602203E6715F05FF891
S2140214202E67F4E7000002B8001002B8002002B8E7
S214021430A82238B51A4B1D6F03F500531A671022FF
S2140214409A60A3F5804302F100521A675A66FFF7C4
S2140214509BFC144B1B7813B90320FEF78BF8002471
S214021460114B9C67FFF7CCFF104A114BD2F8D81EDF
S2140214700B40C2F8D83E04220E4B1A670E4BAA0641
S214021480C3F8AC4008D503F58073DB6CB3F5817FF7
S21402149022BF8022024B1A61BDE83840FCF7C2BB6D
S2140214A0000002B8E662002000C001B8001000B0DA
S2140214B0DF0000FF002002B8001E00B010B549B9D8
S2140214C030B3164AD3681B0E13F00E0F20D1936862
S2140214D09A061DD4FFF786FC104C0020FEF72AFE63
S2140214E0032801D0092805D1636FDB03F5D4E36D29
S2140214F00C2BF2D9FFF784FF4FF40072084BDA6226
S214021500012203F5E8335A61042203F580531A6771
S2140215104FF4C062034BDA6210BD00BF000002B88F
S214021520004000B8006001B808B503210920FEF7A4
S2140215305DFD2022014B1A6108BD00BF000002B803
S21402154038B5054619F0B5F90E4B04461868FDF78E
S21402155045F835B1FFF7D8FC2046BDE8384019F00B
S214021560A3B9094B1B78002BF6D0084B1D78002D2B
S214021570F2D1FFF7C9FC2A464FF480400021FFF75C
S214021580ABFCE9E7C4550020E8620020E7620020D1
S2140215902DE9F84F5C4B06460D4614461B6F002A93
S2140215A040F0AE8013F0A00F14BF4FF001094FF0C9
S2140215B00009FCF737FBA0234FF0000ADFF868812A
S2140215C00320C8F87030FDF7D5FF0420FDF7D2FFE0
S2140215D04E4FFFF799FC4E4B4FF0040B7B67C7F854
S2140215E078A0FFF70DFF4B4B4FF48071D3F8A02085
S2140215F0494842F02002C3F8A020FF22C8F808207B
S214021600414A1161D0F8D82E44491140C0F8D81E7C
S214021610C8F870B0C3F8ACA07B6913F0060F04D00C
S214021620FEF75CFA5846FDF7A5FFB9F1000F08D0A1
S2140216304FF400623A4B1A674FF40042A3F5E033C8
S2140216409A6666B1374BDB6C180701D4FFF7CAFB04
S214021650FFF76AFF0420FDF78DFFFFF795FB2A4B85
S2140216605A69D10747D5DA6812F0706FFBD12E4B54
S2140216702E4A1A672E4AD36B23F0F003D36315B1B2
S2140216802046FFF75DFF2B4BD3F84C315A1C01D096
S2140216905B0002D50122244B5A6164B3214BDA6EF9
S2140216A003F500539A6603F5D0331B6A1E4A23F0ED
S2140216B00103D361204BD3F80C1203F50053C3F891
S2140216C0081203F50053D3F8841003F50053996704
S2140216D01A4BD3F8EC1003F50053C3F8E010184B7E
S2140216E0596C03F500539963164903F5803359661E
S2140216F04FF6084313670020BDE8F84FFCF736BDE7
S2140217004FF0000955E700BF000002B800C001B85C
S21402171000000101001E00B0001000B0DF0000FF54
S214021720001002B8004000B8002002B810003000D6
S214021730001F00B00080E00F004001B800400054D7
S21402174000C000B85000002F9B4B2DE9F04F9F6E53
S214021750DB6E85B01F40994B9F66994BD3F8E050DD
S214021760D3F8EC301D40974BC3F8E050964BD3F8B5
S2140217700822D3F80C3202EA0309944BC3F8089203
S21402178003F52043DA691B6A02EA0308904B08F461
S2140217907702DA618F4BD3F80422D20605D4D3F847
S2140217A00431C3F30016DB0651D519F082F88A4BD2
S2140217B05A695E6E1B6F12F0060F06EA0306874A28
S2140217C026F0007314BF4FF0010A4FF0000A23F40C
S2140217D000637407536604D5814A137D0133DBB276
S2140217E0137519F061F8002F00F0E28017F4004339
S2140217F000F0D38019F05DF80146FFF7DFFA0446E1
S214021800784BD3F800B0DBF80020DBF800309A42C1
S214021810FBD0DBF800209A42FBD0FFF7CFFAA042BB
S21402182017D1084619F040F86F4B1C606F4BD3F87F
S21402183070B01BF4E0520ED124F07F4424F0DF0493
S2140218400CB9FFF7F5FD4FF0807B002414E0B2469A
S214021850C9E70446D7E70192FFF7EAFD5C4B019A17
S2140218601BF480541A6740F09A801BF4806F0CBFFA
S2140218704FF0805B4FF0806BB80715D55B4A544833
S214021880126F02F460410167002900F08B80110498
S21402189000F18B8012F4005F0CBF4FF000524FF045
S2140218A0006200244BEA020BC7F340377F00504A1F
S2140218B02A40002A4AD015F4206F0AD040F6A31216
S2140218C006210020FAF726FE0020FFF739FE25F44F
S2140218D08025EB0506D5FF213D4A4BF4C06B91608F
S2140218E0FFF780FA15F0090F0AD040F6B812082161
S2140218F00020FAF70FFEFFF717FE0121304A1163A8
S21402190015F0106F0CD040F6C11209210020FAF72C
S21402191001FEFFF709FE002211461046FCF736FECE
S21402192015F4202F0AD040F6C91207210020FAF734
S214021930F1FD0020FFF704FE25F48025E80301D51B
S214021940FCF768FF002DB8BF47F0080769070DD5FA
S2140219501B4AD26A12F4005F4FF4005217BF1949AD
S2140219602449CA624BF4000B08BFCA626A0548BF24
S2140219704BF0040B15F48023019300F0A480FCF7CF
S21402198001FF0138062837D8DFE810F028012B01BE
S21402199028012E013101340134019B4655E74FF0F0
S2140219A0804B52E74FF000727BE74FF0004278E739
S2140219B0BB463C467BE700BF004000B8006000B86C
S2140219C00040005400600054004001B8006001B8B6
S2140219D0002002B800E100E000C001B800E001B853
S2140219E0A855002048770400A0550020000002B841
S2140219F0090B0B890050005440F6FA12032100200E
S214021A00FAF788FD01218548826ED0F8883002F008
S214021A100702063201FA02F2C3F30C0CA2EB0C0226
S214021A2092B2072A12D97E4A126F53020ED47D4B07
S214021A30826B806D5B6D5BB102F0070206329140ED
S214021A40C0F30C00091A89B2072901D84BF4007BAF
S214021A50754A1278002A36D0704AD2F8E02012F47C
S214021A60A02F30D1714A724912789AB9F20411D471
S214021A700A787AB14FEADB026E4842EA447282F092
S214021A800102D0F8D80E02F00102520020FA02F249
S214021A90930718D10420FDF76DFD674A6748506723
S214021AA0FFF732FA62490A784AB9654A127832B1C1
S214021AB0644A654912680BEA02020A4201D14BF4F3
S214021AC0804B26F48056B9F1000F1DD019F4805FC2
S214021AD018BF4BF4802B19F4807F18BF4BF4002BF1
S214021AE019F4005F18BF4BF0100B19F4007F18BFF3
S214021AF04BF0200B19F4806F18BF4BF0400B19F413
S214021B00006F18BF4BF0800BB8F1000F48D018F4E6
S214021B10001F0AD04D4A13683BB1414A4C48116F28
S214021B2000680022C1F3C061984718F4802F18BFDE
S214021B3044F4007418F4803F18BF4BF4805B18F42A
S214021B40801F18BF4BF4003B18F4800F18BF4BF0F1
S214021B50020B18F4003F18BF4BF4801B18F4000F5A
S214021B6018BF44F0100418F4002F19D0394AD2F8DE
S214021B70A02012F0C00F13D02949CA68C2F303622C
S214021B80032A01D0072A05D14A6FD00602D48A6FEB
S214021B90120732D54FF400212F4A28F40028D161CB
S214021BA0002E00F01B81330540F18F802B48DFF8B2
S214021BB08890C2782A49002A58D04FF40063013A26
S214021BC0D2B24B66C27032B9264A1278C2B140F619
S214021BD00141254A51670022002173E04BF4803B05
S214021BE010E74BF4006B0DE74BF4806B0AE74BF4FF
S214021BF0807B07E74BF0080B04E74BF4001BCFE7AC
S214021C00D9F8782012F4A05F15BF4FF4807240F620
S214021C100142C9F85820C9F87820DCE70040005491
S214021C20000002B8004000B8E9620020E862002026
S214021C30EB620020001000B000C001B800000101F5
S214021C40EA620020A0150020088D0100D85400206A
S214021C50C4550020001E00B0002002B8DA62002040
S214021C6000E001B8E662002000D001B80320FDF7CC
S214021C7081FCD9F81420A84B12F0060F04BF41F6D7
S214021C801F72A649A64808BF4A674FF40061A34AD6
S214021C905166D9F8142012F0060208BFC9F8782057
S214021CA05A8A12F4006162D022F400625A820278E2
S214021CB002F0FF09002A5ED1FDF710FFFFF7B8FB1E
S214021CC04A4620214BEA020B0C43B00009D52E20CF
S214021CD0FDF79EFB4FF00051904A44F0080411674E
S214021CE05166F10606D52B20FDF792FB10218B4A92
S214021CF01167516616F0306F05D1F20463D5BAF15A
S214021D00000F00F0C080330117D52920FDF780FBB5
S214021D10844A526C12B11021834A9160FFF7B4FADA
S214021D2048B1824A82487D494A66026700F54050B9
S214021D30C068400422D444F0040416F0007A28D086
S214021D400420FDF717FC2720FDF762FBFFF770FB68
S214021D504FF00071714A5166764AD2F8D82E520672
S214021D6079D40221704A916044F0020428E0027895
S214021D704FF40052A6E74FF400422DE70A672020F0
S214021D804A66FDF745FB2D2044F00C04FDF740FBA8
S214021D90D3E716F0807FDFF88C9147D00420FDF75A
S214021DA0E9FB2820FDF734FBD9F87820002A3AD13F
S214021DB0FFF73EFB594A5D4944F00104116751663C
S214021DC00021584A9165720508D55B498A78002A2F
S214021DD000F0D880013A8A7000221743574AD2F898
S214021DE0A020130603D558462146FCF7C7F93A4603
S214021DF058462146FFF770F8019B0BB1FCF7F8FC3A
S214021E0001224F4B05F00435C3F8E0504D4B18F451
S214021E10002FC3F884211EBF4FF40022424BDA6122
S214021E2005B0BDE8F08FC9F878A0C3E7F104C7D5BE
S214021E300420FDF79FFB444AC9F87420FDF74EFEC6
S214021E40D9F8642012F0407FBAD12A20FDF7E0FAD2
S214021E50FFF7EEFA80E7394AD2F8A0108B0683D451
S214021E6002203A4988603A49096891F82510C8075D
S214021E707FF57AAF92F8C420002A3FF475AF80212E
S214021E80344A116170E7344A1268013202D04BF0CC
S214021E90010B98E728490A7952B1013AD2B20A717F
S214021EA012B9234A2D49516700224BEA020B8AE7F0
S214021EB00420FDF75FFB0320FDF75CFB194A22496D
S214021EC0516718F0F6FC81460DF10F00FEF732F965
S214021ED0234A824612780AB1FEF784FFBAF1030F4C
S214021EE00ED1DFF870A00020FEF724F9032807D1F0
S214021EF0DAF87420D103F6D4DAF85C200C2AF2D988
S214021F009DF80F20032A2FD10121164A4846117048
S214021F1018F0CAFCC8E700BFA855002000E001B8C8
S214021F20E662002000C001B8002002B810000020BF
S214021F3000D001B8001000B0DA620020001E00B027
S214021F400060005400E100E000000101001002B849
S214021F50C4550020000002B8706900200000010D80
S214021F60EC620020E8620020094AD2F8E02012F46F
S214021F70A02FC9D1FEF7C8FF484618F095FC4FF4CB
S214021F80804292E70220FDF7F5FA012225E700BF1C
S214021F90004000540122024B1A62DA61704700BF09
S214021FA0002002B80D4B10B5DC691A6A14400C4AC0
S214021FB024F47F01D161E20706D5D9684FF0FF30DD
S214021FC0C1F3036114F018FB630706D5BDE81040A1
S214021FD0042200200021FEF77FBF10BD000002B8D9
S214021FE0002002B80C4A08B5936B526C13400B4A99
S214021FF09363DB070FD50A4B40F66342187812212B
S21402200000F00100FAF786FABDE808400022012037
S2140220100021FEF761BF08BD00C000B800E000B8AE
S214022020A0150020054AD2F88430DB07FBD4936F54
S214022030D2F884201340024A93677047008001B8A2
S21402204000A001B870B514460D4618F032FC064BD7
S214022050D3F8A06074402C407440C3F8A04018F037
S21402206023FC06EA050070BD001E00B0034BD3F841
S214022070A03099430CBF012000207047001E00B01C
S2140220802DE9F04117460A43012A1D469DF81840DD
S2140220909DF81C60DDF8208029D8B44227D2082E8D
S2140220A025D8032B23D8B8F1000F20D00A460021EA
S2140220B0FBF71CFDFF21EB009940C943DFF834C053
S2140220C008F1FF38FF00E2B2964202D80020BDE8CF
S2140220D0F0813D190CEB8505D5F8E02018F8010FC4
S2140220E00A4098401043C5F8E0000134EBE721208F
S2140220F0EDE700BF001E00B0034B1868034B002834
S21402210008BF1846704700BFC055002098980400C4
S2140221102DE9F843DFF860900646D9F800800846B5
S2140221201746B8F1000F03D00E242046BDE8F88308
S21402213006B3336801331DD1E1B1FAF70DF805464F
S2140221400028F1D0C9F80000FAF72CF8284613F058
S21402215067FD044640B14046C9F80080FAF722F807
S214022160284613F058FDE0E73560002FDDD02846FC
S214022170B847DAE72124D8E7C4550020024B18688E
S214022180003818BF01207047C4550020002108B54A
S214022190024B08465B689847002008BD6869002025
S2140221A00523064AA2F84A3092F8493003F00103A2
S2140221B063F0730382F84930704700BF001F00B017
S2140221C00023F0B585B0CDE901330393124B134DCE
S2140221D01B78134E8DF8043018F078FB2A78337883
S2140221E004469A420F4F0CD03178386801AA2970FB
S2140221F014F037FA50B140F608210B4818F05BFC91
S21402220004E0386814F00DFA0128EDD0204618F0E4
S21402221058FB05B0F0BD00BF516C0020826C002058
S214022220836C0020E0550020D44C0400F8B52B4BFC
S2140222301B7823B140F6FC31294818F03CFC18F014
S21402224045FB284B07461C8814F0060409D00121DA
S2140222504FF4807017F094FB3846BDE8F84018F04B
S21402226030BB21464FF4807017F08AFB204600F000
S2140222709DFF022808D180221B4B8021186813F08C
S21402228099FDFFF79DFFE7E7204600F08FFF054622
S21402229038B1012807D040F63141114818F00BFC3E
S2140222A0DAE70246E8E7FF220F4E104B30681A7054
S2140222B0FFF76CFF306814F0B4F90128CCD02A4638
S2140222C02946306814F0AFF921462C2017F084FB1B
S2140222D021460A2017F080FBBEE700BFF26200200C
S2140222E0D44C0400C65B0020E0550020826C00201F
S2140222F00021014818F08AB9E86900207F2837B51E
S214022300044610D14FF6FF73022217480DF106015C
S214022310ADF80630EAF7D6FEBDF80640E2054CBF39
S2140223206FF04A0464B218F0D1FA104B05461C70DE
S2140223300F4B1B88DB0710D50E4B1B78002B0E4B62
S2140223400CBF21466FF07F01186813F058FD20B1CC
S21402235040F67861094818F0AEFB284603B0BDE89F
S214022360304018F0AEBA00BF641002C07A6C00208B
S214022370C65B0020F3620020E0550020D44C040027
S21402238010B50FF0A2F960B10FF0A1F90B4A80B1B7
S21402239041F20D03BDE8104041F20D01074817F067
S2140223A041BC074B1A781B799A4204D100220023BB
S2140223B0F0E70D23EEE7034AF9E700BF400D0300FE
S2140223C0516C0020488D0100F8B5164E0D46337844
S2140223D002F0010423B140F2C531134818F06BFB3A
S2140223E0124B134F1D60134DA4B1134B997801B1D4
S2140223F00121202017F0C4FA2B783B700F4B1C7873
S2140224000F4B00211C70042333700E48BDE8F840C1
S21402241018F0FCB82146202017F0B2FA2B783B7051
S214022420EEE700BFF2620020D44C0400D055002034
S214022430EF620020846C0020D4550020F062002059
S214022440F1620020E86900202DE9F84318F03EFA10
S214022450DFF8A0810546B8F80030614C13F4807F9F
S21402246003D0237873BBFFF7E1FE0021084617F07E
S214022470B3FA5C4B1A78FF2A13D01A7802F0FF06DA
S21402248032BBFF221A702378052B0AD10023284676
S214022490237018F016FA304614F073F918F016FA8C
S2140224A005462378504E062B09D13378FF2B06D0EB
S2140224B03378022B15D100214C4818F0A7F8FF23D9
S2140224C033702BE000214FF4807017F059FACCE7F6
S2140224D01A78012A4FF0FF0214BF33264C261A70D0
S2140224E0D4E7337813B13378012B22D117F0E8FA08
S2140224F007463E4896F8009001F0CEFBFF235FFAAF
S21402250089F9337077B1B9F1010F44D164213748A4
S21402251084F8009018F07AF8FFF752FE284618F072
S214022520D0F906E02846277018F0CBF9384614F0A2
S21402253028F9B8F800301B0605D50021802017F0D0
S2140225401FFA12F031FC01F0E3FA294E308000B394
S2140225502778012F42D117F06DFF054610B30130E0
S21402256018F087FB00F44060B0F5006F1AD1042221
S2140225703946284617F09EFE284418F07AFB4FF696
S214022580FF7398420ED10020318800F0F1FC002340
S2140225903380BDE8F88300232846237018F091F9AB
S2140225A03F20C4E7114801F077FB0021084621705E
S2140225B0012500F08FFC23780BB9FFF737FE0020C9
S2140225C0318800F0D5FC00233380002DE1D020783E
S2140225D00028DED1BDE8F84314F00BBA0025EAE77E
S2140225E0F2620020816C0020806C0020E8690020E6
S2140225F0C45B0020C65B002008B513460A4619468F
S214022600064B186813F088FC30B1BDE8084040F26B
S214022610F441034818F04FBA08BD00BFE055002049
S214022620D44C040008B513460A461946064B1868E9
S21402263013F06CFC30B1BDE8084040F2FB410348A1
S21402264018F039BA08BD00BFE0550020D44C04008B
S214022650024B1878431E584258417047F2620020D7
S21402266008B5064B1B7823B140F22551044818F0F2
S21402267022FAFFF7DBFD002008BD00BFF262002051
S214022680D44C040008B5054B01EB810118684900DB
S21402269013F0B7FB002818BF212008BDE055002024
S2140226A008B5044B1868F9F70FFF0A2390FBF3F0FE
S2140226B040B208BDE0550020014B1878704700BFB5
S2140226C0836C002008B5044B186813F005FBB0FABB
S2140226D080F0400908BD00BFE055002038B5124D15
S2140226E00C462B78012B04D940F246510F4818F0BD
S2140226F0E2F921460020FFF7E5FF90B10C4B1C7073
S2140227002B785BB9FFF792FD0A4B93F900100A4B40
S214022710C901186813F049FB002038BDFFF750FDC9
S214022720F2E72120F9E700BFF2620020D44C040051
S214022730836C0020F4620020E055002008B5074BA9
S214022740186813F0C7FA30B1054BB3FBF0F083B24A
S2140227500BB1184608BD0120FCE700BFE05500207B
S21402276040420F002DE9F3475C4E012018F0A0F915
S2140227703388990704D440F63F41594818F09BF92C
S214022780DFF8808198F80030053B012B04D940F62B
S2140227904141534818F08FF9524F3B6823B940F62F
S2140227A044414F4818F087F9348814F0200478D052
S2140227B00121222017F010F94FF47A74FFF7BEFFBA
S2140227C03B681B780933434304EBC30498F8003094
S2140227D0A5B2062B0BD117F03BFD0446FFF7AEFF62
S2140227E0602358430C2303FB0400284485B2D7F821
S2140227F000903D4B99F800801C7808F1FF381FFACC
S21402280088F8002C52D133885A0505D409F1010004
S21402281018F02FFAC0F340143449354A88781278F3
S2140228204B7812FB00F2334F93423B70A4BF9B1AC5
S2140228303B703B78CA78BD60934238BF13463B7004
S2140228400EF04BFF002833D00EF045FF012814BFD0
S2140228501025082525430023DFF8ACA0009380222C
S21402286043464946DAF8000013F0FDFA20B14FF469
S2140228703B611B4818F01FF91F4BDAF80000197865
S2140228801E4B197033889B0614D52A461C4B00979C
S21402289013F0E5FEC0B9002002B0BDE8F04718F01C
S2140228A007B92146222017F097F887E70024B3E7F6
S2140228B02546D0E72A460F4B13F0CFFE014618B93D
S2140228C0252017F089F8E6E72146262017F084F837
S2140228D040F6F431024818F0EEF8DCE7C65B00205A
S2140228E0D44C0400D0550020F5620020516C002024
S2140228F0EF62002098690020836C0020826C002022
S214022900D4550020F2620020E0550020184B10B586
S2140229101B889B0704D440F6A661164818F0CBF82D
S214022920154B1B78053B012B04D940F6A7611148CD
S21402293018F0C1F8114B1B6823B940F6A9610D487F
S21402294018F0B9F800240E4B0E4921201C7017F01F
S21402295043F8014618B9BDE81040FFF703BF022846
S21402296004D12046BDE8104017F0CCB810BD00BF19
S214022970C65B0020D44C0400F2620020D055002032
S214022980ED620020252B0200F8B55A4C23889A07E0
S21402299004D54FF43E71584818F08DF8574801F0A8
S2140229A07BF917F093FF238805465B070DD54FF09A
S2140229B0FF3013F09FFA524B1B68C01AB0F5717FB6
S2140229C003D90021042016F0DBFF28464D4D17F0F0
S2140229D078FF2B78042B32D117F078FF238806462F
S2140229E05F0708D54548002117F010FE3046BDE8BF
S2140229F0F84017F066BF17F064FF17F067FF424B08
S214022A0006461B78414F13B9238859050FD505236F
S214022A10012102202B7016F0B3FFFFF777FF304636
S214022A2017F04FFF3B68DA78394B1A70F8BD3868F2
S214022A30013018F01EF98206E9D50623E8E7062BD0
S214022A404DD1344B1B78FF2BF0D1334E0EF047FEA0
S214022A503378002B3DD017F039FF238805465B07F5
S214022A6005D52648002117F0D1FD2846BFE717F006
S214022A7028FF3378013B337017F028FF0446012104
S214022A80022016F07DFFFFF741FF20461F4C17F08D
S214022A9018FF2068013018F0ECF800F44060B0F53A
S214022AA0006F13D1246801210422204617F002FC8D
S214022AB0204418F0DEF80146184B04201A783378C2
S214022AC0D21AD2B2BDE8F84018F09CB84FF6FF71A1
S214022AD0F2E740202B70BDE8F84013F052BE012BFF
S214022AE0A4D100232B700E4B1868FFF74FFB3F2034
S214022AF0F1E700BFC65B0020D44C0400E869002062
S214022B00CC550020F2620020F5620020D05500204D
S214022B10EE620020806C0020EF620020846C0020B1
S214022B20E055002008B50A4B1A7882B9012210280F
S214022B301A7004D040F69D61064817F0BCFF0021CB
S214022B40202016F01DFFBDE80840FFF70BBE08BDAB
S214022B50ED620020D44C040008B5094B1B88DB0646
S214022B6004D440F2C351074817F0A5FF10200021F5
S214022B7016F006FF044B1868BDE8084013F066BD61
S214022B80C65B0020D44C0400E0550020012208B5A4
S214022B90074B1146186813F046FD00212C2016F04C
S214022BA01BFFBDE8084000210A2016F015BF00BF33
S214022BB0E0550020014B4008185C70477C6C0020F2
S214022BC008B513460A461946064B186813F0AAF9C2
S214022BD030B1BDE8084040F6E941034817F06BBF44
S214022BE008BD00BFE0550020D44C040008B5044BD5
S214022BF0186813F016FD013818BF012008BD00BF83
S214022C00E055002070B5054617F060FE0E4B0F4EDD
S214022C101B880446DA07357008D50D4B0D4D1B7818
S214022C20012B08D90121286813F0A5FD2046BDE82E
S214022C30704017F046BE1BB10EF045FDC305F1D439
S214022C40317881F00101EEE7C65B00207B6C002044
S214022C50F3620020E05500200C4B10B51B8804469A
S214022C60DB0711D5FFF78CFB094B84F00102082124
S214022C701868D20013F09EF830B1BDE8104040F656
S214022C803671044817F017BF10BD00BFC65B0020A0
S214022C90E0550020D44C040008B5044B01461868E1
S214022CA013F04BF9003818BF012008BDE05500208C
S214022CB010B50A4C23787BB1FFF768FF0021042089
S214022CC016F05EFE0021022016F05AFE0023237044
S214022CD0BDE81040FFF7AABA10BD00BFF26200209E
S214022CE038B5094800F0E8FC0024084D95F8443051
S214022CF0E0B2834200D838BD05EBC000043000F0D5
S214022D00DBFC0134F2E700BF84560020E4550020C5
S214022D1008B5104602494822F8F71CFF002008BDF5
S214022D203C56002008B5054818F035F8014620B98B
S214022D30BDE80840014817F069BC08BD086A0020D3
S214022D40002238B51C4B15461C461A700132082A5A
S214022D505D609D8043F8085FF8D14822002117483D
S214022D60F8F768FD4FF6FE73A4F868306FF4803308
S214022D70E365134B00211A88124B1868F8F75AFDC0
S214022D80114BC4E91255C4E9283584F8445084F836
S214022D905050656584F8A850E9F7FEFCFF220B4BFD
S214022DA0012118700A4B00201A70E1F76DFE002010
S214022DB0FFF7B8FF002038BDE45500203C5600203F
S214022DC0F46B0020C86800200000FFFFF6620020B7
S214022DD03C63002010B5AC24084B04FB0030836C27
S214022DE053B990F850403CB931B1C0E912122046AE
S214022DF0FFF798FF204610BD2120FCE7E45500208F
S214022E00AC2370B503FB00F5094E731993F85040D6
S214022E105CB920460BF022FF735D204643F00203A6
S214022E207355FFF77FFF204670BD0120FCE700BF09
S214022E30E4550020AC235843024A135C23F00303F4
S214022E4013547047E455002070B516461F4A0446D0
S214022E501278C2BBAC211E4D01FB00518A6C92BB9C
S214022E6091F850203AB1022B2DD191F8441007293F
S214022E7007D91C2026E091F844100729F9D8012B1F
S214022E8008D0AC2000FB0450CA00011D0C30F8F735
S214022E9023FD0021AC2303FB04F000249DF814302C
S214022EA000EBC1012944CB71049B8E808B602B18EA
S214022EB093F84420204601328C7183F84420FFF7B1
S214022EC031FF204670BD0120FCE700BFF5620020FE
S214022ED0E4550020F8B5234B04461B780F46002B1A
S214022EE03ED1AC23204D03FB0053B3F8A03023B9E8
S214022EF040F245311D4817F0DEFDAC2202FB0452BB
S214022F00D2F8A46036B192F8A33039460020B2F85F
S214022F10A020B047AC2300216343EA18A2F8A01011
S214022F20C2F8A410482192F8A82001FB02322A44D3
S214022F30D2F89820964213D0EB5C9B070CD5AC22B5
S214022F406243AB5C204623F0020343F00103AB541A
S214022F50BDE8F840FFF7E6BE0BF0A2FE0028EED171
S214022F60F8BD00BFF5620020E45500202B4D04009A
S214022F702DE9F04F89B0059008460D4617F05AFA2B
S214022F80044618B9212009B0BDE8F08F284617F08C
S214022F906DFAC0B20838215C221892F802A0049199
S214022FA0D1785268277803920022B4F80130ADF83F
S214022FB01E20434A029192F800B0BBF1000F08D0DF
S214022FC0404B1B681BB120464FFA8AF298470020F6
S214022FD0D9E703F00703022B70D0013409225946C1
S214022FE0204617F067F9023F3F1A3B0606465FFA8D
S214022FF087F8C7D4344FD7F89090B9F1000F27D18D
S21402300000210DF11E0B434622460846CDF800B0BD
S2140230100BF05CFDC3B20546002B4BD1BDF81E007B
S21402302013F0F3FBE0B9BDF81E0013F0D7FC81469F
S214023030BDF81E0013F0E9FBF0B906EB0802012307
S2140230402146584692B200F07BFDD0B119209AE78D
S2140230505B465A4601212846C8470028D0D191E748
S214023060D7F89430BDF81E00002BDCD0A119984783
S2140230700028D8D1022086E742464846A119F8F72A
S21402308069FDBDF81E0017F0D5F9029B059A03727A
S214023090049B80F809A08372039B1BBAC360AC230F
S2140230A003FB027393F85020BDF81E0022B1DB6CBE
S2140230B003B19847E8B266E7BB6FF9E7012062E71B
S2140230C0F5620020C8550020E45500202DE9F8439B
S2140230D008460F46164602F1010913F084FC8046A4
S2140230E0384613F08BFB042856D1384613F0AAFB59
S2140230F048F661054FF6FF7248F64103294C9042A6
S21402310008BF1D46B4F85C10301D17F0B4FD3846F3
S21402311013F098FB0146B01D17F0ADFDB4F85E1033
S21402312006F1080017F0A7FD06F10A04384615F066
S2140231301DF910B145F01005ADB22946484617F004
S2140231409AFD384613F04AFC424601462046F8F7F6
S21402315001FD3846012117F0A5F94444074660B13F
S21402316017F084F90546384617F064F9EDB20146C1
S2140231702A462046F8F7EEFC2C440B4AA41B13788A
S2140231800134591C1170F37034703046BDE8F843B0
S2140231900922012117F08EB8484617F06AFD4C4600
S2140231A00546C3E7E4550020F6620020AC2210B5BF
S2140231B048245043094B1A1892F8A81004FB010041
S2140231C0034493F87700022806D092F850301BB9D1
S2140231D0032818BF012010BD0020FCE7E45500209C
S2140231E070B508B1012070BD234C94F8A850002D8C
S2140231F0F8D12946B4F85C20FFF714FA2946284687
S214023200B4F85E20FFF7F8F92946284604F1600272
S214023210FFF7D6FC94F87730002BE3D0284694F8D4
S2140232205860FFF749FA864215D1002094F95A50A1
S214023230FFF736FA854216D10020FFF7B7FF04469D
S214023240002016F0EDFF0028CDD02146BDE87040E4
S2140232500020FFF705BA284694F85810FFF73EFA02
S2140232600028E2D0BFE7002094F95A10FFF70AFAC6
S2140232700028E1D0B7E700BFE45500200346AC20A3
S21402328010B51446164A00FB032292F8770002286D
S2140232900CD1E07F022809D141B1124909780129EF
S2140232A013D992F85810227891420ED118462178F6
S2140232B0FFF708FA90B1482221460B48F8F74AFC75
S2140232C0002016F0ADFF08B9002010BD044B93F89D
S2140232D0A8000028F8D1FFF783FFF5E72120F4E7DE
S2140232E0E4550020336200203C56002038B5AC235B
S2140232F00D4C054603FB004300205A6DD86483F844
S214023300500012B15865FFF727FCF5F75FFBFF2860
S2140233101EBFAC2303FB054484F8A8000020FFF779
S2140233205FFF002038BD00BFE45500207FB51D4C6E
S21402333094F8A83023B1002084F8A800FFF750FFC5
S21402334094F85A30B4F8A0608DF80F3026B940F2DF
S214023350FD21154817F0AFFB144B31461D680020BF
S2140233602A46FFF7B3FEE46F02469CB10DF10F0347
S21402337001930023294630460093A04702462C7844
S21402338054B920462146FFF7A5FD2046FFF7CAFCA2
S21402339004B070BD0122F2E729460020FFF714F8B8
S2140233A0F6E700BFE45500202B4D0400C868002055
S2140233B038B5494B1C78002C58D1484800F06CFCB4
S2140233C0204616F02DFF002850D0454C2378D9070A
S2140233D033D594F850201AB123F00303237045E046
S2140233E023F0010323700BF043FC237805469A076B
S2140233F001D50BF033FC294600200BF049FA40B900
S2140234002378284643F001032370BDE838400BF0CA
S21402341025BC0023482284F8A33094F8A83084F808
S214023420A25002FB0343D3F89830A4F8A000C4F8D5
S214023430A430BDE83840FFF779BF94F84400B0B135
S21402344004F1A003251D95E8030083E80300FFF7B7
S2140234506DFF94F844202846D20004F10C01F8F7D8
S2140234603BFA94F84430013B84F8443038BDA26CF1
S21402347062B99B0711D52378002023F0020343F09C
S21402348001032370BDE83840FFF74CBC0123A0645B
S21402349084F85030904723789EE70BF001FC002812
S2140234A0E9D194F8A83073B1F5F790FA94F8503051
S2140234B0002BDBD1FF2818BF84F8A800BDE83840EF
S2140234C00020FFF78DBED4F88C30002BECD0984746
S2140234D00028CBD1E8E700BFF5620020086A00208A
S2140234E0E455002070B50446002016F099FEAC2381
S2140234F05C430B4E351995F850300BB1002070BD69
S2140235000028FBD0074817F046FC0028F6D1335DAA
S214023510002BF3D195F84400B0FA80F04009EEE7AC
S214023520E4550020086A002010B5084A034613F046
S21402353068FA14684FF6FF7203EB40039C42184683
S21402354003D9018802339142F8D010BDA05600205C
S2140235502DE9F047204F05463B88A3B3B0F9023069
S214023560002B30DBDFF87C801C49D8F80000F8F727
S214023570B7FB20B94FF4EA71194817F09CFA0026F7
S214023580DFF85CA0DFF860903A88B3B29A4204D8BB
S2140235904FF4EB71504617F08EFAD9F80030B2B2FB
S2140235A053F83200D8F8001003EBC20468B943F8A7
S2140235B03210A38828460133A38013F022FAE38848
S2140235C003EB4003E380BDE8F087F8F789FB01369A
S2140235D00028D9D1EDE700BFC85B0020F84C0400F4
S2140235E0024D0400286A00209456002038B5094C83
S2140235F0094D22682B689A4204D94FF4877107480E
S21402360017F059FA28682368C01A20F0010080B221
S21402361038BD00BFA0560020A8560020024D040068
S21402362038B5124C124D21462846F5F77DF8236828
S2140236300BB12B681BB9DE210E4817F03CFA2A683C
S2140236400D4B0E491A60236823F0010313440B60E6
S2140236500B4B1A602AB9BDE83840F821054817F026
S2140236602ABAFFF7C3FF6428F5D938BD985600205A
S2140236709C560020024D0400A4560020A8560020A6
S214023680A056002038B5094C094D22682B689A428C
S21402369004D34FF48A71074817F00DFA2868236896
S2140236A0C01A20F0010080B238BD00BFA456002028
S2140236B0A8560020024D04002DE9F0411D4B044699
S2140236C01B78012B24D1008816F096FE0546D8B149
S2140236D00426DFF864802C4617F0F8F807462046E2
S2140236E0FFF736FF638843EA08036380A05B16F0A1
S2140236F083FE0446384617F0E4F81CB1B4F90230EB
S214023700002BE9DA062E01D1BDE8F0810626E2E7B3
S214023710022BF9D117F0DAF80246208816F06CFE72
S21402372018B10388C3F30E0323801046BDE8F041A8
S21402373017F0C7B8F76200200080FFFF2DE9F04FB0
S2140237400024BA4B97B006461C8017F0BFF8012338
S214023750DFF8EC82B64F3B70B8F80030A8F80040AD
S214023760ADF81630B34B1B68019317F0AAF8B24BAC
S21402377021461A88B14BD2001868F8F75BF80DF1AB
S2140237801600FFF799FF002E3CD1DFF8B8924FF0F3
S214023790000B0125D9F80040019B9C4239D3BBF1AE
S2140237A0000F39D1002DF2D0D9F80040DFF898A2E8
S2140237B025462246019B9A4273D302230DF1160038
S2140237C03B70FFF779FF002E40F08F80D9F800603B
S2140237D03246AA4280F0A280908816F00DFE18B1FA
S2140237E00388C3F30E039380D08816F005FE18B143
S2140237F00388C3F30E03D3801046FFF795FE0246F6
S214023800E7E79847E3B256F823300134002BF8D1A5
S214023810BBE7BBF1000F3ED00BF1FF335FFA83FB31
S21402382016AB03EB8B0252F8402CB2F90200518819
S2140238300028B1DA4B04AFD4924641F48040931D7F
S2140238402AF8020F02933AF8020F16F0D5FDF0B1ED
S214023850B0F902E0B0F802C0BEF1000F17DB6FEA63
S2140238604C4C6FEA5C4CA0F802C00390FFF770FE67
S214023870BBF10F0F8FBF002516AB039A03EB8B002D
S2140238809EBF0BF1010340F8402C5FFA83FB029BBC
S2140238909A45D8D180E72046FFF746FE22460446E0
S2140238A0C3E7104613F0ADF88346B2F9020011885A
S2140238B000280AEA010108DA204616F093FD0843BA
S2140238C081B204EB4B0402EB4B0510461180FFF766
S2140238D02BFE02466EE798475FFA8AF356F82330C5
S2140238E00AF1010A002BF6D170E74FF0000AF3E75F
S2140238F03046FFF719FE82467EB1B6F9023071886D
S214023900002B0ADA3088C0F30E0016F075FD8642E8
S21402391003462DD1C1F30D0171805646AE42E7D360
S214023920DFF81CA116F0D2FF00210646504613F01F
S214023930B9F816F061FD0546002800F0878030468B
S21402394016F0BFFF284613F05CF80646204616F02F
S21402395049FD81467600324629462046F7F7BCFFE7
S214023960002249460DF1160017F0EDF93444D9E766
S2140239701BD9304613F045F8C1F30D0142007180A1
S2140239801846314692B2F7F7A7FFC6E75046FFF74A
S214023990CBFDD146854203D9B0F90230002B01DABD
S2140239A0824603E0FFF7C0FDF4E7B146554507D966
S2140239B0BAF80000C0F30E0016F01EFD8245E5D3ED
S2140239C0B9F1000F30D0B9F80000C0F30E0016F0BF
S2140239D013FD034638B93346CB46994513D8B1454D
S2140239E09BD0D946ECE7484613F00BF8B9F802200C
S2140239F04946C2F30D02A9F80220420092B21846C6
S214023A00F7F76AFFE7E718460193FFF78DFD019B7C
S214023A109B46854203D9B0F90230002B01DA0346F1
S214023A20DBE7FFF781FDF4E7CB46DAE7CA5B002067
S214023A30F7620020A0560020C85B002094560020A3
S214023A40CC5B0020A45600200080FFFFBDF8163095
S214023A503870A8F80030044B30461C6016F031FF70
S214023A6017B0BDE8F08F00BFA05600202DE9F04148
S214023A70054616F0C1FC0F460446D8B117F04DF9BC
S214023A8020B940F2FB41204817F015F8284616F0F8
S214023A90EDFC05462046FFF747FDBD42064609D027
S214023AA004D840F20351184817F005F82588ED0BA4
S214023AB002D02781BDE8F0816780204612F0A1FF80
S214023AC0074604EB400816F001FF104B1A68B24294
S214023AD00AD1C3F8008016F0F4FE2A464046BDE836
S214023AE0F041FF21F7F7A6BEA6EB0806B5B216F020
S214023AF0E8FE072DF1D90023083D44F81730C8F830
S214023B000430A8F80250D5E7024D0400A056002063
S214023B1038B516F0DBFE00210546044812F0C2FF57
S214023B200446284616F0CDFE204638BDCC5B002063
S214023B30024B1888B0FA80F040097047CC5B002030
S214023B402DE9F74F044600881F4616F055FC8846B6
S214023B501546064617F0E1F820B940F2FE613F48E6
S214023B6016F0A9FF3388DB0B009306D033892B446B
S214023B703381002003B0BDE8F08F208816F076FC73
S214023B8082463046FFF7D0FC019016F09FFEDFF823
S214023B90D0B0019BDBF8002081469A421DD1FFF788
S214023BA025FDA84204D2484616F08BFE1A20E1E70D
S214023BB00AEB050373803FB1208816F03BFC2A46C9
S214023BC041465044F7F7C6FF3046FFF7ADFCCBF848
S214023BD00000484616F075FECBE716F072FE208807
S214023BE016F044FC2844009980B216F097FC06466C
S214023BF00028DBD016F01EFC8146208816F01AFC40
S214023C008246208816F032FC514602464846F7F7AE
S214023C10A1FF3046AFB116F00DFC0746208816F01D
S214023C2025FC2A4641463844F7F794FF01212088AE
S214023C3016F038FC01210246304616F047FC268074
S214023C4097E716F0F7FB8046208816F00FFC2A4608
S214023C5039464044F7F7EEFDE8E700BF024D0400A0
S214023C60A05600203421014816F025BF164D040048
S214023C70036910B55BB18268064B9A4201D10020F7
S214023C8010BD446916F010FF201AF9D5F7E74FF079
S214023C90FF30F5E7653C020082681C4B70B59A421D
S214023CA00446056819D116F011FE236923B1A34212
S214023CB006D100222A601A61BDE8704016F001BEE5
S214023CC01A4611461269A242FBD12A68A24208BFCE
S214023CD029600B6100232361EEE7036993B19842E2
S214023CE06E6803D19D210A4816F0E5FE2B46B442C3
S214023CF009D122699D4218BF1A614FF0000308BF1E
S214023D006A60236170BD33463669F0E7653C02009F
S214023D10164D04002DE9F047074600254FF0010A2C
S214023D20154EDFF858808AB0347914B90AB0BDE867
S214023D30F087D6F8009087B900972A46B8F80010A0
S214023D40234603A817F08EF82246484603A9E9F749
S214023D50E5F92544EDB20836E6E7224603A94846C9
S214023D60E9F7B0F9CDF800A023462A46B8F80010C5
S214023D7003A817F077F8ECE7C4980400CE5B00209F
S214023D800148FFF799BC00BFCE5B00209C46174B4C
S214023D90F7B5054608461988164611B1144B1C7825
S214023DA0CCB1014662463046BDB103B0BDE8F04034
S214023DB0E9F788B91C44E4B208373B79002BF0D007
S214023DC03A689642F6D185F001052246009517F02C
S214023DD049F803B0F0BD074FEFE7E9F79FF9B0B235
S214023DE003B0BDE8F04010F0E3BF00BFCE5B00209A
S214023DF0856C0020C498040010B5074C238843B194
S214023E000020FFF787FF0020FF22044B20801A7055
S214023E1010BD0220FCE700BFCE5B0020856C0020B0
S214023E20142810B518D8082805D111F02AF8C401AC
S214023E30E4B2204610BD0E2802D111F025F8F6E7AE
S214023E40064B53F82040002CF3D00A282478F0D1F1
S214023E5005F0A0FE0443EBE7FF24EAE7149904000A
S214023E60014BB3F868007047E455002000487047DD
S214023E704E560020014B1878704700BF7162002032
S214023E80014B1870704700BF71620020194B022860
S214023E9010B5187002D0043801281BD8164B1B78B0
S214023EA0042B03D00021154816F0B0FB144B1B68F8
S214023EB09A001BD513F0805F40F6114418BF4FF4EA
S214023EC04164204611F077FB90B92046BDE81040C9
S214023ED010F06CBF0948FFF7DFFE0A48FFF7DCFE6A
S214023EE0162413F00BF811F060FBEAE71524E8E756
S214023EF010BD00BF75620020766200202C6A00208A
S214023F0064480020D0470020024B187800F00F00CB
S214023F10704700BF75620020034B187800F00F0050
S214023F20831E5842584170477562002008B512F049
S214023F30D0FFC0B112F0E6FFA8B10AF0A7FF90B911
S214023F400A4812F078FD70B1094812F074FD50B1BB
S214023F5010F09FFF38B111F030FB20B9BDE80840E1
S214023F60044812F019BE002008BD00BFD05B002036
S214023F70025C0020AC56002030B505460C4693B0D5
S214023F8081B910B9002013B030BD1023214A69460A
S214023F900120FFF7FBFE9DF805305A1E052A28D998
S214023FA01720F0E7182200212046F7F743FC002DE1
S214023FB0EBD1FFF7B1FF30B310F036FE6A4601468A
S214023FC00020FEF7A5FEBDF80430204623819DF8AA
S214023FD00230A3729DF80030E37213F019F9002341
S214023FE004F11401237304F1100003F0CBFDE08109
S214023FF0C8E7094A9DF8041012789142D0D12B7076
S214024000002CD6D1BEE7054B1B78033B022BD3D937
S214024010C6E700BF64EE01005C6C002075620020FB
S21402402030B593B005460C46FFF776FF20B90C4B29
S2140240301B78033B022B10D810F0F6FD6A460146A9
S2140240402846FEF765FE00209DF802306070237059
S2140240509DF80030A37013B030BD1720FBE700BFF9
S21402406075620020054B1878012805D000F0FD0087
S214024070A0F1310358425841704700BF75620020D4
S2140240801FB50146002201A816F090FB064801A9BA
S21402409016F0B6FE20B116F0CDF94089C0F3400006
S2140240A005B05DF804FB00BF026C002030B585B099
S2140240B00D460022014601A816F078FB084801A921
S2140240C016F09EFE50B116F0B5F9044601460822D7
S2140240D02846F7F701FC6089C0F3400005B030BD02
S2140240E0026C0020F8B50546F8B100210F4816F01C
S2140240F024FE0446A8B10D4F204616F09BF906464C
S21402410016F040FB830705D4082229463046F7F707
S214024110DDFE38B12146384616F033FE0446002846
S214024120EAD10024201E18BF0120F8BD026C002030
S21402413010B50C460146064816F062FE30B116F07F
S21402414079F943891C4214BF0120002010BD00BF2C
S214024150026C00201FB51446024601A816F026FB84
S214024160074801A916F04CFE40B134B116F062F9C8
S214024170142201462046F7F7AFFB012004B010BD1B
S214024180026C00201FB50146002201A816F00EFBA5
S214024190094801A916F034FE58B116F04BF94389C6
S2140241A0024613F0020004D0507B80F00800C0F3F1
S2140241B0C00005B05DF804FB026C0020F7B59DF860
S2140241C024400D4601949DF82040064600941F4662
S2140241D014F0BBF84FF6FF718842044610D0BB07B6
S2140241E011D4284600F056FF204616F030FEFF286F
S2140241F01FBF084A32F8103023F4804322F81030EA
S214024200204603B0F0BD02462946304612F05AFD5B
S214024210EAE700BFA05B002073B50E4601461448CD
S21402422016F0EEFD0546D8B116F004F943890446A9
S214024230334012D09B0736B20BD5002E09DAA17B8B
S214024240437B0289007B0191012100912146FFF701
S214024250B5FF638923EA06036381628912B10120EE
S21402426002B070BD2946024812F03BFCF7E700BFD9
S214024270026C00200148FFF71FBA00BF026C002044
S21402428013B53E4C0DF0E3FFD4F8FC311020C3F317
S21402429007430193FFF7C4FD000650D50020FFF741
S2140242A0BFFD01064BD5019B802B3ED1236A9A07A0
S2140242B004D440F61544204602B010BDE3699B07BD
S2140242C0F7D52F4811F0A5FC012012F075FA0DF073
S2140242D0D1FF04460028EED100F042F9294812F038
S2140242E035FC00F099F9E8F757F80DF0AFFF08F043
S2140242F003FF08F055FFF4F761FAF4F7FFFAF4F754
S21402430019FB03F0DBFD10F0BEFD10F0BFFD11F04F
S21402431057F91D4814F022F806F08CFA11F013F93A
S2140243200028C8D011F011F9C5E7019B812BC0D136
S214024330D4F80C315B00BCD5D4F80C31BFE71020A2
S214024340FFF76EFD0006BCD40020FFF769FD0106EC
S214024350B7D5019B802B05D1084B1A6AD207A8D580
S214024360DB69ACE7019B812BA3D1044BD3F80C216C
S214024370002A9EDAD3F80C31A1E700BF0080E00FD6
S214024380690345ECAC5600208140020010B512F0DD
S214024390B2FD70B301F0E0FA80F00104E4B200204E
S2140243A0FEF724FC44EA800424B212F092FD10BB0D
S2140243B002200443164816F0EEFC44EA4014154860
S2140243C016F0E9FC24B244EA0014134816F0E3FCA3
S2140243D024B244EA8014114816F0DDFC24B244EA02
S2140243E040240F4816F0D7FC24B244EAC02080B21C
S2140243F010BD0124D3E70B4812F01DFB0028D7D0CE
S214024400094812F018FB80F00100C0B24000D0E765
S2140244106C6A0020506B002068480020D06A00209A
S214024420306B0020D05B0020025C002008B501F053
S2140244307FF8FEF709F8144812F0FDFA08B904F0FE
S21402444025FF124812F0F7FA08B906F0DDF902F075
S21402445095FF0F4812F0ACFB0E4B1B78043B022B69
S21402446009D80D4816F097FC28B1FFF78FFF1028E1
S21402447001D107F0E1FC10F00EFD12F032FCBDE8AF
S21402448008400648FFF75AB9D05B0020025C0020BD
S214024490AC56002076620020506B00208C990400F7
S2140244A0014B1868704700BFE05500204FF6F773BF
S2140244B070B5984204460D4686B043D812F01FFCEB
S2140244C0A04207D1082220492846F7F705FA00201D
S2140244D006B070BD1D4EB6F86830A3420AD100225F
S2140244E0082106F16A0012F098FB18B9082206F1B4
S2140244F06A01E9E784B100230122194620460093A7
S21402450008F05CFDFF2811D12946204608F000FF7E
S21402451080F00100C0B2DBE70D4B1B689B07EAD4B4
S214024520284606F0FBFD0028E5D0D0E702A913F0E6
S214024530B7FD0028E8D1DDF80D302B60DDF811302C
S2140245406B60C4E70120C3E7F8620020E455002050
S21402455064480020014B1870704700BF5C6C002056
S21402456010B5054C082221460448E8F7ABFD204664
S21402457012F0FFFB10BD00BFF862002034B608C080
S21402458000487047F8620020082208B50349F7F78A
S2140245909DFCB0FA80F0400908BD00BFF86200201A
S2140245A0014B1870704700BF69620020F7B50D46D0
S2140245B0044616461F460021284601F061FD0B4BB5
S2140245C0002183F859402A463346204600970AF0CF
S2140245D03FF9014630B10222204603B0BDE8F04062
S2140245E000F006B8012003B0F0BD00BFE45500207D
S2140245F013B513460C461AB1022A0CBF1346012302
S2140246000021044A019100922246FEF71DFC02B0E8
S21402461010BD00BFD96F030000B5002093B0FEF7AF
S2140246208FFB1E4B188813F09AFE1D4B1D491A78F5
S21402463000200AF091F9342200216846F7F7FAF8CA
S2140246400B238DF800306FF4803301934FF6FE7320
S214024650ADF8103003238DF81D30134B134A089320
S214024660134B10680993134B51680D93124B6A460D
S2140246700E93124B0F93124B1093124B119302ABE5
S21402468003C300210846FEF7F9FD6A460121002011
S214024690FEF7F4FD13B05DF804FB00BFEE6B0020DE
S2140246A06B6C0020285D0400C14A0200F8620020FC
S2140246B0756D0300A9770200694C0200D5860200D8
S2140246C0D96F0300D9730200014B1878704700BFF8
S2140246D000630020014B1888704700BF066C00205C
S2140246E02DE9F74F814610460E46904616F0C1FA5F
S2140246F0DFF840B105469BF8003033B94A4B1B68D9
S2140247001BB94A4B1B68002B7FD015F4406A05F094
S21402471040071BD19FBBB5F5804F61D24FF4807422
S214024720B9F1400F73D0B9F1800F63D0B9F1100F11
S2140247306BD100239BF800003D4AD9B2884264D967
S21402474032F8021B0133A142F7D166E008F10300FA
S21402475016F08FFA4FF6FF73984214BF0124022414
S21402476087B1052705F44043B3F5004F44F008042B
S21402477025D0B5F5804F24D244F4807421E0544607
S2140247800327EFE7B5F5804F4FF00507F4D3BAF5E8
S214024790406F14BF022008203844404416F069FADD
S2140247A0019012F0C9FA019B05F4404598420CBFED
S2140247B044F0080444F00404B5F5004F01D144F077
S2140247C08004BAF5006F0FD108EB070016F051FA15
S2140247D0054612F094FAA842A2D144F010049FE7CC
S2140247E0544603270220D7E7BAF5406F08BF44F0C5
S2140247F0200495E70C4B1B683BB10022D1B233F87C
S214024800110033F91110002903DA002008E0074BE3
S214024810F1E7A04202F10102F0D106B13480012094
S21402482003B0BDE8F08F00BFBC560020C056002083
S214024830205C002039630020034B1A78022A04BF4A
S21402484009221A70704700BF016300200C22034B36
S2140248501A211A700320002201F090BD0163002085
S2140248600C2208B5054B1A211A700022104601F0D8
S21402487085FD0022024B1A6008BD00BF01630020BE
S214024880C85600200C2270B50D4B05461E781A70CD
S21402489030B93046BDE8704000221A2101F06EBDE4
S2140248A0084B1C78E1B21A29F3D825FA04F3DB0781
S2140248B003D54422304601F061FD0134F2E700BF21
S2140248C001630020876C00200C22024B1A7010F045
S2140248D06DBE00BF01630020F0B50C8805460E468B
S2140248E08BB0E4B94FF6FF77ADF8247010F073FE84
S2140248F010B902200BB0F0BDCDE90340CDE9054466
S214024900134A0294B2F85C306032019300923B463E
S2140249104CF60101FF2009AA13F03CFD3080284620
S21402492012F033FB0B4C70B1237863B1013BDBB260
S2140249302846237012F029FB38B12078B0FA80F0AE
S2140249404009C0B2D6E70523F2E70120F9E700BF27
S214024950E4550020866C0020034B11461B6803B109
S214024960184710F0E3B900BFC85600200C22024BCD
S2140249701A7008F039BF00BF016300200148FEF735
S2140249809BBE00BFD25B00207FB505460C4616468E
S21402499015F07AFF00286BD1062D03D85223EB4080
S2140249A0DB071AD4B4F1006F05D3E30E1C3B032BCE
S2140249B018D94F202EE000222F4B1A602F4B1D7065
S2140249C012F051F903460A2D54D8DFE805F02D18E7
S2140249D03E49182518535341360002F0A3F8B4F1A5
S2140249E0006FE2D20022244B042D1A60234B1D7066
S2140249F0E6D1022001F0B6F912F035F9034601229B
S214024A0002921F4A01921F4A00921F4A31462046CE
S214024A100AF078FA04B070BD314620461B4A04B04C
S214024A20BDE870400AF056BA31462046184B194A7D
S214024A3004B0BDE870400AF031BA00220292164A6B
S214024A400192104A0092154AE0E702220B4B1A70B6
S214024A5000221046124904B0BDE87040FEF7BAB90B
S214024A60002202920F4A0192064A00920E4ACDE7AF
S214024A704D20CFE70120CDE7C85600200163002075
S214024A8085480200C14A0200C56F03006D49020054
S214024A906148020059490200C9480200D94802008A
S214024AA0394802004D480200876F030008B50AF035
S214024AB059FA0C22014B00201A7008BD016300202F
S214024AC0F0B585B0ADF8060018B97621644815F041
S214024AD0F2FFBDF8060011F091FE0446BDF806008E
S214024AE011F08CFE082846D00C2CBDF8060042D1E8
S214024AF011F074FF074616F0BCF80DF10F010646DA
S214024B00BDF8060010F0B0F9002879D0092200217D
S214024B10384615F0CFFB9DF80F301033C518BDF898
S214024B20060015F0A3FCEDB2854269D22946BDF80F
S214024B3006000AF025FB06F44C4416F440660546C9
S214024B4014D0F81C16F095F84FF6FF73984208BF7B
S214024B5044F04004B6F5006F08D1781D16F089F8C7
S214024B604FF6FF73984208BF44F010049DF80F30CA
S214024B705BB3072D44D1BDF8060011F035FE04469E
S214024B80BDF8060011F03AFE082817D0A30615D580
S214024B9024F0200189B2BDF8060011F010FEBDF81F
S214024BA0060011F01BFF0021092215F083FB00F11D
S214024BB0100189B20DF1060013F015FD0022BDF8B2
S214024BC00610284816F0BFF81AE0082D16D8BDB110
S214024BD0013D072D14D801A353F825F0394C0200E5
S214024BE0454C0200014C0200054C0200014C02003A
S214024BF0514C0200774B0200574C02007C2D24D009
S214024C0005B0F0BD24F48844A4B2B4F5084FF7D139
S214024C10BDF8060011F0EDFDBDF8061013F0A4FB7A
S214024C200028A8D0BDF8060011F03BFE002201467F
S214024C30022015F0E7FFE3E724F48064A4B2B4F59B
S214024C40484F97E7B4F54C4F94E7B4F54C4F92D0E3
S214024C504CF6500301E04CF640439C428AE700BF04
S214024C60244D0400D05B00202DE9F7430F46904602
S214024C709946064615F0DEFB0446304615F0F6FB6E
S214024C80C5B2083D2C44E178094BA2781970094B4D
S214024C9031461A70002043463A46CDF800900DF091
S214024CA061FF003818BF012003B0BDE8F08300BFE3
S214024CB01B6300201A6300202DE9F04FDFF84081C5
S214024CC0DFF8409198F8002099F8003006469A429C
S214024CD085B004D340F21911424815F0ECFE304676
S214024CE00DF10F0115F07AFD20B14FF48E713D489B
S214024CF015F0E1FE98F800709DF80F403D1B15F088
S214024D00FF0530D04FF0FF3C374B01211B78A14006
S214024D10184699F800304FF6FF790CFA03FC002388
S214024D20324A01F1FF3E0193C1F1000A9DF80430B8
S214024D30984243D8122004FB00002D4BA0F112012A
S214024D4005EBC5025200194404F101091844F6F7AE
S214024D50C3FD4FEA89092748A9F104010144AA00C4
S214024D604844F6F7B9FD224904EBC40201EB4203BC
S214024D7021F81260204A013712784FF6FF71DA7373
S214024D801A745A7412025A801C4A0D2012781A712A
S214024D9010225A7100229A73C3F80620C3F80A201A
S214024DA0144B43F8242088F8007015F02BFF0EB938
S214024DB013F039F9204605B0BDE8F08F13884B454D
S214024DC00AD053680AEA030B03EA0E030B4403EB0A
S214024DD04B0343EA0C035360019B083201330193F1
S214024DE0A4E700BF374D0400686C0020344600205C
S214024DF06C5B0020304600201B630020026300200C
S214024E006F620020666C002010B5074C2046FEF745
S214024E1043FF04F06BFB02F0DDFE2046BDE81040C7
S214024E204FF47A5115F0F2BB2C6A00202DE9F041BE
S214024E30074600250A4B0B4E93F80080ECB2A045BD
S214024E4003D8FF242046BDE8F08108223846B11D6B
S214024E50F7F73CF801350028F4D01236EEE700BF2B
S214024E606F6200206C5B002007B50DF1070115F09C
S214024E70B5FC30B19DF80730034803EBC30300EBE3
S214024E80430003B05DF804FB6C5B00202DE9F84399
S214024E90294E044633785D1E2D1A8342EDB204D89D
S214024EA04FF4A171254815F006FE0123A3404FF0EA
S214024EB0FF305F1E3B4400214FF6FF7E6FEA030879
S214024EC01F4A92F800C01F4A127890401E4ACBB280
S214024ED09C4523D8BDB127B204EBC4041B4864002A
S214024EE005EBC50204F11201014452002044F6F714
S214024EF0F3FCBF001648AA00391D014402F0FC026A
S214024F003844F6F7E9FC33780022013B33704FF65B
S214024F10FF71BDE8F8430E2015F074BE1388734582
S214024F2007D0536808EA03093B4003EB59030343DF
S214024F30536008320131CAE76F620020374D040021
S214024F40686C0020666C0020344600206C5B0020F3
S214024F503046002010B50A4C207858B9094B1B7809
S214024F601A2B03D99921084815F0A5FD0322074BF1
S214024F701A7010BD0138C0B2FFF788FFECE700BF19
S214024F806F620020666C0020374D04006B620020C2
S214024F902DE9F047054615F049FFFF28044624D1BF
S214024FA0DFF884901E4B99F800201B789A422BD289
S214024FB02846BDE8F047FFF77FBE38883B79504564
S214024FC018D86F2B4FEA131214D85B0710D012377B
S214024FD008F1010899F800105FFA88F6B142ECD899
S214024FE00023104ADEB28E4214D32046BDE8F08774
S214024FF0022AECD913F088F90028E8D1294630466F
S214025000BDE8F04712F002B84FF000084FF6F77A04
S214025010044FDFE7107901338F28EFD81232E1E729
S214025020666C00206C5B00206F6200204FF6F77300
S214025030984210B514D8FFF7ABFFFF2810D0134CD8
S21402504000B200EBC00004EB40040DF09DFF1049D7
S21402505038B962880B7802EB0313A3EB1213638052
S21402506010BD227C637C09789A42E27323746174D1
S21402507007D98B4203D213468B4228BF0B461B022C
S214025080EDE78A42F8D31346F9E700BF6C5B0020CF
S2140250901B6300202DE9F04106460F4600240E4D04
S2140250A0DFF8388098F80030A34201D8BDE8F081D6
S2140250B0082229463046F6F709FF40B935F8063C7D
S2140250C0BB4204D02046FFF7E1FE013CE4B20134C5
S2140250D0E4B21235E6E700BF725B00206F62002082
S2140250E0F8B5054608460E46FFF7A0FEFF2830D064
S2140250F01D4B294653F820703046FFF7CBFF284653
S214025100FFF746FFFF28044625D113F018F9FF28BB
S2140251100AD1164C207838B10FF089FD2378B0FBFF
S214025120F3F202FB1300C0B2294611F06FFF0446E9
S21402513023B20F4D03EBC30305EB430508223146AA
S214025140A81DF6F7C9FB2B79204603F00F032B7137
S214025150F8BD0027D3E7074B1B78002B18BF0027A4
S214025160014B43F82070E3E730460020666C0020CF
S2140251706C5B0020886C002038B50B4B04461B780D
S2140251800D46834204D840F25A21084815F093FC93
S214025190074804EBC40400EB44002946BDE8384047
S2140251A008220630F6F798BB666C0020374D0400DE
S2140251B06C5B002070B5044608460E4615F036FEB7
S2140251C0FF28054610D02046FFF730FEFF2807D0FE
S2140251D0084B1B7823B9084B53F8202043F82520A8
S2140251E021462846FFF7C8FF31462046BDE87040F4
S2140251F0FFF750BF886C0020304600202DE9F843A8
S2140252000024804601272646114DDFF84C9099F877
S2140252100030A34210D83E430134E4B21A2C4FEABF
S214025220470705F11205F2D14FF0FF30094B1B7804
S21402523098403043BDE8F8832B884345EBD0284698
S21402524011F02DFF0328E6D82B796F2BE3D8E3E77E
S2140252506C5B0020666C00206F62002010B5084C64
S21402526000EBC00004EB400423795B0707D120461D
S21402527011F015FF237923F007031843207110BDA0
S2140252806C5B00200022084B1878084BD1B288428B
S21402529003F1120300D8704713F80D1C013221F0F7
S2140252A0100103F80D1CF1E76F6200206C5B002012
S2140252B02DE9F04702261227DFF85C90DFF85C80C3
S2140252C099F8004000250CE007FB05F338F803A028
S2140252D00021504611F0F8FE10B15CB1013CE4B278
S2140252E0013599F80030EAB29342EDD8A34204D1D0
S2140252F04FF6FF7A5046BDE8F0870FF098FC99F813
S2140253000030012EA3EB040390FBF3F202FB130022
S214025310C4B2EDD00126D5E76F6200206C5B002098
S214025320034B00211A7803489200F6F783BA00BFAF
S214025330666C00203046002010B5134B0C461B78D6
S21402534086B0834212D9114900EBC00001EB40013E
S214025350082220460631F6F7BFFA00220821204628
S21402536011F05BFC80F00100C0B206E0C01A01A991
S214025370C0B212F0EDFF10B1002006B010BD01ABB6
S21402538003CB20606160E8E7666C00206C5B00205F
S21402539008B5074B024653F820308B4206D9152033
S2140253A04FF6FF7115F02EFC002008BD0120FCE729
S2140253B030460020024B013143F82010704700BFF0
S2140253C0304600202DE9F34781460C4600272A4E38
S2140253D0DFF8ACA09AF80030FDB2AB4210D86946AE
S2140253E0204612F0CEFFC0B3082269464846F6F7BA
S2140253F06DFD90B34946204612F00CF9FE2537E0C3
S21402540006F10608082241464846F6F75FFD90B9BF
S2140254104FF6FF739C422BD03388A34228D02046F7
S21402542015F015FDFF2814D14946204602B0BDE806
S214025430F047FFF755BE14B912360137CAE733886C
S214025440A342F9D100220821404611F0E6FB0028CB
S214025450F2D12846FFF71AFDCCE74946002015F0A0
S214025460F4FCFF28054603D0044B1B780344DDB248
S214025470284602B0BDE8F0876C5B0020666C002010
S2140254806F6200200F4B1B7883420CD8C01A0E4A5C
S214025490C0B232F81030D90411D443F4805322F843
S2140254A0103001207047094B00EBC00003EB4003AD
S2140254B05A79D10603D442F010025A71F1E700205D
S2140254C0704700BF666C0020A05B00206C5B00206B
S2140254D0F0B5134B06461B78FBB100251148DFF8E2
S2140254E04CC090F800E0104807781F44E8B28645A2
S2140254F001D80020F0BD7C1B94FBF3F003FB1044A4
S2140255000CEBC4003CF83440B44204D1002AF1D17A
S21402551084788C42EED00135E8E71846EAE700BF09
S214025520686C0020504800206D620020344600203F
S21402553070B50CF07DFE14250F49104E0B7832889C
S21402554030809B1A03449BB2B3FBF5F405FB14337D
S2140255500B700B49E2B20B78934292BF00239B1A60
S214025560DBB2032A0B7088BF002306499EBFD20017
S2140255700B68D3400B6070BD04630020D45B002030
S2140255806C62002050480020084B1868084BC2B2D4
S2140255901B789A4208D2074BC0F307201B78984222
S2140255A034BF002001207047012070475048002079
S2140255B0686C002003630020F8B505461746FFF71F
S2140255C0E3FF064610B9184B1A783AB92120012291
S2140255D04FF6FF7115F016FB0020F8BD1348DFF8F2
S2140255E054C003780133B3FBF2F402FB14330370A6
S2140255F00F48DCF8002000EBC30420F8335002F119
S2140256000132A1703846CCF80020FFF7F7FDE670AD
S214025610606011F074FBA84201D10120DDE7E37857
S2140256200133E370F9E700BF686C00206D6200206A
S214025630344600205048002010B50B4C0B4A237805
S214025640063B13700CF0F4FD0022094BFF21188074
S214025650084B09481A602278D200F6F7EBF80422C3
S214025660064B1A7010BD00BF686C00200363002052
S214025670D45B002050480020344600206C62002094
S2140256802DE9F843074615F00FFA05461A4815F0B5
S21402569082FB1A4B48B31C683C1B2C44A4B2002263
S2140256A0174BDFF864901B78164D99F8006005EBEF
S2140256B003155FFA82F8464509D9AB8805F1100052
S2140256C0A34215D9B21A29461201F6F705F9013690
S2140256D089F80060AC80B8F1000F03D1394606485D
S2140256E014F094FF2846BDE8F8833C461D60D6E7D2
S2140256F005460132DDE700BF4C6A0020CC5600208A
S2140257000663002030450020076300202DE9F74F8E
S21402571015F0CAF94FF0000E284D294F2978294C6A
S21402572097F800A004EB011303EB0A120092F3466B
S2140257305246DFF898801FFA80FC0646B8F800004A
S214025740ACEB0009A0EB0C001FFA89F90190009857
S214025750984217D1BEF1000F00D02970524503D2ED
S21402576000203A70FDF7DEFA3B7823B32B78164812
S21402577004EB0314A188C8F8006003B0BDE8F04F3C
S21402578014F044BFB3F804C0CC450FD84FF0010E56
S21402579093F802C001310CF1FF3C013AA3F804B0C1
S2140257A083F802C0C9B2D2B21033D0E7019884445B
S2140257B0A3F804C0F8E703B0BDE8F08F0663002044
S2140257C007630020304500204C6A0020CC5600209B
S2140257D07FB56C461E4B1F4D1E78013EF6B21E70FC
S2140257E095E80F0084E80F001B4B28461A7805F14F
S2140257F0100132441201F6F76FF89DF8026016F0B7
S2140258000F0511D1BDF8080009F02CFE360918BFA5
S21402581029464FF00002BDF8000008BF039904B005
S214025820BDE8704002F022BDBDF80400FFF728FF75
S2140258300346828804ADADF80420224603CAAA4273
S21402584018605960144603F10803F6D104B070BD1F
S214025850066300203045002007630020F8B50024C8
S214025860084D094F094E3B783178E2B20B449A4212
S21402587004F1010400DBF8BD2846FDF71DFF1035D4
S214025880F1E700BF304500200763002006630020D2
S21402589070B5134B06460D46104612491A78124B3F
S2140258A009781B780B44934206DB1F204FF6FF71E4
S2140258B015F0A8F9002070BDFFF7E2FE013506805C
S2140258C08570044615F0EBF8E08009F0D1FD40F64D
S2140258D002432081E3600020FDF724FA0120EAE774
S2140258E0656C002007630020066300202DE9F8435C
S2140258F086460023144FDFF85C803E7898F8005006
S21402590012497219DCB294421CDA4FEA041C31F8CE
S2140259100C900133F14501EB0410F3D1631CD21A4B
S2140259200CF1100C12016144F5F7D6FFA5428BBFAD
S21402593005F1FF3506F1FF3688F800503E700CB9C7
S214025940034B1C70BDE8F883076300203045002037
S2140259500563002006630020044B054A1B78127874
S214025960D3420CBF01200020704700BF0663002010
S21402597007630020024B1878003818BF01207047D2
S21402598006630020002108B5084B09481970094B28
S2140259901970094B1970094B1A781201F5F74AFF6C
S2140259A0BDE808400648FEF777B900BF0763002047
S2140259B0304500200663002005630020656C002049
S2140259C04C6A002010B50B4C23784BB10A4802F003
S2140259D03BFD58B1084B0121188811F082FA08B92C
S2140259E0002010BD0122054B1A70FAE7FFF7F0FE01
S2140259F0EAE700BF0663002030450020056300206A
S214025A0010B50E4B1B78BBB10D4C238883424FF06A
S214025A10000311D10B4AE160137049B9A378103321
S214025A20A37011F028FD18B9A37823F00F03A37012
S214025A30FFF7CEFE012010BD1846FCE706630020E5
S214025A40304500200563002070B592B00C4606462D
S214025A500FF0EAF8E17A05460020FCF733FE28B399
S214025A6094F90A0011F0E4F810BB134BE27A2946C7
S214025A7083F85820A27A83F85A206A46FDF748F936
S214025A804FF6FE739E420CBF4FF6FF7323896A469B
S214025A9029460020ADF80660ADF80430FDF7EEFBAF
S214025AA040B92289054B5A8012B070BD5520FBE7DB
S214025AB05620F9E72120F7E7E4550020D0560020CB
S214025AC010B50446014608220948F5F705FF237B70
S214025AD0022B0AD8002B14BF3122012205490B7073
S214025AE017234B61044B1A7010BD00230122F5E701
S214025AF0D4560020D056002075620020014610239E
S214025B000120014AFEF742B964EE0100014B5861DA
S214025B10704700BFD0560020014B1878704700BF70
S214025B20D056002010B5054C2378112B03D0E22165
S214025B30034814F0C0FF4123237010BD7562002095
S214025B40424D0400064B01461B78042B04D1054A3D
S214025B50137E053313767047034814F057BD00BF13
S214025B6076620020D05600206C6A002008B50648EF
S214025B70FDF7A2FD0548FDF79FFD0FF081F9BDE890
S214025B80084000F0EBBF00BFD05B0020025C0020A4
S214025B90064B1878332806D000F0EF00A0F1430336
S214025BA05842584170470120704700BF7562002076
S214025BB0002208B5074B4FF6FE701A7011F0ABF8CC
S214025BC04FF6FF7011F0C4F8034B5869BDE8084061
S214025BD00FF0ECB875620020D056002008B5064BD0
S214025BE0187838B10548FEF743F84FF47A73B0FBDD
S214025BF0F3F0C0B208BD00BF6A6200201048002061
S214025C002DE9F0438BB00746154698460E469DF89A
S214025C10489049B9104605AC15F019F9214612F01C
S214025C2097FB172818BF2646B9F1000F0AD1124B68
S214025C301B781BB9284612F0A8FBD0B92846FEF7F7
S214025C40A1FA02E0284612F0A0FB80F00104E4B2BA
S214025C509DF850302A4602939DF84C303146CDE9E5
S214025C60009338464346039411F07FFA0BB0BDE822
S214025C70F0834C46ECE700BF716200200022014B25
S214025C801A767047D056002008B50020FEF788FC2A
S214025C900023024AC2E90133538008BDD0560020D1
S214025CA010B5144B1B78033B012B16D8124BB3F8D6
S214025CB068204FF6FF739A420FD10320FEF7E6F8EC
S214025CC001F052FFFFF7E0FF002014F0A9FA78B1C6
S214025CD0BDE81040002010F08FBEFEF7C7F804465D
S214025CE0FEF7BEF80146204607F01AF80220E5E75E
S214025CF010BD00BF76620020E455002008B5114AA8
S214025D00114B58611378032B1BD0D3B1332B01D020
S214025D10432B10D10D4B1B78033B012B05D80323D5
S214025D201370BDE808400FF041B80FF03FF8BDE829
S214025D300840FFF7B5BF21231370BDE8084001F005
S214025D407DBD08BD75620020D05600207662002018
S214025D5008B50348FDF7A0FFFFF796FF022008BD2F
S214025D601048002038B5114D04462B78834218BFE0
S214025D7028700FF028FC80B124B920460FF025FCCD
S214025D8002220DE001200FF020FC2B781A1F012AB8
S214025D9005D9062BF4D1032202E0002CF5D101220C
S214025DA0BDE838400021084611F01FB9766200208F
S214025DB030B5044685B068460D46FFF79FFE94B19F
S214025DC000212846144A01F0F3FE144B20681B7883
S214025DD061688DF80430124B1B788DF8053002ABE3
S214025DE003C305F071F90F4B93F8582093F85A3015
S214025DF08DF803208DF8023010F09EFFADF80000FB
S214025E0010F07DFF1023ADF8060069460020064A12
S214025E10FDF7BCFF05B030BD00F8FF075C6C002044
S214025E2076620020E455002064EE010010B5104BA7
S214025E3004461A780F4B002083F8582014F0F0F925
S214025E4010B1002010F0D8FD00210846FFF7B0FF81
S214025E500FF0ABFB2046FDF749FA40F617400EF06E
S214025E60A5FF0023044A1380044A138010BD00BF16
S214025E7008630020E4550020AA5B0020A85B0020EF
S214025E801FB504466846FFF739FE54B100238DF865
S214025E900530102369460020064AFDF777FF04B056
S214025EA010BD10F02CFFADF8060010F045FFADF85F
S214025EB00000EEE764EE010010B50146044600203D
S214025EC0FCF700FC90B10C4B1B78023B032B0FD85F
S214025ED00A4B1C7014F0D8FC60B9094A0949FCF751
S214025EE079FF003818BF0120800010BD5520FCE75E
S214025EF00220FAE74D20F8E77562002008630020CA
S214025F007D8702002D5E0200F8B5064614F0BCFC42
S214025F10044668B914F084F950B1064D204695F847
S214025F20587085F8586010F067FD10B185F8587003
S214025F304D20F8BDE45500202DE9F0418046184674
S214025F40033B012B0E46174602D918B1212438E02E
S214025F50FFF708FF274B1D78022D08D0032D46D1E8
S214025F60B8F1000F03D1244B1B689B073FD43320A4
S214025F70FDF78CFF01F096FAB6F1006F34BF1F4BA7
S214025F80052231464FF0060038BF1A78FEF7FCFCB1
S214025F90044628BB1A4D2873012000F017FE10F0A5
S214025FA0CBFE68802846B8F1000F0DD0022300F819
S214025FB0043B11F02DF96C732F61394630460EF012
S214025FC039FE2046BDE8F081012300F8043B11F0BB
S214025FD01FF96C732F61394630460EF02AFEF0E741
S214025FE02846FDF753FFB8F1000FF4D0E5E7022488
S214025FF0E7E700BF7562002064480020896C002035
S214026000D0560020034B187818B9034B034A1B7866
S214026010D05C70477462002076620020709A04009A
S21402602038B5437B0446DB0703D590F909000FF029
S214026030BBFA00250F4B83F859502079FFF764FF0F
S214026040FFF7E0FF61882488034622462846FEF7CB
S214026050ADFA044620B11720FFF750FE204638BDA1
S2140260601723054DC82105486B6114F0CFFA0323A8
S2140260702B76F3E7E4550020D05600206C6A002009
S214026080F0B51A4D06460C4693B0A5F8680005F121
S2140260906A0729BBC5F86A1079600EF0C5FD6A4624
S2140260A001460020FCF734FED5F86A30ADF81060E1
S2140260B0CDF812307B68CDF816300EF0B5FD6A4684
S2140260C001460020FDF7DAF84FF6FF73B5F86800D0
S2140260D0984203D014B106490EF0AFFD13B0F0BDDE
S2140260E008223846F5F7F8FBD7E700BFE45500204C
S2140260F04E5600202DE9F041DFF8B8801F4698F88A
S214026100003005460C4616461BB102252846BDE859
S214026110F081531E052BF8D814F0B6FB0028F4D1F4
S2140261203B7B032B14D14FF6FE739C4212D1012EF9
S21402613009D0022EE9D110F0E2FD4FF6FB73984229
S21402614003D810F0DCFD044604E011F033FAFAE757
S214026150012EDAD0EDB939462046FFF775FC054622
S2140261600028D3D198F80030332B03D0532B1CBF12
S2140261700E4B18613046FFF7F5FD00214FF6FF7013
S214026180FFF77EFF0A4B1B78002BBFD012F0E3F816
S214026190BCE7397B721ECB1E5942594150425041D0
S2140261A005F07CFF05460028D5D0AFE7D056002084
S2140261B08A6C0020756200202DE9F04105460F46E4
S2140261C0904610F09CFD6B7B0446DB0703D595F9E1
S2140261D009000FF0E9F910F092FD384B384E18809E
S2140261E010F0AAFD374B1880FDF73AFE364B1880A2
S2140261F0FDF73CFE082201463448F5F76DFB10F029
S21402620040FD334B18702879FFF77EFE0021688820
S214026210FFF736FFFDF726FF60B14FF6F672631EF4
S2140262209BB2934206D911F0C5F9B6F86830044617
S2140262308342F8D0204610F06EFD288810F088FDC4
S2140262404146B6F86800B847044628B91920FFF751
S21402625055FD1920BDE8F081B6F8681010F008FB6D
S21402626000231C4D86F859302B7803F0FB03022BD3
S21402627002D0204610F069FF002220461146FFF7A2
S21402628007FB0446B0B117236B61134B1B78042B34
S21402629009D1C821114814F0B9F903232B7684F0EA
S2140262A00100C0B2D6E74FF416710C4814F0AEF9EE
S2140262B00023F3E71720FFF721FDF0E7DA5B002063
S2140262C0E4550020D85B0020D65B0020096300203E
S2140262D011630020D0560020766200206C6A0020EF
S2140262E0F0B50C461E460B462049074689B004F117
S2140262F0140053F8045B834241F8045BF9D11B880F
S21402630002AD0B80D4F80E00D4F81210238803C511
S214026310ADF8103023798DF812208DF81330002353
S2140263203A468DF814304FF6FE71012002ABFFF7A5
S214026330E1FEC8B902A8FFF7C3FB237B4BB10C4DA5
S2140263400C4B01AA2946012001930FF00BF92A787B
S2140263501AB92046FFF764FE03E020460199FFF7CC
S2140263602BFF08B9044B1E7009B0F0BDDC5B0020A1
S214026370D0560020277203001263002001232DE965
S214026380F341304E05460F4600202F4914467373DC
S21402639000F0EAFB0FF00AF9DFF8AC8038B9012DFD
S2140263A001D9042D0FD1214638460EF0C3FC102029
S2140263B0002111F0E8FF00283CD0002002B0BDE822
S2140263C0F041FCF7AFBC002CF1D1204B1B78212BFF
S2140263D003D0062B01D0532B02D101F02FFAE6E7A9
S2140263E0FDF740FE0028E2D000F0EAFB28B9307B39
S2140263F0C0F11800FFF782FCD9E7154B414620464C
S214026400019300F0B1FB20B140F61901114814F0D7
S21402641052FB01AA0B4998F80C000FF0A3F8327849
S2140264201AB90948FFF7FCFDC1E701990648FFF7CC
S214026430C3FEBCE7FFF79EFA0028BED102B0BDE855
S214026440F08100BFD0560020DC5B00207562002081
S21402645027720300424D04001FB5144B04461B88E6
S214026460DB0707D44FF6FF700021FFF709FE002076
S21402647004B010BD0A230E4A012001A9FDF786FCCE
S2140264804FF6FF73BDF80C209A42EBD00822FF218C
S21402649001A810F0C2FB0028E4D10CB90120E7E7FE
S2140264A0BDF80C0001A9FFF7EBFDF7E7F45B00204F
S2140264B026E1010038B50C46154610F02CFC02F019
S2140264C053FF29462046FFF7DBFD00F079FB48B173
S2140264D0054BDB790E2B28BF0E230133DBB2034AB2
S2140264E0137038BD0123FAE7DC5B00201E63002030
S2140264F038B51D46FFF7FEFD0446C8B92B7B284675
S214026500032B03D1BDE8384010F0A1BEFFF7D8FA3E
S214026510084B25469C8110F0B4FB0121064B8140B6
S2140265201A780620FEF730FA044608B1034B1D70AF
S214026530204638BDD0560020896C002075620020A7
S21402654030B5012087B0FFF787FF6B460446144A32
S2140265501068516803C384B904F0C4FD02A8FFF7AB
S214026560CDFA4FF6FF752246BDF80E002946FFF714
S214026570A1FF0EF066FB07B030BD6B46094AD2F8A3
S2140265806A00D2F86E10B2F8685003C304F0AAFD8F
S21402659002A8FFF7B3FA6A46BDF80E00E6E700BFA8
S2140265A0D6D50300E455002037B5324B04461B7897
S2140265B01BB10224204603B030BD14F065F9002852
S2140265C0F7D100F00DFB14B122882B4B1A80002164
S2140265D00DF10700FDF7D0FC002848D110F009FEA7
S2140265E004460028E6D1254D9DF80700FFF7BAFBC2
S2140265F02B78033B012B27D82046FFF72DFF18B335
S214026600FFF79EFF00F0FCFEFFF74AFB012010F0AA
S21402661002FB48B9184B1B889A0707D52346052262
S21402662001201749FFF788FC0446C3E7154D0223ED
S21402663029460120144AFDF7A9FB2B885B07B9D52A
S214026640204600F0F1FEB5E72B78053B012BB1D8CA
S214026650FFF776FFFFF724FB2B78052B0CBF0420F1
S2140266600520FDF713FC012010F0D5FADCE717240D
S214026670A0E700BF75620020F45B0020766200206F
S21402668000F8FF07A65B002027E101007FB5002483
S214026690184E194D3278E3B29A4201D804B070BD52
S2140266A04FF6FF73B5F868209A421AD0134B1B8830
S2140266B0DB0714D5124AB5F8683010685168ADF891
S2140266C00C3001AB03C30F4A0A23002001A9FDF7D1
S2140266D05DFB022300200C4A0C49FDF757FB0134F0
S2140266E0D8E700220821064810F097FA0028F6D1CB
S2140266F0DCE700BF676C0020E4550020F45B002056
S2140267004E56002026E1010027E10100A65B00208C
S21402671010B500F0C7FE01F013FCD8B10E48FDF725
S214026720BBFA0E480E4C017A0E30FFF741FB237877
S2140267301BB100F0F7F9002323700022094B1A73ED
S214026740FFF7AEFA07F0B8F900F012FFBDE8104006
S214026750FFF79CBF10BD00BF6C6A0020DC5B002008
S21402676012630020D056002010B52548FDF794FA93
S21402677001F0E6FB30B1234B1B781BB9BDE8104095
S214026780FFF7C6BF01F0DCFB78B11F4C237E83B156
S214026790C8211B4813F03AFF0021237E0846013B1E
S2140267A02376BDE81040FCF72BBBFDF75BFC002808
S2140267B0EBD1FDF757FC154B1B7858B9112B03D0BC
S2140267C003F0FD03412B19D1BDE810400E4B58696A
S2140267D0FFF794BA332BF7D10D4B188810F09BFABB
S2140267E00C4B188810F0B4FA0B4B0C491888FFF7BC
S2140267F047FC0B4B1878FFF787FBE5E710BD00BF99
S2140268006C6A002071620020D0560020756200205B
S214026810DA5B0020D85B0020D65B002009630020EC
S214026820116300202DE9F04F0F4685B002AD0446F5
S21402683029463846914612F038F84FF0000B824649
S2140268403846CDF804B010F0C9F84678022C8046D7
S21402685006F0020609D85CB1FDF704FC04460028DF
S21402686048D1754B01241B7865E0043C022C3AD9CA
S214026870FDF7F8FB384610F02AF800240546A04635
S214026880DFF8D8A1384610F0A9F850F809300DF113
S2140268900500019314F0EDF99DF807B00746B8F12C
S2140268A0000F4DD1BBF1000F5BD0DFF88C9199F849
S2140268B000300BB1002E63D0002C61D05F4B1B78EA
S2140268C0022B5DD1BBF1000F53D1384610F023FAEC
S2140268D058465946FFF76CFA07F0EEF840F60740BE
S2140268E00EF064FA34E010F078FCFDF7BBFB0446C9
S2140268F0F8B15C464EB1524B1B78012B02D0043BDA
S214026900012B0BD805B0BDE8F08F4B4B1B782BB193
S2140269104B4B1B7803F0FB03022BF3D0BAF1000FAC
S214026920404608BF002511F0B3FF4FF0010882462B
S214026930A8E7414B1B78002BF0D0002EEED1E1E702
S214026940BAF1000FAED05046FDF71EFE0028A9D1C0
S214026950002013F065FC0028D4D0002010F04CF87C
S214026960D0E74FF6F7739F429FD91720FFF7C6F975
S214026970EEE7FDF777FB48B13248FDF78DF9F4E70D
S214026980FDF770FB10B1BBF1000FF5D1FDF76AFB06
S2140269900028DDD02846FEF749FAFF28DFF89CA03B
S2140269A0294C03D09AF80030012B04D12946B4F8BA
S2140269B06800FEF795FBFEF751FC2A463846B4F807
S2140269C06810FFF777FD214B214A93F906301B0228
S2140269D013809AF80030012B19D0312B14BF4323B1
S2140269E011238AF800301B4B1648196813F00EFE66
S2140269F000F006FD0023124C99F80010237641B9E8
S214026A00104813F003FE40F61B436361A0E7112310
S214026A10E7E7B8F1000F03D016B1FFF779FEF2E709
S214026A200D4B1B78042BEED10521064813F0EEFD24
S214026A3009232376E7E700BF716200207562002013
S214026A40D05600206C6A0020E4550020DC5B002053
S214026A50F25B00208C6A002076620020F86200203A
S214026A6070B508468CB00D460FF0B8FF092200211B
S214026A70064613F01FFC044628460FF028FF0522A0
S214026A8028460DF10F0304A90EF0E2F902281BD0E6
S214026A909DF80F3029461C440023E4B204F110028C
S214026AA0365D01200093D2B20CF05CF860B1022E83
S214026AB00AD1064B1B78012B06D1054B187818B95C
S214026AC022462946FFF7AEFE0CB070BD7562002066
S214026AD0D056002008B5084B187050B1074B1B88DB
S214026AE03BB14FF47A710648594313F08FFD0020EC
S214026AF008BD0120FCE700BF68620020086C002089
S214026B0030470020014B188000207047086C002098
S214026B1008B5FDF7C1F80022014B1A7008BD00BF88
S214026B206862002010B50024044B05481C80054B03
S214026B301C70FDF7B1F8204610BD00BFF65B0020C2
S214026B40906A00201363002008B50348FDF7A4F8F6
S214026B50BDE80840FFF7E6BF906A00200148FCF750
S214026B60ABBD00BFF65B0020F7B5134B04461B789F
S214026B700E46EBB183421DD90021104814F0DDF811
S214026B80002501460D4F09B9012009E0AC4209D1A2
S214026B900024162322463046009414F063F9204659
S214026BA003B0F0BD384614F0ECF801350146EAE7CA
S214026BB01820F5E72720F3E713630020F65B002092
S214026BC0014B1878704700BF1363002025289DBF2D
S214026BD0024B187000202120704700BF8B6C0020EB
S214026BE0012307B51846064A0DF10701FDF7CEF850
S214026BF09DF80720034B1A7003B05DF804FB00BF34
S214026C0029E101000A6C002084B010B502AC84E8C9
S214026C100F00082224480DF11601089CF5F756F9D4
S214026C2038BB9DF815309B0705D4204B1B7803F024
S214026C30FD03312B23D11E496378097803F00F0236
S214026C408A4203D0012928D1022A18D12278B2B961
S214026C501B09022B13D194F90230002B21DB154BB2
S214026C60B3F86820BDF80A309A4208D1FEF790FFC2
S214026C7006E0002208210C480FF0CFFF20B90020C2
S214026C80BDE8104004B070470B4BBDF808205B8887
S214026C909A42C6D0002BC4D0F1E70229EFD1012ACE
S214026CA0D3E70120ECE700BFD4560020756200202F
S214026CB05C6C0020E4550020D056002084B02DE9FC
S214026CC0F0478EB016AC84E80F00DFF868C1564B6A
S214026CD0BCF802009DF85D9010F001049DF9622058
S214026CE0BDF870E09DF875A09DF976709DF8785015
S214026CF09DF97A109DF95E809DF860601B782FD012
S214026D009DF87D00C0F34004C0F38000002B44D001
S214026D10464B1B78012B02D1002C00F08280C0B1BA
S214026D209CF800301E335BB2BB42ACBF0027012783
S214026D309845D4BF00230123BB4209D18A4208DB0F
S214026D400CD1A81BC0B280288CBF0020012000E016
S214026D5038460EB0BDE8F04704B070470020F8E7AA
S214026D6010F0020F18D0C3B1490814BF012000204A
S214026D70520814BF012300238342EAD1AB1BDBB2C5
S214026D80802B0AD9AE42E9D1B84506DB49D1CA45BD
S214026D9094BF00200120DCE70BB90120D9E7AE4200
S214026DA016D002AC1CAF0FCF0FC497E8030044F80E
S214026DB0040B2180DDE91A0116AB0090ADF8041031
S214026DC00FCB0EF0C8FB0028E7D1AE42B9D1C0E720
S214026DD0BDF8583073451ED008AC0DF1700CBCE8F7
S214026DE00F000FC49CE8030044F8040B2180104CEB
S214026DF0638873450FD10822211D0DF12E00F5F789
S214026E0065F8024638B90821201D0FF006FF10B9B2
S214026E106388002BC1D1B845BFDBC2D1CA45BCD8F6
S214026E20BFE7204695E700BF136300207562002087
S214026E30D05600200A6C002084B02DE9F04F8FB0A7
S214026E406A4E18AC08AD84E80F00162200212846C8
S214026E50F4F7F0FC33783BB90024654B32781B78A4
S214026E609A4239D2002726E00021624813F065FFD5
S214026E7000270446B846DFF87C91002C45D13FB186
S214026E80224639465B480FF02CFE3378013B3370BE
S214026E903378002BE0D0002156484FF0000913F05B
S214026EA04CFF4F468046CA46DFF848B1B8F1000F9D
S214026EB06CD1002FD1D01621002218A80FF0A9FD00
S214026EC0014648B1002F00F08B80224649480FF059
S214026ED0C0FD337801333370454B32781B789A42C3
S214026EE007D94448002201880FF0FBFD3378013BA6
S214026EF033703378012B03D13F49404813F086FBA9
S214026F000FB0BDE8F04F04B07047002221461623AA
S214026F102846CDF8008013F0A5FF1622294618A8A9
S214026F20F4F7D4FF0028EBD09DF864209DF82430B7
S214026F309A4225D1BDF86020BDF820309A421FD172
S214026F4008220DF12E010DF16E00F4F7BFFFB8B95D
S214026F5002AF0DF1600CBCE80F000FC79CE80300FF
S214026F6047F8040B39800EAB13E903000090ADF826
S214026F70041095E80F00FFF7A1FE0028C0D02746B0
S214026F802146484613F0FDFE044676E71623002205
S214026F9041462846CDF800A013F064FF02AF0DF17B
S214026FA0600CBCE80F000FC79CE8030047F8040B10
S214026FB039800EAB13E903000090ADF8041095E893
S214026FC00F00FFF77BFE074620B1B9F1000F04BFA2
S214026FD0444681464146584613F0D3FE804665E74E
S214026FE03A46044813F0AFFE73E700BF136300206F
S214026FF08B6C0020F65B002020BF0200906A002007
S2140270002DE9F04F002104469FB00DF140081622EC
S21402701040460E91CDE90C11CDF83B10F4F70AFC70
S214027020052220460DF11F0316A90DF011FF0228B6
S214027030074600F0F28020460FF0D0FC064613F01A
S21402704018FE8146F01C13F014FEADF84000701DC9
S21402705013F00FFE012FADF84200204640F0E0800C
S2140270600FF0BCFC0546204613F0E4F90D3502236A
S2140270702D1A0093214643460820EAB20BF072FD11
S214027080002800F0CA8020460FF0ADFC012F834690
S2140270909DF84D3040F0DC8000252F4643F001037A
S2140270A08DF84D3016AE3388022B4DD1F17820463E
S2140270B0023108F065F81B2846D1F17820460331E4
S2140270C008F05EF819283FD1F1782046043108F01E
S2140270D057F84A2838D14FF0050AF1782046013190
S2140270E0514408F04DF8F17805905144204608F0D6
S2140270F047F8059B00EB032083B200F03F02932B78
S214027100059240F095800023F778214602375744CF
S214027110FFB23A4600930CA80F2313F0A3FE07F122
S2140271200F01204611F09AFA07F111010546204692
S21402713011F094FAADF84200059B023353445FFA0D
S21402714083FA33795345C8D806360DF17603B3422F
S214027150A9D19DF84D20C5F3C03363F34102204602
S2140271608DF84D200FF0D1FB8DF8440020460FF02D
S214027170C1FB8DF8450020460FF0C1FB9DF832306A
S214027180BBF1190FC3F3C3028DF84720DDF8332095
S2140271908DF84600CDF84E20DDF83720CDF8522087
S2140271A094BF00229DF83E208DF8482003F003028B
S2140271B08DF84A209DF84D20DB0963F38202694B65
S2140271C08DF84D201B78022B56D1BDF840600FF08B
S2140271D0B3FD864250D108A810F01AF8BBF1190F79
S2140271E047D908220DF14E0108A8F4F76FFE0028D1
S2140271F03CD1B9F5004F02D0B9F5624F0DD140F639
S214027200FF7325F440459D4207D1002208210DF167
S2140272104E000FF002FD00283ED01FB0BDE8F08FF2
S2140272200FF0DCFB0546204613F004F907351EE78F
S214027230412B81D1F17820460231514407F0A0FF5C
S214027240494B1B78C3F1B30318448DF8490073E722
S2140272506FF30003F01D8DF84D3013F00AFD0CA9F4
S2140272600546204610F026F80B2772E700F058FD78
S214027270BFE700F055FDD0E7B9F5004F02D0B9F5EB
S214027280624FCAD140F6FF7325F440459D42C4D1F1
S214027290BBF1190FC1D9B8E7BBF11A0F06D007F137
S2140272A01F0142462046C9B20EF05BF92F4C304D04
S2140272B0637BDBB12B78012B1DD1012323730CAB2F
S2140272C0029314AC94E803000090ADF8041098E81A
S2140272D00F00FFF799FC90B194E803000090ADF818
S2140272E0041098E80F00FFF7A7FD08E0FCF7BAFEC7
S2140272F00028DFD0E1E703F0FD03042BDDD02B7876
S214027300012B01D0042B88D11A4BDDF84E001B78D6
S214027310DDF852108DF82230BDF84030ADF820303E
S2140273209DF84D30C3F340038DF823309DF831307D
S21402733003F00F038DF82C309DF848308DF82D3071
S21402734009AB03C30C4B1B681BB1414608A8984700
S21402735063E79DF946209DF8451008A80DF0E8FC65
S2140273605BE700BF756200201A630020D05600203B
S2140273700163002019630020C456002010B513F0E4
S21402738093FB114B1B78022B1CD1104A1468A042A7
S21402739018D00F4910600A68121B10440D4A086084
S2140273A012786AB1013A93403C2253434FF47A7200
S2140273B05343984206D9BDE810400320FCF766BD49
S2140273C00A23F3E710BD00BF756200205C48002068
S2140273D058480020586C0020064B1B88DB0708D54F
S2140273E00022054B43F82020044A135C63F00F0387
S2140273F013547047F85B0020AC4600203A62002027
S21402740008B513F051FB0022024B1860024B1A60BB
S21402741008BD00BF5C48002058480020014B186891
S214027420704700BF5848002008B50C48FCF734FCEB
S214027430FCF772FD80B10A4B0322B3F868100120F4
S2140274400EF0AFF84FF47A71064B04481B88594386
S214027450BDE8084013F0DAB808BD00BFB06A0020E5
S214027460E4550020EC6B0020014B1880002070478A
S2140274700E6C0020044A054B1870138823F0030391
S2140274801843108000207047F85B0020596C0020DB
S214027490034B1888C0F30E00003818BF012070474F
S2140274A0A65B002008B5FFF7F3FF30B100200449C1
S2140274B00223044A0880FCF769FC002008BD00BFCE
S2140274C0A65B002027E10100024B1888C0F30E00DD
S2140274D0704700BFA65B00200023084A01201370F5
S2140274E0074A08491370084B084A1B7843F00403FE
S2140274F013800223064AFCF749BC00BF166300202D
S21402750015630020A65B0020596C0020F85B002063
S21402751027E1010030B5012100240B2385B0104D70
S214027520019400918DF80C308DF80D000323B5F808
S214027530680003AA8DF80E4011F049F968B1B5F853
S21402754068100FF074FF40B10522064B64211A70D2
S214027550054B06481C7013F059F805B030BD00BF45
S214027560E45500201563002016630020D06A002030
S214027570064B1B78033B012B06D8054B1B781BB921
S214027580044B1878FFF7C6BF704700BF766200202C
S21402759014630020586C002010B51548FCF77CFBDD
S2140275A0144B1978F9B9144A13787BB1013B13705E
S2140275B0124B1B78042B02D10846FBF721FCBDE8D0
S2140275C010404FF496710A4813F020B80C4A1288FD
S2140275D002F00302022A0AD1BDE81040032201206B
S2140275E00849FEF7A9BCBDE81040FFF7C1BF10BDB1
S2140275F0D06A002016630020156300207662002001
S214027600A65B002000F8FF07084B1A785AB102233F
S214027610013A93404EF66022534303210448B3FBDB
S214027620F1F112F0F3BF42F21073F6E7586C002045
S214027630D06A002070B505461748FCF72DFB0122DC
S214027640164B28461A7011F0E6F8411C044689B219
S214027650284607F095FDA11C064689B2284607F083
S2140276608FFD0F4C02232080214600200D4AFCF796
S2140276708DFB86B9238803F00303022B03D1FFF7A1
S214027680BFFEFFF7C1FF23885B0704D5BDE8704045
S2140276900548FFF7C9BE70BDD06A002016630020F9
S2140276A0A65B002027E10100B06A00202DE9F04326
S2140276B01F4C0546238889B0002B33D01D4E00216F
S2140276C04FF4807010F03FFE3378DB0728D5012197
S2140276D0208812F0E7FE074620880FF07FF9023076
S2140276E013F0C7FA05A98046208811F07BF9337893
S2140276F0384613F0020F104B18BF0025B3F800905F
S21402770012F0B4FE0646384612F094FEF6B2029026
S214027710424606212846CDE9009605AB0DF0C4FA8E
S21402772000232380054809B0BDE8F043FCF7B4BA4D
S214027730FE5B002017630020FC5B0020F06A00203E
S21402774010B5044640F62140FFF7B0FF01214FF482
S214027750807010F0F8FD78B10022084B1C80084BB0
S2140277601A7007F085FEBDE81040064B1880064BDF
S2140277700648198812F04ABF10BD00BFFE5B002003
S21402778017630020FC5B0020EE6B0020F06A0020EE
S214027790044A137818B943F001031370704743F094
S2140277A00303FAE717630020044B1B781BB9044A4D
S2140277B01380FEF707B90020704700BF056300205C
S2140277C0FA5B0020042230B501F0400387B0002B9C
S2140277D0054614BF012400248DF80C208DF80D10E8
S2140277E004D004A910F0CDFD10B304ABCDE90043DC
S2140277F001210223284603AA10F0E9FF0446C8B175
S2140278000D4BB3F868100FF033F84FF6F7739D423E
S21402781009D9322202212046FEF73AF880F001000A
S214027820C0B207B030BD294620460FF000FEF5E78D
S2140278300120F6E71920F4E7E455002010B5FFF71B
S21402784031FE04F031FA0FF07EFC002010F091FDBC
S21402785013F01AF808B1FDF729F9204C2378532BB8
S21402786012D1032323700023FF2219460120FEF7BC
S21402787063FB002012F0D4FC10B100200FF0BCF81D
S214027880BDE810400DF091BE062B01D0212BF0D1A1
S2140278900120FEF7F5FA4FF6FE700FF03CFA4FF6AF
S2140278A0FF700FF055FA0020FEF752FA0020FEF79E
S2140278B059FAFEF7E9F900F029FB0DF079FE237874
S2140278C0212B02D1FEF774F9D3E70020FCF7DEFA8B
S2140278D000214FF4004010F026FBCAE77562002034
S2140278E010B50A4C0A48FCF7D7F92378062B02D1C2
S2140278F00120FEF7C5FA2378062B01D0532B03D1BD
S214027900BDE81040FFF79ABF10BD00BF75620020A9
S214027910106B00202DE9F047DFF8C08004460E46C3
S2140279201746FFF7BFFD98F8005015B90220BDE8CC
S214027930F087212DFAD0284813F02DFA0028F5D129
S21402794014F0200439463046DFF894A0DFF894900D
S21402795005F00F051BD00DF06FF9012D8AF80070A7
S214027960A9F8006029D1212388F80030FFF766FFC6
S2140279700020DCE7212388F80030FFF75FFF0021B4
S2140279804FF6FE70FEF77CFBFEF780FEF0E70DF08A
S21402799052F9012D8AF80070A9F80060EAD0062391
S2140279A021464FF6FD7088F80030FFF70BFF40F2D5
S2140279B02621094812F02AFEE1E7532321464FF614
S2140279C0FD7088F80030FFF7FDFE40F226210248DF
S2140279D012F01CFECCE700BF106B00207562002080
S2140279E018630020106C0020F8B50D460646511CA0
S2140279F0284607F0C5FB044628460EF0EFFF05466C
S214027A00023013F036F9154B07461B78022B02D0CC
S214027A10043B012B21D8124B1B68580201D5A10644
S214027A201BD5620619D50F4BB3F86830B34214D192
S214027A306B781B070DD5284610F02AFFFCF7A4FD2D
S214027A4058B1314604F020000122BDE8F840FFF7A5
S214027A5061BF0FF054F9B842F3D0F8BD756200204A
S214027A6064480020E455002073B504460D4613F022
S214027A70EEF9FF28034625D0134A12784AB1134A74
S214027A8032F81020520404D510F064FC002002B034
S214027A9070BD184610F06FFC6946064610F071FC81
S214027AA040B1FCF7E7F928B10023022269463046C6
S214027AB005F0DCF8204645F0400102B0BDE8704013
S214027AC0FFF780BE0120E2E771620020A05B002083
S214027AD038B505460EF082FF0446284610F09BFE97
S214027AE0411C89B2284607F04BFB42060DD5637847
S214027AF01B070FD5204610F0CBFE0146002013F0E0
S214027B00A4F9BDE8384010F025BC0348BDE838406B
S214027B10FFF7E6BE38BD00BF106B002038B54FF643
S214027B20FF75A842044617D00FF006F9A04213D0FC
S214027B304FF6FD72094B198891420DD9084A1288F0
S214027B40AA4201D0A24207D11C804FF47A71BDE846
S214027B503840044812F05ABD38BD00BFF66B00200C
S214027B60126C0020F047002008B50448FCF794F891
S214027B704FF6FF72024B1A8008BD00BFF047002086
S214027B80F66B002037B505460C46082369460120E9
S214027B90064AFCF7FBF815B19DF806302B700CB1BF
S214027BA0009B2360BDF8040003B030BD25E1010050
S214027BB007B508238DF80600ADF804100092694652
S214027BC00020034AFCF7E2F803B05DF804FB00BFAE
S214027BD025E10100024A13780BB1013B137070478E
S214027BE06662002008B50FF0B3F800214FF6FF7268
S214027BF0054B08461A80FEF7DBF8BDE8084040F65B
S214027C0016400DF0D3B800BFF66B002008B5FCF79F
S214027C1043F80A4B1B78023B032B08D84FF6FE7339
S214027C20074A108898424FF6FF7301D1138008BDA9
S214027C309842FCD0BDE80840FFF7D4BF756200202A
S214027C40F66B002010B5084B1B78042B0AD00FF0F9
S214027C5056F8002104460846FFF794FF231A5842B6
S214027C60584110BD0020FCE776620020F0B50026E1
S214027C7089B00546CDE90566ADF81C6010F0CBFD6F
S214027C800A23024604462946009605A813F0EAF897
S214027C909DF815309DF814701F2B27D803A80FF0F7
S214027CA0B7FA08220DF1160103A8F4F70FF90646F3
S214027CB0E0B9092F1CD1FFF7C5FFB8B1144B1B78EA
S214027CC0A3B1144B1A884FF6FD739A420ED9124C82
S214027CD0124A23780433DBB223701278013AB3EBEC
S214027CE0820F03DD58B20BF01BF9267009B0F0BD07
S214027CF00A34E4B22146284607F042FA0FF01BFB8C
S214027D00611C284610F0AAFCFFF708FFEEE700BF4A
S214027D106C6C0020F66B002066620020576C002018
S214027D2038B5134B1B78033B012B20D9114B4FF66A
S214027D30FF711B78ABB1104D2B888B4217D10EF01A
S214027D40FBFF4EF6602104460C4812F05FFC4FF62D
S214027D50FE7322462B800021BDE8384009200FF032
S214027D60F8BA074A13888B421CBF0133138038BD0A
S214027D70766200206C6C0020F66B0020F047002034
S214027D80A25B002008B50448FBF786FFBDE8084062
S214027D9000210846FBF734B8306B002010B50446C5
S214027DA061B1FF210EF0BBFD002120460EF0BDFDA5
S214027DB00EF0FEFC014620460EF0BDFD2146BDE853
S214027DC010400022014812F0BEBF00BF025C002035
S214027DD02DE9F0410D46174604460EF0FFFD0678E3
S214027DE02846FCF74DF92946804620460EF040FD0F
S214027DF00EF085FFA84206D120460121FFF7CEFFEE
S214027E000120BDE8F0812846B8F1000F0AD0FCF741
S214027E10B9F950B9144B3A462046BDE8F0411978F4
S214027E20FDF736BD10F0B1FAF3E706F00306012EB1
S214027E3008D00EF064FF00232246294602F042FADA
S214027E400028D9D120460EF0CFFC430505D52046A2
S214027E50BDE8F04100210FF044B8204610F080FA49
S214027E60B0FA80F04009CCE7566C002010B586B018
S214027E70044610F0D0FC104B02461868197902909E
S214027E80D3F805005B7A01328DF8143000238DF8A2
S214027E900C1004902146009392B2052304A812F017
S214027EA0E1FF052204A902A8F4F710F8B0FA80F060
S214027EB0400906B010BD00BFE899040008B5114895
S214027EC00EF049FE104B1B78012B06D8FF2010F04F
S214027ED01AFAFDF7B1FB10F035FAFDF73BF801F0A0
S214027EE091FCFFF7F9FA10F00EFE07F0F1FDFDF730
S214027EF049FD07F03DFB0CF0A1FEBDE8084002F08C
S214027F00D3BC00BFAC5600203362002008B5F0F7A1
S214027F105DFDFF2803D0094B1B78012B06D90020F4
S214027F2010F0F1F9FDF788FB10F00CFAFDF712F8E5
S214027F3001F068FCBDE8084002F0B6BC33620020DF
S214027F40064B1878112806D000F0FD00A0F1410378
S214027F505842584170470120704700BF75620020A2
S214027F602DE9F8430446FDF70FFB18B1002630460C
S214027F70BDE8F8834FF6FF78184BB3F86810414512
S214027F80F4D020460EF074FC154B022120461A88C7
S214027F90FDF77EFC06460028E8D020460EF01EFDC1
S214027FA090F807900546043012F063FE07460EF07E
S214027FB0A6FE494602463846FDF7FEFAA81C12F00F
S214027FC058FE404502D12046FFF7BAFB2B789B07A6
S214027FD0CDD101212046FFF7E1FEC8E7E455002097
S214027FE0005C0020F8B507460EF0F8FC05460430A3
S214027FF012F03FFE0646A81C12F03BFE0446304630
S21402800012F025FF3046FCF73BF82B789B0701D190
S2140280100EF075FEAB790BB90320F8BD0EF06FFEBD
S214028020A0420CD10EF06BFE0446094B21463846A0
S2140280301A78FFF7CDFE0028EED00020EDE7054BBC
S2140280401B78052B1CBF044BB3F86840EDE700BF56
S214028050005C002076620020E45500202DE9F04105
S214028060064610460D4610F0D6FBA0F11004E7B205
S21402807056FA84F42146EA1B04F10E00F3F72CFCB0
S2140280802823DFF84480F35598F80030637301F034
S214028090CDFB611C024601200DF09FFA0822094919
S2140280A0601DF3F719FC98F800000FF098FF05F131
S2140280B00E0130463B460022C9B201F069FC12208E
S2140280C0BDE8F081F8620020706200202DE9F04FD2
S2140280D087B004460EF082FC064620460EF0E1FB10
S2140280E00746301D12F0C5FD8146B01C12F0C1FDD8
S2140280F0384696F807A012F0B3FE33789A075FD197
S2140281002146042001F04CFD002859D0204610F0EC
S21402811082FB0146204607F033F8830750D12046FB
S21402812010F079FB0146204607F02AF810F0030308
S214028130039345D12046FFF799FE002840D02046FB
S21402814010F03FFC451C204612F090F9EDB205F106
S2140281500A0B83455DDA304A04AB1068516803C3E4
S214028160691C204607F00CF829468046204607F090
S21402817007F800EB082059461FFA80F8204606F05A
S214028180FFFF8346039B2146AA1C009304A80823EC
S21402819012F068FE20460EF084FB5A4641460DF069
S2140281A00EFA0122404604A90FF04FFA88BB0220BD
S2140281B007F032FC013003D1404604A9F0F7CEFCAA
S2140281C00EF09DFD48453A46514607D10EF09FFFF8
S2140281D0F8B907B0BDE8F04F0FF0EBB948460EF01D
S2140281E096FFB0B90D4B1B781BB9394648460FF0BF
S2140281F0F6F83A4651464846FDF7DEF948B1317878
S21402820011F0030105D1204607B0BDE8F04FFFF795
S214028210C5BD07B0BDE8F08FD6D503006C6200205E
S21402822038B5114D2B78023B012B18D80DF0C9F941
S2140282300446B0B9FFF7A2F82B78032B07D12346E2
S214028240FF2221460120FDF777FE012038BD214698
S2140282502046FAF7D5FD003818BF0120F6E71720AA
S214028260F4E70220F2E700BF756200202DE9F7432B
S21402827005460E4614460EF0C1FA0C2828464AD188
S2140282800EF0ACFB0922002112F014F800F11001E6
S214028290C9B2284606F074FF042813D07C282BD0D7
S2140282A0012840F0AC8046B91321284610F0D6F9D2
S2140282B003B0BDE8F0430EF04BBD03B0BDE8F0439B
S2140282C0FDF7DCBC5B4B1B78022B40F0988046B96E
S2140282D0FFF7FAF8C3070AD5FFF792F8002C08BF93
S2140282E03F26304603B0BDE8F0430CF0C3BCFFF7B0
S2140282F0CFF80028F0D0F1E7284612F0B7F8044687
S214028300284612F097F802463046E1B203B0BDE8BE
S214028310F0430CF0ADBC0EF061FB8046043012F068
S214028320A8FC074608F1020012F0A3FC4FF6F7730A
S214028330984204460CD8404A138801339BB21380F5
S2140283400BB93E4A13801EB13C4A13880133138090
S21402835098F8009009F00309B9F1010F1DD12846DB
S21402836010F059FA0146284606F00AFF0B2809D0F3
S2140283700D2807D0042842D1284603B0BDE8F043B2
S214028380FFF7A6BB2E4B1B78042B38D100210846DC
S21402839003B0BDE8F043FAF733BDB9F1000F2ED1B2
S2140283A03146284603F05EFD4EB34FF6F7739C4205
S2140283B025D898F80160204616F0040622D10FF060
S2140283C0B2FF054620467DB10FF0DFFF034600BB35
S2140283D00C220090214638460FF0CFF90C220023DB
S2140283E039462046009308E00FF0CFFF0346C8B98F
S2140283F0144A00901278214638460FF0BEF903B0B0
S214028400BDE8F0830FF0C1FF034678B90B22009057
S214028410F1E7062233462146384600960FF0ADF9BC
S2140284200622DCE72B4600950622E4E74B46CDF80B
S2140284300090F9E775620020AA5B0020A85B002086
S214028440766200208D6C00202DE9F04F05888BB0F7
S214028450044628460EF0C2FA0746043012F009FC1B
S2140284608146B81C12F005FC05A98046284610F085
S2140284701CFA284610F0CFF901460646284606F0B2
S2140284807FFE3B78824603F00303012B0CBF834634
S2140284904FF0FF0B12F003FBE388019002930EF0FD
S2140284A02EFCFB7900904846039300F081FF0028DB
S2140284B076D1404600F07CFF002840F08880FDF729
S2140284C02BFB8046FBF7CEFD10B9FFF739FD30B126
S2140284D0A8F104085FFA88F8B8F1020F1BD90BF06E
S2140284E0FD03042B00F0B380FFF72AFD20B10AF04B
S2140284F0030ABAF1010F0ED0FBF70EFD28B9714B35
S2140285001B7803F00F03062B68D16F4B2846B3F88F
S21402851068100EF0ADF9BBF1010F63D128460EF0DC
S21402852091F94FF6FF73984240F09180002331464E
S214028530284607AA0FF0FFFE0746002842D04279D7
S2140285409DF82530934209D9711D284689B206F056
S2140285502BFEA37823F00F030233A3700CF067FB05
S2140285607E23B0FBF3F202FB130303F58073A380B2
S2140285709DF8263013F0180F0AD0A3781B0707D1F0
S214028580009B4B4504D048467A7905A90CF084FB3B
S2140285909DF82700003818BF01200BB0BDE8F08F09
S2140285A028460EF01BFA023012F063FB4FF6F77302
S2140285B0984207D9039B2BB92846FFF757FC002899
S2140285C07FF477AFA37823F00F03A37008E040464A
S2140285D012F046FC00287FF472AFF3E72823A3804C
S2140285E00020DAE7BBF1020F54D10123314607AA75
S2140285F028460FF0A0FE80460EF081FBBDF8223022
S21402860098421FD1B8F1000FDCD00122B8F8023030
S214028610314628460FF08DFE2C4A13780133DBB222
S214028620FB711370B8F80230BDF81E209A421FBFC5
S214028630A37823F00F030233A3704FF4C873A3800A
S2140286400120AAE7184612F00BFC0028DAD12846C9
S2140286500EF0F8F812F0A4FB012808BF1C4BA27813
S21402866009BF1B78FA2303EB830303EB830302BFE2
S2140286709B00FA339BB21209A4D1DDE90121521AFA
S21402868092B293429ED30CF0D2FA00F01F00103042
S214028690A080D5E7BBF1030FD9D1009B4B45D6D1BD
S2140286A0711C284689B206F06BFD0C28CFD1FCF768
S2140286B0FFFD4FF6FF7398420146C8D028460EF0DB
S2140286C0D7F8C4E775620020E455002073620020E4
S2140286D0656C00202DE9F04105460C460EF08EF83A
S2140286E0082802D10120BDE8F081201D12F0C1FA4F
S2140286F00646284694F807800EF0D3F80746284622
S2140287000EF072F8010612D5184B1B78042B0ED108
S214028710174B1B78022B0AD1164BB3F868204FF67C
S214028720FF739A4203D000210846FAF769FB124B00
S2140287301B78002BD6D1A01C12F09BFA4FF6F773CB
S214028740984202D86378DA070DD523789B070AD1B8
S2140287503A46414630460EF0DAFC80F00100C0B2DE
S21402876000F00100BFE70120FAE700BF76620020B2
S21402877075620020E45500201D6300202DE9F04FAD
S2140287809DB004460EF03AF8054620460EF036F83E
S214028790082869D14FF400432046ADF85030ADF8B2
S2140287A05C4011F063FEBDF85C20A0F11005EDB24E
S2140287B010461023002100950FF03DFF294617A80A
S2140287C00FF011FF204611F035FE0AF0BFFB002322
S2140287D021461A460C2000930AF0C4F998B32046A4
S2140287E011F028FE14A902461020FBF779FF0501B6
S2140287F0204611F01FFE14A902464020EDB2FBF7F8
S2140288006FFF10B120460CF01BFA204611F012FE44
S21402881014A902468020FBF763FFB8B99DB1102564
S21402882017A805F067FF2046BDF8507011F01EFE2F
S2140288300646204611F0FEFD29460090F3B2384661
S21402884017AA0CF093FA1DB0BDE8F08FBDF85030B1
S21402885017A8ADF85E40ADF85C300CF0AAFE002812
S214028860DCD145F08005DBE720460EF007F8B0F5D0
S214028870006F40F0058120460EF013F80646042DE0
S21402888040F0018120460DF0AFFF80F40060C0F397
S214028890C02000223146400012F0B4F9944B1A78F8
S2140288A0022A0DD0FFF74CFB50B902F0FD03312B24
S2140288B006D0043A012A03D98E4B1B78002BC2D06D
S2140288C02146022001F06CF905900028BBD0204614
S2140288D0ADF846400EF082F80446BDF846000DF0AC
S2140288E0E0FF0646201D12F0C4F9A31C8346184674
S2140288F0039312F0BEF912A90746BDF846000FF020
S214028900D4FF63780690BDF8460094F8008008937A
S2140289100FF081FF6378054608F0030830460C9393
S214028920FBF7AEFBB8F1010F0CBF032302230E9335
S214028930714B08BF4FF00B091E80237818BF4FF00B
S2140289400A0903F03C03082B0D907FF47CAFBDF8B8
S214028950460011F08BFDA8427FF675AFB8F1010F05
S21402896003D023789B077FF46EAF644BB3F868306E
S214028970B3420DD1624A634BB2F9001093F900304C
S214028980002900F0A58001EB0313A3EB211313804B
S2140289904FF0010AA5F11003DBB20A938DF84530B9
S2140289A010224846BDF84610CDF800A00DF145034A
S2140289B00AF0D8F800283FF446AF089B13F00203EB
S2140289C0099300F00981504B1B78002B3FF43BAF14
S2140289D0BDF8469048460FF01EFF00230790484613
S2140289E0CDE917331993ADF868300DF05AFF079B9F
S2140289F0039003F10E01484689B20FF0DFFE00280D
S214028A0070D000234946079A009317A80E2312F047
S214028A1029FA50460DF15D010CF0EDFD9DF8693026
S214028A200B9004939DF85C30282B5BD10DF161000E
S214028A30FBF7AAFD0F90002854D104980FF0CFFA46
S214028A400F9B002866D1314B049A1B78D31A1C065A
S214028A5048D404F059F950453CD112F025F82C4E72
S214028A600546346824B104F055F92C1B844239D3E8
S214028A700023FF2219461846FDF75EFA356031E0FC
S214028A804FF6FD76FBE64FF6FF70301A18BF012050
S214028A9000223146400012F0B5F80C2D0DD12146C9
S214028AA0012001F07DF800283FF4CDAE21460020DB
S214028AB01DB0BDE8F04FFDF7D3BF2DB920461DB05F
S214028AC0BDE8F04FFEF79CBA042D7FF4BCAEE5E697
S214028AD01B025CE704F018F9022803D104F0F6F84A
S214028AE00028BAD000221920039912F08BF8AAE6C1
S214028AF0756200201D6300201E5C0020E4550020E5
S214028B00F25B00201A63002071620020706200206F
S214028B10F456002010214846079ACDF800A00FF020
S214028B20AEF80028DED0BB4B049A1B78934240F086
S214028B30AA8003990DF1610214A811F037FE0121F3
S214028B4014A8FBF7F5FA824648F2030114A8FBF7CD
S214028B5063FBBAF1000F03D0082114A80CF0EEFC58
S214028B6048460FF076FE03990DF16100FCF72AFCE9
S214028B70FE288246B6D0FF280AD1039812F056F98C
S214028B80FF28824600F087800DF16101FCF7F4FAB7
S214028B90A04B049A1B78934200F0A38050460B9990
S214028BA0FCF7F6FB00283FF44EAE50460B99FCF756
S214028BB001FC237898070FD148460FF02CFE014699
S214028BC0484606F0DDFA00F00300012804D10398B7
S214028BD00DF16101EFF7C2FFBDF846000DF004FE8D
S214028BE0010440F18580204612F043F840F40071FB
S214028BF089B2204612F03FF800224FF40041BDF839
S214028C0046000DF0E2FDDDF81490012310220093D9
S214028C10BDF846100E980DF1450309F0A3FF002893
S214028C203FF411AE032866D1204612F022F840F433
S214028C30007189B2204612F01EF8304612F010F982
S214028C40002840F0B680DDF81490B8F1010F40F02D
S214028C50B6800320BDF8461000F0A2FF002840F0C0
S214028C60AE802946BDF8460006F08AFA0F2801466D
S214028C707FF6E9AD4FF6F7739F423FF6E4AD304616
S214028C800EF01AFCDFE55046049903F085FA002838
S214028C907FF44FAF26E7237803F00303012B08D1B6
S214028CA048460FF0B8FD0146484606F069FA08281D
S214028CB092D0594B1A78594B1B789A4209D20DF129
S214028CC061010398FCF70CFA039812F0AFF882469B
S214028CD05EE7A01C11F0CDFF4FF6F7739842EED96F
S214028CE000E75046FCF7CEFB00283FF457AF5CE7A0
S214028CF04FF0000989E7304612F0B2F80028A4D0F7
S214028D00099B002B57D1B9F1000F52D1B8F1010FD0
S214028D10BDF846009DD0294606F032FA8246DFF8B4
S214028D20089199F80030002B54D00DF0E8FF8742E6
S214028D307FF489ADB8F1010F7ED1BAF1070F75D86D
S214028D40BAF1050F7FF67FAD354B1B78022B02D0AA
S214028D50043B012B03D899F80030002B41D00C9B22
S214028D609A0640F1B4800D9B002B40F0AC80304652
S214028D7012F06DF8FF2840F0A6805E457FF463ADE2
S214028D80069B002B00F09D8012AB46F204020124E3
S214028D90ADF85C200193214602233046009417AAC0
S214028DA00FF015FD00283FF44EAD21460EF099F85F
S214028DB049E5DDF8149030460FF0CFFA45E729462C
S214028DC0BDF8460006F0DCF9099B824613B9B9F1F4
S214028DD0000FA4D0124B1B78022B02D0043B012BAF
S214028DE0BDD8304600F0E4FA814600287FF42BAD69
S214028DF00DF085FF864225D10A4BB3F868400DF088
S214028E007EFF4B4601460D222046CDF800900EF01E
S214028E10B4FC18E5706200206F620020666C0020C9
S214028E2075620020E455002071620020AAF10E034C
S214028E30DBB2012B88D906E50AF00303012B7FF487
S214028E4002AD81E7304612F00BF858B90DF074FF08
S214028E504FF6FF73984205D011F016FD10B9304652
S214028E60FCF7E4F8304611F0FBFF88B10DF064FF22
S214028E704FF6FF7398420BD011F006FD40B9B8F1D9
S214028E80010F02D1BAF1060F02D030460FF064FA93
S214028E90069BA3B91946012258460EF0D6FB814618
S214028EA000287FF4D0AC20460FF0F2FC4A4601467A
S214028EB038460EF0CAFB00283FF451AFC3E412A9AD
S214028EC0E9E7069B61E7637823F0200363704FF6B9
S214028ED0FC739F423FF4B7AC4FF6FD739F4204D13A
S214028EE0B34B1B78042B3FF4AEACA3790BB1013B1A
S214028EF0A37163785B0727D50023584617AA14A9DF
S214028F0017930FF00AFA1798F0B10FF0FFF981469F
S214028F10384611F09CFF179A0146137903F0300089
S214028F20102806D003F00C0008281CBF23F00C0300
S214028F301371137903F03303202B05D1FF2903D0D5
S214028F40012248460FF0F1F9304611F080FFFF2863
S214028F501EBF0022974B43F82020089B03F001090E
S214028F604FF6F7739F4200F2F980B9F1000F40F016
S214028F700181314658460EF032FA0DF0C0FE8742A5
S214028F8000F0C680384611F06BFF002841D0B8F1D9
S214028F90010F27D1BAF1010F17D14A462946BDF86B
S214028FA046000FF0C5F9384611F05AFF824B1B787F
S214028FB0002B72D1584611F053FF002866D138466E
S214028FC011F04EFF002861D13DE4384611F048FF0B
S214028FD050B3BAF1030F27D12946BDF846000EF06A
S214028FE004FC30E4384611F03BFF38460FF0CDF96A
S214028FF0002847D0002339465846BDF8462001F0DF
S21402900061F900283ED00021BDF84600FEF7C6FEF4
S21402901019E4384611F024FF18B1B8F1010FD8D080
S214029020E3E7B8F1010FE0D1634B1B78002BC1D008
S214029030BAF1050F31D10DF062FE8DF85C000DF02D
S2140290405EFE000A8DF85D000123022217A90DF1CB
S2140290504600FAF775FD00287FF4F5AB691C89B265
S214029060BDF8460006F07AF8037801330370637899
S214029070590715D40DF043FE834522D00022394607
S2140290801C2032E54C4B1B78002B93D0B8F1010F15
S214029090CED063785A0714D502E06378580718D5FD
S2140290A0BDF8464020460FF078FB411C89B22046A8
S2140290B006F054F80378B8F1010F03F1FF3303709A
S2140290C004D0BDF84600FEF78DFF09E0BAF1050FA1
S2140290D0D0D0BDF84600FEF785FFBAF1030FCDD01B
S2140290E00228CBD10021584617AA0FF019F930B141
S2140290F00379468003F03C0343F0400303710023E8
S2140291002E4A00933946584612780EF036FBB5E7DB
S214029110B8F1010F7FF477AF0AF1FF330C2B00F2A0
S214029120868001A252F823F08991020089910200FA
S214029130D98F02009F910200C19102004788020067
S214029140E5910200F59102000192020001920200EE
S214029150478802001792020023920200B8F1010F1C
S21402916071D0B9F1000F08D1BDF84600FEF7AEFF88
S214029170FFF769BBB8F1010FCED0237A03F00303E1
S214029180012B7FF460ABEFE7AAF102035A422946AD
S214029190BDF846005A410FF0CBF8FFF754BB2A46FB
S2140291A05846BDF84610FEF71FFCFFF74CBB00BF43
S2140291B076620020AC4600206A6C00208D6C00208F
S2140291C0691CBDF8460089B205F0DAFF0235EDB239
S2140291D00246BDF846305846009512A906F0D4FD60
S2140291E0FFF731BB01200A9ABDF84610FDF71AFBBD
S2140291F0FFF729BBBDF846000FF0A0F8FFF723BB28
S214029200BDF84600FEF732FDFFF71DBBBDF846006F
S214029210FEF72CFDA8E7BDF84600FEF70BFAFFF7AF
S21402922012BBBDF846000CF0BEF9FFF70CBB2B468E
S21402923022465046BDF846100CF08BF900287FF403
S21402924002AB51461BE50AF1FF330C2B3FF6FBAA95
S21402925001A252F823F000BF899102008991020010
S214029260D98F02009F910200C19102004788020036
S214029270E5910200F59102000D9202000D920200A5
S21402928047880200179202002392020010B50021BE
S21402929011480DF007FC0446E8B10DF02BFB0F4B0E
S2140292A0187020460DF02BFB0D4B187020460DF063
S2140292B02CFB0C4B187020460DF02CFB0A4B18604A
S2140292C0012011F0F5FB2046FFF758FABDE81040E2
S2140292D0002011F0EDBB10BDD05B00201B63002008
S2140292E01A63002019630020EC56002070B5144E55
S2140292F0044633680D46BBB10DF080FA0C2813D134
S21402930020460DF06BFB09220021044610F0D2FF26
S214029310235C042B08D10B4C25B10B4B22781B780F
S2140293209A4203D300232370002070BD0748316899
S21402933011F06CF92378012001332370F5E700BFA2
S214029340F05600201C6300208C6C0020306B00203E
S214029350014B93F901007047F25B0020014BB3F812
S21402936068007047E455002070B500240D4D2C703F
S214029370EFF706FAE6B2B04208D800220A4B1A7095
S2140293800A4B198801B11A80012070BD304611F0CF
S21402939064FDC30748BF2B7804F1010444BF0133C0
S2140293A02B70E5E76E62002067620020A45B002057
S2140293B038B50B4B05461B7873B101335C08094B75
S2140293C0188811F037F8002330F81320AA4205D087
S2140293D00133DAB2A242F7D3002038BD0120FCE7FF
S2140293E067620020A45B002030B5054685B00846BB
S2140293F00C4611F02EFDFF280CD00EF0DBF80122F1
S21402940000210346CDE90112009221462A46072092
S214029410FCF7F6FB284611F01AFDFF2804460FD08B
S21402942011F01BFDC2070DD5204611F016FD83076D
S21402943008D40B4A32F8143043F4806322F814300E
S21402944005B030BD0EF0B6F8012200210346CDE984
S2140294500112009207202A46FCF7D2FBF0E700BF73
S214029460A05B00204FF6FA72431E9BB2934270B581
S21402947004462AD8FFF79CFF38BB194B1B78042BEF
S21402948023D0204611F0D2FCFF2801D0FBF7FEFCC9
S21402949020460EF03DFF08B10EF034FF2046114E76
S2140294A003F0ACFE20460BF0F5FB31780E4D69B1A9
S2140294B0288810F0BFFF054601461E220230F2F74A
S2140294C00BFA2C8033781E2B07D970BD202011F0A2
S2140294D025F828800028EBD1F7E702333370F4E74B
S2140294E07662002067620020A45B0020044A13789C
S2140294F02BB1013BDBB213700BB9024A13807047E3
S21402950067620020A45B00200148FAF7D5B800BFC6
S214029510A45B00202DE9F047804617460D468CB026
S21402952061B903AE00211B4811F007FC4FF0000999
S2140295300446DFF860A01CB920461DE00E46F1E79F
S2140295400022214624233046CDF8009011F08AFCF2
S214029550082241463046F2F7B9FCA8B9337C9BB9DB
S2140295606FB945B92A4621460A480DF0BAFA0A4AA0
S2140295701388013B138001200CB0BDE8F0873B88BE
S214029580B28953405B06ECD52146504611F0F9FBF2
S2140295900446D0E7065C0020045C0020024B1888D4
S2140295A0003818BF01207047045C00202DE9F04304
S2140295B030488DB0FAF770FB11F076FA2E4D2B6814
S2140295C0C41A4FF47A73B4FBF3F4A4B214B111F0D4
S2140295D06BFA2860294F4FF6FF763B88DFF8A080AB
S2140295E0ADF80A3000233B8000210DF10A000DF091
S2140295F059FA054658B9224B1B882BB14FF47A719B
S2140296001C48714311F002F80DB0BDE8F0834FF02C
S214029610000924234A462946CDF8009003A811F0F3
S21402962021FCBDF81A30A34294BFDB1A1B1B9BB267
S214029630ADF81A3063B9BDF818301B0602D5089883
S2140296400BF095FDB8F80030013BA8F80030CBE7E8
S2140296509E4228BF1E4601234A462946009303A877
S214029660242311F0FFFB4A462946384611F06BFBCD
S214029670BAE700BF90470020F8560020065C00209C
S214029680045C0020F0B504462E4A8DB0106851687E
S21402969001AB03C3A378012B4FD1162200210DF193
S2140296A01A00F2F7C7F8D4F82110D4F81D0003AB5D
S2140296B003C32388190644BF62680892DA050BD5ED
S2140296C0221D08AE04F114073546106851680832A8
S2140296D003C5BA422E46F7D1ADF8183013F004038C
S2140296E018BFA3690593EFF763F80023ADF81A00D5
S2140296F0082201A903A88DF81C30F2F7E7FB18B17F
S21402970006A903A80EF0F1F90022242103A80DF001
S21402971080F9044698B10020FFF748FF0022214650
S214029720094811F010FB094A002013880133138000
S214029730FFF73CFF00200DB0F0BD0220FBE719202A
S214029740F9E700BFD6D50300065C0020045C0020C3
S214029750F7B5044600200E46FFF728FF104B1B887D
S214029760A34202D8212003B0F0BD00210D4811F01B
S214029770E4FA002501460B4F0029F3D0A54208D192
S2140297800024242322463046009411F06BFB204628
S214029790E9E7384611F0F5FA01350146ECE700BF75
S2140297A0045C0020065C00200148F9F785BF00BF74
S2140297B0065C0020014B1888704700BF045C00203E
S2140297C070B50C4611460E4A23781278064613F0F8
S2140297D0200542EA0302227018BF611D0822F2F732
S2140297E07BF8002D0CBF05200D20D4F80130B360A5
S2140297F02378337303F01803082B08BF013070BDBB
S21402980071620020042307B501200DEB0301054A0F
S214029810FAF7BCFA019B044A1B03136003B05DF817
S21402982004FB00BF63E511005448002010B5064C47
S2140298302368C3F30B0313B90448E3F733FC206829
S214029840431C236010BD00BF5448002063E511008E
S214029850014B1868704700BF5448002007B5002027
S214029860054B064A186004230DEB03010190FAF734
S2140298708DFA03B05DF804FB5448002063E511003E
S2140298807FB511230A4A012001A9FAF77FFA094B8C
S2140298909DF814201A70084B1B780BB1052B05D1C6
S2140298A00BF0C4F9012007B05DF804FB0020FAE7CC
S2140298B079EB010070620020716200202DE9F04F02
S2140298C00646CBB0884600880121174610F0EAFD0E
S2140298D02E4B3A463188ADF8160006A80EF0A4F9CB
S2140298E00DF1280B5A464146C41930880EF026F967
S2140298F0E4B208EB0003A34208BF044605464FF055
S21402990004091CBFA4EB0804E4B223465A4601210C
S214029910CDE900090BEB050ACDF808B02D1B06A809
S214029920EFF776FBEDB20BEB0403009301952346AB
S2140299305A46414630880EF02FF93488394620467A
S21402994005F01EFC394600F0F802204605F02CFC15
S2140299500121308810F0A6FD01234A46514680B107
S2140299600DF11600FAF7ECF801210446BDF81620B0
S214029970308810F0ABFDB4FA84F040094BB0BDE875
S214029980F08F3046FAF7DCF80446F4E7F862002077
S2140299902DE9F04FC9B0044688469246C118224ABD
S2140299A004A81F46FFF70CFF4FF00409C519EDB2D5
S2140299B008AB0293A5EB0A0BA8EB0A035FFA8BFB34
S2140299C0A8EB0506DBB2F6B204EB0A02009301210D
S2140299D05B46CDF8049004A8EFF71AFB06F59073E1
S2140299E00DEB03025A44A2F58072136808A844F8E5
S2140299F00830E35D324623F00703E3552C44214644
S214029A00F2F7A8F808ABCDE9019308AA00230121D2
S214029A10009604A8EFF7FCFA3246204608A9F2F7A9
S214029A2099F849B0BDE8F08FF8620020F8B506460E
S214029A300EF0C7FF811C054689B230460EF0BEFE08
S214029A40F0B1EDB12946304605F09AFB12280746DA
S214029A5016D80C4B691C1C5C89B2304605F090FB8C
S214029A602C44052FE4B205D1052809D8064B1B5C09
S214029A701C44E4B221463046BDE8F8400EF09EBED5
S214029A800020F8BD2A9A0400249A0400F8B5054678
S214029A900EF0C1FE044628460CF0A0FFA11C0746A5
S214029AA089B228460EF08AFE00283ED0002C3CD012
S214029AB02146284605F064FB0646611C284689B204
S214029AC005F05EFB0F2E30D8194B9B5DE118731E16
S214029AD089B2092B0ED8DFE803F009050D0D120D29
S214029AE00D181E1EC40644BF083189B2820601D56F
S214029AF0083189B22846BDE8F8400EF05FBE7B7892
S214029B00DB0612D501EB4001F3E700F01F0000EB85
S214029B1040000144EDE71F2805D8092E0ABF400081
S214029B20022080B2F5E7C828E4D00020F8BD00BFC6
S214029B303D9A0400F8B506460CF050FF09220021B3
S214029B40054610F0B7FB00F11004284611F091F814
S214029B50E4B207462146304605F012FB054630467B
S214029B6010F084FCBA05A0EB0403DBB20AD47C2D09
S214029B700AD0082D0AD8064A505D98428CBF0020AB
S214029B800120F8BD1220F8E70320F6E7FF20F4E7ED
S214029B904E9A0400014B1878704700BF8E6C002066
S214029BA038B5114B04461B7808469BB9012038BDD0
S214029BB0A24205F101050FD103EBC1035B6898478A
S214029BC00028F3D11E2022464FF6FF7111F01AF834
S214029BD00020ECE70025054BE9B213F83120002AF5
S214029BE0E6D11446EEE700BF8E6C0020F49904001E
S214029BF04FF6FF7307B502220DF106010348ADF8D2
S214029C000630E3F78BFA03B05DF804FB603202E03D
S214029C10002307B5ADF80430134B984221D10B88C8
S214029C20DA0703D5232003B05DF804FB9B0748BF81
S214029C304FF47F434FF002020C480DF1060148BF75
S214029C40ADF80430E3F73EFA4FF6FF73BDF8062090
S214029C509A42E7D10222054801A9E3F75FFA0020FB
S214029C60E1E72120DFE700BF1FD1BACA603202E077
S214029C70002313B50222038004460DF106010F48A5
S214029C80E3F720FA2D2801D0112805D14FF6FF73ED
S214029C90ADF80630FFF7ACFF9DF80630BDF806209B
S214029CA01BB1238843F0010323800020FF2A82BFD2
S214029CB0238843F00203238002B010BD603202E024
S214029CC0034B1B78002B14BF442056200E307047DF
S214029CD0716200202DE9F04F8DB0179C064689462A
S214029CE0CDE90223BDF85870D588ADF816103CB9F8
S214029CF0EC0605D500970BF0CAF80DB0BDE8F08F5C
S214029D00C5F380242B054FEA043448BF44F40064AC
S214029D10A80511D544F080040A2E00F26981DFE816
S214029D2016F09A002F001700370067016701370008
S214029D3010009A0037009E00E90548BF44F0400430
S214029D40EAE74FF001084FF0020B4FF0000A14E06A
S214029D5008A95FFA89F00EF0A3F9DDF82500DDF810
S214029D60291006AB03C3A44B33F81930ADF81630EE
S214029D704FF00008C3460DF1180A002F5DD125E00A
S214029D8006AA0DF116015FFA89F003F017FAEFE75B
S214029D904FF6F773994540F22B8115F4026F40F0A7
S214029DA02781964B1B78022B03D0043B012B00F233
S214029DB0218147BB032E4FF001080CBF4FF00C0B5E
S214029DC04FF0080BBA4624F4C074A4B28C4B188821
S214029DD04FF6FF73984206D08A49FAF767FB10B12E
S214029DE024F48054A4B2039B38460093BDF8162090
S214029DF0534644F4027105F0EBF9ADF82000002852
S214029E0038D1192079E7384610F030FB0246FFF7C2
S214029E1057FF032E08BF0138824201DD38206CE767
S214029E20032E4FF001080CBF4FF00C0B4FF0080B3F
S214029E304FF0000A24F4C074A4B2029B1B889BB99C
S214029E401A4639460620009308F0AFFE0028BDD118
S214029E5040F6014051E74FF00008C34675E74FF061
S214029E6001084FF0030B70E7002339461A46072015
S214029E700093E9E74FF6FF73614A118899421CD0B6
S214029E800CF0ACFD03465E4A04301188039310F0D2
S214029E90F2FE5D49039B097814F4805FD971594933
S214029EA0574A1FBF086898604868D8604FF6FF7325
S214029EB013804FF0FF330B604B605946029A08A896
S214029EC005F03AFA00289CD0504C2378002B3CD15F
S214029ED0A7B1384610F0CAFA0746BDF8200010F0BF
S214029EE0C5FA23780744002B14BF12220022EB1077
S214029EF003F0040317443B44842B8FDC15F400570D
S214029F000AD0BDF8204020460CF06EFC40F480617A
S214029F1089B220460CF053FCA6F10803012B05D8A3
S214029F2001221021BDF820000CF04FFC179BBDF853
S214029F30204043B32046BDF816100CF099FCBDF83D
S214029F402030179A00201380D7E6AA06C0D56B01E8
S214029F5003F020030A2E14BF43F0010363F07E03CE
S214029F60DBB2B8F1000F08D000215246009108A8D3
S214029F7000F082FE0028ABD0BFE61A46514608A87B
S214029F800DF07DFFF6E720460EF045FC179B0246D5
S214029F9021460420009308F008FE00283FF458AF3C
S214029FA00A2E18D84FF4D963F340DB0713D5072ED1
S214029FB00AD00A2E08D0BDF820000DF020FA80F054
S214029FC00100C0B2800098E608A80BF0CFFA00287D
S214029FD0F1D0042091E617B125F04005ADB22B462C
S214029FE03146BDF820005FFA89F201F07DFE84E674
S214029FF0012082E6162080E6D45A002075620020F0
S21402A000146C00208F6C00202863002071620020F0
S21402A010F7B50F469DF828100446DDE90B061D46E7
S21402A020F1B94FF6FF739C421CBF174B1C804FF0D2
S21402A03000041CBF154B1A70BDF8240005F012FA76
S21402A04000232A46CDE90043394606209DF82030F3
S21402A050FFF740FE10B90EB1AB7A337003B0F0BD15
S21402A06078B14FF6FF739C421FBF074B1C80074B0D
S21402A0701A7000220CF0CDFC04460028DCD1192010
S21402A080ECE72120EAE700BF146C002028630020DA
S21402A0902DE9F04788469DF82810074616461D46C5
S21402A0A09DF820A0BDF824900B9839B158B3002231
S21402A0B00CF0AFFC044610B9192025E00C464FF60A
S21402A0C0FF739D421FBF114B1D80114B83F800A0EA
S21402A0D04FF6F7739E4208D80E4B4FF6FD761A7867
S21402A0E04FF6FF73002A18BF1E46484605F0BAF917
S21402A0F000233A46CDE9084331464346BDE8F047D9
S21402A1000320FFF7E7BD2120BDE8F087146C00208E
S21402A11028630020326200202DE9F04786B09DF8C1
S21402A12038600546DDE90FA80C4617469946B6BBC9
S21402A130374B1B78022B1DD125BB4FF6F7739C427B
S21402A14014D80026484605F08DF900233A46CDE994
S21402A15000632146FF232846FFF7BCFD38B9B8F155
S21402A160000F04D0BB7A88F8003000E0012006B069
S21402A170BDE8F087043B012BDED908460BF0F3F965
S21402A18010B31DB3022D31D1EEF7F4FAA042EDD989
S21402A190204B33F814204FF6FD739A4219E0BAF1B9
S21402A1A0000F32D01A4B1B78022B05D1FFF788FD21
S21402A1B0B042E6D23820DAE7043B012BF6D908464D
S21402A1C00BF0D1F90028F1D11620D0E74FF6F7733D
S21402A1D09C42CBD8002EB4D03146002250460CF01A
S21402A1E018FC06460028ADD11920C0E7012DBDD1C6
S21402A1F004AA0DF10E01E0B202F0E0FF064B1B7856
S21402A200A342B3D9BDF80E20C5E72120AFE700BFB1
S21402A21075620020D45A0020606C002030B5104BC6
S21402A22087B005460C461868596803AA03C29868A0
S21402A2300C4910609A88DB8852BA23F04003ADF8C6
S21402A24012300023CDE90043ADF81020FF23098821
S21402A25003AA0720ADF80E50FFF73CFD07B030BD4D
S21402A260125C00201E5C002038B50C461146124ACD
S21402A270124D108022682A6062686A60A268AA602C
S21402A280E288500616D5EA88520613D561B1002236
S21402A29018460CF0BEFB014650B16088FFF7BEFFC1
S21402A2A00522074B1A7038BD08460EF0F5F9F2E79C
S21402A2B01920F5E70220F6E71E5C0020125C00205B
S21402A2C0386300202DE9F04F074689B01046154640
S21402A2D01C468A460EF09FFA0146284604F050FFB6
S21402A2E0064628460CF07AFB043010F0C2FC804684
S21402A2F00CF005FD804550D0B2074ED1DFF8AC8099
S21402A300284605A9B8F800B00EF06CFB9DF8193087
S21402A310A8F8007003BBBDF81430EBB928460CF061
S21402A3205DFB023010F0A5FC4FF6F773984294BF1F
S21402A3304FF000094FF0010901230134E4B22A4626
S21402A3403846CDF8009005A9039303F001FC039B61
S21402A35040B901339C421ED20020A8F800B009B0D2
S21402A360BDE8F08F022CF8D1012BF6D10C4A0D4B2A
S21402A370A3F800A01378591C11700B4A7F3B16F005
S21402A3800C01137007D1BDF81A305B0603D5BDF871
S21402A3901600FFF743FF0223D1E70020DFE700BFE6
S21402A3A073620020146C0020286300201E5C0020CC
S21402A3B02DE9F04FABB00F46ADF81E000CF00EFBC9
S21402A3C000F1020A0646504610F053FCBDF81E4045
S21402A3D0054620460EF01FFA0146204604F0D0FE3F
S21402A3E0814600F00308301D10F043FC414C2080EB
S21402A3F00CF085FCA8422DD04FF6F7739D4229D863
S21402A4007378DA0726D428460DF0BFFF30B1012351
S21402A4102946BDF81E202088FFF754FF0CF06FFC7B
S21402A420344B1B8883420FD1BDF81E4020460EF0E7
S21402A430F2F90146204604F0A3FE10F00C0103D107
S21402A440BDF81E0001F00EFD00222B4B1A602BB049
S21402A450BDE8F08F2949BDF81E000EF0C3FA284960
S21402A460BDF81E000EF021FA0028254B08BF002377
S21402A470214ABDF81E0013600CF03CFA214B1870FE
S21402A480BDF81E000CF03BFA1F4B1870BDF81E00FC
S21402A4900CF040FA1D4B186000238DF82230002F76
S21402A4A03AD0164BDB889B0636D5194B1B689D07A0
S21402A4B01ED4B8F1010F14BF082318230DF122028F
S21402A4C0009200220DF11E00114600F0D5FB18B3D3
S21402A4D0B8F1010FA2D10F4B1B78112B9ED10DF0B4
S21402A4E06DFD00289AD140F61D40FBF70FFB95E75D
S21402A4F00823E3E71E5C002000570020125C0020C1
S21402A500206300201B6300201A630020EC56002004
S21402A5106448002075620020504610F0AAFB82466E
S21402A520BDF81E000FF0A2FFA0F11005EDB22A46FC
S21402A53031460AA8F1F70EFBFF238DF82F304FF6AF
S21402A540F7739A4540F2DF80B8F1010F00F0E7801A
S21402A550B8F1020F00F04681B8F1000F7FF45EAF4B
S21402A560A44DBDF81E00EB88ADF8240004930CF051
S21402A57035FABDF82460074630460EF04CF901461F
S21402A580304604F0FDFD8DF82300B81C7E7810F0EE
S21402A59070FB07460CF0B3FB06F00106B4F8009019
S21402A5A003906C88002E7FF439AF4FF6F77A424656
S21402A5B0494657458CBF0620082010F023FBBDF8FD
S21402A5C024B058460EF027F9594602464346042060
S21402A5D0CDF8008008F0C6FA574583460AD8B5F982
S21402A5E00620EB88002A05DB580603D5414620469E
S21402A5F0FFF714FEBBF1000F3FF410AF2B88002BC1
S21402A6005AD16B79002B57D14FF6F7730DF126010D
S21402A6109F42BDF8240094BF4FF0000B4FF0010B91
S21402A6200DF09DFDDFF8D8A100F1FF38BAF8003032
S21402A6301FFA88F10593EB88BDF82600069304F00E
S21402A6409FFD069B04990190009322465B4605985F
S21402A650C1F340110AF094FF00283FF4DFAE042352
S21402A66006200093BDF82610624B5FFA88F208F0C7
S21402A67079FA00283FF4D2AE48F202036A889A4278
S21402A68005D1BDF82410BAF8000000F025FF594D98
S21402A69009AA29460DF123000AF070FF0346002896
S21402A6A07FF4BCAE2104BAF80000BDF8242060D5C1
S21402A6B0234629460DF068FD9DF823304D4D03F0E4
S21402A6C00C030C2B75D128890DF029FD00283FF4C8
S21402A6D0A5AE039B002029894B4514BF02260326FC
S21402A6E002F044FC444B18704FF6F7739F42BDF8D5
S21402A6F0240075D8A4F138025342534132463D49EC
S21402A70004F036F88AE6B8F1020F6BD0394BB3F98B
S21402A7100630002B26DAB8F1010F7FF41DAF0CF0DD
S21402A720EEFA238883423FF479AE0520BDF81E1068
S21402A730FFF736FA00283FF471AE2E4AD3885B063E
S21402A74007D50023CDE900330A20FF232188FFF72F
S21402A750C1FA3A469DF822302188BDF81E0002F062
S21402A7601DF85BE629460AA800F070F80028D2D049
S21402A77054E60221DFF88C8088F800102946CDF8CE
S21402A78000B003F0E5F9132C96D0EB885D0493D461
S21402A7901A4B1B78D80703D598F80020022A8BD0CC
S21402A7A099077FF53BAE98F80030012B7FF436AE62
S21402A7B082E700222B79124800936B7911460088B3
S21402A7C002F0FCFB0C4B18709DF8233003F00C03D0
S21402A7D0082B89D1039B4B4514BF0426052683E725
S21402A7E001238BE74846BDF81E20024901F0AEFA67
S21402A7F014E600BF125C0020376300203662002099
S21402A8001E5C00202963002010B5002108480CF0C9
S21402A81049F9044650B101460420FFF7C1F928B1B0
S21402A8202046BDE810400121FFF7C2BD10BD00BFA3
S21402A830025C0020034BFF211A7803489200F0F7CF
S21402A840F9BF00BF616C00201C45002070B545189A
S21402A85004464FF0FF31AC4212D1104B10481A7822
S21402A86005460023934211DB0E4C2078431CB3FBB3
S21402A870F2F602FB163345F82010237000200CE097
S21402A88014F8010BE1F79EFD0146E4E750F8044B8D
S21402A890A14201D00133E5E7012070BD616C0020C2
S21402A8A01C4500202A630020042307B501200DEB77
S21402A8B00301054AF9F76AFA019B044A1B0313606F
S21402A8C003B05DF804FB00BF23E11100FC56002034
S21402A8D0014B1868704700BFFC560020014B1868F1
S21402A8E0704700BFFC56002010B5064C2368C3F321
S21402A8F00B0313B90448E2F7D5FB2068431C236018
S21402A90010BD00BFFC56002023E111002DE9F04FD8
S21402A91093B003930023DDE91C79069399F800307F
S21402A92083460DA804930E4615460AF0B7FA99F820
S21402A930003013F003043ED0039B0DF1250A8DF878
S21402A94024300022082138460CF067F9002870D01F
S21402A95028880CF043F899F800301C074CBF0430E6
S21402A960023010F086F907A98046F9F79FFB9DF89A
S21402A97024300446980633D5288806F10D010DF0DA
S21402A9801DFFA8B100230093384608232988721DAC
S21402A99010F068FA99F8003003F01803182B4AD121
S21402A9A0B8F1000F47D0A94BB3F86830434542D000
S21402A9B040F60A4327E02888711D0DF0FFFE0028A6
S21402A9C0F6D0009405233246298809A810F04AFAE0
S21402A9D09DF824300DF1240A03F018030393B0E720
S21402A9E014BB39464046F9F761FD0028D2D099F8E3
S21402A9F000309907DCD040232246214640460DF01F
S21402AA006AFC40F6094399F8002012F0030440F06D
S21402AA10F780288803930BF044FF224601461A204B
S21402AA2010F0F0F8039BEBE007AB03CB38607960DD
S21402AA30B0E74FF6FF780AF086FD044620B10421FF
S21402AA403846F9F74FFB04461E9B002B5AD00923C3
S21402AA501E990DA88DF834300AF09AFB209B0BB194
S21402AA60209B0693039B002B40F08E800DA8EEF7EA
S21402AA7031FB99F800309A0700F09880FFF734FF10
S21402AA805146024601200AF0A8FD99F800309B07BD
S21402AA9010D5594628880DF06BFF0BF1090350FAC2
S21402AAA083F35FFA83FB594628880DF038FF00EBE4
S21402AAB00B06F6B299F8003013F0C20F0AF104033F
S21402AAC00DD09DF82420624942F020028DF8242001
S21402AAD00A68CAF804204A685A600AF10C0301227E
S21402AAE009A800921B1A324629889BB210F0BAF9BE
S21402AAF0324659462846FEF7E1FE002800F0A480BA
S21402AB0000237DE01F9B5BB19E460DF1340CBEE830
S21402AB100F00ACE80F00DEF80030CCF800309DE7FE
S21402AB20049B594603F020032888049304F028FB6C
S21402AB3010F0030F0CBF012300230593049B059A14
S21402AB40003B18BF012342EA430300930DAA06AB5B
S21402AB5038461F9900F0FEFA049A034682B100288E
S21402AB6080D0059B0DAA0093384606AB1F9900F0CD
S21402AB70F1FA034699F8002022F0200289F8002014
S21402AB80002B3FF46FAF3EE7039B102B06D1BDF8B8
S21402AB90363043F00103ADF8363067E7039B182BD7
S21402ABA04FD1BDF8363043F00203F4E701200DF131
S21402ABB025010AF020FD99F80030824613F0040FB2
S21402ABC0288821D1069B1BB3002C35D00BF069FEDA
S21402ABD000220146162010F015F884B17FB14FF618
S21402ABE0FF7398450BD000230DA91A4638460AF083
S21402ABF0E0FB394640469DF835200AF0BAFC0123B0
S21402AC00184613B0BDE8F08F002CDFD1104F01E0DC
S21402AC10002CDBD100233246009359463B460DF00A
S21402AC202EF800283FF4C4AE002C3FF469AF069A13
S21402AC300AF10103136063E71B685345C6D8012473
S21402AC40E8E740F60A43DBE71923D9E7E455002094
S21402AC50F8620020002307B5054A0648136004225E
S21402AC600DEB02010193E2F759FA03B05DF804FB1B
S21402AC70FC56002023E111002DE9F04F0446B1B046
S21402AC8000888DF82F3016468A460DF0C4FD014620
S21402AC90814620880DF043FE00EB090820880DF05F
S21402ACA090FE00239DF82F505FFA88F815F00107F2
S21402ACB00790ADF8363008D101460DF136022088ED
S21402ACC00DF036FD08B1ADF8367016B9CDE90E6650
S21402ACD00EAEFEF763FC18B145F020058DF82F5036
S21402ACE00023CDE9033302930DF12F03CDE9006370
S21402ACF02246534641464846FFF708FE05460028C8
S21402AD0000F043819DF82F3013F0010746D1B44A74
S21402AD1023F02003106851688DF82F3010AB03C360
S21402AD20184600F0FBF90546FEF744FDBBB2984212
S21402AD3000F2B7803A9B13B100233A9A1370BDF81B
S21402AD403630CBB1012120880FF0ACFB27880546B0
S21402AD50002800F04F81012138460FF0A3FBBDF812
S21402AD603670054638460FF081FB002300903A46BF
S21402AD70194628460DF05FFC0023CDE90333029303
S21402AD800DF12F03CDE9006322465346414648465D
S21402AD90FFF7BCFD0546002800F0F7809DF82F302F
S21402ADA003F01103102B40F003818E4B1B78432BCC
S21402ADB040F0FE808C4B1B685B0640F1F9802088D1
S21402ADC008F105010DF0FAFC8346002800F0F08039
S21402ADD04146208804F0D4F9844B10F0200F08BFB7
S21402ADE01E4612A800F09AF90822314612A8F1F778
S21402ADF06DF8002800F00E81314612A80AF082FB98
S21402AE00012326AE00933246002314A912A800F0AE
S21402AE10A1F9002840F0CC8012AB0DF12F07CDE946
S21402AE2003600290009322465346414648460197E5
S21402AE30FFF76CFD002800F0EF80BDF89A30102076
S21402AE4043F0080318AA14A9ADF89A300CF0EEFDE8
S21402AE50002840F0AD8012ABCDE90360CDE9017069
S21402AE6000932246534641464846FFF74FFD0546A5
S21402AE70002840F09D8018AB4FF49071002012AA73
S21402AE8000F0D4F84FF0005100200DF04CF8BBF162
S21402AE90000F00F08C804FF0805100200DF043F838
S21402AEA085E018AB14AA26A9F8B20AF0D7FA002849
S21402AEB040F09480082210A927A8F1F707F88346E5
S21402AEC0ADB19DF8A53013F0020F08930FD00822FB
S21402AED012A927A8F0F7FAFF48B9089B590706D522
S21402AEE03A9B13B101233A9A1370089507E03A9BEE
S21402AEF0002B61D1BBF1000F70D1002308930DF136
S21402AF00740C14AB0FCB8CE80F00BDF83630CBB107
S21402AF10012120880FF0C6FAB4F800B000284FD0FE
S21402AF20012158460FF0BEFABDF836208346104679
S21402AF3009920FF09BFA00231946099A0090584688
S21402AF400DF079FB2A4B0DF1740B04930023039347
S21402AF500DF12F03CDE9006322465346414648468B
S21402AF60CDF808B0FFF7D2FC002837D1002D33D039
S21402AF7012AA5B464FF482714FF4005000F056F866
S21402AF80089B13B126A80AF084F8174B1B689A0789
S21402AF900DD4FEF703FB50B1114A18AB1068516886
S21402AFA003C3002226A918A80CF063FD68BB00257F
S21402AFB0284631B0BDE8F08F00233A9A137099E71D
S21402AFC0BDF836200A90104609920FF04FFADDE9D6
S21402AFD0092307990090B2E72A46CAE70137A3E693
S21402AFE0D6D5030075620020644800204E56002025
S21402AFF060480020BDF836B058460FF037FA2B46A8
S21402B00000905A4638460799B4E626A918A80CF0C6
S21402B0106CFDC6E78346F3E614AB2DE701461A231A
S21402B0200120014AF8F7B2BE24E10100F0B5164647
S21402B03091B0074609A80D461C46FFF7EFFF3EB142
S21402B040336845F04005CDF826307368CDF82A30CF
S21402B0501B4B1A6822EA070242EA050119604B04F2
S21402B0600DD5BDF824200B0A03F4E243C9B222F43C
S21402B070E3420B4322F07F021343ADF824301A2337
S21402B0800020104A09A9F8F781FEB4B104A809F015
S21402B09005FF02236A468DF810301546234604F152
S21402B0A01006144618685968083303C4B342224689
S21402B0B0F7D1294604A80AF06BF811B0F0BD00BF1C
S21402B0C06448002024E1010047F2FF10044B19688F
S21402B0D041F48042014041F480411A600CF023BFE3
S21402B0E06448002000B589B0FEF7CAFB01A8FFF746
S21402B0F095FF0948BDF804200168130221F0FF01FC
S21402B10003F4E2030B43D2B2134343F480430360D7
S21402B11009B05DF804FB00BF6448002010B50C4B74
S21402B1200446186888B0830706D54FF0FF332360BD
S21402B1300120636008B010BD10F04000FAD001A8EC
S21402B140FFF76CFFDDF806302360DDF80A30EFE724
S21402B150644800202DE9F04F99B081460C461E4601
S21402B16017469DF88880A2B11546284609F096FE35
S21402B17018F0020B0FD004B911AC6B4622462946D2
S21402B18048460AF049F90EB10023336019B0BDE80B
S21402B190F08F0CADE9E76B462946484604AA0AF04A
S21402B1A008F96B7808F00108FF2B25D000287AD121
S21402B1B054B104AB08AF1A4603CABA4220606160B3
S21402B1C0134604F10804F6D126B16A78374B03EB2E
S21402B1D082033360B8F1000F01D10020D6E7BDF834
S21402B1E00030D906F9D418204FF6FF716A780FF0AE
S21402B1F009FD40F60E40C9E7DFF8B8A0DAF80030DD
S21402B2002EB19A0756BF2A4AC6F800B0326003F03B
S21402B2103003102B01D0202B1ED111A8FFF7FEFE03
S21402B220082248460DF14601F0F750FE28B1DAF83A
S21402B230003003F04403402B0ED0B8F1000F0ED1BD
S21402B24008A80CF074FE02232B70C4B9002FC4D0D9
S21402B250281DFFF763FFC0E740F60A4096E7DAF8D4
S21402B2600030DB03ECD508A80CF061FE02232B703D
S21402B270BCB9002FB7D0281DFFF750FFB3E7002652
S21402B28008AB0CAF1A4603CABA4220606160134686
S21402B29004F10804F6D1281DFFF740FF002E9CD0CB
S21402B2A0A1E70126ECE72D2070E700BF78440020D6
S21402B2B0604800206448002049B9084B197849B113
S21402B2C04EF66023594328B105480FF09FB941F264
S21402B2D08831F8E70248F8F7DFBC00BF3462002086
S21402B2E0B047002070B586B00546F8F7C3FD10B922
S21402B2F0022006B070BD01A8FFF710FF0646002820
S21402B300F6D08DB92E4B1C6814F0020406D02D4BD5
S21402B3101B78112BECD12C4BB3F868404FF48163A9
S21402B3200221ADF80C3023E02846F9F72DF9002863
S21402B330DED1234B1C6814F0020406D0214B1B7886
S21402B340112BD5D1204BB3F868400822294601A814
S21402B350F0F7BCFD0028E1D04FF4027300260A2164
S21402B360ADF80C302B68CDF80E306B68CDF8123085
S21402B370002203A80BF04DFB024608B91920B8E7D5
S21402B3800F4B196801F03003102B17D0202B14BF77
S21402B39001230323490001F004010B432046002148
S21402B3A000F0F4FF0028E9D000210120FFF784FF17
S21402B3B016B10122054B1A7000209AE70323E9E72B
S21402B3C06448002075620020E45500201F630020B8
S21402B3D030B500251D4C85B0CDE90055F8F75CFC6C
S21402B3E023784BB31A491B480A780078904223D92F
S21402B3F00132012B0A700ED12A464FF4A07128465C
S21402B40002F0BEFAC0B2B8B941F2883112480FF063
S21402B410FDF805B030BD022B09D1284602A9F9F77E
S21402B42045F80028EED102A8FFF75CFFEAE7032BF7
S21402B43002D101F065F9E5E7002108462170FFF721
S21402B4403BFF0421684609F097FCE2E72B630020E5
S21402B4502C630020976C0020B047002070B5194A74
S21402B460194D04465168106886B02E7801AB03C3A6
S21402B4701EB10224204606B070BDF8F745FD02282C
S21402B480F7D103A800F0E8FD082201A90DF10E008D
S21402B490F0F71CFDA0B10D4B32464FF4A0713046BA
S21402B4A01C7002F06DFA04460028E3D10123084A14
S21402B4B041F2883107482B7013700FF0A7F8D9E7CE
S21402B4C02324D7E7579A04002B630020976C0020AA
S21402B4D02C630020B0470020F0B50C4600219BB03C
S21402B4E02B4F0646492207A80691F0F7A3F93B78A8
S21402B4F0012B34D19EBB0DF10E0120460CF02FFE1F
S21402B5000546BDF80E000EF0B1FF441BE4B2BDF8CE
S21402B5100E1023462A46009606A80FF0A3FC3046D5
S21402B52004A9F8F7C3FFD0B9CCB19DF81920B2B977
S21402B530BDF8233003F47E43B3F5285F1ED3B3F57C
S21402B540385F0ED31349BDF80E000B6843F40003B0
S21402B5500B60294609F0F0FF18B104233B701BB0BC
S21402B560F0BD01220C4B04A81A70FFF7BBFE41F295
S21402B57088310A480FF04AF80223EFE711463A707C
S21402B580FFF79AFE1E2104A809F0F6FBE7E700BFC4
S21402B5902B630020644800202C630020B047002064
S21402B5A0014B1870704700BF2C630020014B1878BF
S21402B5B0704700BF2B630020014B1870704700BF16
S21402B5C02B6300202DE9F04F0446408891B00E29E7
S21402B5D08846ADF81A0074D094F80890A7790BF054
S21402B5E0FDF909A90546BDF81A00E6790DF0FAF943
S21402B5F0BDF81A000BF0F8F8430542BFBDF82A3032
S21402B60043F40053ADF82A30E379D80642BFBDF8BA
S21402B6102A3043F48053ADF82A30BDF82A30990612
S21402B62013D5022F52D10CA9207A0CF039FDDDF881
S21402B6303500DDF8391007AB03C307AA002104233F
S21402B64000910DF11A00FFF717FB0121BDF81A0051
S21402B6500EF028FF022F824644D1454B33F819508C
S21402B660B8F1000F79D0BDF82A305A0675D54FF6D4
S21402B670FB72954271D83F4AB2F86820AA426CD053
S21402B680DB0502D528460CF051FEBDF82A30D80458
S21402B69063D5002F33D1BDF81A000BF0A5F8C1060A
S21402B6A063D548F23403BDF826209A4209D1324EB9
S21402B6B03078FF2805D003222946FCF72BF9FF2312
S21402B6C033700023236011B0BDE8F08F012F01BF55
S21402B6D0237A2A4A03EB430302EB830314BF0022B6
S21402B6E09A1CABE7012F05D10C2303FB09F3234A6F
S21402B6F0D55AB5E7A81C0FF0BCFA0546B0E72846AF
S21402B70001F07CFDBDF81A000BF06EF8C206C8D434
S21402B7106389504605930EF0A9FE834650460EF006
S21402B72089FE059B02905FFA8BF04A4639460190E5
S21402B7300093404609AB09F0B7FAB8F1000F14BF00
S21402B7400B20092016F0030218BF02F1FF32294629
S21402B75018BFD2B20FF056FAA3E7BDF81A000BF0E4
S21402B76043F8C3069DD4002FD2D1A946D0E700BF26
S21402B770D45A0020E45500209B6C0020145A002066
S21402B78038B500240F4B104D2A78A24205D8C2B90C
S21402B790BDE838400D48F8F77FBA598869B9013ACA
S21402B7A0D2B2A2422A70EFD0121B184603F1100141
S21402B7B01201F0F791F80346E6E701341033E4B2DB
S21402B7C0E2E738BD7C4400202F630020506B002047
S21402B7D070B51A4B1A4A1D780023DCB2A54200D86F
S21402B7E070BD144666880133864202F11002F4D117
S21402B7F0E379A588E16003F040028DB9CAB123F06F
S21402B8000403E3710BF0EAF8037803F07F03037096
S21402B81021880029E4D1BDE870400A480EF0F6BE41
S21402B82000216580A180002AE9D1BDE87040FFF7BB
S21402B830A7BF2046FFF7C6FEF7E700BF2F6300202C
S21402B8407C440020506B00202DE9F047044686B069
S21402B85040880F4615460BF0C1F8A3798046082BA0
S21402B86052D8DFE803F0052E185151515151050008
S21402B87002300FF0FEF9002D4ED06946F8F716FE9C
S21402B880002841D1684601F063FDB0FA80F0400915
S21402B89006B0BDE8F08702A9207A0CF001FC6B46E0
S21402B8A06E46DDF80D00DDF81110334A03C3237A25
S21402B8B032F81390314AD05C75B131460CF014FC64
S21402B8C0E6E7237A2E4903EB430301EB830231F8C2
S21402B8D02390907A961CEFE74FF6FB7AD14515D95E
S21402B8E030460CF04BFD4FF6FF739842054615D0D6
S21402B8F00146304601F09EFC554508D9E379DA0642
S21402B9000ED440F62243E3600020C1E74D462946A6
S21402B91008F102000FF0AFF90120B9E74D46EDE756
S21402B9204FF6FC78454512D103F00C030C2B1CD1C4
S21402B930DFB130464FF6FD7101F07CFC40F61F4148
S21402B9402046E160FFF73EFEFFF71AFFDCE74FF600
S21402B950FD739D4209D10023304619461A4602F06D
S21402B960DBF84146304601F065FCE37943F00C0310
S21402B970E37140F62343C6E7D45A00203B62002018
S21402B980145A002073B5044640880E460BF026F87B
S21402B99002300FF06EF909F0E6FD18B1A11C201D69
S21402B9A009F0E6FDE6B1E5790135EDB2E57115F08F
S21402B9B0400514D0ECF7D8FE0122054600212046A9
S21402B9C0FFF742FF18B1394B1B882B449DB2384B08
S21402B9D01B78042B01BF354B1B885B199DB2258053
S21402B9E0002231462046FFF72FFF20B360880AF078
S21402B9F0F5FFE2792F4922F00C03E3710B78054636
S21402BA000133DBB20B70C3712B4BA61C1B780BB336
S21402BA10E37998061ED52949097871B159060CD5DD
S21402BA2092070AD500220423114630460092FFF7F9
S21402BA3023F910B1E06002B070BD00220123114666
S21402BA4030460092FFF718F920B1E37943F003037A
S21402BA50E371EFE7304609F089FD0028EAD16088F5
S21402BA60FCF7C0FA0328E6D8DFE800F0020D1D193D
S21402BA70E37943F00403E3711B06DCD5104B1A7816
S21402BA80104B1A70D7E740F62443E360E37943F09D
S21402BA900803E3712B7803F07F032B70CBE740F6A5
S21402BAA02543E360C7E740F62643FAE7EE6B00203D
S21402BAB0766200207362002071620020986C00207B
S21402BAC0396200202E6300202DE9F74F06460EF05D
S21402BAD0E6FF5F4B0546B3F8009018805D4BA0EB7F
S21402BAE009041B78A4B2A34298BF00234FF00008B3
S21402BAF04FF6FF7788BF1B1B564A88BFDBB2137010
S21402BB00DFF864B1A9EB00030093534B5FFA88F2A7
S21402BB10197891420ED80EB1FFF732FE4FF6FF7338
S21402BB209F4200F08E8039464C4803B0BDE8F04F85
S21402BB300EF06CBDBBF80220002A3CD0484B9BF8A6
S21402BB4007201878BBF800A0042818D00020BAF105
S21402BB50000F08BFA2462044504523D2BBF800106F
S21402BB60009B1944ABF80010002E4ED002F048029B
S21402BB70482A4AD100215846FFF704FF45E00192C1
S21402BB80F8F704FC30F01003019ADFD1FBF746FC0D
S21402BB90344B019AB3F800C08445D7D9ACEB000009
S21402BBA080B2D4E702F00C00042807D10022ABF8DA
S21402BBB000200BF1100B08F10108A6E7510602F06F
S21402BBC0030C02F008000ED528B3BCF1030F25D1F2
S21402BBD0DEB1DBF80C105846002908BF4FF442616C
S21402BBE0FFF7F0FC11E040B3BCF1010F25D11206BD
S21402BBF0EED44FF4C862ABF800209BF8072022F080
S21402BC00030242F002028BF80720BBF8002097429C
S21402BC1028BF1746CDE703208445D9D213060ED592
S21402BC200C4B1A780AEB0200844208DA4A44521B8A
S21402BC300AEB0201ABF80010E7E70120ECE701216E
S21402BC4099E7064803B0BDE8F04FF8F725B800BFFD
S21402BC50085C00202E6300202F630020506B00201B
S21402BC6076620020EE6B00207C440020F8B50025AA
S21402BC700A4E0B4F3378ECB2A34204D8BDE8F84024
S21402BC800848F7F719BD07EB0414A01CF7F714FDD4
S21402BC90201DF7F711FD0135ECE700BF2F630020EA
S21402BCA07C440020FE5B002070B500240B4D0C4E39
S21402BCB02B78A34208D81B1BDBB22B706BB9BDE8EE
S21402BCC070400848F7F7E8BF06EB041040F621413B
S21402BCD00134FFF777FCE4B2EAE770BD2F63002079
S21402BCE07C440020506B0020F8B5154EDFF858E073
S21402BCF035789EF800E0134FAE454FEA051C07EB79
S21402BD00051419D0002503F4835343EA1323A171C3
S21402BD102272E371608027F80C50A58003F0A8FB1E
S21402BD2040F60243E360337860810133284633707D
S21402BD30FFF7CAFE2846F8BD40F60340FBE700BF01
S21402BD402F6300207C4400205F6C00202DE9F04F1A
S21402BD50344B0D461C78174685B05CB9B1F906809F
S21402BD60DFF8C890DFF8C8A0DFF8C8B099F800304E
S21402BD70A34202D805B0BDE8F08F0AEB0416B088DD
S21402BD8000B9708801A90CF02DFEAA7A9DF80E3033
S21402BD909A4244D1B8F1000F0FDA297A9DF80C20A6
S21402BDA02B89914209D8204800780844824236DA24
S21402BDB0521A1B0A1341D90731D538460CF001FE38
S21402BDC0BDF80A3004469A0602D5EB889B06D1D502
S21402BDD0F37903F00C03042B08D17088F9F786FD7B
S21402BDE000237288194618460CF0C2FA0021304623
S21402BDF0FFF7E8FBFFF7C4FC38460EF037FB844239
S21402BE0008D2337A01228BF80030294600233846BE
S21402BE1002F0AEFCB8F1000FACDA0024A6E701345B
S21402BE20E4B2A3E72D6300205E6C00202F6300209F
S21402BE307C4400203763002008B50EF030FE074B26
S21402BE401B88C01A80B2B0F5807F05D9BDE80840CD
S21402BE50002103480EF0DABB08BD00BF085C0020D4
S21402BE60506B00202DE9F04788B004460D460CF0D2
S21402BE70D2FC0146204603F083F910F003035FD19B
S21402BE8010F00C0F06D12946204608B0BDE8F04750
S21402BE90FFF79EBC20460AF0A7FCC30638D420460D
S21402BEA00CF0B9FC0146204603F06AF90646204625
S21402BEB00AF094FD804602300EF0DBFE05A9074626
S21402BEC020460CF08FFD06F00C0698F801300C2E7A
S21402BED00CBF4FF003094FF00609012113F0010FC2
S21402BEE0204618BF4FF003090EF0DCFA174B8046C7
S21402BEF01B88A3420FD1B5FA85F04009FBF748FC30
S21402BF0020460AF09FFC0022014607200EF07AFE29
S21402BF1008B0BDE8F08703F0ABFA824640460EF062
S21402BF20A5FA064640460EF085FAF6B202903A4662
S21402BF3049462846CDE900A605AB08F0B5FEDFE780
S21402BF40012BE5D110F00C0FE2D19CE7FE5B00203E
S21402BF50002210B5094B1C78094BD1B28C4201D88D
S21402BF60002010BD197A814202D19979022902D0A5
S21402BF7010330132F1E70120F3E700BF2F63002000
S21402BF807C4400200146002210B5084B1C78084B62
S21402BF90D0B2844201D8002010BD187A884202D15D
S21402BFA098790128F8D010330132F1E72F63002088
S21402BFB07C440020002210B40A4B1C780A4BD1B2F3
S21402BFC08C4203D85DF8044BFFF7DABB197A81423C
S21402BFD005D19979012902BF0021198059801033B1
S21402BFE00132ECE72F6300207C440020024B1878D5
S21402BFF0003818BF012070472F630020044B1B68CF
S21402C00013F0300F03D0202130200BF08CBF704786
S21402C01064480020002310B5044608491A4601EA7F
S21402C02000414FF07F60FFF701F8E30703D50021D8
S21402C03030200BF078FF002010BD00BF0000720712
S21402C040044B5B8823F4784323F08D03038000209F
S21402C050704700BF6448002008B500220346C3F8B4
S21402C0600220C3F806200B4A02301268D1B212F040
S21402C070200F18BF41F010011980930701D4FFF773
S21402C0804DF8054B1B78023B032B8CBF1720002074
S21402C09008BD00BF644800207562002038B505461A
S21402C0A00C46FDF7EDFB98B10E4B187878B10E4BA7
S21402C0B01B681A040FD58CB113F0420F00D17DB164
S21402C0C003F44073B3F5407F0CBF0020232038BD35
S21402C0D040F60840FBE740F60B40F8E72046F6E756
S21402C0E02320F4E77162002064480020F0B504467D
S21402C0F08DB007A80D46164608F0D0FE1022002185
S21402C10003A8EFF797FB5CB1234603AC03F11007D5
S21402C110224618685968083303C2BB421446F7D150
S21402C120012703A986EA070307A88DF81C708DF875
S21402C1301D3009F01EF880EA070401A8E4B2EDF704
S21402C14027F8B6B101A88DF80650EDF74DF864B1A0
S21402C150002303A907A88DF81D3009F019F80C4B27
S21402C1601B78432B01D1F9F7DBF80A4B1D700DB093
S21402C170F0BD01A88DF80750EDF736F8002CF6D082
S21402C18003A907A88DF81D7009F002F8EFE700BFB3
S21402C1907562002070620020F0B5012593B0074654
S21402C1A00DA80C4608F07AFE05A90DA8ADF8345085
S21402C1B009F009F801A8ECF7EBFF09A90DA88DF81C
S21402C1C035509DF8066008F0FEFF0DA89DF8075052
S21402C1D008F08FFF70BB731BDBB2802B28D91FB110
S21402C1E0A64225D0A54223D105A90DA808F0D0FF66
S21402C1F003A8ECF7CDFF03A88DF80F60ECF7F4FF69
S21402C2000122294609A8FFF771FF0AF072FF0121F1
S21402C2104FF400700CF097F8FDF71AFBB0F1004FE0
S21402C22001D9FDF71BFB044B187808F0A3FD01208B
S21402C23013B0F0BD0020FBE77062002070B50E461A
S21402C240144605460320FFF7B7F946F004022946CE
S21402C250204608F0F7FF0022014B1A6070BD00BFAF
S21402C26060480020F0B587B00788054610220021F6
S21402C27002A8EFF7DFFA3E4B1B78002B76D1BC05FF
S21402C2805ED407F08403842B63D00022394C114617
S21402C2901046FFF72BFF17F4045F276005F102062E
S21402C2A01CD0B9040AD5304602F09CFA00284ED1BA
S21402C2B0236823F4005343F48073236030460BF064
S21402C2C0AEFE002842D108F0E7FD18B9236843F411
S21402C2D080332360236843F02003236022680DF135
S21402C2E0060042F400432360FFF7AAFE12F4805FC2
S21402C2F0BDF8063031D043F02003ADF80630216891
S21402C300334611F0400218BF05F123024FF07F605A
S21402C310FEF78CFEBDF80630DA0703D50021302082
S21402C3200BF001FE23689B0506D5012295F8221024
S21402C33005F11200FFF7DAFE00200F4B186006E048
S21402C34005F112000BF06BFE00289AD0292007B0E8
S21402C350F0BDB80799D52320F9E723F02003ADF8FE
S21402C3600630FDF77BFAFEF775FCC8E70220EEE71B
S21402C370756200206448002060480020024B18685E
S21402C380C0F30050704700BF644800202DE9F04F0C
S21402C390064689461046002189B01546984602F0A0
S21402C3A0EFFE102807460AD86A4B0341DB0706D47D
S21402C3B0C8F340049DB9002009B0BDE8F08F664B73
S21402C3C01C78002CF6D0FFF7D9FF00280CBF4FF4DC
S21402C3D0F0744FF4D074FC4004F00104EAE74FF026
S21402C3E0000A18F0010F5346524629464FF0050040
S21402C3F0CDF800A00CBF4FF0080B4FF4027B06F0FE
S21402C400D4FB0028D7D0C823324600935946534659
S21402C410284602F0DDFEADF80E000028CBD018F05C
S21402C420080A4AD14FF6F773A7F10F02D2B29E421C
S21402C4308CBF09230123012A01D843F04003474A4F
S21402C4408DF810301378591C11708DF81130002CAD
S21402C4504FD09DF81030052F43F020038DF8103092
S21402C46033D03F4B1D78002D5AD04FF6F773002578
S21402C4709E424FF00F0248D9012304A90DF10E0087
S21402C480F7F75EFB002896D1002C4DD1BAF10001D9
S21402C49033463A4618BF0121BDF80E00CDF800908B
S21402C4A009F06BF8ADF80E00002884D018F0040FDF
S21402C4B04DD031460AF0BBFF7EE749460DF10E002D
S21402C4C00BF066FF0028ADD175E70121BDF80E001E
S21402C4D00DF0E8FF012102F053FE0123834013F022
S21402C4E0620F1CD11E4B1B78E3B14FF6F77318256B
S21402C4F0BEE71B4B25461B780222002BBCD04FF60C
S21402C500F7739E42B8D8052FB6D0BAF1000FB3D152
S21402C5109DF8103043F040038DF81030ACE710253C
S21402C5200F22A9E71825FBE7BAF1000F0AD002236B
S21402C5304A46009029460DF10E00FEF79DFB0028A4
S21402C540A4D038E741235246CDF800A0F2E70AF01D
S21402C55056FF31E79FFEFEFF7162002072620020E6
S21402C560656200202DE9DF431E46144B80461B6899
S21402C5700F469B0791460A9C1BD4204614B108F02E
S21402C580E6FFC0B20622CDE902403B460020CDE9D6
S21402C59000890B490CF0BFF8024650B10021002E6C
S21402C5A00CBF01230323084604B0BDE8D043FFF7BF
S21402C5B0EDBE002004B0BDE8D08300BF6448002072
S21402C5C0504D04002DE9F04F8DB081468A461F4635
S21402C5D093469DF85C803AB903A8FEF79FFDB0BB70
S21402C5E000200DB0BDE8F08F15460022232110462C
S21402C5F00AF00FFAADF80A000028F1D00DF01AFF83
S21402C6000523044618F0100F00F8023B677020D08E
S21402C61011220021EFF70EF904F11306032F4FF053
S21402C620080237D159463046EFF756F9C8F3801359
S21402C63006F10905337208F086FF00283ED0002373
S21402C6402B706B700123033505F8013C36E003AD11
S21402C650CBE7012610221699EFF73EF906FA07F302
S21402C66013F0620F02D104F11206D7E707A808F00A
S21402C67015FC05A88DF81C60ECF78AFD9DF81620BF
S21402C68018F0200F9DF8173008BF134604F1130662
S21402C690A374C3E751463046EFF71EF9012306F1AD
S21402C6A00802121B28460093BDF80A10082392B20D
S21402C6B00EF0D8FB042F06F11005BCD02D1BA9B234
S21402C6C00DF10A000BF08FFF002889D118F0040F35
S21402C6D00BD048460EF0BBFBFF281FBF074A32F8B6
S21402C6E0103023F4804322F8103043465146484621
S21402C6F0BDF80A20FFF74AFE73E700BFA05B0020E2
S21402C70070B5032690B08DF80760F7F7B3FB18B93B
S21402C7100224204610B070BD02AD2846FEF7FEFC8D
S21402C7200028F5D01B4B1C6814F00204F0D140F22E
S21402C7300F43194AADF82430136804A8CDF8263002
S21402C7405368CDF82A3008F0A9FB95E8030005AB3C
S21402C75083E80300062304A88DF81D308DF81060C8
S21402C760ECF7B8FC01210DF12E020DF10700ECF7F3
S21402C77009FC22461A2109A80AF04BF9024608B912
S21402C7801924C6E7012329462046FFF7FFFD0028A5
S21402C790BFD1F5E764480020F86200202DE9F04F8B
S21402C7A004460D46002191B01F2208A89B46079119
S21402C7B0EFF740F820460CF02EF80146204602F02D
S21402C7C0DFFC8DF8110020460AF008F99DF81130BA
S21402C7D0467899068146C6F34006204648BF46F08C
S21402C7E002060CF0EEF8804620460DF03FFE0022D0
S21402C7F0A0EB0803DBB2232B28BF2323009221469B
S21402C800424607A80EF02EFB00283AD1A24B9DF80E
S21402C8101C701B789DF81DA0B3B3FFF7AFFD002870
S21402C8200CBF4FF4F0734FF4D073FB40DA072BD5EE
S21402C830B30729D4082F22D1BAF1040F21D1FBF76E
S21402C8407FFBF0B9012342460093214605200DF1F5
S21402C850110306F087F9A0B1053F0D2F11D8DFE8C6
S21402C86017F024001000AF01BC01C5011000100033
S21402C8701000100010001000CB01F901F901052F7D
S21402C88007D011B0BDE8F08F102F05D1BBF1000F15
S21402C890F7D0FBF755FBD5E7FBF752FB0028D1D0C4
S21402C8A0052FCFD0112FCDD0EBE7BAF1050FE8D880
S21402C8B0204609F0F6FF029009F102000EF0D9F9BF
S21402C8C082460DF11200FFF7BBFB01239DF81D8087
S21402C8D003FA08F313F0620303932DD0BDF8123067
S21402C8E09D0722D5B407CCD5FBF72AFB0DF11E0017
S21402C8F00BF095FBB8F1030F04469DF82EB02FD12E
S21402C9000DF12F050AF0FBF9824540F03181032E26
S21402C910B7D19DF836100DF11E02003918BF01215D
S21402C9200DF12E0008F034FEABE7FBF709FB0028FA
S21402C930DCD1002EA5D0D9E7FBF702FB68B10DF1DA
S21402C9401E000BF06CFBB8F1030F04464FF0000B11
S21402C95040F082800DF12E05D4E7002E91D0EEE74E
S21402C9604E4B1B6898072AD5FF2208210DF1370087
S21402C9700AF053F9814610BB034601460DF1370211
S21402C9800220FEF753FB0AF0BAF982450DF137078B
S21402C9900DF12F0523D04FF6F7739A4540F2ED803E
S21402C9A00022082128460AF038F9002800F0E5801F
S21402C9B0002259460DF11E00FFF798FB61E70DF1C4
S21402C9C037070DF12F0538460BF0D5FA002848D068
S21402C9D00AF095F9824540F0CC804FF000092846CF
S21402C9E0F7F7D2FD002800F0C480B8F1010F5BD043
S21402C9F0B8F1040F7FF445AF0BF0E0FA10B1032E46
S21402CA007FF43FAF002C7FF43CAF3A4602210DF193
S21402CA101E00FFF713FC224B1B7863B1FFF770FE74
S21402CA20FEF7C4FD022806D10120FEF7B9FD01215A
S21402CA300846FEF741FC1B4B1B78022B20D1032134
S21402CA40384608F099F9FEF7B1FD014600287FF452
S21402CA5018AFFEF731FC14E70DF136070DF12E057F
S21402CA60B1E7104B1B78432B7FF40BAFB8F1010FE5
S21402CA707FF407AF0AF043F982457AD1C146AEE7A2
S21402CA80412B7FF4FEAE054B1B6859057FF5F9AEC8
S21402CA90F9F73EFEF5E600BF71620020644800200A
S21402CAA01F630020756200206C4D2B78022B22D06B
S21402CAB02B78412B3FF4E5AE3CB9FBF741FA5946D9
S21402CAC002460DF11E00FFF711FBFBF739FA0028AC
S21402CAD03FF4D7AE0BF072FA614C98B123681B058F
S21402CAE002D42B78432B0DD1B0070BD440F61A4054
S21402CAF0F9F70CF8C5E60BF061FA0028D8D0B207B1
S21402CB00D6D4BEE6206810F0020002D102990BF0DD
S21402CB1014FC2B78112B16D12368590513D5002047
S21402CB20FEF7E0FB044600287FF4ABAE0AF055FBA6
S21402CB3040F61C40F8F7EAFF21462046FEF7BCFB0B
S21402CB40F8F7F0FF9DE6B20701D5FFF757FAB9F1FD
S21402CB50000F9DD008F0A0F918B94FF480310BF001
S21402CB60E2F900223F4B38461A600BF0FBF98FE7DA
S21402CB700027039B002B7FF40EAF4FF6FF73284669
S21402CB8005A9ADF814300AF0ADF820B128460AF02F
S21402CB908AF8ADF814004FF6FF73BDF814009842F9
S21402CBA03FF46FAE002C0CBF0423152301930DF146
S21402CBB01E0300933A4643462946FFF703FD60E606
S21402CBC00DF11D00F7F7E0FC00283FF45AAE0222F2
S21402CBD029460020FAF79EFE53E6F3077FF551AE8C
S21402CBE03246284607A90BF0D2FB4AE69DF81D10EE
S21402CBF00120FFF7D1FA44E6184B1B78022B20D10E
S21402CC00002D7FF43EAE05A8FEF788FA00283FF412
S21402CC1038AE154B1D709DF81D30002B14BF6424D2
S21402CC206524FEF7C3FC032806D128462946FEF7EC
S21402CC3043FB2846FEF7C0FC214605A808F09CF8F0
S21402CC401FE6043B012BDBD9284608F08CFC0028A3
S21402CC50D6D116E6204608F088FC12E67562002059
S21402CC6064480020604800201F6300202DE9F3413D
S21402CC7005460E46174698460BF0A0F9044640B104
S21402CC8001233A4631462846CDF80080FFF76AFC73
S21402CC9004460BF093F930B1FFF770FB78B10A4BFC
S21402CCA01B689B010BD400233A4631462846CDF832
S21402CCB00080FFF757FC002C0CBF0446012404F04A
S21402CCC0010002B0BDE8F0816448002070B58AB069
S21402CCD005A808F0E3F8022301AA15468DF81430D9
S21402CCE0084B03F11006144618685968083303C443
S21402CCF0B3422246F7D1294605A808F03AFA0AB006
S21402CD0070BD00BF5F9A0400014B1878704700BFE1
S21402CD10996C0020014B1888704700BF166C0020E3
S21402CD204FF6FF732DE9F043994280460D4685B0D3
S21402CD300BD000274FF6FD791C4EEBF71BFDFCB21D
S21402CD40A0420BD84FF6FF701DE0F7F71DFC002837
S21402CD50EFD005B0BDE8F04309F0D1BF36F8143085
S21402CD604B4517D8694620460BF05EF90822414625
S21402CD700DF10500EFF7AAF84FF6FF7360B99D4272
S21402CD8004D136F8140005B0BDE8F08326F8145036
S21402CD900BF024F90137D0E79D42FBD036F8143069
S21402CDA0AB4208BF26F81490F4E700BFD45A00201E
S21402CDB02DE9FF4706460F4600254FF6FD79DFF8B8
S21402CDC03C80DFF83CA0EBF7D5FCECB2A04202D8E0
S21402CDD004B0BDE8F08738F814304B450CD86946E5
S21402CDE020460BF021F9082231460DF10500EFF737
S21402CDF06DF808B90AF804700135E4E7D45A002041
S21402CE003B620020014B33F810007047D45A0020D2
S21402CE10F0B5064600250D4F85B0EBF7ABFCECB23D
S21402CE20A04201D805B0F0BD37F81430B3420BD19A
S21402CE30694620460BF034F99DF80030022B1CBFE1
S21402CE404FF6FD7327F814300135E6E7D45A002072
S21402CE5030B585B004460D46EBF78CFCA0420FD9E0
S21402CE60084B33F814204FF6FD739A4208D86946E9
S21402CE7020460BF015F929460DF10500FFF750FF85
S21402CE8005B030BDD45A002030B585B00446EBF765
S21402CE9071FCA04219D92046FFF75AF80546B0B9E8
S21402CEA0694620460BF0C0F89DF800302BB1694663
S21402CEB020468DF800500BF0D5F84FF6FF72002092
S21402CEC0044B23F8142005B030BD2820FBE740F6BB
S21402CED00440F8E7D45A00202DE9F0410B780546C5
S21402CEE00E461BB9BDE8F041FFF7CEBFEBF742FC9A
S21402CEF0A84231D92846FFF72BF878BB374617F8F1
S21402CF00058B4FF6FF713846FFF70AFF0446384690
S21402CF1000F01EFAB0FA80F04009B8F1000F15D002
S21402CF20B8F1030F15D04FF6FF724FF6FD73944219
S21402CF3008BF1C460B4B314623F815400A4B585582
S21402CF4028460BF08FF80020BDE8F0814FF6FF74FC
S21402CF50F0E74FF6FE74EDE72820F5E740F60440CA
S21402CF60F2E700BFD45A00203B6200202DE9FF41C1
S21402CF700D4604464FF6FE780F4F0E0AEBF7FAFB05
S21402CF80A04204D8FF24204604B0BDE8F08137F85A
S21402CF90143043450CD1694620460BF045F89DF8FF
S21402CFA00520EBB29A4203D19DF80630B342EAD08E
S21402CFB00134E4B2E2E700BFD45A00202DE9F04F74
S21402CFC00C461746984600254FF6FD7B87B09DF81F
S21402CFD040A0DFF85C900190EBF7CCFBEEB2B042DB
S21402CFE001D8FF2616E039F816205A451ED83046D4
S21402CFF002A90BF019F83FB99DF80920424515D150
S21402D0009DF80C20524511D144B939F81620019BDF
S21402D0109A420BD1304607B0BDE8F08F0822204670
S21402D0200DF10D01EEF752FF0028F3D00135D3E7DC
S21402D030D45A002010B514460AF0F6FF2046BDE882
S21402D040104008220149EEF747BC00BFF8620020F4
S21402D0502DE9FF47074615460846082224491E467C
S21402D060EEF734FF044600283FD14FF6FF7ADFF88A
S21402D0708490EBF77FFB5FFA84F880450BD385B389
S21402D080384605F030FE01250C9B187001203570DD
S21402D09004B0BDE8F08739F8183053451FD069460A
S21402D0A040460AF0C1FF7A789DF801309A4216D1BE
S21402D0B07A88BDF802309A4211D13A799DF8043046
S21402D0C09A420CD108220DF10501781DEEF7FEFEFC
S21402D0D028B9002DD7D1404605F020FED3E701340B
S21402D0E0C7E7FF2005F01AFECEE70020D0E700BF14
S21402D0F0F8620020D45A0020F0B50025154E164FCF
S21402D10085B0EBF737FBECB2A04201D805B0F0BD14
S21402D110694620460AF088FF9DF80030032B06D9A0
S21402D1200023694620468DF800300AF09BFF9DF8E2
S21402D130002062B14FF6FD734FF6FE71032A08BF58
S21402D1400B4626F81430002301353B55D9E74FF637
S21402D150FF73F6E7D45A00203B620020F8B50E466D
S21402D16004464FF6FF770C4B0C4D1B7803EB43033C
S21402D17005EB8305A54202D800242046F8BD238885
S21402D180BB4206D008223146A01CEEF79FFE0028BE
S21402D190F3D00C34EEE700BF606C0020145A002077
S21402D1A0044BFF211A78044802EB42029200EEF783
S21402D1B041BB00BF606C0020145A0020F8B504463C
S21402D1C00C4B0D461B781046A3420DD90C270221A4
S21402D1D017FB04117C43084E08223144EEF77CFB11
S21402D1E0335B00202B80F8BD0023136053604FF69C
S21402D1F0FF73F6E7606C0020145A002038B5044628
S21402D2004FF6FD75FFF704FE0022084B1878084B10
S21402D210D1B2884200D838BD33F80C1C0132A14284
S21402D22008BF23F80C5C0C33F2E700BF606C0020EA
S21402D230205A002070B505460E460846FFF7DEFF68
S21402D24031462846FFF76CFD29460648FFF786FF5B
S21402D25000B970BD044624F80C6B0AF0BFFE2946DE
S21402D2602046F3E7145A002010B5082286B0234958
S21402D2700446EEF72BFE20B906B0BDE8104009F0D2
S21402D2803EBD082220461E49EEF720FE20B91D4B61
S21402D290B3F8680006B010BD0023012221464FF6FF
S21402D2A0FF700093FFF78AFEFF2806D0164B33F86E
S21402D2B010004FF6FB739842ECD903A8FEF7CCFE9B
S21402D2C058B9BDF80C305B0607D5082221460DF189
S21402D2D00E00EEF7FBFD0028DCD021460B48FFF7D8
S21402D2E03DFF40B14FF6FB724FF6FF730088904247
S21402D2F088BF1846CEE74FF6FF70CBE7F8620020ED
S21402D3004E560020E4550020D45A0020145A00201D
S21402D31070B5002204464FF6FB7608460A4B1D7887
S21402D3200A4BD1B28D4201D8002009E01988B142D9
S21402D33007D8A14205D10822991CEEF7CDFA0120A2
S21402D34070BD0C330132ECE7606C0020145A0020EA
S21402D35037B5014605460E48FFF700FF044640B1C2
S21402D360807A29460AF0C0FE80F00100C0B203B0FF
S21402D37030BD03460090012229464FF6FF70FFF7A4
S21402D3801DFEFF2816BF034B2046185CE9E700BFC8
S21402D390145A00203B6200202DE9F341224B04463A
S21402D3A01B780F468342154638D9FEF7EBFDB8BB0D
S21402D3B04FF6FD739D421D4E0ED004EB440326F835
S21402D3C023504FF6FF739D421FD12046FEF7F2FD13
S21402D3D0002002B0BDE8F0810DF10601384609F0E2
S21402D3E081FC4FF6FF72BDF806303846934218BFEE
S21402D3F01D460C236343F55206EB0308FFF7A8FF0E
S21402D400B0FA80F0400988F80A000C2303FB046097
S21402D410082239460230EEF75FFAD9E72820D8E725
S21402D42040F60540D5E700BF606C0020145A002085
S21402D43038B504460D46FFF7BBFC21460448FFF705
S21402D4408DFE00B938BD857221460C30F7E700BF65
S21402D450145A00200023074A1370074A1370074A1B
S21402D460118801B11380064B1A880AB100221A806D
S21402D470704700BF31630020306300200E5C00203E
S21402D4800C5C00202DE9F04F3C4C1D46238887B0EB
S21402D4900746884610469DF840605BB952B10BF0CD
S21402D4A0BBF820804FF4FA61354807B0BDE8F04F6C
S21402D4B00DF0ACB8DFF8D890B9F80040002C49D08F
S21402D4C020460CF0D3FFC0F3470620460CF0B2FF0E
S21402D4D0DFF8C0A00296BAF80030DFF8BCB00193BD
S21402D4E0BBF800300446009300222B460120254953
S21402D4F00BF011F9ADF81600E8B1012504EB46066B
S21402D500B4420DD1BDB9BDF81630A3B12A46414684
S21402D510384600F06FF9ABF80050AAF800500AE05F
S21402D520012321461A460DF11600F6F709FB0234CE
S21402D53005460028E4D00023134AA9F800301378E1
S21402D540013BDBB21370002BACD107B0BDE8F04F45
S21402D550FFF780BF0D4C237823B90DF095F908B973
S21402D56001232370324629460520F7F70DFA0028D4
S21402D570EBD1207007B0BDE8F08F00BF0E5C002034
S21402D580706B0020564D040031630020306300208B
S21402D5900C5C0020A85B0020AA5B002030B5154D6D
S21402D5A087B02C889CB923464FF4A07248F2380103
S21402D5B003A80AF075FE21462046FAF7E3FA224649
S21402D5C00D4B009403A9FFF75DFF07B030BD204660
S21402D5D009F004FA04300DF04CFB03A9044628882F
S21402D5E00BF000FA0023009320462A8803A900F0D5
S21402D5F0AFFAEAE70E5C002000F8FF0737B5002016
S21402D60001A9FAF7BFFA0D4C014623780C4D7BB1FF
S21402D6100C4B019A1878FAF7CBFA2078F8F74CFCFC
S21402D620002323702B700848F6F736FB03B030BD94
S21402D6302B78002BF7D0FFF7B1FFF4E73363002017
S21402D6403163002032630020706B002008B5054865
S21402D650F6F732F80448F6F72FF8BDE80840034814
S21402D660F6F72AB80E5C00200C5C00200A5C00204C
S21402D6702DE9F04F89B089460446CDE905239DF889
S21402D6804870139E30B316F801ABBAF1000F23D0E0
S21402D6900AF1FF34A400E4B23146012007F0ABFFE2
S21402D6A0C00E1BD1DFF838B13146012007F0A3FFC8
S21402D6B09BF8005034442279BDB1002F47D1802315
S21402D6C04846CDE90277CDE900773E4A059900F053
S21402D6D091F83CE08246DFE75446DDE71B28ECD9AA
S21402D6E03146012007F087FFE7E7DFF8F880FF2AD8
S21402D6F000EA08080BD14246E379A179607901EB8A
S21402D700032189B209B0BDE8F04FFAF751BA2E49A3
S21402D71009688B070AD5FE2A35D101230135EDB2F9
S21402D720202D4FEA43030AD1FF250AE02946284660
S21402D7300792FAF727FA4845BFD1079AEBE79845CA
S21402D740ECD1224B1B78FF2B04D0AB4204D009B09D
S21402D750BDE8F08FFF2DFAD029460020F4F7B2FF7D
S21402D7600028F4D09BF800306479002BEFD1FFF745
S21402D77071FE17484FF410510CF048FF154B8BF80A
S21402D78000501C70E3E7052A97D8BAF1010F94D827
S21402D790B8F1000F91D0002FD9D17379002BD6D0D3
S21402D7A00D49098821B9082B28BF08230B490B709D
S21402D7B0434648461292DDE9051209B0BDE8F04F2D
S21402D7C0FFF760BE564D0400644800209A6C0020A5
S21402D7D0706B0020326300200E5C00203163002054
S21402D7E03363002000F8FF07014B1880FFF7D6BE10
S21402D7F00C5C00200CB42DE9F04F8BB014AA0E4638
S21402D80052F8041B07460992002940F08F80BDF8A3
S21402D8105400ADF82200002800F0A18033794FF6BC
S21402D820F778002B40F0868047458CBF4FF00908FA
S21402D8304FF008084C4B1C78FF2C40F08380B6F95A
S21402D8400230002BA9BF494B347A1C780134A2BFA0
S21402D850E4B21C7044F08004DFF81CB122460021BA
S21402D86001F0A2FC9BF80030BDF82200002B6CD021
S21402D870DFF808A14FF00009BAF8003007930CF061
S21402D880F5FD0546BDF822000CF0D4FDEBB2CDE95D
S21402D8900193FF23CDE90309009322463346394616
S21402D8A00798FCF7B5FB4FF6FF7305468BF800901A
S21402D8B0AAF80030382D33D13246394640460DF1AB
S21402D8C0220307F058FE00284BD04FF6F7739F420C
S21402D8D026D8B6F902307088002B21DA48F2040204
S21402D8E02349244B4FF00008904214BF89469946BC
S21402D8F009F005FA494603468A220120CDF800803F
S21402D9000AF009FF814658B12246414601F04CFC16
S21402D910FF23324639464046CDE90098FCF7DAF94D
S21402D92028460BB0BDE8F04F02B0704701200AF05F
S21402D930CFFE6EE7002347458CBF4FF00608984699
S21402D940337177E7FF221A7086E7CDE90003324685
S21402D950FF2339464046FCF7BDF90546AAE71925D6
S21402D960DEE70546DCE700BF9C6C0020356300203E
S21402D970674D04005C4D040034630020105C0020F8
S21402D98070B54FF4003300240546164688B0ADF84D
S21402D9901A100DF10F0204A90593ADF81840ADF860
S21402D9A01C4004948DF80F4007F0C4FD9DF80F301C
S21402D9B028460193049B044A009305A93346FFF7C1
S21402D9C019FF08B070BD00BF604D040030B54FF4BB
S21402D9D08035002487B00395BDF82850CDE90012A3
S21402D9E08DF81030074A034603A9BDF82C008DF8BF
S21402D9F01140ADF81250ADF81440FFF7FBFE07B029
S21402DA0030BD00BF6C4D0400B1F1006F2DE9F0434C
S21402DA1014462CBF392238228BB01D464FF0000325
S21402DA20ADF81E204FF480022CBF4FF00109994634
S21402DA30FF2C0646ADF81C300892ADF824304FEAAB
S21402DA4011471FFA81F80FD109F06AFCB9F1000FED
S21402DA5019D1154ACDE9020543463046CDE9007490
S21402DA6007A9FFF7C7FE1AE0FE2C0AD109F058FCF8
S21402DA700130C0B209F05FFCB9F1000F12D00B4AB8
S21402DA8002E0E8B2F8E70A4ACDE903050123304688
S21402DA90CDE90174CDF8008007A9FFF7ABFE0BB005
S21402DAA0BDE8F083034AD5E7644D04006A4D0400DE
S21402DAB0634D04006B4D04004FF498124FF08063E0
S21402DAC010B586B0CDE903230023ADF8143009F073
S21402DAD016F90446F8F796FA054B01900093054AA4
S21402DAE0234603A94FF6FD70FFF784FE06B010BD6D
S21402DAF0F8620020704D040008B5064B1B78022B16
S21402DB0002D0043B012B03D8FFF7D6FF002008BD46
S21402DB100220FCE77562002030B500244FF48065D1
S21402DB2087B0CDE900128DF81030084A034603A9E3
S21402DB304FF6FD708DF811400394ADF81250ADF813
S21402DB401440FFF757FE07B030BD00BF744D040007
S21402DB502DE9F04F99B00E4605460CA91046CDE9C0
S21402DB600A329DF888700AF0FAFABDF830908046BC
S21402DB7048460CF07BFCB6F902300446002BB6F899
S21402DB8006A0B6F802B004DA00228D4B1A70002006
S21402DB9049E048460CF06AFC4045F5D3A4EB08047D
S21402DBA0E3B2002F18BF4FF4A07A152B099328BFB3
S21402DBB015230024013308F1FF324946DBB292B244
S21402DBC0009412A80DF04EF96FEA4B436FEA5343E6
S21402DBD07C499DF8482008684968ADF83E300DAB90
S21402DBE003C3ADF84040ADF83C40ADF842A0ADF8F6
S21402DBF04420BBF1000F24D10DF14900F6F7C4FC16
S21402DC00A0B109F07CF85C4680460DF151060DF194
S21402DC1049030A9A96F80090012A2CD14FB384F051
S21402DC20010404F0010019B0BDE8F08F0DF14900BF
S21402DC300AF0A4FB4FF6FF74011B4C4280464C418F
S21402DC40E3E7BBF1010F57D1BDF8498009F057F859
S21402DC5080450AD040460DA90AF093FB80F00104E5
S21402DC60E4B20DF14B060DABD3E7574B0DF14B0665
S21402DC70CFE70A9CD5E75FB344BBB9F1010F25D8BD
S21402DC8030D109F03CF809F03AF82246804671781D
S21402DC904D4B029100210120CDE900814B490AF04B
S21402DCA03AFDADF8320088B124BBB9F1010F0CBFC2
S21402DCB00D210C210DF132000AF095FC024628B91E
S21402DCC02846BDF832300FA9FFF794FD0120AAE7D7
S21402DCD0B9F1010F04D1002CD3D081227178D8E794
S21402DCE0002CFAD1B9F1010F94BF002201227178FB
S21402DCF0D201CEE70C21DDE70A9B002B7FF447AF6B
S21402DD007388342B4BD1099B092B7FF440AF002F2D
S21402DD107FF43DAF9DF951603A46B41008210DF1EB
S21402DD20490004F0200408F078FFA0B1284B1B78C5
S21402DD30012B3FF42CAF274A274BB2F868201B680A
S21402DD40AA421DD0DA001BD5C8232846234A0FA9AB
S21402DD50FFF750FD1BE70DF14900F6F715FC00280A
S21402DD60E4D10DF149000AF009FB4FF6FF73984221
S21402DD70EAD02146F9F778FE03460028E4D1E4E724
S21402DD805B0201D5002E08DA00232846134A0FA9A3
S21402DD90FFF730FD124B1C70F9E68D23D5E7099B81
S21402DDA0CDE905A204930DF14903CDE9028331467C
S21402DDB02846CDE900790B9B0FAA00F03DF8E6E66F
S21402DDC029630020D6D50300F8620020784D0400AF
S21402DDD076620020E455002064480020C002040059
S21402DDE09B6C0020024B187840F08000704700BF02
S21402DDF035630020014B1880002070471E6C0020FF
S21402DE004FF6FF71034602881B798A4217BF0749FD
S21402DE1001200A8041881EBF054A00201180FF2B80
S21402DE201EBF044A00201370704700BF1A6C002001
S21402DE30186C0020366300202DE9F04FA1B09946F9
S21402DE40BDF8AC302D9F0D939DF8B03004460E936E
S21402DE50BDF8BC3038460F939DF8C0304E888846D1
S21402DE6015469DF8A8B010930CF003FF112E8246BB
S21402DE7071D808F044FF504576D0062E10D14FF6E2
S21402DE80FD72924526D0BBF1000F10D100228023EE
S21402DE90CDE900A229462046BC4AFFF7ABFC06E0C5
S21402DEA0BBF1000F03D1032E07D8012E09D800229A
S21402DEB0B74B1A7021B0BDE8F08F043E022EF6D89A
S21402DEC0E4E7802329462046B24ACDF800A0FFF7B1
S21402DED091FCECE7B04B1B785E074CD408F00FFFC2
S21402DEE00026034632460120A84900960AF013FC93
S21402DEF03B79ADF866000F930028DBD0DDE90E32E1
S21402DF000D9803EB42090CF0B1FA5FFA89F909F1B0
S21402DF1005085FFA88F88045CCD241460D9801F094
S21402DF202FF9109008EB40080D980CF09FFA8045E8
S21402DF30C0DADDE90F321343DBB2002B40F0348245
S21402DF40BBF1000FB6D1D84642460421BDF86600A2
S21402DF5001F02AF974E1904A3A2E127812D948F260
S21402DF603B039E4207D013E08B4A127850070BD52C
S21402DF70321F022A08D8B8F8063043F48043A8F8BD
S21402DF80063097E71B2E1DD8B21E91B213295FD911
S21402DF90109B494602930F9B3046CDE900B30E9A7A
S21402DFA0234607F0CEFA0F2884D10122784B1A7046
S21402DFB0794B1B789B0740F12783BBF1000F7FF458
S21402DFC079AFD8E7A6F11C011E29E1D801A050F8C6
S21402DFD021F000BF1FE6020091DF020091DF02007F
S21402DFE0B5DE020091DF02000DE402000DE402003D
S21402DFF091DF020091DF020091DF020091DF020052
S21402E00091DF020091DF020091DF020091DF020041
S21402E01091DF020091DF020091DF020091DF020031
S21402E02091DF020091DF02003FE402003FE40200BB
S21402E030F1E5020091DF020091DF020013E6020022
S21402E04091DF02006FE6020085E6020093E6020018
S21402E050132A9DD801A151F822F000BFADE00200BC
S21402E0603DE102005BE1020073E20200DDDE020037
S21402E07091DF020091DF020091DF020091DF0200D1
S21402E08091DF020091DF020091DF020091DF0200C1
S21402E09091DF020091DF020091DF020091DF0200B1
S21402E0A0B7E3020091DF02004BE6020000231A9358
S21402E0B08DF866300DF1660322460E9948460093A7
S21402E0C01AAB07F038FA08F01AFE0646EAF75EFBC5
S21402E0D0162894BF4FF002094FF02209F7F792FF75
S21402E0E02E4B0746B3F800A0FBF7EAFD2C4B804602
S21402E0F04FF6FF70B3F800B00AF0F8F8294B9DF817
S21402E10066201988244B1B7813F002031CBF264B8B
S21402E1101B780B921A9ACDE90701CDE90932402302
S21402E1202946CDE9019320460023CDE9058BCDE9AA
S21402E130037A1E4A0096FFF75DFBBBE608F0DFFD9A
S21402E1401B4B1C4A1B88CDE92A030023294620467E
S21402E15021B0BDE8F04FFFF74DBBBE781AA9731E7B
S21402E160DBB2EF2B304627D9F22E25D005F015FD6F
S21402E170822608F0C4FD00232946CDE90003034A9F
S21402E18033462046FFF736FB94E600BF5C4D04009C
S21402E19029630020674D0400366200201E6C0020B2
S21402E1A01A6C0020186C0020366300207E4D040096
S21402E1B01C6C00208B4D040005F0EFFC002856D0A6
S21402E1C008F09DFD9DF86C209DF86E100492BDF837
S21402E1D06A2049000392BDF86820C9B2CDE90162FF
S21402E1E09DF86D2003465200D2B208320A440092CD
S21402E1F001200022C6490AF08EFA9DF86D30ADF86D
S21402E20066008DF8633000283FF454AE4FF00008E5
S21402E21001230DF163011A460DF16600F5F790FC35
S21402E220074600287FF446AE9DF86330FAB2934262
S21402E2300CD89DF86E308DF86330B8F1000F02D01E
S21402E240BDF8663036E04FF00108E1E74146304659
S21402E25005F0A5FC0123ADF86400022219A90DF110
S21402E2606600F5F76DFC01370028DDD022E683262E
S21402E2707FE708F044FD064605F0B0FC3346009002
S21402E28000220120A3490AF046FA00283FF412AE03
S21402E29000273E46ADF8680005F0A0FC5FFA87F856
S21402E2A040450DD832460421BDF8680000F07CFFD8
S21402E2B0BDF86830002229462046FFF79BFAF9E5AA
S21402E2C0404605F068FCFF288DF866000BD0012357
S21402E2D001361A460DF166011AA8F6B2F5F730FCB9
S21402E2E000287FF4E7AD0137D6E75046B7F802902C
S21402E2F005F051FCFF288DF8640000F0E2811AA9AF
S21402E30005F04BFCBDF868304B4507D04FF6FF7260
S21402E310914540F0D681190400F1D3819DF86D3005
S21402E32012930E9B0533DBB213930F9B14930023B9
S21402E3304FF0000911934B4613E017934900139BC5
S21402E340C9B219440D9889B20AF088F94FF0000A4A
S21402E350179B159012995FFA8AF28A4216D309F130
S21402E3600109149A5FFA89F19142E6D39DF86E206C
S21402E3701292169A1392002B40F09581119B002B55
S21402E38040F09F81109B14930123D1E711999DF8C9
S21402E3906400179305F003FC159A179B0AF1010A0D
S21402E3A0824208BF0123D5E709F106095FFA89F31D
S21402E3B0B046169386E1BD1C29465046BC7A06F046
S21402E3C043FC01222946504609F03FF9504609F01F
S21402E3D0A1FF284609F0D2FF3A88824207D04FF6BC
S21402E3E0FF72904203D00CF032FD09F0B3FF84F0C6
S21402E3F00804C4F3C00421462846FFF719F821464C
S21402E400284621B0BDE8F04F07F0C4B8BBF1000FB4
S21402E4107FF450AD12073FF5AEAD33463A46294675
S21402E420204601F08FF900287FF444AD8423294664
S21402E4302046394A21B0BDE8F04FFFF7DBB90F9806
S21402E44097F8008009F00EFD00210746204601F0ED
S21402E450E3FC312EA7EB0007FFB240F0D5804FF069
S21402E460000A012053465246CDE9008A2B490AF09B
S21402E47052F9ADF8660000283FF41CAD162251464C
S21402E4801AA8EDF7D7F91AA808F0C2FE4FF0FF3324
S21402E490DFF894B0CDE91C339BF80090B9F1000F79
S21402E4A002D14FF0010A55E01D4E33796F2B02D987
S21402E4B00026324625E050461CA9F6F73DFF002806
S21402E4C0F6D0184BB6F80090B3F86830B9F1000FE2
S21402E4D02CD1003B18BF01235B0143F004038DF8E7
S21402E4E07A3002238DF87B3073881B0A49461EA8B1
S21402E4F08DF87D300CF0BFFBB8F1000F65D000261A
S21402E50001220221BDF8660000F04EFE32461CE5EE
S21402E5108F4D04005C4D0400C0020400974D0400B9
S21402E5206C5B0020E45500206F620020B3EB090309
S21402E53018BF01235B0143F005038DF87A300223EE
S21402E5408DF87B300F238DF87C30CDE70AF1010A77
S21402E5505FFA8AFA0AF1FF36F6B230460CF07DFC14
S21402E560C307F3D59BF8003019EB030F04D009F16B
S21402E57001095FFA89F9E9E7584B1CA91878304473
S21402E580C0B2F6F7D9FE002892D0304609F0F3FE64
S21402E590814630460CF061FCC0070FD416238DF876
S21402E5A07A304F4B1B780133DBB20F2B28BF0F2379
S21402E5B08DF87C304B4B33F8163096E730460CF02D
S21402E5C04CFC8107EAD41223E9E7BDF866000BF09B
S21402E5D04DFF1630B84292DC012316221AA90DF11D
S21402E5E06600F5F7ADFA00287FF464AC012660E712
S21402E5F012073FF5C0AC3B46224629460F9801F06B
S21402E600F9F800287FF456ACBBF1000F7FF452AC49
S21402E6100CE7BBF1000F7FF44DAC802307E708F050
S21402E6206EFB50457FF446ACB81CF5F7ADFF0028EC
S21402E6303FF440AC08F063FB064608F060FB2A4B4A
S21402E6402A4ACDE92A03334680E538460CF011FB08
S21402E65009F04CFE00283FF42DAC2A9000232946F0
S21402E6602046234A21B0BDE8F04FFFF7C3B84B4619
S21402E6702A4621460020CDE92AB721B0BDE8F04F50
S21402E680FEF7F6BF4B462A4621460120CDE92AB7B9
S21402E690F3E75B464A46294620462A9721B0BDE85C
S21402E6A0F04F06F07CBF012319A91A460DF1660049
S21402E6B0F5F746FA00287FF4FDAB08F101085FFA89
S21402E6C088F8013605F08AFA5FFA86FA50453FF670
S21402E6D00CAEB8F1000F3FF433AC35E4666C0020A4
S21402E6E01E6300209E5B0020F86200209C4D040002
S21402E6F0674D0400F8B5164B04461D88154B20F8E6
S21402E700025B196879B10822EDF7E6F8124B0C2085
S21402E7101B78124EA372124B19780023DAB291427A
S21402E72005D8FF2209E0C4F802104160EEE7013383
S21402E73000FB03F7F75BAF42F0D10A4BE2721B789D
S21402E7402373094B1B786373084B1B682361F8BD60
S21402E7501E5C00200057002037630020085A002065
S21402E760606C00201B6300201A630020EC56002019
S21402E770F0B589B006460C4615460AF022F90DF1A8
S21402E7800A020146304609F0D3FF144F0346F0B999
S21402E79001223A702288BDF80A102AB10246009079
S21402E7A0072004F0DFF990B103A8FFF7A3FFBDF836
S21402E7B00A000BF05BFE0646BDF80A000BF03AFEB6
S21402E7C021460090F3B2284603AA06F067FA002311
S21402E7D0034A3B70136009B0F0BD00BF38630020E7
S21402E7E000570020142230B58BB005460DEB02010F
S21402E7F01548DEF767FC10BBBDF81430DA0720D4E4
S21402E80013F0060FC3F3410208BFC3F341220F4BB6
S21402E8100DF116019C5C68462246EDF79BF9BDF8A1
S21402E820263004F128026A4402F8283C02341B0A05
S21402E83002F8273C69462A46E0B209F0F7F80BB020
S21402E84030BD2320FBE700BF703214E0779A040045
S21402E85010B58AB0ADF826200022CDE90522049232
S21402E8600CAA02924FF6FF720446AC2101200192D6
S21402E870064A039004FB0122603200924CF6200105
S21402E8800DF1260209F086FD0AB010BDE4550020FF
S21402E89010B54FF6FF741E4A8AB0B2F86800B2F896
S21402E8A05E10A042ADF82600B2F85C304FF6FD705E
S21402E8B0ADF8241018D081424FF0000094BF48F6FD
S21402E8C060014CF66001CDE90500CDE90300CDE913
S21402E8D0010094BF09AA603200920DF126020420BC
S21402E8E009F058FD0AB010BD81424FF000008CBFFF
S21402E8F0603209AA00928CBF4CF6604148F660412D
S21402E900CDE90500CDE90300CDE90100014AE6E7BD
S21402E910E45500204E56002000B50E4B0022B3F8F8
S21402E9205E308BB0ADF824304FF6FF73CDE905228A
S21402E930CDE90322CDE9012209AA00924FF4006133
S21402E9400DF126020720ADF8263009F023FD0BB0A4
S21402E9505DF804FBE4550020202A10B5144614D8AE
S21402E960012A04D10C88B4F5004418BF01246200C1
S21402E97030B10748ECF7B0FF064B00201C7010BD04
S21402E9800548ECF7A9FF054BF7E72120F7E700BF9C
S21402E990205C002039630020605C00203A6300207F
S21402E9A02DE9F047104617460CF063F9DFF814A17C
S21402E9B0DFF814919AF8003099F8002005461343C0
S21402E9C002D10020BDE8F08710F4406800F040064F
S21402E9D019D186BBB0F5804F5CD24FF48074002309
S21402E9E09AF80000344AD9B288425DD8002399F8D2
S21402E9F00000324AD9B28842E3D932F8021B013308
S21402EA00A142F7D155E0F81C0CF033F94FF6FF732C
S21402EA10984214BF0124022486B1052605F4404319
S21402EA20B3F5004F44F0080424D0B5F5804F23D246
S21402EA3044F4807420E044460326EFE7B5F5804FA1
S21402EA404FF00506F4D3B8F5406F14BF0220082035
S21402EA50304438440CF00DF9194B05F44045B3F830
S21402EA605C3083420CBF44F0080444F00404B5F55D
S21402EA70004F01D144F08004B8F5006F0ED1B819EA
S21402EA800CF0F7F80E4BB3F85E308342A7D144F091
S21402EA901004A4E7444603260220D9E7B8F5406FDF
S21402EAA008BF44F020049AE732F8021B0133A14261
S21402EAB099D1012086E700BF605C0020205C002020
S21402EAC0E45500203A630020396300202DE9F04F18
S21402EAD0104685B0164698460CF0CBF85D4F00F00F
S21402EAE00803B7F85C10044600F00709F01C02930E
S21402EAF00391B7F85EB00CF0BCF806F1050A0546BD
S21402EB0050460CF0B6F803464FF6FF70854218D012
S21402EB100399A1EB050CDCF1000545EB0C056D0035
S21402EB204FF6FF718B420ED145F004050BF0ACFE9A
S21402EB30029B6BB1B9F1000F11D0422005B0BDE8BF
S21402EB40F08F0125ECE79B4508BF45F00805EDE789
S21402EB50B9F1030FF1D8DFE809F0021B795D0BF07B
S21402EB6093FE08B9A807E8D524F00804A4B2B4F5C1
S21402EB70004F05D0B4F5624F02D0B4F5404FDCD159
S21402EB800025294697F8A820002007F005FF3CE05C
S21402EB90D7F88030E3B9002132460846FFF700FF77
S21402EBA0D8B948F6410224F038039BB29342C4D146
S21402EBB00A2D49D0062DC0D197F87730023B012B9B
S21402EBC0BBD8F3F745FD0028B7D140F6040505E0AB
S21402EBD04146304698470028DDD00825E20648BF61
S21402EBE045F08005A30648BF45F4805505F00C03A2
S21402EBF0042BC6D1F01D0CF03CF897F8A83032462C
S21402EC00009341462B4607F09CFE08B30E9B1880E5
S21402EC10002093E7A90705D14FF6FF73B7F85C20EB
S21402EC209A428AD104F44063B3F5006F0AD0B3F572
S21402EC30406F82D1082250460749EDF747F900286F
S21402EC407FF47BAF0C25C9E70425C7E7432075E7A9
S21402EC50192073E7E455002044560020034B1A7827
S21402EC601AB1FF2A04BF00221A7070473C630020C4
S21402EC7070B5084C084E2378F55C1DB13E21074856
S21402EC800BF019FFFF2223782846F2540023237044
S21402EC9070BD00BF3B6300203C630020A04D040013
S21402ECA0034B044A1B78D05CFF3818BF012070471C
S21402ECB03B6300203C6300200023074A0749136099
S21402ECC0074A1360074A1360074A11600121074A80
S21402ECD01170074A13607047105700201F85030003
S21402ECE00C57002008570020906B00209D6C0020D7
S21402ECF0185700200E2A70B50C46064615461946C9
S21402ED0003D9FFF7D9FF502070BD012807D1002094
S21402ED10F3F7B8FCB0B1FFF7CFFF2120F4E780226B
S21402ED200021224B1A70224B1960224B1B684BB1F2
S21402ED3034200BF0F3FB204B188018B9FFF7BCFF0A
S21402ED400120E1E724F0FF6323F4FF231BB1FFF762
S21402ED50B3FF4F20D8E774B92046F3F7ADFC012481
S21402ED60032510F0800F43B21BBF00F01F039C4028
S21402ED709C4044F078440020104B24F078441E70E7
S21402ED800F4B10491D70104B1C60104B1870104B27
S21402ED901A68F4F71FF818B1FFF78EFF0420B3E7DE
S21402EDA09DF810200B4B1A70AEE700BF3D630020A3
S21402EDB01457002008570020A05C00204263002061
S21402EDC040630020B9F0020018570020416300207B
S21402EDD0105700203E6300207FB5244B00251A788A
S21402EDE001232348234903FA02F200781A440A60F0
S21402EDF0ADF80E5020B3984236D11F4C1F4B2078E8
S21402EE001B680DF10E0198471D4EBDF80E2030709E
S21402EE1092B11C4B29460093284602230195F4F72B
S21402EE2013F83278237822B1012A12BF1B2301334A
S21402EE30DBB2237004B070BD013818BF0120F0E7C2
S21402EE4078235A43013A0A6008220F490BF0ACFABB
S21402EE500B49094A0978137821B1012912BF1B23ED
S21402EE600133DBB21370E5E71846E3E740630020A0
S21402EE70426300201C57002041630020906B002054
S21402EE809D6C0020F5F0020015A80300024B1868DE
S21402EE90003818BF012070470857002037B50546CE
S21402EEA01C460BF0F1FC68B974B1084B1A60084BAB
S21402EEB00A461C600123294600930323FFF71AFF24
S21402EEC003B030BD4D20FBE72520F9E704570020AC
S21402EED00C57002013B504460BF0D6FC58B962B1A5
S21402EEE0074B1A6001230A46009321460323FFF7C5
S21402EEF001FF02B010BD4D20FBE72520F9E700BF59
S21402EF00085700202DE9F0410446DDE906861D4635
S21402EF109DF820700BF0B8FC88B99EB1A2B10B4BDD
S21402EF2001201A600A4B0A46C3F80080094B2146A4
S21402EF301E602B460697BDE8F041FFF7DBBE4D206C
S21402EF40BDE8F0812520FBE72120F9E7906B002041
S21402EF50105700200C5700200148F4F7ADBB00BF45
S21402EF60A05C00202DE9F0410020F3F7A1FE114B32
S21402EF70114C1E68114B20881D68114B114FD3F897
S21402EF80008010B13978F4F771FD00203870FFF771
S21402EF9093FEF4F7ABF90EB14046B0473DB1208878
S21402EFA0A84700232380BDE8F0410BF0FFBDBDE873
S21402EFB0F08100BF0C570020A05C002008570020FC
S21402EFC01857002043630020F8B52F48F4F764FE74
S21402EFD02E4B187830BBF3F76FFB2D4F06463B6877
S21402EFE003B32C4B2C4D1C6824B195F900301A46FD
S21402EFF01946A047294B1B6883B1294C2378312B2D
S21402F0000CD8284B18880BF015FA23785A1C227055
S21402F0102A78C25423785A1C2270C65480232B7036
S21402F02000233B60204C23781A2B22D81F4A1278E2
S21402F030012A09D100211E4A156825FA03F0C007E5
S21402F040DAB20ED501B122700020F3F735FB217833
S21402F050884212D10022174B1A70FFF7BDFE40B944
S21402F060F8BD0133D8B21A284FF00101E5D90A4497
S21402F0702270BDE8F840FFF775BF0020F3F72EFBBD
S21402F0800028E7D0F5E700BF946B0020426300201B
S21402F09014570020045700203D6300200857002024
S21402F0A043630020A05C0020416300209D6C00208A
S21402F0B0185700203F63002008B50B4B187880B91C
S21402F0C00221F3F7CDFA094B1B782BB100214FF63C
S21402F0D0FF720846F3F7A6FABDE808400448FFF7B1
S21402F0E073BF00210846ECE7426300203E6300201F
S21402F0F0946B002038B5144B0C461D78012D21D197
S21402F10081B90846F3F7D8FA104A05FA00F01368F0
S21402F1100F4923EA0003136020462A46BDE838401A
S21402F1200BF042B90B4A13780133DBB2022B137091
S21402F13004D9BDE838400848FFF746BFFFF74CFE43
S21402F1400028F6D138BD00BF4263002018570020C1
S21402F15015A803003F630020946B002038B50C46C8
S21402F16005460BF083F9A04203D82D2103480BF085
S21402F170A2FC28460BF05EF9204438BDB44D0400CC
S21402F18070B506460D460BF055F9044648B13046B2
S21402F1900BF06CF9A84203D8352102480BF08BFC21
S21402F1A0605D70BDB44D040070B50C46064615464B
S21402F1B00BF05CF9A04203D83E2104480BF07BFC1E
S21402F1C030460BF037F900B1055570BDB44D04005A
S21402F1D02DE9F0438FB007460C4615461E469DF8AD
S21402F1E05880F8F755F920B1F4F796FE08B144F4C2
S21402F1F000544D4B1B7813B924F40074A4B22005B6
S21402F20009D546B9284604A9F5F750F9002846D08C
S21402F21024F40064A4B2ADF81840ADF81A5007F012
S21402F2206EFD424BADF81C00B8F1000F02D01A7802
S21402F230424501D293F800803D4AE105137848BF63
S21402F2400DF1210103F10103DBB2137058BF08A9C7
S21402F25022058DF81E808DF81F3006D533680831DA
S21402F26041F8083C736841F8043CE30407D5314A88
S21402F2700831136841F8083C536841F8043C0DF124
S21402F2801808A1EB08005FFA80F9002148460BF047
S21402F29045F9064628B900200FB0BDE8F08304AE53
S21402F2A0B9E70BF0C7F841464A46ECF753FC30463E
S21402F2B00BF0DCF8804630460BF0BCF80023024622
S21402F2C000934FF6FF7004235FFA88F107F039FBCC
S21402F2D0ADF80E000028DED040F201131C421AD10F
S21402F2E04FF6F7739D4216D80BF0C0F80DF10E01DB
S21402F2F00446284600F090FDBDF80E000BF0B6F866
S21402F300E4B2A04207D9BDF80E0007F067FB4378C7
S21402F31043F004034370BDF80E003A4601210BF099
S21402F320D5F8BDF80E00B7E7716200205A6C0020CF
S21402F33073620020F8620020F0B50829D58889B0EB
S21402F34028D00C2926D0AE0424D405F040030B4363
S21402F350424C267816B105F0200423432FB2002F24
S21402F360B8BF43F08003032920D11223AC068DF8E0
S21402F3700430937A10D48DF805300DF1060401A9F5
S21402F380621A012392B2F4F7DBFBB0FA80F040096E
S21402F39009B0F0BD0B46DBE732228DF805308DF85A
S21402F3A00420002EE9D00DF11304E8E70C298DF8AD
S21402F3B004300ABF138953798DF80530548805BF87
S21402F3C01B0A8DF806308DF805300DF1070318BFBD
S21402F3D00DF106031C70240A5C70148802399C70B6
S21402F3E0240ADC70147901291C7111D8917A002F35
S21402F3F0597131DA022112899971DA71120A03F10E
S21402F40009041A72002EBAD0AB06B8D50534B6E790
S21402F410A9071AD4002F0CDA117A51B1917A5971D0
S21402F4201189127A03F1080492B102229A71D971F3
S21402F430E8E70B4C217801F1010C84F800C09172C8
S21402F4409C1D002F5971DDDAEAE7917A9C1DF8E7D8
S21402F4500122090A9A71EAE79C1DD3E7716200202D
S21402F46072620020014B1880704700BFA25C002029
S21402F470014B1888704700BFA25C00202DE9F843B4
S21402F48007460BF011FB05461B480BF084FC1B4B92
S21402F49060B31C683C1B2C44A4B20022184BDFF855
S21402F4A068901B78174D03EB830399F8006005EB11
S21402F4B043055FFA82F846450AD9AB8805F10A0089
S21402F4C0A34216D90A23B21A29465A43ECF704FA7B
S21402F4D0013689F80060AC80B8F1000F03D13946D6
S21402F4E005480BF093F82846BDE8F8833C461D60B5
S21402F4F0D3E705460132DCE7B46B00202057002034
S21402F500446300203A5B0020456300201FB5154A7D
S21402F510154C1378013BDBB213706168206801AAB0
S21402F52003C221891180114A1278D21805D00A2303
S21402F53020465A43E118ECF7CFF99DF806301B0730
S21402F5400DD0BDF80C00FFF799FF03468288ADF890
S21402F550082001AA03CA1288186059601A8104B0EA
S21402F56010BD00BF446300203A5B002045630020C4
S21402F570002108B5084B09481970094B1970094B48
S21402F5801A7802EB82025200ECF754F9BDE8084002
S21402F5900548F4F781BB00BF456300203A5B0020B4
S21402F5A044630020646C0020B46B0020F8B500248D
S21402F5B0084D094F094E3B783178E2B20B449A4225
S21402F5C004F1010400DBF8BD2846F4F775F80A35A5
S21402F5D0F1E700BF3A5B0020456300204463002049
S21402F5E010B5064C207828B1054807F023FF10B165
S21402F5F0034B188810BDFFF789FFF3E7446300202A
S21402F6003A5B002008B50A4A0346107860B1094AF8
S21402F6101088984209D121B99378103323F00F034A
S21402F6209370FFF773FF012008BD0020FCE700BFC0
S21402F630446300203A5B00202DE9F74F00260BF0CA
S21402F64033FADFF8F890B24699F80070B3463A46B5
S21402F650DFF8EC801FFA80FEB8F800C0344CAEEB40
S21402F6600C039BB201932378324D009303EB830382
S21402F67005EB4303ACEB0E0C5FFA86FEBE4515D3D4
S21402F680BAF1000F01D0009B2370BA422AD3002F92
S21402F69037D00A222378C8F8000002FB0353264814
S21402F6A0998803B0BDE8F04F0AF0B0BFB3F804E0A3
S21402F6B001998E4512D84FF0010A009993F802E09C
S21402F6C001310EF1FF3EC9B2013AA3F804B083F845
S21402F6D002E00091D2B20A330136CDE7E644A3F83F
S21402F6E004E0F8E789F800204AB10A222378C8F82D
S21402F6F0000002FB0353104899880AF087FF23781C
S21402F70013B903B0BDE8F08FFFF76AFF064600287C
S21402F710F5D007F097F80146304607F088FE20B18C
S21402F72000212888FFF76EFFE9E740F60241F8E776
S21402F730446300203A5B0020B46B0020456300203F
S21402F740205700202DE9F04192F808801F4608F164
S21402F750FF33DBB2EF2B05460E46144688B00BD9B4
S21402F76082238DF80E30314628469DF80E30204A08
S21402F770FEF740F8012037E00E22002104A8ECF73D
S21402F78059F8B4F809308DF81180ADF81230E37AE2
S21402F79003F07F02032A08D0012B24D103238DF81D
S21402F7A01030A389ADF815300EE0032B14BF0223E8
S21402F7B001238DF81030E368CDF815302369CDF8B3
S21402F7C01930237D8DF81430A7F121014A420DF13C
S21402F7D00E034A41009321460DF10F0304A8FDF7DC
S21402F7E037FC0028BFD1002008B0BDE8F08100BF7A
S21402F7F0C00204002DE9F04F00241D7895B0CDE933
S21402F80002010492234622460120CDE900544049D3
S21402F81008F081FFADF81E00F8B1A346264627463B
S21402F8200DF120090DF1380AE8F7A4FF5FFA84F813
S21402F830404516D83A460221BDF81E00FFF7B4FC32
S21402F84032460421BDF81E00FFF7AEFCDDE90310C8
S21402F8500022BDF81E30FDF7CDFF012015B0BDE831
S21402F860F08F4A4640460AA9FDF7E4FB9DF8282099
S21402F87022B12DB1013DEDB20137FFB20134D3E71B
S21402F880BBF1000FF8D199E803009DF829308AE809
S21402F89003008DF84030BDF82A30032A8DF8413037
S21402F8A04FEA13238DF8423017BF032301238DF846
S21402F8B043309DF82C30DDF83110DDF82D0014BFF2
S21402F8C08DF84C308DF8433011AB03C302980CBF51
S21402F8D04FF00E084FF0150808F0C4FA0590BDF870
S21402F8E01E000AF0C3FD059900EB080399420BDBE4
S21402F8F00123424651460DF11E00F4F721F9002875
S21402F900ABD10136F6B2B7E74FF0010BB4E700BF52
S21402F910974D040038B505460D4B0E481C88F4F783
S21402F920A7F9012D0CD10C4B1C88FA21614358B162
S21402F930884209D28408012C204638BF012038BDEF
S21402F940022D08BF0224F0E702480AF05FFEF2E743
S21402F950365B002050470020345B0020012208B5A9
S21402F960054B06481A7000210AF050FEBDE8084012
S21402F9700020FFF7CFBF00BF5C6200205047002088
S21402F9801E4B73B51A8802F108039BB2012B02D8EC
S21402F9901B4B1B7823B902B0BDE87040F4F77CB964
S21402F9A00024184B184D1C70184B1C702B787BB11A
S21402F9B04FF6FC73164E00932246234621463088A5
S21402F9C008F076FC4FF6FD732C70338001200FE0B2
S21402F9D0104B1046197807F028FD0028F6D10C4B7C
S21402F9E01A884FF6FD739A42F0D0012302202B703C
S21402F9F002B0BDE87040FFF78DBF00BF385B002045
S21402FA005C6200205F6200205D6200205E62002071
S21402FA10325B002060620020012808B50AD0022866
S21402FA200CD020B9084B18700848F4F735F94FF097
S21402FA30FF3008BDBDE80840FFF790BF0020BDE8D4
S21402FA400840FFF767BF00BF5C62002050470020F7
S21402FA5002280CD859B1064A13780133DBB2137068
S21402FA60044A12789A4202D80220FFF7D5BF70479E
S21402FA705E6200206162002038B5A0F61343012BB7
S21402FA8004460D4615D80E4A13780133DBB21370BE
S21402FA900C4A12789A420CD84FF6FD720A4B002096
S21402FAA01988914201BF00221D80084B1A70FFF789
S21402FAB031FF29462046BDE8384005F0F3B800BFBE
S21402FAC05F62002062620020325B00205D620020DE
S21402FAD000234FF6FD71054A1370054A1370054A56
S21402FAE01180054A1370054A137070475F62002042
S21402FAF05E620020325B00205D6200205C620020B5
S21402FB0030B5094B02461B7833B1084B084C1978BE
S21402FB100023D8B2884201D3FF2004E0013334F830
S21402FB2023509542F5D130BD636C002064620020FC
S21402FB30125B00200022FF21044B05481A70054B79
S21402FB401970054B1A789200EBF774BE64620020B7
S21402FB50165B002063620020636C0020F7B58DF808
S21402FB6007100DF10701044603F068F8234B1D78D1
S21402FB70002D41D02046FFF7C3FF214EFF283178E3
S21402FB80204B05D1204A107885422DD9451C157088
S21402FB90884219D01C4A1B4D92F800C00022D7B2E8
S21402FBA0BC450CD92F4697F803E00132864505F18D
S21402FBB00405F4D102B203EB8202D278FA7002B2E2
S21402FBC003EB8202D170307002B203EB820123F89B
S21402FBD02240FF228A709DF80720FF2A02D003EBFC
S21402FBE08203987003B0F0BD0A46104603EB820209
S21402FBF0D278FF2AF9D1CBE7FF20F3E7636C002027
S21402FC0063620020165B0020646200202DE9F84340
S21402FC10FFF776FFFF28044669D04FF6FF72354F8E
S21402FC2003B2DFF8DC80344E27F8232098F8005021
S21402FC30A54202D10020BDE8F883337820B28100C5
S21402FC40A34207EB800090F803E010D00023294A75
S21402FC505FFA83F94D45944606D99CF80390013322
S21402FC60A14502F10402F3D18CF803E001E086F824
S21402FC7000E0013DEDB22A1BD2B2043192003944B3
S21402FC80EBF72AFE88F800503378FF2B04D0A34205
S21402FC9024BF03F1FF33337000214FF6FF70154B7C
S21402FCA0CAB2AA420CD300234FF6FF71134ADCB243
S21402FCB0AC42BBD2013332F823008842F7D1B5E713
S21402FCC09A78A2420BD11880DA78FF2A04D0A24290
S21402FCD024BF02F1FF32DA7001310433E0E7FF2A73
S21402FCE0F2D0A24224BF02F1FF329A70ECE72D2036
S21402FCF0A1E700BF165B002063620020125B0020B3
S21402FD0064620020F8B51C4B05461B78084673B3A0
S21402FD10FFF7F6FEFF28044629D02846FFF7F0FE36
S21402FD20FF2806D0154B164E1A780023D9B29142F8
S21402FD3018D3FF212846FFF711FFFF28014616D0E9
S21402FD400546104F23B207EB830237F82300967856
S21402FD50FFF704FFA84208BFFF25FF2E214608D161
S21402FD602846F8BD013316F823108142DED1FF255E
S21402FD70F6E73446E6E700BF636C002064620020C4
S21402FD80145B0020165B00202DE9F04180460E46EB
S21402FD901F46002386B001A814469DF830508DF801
S21402FDA00330FEF7A7FCADF804802EB13368CDF819
S21402FDB006307368CDF80A3038460AF03BFB0DF180
S21402FDC003034219214601A804F078FF9DF8033088
S21402FDD093B931464046E8F7C1FE0E4B1B785BB13D
S21402FDE00B2C09D8FF214046FFF7B8FE064605EB66
S21402FDF04404E4B2A54202D106B0BDE8F081294629
S21402FE00384608F02BFC3146FFF7A8FE02350646B8
S21402FE10EDB2EFE7636C002000232DE9F3470DF106
S21402FE2007028DF8073004460E4602F0F2FE9DF8F1
S21402FE300730054663B92046FFF762FE04465EB108
S21402FE4030880AF013FB5FFA80F8FF2C45D10025B4
S21402FE50284602B0BDE8F087B046F6E701320C2A23
S21402FE60F5D02DB207EB8505AD78FF2DF6D112F051
S21402FE70FF0AECD04FEA4A050235EDB2002EE7D073
S21402FE80304605EB080108F0AEFB0028DFD15246EB
S21402FE9041463088FFF788F90AF1FF3208F101017E
S21402FEA008F102093088D2B2C9B25FFA89F9FFF7BF
S21402FEB07BF924B207EB8404A478FF2CC8D023B2C3
S21402FEC0494637F82320308808F0D8FB0028BED1F0
S21402FED009F102095FFA89F9EBE725460022014F8C
S21402FEE0BFE700BF165B002008B5D5F7B7FDD5F70C
S21402FEF07FF900F04AFAD6F7D5FEBDE80840D4F7F7
S21402FF0025BF10B5044601880120D5F765FEE388B3
S21402FF100BB9C823E38010BD37B50446D5F76AFE91
S21402FF20658885420ED8A188E288814205D3431BA4
S21402FF305343491BB3FBF1F39AB280B240EA024044
S21402FF4003B030BD0022F8E770B50C46088800F012
S21402FF504BF994F84430054683420FD004F11C0650
S21402FF60304600F07CF984F8445000F07CF9618B4E
S21402FF70A0643046BDE8704000F06CB970BD38B57C
S21402FF80044690F844108378826CCB1A5942594141
S21402FF90D4F746FFE37893B1257985B900F063F983
S21402FFA00346A268218A04F11C009C1A8C4236BFC2
S21402FFB052182946D11ABDE8384000F04BB938BD70
S21402FFC009B100F0FDB800F005B938B583880446DB
S21402FFD003B3E3780088A17804F10C05A3B10023EB
S21402FFE0B1FA81F1E3704909FFF7EAFF4FF6FF72B3
S21402FFF0A388218993421CBF03F1FF33A3802846BE
S214030000BDE8384000F026B90123E370FFF7D8FFB8
S214030010E188F4E738BD10B5044681780088FFF719
S214030020CFFF0123E3700023A38010BD10B58178B2
S2140300300446B1FA81F100884909FFF7C1FF00239E
S214030040E370A38010BDFFF7F1BF70B50446054605
S21403005000262B4655F8040B10B11B1B0C2B00DD9A
S21403006070BD237C8680002BF3D0637C13B1FFF72F
S214030070D2FFEEE7FFF7DAFFEBE7FFF7E6BF70B571
S214030080044605464FF6FF762B4655F8040B10B18B
S2140300901B1B0C2B00DD70BD8388B342F4D04FF4DA
S2140300A0FA724FF6FF731146D4F70EFFECE709B169
S2140300B000F086B800F08EB810B50446C06008306D
S2140300C0D5F7FCFE21792088B1FA81F14909FFF7BB
S2140300D0EEFFA37943B121796088B1FA81F1BDE8D7
S2140300E010404909FFF7E3BF10BD00F0A9B8034667
S2140300F0184613F8012B8A4201D0002AF8D170471C
S21403010010B53B2104460068FFF7F1FF00220346C3
S21403011003F8012B2068236010BD10B540B1421EC2
S2140301200A24002012F8013F303BD9B2092900D92E
S21403013010BD04FB0030F5E708B500F07EF808B5FF
S21403014040F2BA4200211020D5F7C4FC41F2E8235E
S214030150584340F6FF7300F2FF70B0FBF3F080B233
S21403016008BD50F80C3C23B150F8041C30F80E0CB4
S21403017018477047084619B1FF21103002F070BCCB
S214030180704773B505460E466DBA1446D5F7CCFDD3
S214030190ADF804507EB1012C04D0032C09D0002204
S2140301A0012101E02246022101A8D7F78BFF02B006
S2140301B070BD0022F7E7042132460DEB0100F4E799
S2140301C007B540BAADF8040001A8D7F7AFFF03B0F0
S2140301D05DF804FB07B540BAADF8040001A8D7F7ED
S2140301E0D1FF03B05DF804FB002307B540BAADF8B2
S2140301F004000DF1030101A88DF80330D7F7EEFFD5
S2140302009DF8030003B05DF804FB007800F0DF03FD
S214030210552B07D0642807D0663818BF4FF0FF3039
S214030220C0B27047012070470320704718B12D28CD
S2140302300CBF012002207047704708B502F002F891
S21403024008B500F083F8BDE8084004F005BD50E9A2
S214030250023018470A460830FF2102F0F8BBFF2198
S214030260083002F005BC08B50AF07DFCBDE808407E
S21403027009F094B913B500240DF107008DF8074073
S21403028003F09CFC40B99DF80700033803288CBF95
S2140302900020012002B010BD2046FBE72DE9F04107
S2140302A0044600274FF00C0E8F4202DB0020BDE809
S2140302B0F0812078904204D1002594F807804545C4
S2140302C002DB01370C34EFE70EFB05F6D4F808C063
S2140302D00CEB06003CF806609E42E8D00135EEE7DC
S2140302E0F0B585B005460E461746D5F73DFE0446DF
S2140302F0A0B131462846D5F7EFFD83783A46002B62
S214030300A36831460293A378284601934FF000036F
S21403031000930CBF80234023E4F7BCFE05B0F0BD7A
S21403032008B51288D5F720FE50B10279BDF80C3017
S2140303309A4207D881680298EBF7CEFA002008BDE8
S2140303408620FCE78920FAE7D5F712BF002004F0E1
S214030350FFBC08B504F064FD002814BF032000208A
S21403036008BD10B50446FFF785FF20B12046BDE85B
S2140303701040DFF7D5BD10BD08B5FFF77BFF18B1FA
S214030380BDE80840DFF7BEBD08BD704708B502F0FC
S21403039043FAFFF7A9FDD5F757FF6420DFF7D0FD33
S2140303A06420DFF7BDFD02F039FAD4F7FDFC08F050
S2140303B04FFDF8E7642230B542F21075418AB0F873
S2140303C07E305143848A681A834202FB04F40AD2BD
S2140303D0A3420AD91B1B02FB03F021446D1AB0FB90
S2140303E0F5F0C0B230BD1046FCE70020FAE710B5C2
S2140303F089B1632911D86424828A438A624304FB41
S2140304000323C3F51C53103301FB03F0B0FBF4F0D6
S214030410104480B210BD0846FCE742F21070F9E7BC
S21403042038B5037B0446002B36D0FFF71CFF217B31
S214030430E289022903D1238A002B18BF1A466423B4
S214030440534342F210721FBFD4F88450401B5043EC
S214030450B0FBF3F20129B4F8883017D1134442F203
S2140304601072934228BF13469BB2A4F87E302046F0
S214030470FFF7A0FFA37D83420ED0A0750822607805
S2140304804FF48171BDE83840FFF72ABF934201D38A
S2140304909B1AE9E70023E8E738BD10B50446B430F5
S2140304A0FFF7DDFE04F1DC00BDE81040FFF7D7BE22
S2140304B0037BC189022B03D1038A002B18BF19467D
S2140304C0642342F20F724B43DC30934298BF64219D
S2140304D0FFF7C0BE10B50446FFF7A2FF237B23B188
S2140304E02046BDE81040FFF7E3BF10BD10B5044635
S2140304F04FF6FE71D6F748F8B4F880302046A4F8D5
S2140305007E30FFF757FFA37D834208D0A0750822ED
S21403051060784FF48171BDE81040FFF7E1BE10BD6F
S214030520F8B50E460446154600F18C073846FFF725
S21403053096FE29463846A4F87C60BDE8F840FFF7E7
S21403054089BEF8B504460D46FFF78DFE4FF6FE71DD
S214030550A36F8D42227BA0EB030717D162B94FF638
S214030560FF75B4F87C30AB4205D004F18C00FFF77E
S21403057076FEA4F87C50F8BDC72F1BD8C8331A1ACA
S21403058029462046BDE8F840FFF7CABFB4F87E60A8
S214030590AE422CBF02260126B24211D14FF6FF7699
S2140305A0B4F87C30B34205D004F18C00FFF757FE55
S2140305B0A4F87C6029462046BDE8F840D5F7E4BF9A
S2140305C0C72FDBD9002AF5D02046D5F7DDFFC82292
S2140305D0D6E74FF6FF73994201D0FFF7B2BF7047D5
S2140305E04FF6FF72B0F87C10A0F87C20FFF7F1BF3F
S2140305F042F21071FFF7A5BF0021FFF7A2BF4FF627
S214030600FE71FFF79EBF4FF60173994210B504467D
S21403061003D14FF6FE71FFF794FF638A2046322B11
S21403062084BF32236382A38A322B84BF3223A382FE
S214030630BDE81040D6F74EB8032910B504462BD0B4
S214030640007B30B9012903D002290CBF0120FF200B
S21403065010BD032A07D8DFE802F0020810140129A8
S2140306601CD002291FD0FF20F2E70029FBD1B4F8E3
S2140306705C20012A12D0022AF4E704290ED00529A9
S214030680F0E7042914D0052914D00029EBD1B4F8D7
S2140306905C20111F0129ECD80220D9E75A1E5342C9
S2140306A053415800D4E7022B0CBF02200120CFE7AA
S2140306B00020CDE70120CBE730B587B005460C46D2
S2140306C0D5F744FD012820D11CB1611E4B424B4196
S2140306D058006B784FF480728DF804304FF48273B1
S2140306E0ADF806304FF48173ADF8083001238DF86A
S2140306F00B30002385F8900001A8CDE903238DF87D
S2140307000A408DF81430D5F759FD07B030BD41685F
S2140307100346C978027B99B98168C97899B9002AD2
S21403072008BF0321D6F714B99B7B002B0CBF01210E
S2140307300221F7E79B7B002B0CBF02210121F1E787
S214030740012AF1D17047012AF4D17047042910B564
S214030750044604D831B1BDE81040D6F77DB9052963
S2140307600DD010BD037B5522002B08BF0321A0F834
S2140307705C1040781221FFF7B3FD2046EBE7436891
S2140307801A8A83681A82E6E7012303730378013320
S21403079043734FF44073C381032303740023A0F809
S2140307A05C3080F89030704738B504460D4601B982
S2140307B045890123E373FFF756FDFA2202FB050082
S2140307C020612089BDE838405043FFF7CABD10B505
S2140307D00446806BD8B1E278022A04D0636B5B7957
S2140307E072B984F83C3094F83C306BB1FFF713FCD5
S2140307F060784FF60272BDE810400621FFF770BD21
S214030800B3FA83F35B09ECE7FFF710FCF0E710BDE0
S21403081010B50446406BD4F7BFFB2046BDE8104036
S214030820FFF7D5BF10B50446406BD4F7D9FB204677
S214030830BDE81040FFF7CBBF10B50446406BD4F7B6
S214030840F5FB2046BDE81040FFF7C1BF10B50446D0
S214030850002206214078FFF743FDA378022B01D040
S214030860FF2B04D12046BDE81040D6F757BC10BD79
S2140308704FF60273994210B5044601D1FFF7A7FF5E
S214030880E378022B02D02046FFF7A1FF2046BDE8FF
S2140308901040D6F743BC10B5D0F8A4407CB103791A
S2140308A01BB14079D6F7FAFC48B9A3883BB9322284
S2140308B02046BDE8104001231146D4F705BB10BD02
S2140308C010B50446FFF7E7FFA278237982B913B180
S2140308D02046D6F709FD2046D6F746FD0323607863
S2140308E0A4F86C305522BDE810401221FFF7F8BC7F
S2140308F0012B02D12046D6F7F7FCA379012B02D1B0
S2140309002046D6F731FD0123E9E710B58378044680
S214030910ABB9FFF7C0FFA3788BB9237913B1204691
S214030920D6F702FD2046D6F763FD04236078A4F8C5
S2140309306C305522BDE810401221FFF7D1BCB4F845
S2140309406C30022B0DD02379032B02D12046D6F729
S214030950CBFCA379032B02D12046D6F705FD002353
S214030960E4E72046D6F786FDF9E7827883685AB926
S214030970DB78002B14BF03230423A0F86C30552226
S21403098012214078FFF7ACBC1A7922B9DB78003B1A
S21403099018BF0123F1E70223EFE77FB500239E6A22
S2140309A00446B6F5804F0D460CD201A8D6F70EFFC7
S2140309B0039B5B0506D529462046336C04B0BDE889
S2140309C07040184704B070BD00239B6AB3F5804F90
S2140309D005D21B6BB3F5804F01D29B6818474FF4C3
S2140309E0817070471FB500239A6AB2F5804F04D30F
S2140309F040F2011005B05DF804FB126BB2F5804FB0
S214030A00F6D2012201A8CDE902338DF80420D6F7E9
S214030A10DDFE039BDB03EBD5029B1A0EE8D0012A0F
S214030A2003D1C3F307430A2BE2D900239B6A1B6B4C
S214030A301B6C9847DEE708B50AF04EFAB0FA80F06A
S214030A40400908BD134610B542B103439B0707D1BF
S214030A500AF046FAB0FA80F0400910BD0120FCE720
S214030A600020FAE700230360704703680B60016009
S214030A70704710B538B132B129B100230139D45CBF
S214030A8014B90023037010BD8B42FAD200F8014B51
S214030A900133F4E7034638B10020814204D01A5CE0
S214030AA002B970470130F8E770474FF0FF31FFF7A0
S214030AB0F1BF70B50C461646054660B15AB151B142
S214030AC0FFF7F3FF844206D9211A32462844BDE8CD
S214030AD07040FFF7CEBF70BDFEE7FEE700239A42E5
S214030AE000D1704710B550F8234041F82340013336
S214030AF09A42F8D110BDD7F7C9BA4369426CD91CDC
S214030B00143AB1FBF2F103EBC1000330B0FBF2F091
S214030B100230704738B505460C46FFF7EEFF6A6CA1
S214030B20E31D143AB3FBF2F3013304EBC30402FBF5
S214030B30004038BD38B5054644692146FFF7EAFF4D
S214030B406A6CE31D143AB3FBF2F3013304EBC304FC
S214030B50204438BDF7B507460E4600257C6CA81919
S214030B60644280EA06031C4003D02C46204603B0AA
S214030B70F0BDFB6B01225B6901A99847019B01331A
S214030B80F4D10435EAE770B505460C46D9F754F8B0
S214030B90EB6B2046BDE87040DB68184770B5002550
S214030BA0044686B00562E369AB4202D8206A06B003
S214030BB070BD666C2068E36B05225B6901A906FBC2
S214030BC00500984701A800F023FC00F046FC10B18E
S214030BD0236A013323620135E5E738B50446456CDD
S214030BE0006804F1400305FB0101E06B00F042FCE2
S214030BF005462046FFF7D2FF284638BDF0B5054622
S214030C00002687B0EC69013CB44203D80C46204664
S214030C1007B0F0BD01B14C1E6F6C2868EB6B052264
S214030C205B6901A907FB0400984701A800F0F0FBE5
S214030C3000F013FC0028EAD121460136E2E7F0B5BE
S214030C4004460D46466CE36B006887B005225B6975
S214030C5001A906FB0500984701A800F0D9FB00F0A0
S214030C60FCFB20B101A800F0AAFB07B0F0BD2946A3
S214030C702046FFF7C3FF0646676C2068E36B052232
S214030C805B6901A907FB0600984701A800F097FBDC
S214030C90431CEAD0B54238BF0130E6E72DE9F043FE
S214030CA04FF6FF79D0F8248004460E46C84514BF95
S214030CB045460025002787B0E369BB4202D807B044
S214030CC0BDE8F083E26B2368606CD2F814C000FBC7
S214030CD00530052201A9E04701A800F099FB022888
S214030CE006D0C8450CD1721C29462046FFF775FF6F
S214030CF0E3690135B5FBF3F2013703FB1255DBE776
S214030D0029462046FFF79BFFB0F1FF3F14BF02467C
S214030D1032460132E8E70368F0B5CC1A436C064660
S214030D20B4FBF3F4002587B0F36937685A1E95427F
S214030D30706C08D3706C336800FB043007B0BDE8F2
S214030D40F04000F095BB0134B4FBF3F203FB12440E
S214030D50F36B05225B6901A900FB0470984701A8A1
S214030D6000F056FB00F079FB0028E3D10135DBE702
S214030D7010B423F0030422449B070A44436C18BFB1
S214030D8004325B4281EA0204234203D05DF8044B3B
S214030D90FFF7C1BF10465DF8044B70472DE9F041DD
S214030DA0D0E90A369E42044686B028D11422C36987
S214030DB0456802FB1355284606B0BDE8F081206857
S214030DC0676C331AB3FBF7F3E26B07FB0300D2F847
S214030DD0148001A90522C04701A800F019FB0128C9
S214030DE004D0636C1D44013B3340ED1A3146204664
S214030DF0FFF791FF0646A36AB342E0D1DBE700257F
S214030E00F9E708B508301346D1E90012D8F79AFE79
S214030E10012008BD13B50C460021217600936168B6
S214030E2013462246D7F788FA18B1E37D03B1A07EAE
S214030E30A075A07D02B010BD73B5164600F1080577
S214030E400C46284609680DF1070200F098F9032EB0
S214030E5006D16368834203D12846216800F076F9F9
S214030E60012002B070BDD01E009B42424241187E54
S214030E70824211D11A688A420ED85A688A420BD324
S214030E805A6901325A61D3E9030282423FBF986826
S214030E9040F8221001321A610120704710B5032A68
S214030EA0029C07D1A26A5340626C5242134201D19C
S214030EB000F04CF9012010BD08B5C3680020984720
S214030EC0BDE80840D8F7C0BE012814BF042002209E
S214030ED070B5002442431C70CC7D101D02F0020244
S214030EE04CB91AB1012220F003001A7000F108036E
S214030EF04868184470BD1AB1012220F003001A7026
S214030F0000230C7E01F12005DAB2A24201D30020B1
S214030F10F0E735F833205E1C824206D901EBC303A3
S214030F2000F10802D8691044E4E73346801AEBE779
S214030F3073B5054690F842601C4630460DF1030330
S214030F40FFF7C2FFEB6B012E5B690DD1324601A999
S214030F5098479DF8033013B1BDF806300193BDF8EA
S214030F600430236002B070BD0122214602B0BDE802
S214030F7070401847F0B5054600244868EB6B87B009
S214030F800E4601225B69029402A908309847274659
S214030F9095F84230012B40F0AC80632C00F2AB8016
S214030FA0612C08D805AB224631462846FFF7C0FF1A
S214030FB09DF814305BB305AB2246314628468DF8C0
S214030FC01070FFF7B5FF95F84230012B059B7FD1D4
S214030FD04FF6FF72934256D0082205A904A800F0E4
S214030FE063FA059B9DF81010C3F3072291424AD17A
S214030FF0DBB2029A1A44029245E0DCD005AB2246E5
S21403100031462846FFF794FFBDF81430D2E795F82B
S2140310104230012B39D1612C2ED822463146284640
S21403102003ABFFF785FF3146284604AB621CFFF788
S2140310307FFF3146284605ABA21CFFF779FF102237
S21403104008230DEB02010DF107008DF8073000F0C1
S2140310502BFA102205A90DF1070000F025FA039BD1
S214031060DAB24AB99DF80720B2EB132F04D1DDE9B3
S214031070043203EB0243029395F84230012B14BF6C
S214031080012302231C44013482E7302CF4D8224681
S2140310903146284603ABFFF74BFF3146284604ABE1
S2140310A0621CFFF745FF102320220DEB03010DF111
S2140310B007008DF8073000F0F7F9039B9AB2002A71
S2140310C0DAD19DF80720B2EB134FD5D1049BD2E7B4
S2140310D00133D8D0102205A90DEB020000F0E4F985
S2140310E0059B9DF81010C3F307429142CBD19BB2E8
S2140310F07FE7312C81D9029807B0F0BD13B50024E1
S2140311000194049C0094D7F7F3FD02B010BD13B509
S21403111001240194049C0094D7F7EAFD02B010BDA5
S21403112000234FF0FF3230B544689C4202D10023BF
S214031130037230BD016801EBC30541F833206A60D2
S2140311400133F2E7C0E90012FFF7EABF0023F0B568
S21403115045689D4210D00468DF0054F8332004EB42
S214031160C306B2F1FF3F08D0C2F31302914204D183
S2140311704FF0FF33E3517360F0BD0133E9E700231B
S214031180F0B545689D4202D14FF0FF300EE004688B
S214031190DE0054F83340671C09D0C4F31307B94282
S2140311A005D1240D1470036833445868F0BD013329
S2140311B0E8E7704770B59400224605460E4609F0E8
S2140311C08FFE431C0AD058B9224631462846EAF712
S2140311D07DFE002814BF3D20002070BD6E20FCE776
S2140311E07120FAE713B5044601A8D9F7ABFD9DF8BD
S2140311F0063023804FF480736380D9F7B1FD6060B7
S214031200002002B010BDD9F721BD08B5D9F712FDED
S214031210002008BD10B5044644EA010313F0030397
S214031220084609D1934201D1002010BD54F823107B
S21403123040F823100133F5E721469200EAF78AFCCB
S214031240F2E710B5044609F047FE431C10D088B9F0
S214031250D9F786FD234620F003002044984201D1A7
S214031260002010BD53F8042B0132F7D03E20F8E7D8
S2140312706E20F6E77120F4E7704713B500230446A3
S21403128001461B220DF107008DF8073000F00CF91C
S21403129022689DF80730B3EBD26F0CBF0120002005
S2140312A002B010BD13B500230446014620220DF1FB
S2140312B007008DF8073000F0F7F80DF107001A2243
S2140312C0211D00F0F1F862689DF80730B3EB926FCA
S2140312D00CBF0120002002B010BD0068431C58421A
S2140312E058417047006810F07E0F0CBFC0F3C16012
S2140312F0002070470068C0F3D3107047006800F002
S2140313007F0001288CBF002001207047036813F07C
S2140313107E0F14BF042008207047036813F07E0F67
S21403132003D1406820F07C40704713F078001CBF60
S21403133003F07F03D81F7047006800F07F007047F4
S214031340032809D0022803D1C1F10201C8B27047AD
S21403135000290CBF07200020704737B5054601F16A
S2140313600C0443696946012220469847BDF80030BD
S214031370012201932046AB6901A9984703B030BD0B
S21403138037B501F10C044369012269460546204638
S21403139098474FF6FF72009B99B291420DD16FF3B7
S2140313A00F0343F4254343F0A5030193012220468C
S2140313B0AB6901A9984703B030BD0020FBE737B5FA
S2140313C0044600251B22011D0DF107008DF807506A
S2140313D000F06AF860689DF80720B2EBD06F03D17F
S2140313E020F0784003B030BD0DF107001B2204F156
S2140313F008018DF8075000F057F8A0689DF80730ED
S214031400B3EBD06F01D1C043EAE74FF0FF30E9E713
S2140314104BF29A22036810B5B2EB134F044613D16E
S2140314209BB2012B13D1FFF7CAFF01300CD04FF646
S214031430FF72E068B2EB104F4FEA104309D180B257
S214031440C01A18BF012010BD2368013303D004203F
S214031450F9E70220F7E70320F5E701288CBF002011
S21403146001207047033801288CBF002001207047F5
S214031470143070472DE9F04105469846036908463F
S2140314800E4617469847044638B943463A46314609
S2140314902846D8F749FC044618B131462846FFF7D4
S2140314A05CFF2046BDE8F0811F2A0B689EBF4FF005
S2140314B0FF3191408B43590801F055315B1A03F015
S2140314C033319B0803F033330B44017803EB1313D8
S2140314D00A444FF0013103F00F334B43A2EB136280
S2140314E00270704708B507F05BFBBDE808400021B3
S2140314F0D8F724BD02210320D8F71EBF70477047D4
S2140315007047704770B5054614460E4609F0D1F984
S2140315102B685C4034405C402C60BDE8704009F0AA
S214031520C3B910B5002422B1032A0CD0036004719A
S21403153010BD11F4000218BF4FF07F4221F07F4325
S21403154013430C0EF2E721F0FF03CCB2EEE730B5FF
S214031550012400F5805345685C60CB784A785B04C9
S21403156043EA02230A7813438A78120402F4803289
S2140315701343C0F89830EB075CBF00F50050446097
S21403158030BD70B501260C46054600F500535E6077
S2140315900B78497803F0070343EAC103E17843EA8B
S2140315A00123A178090101F030010B430367C36AE5
S2140315B0A17923F48B3323F4807343EA014321791F
S2140315C0090201F4E0610B436179090301F48051D8
S2140315D00B43C3621146FFF7BAFF05F580535E60FF
S2140315E0E37903B1EE6070BD08B50A6FC96F02F008
S2140315F00702FFF796FF08BD13B5044601A8D9F7FF
S214031600A1FB042C04D8DFE804F00616031013002D
S214031610002002B010BD40F29C4040F2BA439DF851
S2140316200520012A08BF1846F3E740F6B830F0E76E
S2140316304FF41660EDE740F2E240EAE74FF050233E
S2140316404FF400321A6770474FF0B0435A6812B12E
S2140316509A6A002AFAD1704770B5054614460E46B4
S21403166009F027F92B685C4034405C402C60BDE8E9
S214031670704009F019B90122417803788A40302175
S2140316804B4342F2100103F1A04303F570335A5063
S214031690704721FA00F2D20730B5034600F0FC0487
S2140316A00FD500220132D2B2042A02D14FF0FF3006
S2140316B008E0831803F00303234421FA03F5ED0738
S2140316C0F0D4184630BD0020704700207047002035
S2140316D070470020704701207047012070470F2095
S2140316E07047EBF70DB9002307B5CDE900330123A7
S2140316F069464FF0FF308DF8023004F058FB03B014
S2140317005DF804FB0020704710B508B9212010BD12
S2140317100029FBD0036813F0704205D1C3F30E0310
S2140317200B607BB10020F2E703F05044B4F1004FA6
S21403173005D0B2F1304F02D0B2F1404FE6D103F0FC
S2140317407F03EDE74368002BE0D00B60EAE737B58D
S2140317500C46054610B9212003B030BD0029FAD047
S214031760002301A90193FFF7CFFF0028F4D12968CE
S214031770019A11F0704102F1030222F0030201D133
S2140317802260E9E7AD68B1F1004FC5F38033C5F3D6
S214031790403504D103EB450353432360DCE7B1F143
S2140317A0204F01D12B44F7E7B1F1304FFAD0B1F116
S2140317B0404FF7D0CFE737B50C460546002800F074
S2140317C08780002900F0848000230B60036803F001
S2140317D070430B60C26822B1032A79D143F0806359
S2140317E00B60AB689A0149D403F08073EA680AB9C0
S2140317F0002B6DD1226822F0407213432360EA68FF
S214031800032A05D12A69F62A62D962F317432360AD
S214031810AB681B0442BF236843F400432360EB68B2
S214031820032B1FBF23682A6862F30E0323602B680B
S214031830AA68002B2ADB12F4C84F49D12B6803F0A1
S214031840704303F10043B3F1804F05D2530542BF03
S214031850236843F4806323600023284601A9019389
S214031860FFF752FF40B92B6813F070421FD123686D
S214031870019A62F30E03236003B030BD03F0407396
S214031880B3F1407F18BF4FF00073AFE7500402F484
S214031890005105D4E1B1236843F400532360CDE738
S2140318A0236843F4804323600029C7D0F3E703F09B
S2140318B05043B3F1004F05D0B2F1304F02D0B2F12E
S2140318C0404F05D1019B5A1E236862F30603D2E7F5
S2140318D02120D1E738B131B101234B604FF00053DB
S2140318E000208B6070472120704737B50C460546AD
S2140318F008B9212016E00029FBD001234B60C368FA
S214031900A3B901A90193FFF722FF58B9019B6A699E
S2140319109A4209D32A69002AEBD0226043F0005387
S2140319200020A36003B030BD1D20FBE7032BE0D1EE
S2140319300023F5E7436813B9416070475B685A684C
S214031940012AFBD159607047FFF7DCBE08B5FFF7E5
S214031950D9FE002814BF6FF09200002008BD13467E
S214031960428870B50732072A0C464FEAD20101D0E7
S214031970A14222D146680588202218460021E9F7AD
S21403198059FF360A0346DEB9BCB141F2010295425D
S21403199005D0B5F5885F02D0B5F5905F02D100207B
S2140319A05C6070BDB5F5105F0DD1182C03D0202CEC
S2140319B001D0102C01D11C60F1E76FF08600F0E730
S2140319C06FF08B00EDE76FF08500EAE7F0B51C4695
S2140319D0436806461B0A0F46154689B035D122468C
S2140319E02946FFF7BCFF68B9EB1C23F00303C4E9E1
S2140319F00307636145B9202200212046E9F71AFF51
S214031A006FF0860009B0F0BD014620226846E9F76C
S214031A1011FF6A4629463046FFF7A1FF0028EAD1A0
S214031A202368009A9A42E6D16368019A9A42E2D101
S214031A30A368029A9A42DED1A369069A9A42DAD139
S214031A40E369079A9A42DDD0D5E76FF08B00D9E7B2
S214031A50D9F7C0BCD9F7DABD70470020704700201D
S214031A607047C3681944836853F8210030F8023B73
S214031A7013607047012310B580F888300378044656
S214031A8053B100F061FA21462046D9F7B1FE20464D
S214031A90BDE8104000F04DBA10BD38B50D460446FB
S214031AA0D9F78EFE6B682046C4F8B032A96800F0FA
S214031AB096F94FF0FF332046C4F8B432FFF7CDFF54
S214031AC038BDD0F8B43210B50133044601D0002037
S214031AD010BD00F0BCFAC4F8B4020130F7D194F894
S214031AE0B80280F00100F3E708B5D9F7A5FE08BDF4
S214031AF00A7801382D2A0ABF012200228918D9F74D
S214031B00F7BE07281BD8DFE800F0060A0D101315EA
S214031B1004170120704700220820D9F7E9BE0022E7
S214031B201020FAE700222020F7E70820FFF7E0BF9F
S214031B301020FBE72020F9E70846D9F73BBF002033
S214031B4070472DE9F74307280C46DDE90A769046E9
S214031B501D4608D8013806280AD8DFE800F01D27F6
S214031B60303A44574A00212850D003B0BDE8F083EA
S214031B70002220461146E9F729FE3368C0B205EB7A
S214031B8083013A6845F82300013348F8221033608E
S214031B903B6801333B60E8E7002220461146E9F73D
S214031BA015FE336880B205EB8301EAE70022204680
S214031BB01146E9F70BFE336805EB8301E1E70022E4
S214031BC020461146E9F7B0FF336840B205EB8301C0
S214031BD0D7E7002220461146E9F7A6FF336800B28E
S214031BE005EB8301CDE7002220461146E9F79CFF6B
S214031BF0E1E7002389461E461D468DF8063019F890
S214031C00013F7D2B06D125702D0A65703B6848F889
S214031C102340BDE7202BF2D006F00102013612B9AD
S214031C208DF80430EBE71022002101A88DF805306B
S214031C30E9F77AFF631901359870ADB2DFE72DE94E
S214031C40F04F9B46002385B08B45814688469246D7
S214031C50CDE902336BDC1A461E4619F80340212CE5
S214031C6009D81F2C04D8103C072C98BF012200E08B
S214031C7001260133F1E7FF2CFBD15B4436B1013B70
S214031C8043450ADD2B2005B0BDE8F08F62B1013B6A
S214031C904345F7DC3546374602E000252F462E46F9
S214031CA0454504DB0020EEE79845F3D0EAE75D45BB
S214031CB03BDB19F80730202B18D109EB07035B78B9
S214031CC0FF2BDFD1CEB920465AF82510FFF719FFB0
S214031CD078B303AB019302AB00932046DDE90E23F2
S214031CE05AF82510FFF72DFF0135D9E7212B0ED122
S214031CF009EB07035B78FF2BC4D1029B5AF8252018
S214031D000E99012641F8232001330293ECE7A3F151
S214031D101004072C02D91C460137D3E709EB070347
S214031D205B78FF2BAED1E4B2CCE70624CAE72120CA
S214031D30A9E72620A7E72DE9F04F07460E461546E6
S214031D409846044685B0DDF84490DDE90FAB20687D
S214031D5008B3DAF80020D8F800108A421BDA0E9B84
S214031D6053F82210D6F7C6F848BBDAF8002001323B
S214031D70CAF800206268117BFE291BD10E9B1068EF
S214031D80012100932A464346CDE902B9CDF804A0C3
S214031D90FFF7D1FF04462B7843B999F800302BB9E7
S214031DA07EB101233C4689F800302B70204605B0EF
S214031DB0BDE8F08F01238BF800302B70EBE70C3473
S214031DC0C5E73446F2E710B50446236803B910BDE9
S214031DD0237A13B92046D9F723FE0C34F5E710B55A
S214031DE041B10A7932B901249C300C71FEF73DFEED
S214031DF0204610BD0020FCE72DE9F041BAB00546A9
S214031E000AAA084603A900F05FF90446B0B90DF123
S214031E100A0301930DF10B038DF80A0000930AAA37
S214031E20284604AB03A9D9F7ABFF9DF80A20B2B145
S214031E309DF80B2048B12AB1D9F7F2FD20463AB0F7
S214031E40BDE8F081FFF7BFFFF8E7D5F89C50002DFB
S214031E50F4D0A86808B1FFF7B6FF2D68F7E700B31C
S214031E6046681AAB06F10C082AAF01934046049B5A
S214031E70039900970AAAFFF7E2FE04460028DDD17D
S214031E80039B05A8CDE90637049B0595CDE90838DD
S214031E90DBF73EFA05A83368984705A800F03FFD30
S214031EA0CCE72D24CAE710B50446AC30E9F7BEFBF1
S214031EB004F1AB031A180020934200D110BD13F8A7
S214031EC0011F0029FAD00A2908BF0130F4E70023CE
S214031ED0F0B50B6013600646D0F8AC0278B196F8FE
S214031EE0AC0060B1012406F1AC07D6F8AC0284421C
S214031EF010D306F1AC00B3F5007F10D30120F0BD7C
S214031F000D6801350D60156801351560F85C013301
S214031F100A2802D0B3F5007FF2D30134E5E7C15CAB
S214031F200A29EBD00029E9D0116801330131116089
S214031F30E1E710B50021D0F88C200446E9F77AFCD7
S214031F400023C4E9243310BD73B5044600F1AC0581
S214031F5080212046FEF79EFD4FF400710646284674
S214031F60FEF798FD0136C0F50070864220461FD85E
S214031F70E9F75CFB06462846E9F758FB013629468F
S214031F80421CA819E9F7A8FC2046E9F74FFB2146AF
S214031F9002462846E9F7DEFD2046E9F747FB0A2313
S214031FA0204480F8AC300023C4F8AC3202B070BDD5
S214031FB0FFF779FF01AAC4F8AC0269462046FFF78B
S214031FC086FF0022009B234483F8AC20C0E773B54A
S214031FD00D460446FFF767FF6B1C19D1D4F8AC32E5
S214031FE013B1013BC4F8AC3200252046E9F71EFBCB
S214031FF0A84215D82046FFF79CFFD4F8AC322BB185
S2140320006946204601AAFFF762FFA0B902B070BD79
S214032010012DFBD1D4F8AC328342F7D20133E1E78A
S214032020082000F023F8202000F020F8082000F015
S2140320301DF80135D9E7009D04F1AC06019BAB42C0
S214032040E4D9715D2046D9F7C9FF0135F6E707B530
S21403205000200DF1070100F0E7F820B99DF807000E
S21403206003B05DF804FB4FF0FF30F9E710B5C1B2DB
S2140320700446002000F0C8F800280CBF20464FF0A6
S214032080FF3010BD0FB407B504AA52F8041B002096
S2140320900192DAF73FF9002003B05DF804EB04B0D1
S2140320A0704710B54C1C0B460119045D222C03D057
S2140320B07B2C01D05C2C05D1D21A1844E9F70CFC12
S2140320C0012010BD0020FCE72DE9F04705469146A8
S2140320D08846E9F7ABFA2A460646134619780132CC
S2140320E02029FAD0C9F800305C1B01236FF0404A60
S2140320F0C8F80030A64201D8002014E02F5D291945
S2140321007B2F12D0222F2ED1D8F80030621C5344D6
S2140321102A4449F82320012C09D911F8013C13F06D
S214032120DF0F04D02120BDE8F0877D27F3E70134D5
S2140321302B5DBB4209D12B195B7813F0DF03F1D17A
S214032140222F00D12B550134D4E75C2B07D132461E
S21403215021462846FFF7A5FF0028E3D0013E0134B9
S214032160A642E5D8DEE75C2F08D13246214628464C
S214032170FFF797FF0028D5D0013EE4E7202FE2D1F2
S2140321800022631CB3420A70DDD2EA18EB5C202BF4
S214032190D9D0D8F800300F2B05DC49F823200133BB
S2140321A0C8F80030CFE71E20BDE700F000B80020D7
S2140321B07047D5F78DBE70B50C46154610B9DAF7DD
S2140321C09DF838B143682BB12A462146BDE87040D6
S2140321D000681847232070BDF7B50D4616461C4603
S2140321E038B9DAF78BF804B901AC20B9232003B069
S2140321F0F0BD03B901ACC768002FF7D023463246BB
S21403220029460068B847F2E707B501228DF807109C
S2140322100DF10701FFF7CFFF03B05DF804FB0B4694
S21403222001461846FFF7F0BF00230122FFF7D4BF8D
S21403223008B508F039FCFA23B0FBF3F080B208BD0A
S2140322400420704740F20160DAF74EB97047012068
S21403225070470020704749BA89B280EA0103C3F386
S21403226003125340180380B258405B0103F4FF5334
S2140322705840704708B5DAF703FD58B1A0F1590383
S214032280042B06D8042B04D8DFE803F00404040365
S21403229004005C2008BDDAF74BBE7047F8B50C4661
S2140322A08D18073552421540A5F1080706463846ED
S2140322B000F0DFF9A188381B628801EBE00189B2E0
S2140322C0A2EBE00225F8041C25F8062CA288C3100E
S2140322D0AAB1A4EBC202B2F802C0D18003EB0C0190
S2140322E05180E28892B1D31A9BB204EBC20425F85C
S2140322F0023CA380B3680344B3603846F8BD15F8C0
S214032300082C42F0020205F8082CEAE725F8022C0E
S214032310F0E72DE9F04F4FF0000887B09946531CBD
S214032320109B0546174614BF14460824CDF81480A0
S214032330002B00F0C580C3F80080002900F0C2809F
S21403234042688A4240F2BE80073121F0070608F051
S214032350BDFA05AACDE9008282463A464B46314687
S214032360284600F08AF9059F834607B130B95046E0
S21403237008F0A7FA192007B0BDE8F08FB7F8028077
S21403238029694FEAC802C0EBC8080139B8F1270F1C
S21403239029617AD9B9F1000F51D1864206F10808AE
S2140323A048D0224639462846FFF778FF044605906C
S2140323B0059B9844404600F05CF9059906F10F002A
S2140323C04A88C308A2EBD002A8F80220CA88A8F855
S2140323D00430002A30D0D31A9BB201EBC202A8F80D
S2140323E0063093808B88F608A380B8F804303A4604
S2140323F0E380414600232846668000F0A6F9AB68D2
S2140324000833AB60237843F0010323702B69013351
S2140324102B616288AB68504603EBC203EA68AB6085
S214032420934288BFEB6008F04CFA109B08340020F8
S2140324301C60A0E73C46BBE7A8F80620D2E707EBFC
S21403244008042046039200F014F90BF10703DB0897
S2140324500599638008F10703DB08A380CB8893B153
S214032460DB00039AD81D821A5A44C2F3CF020B44E8
S214032470E2809A80A38808F1FF384FEAD808A1F8CB
S2140324800280CB80BBE7E380F4E7B9F1010F1BD1F1
S21403249007F10803B3FBF4F204FB1233B3B122468D
S2140324A039462846FFF7FAFE044623783A4643F0B1
S2140324B00103237021460123284600F046F9A8E7C6
S2140324C0222058E7212056E78642E8D13C46ECE72F
S2140324D007B500224FF0FF3101AB0192DAF788F916
S2140324E0019803B05DF804FB2DE9F74F04460D464B
S2140324F0002900F0AB80D0E9056808F0E7F915F885
S214032500087C35F8061CFB07009000D531B9009807
S21403251008F0D7F9012003B0BDE8F08FA368D4F81C
S214032520109035F804ECA3EBC10B09F10103A5F1F8
S214032530080C4A1CC4F808B02361BEF1000F7BD018
S214032540ACEBCE03D888B3F802A00190187807F056
S2140325500207C00765D4002F64D10198A0EB0A07D1
S214032560012F69D18A1CABF108075244C4F81090B6
S214032570A76035F802ECBEF1000F61D0D4E9007015
S2140325800CEBCE0A07EB0009CA4559D21CF83EC02D
S21403259057461CF0010C15D1AEEB0101012911D1F0
S2140325A0BAF80210AAF802C001310A44BAF80610B3
S2140325B0002943D00AEBC107216901392161A168CB
S2140325C00839A16015F8081C013A21F0010105F845
S2140325D0081C002125F8061C5A801A7861F30002AD
S2140325E01A707FB3C3F107023A44C2F3CF02DA800C
S2140325F0BA804EB3B34227D37288002A08BF1E465A
S214032600B8F1000F06D0434504D8B8F80220002AD4
S21403261018BF43460098C4E9056308F052F9002042
S21403262079E74FB115F8087C724427F0020705F8DE
S214032630087C00279F809CE763469AE70F46BBE724
S2140326400027BFE7DF80D4E71E46D9E7222062E7EC
S21403265010B50446DAF7E4F82146BDE81040FFF764
S21403266043BFFFF7F5BF0846FFF732BF0846FFF73D
S214032670F8BF0023036043607047F0B5D0E9055404
S214032680561C08BF0822002B4FF0000008BF2C463C
S214032690DDF818C0CCF80000002C37D09DF8147075
S2140326A06588FF0007EBC505C2F1000E2078C0075A
S2140326B008D51BBBE088A0B104EBC004658807EB14
S2140326C0C505F3E78D42F4D363B904F10806B6FBF8
S2140326D0F2F002FB106670180EB1A842EAD8CCF8E6
S2140326E00040F0BD082A0FD06088013004EBC0001C
S2140326F0461A06EA0E06801B8542F0D2A0880028FA
S214032700EFD0A4EBC004D9E70846E8E72046E8E79D
S21403271003460069C0B10AB951B91A68104603786E
S214032720DB0711D531B9C3885BB100EBC300F6E70D
S2140327309A69F3E7012904D1838823B1A0EBC30088
S214032740EDE700207047184670472DE9F041D0E9C1
S2140327500554074688461646ABB1954200D00ABBD9
S214032760424600213846FFF7D3FFB442054600D061
S2140327702EB9424601213846FFF7CAFF0446C7E989
S2140327800554BDE8F081954208D08D4228BF0D461A
S214032790B44205D0444538BF4446F0E70D46F7E754
S2140327A04446ECE79442EAD1E3E770B500261C46BC
S2140327B0C3E90001C3E90266C3E905001E611A778F
S2140327C05E62FFF756FF23690139C908013341806A
S2140327D02361A36830460833A360E3680833E360E5
S2140327E070BD002307B5684600938DF80430D7F70D
S2140327F093FF03B05DF804FB10B508F05AF80446DF
S21403280006F060FA2046BDE8104008F04DB8704761
S2140328104FF4C870DAF764B8DAF716B900F01CB8E4
S2140328207047704708B503F001F903F009F903F0A0
S21403283010F903F01FF9BDE8084003F02EB97047FE
S21403284008B503F0EEF803F0EDF803F0ECF803F048
S214032850ECF8FFF7F4FF08BD08B503F01FF903F023
S2140328601EF903F01EF9BDE8084003F021B97047CE
S214032870012070472DE9F34112F00105044688460E
S21403288022D110F0030525D12F465208BA4209D1AA
S214032890D8F7D0F90026B74204EB860008D1D8F75C
S2140328A0D5F911E054F8273001330CD10137EDE7A1
S2140328B0042258F826300DEB0201019308F010FBB2
S2140328C030B1D8F7C3F93D25284602B0BDE8F081FC
S2140328D00136E0E70125F7E77047B0F1006F0FD345
S2140328E000F07843B3F1006F0CD000F06040B0F115
S2140328F0404F09D0B0F1604F14BF04200320704747
S2140329000020704701207047022070470020704760
S2140329101AB111B180B2DAF70BBB2120704701F070
S21403292056BEE3F735BCFFF78DBCD0E9023253F849
S214032930223000211878E3F77DB8704702F08CB98F
S21403294001F0DABDC3688268013BDBB252F823307C
S2140329505B78652B02D10020E5F7BCBB6E2B01D15B
S2140329600120F9E7662B01D10220F5E7704710B581
S214032970D0E90232044653F82230187802F046FAB9
S214032980E368A268013352F82330BDE81040187894
S21403299002F03ABA10B50446C0B2DBF797FC200A39
S2140329A0BDE81040DBF792BCD0E9023253F8223080
S2140329B01878DBF793BD02F0E1B9E4F789B808B5F8
S2140329C001F0B8FEBDE80840E5F772BAD0E9023276
S2140329D053F82230186801F0ABBE0020E5F76EBB53
S2140329E00120E5F76BBB0221DBF70EBD0321DBF706
S2140329F00BBD0521DBF708BD08B501460C20DBF748
S214032A00DFFCBDE80840DBF76DBC08B501460020D7
S214032A10DBF7D6FCBDE80840DBF764BC07B5C26845
S214032A208368043253F8223001211B880DF1060215
S214032A30ADF806300023DCF76BFA03B05DF804FB51
S214032A4008B508F045F8BDE80840F1F7EFBC10B547
S214032A501446DCF779FD2146BDE8104007F0D6BDE5
S214032A6008B5DCF771FDBDE80840002107F0CEBDD0
S214032A7008B5DCF769FDBDE80840F1F70DB908B500
S214032A80DCF762FDBDE8084008F085B908B5DCF759
S214032A905BFDBDE80840F1F7EBB87047704708B533
S214032AA008F016F8FFF7FAFF03F065F8BDE80840EC
S214032AB0DCF796BD7047012070470120704708B5C4
S214032AC0DCF72AFE00280CBF0420012008BD70474F
S214032AD02DE9F34104460D4616461F46DDF82080D1
S214032AE008F08EF83B46324629462046CDF800804D
S214032AF003F043F83B46324629462046CDF800808D
S214032B00FFF7E5FF02B0BDE8F04101F060BD2DE937
S214032B10FF4704460D4616461F46BDF830809DF80F
S214032B203490DDF838A008F06BF83B463246294669
S214032B302046CDE9019ACDF8008000F0FDFF04B0F1
S214032B40BDE8F04701F043BD704708B508F058F8F4
S214032B5003F016F8FFF7F8FFBDE8084001F037BDAD
S214032B60012070472DE9F74304460D4616461F46D7
S214032B709DF8289008F044F83B46324629462046FE
S214032B80CDF80090FFF7ECFF80463B4632462946D9
S214032B902046CDF8009002F0F4FF01F018FD404601
S214032BA003B0BDE8F083012070472DE9F7430446E0
S214032BB00D4616461F469DF8289008F021F83B461A
S214032BC0324629462046CDF80090FFF7ECFF8046B4
S214032BD03B46324629462046CDF8009002F0D2FF07
S214032BE001F0F5FC404603B0BDE8F083F8B50446B3
S214032BF00D4616461F4608F003F83B46324629465E
S214032C00204602F0C0FFBDE8F84001F0E0BC00201B
S214032C107047F8B504460D46164607F0F1FF3246F0
S214032C2029462046FFF7F3FF074632462946204645
S214032C3002F0AAFF01F0CBFC3846F8BD38B50446CF
S214032C400D4607F0DDFF2946204602F09EFFBDE84D
S214032C50384001F0BCBC10B5044607F0D1FF20464F
S214032C6002F094FF2046FDF76FFBBDE8104001F02D
S214032C70AEBC704738B504460D4607F0C1FF29467B
S214032C80204602F095FF29462046FFF7F2FFBDE8EF
S214032C90384001F09CBC704770B504460D46164696
S214032CA007F0AEFF32462946204602F083FF32463F
S214032CB029462046FFF7EFFFBDE8704001F087BCCA
S214032CC0704738B504460D4607F09AFF2946204656
S214032CD002F072FF29462046FFF7F2FFBDE83840B0
S214032CE001F075BC704738B5054607F089FF2846DE
S214032CF000F0EFFE04460146284601F0ABFF01F064
S214032D0066FC204638BD38B504460D4602F056FF2D
S214032D1029462046FFF7E6FF38BD704738B5054617
S214032D2007F06EFF2846E3F7DFF904460146284618
S214032D3001F08EFF01F04BFC204638BD38B5044643
S214032D400D4602F03CFF29462046FFF7E6FF38BD56
S214032D50704710B5044607F053FF204602F030FFD5
S214032D602046FFF7F5FFBDE8104001F030BC704782
S214032D7038B504460D4607F043FF2946204602F0C1
S214032D8021FF29462046FFF7F2FFBDE8384001F051
S214032D901EBC704770B504460D46164607F030FF56
S214032DA032462946204602F00EFF32462946204682
S214032DB0FFF7EFFFBDE8704001F009BC704738B578
S214032DC004460D4607F01CFF2946204602F0FCFE8B
S214032DD029462046FFF7F2FFBDE8384001F0F7BB6F
S214032DE0704738B504460D4607F00AFF29462046C5
S214032DF002F0EBFE29462046FFF7F2FFBDE8384017
S214032E0001F0E5BB704710B5044607F0F9FE20460F
S214032E1002F0DCFE2046FFF7F5FFBDE8104001F0A8
S214032E20D6BB704710B5044607F0EAFE204602F00C
S214032E30CEFE2046FFF7F5FFBDE8104001F0C7BB06
S214032E407047704770B504460D46164607F0D8FE21
S214032E5032462946204602F0BDFE32462946204623
S214032E60FFF7EFFFBDE8704001F0B1BB704710B548
S214032E70044607F0C5FE204602F0ADFE2046FFF7E7
S214032E80F5FFBDE8104001F0A2BB704738B5044615
S214032E900D4607F0B5FE2946204602F09DFE29465C
S214032EA02046FFF7F2FFBDE8384001F090BB7047BD
S214032EB070B504460D46164607F0A2FE324629466E
S214032EC0204602F08BFE324629462046FFF7EFFFE8
S214032ED0BDE8704001F07BBB70472DE9F341044623
S214032EE00D4616461F46DDF8208007F089FE3B4652
S214032EF0324629462046CDF8008002F070FE3B4657
S214032F00324629462046CDF80080FFF7E5FF02B09B
S214032F10BDE8F04101F05BBB0E2070470E20704702
S214032F2038B5044607F06CFE2046FFF7F7FF054664
S214032F30204602F055FE2046FFF7EEFF01F047FB62
S214032F40284638BD002070470020704738B5044631
S214032F5007F056FE2046FFF7F7FF0546204602F029
S214032F6040FE2046FFF7EEFF01F031FB284638BD52
S214032F70704708B507F044FE02F034FEFFF7F8FF8B
S214032F80BDE8084001F023BB002070477047704738
S214032F9008B5DCF793FC00280CBF0420012008BD0D
S214032FA070470B68DA7B1AB9DB7C0BB9DCF7AABC73
S214032FB08120704708B5DCF7BDFCBDE80840DCF7A8
S214032FC0C7BC7047DCF7B6BCDCF7C2BC082808D819
S214032FD04FF48B73C34013F0010F0CBF2120002066
S214032FE07047212070470121DCF7A4BD0221DCF7DE
S214032FF0A1BD0421DCF79EBD0821DCF79BBD102193
S214033000DCF798BD08B500F026F808B1002008BD27
S214033010DCF7E0FD0028F9D1DCF7EEFD0120F6E74A
S214033020152808B503D1BDE80840DCF7D9BD01F083
S21403303089FE60B9E2F7ACFB032806D100F009F875
S21403304028B9BDE80840FFF7DDBF0028EBD008BD70
S2140330507047002070470020704708B5DCF7B2FFC2
S214033060FA23B0FBF3F008BD0321DCF7DBBF012036
S2140330707047D0E9023253F822301878DDF7DAB910
S2140330800868C37B1BB9C37C0BB9DDF703BA812081
S2140330907047D0E9023253F822301878DDF73CBA8D
S2140330A0704730B50546044615F8100B85B00295F3
S2140330B065691D44CDE900250B46A21D618801F014
S2140330C023FE05B030BD704710B492F80A4192F85B
S2140330D0053103EB04230B8100235DF8044B1A46EA
S2140330E001F010BE1FB50446084671B12178FF29CA
S2140330F00BD0238B029363690193237C009362882E
S214033100A31DE3F70DF8FF23237004B010BD086872
S214033110C37B73B9C37C032B0BD8DFE803F0020829
S2140331200406DDF7F9BCDDF729BDDDF759BDDDF78C
S21403313007BD81207047704770470020704713789B
S21403314010B5032B0CD15479CBB29C4208D193799A
S214033150B3EB112F04D153781B1A5842584110BDB4
S2140331600020FCE77FB505460E4600246946E0B21C
S21403317001F076FD28B96A4631462846FFF7DFFF99
S21403318018B90134202CF1D1002004B070BDFFF72C
S214033190E9BF0868C37B9BB9C37C052B10D8DFE85F
S2140331A003F0030D070B0905DDF7BEBDDDF7FABF18
S2140331B0DDF754BEDDF7A6BFDDF724BFDDF7F6BDAA
S2140331C0812070470020704730B5102587B001AACC
S2140331D000210195FEF745FC04462A46002102A875
S2140331E0E8F728FB2A46214602A8E8F775FB0121E3
S2140331F002A8DEF7B5F907B030BDDEF743B970476E
S214033200FFF7FDBF0B68DA7B5AB9DB7C012B04D0D2
S214033210022B04D02BB9DEF7C7BDDEF7D1BDDEF730
S214033220DBBD81207047002307B5012101A8019368
S214033230D4F7A6FC08B9D4F7DFFA012003B05DF88B
S21403324004FB08B502F030FA052803D0003818BF8F
S214033250012008BD0220FCE77047D0E9023253F88C
S21403326022301878003818BF0120E0F735B9E0F7A8
S21403327039B900207047002070477047FF20704719
S214033280FF207047002070470020704700207047DB
S214033290704706207047DFF7DDBB0868E0F7B6B86F
S2140332A070B50D46044600212846164601F074F90B
S2140332B0324620800221284601F06EF932466080AD
S2140332C00421284601F065F90023A360E3606060EB
S2140332D0082070BD034641B181424FF0640005D912
S2140332E04343B3FBF1F0C0B2704708467047E0F7BC
S2140332F007B9E0F7FDBEE1F705B8B0F5807F05D066
S214033300A0F50073584258414001704708207047A3
S21403331030B599B00D4669461446E0F757FF30B905
S21403332015B1BDF802302B600CB10D9B236019B0AC
S21403333030BD2DE9F04788B00E46904604A905AA8D
S21403334007461D46FFF7E4FF044638BB28800DF109
S2140333500C09DDE904A39A4520D2062251463846D5
S214033360CDF8009006ABE0F74DFFD8B9039B062BCC
S21403337018D12A88DDF81A3042450ED2BDF8181047
S21403338026F832102A8806EBC20253602A88534472
S214033390013206332A800493DBE7F7D9204608B0C8
S2140333A0BDE8F0870124F9E72DE9F0438FB00F4617
S2140333B0904601A9002204469946FFF7A9FF18B1D3
S2140333C001200FB0BDE8F083062220460DF102036C
S2140333D002A9FFF7AEFF0028F2D105460246BDF864
S2140333E00210019CEEB28E42EAD20EAB03EBC60687
S2140333F056F82C3C36F8306C0634BE4217BFE41839
S214033400012213460022013522B1C8F80040C9F84C
S2140334100030D6E71A46E5E770B50024012602F029
S2140334201DF9E5B2C26806FA05F59542234604F18E
S2140334300104F4D3D8B270BD70B586B0E0F714FDBE
S21403344000F11006E6F780F800240546142201A9C9
S214033450301902F00AF91CB99DF80430FF2B16D078
S214033460002303F118026A4412F8142CFF2A06D12B
S2140334701C44601E90FBF5F080B206B070BD2B4472
S214033480DBB2132BEDD91434B4F5826FDED14FF0D3
S214033490FF30F2E7E0F71EBB07B504220DEB02018F
S2140334A002F0E3F8019803B05DF804FB37B5054670
S2140334B008460C46FFF7F0FFA84206D00422204633
S2140334C00DEB02010195E6F791F803B030BD07B5A1
S2140334D00B460092002102460120E0F78DFB03B065
S2140334E05DF804FB08B50121E0F7BEFABDE8084025
S2140334F0E6F728BAE0F7FCBD08B5FFF7F3FF0020B0
S21403350008BD08B513460A4601461846E0F708FC08
S21403351080F00100C0B208BD00207047704708B1B4
S214033520E0F706BF704730B4DDE902451DB10294EB
S21403353030BC00F0C6B930BC70471F2804D814222C
S21403354000F5A030D9F7BEBD70471F2804D8142253
S21403355000F5A030D9F7E2BD7047152808B505D1A8
S214033560FFF7DCFFBDE80840E1F728B808BD10B553
S214033570142486B02246002101A8E8F75BF920232D
S214033580224601A94FF4A03001F078FC06B010BD26
S2140335900020704713B500230C461A460146CDE9B2
S2140335A00033E0B2E1F7CEFD02B010BD13B5002341
S2140335B01446019001220093E0B2E1F7C3FD02B086
S2140335C010BDD0E9023253F822301868E1F732BF53
S2140335D0194491420ADC4218002003B9704712F8D6
S2140335E0011D013B01EB0020DBB2F6E7002070472C
S2140335F02DE9F04F4FF0000A85B0019381460F4640
S21403360015465346019A11785FFA8AF2914203D817
S214033610002005B0BDE8F08F019909EB050801EB22
S2140336204202517892F802B011F04004009101F082
S2140336303F061BD0AC19BC42D4BF0024012433463A
S2140336406400A20740F18880009B1B0640F192802D
S2140336500E9B324603EB0B000021E8F7EBF83D46E2
S21403366000231D44ADB20AF1010ACBE7042E07D8A6
S21403367066B1B31E022B0BD8DFE803F0122130002D
S2140336803E2E37D03F2E5BD03D2E4BD00320C0E7D7
S214033690BD4234BF00240124012664003346D0E72C
S2140336A0AB1CBB4250DC02233A4629464846FFF78A
S2140336B08FFFADF80A0002230DF10A08C1E7EB1CE1
S2140336C0BB4243DC03233A4629464846FFF780FFBE
S2140336D00390042603230DF10C08B2E72B1DBB420F
S2140336E036DC04233A4629464846FFF771FF039023
S2140336F00423F0E77A1E95422CDA02233A4629463B
S2140337004846FFF765FF4FF6FF7380B298420EBF39
S2140337100223023083B25C19A742B4BF03240124F8
S21403372004268EE7BD4215D298F80030FF2B0CBF57
S21403373001230133EC18BC42CCBF03240124EFE77A
S2140337400124042600237CE73446B4E70224C0E7BA
S2140337500224CDE70324E3E70E9A02EB0B0014B131
S21403376042F80B807DE7324641460093E8F7F2F9CC
S214033770009B76E702204CE710B5144686B0188106
S2140337801A460A9B0291CDE9034301230193099B41
S214033790014600930320BDF82030E1F70FFF06B083
S2140337A010BD1FB500240294079C0194BDF8184071
S2140337B00094FFF7E1FF04B010BD2DE9F0410E467B
S2140337C01746054686B098B391B38AB34FF0000800
S2140337D002A95FFA88F001F043FA044640B99DF85F
S2140337E00830032B08D008F10108B8F1200FEFD1F9
S2140337F0204606B0BDE8F0819DF809202B799A4251
S214033800F1D1BDF80A206B889A42ECD19DF80C30B2
S214033810BDF80D006B7128812B4622464FF6FF71CB
S214033820CDE90067FFF7BDFF0028DCD00446DFE7DD
S2140338302124DDE710B586B00A9C04949DF8244045
S2140338400394BDF8204002940124CDE900341346C6
S2140338500A4601460620E1F7B1FE06B010BD1FB5C5
S21403386004460846194600230094CDE90123079B26
S214033870BDF81820FFF7DEFF04B010BDF0B5022830
S21403388005460E4614461F468BB00AD106A9F0B26B
S21403389001F0E6F998B99DF8193023719DF81C30AC
S2140338A06371119B224604930023CDE902330193EF
S2140338B0109B3146009328463B46E1F77FFE0BB04C
S2140338C0F0BD13B500240194049C0094FFF7D6FFC3
S2140338D002B010BD2DE9F0450646884614469A46C2
S2140338E0002701258BB006A9F8B201F0B9F920BB71
S2140338F09DF81830012B19D19DF8192033799A4277
S21403390014D1BDF81A2073889A420FD19DF81C3043
S21403391032467371B9B2CDE9030ACDE901004346D5
S21403392002200094E1F74AFE054610B90137202F1E
S214033930D9D128460BB0BDE8F0850546F9E7002344
S214033940FFF7C8BF10B50446E2F716FC0021631E56
S21403395004F10F0213F8010FFF2808BF19709342F2
S214033960F8D10023237410BD0020704770B50646B7
S2140339701D46E2F775FA044608B9212070BD3046A5
S214033980E2F73CFD0028F8D0A0682A46FF21FFF79F
S2140339905EF89DF81030002063719DF81430A37113
S2140339A0ECE713B59DF81040CDE900341346012229
S2140339B0FFF7DCFF02B010BD08B5E2F751FA28B1F5
S2140339C08068FF21FFF754F8002008BD2120FCE79C
S2140339D00122FFF7F1BF1FB50B466A46014618469C
S2140339E001F034F96A460823002032F8021B013B33
S2140339F013F0FF0380EA0100F7D1012838BF012046
S214033A0080B205B05DF804FB2DE9F04F87B0DDE921
S214033A10109B05468846484619461F461446BDF879
S214033A2048609DF84CA0FFF7D6FF042D0346ABF87D
S214033A3000001AD8022D1DD9042D07D04FF2F2220A
S214033A40A188914222D1E28891071FD5E17A00220C
S214033A50CDE9013720463346CDE90392CDF800A0E1
S214033A6001F043F907B0BDE8F08F6A1F012A11D9A8
S214033A702120F7E700224146CDE911922846224647
S214033A80109707B0BDE8F04F01F03EB94FF6FF764A
S214033A900C21DCE7052D0ED10023E17A0022CDE9C7
S214033AA00137CDE9039200912346524641463046FC
S214033AB001F00EF9D6E74FF2F222A188914204D123
S214033AC0E288920701D5E17AE8E74FF6FF760C2104
S214033AD0E4E7F0B585B00546E1F782FE48B16B88AA
S214033AE0B3F5006F05D1681D05B0BDE8F04000F0E2
S214033AF0EEBC284600F004FD0446C8B9E7B26946A2
S214033B00384601F0ADF878B99DF8006066B92946E5
S214033B10384601F0A9F820B140F60443984207D08E
S214033B208C26304605B0F0BD0134202CE6D1F7E7ED
S214033B308D26F6E7E2F73AB82DE9FF4704460D4629
S214033B400146184617461E46BDF830809DF8349049
S214033B50DDF838A0DCF720FED0B92146284601F070
S214033B6021F933463A4629462046CDE9019ACDF84F
S214033B700080E2F7BFF833463A4629462046CDE9A9
S214033B800D9ACDF8308004B0BDE8F04701F0F7BFDA
S214033B9004B0BDE8F087E2F757BAE2F70FBAE2F7E8
S214033BA033BA10B5044601F009F908220146204647
S214033BB0BDE81040E7F790BE01F002B9002101F01E
S214033BC0FFB801F011B90020704720207047EFF7C7
S214033BD00DBDEFF757BDF2F701B87047E2F780BBAC
S214033BE070B506460C46154600F04CF850B13CB18D
S214033BF035B1204600F0D6FC013080B2A84200D989
S214033C00002070BD304600F043F840B1002CF7D0DA
S214033C10012DF5D9204600F0CAFC0230EDE7304608
S214033C20E2F7BEFAEAE7F8B5BDF8185010B396788F
S214033C3055B9D478A6F14107012F07D8621ED2B230
S214033C4000F0CFFD0020F8BD2C46F3E7433E012EDF
S214033C5004D8A21E92B200F0DCFDF3E7D27813B9C3
S214033C600DB1AA4206D811B9E7F7E4FDEAE7E7F78C
S214033C7033FEE7E78920E6E7413803288CBF0020B8
S214033C8001207047413801288CBF0020012070476F
S214033C90433801288CBF002001207047002070475E
S214033CA0002070470388B3F57C4F01D3FFF7F8BFB6
S214033CB00846FFF7F3BF10B54A880488A2420DD121
S214033CC0037B0C79234009D0B2F57C4F08D3FFF76A
S214033CD0E7FF0B891B1A5842584110BD0020FCE72A
S214033CE00120FAE738B50D88D488A5420AD103889F
S214033CF0B3F57C4F08D2FFF7D5FF13891B1A58423A
S214033D00584138BD0020FCE70120FAE72DE9F047CB
S214033D1015460446B8B149B1EAB100264FF0140A75
S214033D20B04690F80490F3B2994501D800240AE00F
S214033D3027680AFB06773846FFF7BDFF013628B12A
S214033D403C46A5F800802046BDE8F0877B894344BF
S214033D501FFA83F8E7E71446F5E72DE9F0470E4622
S214033D6015460446B8B149B112B300274FF00C0A02
S214033D70B846B0F80890BBB2994501D800240AE0CB
S214033D806368324620460AFB0731FFF7ABFF28B1CC
S214033D900C46A5F800802046BDE8F0870B7901376E
S214033DA013F0300F02BFCB7843441FFA83F8E2E7E1
S214033DB01446F0E72DE9F04186B00D4614469846C2
S214033DC004AA05AB03A90646E2F7C0FA40B30DB151
S214033DD0049B2B6034B3049D03982946FFF762FFC8
S214033DE02B88074602467188307800F04FFBD8B11F
S214033DF0297911F010030BD0EB782A46CDE900435E
S214033E003B4671883078FCF78BFA06B0BDE8F08144
S214033E102A4620460599CDF80080FFF704FFF4E70D
S214033E208620F2E72046F0E77E20EEE71FB51C4625
S214033E300023ADF80A20BDF818208DF80400ADF86D
S214033E400610ADF80C2069461A4601A800938DF8B3
S214033E500840FFF7AFFF009804B010BDF0B587B079
S214033E600E4605AB04AA03A90446E2F76FFA08B3A5
S214033E70049D03982946FFF715FF2B88074602463D
S214033E806188207800F004FBB0B1297911F01001A5
S214033E9008D000963B462A4661882078D2F73AF93E
S214033EA007B0F0BD009101232A4631460598FFF777
S214033EB0BAFEF5E78620F3E77E20F1E72DE9F04129
S214033EC0064600254FF014080779E8B2874201D862
S214033ED000241AE008FB05F0D6F800C00CEB00043B
S214033EE03CF8000081421AD132B1802A10D194F9ED
S214033EF00CC0BCF1000F12DAB0F57C4F05D3204698
S214033F00FFF7CEFE834200D04BB92046BDE8F081D2
S214033F10402A04D194F80CC01CF0400FECD10135B4
S214033F20D3E70121E2F74EB908B513460022E2F7BC
S214033F3077FA003818BF012008BD08B5134640229B
S214033F40E2F76EFA003818BF012008BD08B513461D
S214033F508022E2F765FA003818BF012008BD08B5CD
S214033F6040220023E2F75CFA003818BF012008BDA0
S214033F7008B580220023E2F753FA003818BF012061
S214033F8008BD0023E2F74CBA0021E2F7B9BA10B530
S214033F9004460121E2F7B4FA2046BDE8104001F0DA
S214033FA022BE7047F8B516461F469DF81820BDF882
S214033FB01C300546E2F734FA78B10421E2F71EFB1B
S214033FC0044650B1284600F00EFB3A4631462846D2
S214033FD0A047BDE8F84000F0FABAF8BD2DE9F74F60
S214033FE01E46DDE90C9B074688461446BDF8383066
S214033FF02AB3B9F1000F22D00EB392F804A099F8B1
S2140340000020504612F0080F0CBF80224022618821
S214034010E2F706FA98B10821E2F7F0FA054670B11E
S214034020504600F0E0FA3346224641463846CDE98C
S214034030009BA84703B0BDE8F04F00F0C8BA03B032
S214034040BDE8F08FF8B5BDF8187016461A463B461D
S2140340500446E2F7E5F9E0B177B90221E2F7CEFAD2
S2140340600546B0B1204600F0BEFA31462046A847C2
S214034070BDE8F84000F0ABBA1021E2F7BFFA0546F8
S21403408038B1204600F0AFFA3A4631462046A847F4
S214034090EEE7F8BD73B5BDF8184016461A46234634
S2140340A00546E2F7BDF9B8B1C4B92021E2F7A6FA8E
S2140340B0044670B1284600F096FA099B31460093F1
S2140340C028469DF820309DF81C20A047044600F0A3
S2140340D07EFA204602B070BD8624FAE70024F8E78D
S2140340E02DE9F04186680446007800F07CFA002546
S2140340F014273279EBB29A4203D8BDE8F04100F0B8
S21403410066BA7B4332682078D15A02EB030800F084
S214034110C1F901214046E2F771FA034608B1207857
S21403412098470135E5E72DE9F04F1C4689B09DF821
S2140341304C30BDF8488001939DF850309246029368
S2140341402246434607460D46E2F76AF98DF8147091
S2140341500646ADF816508DF81840ADF81AA0ADF81F
S2140341601C8018B9012009B0BDE8F08F05A9FFF738
S214034170A2FD0028F6D000252F46A8462C4634E09C
S2140341800C231FFA85F903FB09F931887368B1F527
S2140341907C4F33F8092003EB090B1AD333F80900D5
S2140341A050452CD3019BA3422DD900F0B8F99BF8B8
S2140341B00200E2F7CFFE029B43B19BF8043013F0F4
S2140341C0010F0CBF05200720E2F7C4FE0134A4B29A
S2140341D019E0ADF81A205946304605AA0393FFF7AF
S2140341E081FD039B0028D9D101353289ABB29A42AF
S2140341F0C6D804EB0800C31B58425841B3E708F17E
S21403420001081FFA88F80137BFB2EDE710B501249D
S21403421088B006949DF83C4005949DF83840049475
S2140342209DF8344003949DF8304002940B9C01940F
S214034230BDF828400094E2F725FB08B010BD2DE931
S214034240F04786B0BDF83880DDF83C909DF840A076
S214034250CDF80080CDE9019A04460D4616461F4662
S21403426000F012F9B8B1431EDBB2012B10D80023BD
S2140342700122811E48424841CDE90432CDE902A01D
S2140342803B46324629462046CDE90089FFF7BEFF66
S21403429006B0BDE8F0870120FAE730B50024012513
S2140342A087B0CDE9044503959DF82C5002950A9DE9
S2140342B0CDE90045FFF7AAFF07B030BD30B50024AF
S2140342C0012587B0CDE9044503959DF82850009451
S2140342D0CDE901354023FFF799FF07B030BD10B590
S2140342E0012486B0CDE90444002403949DF82840B5
S2140342F00294099C0194BDF820400094FFF786FFC2
S21403430006B010BD1FB5089C03949DF81C4002948C
S214034310069C019400240094E2F7B0FB04B010BDA1
S21403432070472DE9F84F0229074688460C9D04D8A6
S2140343304FF0000A5046BDE8F88F1BB10429F7D9A1
S21403434042F004023A702BB303247B701B0ABB7043
S214034350E3F7AAFE4FF000099DF82830385504F11C
S214034360020A01343B550B9A5FFA89F3D45C002C9E
S214034370E0D0732C10D82E464C2C56F804BB3DD0F8
S214034380532C15D0622C45D1AC8805F108060023C2
S2140343901A4616E00124DBE7A4F17503032BC7D8FE
S2140343A0763C2E1D022C52D8DFE804F0565A5800ED
S2140343B06A6805F1080694B2D2B2B2F1FF0318BFD9
S2140343C001230AEB040119448845B1DB504619461C
S2140343D0002947D153441FFA83FA5CB1BBF1000F9F
S2140343E0A6D0224607EB0A005946E7F7B3FB544428
S2140343F01FFA84FA354609F10109B4E74FF6FF734D
S2140344006A6805F1080694B222469C4214BF02234A
S2140344100023D6E76C2C05D1584600F0C8F8841C58
S214034420A4B2B4E7732C04D1584600F0BBF8441C7E
S214034430F6E7A4F13003DAB2092A01D89CB2A6E75C
S214034440A4F14103062B3FF673AF373CE8E701239D
S21403445000242A68A346B4E70223F9E70323F7E711
S2140344600423F5E700F1010C01393A54C9B2120AE4
S2140344701FFA8CF0ACE70020E2F7F4BC0022E2F768
S21403448011BD0023E2F724BD0120704701207047C9
S21403449001207047704700207047002070470020B7
S2140344A07047002070470020704700207047704711
S2140344B00E2070470020704700207047002070478A
S2140344C0002070477047FF2070470E2070478420F7
S2140344D070477047002070477047002070470020E1
S2140344E07047002070470020704700207047002068
S2140344F070470020704770470E20704700207047B3
S2140345000020704700207047704770470E207047A2
S214034510704700207047812070477047704738B552
S2140345200546C0B2E2F716FD0446280AE2F712FD76
S21403453014B1002808BF0024204638BDF8B5054648
S214034540C0B2E2F707FD0446C5F30720E2F702FD13
S2140345500746C5F30740E2F7FDFC0646280EE2F7DA
S214034560F9FC24B12FB136B1002808BF0024204639
S214034570F8BD3C46FBE73446F9E710B4CC18944242
S21403458003DC5DF8044BFFF723B800205DF8044B0B
S21403459070470423FFF7F1BF08B50223FFF7EDFFCB
S2140345A080B208BD0078FF2808BF0020704708B512
S2140345B002220021FFF7F0FF4FF6FF73984208BF71
S2140345C0002008BD003818BF0120400070470020B7
S2140345D0704708B5FFF7A5FCFF284FF0FF3018BF5C
S2140345E00020C0B208BD08B5FFF7F3FFFF280CBFD5
S2140345F02120002008BDF8B506460C4615461F4682
S21403460000F011F810B12544AC4200D1F8BD39468C
S214034610304614F8012BE2F78FFDF5E7014600223A
S2140346200220E2F719BD0120704737B50546E0F7CB
S214034630A3FF044601950CB981201CE0237823B11F
S2140346402046E0F7A1FF0446F5E72B6862685B881F
S2140346509A42F5D1A368EA7B99B272B12A8A91424B
S214034660EED16A7DB2EB134FEAD10020E36801A9CD
S21403467098478128E4D003B030BD4FF6FF72EEE7CB
S2140346802DE9F84304460F46904699460BB3012A94
S2140346901FD80C20E7F7D4FA064610B91920BDE850
S2140346A0F8831020E7F7CCFA18B93046E7F7D0FAC4
S2140346B0F4E70123002547EA084770600570C0F851
S2140346C00C904460876033803046E0F74DFF284601
S2140346D0E5E72120E3E738B50446436808460D4678
S2140346E09847B4F90830002B02DB2B78042B06D14D
S2140346F0002320466360BDE83840E3F7AFB838BD13
S21403470030B54FF48A5587B0ADF816200DF1160470
S2140347101A46029543B100230122CDE9003323460E
S21403472000F01EFA07B030BD019401240094F7E7A9
S214034730FFF7EBBEFFF7BEBE0020704708B500F0DC
S21403474001FB20B900F048FB08B9E0F705F9FFF7CD
S214034750D2FEBDE80840FFF7DBBE0020E3F7E6BC69
S2140347600021E3F783BD0022E3F742BD1FB5D288DD
S2140347700B4612F0200F4FF6FD7114BF4924522446
S214034780ADF80610510544BF083CE4B2110544BF1A
S214034790083CE4B2120444BF023CE4B2032805D842
S2140347A0DFE800F0020F161CADF80630BDF8060071
S2140347B0FFF789FEFF281CBF241AE4B2204604B084
S2140347C010BD02AA0DF10601D8B200F079FAEDE7A2
S2140347D0D8B200F047FAADF80600E7E7013CE4B2CA
S2140347E0E4E7F8B5064617460D4681B10C78FF2C6C
S2140347F00BD00846FFF7D6FEB84228BF3846C4B2E9
S2140348002246691C701CE7F767F83470F8BD0C463F
S214034810FBE770B5044615460E4611B941700170A4
S21403482070BD0B78FF2B05D14B78FF2B02D103709D
S2140348304370F5E73046FFF7BAFEA84228BF28467E
S21403484085B22A46B11CA01CE7F746F825702D0A48
S2140348506570E5E7F0B523B9013A531C2FD1002064
S21403486020E0042AFBD800231C46551E6E1C1AD1D2
S214034870042A10D00121D200501E01FA00F0204273
S2140348801EBF914049420C4318421EBF4FF0FF31F2
S21403489001FA02F213439C421EDCB4BF4FF0FF3012
S2140348A0002040B2F0BD40B1465DEF00BE40344349
S2140348B04E5D013DBE403343D8E70646F5E78C5CC4
S2140348C038B90346A34202F1FF32C6D24FF0FF3097
S2140348D0E8E7835CA342F5D90120E3E728380728F5
S2140348E08CBF0020012070471D2810D004D840B18B
S2140348F01C2804D0552070471E380128FAD81A29D8
S21403490001E00B390F298CBF55200020704708297A
S214034910F9E7002000217047F7B59DF820400546CB
S214034920082C104619469DF8246036D800221346F4
S2140349302C44AC4208D106F0FD04382C0ED1009668
S214034940FFF7E7FF03B0F0BD14F8017D1B0243EA4F
S21403495012631202BA1843F10003EAE7392E10D1A4
S21403496007EE100A07EE902AB4EEE77AF1EE10FA95
S214034970CCBF77EE677A77EEC77A002117EE900AF8
S214034980E0E7824273EB010403D2801A61EB030172
S214034990D8E7101A63EB0101D4E700200146D1E7FC
S2140349A038B5C36814461944836853F821501AB1BE
S2140349B02846E6F73BFE2070284638BD2DE9F3412E
S2140349C01C4616460DF107029DF82050FFF7E8FF38
S2140349D09DF807308046A34288BF8DF807409DF8B0
S2140349E007700DB1E41BE5B22A4600213046E6F710
S2140349F021FF3A4641467019E6F76EFF384602B085
S214034A00BDE8F0812DE9F3411D46164601AA9DF83F
S214034A102040FDF726F8019B80469D4238BF01954E
S214034A20019F04B1EC1B224600213046E6F702FF45
S214034A303A4641463019E6F74FFFF8B202B0BDE8F2
S214034A40F08173B50024154601AA1E460194FDF7AE
S214034A5008F8019B072B0AD92146CCB216B1C4F13C
S214034A600704E4B2425C013108292A55F5D1D8B2CD
S214034A7002B070BD1FB5030A8DF80E3003230093F2
S214034A8003AB8DF80D0000F0BBF805B05DF804FB32
S214034A901FB58DF80F100421030A8DF80E30009110
S214034AA003AB8DF80D0000F0ABF805B05DF804FB22
S214034AB0F0B589B016689DF83C50CDF809608DF8BE
S214034AC011305668BDF83830012D109FBDF84440AC
S214034AD0CDF80D60ADF812308DF8145014D0032DB8
S214034AE019D13B68CDF815307B68CDF819309DF8A1
S214034AF048308DF81D3016230093BDF84C2002ABCA
S214034B0000F07EF809B0F0BD8DF81540240A0F2397
S214034B108DF81640F0E70120F4E71FB50446084673
S214034B2011461A4602238DF80D100093214603AB57
S214034B3000F066F804B010BD10B514461A460B68AC
S214034B4086B0CDF80D304B683421CDF811300A23EA
S214034B50009303AB8DF8154000F052F806B010BD75
S214034B602DE9F041B6B014461D4606460F469DF89D
S214034B70F080E3F79FFD03AA8DF80C001046330A76
S214034B808DF80F703F0A8DF80E308DF80D602B46AA
S214034B908DF810708DF8114005EB4405AB4202F119
S214034BA002021FD16200D2B2931DDBB23D99D83305
S214034BB06B44073203F8CC8C01EB4805D3B250FAAA
S214034BC082F2A94202F1020212D103EB48030090DB
S214034BD006213046BDF8F820DBB2E3F775FD36B0A4
S214034BE0BDE8F08133F8021B1171090A5171D5E74C
S214034BF031F8024B02F8024C240A02F8014CE0E7B3
S214034C002DE9F0411C4605460E4617469DF81880CA
S214034C10E3F750FD207043463A463146284606944D
S214034C20BDE8F041E3F750BD002070477047D7F763
S214034C30B3BD704770477047704770470020704792
S214034C4070477047002070477047704702F0EEBE0B
S214034C50FEF774B8FEF757B803F031BAF8F714B98D
S214034C6003F01EBAF8F7CEB8F8F736B9F8F7F0B887
S214034C70FEF71EB9FEF76DB8FEF77AB8F4F768BB11
S214034C80F4F76CBBF3F7CCBAF2F7EEBBF2F7F2BB72
S214034C90EFF7C6B8FEF7B7B8FEF77CB8FDF718BF50
S214034CA0FEF79FB8FEF78BB830B4BDF808409DF802
S214034CB00C50CDE9024530BCFDF729BFFDF796BF82
S214034CC0F8F77CBAE3F750BDF8F742BBF7F78EB9AF
S214034CD070B49DF80C40BDF810509DF81460039412
S214034CE0CDE9045670BCF5F793B970B49DF80C4043
S214034CF0BDF810509DF814600394CDE9045670BCBB
S214034D00F5F7C6B9F5F7B0BA10B49DF804400194A8
S214034D105DF8044BF5F700BA10B49DF8044001940F
S214034D205DF8044B01F073BF01F073BFFDF7A2BF3C
S214034D30FDF7B2BFFDF7C5BFF1F7FEB8F1F740BF09
S214034D40F1F712BFF0F724BF02F09FBAF1F7C8BA23
S214034D5002F0E1BAF1F728BCF0F7FABFF1F736BF75
S214034D60F1F7B8BEF1F7CEBEEFF70EBEFEF7B5B855
S214034D70FEF768B8FEF77BB8FEF788B800F00BBC02
S214034D8000F004BCF7F768B9F4F772BFF7F742B957
S214034D90F7F768BAF4F73CBFEFF72EB8F6F75EBB43
S214034DA0FFF745BFFAF754BEFEF7E3B8FDF753BF68
S214034DB0FEF738B801F001BDE3F734BCEFF7E0BB0C
S214034DC0EFF7DAB801F09BBF01F06BBFEFF728B936
S214034DD0EFF766BBEFF76ABBEFF796B8E3F73EBCB1
S214034DE0E3F750BCE3F728BCEFF744B8E3F72EBC71
S214034DF0F9F706B801F053BF01F01ABFEFF740B852
S214034E00EFF7A8BBEFF788B8E3F7CCBCE3F7C4BC6F
S214034E10F8F7FABDF8F7E6BF03F05DBA03F063BA36
S214034E20F8F76ABEF8F7E6BF00F063B900F0A1B979
S214034E3000F0C9B900F0A0BA00F010BB00F079BAD0
S214034E40E4F7A6B900F0E6B900F013BA00F026B806
S214034E5010B51C4601F0C2FD05F00BFF0023C0F39E
S214034E6040202370400010BD002208B50B461146B3
S214034E70FFF7EEFF023818BF012008BD0020704779
S214034E8070470020704770470020704770470E2019
S214034E907047012070477047012070471422002195
S214034EA0E6F7C8BC704770B505460C468AB025229F
S214034EB000210DF10300E6F7BDFC6B68CDF81D304D
S214034EC0AB68CDF82130234601AC03F11006224629
S214034ED018685968083303C2B3421446F7D101234E
S214034EE06A7B8DF8023012F0040F0CBF4FF4807308
S214034EF04FF4A073110748BF43F48063ADF8003046
S214034F00930748BFBDF80030684644BF43F0080324
S214034F10ADF80030F4F7B6FB0AB070BD30B5427B8F
S214034F200D46D10704468BB007D5407801A9F4F7A0
S214034F300FFCD8B12D200BB030BD9307FAD5C2F3C2
S214034F40800310074FEA8313ADF8023044BF43F4DF
S214034F508063ADF80230BDF80220201D0AB10DF1C2
S214034F60020201A902F07FFD0028E3D001AB03CBC8
S214034F709DF81430A1602373BDF8103060605906A5
S214034F8042BF627B42F0040262735A0542BF627BF1
S214034F9042F0080262731B0742BF637B43F00203BF
S214034FA063732B4606AC0AAD224603CAAA421860B0
S214034FB05960144603F10803F6D10020BBE7F0B5A9
S214034FC004460D4693B0252200210DF12300E6F793
S214034FD031FC636804F1040CCDF83D30A36809AED8
S214034FE0CDF841302B4605F110073246186859684C
S214034FF0083303C2BB421646F7D105238DF8223089
S214035000637B5B0103F40073ADF820306378FF2BFA
S2140350101AD1002360461A4601A900F0CAF99DF882
S2140350200530FF2B0DD1002301A91A46184600F0C0
S214035030C0F99DF80530FF2B03D11C26304613B06C
S214035040F0BD9DF8053063700020617808AA00F073
S2140350509BFA06460028F1D1607801A900F02FFAE2
S2140350602B4603AD2A4618685968083303C2BB4269
S2140350701546F7D1637B6078DB0648BF9DF81C3086
S21403508001A944BF63F07F038DF81C3000F02EFAAD
S214035090D4E710B504468AB02422002101A8E6F717
S2140350A0C9FB637B590744BF4022ADF810201A079B
S2140350B042BFBDF8102042F48062ADF81020DB0733
S2140350C00FD5607801A9F4F743FB10B12D200AB081
S2140350D010BD01AB03CB637B606043F00203A160AA
S2140350E0637304A9201D02F0C0FC0028EED0002044
S2140350F0EDE71FB5694600F066F8002818BF2D20B7
S21403510005B05DF804FB73B50D4614460646E3F793
S2140351106DFC6B881A071AD522463146102002F01A
S21403512085FC2046E3F762FC6B88D90717D5002376
S214035130224601210DF107008DF80730E3F722FF21
S2140351406B88002B0CBF2120002002B070BDDE064A
S214035150EAD522460821281DE3F714FFE1E79A075C
S21403516001D50223E4E75B07EAD50323E0E70F2034
S21403517070471FB50C46694600F025F810222146F5
S2140351806846E6F7A3FEB0FA80F0400904B010BD07
S214035190B8B1B1B14388A3B90378013B082B10D843
S2140351A0DFE803F00507090B0F0F0F0F0D00E3F7FA
S2140351B0EBBDE3F745BEFFF776BEFFF700BFE3F7A9
S2140351C0D3BF2120704738B50D4609B300B3037823
S2140351D0013B082B1AD8DFE803F0050D1013191945
S2140351E019191600E3F708FE0446284602F01EFEC9
S2140351F0204638BDE3F744FEF6E7FFF78FFEF3E7F6
S214035200E3F774FEF0E7E3F7B9FFEDE72124ECE7F5
S2140352102124EDE770B586B0064601A80C46154670
S214035220FFF73CFE04238DF804301CB12068616848
S21403523002AB03C3294601A88DF80560FFF7A8FF54
S21403524006B070BD70B586B0044601A80D46164676
S214035250FFF724FE0323206861688DF8043002AB51
S2140352608DF8116003C3294601A8FFF791FF06B026
S21403527070BD0022FFF7E6BF30B5437B044613F04C
S21403528001020D468BB007D0407801A9F4F760FA07
S21403529070B12D200BB030BD9B07FAD5ADF80220B8
S2140352A001A90DF10202043002F0DDFB0028F0D064
S2140352B000210E22A81CE6F7BDFABDF810302B809D
S2140352C0039BAB60BDF81230AB819DF8143023739B
S2140352D001AB03CB6060A1600020DBE770B5437BC6
S2140352E00446DB070E468AB003D42D2528460AB0AB
S2140352F070BD6946407800F045F905460028F4D1AC
S214035300DDF81D300E226360DDF821300146A36010
S214035310637BB01C43F002036373E6F78BFABDF8B6
S2140353200030069A43F004033380059BB260736033
S214035330DCE70B4610B50446102200211846E6F7B4
S21403534079FA2278032A09D0042A0DD0022A11D129
S21403535001462046BDE81040E3F776BF01462046E7
S214035360BDE81040FFF788BF01462046BDE8104061
S214035370FFF7B4BF262010BDF8B5074608460C460F
S21403538016461D46FFF78AFD04232370637B3146CA
S21403539043F00103204667706373FFF714FF08B1F9
S2140353A02D20F8BD29462046FFF7C3FF0028F8D076
S2140353B0F6E7F8B5054608460C461F461646FFF7B9
S2140353C06DFD0423237025B108222946E018E6F76D
S2140353D083FA637B43F0020363734EB932460121BB
S2140353E0284600F0DAF8FF28607007D12D20F8BDB4
S2140353F031462046FFF7E7FE0028F7D1637B43F0EC
S214035400010363730DB90020F1E7002FFBD0394683
S2140354102046FFF78EFFF6E7F8B50C460746084624
S21403542016461D46FFF73AFD03232046394600F885
S214035430043B0822E6F750FA637B314643F0020347
S21403544020466373FFF7BFFE08B12D20F8BD29463B
S2140354502046FFF76EFF0028F8D0F6E7F8B50746B4
S21403546008460C4616461D46FFF718FD0323237011
S214035470637B314643F00103204667706373FFF78F
S214035480A2FE08B12D20F8BD29462046FFF751FF9E
S2140354900028F8D0F6E718B18022012100F07DB885
S2140354A0FF207047002307B51A4619460093F5F701
S2140354B051FEB0FA80F0400903B05DF804FB0B46DA
S2140354C010B519220446FF211846E6F7B3F97E2CD9
S2140354D001468CBF04F5C43004F583304FF019023F
S2140354E0BDE8104088BFAD30D7F7ECBD7E2888BF37
S2140354F000F5C4304FF0190294BF00F58330AD3089
S214035500D7F70CBE30B589B00D46FFF7C4FFFF28AA
S21403551004460DD001A9FFF7D2FF2868696801ABDE
S21403552003C3204601A9FFF7E1FF002009B030BD01
S2140355302D20FBE7704770470020704770470F2009
S21403554070470F207047002070470F2070470020D9
S21403555070470020704784B08DE80F00002004B029
S21403556070477047704700207047704700207047A9
S214035570704700207047012070477047002070472F
S214035580012070470E2070470E2070470E2070478C
S2140355900020704770470E207047FF207047704703
S2140355A07047002070477047704770470020704769
S2140355B070470020704700207047002070477047F0
S2140355C070470020704700207047704700207047E0
S2140355D00020704770470020704710B50024E3B2E0
S2140355E010B9C3F10303DBB20134042CCA544FEAE7
S2140355F01222F4D110BD10B50B784C788A78C9788E
S21403560028B910462246044608461946034642EA87
S214035610012043EA042343EA004010BD7047E3F742
S214035620C7BE08B5D2F7EAF9002814BF86200020C3
S21403563008BD08B5D2F7B2FB003818BF012008BD75
S21403564008B5D2F76BFB003818BF012008BD08B5B4
S214035650D2F7F0FB003818BF012008BD08B5E3F702
S21403566087FFBDE80840E3F735BF70B504460D462F
S2140356701646E3F77DFF0420E3F71EFF324629466E
S2140356802046FFF7DDFF04460220E3F715FF20461A
S21403569070BD08B5E3F76CFFBDE80840D2F722BB40
S2140356A0E4F79EBAE4F77EBA08B5E4F77BFA20B1CE
S2140356B0BDE808400020E4F7B3BB112008BD10B5D1
S2140356C0044608B1E4F78EFC2046BDE81040FCF71C
S2140356D0C8BF10B50446006A10B1616AFFF7EFFF52
S2140356E00020C4E9080010BD38B50546FFF7F1FFF2
S2140356F02B7E0446012B0ED0023B012B0ED8EB6902
S214035700012B18BF6FF09604282200212846E6F7DF
S21403571091F8204638BDEB69002BF2E76FF096044C
S214035720F2E718220021E6F785B870472DE9F84F0F
S2140357309846DDE90B490D9B15469A0706460F4624
S21403574023D02A460A9B03EB040A1444A24220D120
S2140357500D9B9B0705D5A2EB050AD14505EB0A046D
S21403576020D82046BDE8F88F434639462020B04768
S2140357700AF1010ACA450AEB0B02F5D3A9EB0402A8
S2140357804C4588BF00222A44DCE7A246A5EB040B5F
S214035790F0E702F1010B434639461AF8010DB0470C
S2140357A05A46D3E74346224639462020B0470AF1F5
S2140357B0010AD2E72DE9F047DDE90D7616F0020F70
S2140357C09DF82880DDE90854DDE90BCE1FD106F0ED
S2140357D001094FB1B9F1000F06D0B8F1000F02D19D
S2140357E016F00C0F00D0013F4FF0300A04E0202CD7
S2140357F004D005F804A001347445F8D3B9F1000FBA
S21403580005D04FF03009A74201D9202C2DD116F030
S214035810100F1FD016F4806F2CD15CB3744501D0E3
S214035820BC4227D1B4F1010E23D0BCF1100F46D1F0
S214035830023C16F0200F28D1202C28D04FF0780CED
S21403584005F804C00134202C21D04FF0300C05F8A5
S21403585004C00134202C1AD0B8F1000F23D04FF027
S2140358602D0C05F804C0013412E005F80490013449
S214035870C9E77446BCF1100FDBD0BCF1020FE2D1CE
S214035880202C04D04FF0620CDAE7202C08D1202419
S214035890CDE90A76CDE90854BDE8F047FFF746BFE1
S2140358A04FF0580CCCE716F0040F02D04FF02B0C39
S2140358B0D7E716F0080FEBD04FF0200CD1E7BCF17A
S2140358C0020F7446C1D1DDE72DE9F04391B0189D70
S2140358D01A9E1D9F0DB927F010077C0500D515B33A
S2140358E017F0200F14BF4FF0410E4FF0610EAC4679
S2140358F000250DF12008AEF10A0EBCFBF6F906FBF7
S21403590019C95FFA89F4B9F1090F94BF30347444A6
S214035910E4B2B44508F8014B05F10105BCFBF6F407
S21403592001D3202D10D11C9C069705941B9CCDE912
S21403593003649DF86440CDE9015408AC0094FFF776
S21403594039FF11B0BDE8F083A446D6E72DE9F04F42
S21403595095B0269ECDE90A23DDE91E74DDE9229B78
S21403596057EA040308BF26F010067205CDE90801BE
S21403597002D557EA040337D016F0200F14BF41238D
S214035980612300250DF1300AA3F10A0821464A4691
S2140359905B463846E5F7E2FBD2B2092A94BF3032BB
S2140359A042444F45D2B274EB0B0405F101050AF8E5
S2140359B0012B01D3202D14D1259B06960593249BFA
S2140359C0DDE90801CDE903939DF88030CDE9015365
S2140359D00CAB0093DDE90A23FFF7ECFE15B0BDE838
S2140359E0F08F07460C46D1E70025E5E708B100F03F
S2140359F014B8704710B1D1E900311847704738B56D
S214035A00441E14F8015F25B90A2000F006F828465C
S214035A1038BD284600F001F8F3E701460020FCF7FE
S214035A20F3BB70477047EDF7FBBD704708B5FCF74F
S214035A30BCFBD1F7E3FFBDE80840D4F7F3B87047E3
S214035A4008B5D2F723FBFBF756F8BDE80840E3F7A3
S214035A508FBD08B5FBF778FFE4F7F8FAFBF752FEBD
S214035A60E4F796FEE4F782FEE4F704FEBDE808409A
S214035A70D7F702BB08B5D5F719FBFBF732FED5F708
S214035A8021FBFBF730FED9F709FDD9F7AFFDD9F7B0
S214035A90B7FEBDE80840D9F7D5BD70477047E4F7B1
S214035AA00FBE08B5FCF7CCFFBDE80840FCF7F7BF10
S214035AB0704707B500220346114601200092D8F727
S214035AC067FE03B05DF804FB07B500920B46027D44
S214035AD081898068FDF78CFD003818BF0120C0015E
S214035AE003B05DF804FB08B50020E0F7D9F9002001
S214035AF0E1F76AFF0020DAF763F80020DAF7FAFA2C
S214035B000020DAF7F9FC0020DAF7E6FF0020DBF7DF
S214035B100FFD0020DEF73EF80020DEF7A9FD00208B
S214035B20DFF79EFBBDE808400020DFF789BC08B519
S214035B300120FDF73FFA0120DAF7A2F9BDE8084095
S214035B400120DAF7C9BF08B50220E0F79DFA022064
S214035B50DFF790FC0220E2F745FA0220FFF7A2FDEA
S214035B600220FDF7C7FC0220DEF782FDBDE80840F1
S214035B700220DFF729BFDAF7C7BAFDF7DBBF7047A6
S214035B8070477047704770477047704710B50446B4
S214035B90DFF734FE2046FDF743FA2046DBF7DAFF4D
S214035BA02046DCF72DFF2046BDE81040FDF7D5BCA8
S214035BB0FDF7F0BCFDF7FABCDFF75CBB7047704738
S214035BC0FDF752BA70477047704770477047704783
S214035BD005F015B870477047DFF7E6BB70477047A8
S214035BE07047704770477047D0F7E0B9FEF77DBC43
S214035BF0704700207047FEF77ABCFEF783BC7047F9
S214035C00431E012B03D9031F5842584170470120F6
S214035C10704700F021BC4FF4D0720021E5F70ABEAE
S214035C2070B50446E7F7DEFE0546A8B9A169F1B1EB
S214035C30238AD3B1204604F11002E7F781FD38BB6F
S214035C40E16919B3638AA3B1204604F1120200F096
S214035C50CAFA78B1054603E00023A3612361E36132
S214035C60002328466361236270BDA061E8E72082B3
S214035C70E6E7E361216A0029F2D0A28A002AEFD080
S214035C802046E38ABDE8704000F06FBA6182F1E710
S214035C906582E561DEE711B9D0F8DC1021B1CB6887
S214035CA013B18B68D88970474FF6FF707047E6F7D5
S214035CB07DBF10B50C461146E6F79EFFE8F7CCF914
S214035CC0012801D1002010BD002CF7D10520FAE7EA
S214035CD000F0CFB900F0E3B970B500232425D0F85F
S214035CE0DC00C4689C4201D1212070BD826805FB9C
S214035CF00322D6898E4202D8128A8A4201D20133FF
S214035D00F0E70020F1E7F8B506460D46E6F7EAF9B0
S214035D10D8B94FF6FF734FF0240CEF68C1B28F4229
S214035D2008D81C4621463046E6F792FB00F09AFB5D
S214035D302046F8BDAA680CFB0122D4899C4202D2F5
S214035D40002CEFD023460130E8E70024F0E7C08DAF
S214035D5070470A7838B505461046FFF751FF60B11D
S214035D604C782046FFF74CFF38B12243530704D440
S214035D702846BDE83840E7F78BB9212038BD10B573
S214035D8004460878FFF73CFF58B14A781046FFF7F9
S214035D9037FF30B1042A04D02046BDE81040E7F7A9
S214035DA095B9212010BD00F0E8B8E7F7F7BC084620
S214035DB000F008BBE7F736B838B504460D4600F0E2
S214035DC08EF850B129462046E6F742FB30B92946FD
S214035DD02046BDE83840E6F7EDBF0E2038BD70B567
S214035DE016460C4604F065FD314605462046EAF79E
S214035DF0CFF90446284604F057FD204670BD00F050
S214035E0032B970B5044600200E4600F027FBD4F8DE
S214035E10F0503DB1002331462046AC46BDE8704005
S214035E201A4660472B46012231462046E7F75AFAC0
S214035E30284670BD38B5044648880D4600F00EFB6C
S214035E40D4F8F0302BB929462046BDE83840E7F7AA
S214035E5057B9022038BD00F003BB00F03CB9E6F7A3
S214035E6077BEE9F76FB970B5BDF81060054606B1A1
S214035E706BB1334428469BB200F077F9044620B949
S214035E801EB13146284600F0ABF9204670BD2124EA
S214035E90FBE7E8F7DDBCC0F8EC1000207047E7F737
S214035EA069BB00F05EB910B4BDF8044001945DF818
S214035EB0044B00F09FB80B4610B514461846A1686D
S214035EC09288E5F747FEE168034631B1A088628809
S214035ED0121A92B21844E5F73DFE002010BD0346A1
S214035EE0408A18B1188A003818BF01207047084640
S214035EF0E9F734BA00F0ECBA00F0EABAE9F740BCC6
S214035F00084708B5E6F76CFEC0B208BD022A01D8FA
S214035F1000F0E2B921207047022A01D800F0EDB95B
S214035F2021207047022A01D800F0F9B921207047D2
S214035F30E8F780B90846E8F79BB900F018BA0020DE
S214035F407047002070477047D0F8943003F0600322
S214035F50402B0DD0602B03D0203B5842584170474E
S214035F6049B10B68012B06D9486940F00100704718
S214035F7040F20110704700207047F7B504461046FC
S214035F80D4E954C7DDE908268CEA020587EA060148
S214035F900540194085EA0C057940C4E954510025AB
S214035FA023F4004106EA010320F0010043F40073E2
S214035FB0024043F00203CDE90055EAF7B3FF94F835
S214035FC024309A0713D5D4F854319B050FD54FF4D4
S214035FD08811204600F058FB94F82430024665F3F7
S214035FE0410384F8243020460B46E6F7CDFD002017
S214035FF003B0F0BDF0B587B01C461746BDF8306059
S2140360001AB90024204607B0F0BD002BF9D00029AA
S214036010F7D001AAE8F71CFC0028F2D0BDF806303A
S214036020A2199A42BDF80850C4BF9B1B9CB2B54246
S21403603012D90399AD1BADB23144A5420391ADF815
S21403604008500DD22A463846E5F784FD0499621BAC
S2140360507819E5F77FFDD5E70499761B314404915B
S21403606022463846F5E70846EAF732B80220E9F74B
S2140360707DBB08B5D0F8E4304BB11A68022A06D9BE
S21403608093F825204AB1186AB0FBF2F008BD4FF426
S21403609046624C210020E6F73DFA0020F6E7D0F8EA
S2140360A0E42008B57AB11368022B0CD9536A13F4AB
S2140360B07F4FC3F3072106D0126ADBB253438B42EA
S2140360C0B3FBF1F006D2002040F67F424C21E6F700
S2140360D021FA002008BD0346D0F830010860B3F863
S2140360E0343100208B80704790F830310C2B14BF6E
S2140360F090F82B00FF20704738B50C464FF400612C
S2140361000546EBF7B3FF70B17CB195F81E3173B952
S2140361104FF480724FF480712846EBF793FF0038F4
S21403612018BF012038BD2202F4E72246F2E700201A
S214036130F8E74FF48071EBF799BF08B54A024FF4BE
S2140361400071EBF77FFF002008BD08B58A024FF405
S2140361508061EBF777FF002008BD4FF40071EBF783
S21403616085BF062300208B717047B2F5805FF8B5B4
S2140361700F460646154619462ED89A422CD33F2A72
S21403618026D9B2FA82F40122C4F11F03DBB29A4085
S21403619092B2AA422CBFC4F11904C4F11A04E2B2A3
S2140361A00124931DDBB29C40A4B2AC4212D096F8F5
S2140361B0F5309BB9012096F8243060F3C71386F8B0
S2140361C024303846E8F758F900203762B582F8BD20
S2140361D00022ECE70020EEE72120F8E70E20F6E7A2
S2140361E00846E8F769B970B505460E46144602B385
S2140361F013883F2B1DD9B3FA83F3C3F11901C9B230
S214036200062901D8192B12D0062928BF06210123F7
S2140362108A1DD2B2934030462380E8F755F9238887
S2140362202846EE616B82E8F7D9F9002070BD00219D
S214036230EDE72120FAE710B5144608460121E9F7F1
S2140362401DFE2046BDE810400121E9F717BEF8B54C
S21403625004460E46174604F02CFB3A4605463146DE
S2140362602046EAF7C9F80446284604F01DFB2046F4
S214036270F8BD0220704703207047E9F76FBA10B5E0
S2140362800023E7F7EFFC044608B9EBF769F8204666
S21403629010BD704770B505460E46144600F0E3F889
S2140362A031462846FFF72FFD00F0DDF8230704D517
S2140362B00B2C9CBF24F00804A4B221462846E6F71C
S2140362C095FC00224FF400312846EBF7BBFE002076
S2140362D070BD8021EBF7CABE7FB5531C05AAADF887
S2140362E01410029202210022DBB2CDE900211146EE
S2140362F0EBF7C6FE07B05DF804FB7FB5531C05AA93
S214036300ADF81410029204210222DBB2CDE900217B
S21403631000220121EBF7B4FE07B05DF804FB1FB5BE
S214036320531C029100220821CDE900210122DBB291
S2140363301146EBF7A5FE05B05DF804FB07B591F82B
S2140363402830009391F82B3091F8292091F82A10E1
S214036350E7F736FF03B05DF804FB10B50446E6F72F
S2140363603FFC01462046BDE81040E6F73FBC002947
S21403637014BF21200020704738B5054610460C464A
S214036380E7F7A4FFD5B1D5F8E030BBB15B69ABB195
S214036390421ED2B2FD2A13D90A68013204BF6FF037
S2140363A001020A600A68FF281A6007D16268013290
S2140363B002D16FF00102626062685A60002038BD45
S2140363C00128F2E738B50546EAF73EF80446002109
S2140363D0A878E7F7E3FF204638BD2DE9F74F0125F8
S2140363E01C469DF83030064601930368174603F0B3
S2140363F0070306339D4005F1FF380B46A1B14168FC
S21403640004EA080BA5EB0B0A41F00059524509EBC9
S2140364100B0114D952461846E5F79CFB49467A1BEE
S2140364205A445044E5F796FB019B2BB13C4448EA9B
S214036430050804EA0804F46003B0BDE8F08F1846C4
S214036440F0E737B5002514460095FFF7C6FF20464C
S21403645003B030BDE7F7B6BD002070470020704795
S214036460002070477047704730B5490004460568FA
S21403647012B102291FD90339C90395B9E1B1B1FA9B
S21403648081F3C3F12003C3F10F00012838BF0120B5
S21403649003F01F03D940A94201D9013849082160F6
S2140364A030BDB5FA85F339B1B1FA81F29B1A002BE8
S2140364B0E9DC0F20EFE700210F20F0E7012805D9DC
S2140364C0023818BF4FF0FF30C0B270470120704744
S2140364D008B5E9F79DFABDE80840E9F7C1BA38B54B
S2140364E00446FFF7F5FF0546FFF7F2FF431BA342FB
S2140364F0FAD338BD38B50D460446E9F789FA35B1FF
S214036500844200D90139204601F0030138BD844294
S21403651038BF0131F7E708B50121FFF7EBFFBDE808
S2140365200840E9F79DBA0B0C23F48053B3F5284FC4
S214036530F7B50D468FB2064699B216D04AF6010352
S214036540994214D04AF60203994212D0B1F5204F6D
S21403655014BF04240324D6F8E0300BB1196851B9EC
S214036560D6F8DC3093B928680EE00024F3E701245C
S214036570F1E70224EFE7234668463A46E9F7CCFA02
S214036580DDE90003002BEBD103B0F0BD1968002949
S214036590E9D0234668463A46E9F7BEFADDE9000342
S2140365A0002BE0D1F0E702F003BB0204C0F389132B
S2140365B007D56FEA83536FEA935313F5007F18B238
S2140365C006D0A3F1C8006FF4FF739842B8BF18460D
S2140365D070474FF0384359699A6903F500530A40E8
S2140365E05A6170470E207047EBF7AEB8EBF7ACB8BE
S2140365F0EBF7AAB8EBF7A8B808B50846EBF7CAFC5A
S21403660008BDEBF7A1B802207047022070470020B0
S214036610704701207047002070470E207047002007
S2140366207047E7F719BD084611460122FFF741BB3D
S21403663070B505460C4611461A46EBF75DFD06682F
S2140366402B462046B446BDE87040604710B5EBF7CE
S21403665053FDBDE8104083681847FFF710BEE7F701
S21403666023BCFFF7A9BBE7F72DB970B504460D4663
S21403667016464FF4881100F01CF832462946204689
S214036680BDE87040E7F742BE38B505460C4604F051
S21403669010F9D5F890301C40D5F88C302343C5F854
S2140366A08C3004F001F9211E18BF01210020490295
S2140366B038BD38B504460D4604F0FBF8D4F89030E0
S2140366C01D40D4F88C3023EA0505C4F88C5004F03A
S2140366D0EBF8284638BD38B504460D464FF4881106
S2140366E0FFF7E7FF29462046BDE83840E7F736BE02
S2140366F073B50D7806460C4635B304238DF804307F
S2140367002379304601A98DF80530FFF738FB054697
S214036710B8B92278A37952BB8DF80430E3793046B2
S21403672001A98DF80530FFF714FB054648B9237811
S2140367303BB161883046E6F7E3FE01213046FFF7BA
S214036740DBFC284602B070BD2946FFF7D5FC294678
S2140367503046FFF7F2FC29463046FFF7F6FC23786F
S214036760002BCAD123798DF804306379C9E7022256
S2140367708DF80420D3E7FFF7E0BCFFF7EEBC00205C
S214036780704710B50446EBF751FD21460020ECF7A1
S214036790A1FBBDE81040002000F02BB97047012094
S2140367A0704708B5EDF7C4F980F00100C0B208BD24
S2140367B04FF0FF30FFF79EBB70470020704710B5C1
S2140367C00C4603F037FE048010BD38B50C4615465C
S2140367D003F030FE03881DB11C43A1B2018038BD0F
S2140367E023EA040189B2F9E708B503F023FE00881B
S2140367F008BD08B503F01EFEC07808BD08B503F053
S21403680019FE008800F00C0008BD08B503F012FE60
S214036810008800F00C00031F5842584108BD38B5E5
S214036820054603F007FE04462846FFF7EEFF30B999
S21403683004F1100004F01DFA00F4406038BD4FF474
S2140368400060FBE738B5054603F0F4FD044628462A
S214036850FFF7DBFF014648B910342046042203F055
S21403686029FD2044BDE8384004F003BAA08838BDAB
S21403687010B50C4603F0DEFD848010BD38B5054622
S21403688003F0D8FD04462846FFF7BFFF30B904F1EE
S214036890100004F0EEF900F4404038BD4FF40060F9
S2140368A0FBE738B5054603F0C5FD04462846FFF763
S2140368B0ACFF014648B910342046062203F0FAFC22
S2140368C02044BDE8384004F0D4B9A08838BD38B5B4
S2140368D0054603F0AFFD04462846FFF796FF01463C
S2140368E008B1201D38BD10340622204603F0E2FC12
S2140368F02044F7E708B503F09DFD007A08BD08B508
S21403690003F098FD90F9090008BD08B503F092FD61
S214036910807A08BD08B503F08DFDC06808BD10B5C4
S2140369200C4603F087FD047210BD10B50C4603F049
S21403693081FD447210BD10B50C4603F07BFDC460A8
S21403694010BD2DE9F8430F468046002107F11000DD
S2140369501646994603F0E2FD0446D0B103F06AFDFD
S2140369600546204603F082FD002102462846E4F74A
S21403697061FF00232046AB7049F00401FFF71FFFB9
S214036980A5F804802EB13A46314605F11000E5F726
S214036990E1F82046BDE8F883F8B505460F46102013
S2140369A0002103F0BBFD0446B0B103F043FD0646E9
S2140369B0204603F05BFD002102463046E4F73AFF2B
S2140369C0002339462046B370FFF7F9FE25B12A4661
S2140369D00121204603F07AFD2046F8BD08B503F0F2
S2140369E029FD103008BD08B503F040FD1038C0B2CD
S2140369F008BD0020ECF796B908B5ECF7F1FB0020CC
S214036A0008BD4088C0F30C00033080084000043003
S214036A10704770B50E4605461146304603F07EFDB8
S214036A20044635B128B103F005FD32462946E4F79E
S214036A3053FF204670BD0088B0FA80F040097047C7
S214036A4038B505880022044604F07DF905B1258093
S214036A5038BDF8B507460D4600880021164603F0F4
S214036A6021FDB042044605D129463846BDE8F84024
S214036A70FFF7E6BF0021204603F014FDB04205D021
S214036A802046002103F00EFD0446F3E72A4620467F
S214036A90002103F01BFD32462846BDE8F8400021DE
S214036AA003F014BDF8B5058807467DB1CCB2214680
S214036AB0284603F0F7FC8542064609D100233B80AF
S214036AC000222146304603F001FD35462846F8BD30
S214036AD0214603F0E7FC21460246284603F0F6FC6F
S214036AE0EEE72DE9F04707888246884614465FB3EB
S214036AF0384603F0BBFC3D460646E4B2214628462C
S214036B0003F0D0FC4045814616D1214603F0CAFC6B
S214036B1021460246284603F0D9FC474504D145459D
S214036B2008BF0025AAF8005000222146404603F07D
S214036B30CDFC3046BDE8F0878742FAD003F096FCDA
S214036B4030444D4686B2D9E73E46F2E7002201239B
S214036B50C0E900237047F8B504460127002603F072
S214036B60B5FE23683BB903F0ACFE00226368012B35
S214036B700ED16360F8BD1D691F61266003F0A1FE98
S214036B80012DF2D02B462D691E61012DFAD1E6E7C1
S214036B9019691A610B46EAE7036823B940680128B6
S214036BA003D0EDF765B8002070474FF0FF3070470D
S214036BB0F8B5054603F078FF012306460027A860CC
S214036BC02B7303F083FE2B6802467BB11C69216995
S214036BD0A1420CBF2F6019612761104603F071FEB6
S214036BE0012C08D0204663689847EAE76C68012CB6
S214036BF004D103F066FE00232B73F8BD6169711A96
S214036C00B1F1004FF5D8216969602361E5E70220F9
S214036C10704702207047002070470144884201D124
S214036C200120704710F8013B9342F7D000207047CD
S214036C3070B50146064692B00020EBF723FD0446E6
S214036C4070B9FDF7F1FF054601466A462046ECF7A4
S214036C505FF86A46294620468DF80260ECF70EFB7D
S214036C60204612B070BD00B593B0FDF7DDFF6A464F
S214036C7001460020ECF74CF89DF9020013B05DF8CE
S214036C8004FB00B593B0FDF7CFFF6A46014600202C
S214036C90ECF73EF89DF8000013B05DF804FBEBF745
S214036CA0FBBF012070477FB54FF6FF7101AAEDF7D2
S214036CB051FA20B1BDF80C0007B05DF804FB4FF69F
S214036CC0FF70F9E708B51046EEF70AFABDE8084084
S214036CD0EEF7C4BA704770477047704770477047FF
S214036CE07047704738B54FF6FF750D800C46F6F7BC
S214036CF0BBFA2080A8420CBF2D20002038BD0021FF
S214036D0000B593B06A460846ECF702F8BDF80600ED
S214036D1013B05DF804FB002110B592B004466A4632
S214036D200846EBF7F5FF00216A460846ADF806402D
S214036D30ECF7A4FA12B010BD002100B593B06A4672
S214036D400846EBF7E5FFBDF8040013B05DF804FB57
S214036D50002110B592B004466A460846EBF7D8FF02
S214036D6000216A460846ADF80440ECF787FA12B0ED
S214036D7010BD70472DE9F04F87B00C469146074685
S214036D80FFF73CFD0546661C304603F072FF042DF4
S214036D9040F090803846FFF721FE0378092203F07F
S214036DA00303012B14BF022303230121204603936D
S214036DB003F080FA092200210546204603F07AFAFA
S214036DC021788DF8170001390022204689B2FFF793
S214036DD020FE04EB09088346F0B14FF0010A2A4669
S214036DE00146CDF800A003980DF11703FBF7DDFE6F
S214036DF00228054626D1584603F038FB00222070A9
S214036E00C0B2431E00929BB252465946304604F027
S214036E1029F82378534423703846FFF7E5FC020429
S214036E2024D498F8013021789B071FD50139A1EBAC
S214036E3009013A464046C9B2F1F710F923781844D7
S214036E40207013E020B92070284607B0BDE8F08F05
S214036E50032809D1404603F00CFF20F4007189B2E1
S214036E60404603F008FFD7E70428D5D101250022C2
S214036E7020462178FFF7CDFD07460028E4D04FF0E3
S214036E8000080146434601224046CDF80080FBF742
S214036E908CFE022819D1384603F0E8FAC2B2013A4A
S214036EA0207093B2394601223046CDF8008003F0B5
S214036EB0D9FFC9E780F0800520F0800081B2304614
S214036EC0C5F3C01503F0D7FED1E70028BCD1207068
S214036ED0BAE708B50020FFF764FC80F00100C0B2F3
S214036EE008BD0A4608B501460020EDF781FBB0FA57
S214036EF080F0400908BD0020ECF7F4BA00210846EC
S214036F00EBF798BF0020FFF74ABC70B5044603F0C2
S214036F10B0FE042200210646204603F0CBF92044A7
S214036F2003F0A7FE032205460021204603F0C2F91C
S214036F30204403F09EFE4FF6FF730540ADB29D421C
S214036F4014D1F30712D506220021204603F0B2F926
S214036F50204403F08EFE0446EDF7BCFB844214BFC8
S214036F6002240624EDF7B0FB204070BD2046FBF755
S214036F70EDFFC400E4B2F5E708B5FFF7C6FF003837
S214036F8018BF012008BD0120704710B50446FEF760
S214036F901DFB08B9FEF71CFB03050FD40C231B2BA4
S214036FA001D1002009E020FA03F1C90703F1010229
S214036FB006D5DBB2E31A5842584110BD0B23F9E756
S214036FC01346ECE710B50C46098819B90846F7F7D7
S214036FD0A3FC2080012010BD08B510461A4600F019
S214036FE08CFABDE8084003F0E2BD70B504460D46D2
S214036FF0164692B06A46EBF78BFE6A46294620464B
S2140370008DF81F60ECF73AF912B070BD10B50C4658
S214037010EDF73CFF2046BDE81040EDF74DBE0129D5
S214037020F8B505460C461DD003291ED0052920D0E9
S214037030072922D00026002400270120EBF7BAFDFB
S214037040304485421DDA0320EBF7B4FD2044854225
S21403705019DA0520EBF7AEFD38448542B4BF0720A6
S2140370600520F8BD6FF00406E5E76FF00404052677
S214037070E2E700266FF00407DFE70024052726462D
S214037080DBE70120EDE70320EBE738B1437949005E
S21403709023F00C0301F00C010B434371704710B54A
S2140370A0044678B141794088490801F00601013168
S2140370B0000AFFF7B4FF024601462046FFF7E5FF46
S2140370C0104610BD0722FBE738B50D46EDF7CCFE9C
S2140370D0044608B9002038BDFFF7E1FF002DFAD1BA
S2140370E0237913F00703F5D0984238BF1846C0B289
S2140370F0F1E7EEF7C7B80022EEF7EAB9002101225E
S21403710008B5EEF7E5F9401A18BF012008BD38B5F3
S2140371101546FFF7F0FF0446284603F087FE84B1C2
S214037120FF2804D0626822FA00F3DB0701D50120AA
S21403713038BD0123834013436360E3780133E37070
S214037140F5E72046F4E7EEF71DBC10B503F072F939
S21403715000F11004204603F08CFD20F4007189B280
S2140371602046BDE8104003F086BD2DE9FF411546D5
S214037170019101218DF80D301B0A8DF80E309DF814
S2140371802C308DF80C008DF80F3028460423009120
S21403719003AA9DF828809DF830709DF8346001F0AE
S2140371A016FB044670B12946FFF762FBB8F1000FE1
S2140371B002D12046FFF7C9FF2FB146B93146204614
S2140371C001F0D0F80024204604B0BDE8F081002288
S2140371D020461146EEF75CFBF4E74FF47A70EEF7C1
S2140371E0B1BC08B5ECF758FDBDE808400020EEF743
S2140371F0AFBD00B58BB06846EEF780FC009BBDF8CC
S214037200060004A90693EEF71FFC0BB05DF804FB1B
S2140372101FB504466846EEF771FC02AB03CB20604D
S214037220616004B010BD1FB5062304468DF80C300C
S214037230EEF7E8FE00238DF80D00CDE900330121BB
S2140372400223204603AA01F0C2FA04B010BD38B5E3
S214037250002208210546FFF7E0FC044698B9FFF72D
S2140372604EFD22464FF6FF71EFF724F92846297C98
S214037270EEF79EFD287C6A69E989F0F799FCEEF73C
S2140372800FFD204638BD0120FCE770B50C460546C9
S2140372900120EFF79BFC237B4BB1FFF730FD014644
S2140372A023462A46BDE870400120EFF721B94FF682
S2140372B0FE71F5E7F8B50E460746FFF78FFB054662
S2140372C003F0D7FC00F44040B0F5404F14BF002253
S2140372D0062202F10A03EB5C0B325C0004F00E0498
S2140372E05B08144403F0380338461C44FFF77BFB63
S2140372F0844208D2001BC2B20F2A28BF0F22304690
S2140373002919E4F727FC2046F8BDECF7C5BC40F680
S2140373102740F0F7CBB9FF224FF6FF71F0F7FABA22
S21403732007B500210DF10700F0F72CFC9DF80700C8
S21403733003B05DF804FB13B5044601A90020F0F77B
S21403734021FC019A01462046F0F732FC204602B0A3
S21403735010BDF0B50F46002187B004460846164612
S214037360F0F710FC012305460DF10A008DF80840DE
S2140373708DF80930FFF74CFF092C1DD131460DF16E
S214037380120003F078FC05AB002102AA9B1A2846DC
S214037390CDE90011DBB2642101F019FA0546E0B12C
S2140373A0092C15D1F0F74EFC044688B12846F0F7B1
S2140373B05DFC204607B0F0BD31460DF113008DF895
S2140373C012704FF6FF7503F056FC0DF11503DBE75D
S2140373D0284600F014F80446EBE70446E9E738B518
S2140373E004460D4603F03CFD40B1AC4206D02046B1
S2140373F003F02DFDBDE8384000F0ACBF38BD10B536
S2140374000446FFF7EBFA023003F033FC4FF6F7734C
S2140374109842204603D9BDE81040F0F7A1BDF0F727
S214037420E1FDB0FA80F0400910BD0120704700224C
S214037430F0F7CEBC70B504460088FFF7CFFA0546D2
S214037440043003F016FC0646A81C03F012FC05469F
S21403745003F025FB3046F1F7ABFF30B92846F1F7CA
S214037460A7FF10B1284603F0FBFCA378002023F007
S2140374700F03A37070BD70B50546FFF7AFFA064657
S214037480284601F0C8F901462846F7F779FE044670
S2140374902846FFF7D7F94FF6F773984208D833789C
S2140374A003F00303012B05D1A31E5842584170BDB8
S2140374B00120FCE70020FAE741F2033330B585B03C
S2140374C00D46ADF808300446FFF719FC8DF80A00A0
S2140374D0FFF715FC0021000A8DF80B000523204654
S2140374E0CDE9001102AA8DF80C5001F070F910B125
S2140374F02146FFF79CFF05B030BD2DE9F041044659
S21403750017460D46E1B13F294FF0000600D1354638
S2140375102046FFF773F9082814D10121204602F00C
S214037520C1FF064602F0A2FF0446304602F082FF81
S2140375303B4601462A46E0B2BDE8F041FDF718BCDB
S2140375400126E5E72046FFF759F9024630B9BDE8BC
S214037550F0414FF6FF71012003F054BB2046FFF7BE
S2140375605EF9B0F5006F0ED12046FFF76BF94FF6C4
S214037570FF739842014617D0002D0CBF0320052049
S214037580002203F03FFB29462046EEF739FA68B996
S21403759029462046F1F7AAFE40B932462946204638
S2140375A0BDE8F041F0F762BE0120E9E7BDE8F081EF
S2140375B07047704737B54FF6F675FDF738FB431E31
S2140375C09BB2AB420446F8D8EDF74EFC0028F4D144
S2140375D069462046ECF76AFF0028EED0204600F006
S2140375E09AFE0028E9D12046FFF788FD0028E4D15B
S2140375F02046F1F7DDFE0028DFD1204603F030FCFD
S2140376000028DAD12046FDF71DFB0028D5D12046F9
S21403761003B030BD73B504460E46F1F7C9FE054602
S21403762088B92046F1F71EFF21462B460D224FF65A
S214037630FD70009500F0A1F83146204602B0BDE883
S2140376407040F1F7D1BE02B070BDF7B504460D46E3
S2140376501746FFF754FB0646002D3FD04FF6FB7345
S2140376609C423BD82046F1F7A3FE08B1A64235D08C
S2140376702046F1F79DFE10B1012003B0F0BD204671
S214037680FDF7E0FAC0B1A642F6D0F4B1694620464B
S214037690ECF70CFF0246C0B908216846FFF7BDFAAF
S2140376A098B9082269462846E4F710FC68B12946CB
S2140376B02046FFF7AFFFDFE7A642E6D12846ECF702
S2140376C063FF10B900F03DFED6E73FB121462846DA
S2140376D0EDF770FD21462846F5F7ACFD0020CCE714
S2140376E037B5054614460C2914D8DFE801F02C13E9
S2140376F02C13131307131313132424006946ECF7F0
S214037700D5FE18B901216846F5F792FE41202946B1
S214037710F8F7B2F9D4B12046FFF760F9023003F068
S214037720A8FA4FF6F773984210D9204603B0BDE87F
S2140377303040F0F7CBBC40F6144040F613430B2919
S21403774008BF1846E3E700F0EDFDE3E703B030BDFE
S2140377501FB50346084603218DF80D308DF80C102F
S21403776001230021ADF80E20CDE9003103AA04233E
S21403777001F02DF805B05DF804FB2DE9F34106464C
S2140377800F4614461D469DF82080FFF7B8FAB04210
S21403779007D100222146384602B0BDE8F041FFF784
S2140377A09FBF3A4631462046FFF7D2FFADF80600A4
S2140377B060B10D2C05D100224FF6FF71282003F08F
S2140377C021FA35B9BDF80600FFF719FE02B0BDE889
S2140377D0F0810123424629460DF10600ECF7B0F985
S2140377E0BDF80630002BEDD1F0E7F7B50C4605469D
S2140377F0FFF7F4F8611C06462846F7F7C1FCA11C00
S2140378000746284600F02AFF014604463846FDF799
S21403781047FA0D2F34D12046F1F7CAFD78B1301D53
S21403782003F027FA04462846F679FFF73AF8314676
S2140378300246204603B0BDE8F040FFF768BCB01C24
S21403784003F017FA4FF6F773984202D92846F0F773
S2140378503DFC2046F1F706FEFFF751FAA04205D19C
S214037860002003B0BDE8F040FFF7A2BE6B46B06849
S214037870F16803C369462046F1F7B6FD03B0F0BDD1
S2140378802A463946204603B0BDE8F040FFF728BF36
S21403789014220021E3F7CEBF2DE9F04F11F00F07B6
S2140378A004460E4615468FB05CD10120E1F740FC36
S2140378B009A8FDF7F3FA092309A88DF82430FDF784
S2140378C0F1FA09A8E1F706FC01A909A8FDF77BFC74
S2140378D026F00F08A84404F1100904F10F0A4545E1
S2140378E011D1236901A93344236109A8FDF750FC8C
S2140378F00020E1F71DFCB6F1005F28BF27273846B6
S2140379000FB0BDE8F08F05AA23469646944618683E
S21403791059680833ACE803004B456246F6D12B465C
S214037920224605F1100B53F8041B5B4542F8041B73
S214037930F9D1714609A8FDF72BFC09A8E1F7CAFBA4
S214037940224621460120E1F7AFFB013D631E13F8F3
S214037950012F15F8011F534582EA01021A70F6D16A
S2140379605D46BCE70227CAE7F0B5174685B005466D
S2140379700C46102200216846E3F75CFFBFB3C4B38E
S2140379800F2C04F00F0608D924F00F043A462146BC
S2140379902846FFF781FF40BB2744324639466846F0
S2140379A0E4F7D8F880222F6906F1100337446B44B6
S2140379B0B7F5005F03F8102C2F61C6F110061AD333
S2140379C0062E1FDDFB001A0E8DF80A201A0C5BBA72
S2140379D08DF80B20ADF80C306A4610212846FFF7C9
S2140379E05BFF00202B69103B2B6105B0F0BD3E46C4
S2140379F0D8E72646D6E7022E04DDFB005BBAADF8D1
S214037A000E30E9E76A4610212846FFF745FF2B6943
S214037A101022A3F11004002168462C61E3F70AFF45
S214037A20B7F5005F4FEAC403CDD2E7E770B50E465D
S214037A30054686B001A81446FFF72AFF32462946B4
S214037A4001A8FFF791FF2246054601AB05AE1C468B
S214037A5003CCB44210605160234602F10802F6D10B
S214037A60284606B070BDF1F755BD0A460021F1F76A
S214037A7051BDF0B58BB00C4601A9F1F74BFD054699
S214037A8080B325220021E01CE3F7D4FE0123A37074
S214037A900E23BDF810702380FA0510D523464FF445
S214037AA0877206AE23F8042B0DF1280C324603CA60
S214037AB0624518605960164603F10803F6D13B0683
S214037AC005D5238843F080032380069B636001ABC0
S214037AD003CB039BC4F81D00C4F82110A361F2F77F
S214037AE0FDFE606128460BB0F0BD30B505460C467A
S214037AF087B001A8FDF7D2F92868696802AB03C30B
S214037B009DF8113043F002028DF8112074B12288DB
S214037B10510644BF43F006038DF81130530542BFA8
S214037B209DF8113043F008038DF8113001A8FDF7D6
S214037B30B0FAB0FA80F0400907B030BD2DE9F34142
S214037B400F460546164602F091FC4FF00008C41B8C
S214037B50E4B2294623463A463046CDF8008003F081
S214037B6081F90121284602F09DFC88B101212846AF
S214037B7002F098FC074602F079FC0546C3B242467B
S214037B8030193946CDF8008003F06CF92544ECB281
S214037B90204602B0BDE8F0812DE9F04F85B00C46D3
S214037BA0054691461F464FF0010ADDF838809DF8DA
S214037BB03CB002F05BFC22463B4629460646CDF81F
S214037BC000A0484603F04EF95146284602F06AFCE8
S214037BD03C4418B35146284602F064FCF6B2B4425D
S214037BE0814610DAE7B2F31BDBB24046224629464B
S214037BF0CDF800A003935F4403F034F9039BBF1B47
S214037C00984407F0FF0B012300220E9349465B4678
S214037C10404605B0BDE8F04F03F024B95B46224664
S214037C202946CDF838A0F3E72DE9F041002686B0C3
S214037C30074608460C4615469846CDE9026604965E
S214037C408DF8146002F012FC411BCBB20D2B28BF3B
S214037C500D232A462146009602A803F003F942465E
S214037C6002A93846F1F7ACFD0646294620469DF89C
S214037C700820F7F799FA304606B0BDE8F0812DE9FB
S214037C80F04F0E46CBB00121054617461C4602F0C0
S214037C9009FC23463A462946814606A8FFF7C4FF51
S214037CA00DF1280A00EB070B5246314628465FFAC9
S214037CB08BFBFFF743FFB34503D200204BB0BDE871
S214037CC0F08FABEB06085FFA88F808F104039842D6
S214037CD0F3DB331F18440423C4B20193A31BDBB2A4
S214037CE00093524643460021CDF808A006A8E1F7C4
S214037CF08FF90028E1D1A4EB0B040AEB0803E4B2E6
S214037D00524628463146009301944346FFF744FF04
S214037D1039462846F7F734FA394600F0F80228467B
S214037D20F7F742FA0121284602F0BCFB002818BFE9
S214037D304D462846ADF8165002F098FB011FC9B20F
S214037D400DF1160000F04FFC0120B7E72DE9D841EE
S214037D50064600F060FD411C044689B2304600F03A
S214037D602DFD98B394B321463046F7F709FA00F091
S214037D700C03042B074629D000F00308B8F1020FC2
S214037D8000D11BBB384600F0B0FD3B060444A4B24A
S214037D9016D5611C304689B200F010FDB0B12146FD
S214037DA03046F7F7EDF9B8F1010F014600F003038B
S214037DB00CD0032B0AD0384600F0A6FD03199CB25C
S214037DC021463046BDE8D84100F0F8BC0020BDE8A7
S214037DD0D881F8B5064600F0E0FC05460446304672
S214037DE0FEF7FCFD43785B0718D5AC1CA4B221460E
S214037DF0304600F0E3FCB8B129463046F7F7C0F941
S214037E000746691C304689B2F7F7BAF91FB18742AD
S214037E1001D8FF2808D104EB4704A4B22146304614
S214037E20BDE8F84000F0CABC0020F8BD13B5044610
S214037E3001A8F1F71DFFBDF80430DA0710D49B073D
S214037E4007D410220021204602B0BDE81040E3F715
S214037E50F1BC224621461020FFF7E8FD0028F0D1AA
S214037E6002B010BD024608B5F1F72AFF510544BF1C
S214037E700838C0B2130544BF0838C0B208BDF0B511
S214037E80D30705460C468BB04AD5008800F0C3FCE2
S214037E9000230646029314B9CDE9034403AC00223B
S214037EA008212046FEF7B9FEA8B12888FEF796FDFE
S214037EB0023002F0DEFE21460746ECF7F7FA50B131
S214037EC0002240231146384600F005FA40F60945DD
S214037ED028460BB0F0BD31462888F7F751F910F065
S214037EE0030F0CBF01260026F1F758FB46EA4000B5
S214037EF0C0B200900021204602AB05AAF3F72AF988
S214037F000546F1F74BFB0028E2D0002DE0D0002118
S214037F102046009602AB05AAF3F71CF90546D7E7F9
S214037F2040F60A45D4E700231A46F3F77FB830B580
S214037F308BB005AD04462846FCF7B0FF022328465F
S214037F4001A98DF81430FDF73EF9234601AA14461D
S214037F5003CCAC4218605960224603F10803F6D1FD
S214037F600BB030BD08B50023024619461846F3F792
S214037F705DF8012008BD37B504466846F3F7CEF82A
S214037F80054648B1082221466846E3F79FFFB0FA44
S214037F9080F0400903B030BDFF2208212046FEF7DB
S214037FA03CFE034628B106212846FFF7BCFF012006
S214037FB0F0E722460146F3F739F8F8E707B56846CF
S214037FC0F3F7ACF810B16846FDF76CFA00F0010061
S214037FD003B05DF804FB0120F3F776BD704730B5B8
S214037FE00124054689B003A8FCF758FF01A88DF8BD
S214037FF00C40E1F7CDF89DF806209DF80730AA421D
S21403800009D0AB4209D103A88DF80D40E1F762F819
S214038010012009B030BD0024F5E70020F9E700226F
S2140380201021FEF7FABD70477FB50D4600F5823086
S2140380300D22694600F58070D5F744F86B462A464C
S21403804002AE1C4603CCB44210605160234602F1D4
S2140380500802F6D1206810602379137100236B732E
S21403806004B070BDF0B585B06A4605460B461646A5
S21403807001F10807144618685968083303C4BB425D
S2140380802246F7D118680D2220601B7905F5823049
S2140380903146237100F58070D5F740F805B0F0BD82
S2140380A038B504460D46E0F765FBA04205D92046E1
S2140380B02946FFF7B9FF002038BD2820FCE730B576
S2140380C0002485B08DF80040E0F754FBE5B2A842E3
S2140380D004D8F5F711F8002005B030BD69462846E8
S2140380E0FFF7C0FF0134EFE738B50446002002F07F
S2140380F0ACFEFF2805460FD002F0AFFE10F00100DD
S21403810009D0284602F0A9FE400840EAC17080F074
S214038110010000F0010038BD04F00100FBE7014652
S214038120F8B506460020F4F721FFFF2801D001200A
S214038130F8BDE0F70FFB00240546871CE0F70EFBAF
S214038140E3B2984201D80020F2E735F82430B34270
S21403815003D117F82430002BE9D10134EEE738B504
S2140381600D460121044602F09DF930B10121204657
S21403817002F098F92880012038BD20462C8000F0B4
S21403818020FC0130C0B2F7E72DE9F04788B0074678
S214038190894610460DF10A011D469046FFF7DFFF9C
S2140381A04FF0000ABDF80A6004463046CDE905AA3A
S2140381B0CDF81BA002F05AF9031BDBB20B2B28BF2A
S2140381C00B2322463146CDF800A005A802F04AFE4E
S2140381D048F21F039D4243D00BD885F40043012B7E
S2140381E015D923464246494628460097FDF7A7F980
S2140381F033E048F23A039D42F3D1FEF780FDB842DE
S2140382002BD02246414605A8FDF7CAF925E09DF87E
S214038210143013BBBDF81D40DDF81500DDF819104A
S21403822003AB03C3204603A9E0F798FC01222046CC
S21403823003A9FFF70AFAA74206460ED0012103A8B0
S214038240F5F7F6F848F201039D4206D12EB93346F8
S21403825032463946204600F058FC08B0BDE8F087A1
S2140382609DF81450002DF8D12F469DF81580023442
S214038270EAB24245F1D2D200D2B2224408233146B2
S21403828092B2009703A8CDE9037702F0EBFD03A8AB
S21403829000F074F802F0DBFD00F05CF80135E7E768
S2140382A010B50024418084800480C280038110BD01
S2140382B013B5BDF81040CDE900340023F5F786FB6F
S2140382C002B010BD13B5BDF8104001900094F5F749
S2140382D07DFB02B010BD07B500930123FFF7F2FF45
S2140382E003B05DF804FB0123F5F716BC38B5054665
S2140382F0EFF7A8FC0446E0F749FAA40144EA402055
S214038300284038BD7047704700207047FF207047ED
S214038310002070477047002070474FF6FF70704785
S2140383200020704770470020704770470020704752
S2140383307047002070470020704770477047002042
S214038340704770477047002070474FF6FF707047BE
S21403835017207047704770477047704770477047DD
S21403836001207047012070470020704700207047A7
S2140383707047704770474FF6FF7070474FF6FF70B1
S21403838070470020704700207047002070477047F2
S214038390002070472DE9F04F002785B081460C4634
S2140383A07E2039469846BDF83CB09DF844A0BDF8FB
S2140383B04C500192ADF80E7002F0B0F80646002855
S2140383C000F0AA8002F036F839467E22E3F732FA46
S2140383D0304602F02FF80090304602F02BF8B9F141
S2140383E0FF0F0CBF274644F003073B0A14F4406212
S2140383F0077043705FD14FF00808C31C1846424607
S2140384000199E3F769FA034604F44044434484B10C
S214038410790606D419464FEA1B2201F802BB5A70A6
S2140384200B46B4F5004F56D0A4F54042544254418F
S214038430E400224618460E99E3F74EFA009A0346DE
S2140384402044A0EB02085FFA88F89DB14FF47C52F3
S2140384501A53841C284601F0EDFF8346284602F093
S21403846005F8C5B22A4659462046E3F773FB60195A
S2140384700235EDB2B9F1FF0F2FD05246109900F82E
S214038480019BE3F767FB08F101015AFA81F12944DE
S2140384903046EBF7EBFA0C210022FF0007F08007CB
S2140384A010463943FEF778FAADF80E00E8B9002017
S2140384B005B0BDE8F08FB2F5006F80F803804FEA91
S2140384C0182880F8048000F1050314BF4FF008084D
S2140384D04FF0020892E70224ABE708EB0A012944AF
S2140384E03046EBF7C3FA0821D6E7304601F0A2FF81
S2140384F00446304601F0BAFF0123024621460DF139
S2140385000E00EBF71DFB0028D1D10121BDF8482052
S214038510BDF80E0001F0DAFFBDF80E00C8E710B58F
S2140385200C46098821B90846F6F7F6F9208008B103
S214038530012010BD0220FCE72DE9F04780460F46D8
S2140385400646002402F1FF39BC4202D219F8015F45
S21403855025B9A6EB080080B2BDE8F0879A46A5F1D8
S2140385603102012A5AF8041B10D83246322D02F87B
S214038570011B06D10134A4B2A74232D30912B21C9E
S2140385807170013453461646A4B2DDE7342D0CD180
S2140385900334BC42DDDA0B0A317073700B0C090E20
S2140385A0B370321DF170A4B2EBE7A5F13302062ACD
S2140385B00DD8303DADB22B19BB42CADA2A46304637
S2140385C0013CE3F789F915FA84F47219EBE7A5F190
S2140385D04102062A01D8373DECE79D8803F1080AD5
S2140385E0E9E71646B5E770B5054600880C4601F080
S2140385F03DFFA04228880AD201F038FF0023221A42
S21403860019462846BDE8704092B2EBF799BA214660
S214038610EBF72CFA002070BD38B5054601F00AFFCB
S2140386200446284601F022FF002201462046BDE804
S2140386303840FEF7EEB9F8B516460C461D46BDF8AB
S214038640187001F0F7FE0444304601F0F3FE3A4694
S21403865041192046BDE8F840E3F73EB970B50C462D
S214038660013189B20646F6F78BFD214605463046AC
S214038670F6F786FD00EB052080B270BD1FB501231B
S214038680ADF80C2000930A460223014603A802F025
S214038690E9FB05B05DF804FB0FB437B5069D002172
S2140386A0A8B201F03BFF044601F0C4FE2CB1002241
S2140386B007AB0193D1B28D4205D8204603B0BDE87F
S2140386C0304004B0704753F8041B81540132F1E77D
S2140386D073B504460D4640200021164601F01EFFE2
S2140386E0ADF8060001F0A6FEBDF8063013B900206B
S2140386F002B070BD402133462A462044FFF71CFFD4
S214038700211889B20DF10600FFF76DFF0028EED1A0
S214038710BDF80600ECE70EB403B503AA52F8041B33
S2140387200192FFF7D5FF02B05DF804EB03B0704784
S2140387302DE9F7430F4601218146164601F0B2FEA6
S214038740054658B1FFF768FF308088B9284601F020
S2140387508DFE68B1192003B0BDE8F083484601F0EA
S21403876085FEFF2FA0EB0704E4B214D014B93480BF
S2140387700020F0E72A4621462846FEF74AF98046B7
S2140387800028E7D03B464A4629460094FFF753FFA6
S214038790A6F80080ECE70120DDE708B5FEF71EF932
S2140387A0437803F001001A074CBF10300830DB068D
S2140387B044BF0830C0B21030C0B208BD10B50C4676
S2140387C001F054FEA04234BF0020012010BD7FB547
S2140387D014460091024641F2092141F609209DF80C
S2140387E020601D46002E18BF0146099B0020F6F7A1
S2140387F0EFFCADF80E0010B9002004B070BD0123E5
S2140388002A4621460DF10E00EBF79AF90028F3D11C
S214038810BDF80E00F1E738B50546FFF7BEFF044680
S214038820284601F023FE631C9BB283420FD82846DA
S214038830FEF7D4F843785B0707D521462846F6F7B4
S2140388409FFC013004EB4004E4B2204638BD00240C
S214038850FBE71FB5ADF80E0001F008FE0446BDF8B1
S2140388600E00FFF7D8FF00F10E03DBB2BDF80E20B3
S2140388700146E01A80B200901046FFF7DCFEA4F132
S2140388800E0189B20DF10E00FFF7ADFE04B010BD68
S2140388904278034612F0080006D0D20702D403F14A
S2140388A00800704703F10900704737B505460C46C4
S2140388B0FEF794F8437813F0100212D09CB103F03D
S2140388C001021B074FF000032946009320464FF092
S2140388D0080354BF1832203202F0C4FA012003B052
S2140388E030BD1046FBE72046F9E700F00303012BF3
S2140388F008D0C30606D400F00C000C2814BF0820CA
S2140389000920704702207047034611F0030005D084
S21403891003F00303022B14BF022003207047F8B5AD
S2140389200C46064601F0A2FD631C834202D90025CD
S2140389302846F8BD21463046F6F722FC0746FFF7E1
S214038940D4FF3B060546F3D50444304601F08EFDBE
S214038950A4B2631C9BB28342E9D821463046F6F79D
S2140389600FFC01463846FFF7CFFF2844C5B2DFE7C2
S21403897070B506460D46FFF7D2FF044610B900242D
S214038980204670BD29463046F6F7FAFB8206F7D531
S214038990304601F06BFD2544ADB26B1C9BB283429F
S2140389A0EDD829463046F6F7EBFB00F01803082B04
S2140389B014BF05340634E4B2830644BF0834E4B275
S2140389C0DEE738B50546FFF726FF044608B900205C
S2140389D038BD01462846FFF7CBFF0028F7D02044D2
S2140389E0C0B2F5E72DE9F04387B005460C46FDF720
S2140389F0F5FF804602F03DF907462846FFF70BFFD2
S214038A00064601462846FFF78AFF002203460092E1
S214038A102946324602A802F025FA9DF8086006F0B9
S214038A200C030C2B06F003090BD0B9F1010F59D038
S214038A30F10657D49DF809300DF10A05002063713D
S214038A4007E0FF230DF10900637102F012F90DF13F
S214038A500B05208198F80130DA0704D508F10200E7
S214038A6002F007F92081B9F1010F5FFA89F83DD0CA
S214038A70F3063BD4284602F0FCF86080A81C02F0FC
S214038A80F8F8053515F8013C208023712B78B006DD
S214038A90A37206F0400348BF43F02003390627D5E8
S214038AA043F40073F80448BF43F48063390548BFB2
S214038AB043F400633206E38011D56A7812F00302AA
S214038AC00DD06FEA43436FEA5343A978B8F1020F18
S214038AD0E3800B4611D1EB7841EA0321218107B0ED
S214038AE0BDE8F083FF230DF10905A7E7FF23CCE7D5
S214038AF07A0648BF43F48073D4E7012A04BF0B0207
S214038B009BB22381EBE7F7F715B80BB1F7F77EB8FF
S214038B100AB9F7F7F7B8FF21F7F720B8431C08BFE1
S214038B200020E4F73DB90000034B5868C0F3080083
S214038B30003818BF0120704700ED00E0014B1868AD
S214038B40704700BFB8660020084B1B6F03F007038F
S214038B50022B04D0032B05D0012B05D0FEE7044BD4
S214038B6018687047034BFBE70348704700800050C4
S214038B70B8660020C0660020002D310108B5FFF757
S214038B80E3FF054B1B6FC3F301330133B0FBF3F075
S214038B90024B186008BD00BF00800050B46600207A
S214038BA00048704700B4C40400487047002D3101E4
S214038BB0014B1868704700BFC0660020174A9368C9
S214038BC0C3F304430C2B0AD8DFE803F00B090909A7
S214038BD00909072119091B1D1F00114870470020AA
S214038BE07047936803F04073B3F1807F11D0B3F1FD
S214038BF0007F10D0002B0B4818BF002070470A4890
S214038C0070470A4870470A4870470A4870470A4838
S214038C1070470A4870470A48704700BF0040015A29
S214038C20405DC60000093D00C0EA210180BA8C0100
S214038C300048E801005A62020024F40080841E0003
S214038C4040420F00014B1868704700BFBC66002007
S214038C5007B500F065FC6A4600F0C2FC18B1472170
S214038C60034801F028FFDDE9000103B05DF804FBCB
S214038C70B1B703000229F8B596BF104B00245C5C1D
S214038C80012805460E4608D0022809D008B944F044
S214038C9002040B4B1F6837B9F8BD44F00804F8E725
S214038CA044F02004F5E77B681A68144203D0314683
S214038CB028465B6898473F68EDE700BF22520400EA
S214038CC00C3E002038B5104D2B78ABB10F4C2378F3
S214038CD01BB100F031FA00232370002001F0FEFEE2
S214038CE00B4C50B100F07AFA0023012120782B7048
S214038CF0FFF7C0FF0123237038BD0122054B1A700E
S214038D002278054B1A70F7E7D45C0020D25C00206B
S214038D10D95C0020D55C0020D65C00200E490B7879
S214038D20FF2B01D198B170470BB990B97047002853
S214038D3014BF0122FF2213440B7060B1074B1B784C
S214038D40012B08D9064B1B782BB9FFF7BBBF1A4676
S214038D50F1E70122EFE77047D85C0020D95C0020DA
S214038D60D55C002010B501F0A4FD064B04461B7825
S214038D701BB1BDE8104001F097BDFFF7A3FF2046E7
S214038D80F7E700BFD15C002002282DE9F04147D069
S214038D9029480378FF2B41D1002941D11A461344B1
S214038DA0DBB2037000293BD0244E3278012A37D930
S214038DB0002B3ED001F07DFD214F04463B780BB3DC
S214038DC0204D2B781BB901222A701F4A1370DFF837
S214038DD07C8098F8003023B100F0AEF9002388F8C1
S214038DE00030204601F060FD012001F077FE01F01F
S214038DF060FD2B7804461BB100F0F0F900232B70BE
S214038E0000233B70204601F04FFD01243078A0423A
S214038E1006D02146FFF72EFF347001E013B931B9AF
S214038E20BDE8F081002914BF0122FF22B7E7012223
S214038E30B5E70224EAE700BFD85C0020D95C00202F
S214038E40D45C0020D15C0020D55C0020D25C0020DE
S214038E502DE9F04385B0EFF3108572B6AFF30080CB
S214038E6001F011FF002800F09280624E624F3378C3
S214038E7023B10020FFF752FF00233370387878B908
S214038E8003A900F01DFB044650B95C4B039A1B680C
S214038E909A4200F284800120FFF740FF01233370DB
S214038EA03B78002B40F09980554B1B78002B00F045
S214038EB091804FF00208534CDFF8689120784045C4
S214038EC007D099F8003013B94146FFF7D3FE84F86C
S214038ED00080B8F1020F0FD1DFF8248198F8003034
S214038EE053B9494B1B7823B900F020F90122474BAD
S214038EF01A70012388F80030207800F0F7F899F804
S214038F00003013B1424B1B782370AFF30080284622
S214038F1001F0DFFDEFF3108572B63E4B1A7852B1BF
S214038F2000221A703A4B20781B78984203D101210D
S214038F302170FFF79FFE384800F082FA01F0B7FE73
S214038F408046002893D12E4F3B789BB189F80000CA
S214038F50DFF8B89099F800301BB100F0EDF889F807
S214038F600080002001F0BAFD002839D000F036F961
S214038F7000233B70337823B10020FFF7CFFE002396
S214038F80337000212078FFF775FE00232370AFF3BC
S214038F900080284605B0BDE8F04301F09ABD1F4B9C
S214038FA0D3F8008000F048F9039B80449845BFF44B
S214038FB072AF00F03BF98200039942F0020292B2CC
S214038FC0CDE900422346164AA1EB0801124801F0F8
S214038FD087FD65E700F09CF86BE74FF001086AE74A
S214038FE0012000F083F8284601F073FDEFF31085A7
S214038FF072B6B6E7D35C0020D85C0020143E00208F
S214039000D45C0020D95C0020D75C0020D25C002012
S214039010D65C0020CF5C0020183E0020103E0020C7
S214039020658D0300D55C002010B501F042FC0022DC
S214039030054B1C781A7001F037FC00F005FBE4B210
S2140390402043C0B210BD00BFD05C002038B501F08D
S21403905030FC094B05461B78012B04D801F024FC91
S2140390600024204638BD054B1C6800F0E5F8044490
S214039070284601F019FCF4E7D95C0020103E0020D6
S2140390801549164A0B6F10B503F007031360144A0D
S214039090144C9269032B02F00200C2F340022270C2
S2140390A017D0D1F8203103F00703022B11D0D1F8E3
S2140390B0803203F001030C4A137048B143B9064BE0
S2140390C0D3F8003103F00303591E4B424B41137090
S2140390D010BD0123EFE700BF00800050743E002060
S2140390E000C00150DE5C0020DF5C0020012805D0B4
S2140390F00238012808D80020D1F7EEBA034A1369CC
S21403910023F00403136130BF704700BF00ED00E097
S214039110044B054AD3F8203103F007031360F8F72E
S214039120EFB900BF008000507C3E00200122014BB7
S2140391301A707047DD5C0020F8B51F4B1B78002BB8
S21403914039D01E4C2378B3B91D4B9A6DD10302D583
S214039150DA6D92072FD49B6DDB072CD401F003FD49
S214039160184B194A1860136F23F0070343F00303E1
S2140391701367FFF703FD01F0F6FC124B134D1B6854
S214039180134EC01A2B78134F56F8232046F82300A5
S214039190111A3A681048521A0A213A600932B2FB89
S2140391A0F1F20133DBB20260B3FBF1F201FB1233DF
S2140391B02B7000232370F8BDDF5C0020DC5C0020EE
S2140391C000C000506C3E002000800050DB5C002096
S2140391D0443E0020403E00203C3E002008B5F8F701
S2140391E090F90D4A0D49136F096823F007030B43E3
S2140391F013670B49D2F82031096823F007030B43A2
S214039200C2F82031074B1B7813B10122064B9A6232
S214039210BDE80840FFF7B2BC00800050743E002053
S2140392207C3E0020DF5C002000E00050014B1878F5
S214039230704700BFDF5C0020054B187818B1054B5C
S214039240186800EBD000044B1B681844704700BF37
S214039250DF5C00203C3E0020703E002008B50D4B2E
S2140392601A7892B100221A700B4A136F23F0070381
S21403927043F001031367D2F8203123F0070343F0CA
S2140392800403C2F82031FFF779FC0122034B5A6727
S21403929008BD00BFDD5C00200080005000E00050E9
S2140392A00D490B68A0B10022A3B1834203D18368A2
S2140392B022B90B6003E01A469B68F5E79360836860
S2140392C00BB9002070475A6941690A445A61F8E7A6
S2140392D02220704702207047883E002010B501F018
S2140392E05EFC0A4C0A4B19682368C31A09B9206046
S2140392F010BD002BFBD04A699A423ABF9B1A002244
S214039300D21A4A6128BF00238968EFE7843E00200B
S214039310883E002038B5154D2B682BB35B69B3B177
S214039320134A022014681C4400F088FA204600F012
S21403933047FA00220F492B680A70012A05D823B181
S214039340D88880070AD501230B70002038BD022079
S21403935000F074FA022000F093FAEAE79B68002B09
S214039360F3D058690244E8E72220EFE7883E00205E
S214039370843E0020E15C0020C38870B504460D4699
S2140393803BB9FFF763FE8542064602D2F9F734FA85
S21403939035460E4A656113689BB91460A3600FE0F7
S2140393A02D1A986819466561034618B15869A8428C
S2140393B0F6D941B18C60A36013B15A69521B5A6146
S2140393C070BD0021F2E71460F5E700BF883E002079
S2140393D070B516469DF81420C0E903360271049A48
S2140393E0BDF818300260002204460D468260C38032
S2140393F006BB01F0D4FB2844A0613DB9E368656170
S21403940013B120462168984796B1354601F051FAC4
S2140394100646FFF763FF29462046FFF7ADFF074BD7
S2140394201B68A34201D1FFF775FF304601F03CFAF3
S214039430002070BD01F0B3FB3044DDE7883E00201A
S214039440F8B50546D0B101F034FA0646FFF746FFF5
S2140394500B4B28461F68FFF723FF044620B1304610
S21403946001F022FA2046F8BDAF42F8D1FFF752FFCB
S2140394702228F4D1022000F0EDF9F0E72224F1E7E8
S214039480883E002038B50C460546A8B1A1B1002396
S2140394900B7001F01BFA0121084B1B6833B901F06E
S2140394A010FA002038BD9D4204D121702278002A8C
S2140394B0F9D0F4E79B68F1E72220F3E7883E002023
S2140394C0F8B506460F4601F001FA00250446124B8E
S2140394D01B6823B9204601F0F4F91B2011E05A69F2
S2140394E01544DA88B2420DD101F059FB0B4E3368AE
S2140394F0C01AA8420AD3002320463B6001F0E1F9D4
S2140395000020F8BDFF2EEFD09B68E2E701F047FB93
S21403951033682B441B1AEFE7883E0020843E002066
S21403952070B501F0D3F9064601F039FB084B044643
S21403953001201D6801F023FB18B101F030FB04463F
S2140395400135304601F0BDF92046294670BD00BFFF
S214039550903E0020014B1868704700BF8C3E0020E9
S214039560F8B50C4B05461B680E4683420FD3002402
S21403957040F2E7302146084B4FF47A721F68002307
S214039580E5FB0701E1F7EAFD30602046F8BD212040
S214039590FCE700BF803E00208C3E00200F4B10B53A
S2140395A01A689AB14FF47A71531E1342A0FB010155
S2140395B00ED1B2FA82F2C2F11F04531CD243E0402A
S2140395C001FA03F3184321FA02F20243104610BDD0
S2140395D00023E1F7C3FD0246F8E700BF8C3E0020F8
S2140395E038B5164B14468342154B8B4123D3154B84
S2140395F01A6802B34FF47A75A0FB050305FB013125
S214039600531E134211D1B2FA82F3C3F11F055A1C3B
S214039610DB4301FA02F2E84021FA03F3104318434E
S214039620E940C4E90001002038BD0023E1F796FDB8
S214039630C4E90001F7E72120F6E700BFEFA7C64B12
S214039640378941008C3E002010B501F03FF9034BEB
S2140396501C7801F036F9E4B2204610BDE05C002029
S21403966008B5084B1B7803F0FF004BB101F07BFAFB
S214039670054B1B689B69C01A02288CBF002001207B
S21403968008BD00BFE15C0020883E0020C2072DE92C
S214039690F843044607D5474A136801331360FFF7B8
S2140396A01DFEFFF737FEA30740F1818001F00EF998
S2140396B04FF0000805464646FFF710FE3E4F3C684F
S2140396C00CB16369A3B100223C4B012E1A7003D17F
S2140396D018F0020F18BF1E70FFF71CFE222802D1D7
S2140396E0022000F0B7F82846BDE8F84301F0E9B8D1
S2140396F023465A693AB91A792179914288BF1C469A
S2140397009B68002BF5D1284601F0DBF8D4F81080CF
S214039710B8F1000F3FD001F042FAA269851AEB17A1
S214039720454573F1000337DB23691344A361012323
S2140397302269CAB1C3B9A38BB8EB050833B1E28B70
S21403974013449BB2B3F57A7F1CD2E38301F0BEF8D1
S214039750054641462046FFF70FFEA36922692846C1
S2140397601344A36101F0ADF8E36813B12046216802
S2140397709847B4F8068001F0A9F801360546FFF7C6
S214039780ADFD9CE7A3F57A73E383A36918F1FF386D
S214039790013BA361DAE7454601F098F88146204687
S2140397A0FFF77EFD484601F08CF80023C0E7BDE8CE
S2140397B0F88300BF903E0020883E0020E05C002037
S2140397C010B5044601F075F84FF0B042936A1907D6
S2140397D0FCD4136A116C5269120704D4CA1A032AFA
S2140397E001D899420ED1E21A022A98BFDC1CB4F1C2
S2140397F0FF3F38BF013C4FF0B04308221C6403F51B
S21403980080539A6101F050F8054A13783BB14FF044
S214039810B041CB6B43F00203CB630023137010BD40
S214039820236C002007B5044B01A9187901F0E7F86B
S214039830019803B05DF804FB6050040000F00103D8
S2140398408207034A48BF43F008039361704700BF8B
S21403985000100058820700F001030AD50121064ACA
S21403986043F0080311704FF0B041CA6B22F00302B5
S214039870CA63024A93617047236C00200020005895
S214039880830742BF0822014B5A61704700100058F5
S21403989073B502AB164603E90600044600F052FF12
S2140398A00546204600F05EFF9DF800208DB1202C73
S2140398B033780ED8012B2ED84FF6FF752D4803EBC1
S2140398C04313234430F81310A94202D0013120F881
S2140398D01310294B294E33F8141036F8140081421E
S2140398E032D34FF6FF75A9424FF0010502D001317E
S2140398F023F8141004F0FD01092927D1998AB68AA2
S2140399000A44B242B4BF9A829E8233F8143083422A
S21403991027D202B070BD022BDBD14FF6FF704FF695
S214039920FF75144B33F81410814218BF013104F14C
S214039930210018BF23F8141033F81010A9421CBFD7
S214039940013123F81010C4E70025D0E71D2CDCD125
S214039950598F8E18864203DA01390A445A87D4E7A8
S2140399605887002DD5D1204602B0BDE8704001F0DF
S21403997031B900BFE8580020C05900206C590020B8
S21403998038B50D46044600F0A1FF064A13889BB27D
S2140399902DB123431380BDE8384000F092BF23EA7D
S2140399A00403F7E7C65B00200022034B01214FF4B4
S2140399B080701A70FFF7E4BFF262002008B5054B0B
S2140399C01868FCF72EFE00F00300C31E58425841E9
S2140399D008BD00BFE055002038B5044601F098F9ED
S2140399E00C4B05461978187981420FD0631E082B55
S2140399F00CD8DFE803F0050D0B0D0B0D0D0D0D0058
S214039A0000220146044B1868FCF709FE284638BDB9
S214039A100022F7E7516C0020E055002038B54FF0E0
S214039A20FF300C46FFF77AF80A4B05461868FFF72F
S214039A3075F8641B241A20B210F1630F06DB10F1CD
S214039A40240F05DA64308000C0B238BD0020FCE77E
S214039A50FF20FAE7E055002008B5134B1B78062BCA
S214039A6004D040F62101114801F025F8104B1B885D
S214039A701B0704D440F622010C4801F01CF80D4BDA
S214039A802A201978FFF7A8FF00210820FFF778FFA0
S214039A900222094B1A70094B1868E8F777FBBDE8F2
S214039AA0084001F084B800BFF2620020D44C0400E2
S214039AB0C65B0020EF620020806C0020E05500208B
S214039AC010B50E4C236823B940F6A3410C4800F0AA
S214039AD0F2FF2068013001F0CCF800F007000328FD
S214039AE00AD1246809220121204600F0E3FB205C0A
S214039AF0031F5842584110BD0020FCE7D0550020F4
S214039B00D44C040038B50C4640B100210420FFF7BE
S214039B1037FF01F04CF8012C1DD038BD244B1B88B1
S214039B209B07F6D50129234A2FD1117869B301394A
S214039B30C9B2117011B92020FFF722FF00210220BD
S214039B40FFF71EFF04221C4B00211C481A7000F06E
S214039B505DFD01F02CF81A4C2068013001F089F8FD
S214039B6000F44060B0F5006F1FD124680121042281
S214039B70204600F09FFB204401F07BF80146BDE839
S214039B8038400022202001F03DB800210D4D022070
S214039B901170FFF7F5FE2B78FF2B04D040F2996186
S214039BA0094800F088FF2C70B3E74FF6FF71E6E72D
S214039BB0C65B0020F1620020F2620020C869002024
S214039BC0D0550020816C0020D44C040038B5134CCB
S214039BD005462388580709D5FFF7F0FE01460720F8
S214039BE0FFF7FAFEFF210120FFF78CFF2388990772
S214039BF00BD50B4B284619788A1F51425141FFF764
S214039C00EBFE01210020FFF77DFF23881B0703D50A
S214039C10BDE83840FFF720BF38BD00BFC65B002055
S214039C20F2620020F7B5124CD4E9006586EA020C0E
S214039C3085EA03070CEA000C0F405CEA070E15D012
S214039C4086EA0C067D40C4E90065CDE900230B4691
S214039C50084902460868FCF7A6F838B14FF4FD71C8
S214039C60054803B0BDE8F04000F025BF03B0F0BDE3
S214039C70A8150020E0550020D44C040008B50A4B74
S214039C801B88DB0604D440F64701084800F013FFA0
S214039C9000211020FFF774FE002000F06BFBBDE8E8
S214039CA0084000F084BF00BFC65B0020D44C04000D
S214039CB02DE9F04F5706804614461D4691B005D54C
S214039CC0FFF77CFE01460120FFF786FEEE0403D570
S214039CD000212D20FFF780FEA00224D54046FCF786
S214039CE04CFD0146F8B94020FFF74AFE40460AA954
S214039CF0FCF720F9B8B99DF83030022B40F0D98034
S214039D00BDF8280001F0A3F8FF2808D14046FCF769
S214039D100FF940B901214020FFF732FE03E001F0BE
S214039D209AF80028F2D1A10305D5FFF747FE0146AE
S214039D300320FFF751FEE20104F0807640F1C08075
S214039D40854B1B889B072DD5844E3068FCF787F818
S214039D5040BB834B834F18703B78FF2B04D040F2F5
S214039D605761814800F0A7FE4FF00009002102204A
S214039D70FFF706FE87F800907C4F3B78062B07D14B
S214039D8001210820FFF7FCFD49462820FFF724FEA3
S214039D903B78052B06D100212B20FFF71DFE3068EC
S214039DA0E8F7F4F900F003FF220717D56B4F0321FA
S214039DB0386805AAFCF76DF8064620B940F2C96173
S214039DC0694800F078FE9DF81430072B00F0D08029
S214039DD0FFF7F4FD01460420FFF7FEFDE10505D578
S214039DE0FFF7ECFD01460420FFF7F6FD14F4863F6B
S214039DF005D0FFF7E3FD01460220FFF7EDFDA201C4
S214039E0013D5FFF7DBFD01460820FFF7E5FD00212C
S214039E100420FFF7B5FD554B1B78012B03D14F4BA1
S214039E201868E8F7B3F900F0C2FE14F0084F09D03B
S214039E30FFF7C4FD01460720FFF7CEFDFF210120F3
S214039E40FFF760FEA30009D5FFF7B8FD014606201D
S214039E50FFF7C2FDFF210120FFF754FEA70705D534
S214039E603D4B1B881E0701D5FFF7F6FD6C0603D591
S214039E7000210A20FFF7B0FD280602D50120FCF7D3
S214039E808DFCE90540F1858140460AAA05A9FCF741
S214039E90C4FB9DF81430222B00F06D8100F2828102
S214039EA0152B40F26A8140F60A112F4800F003FE94
S214039EB06FE1032B7FF437AF0AA800F0C4FF30E747
S214039EC005F0020756EA07030DD0284B262019781B
S214039ED0A1F1060EDEF1000141EB0E01FFF77CFD5A
S214039EE00121304611E004F0805656EA07030FD0EE
S214039EF01E4B26201978A1F1060CDCF1000141EB7C
S214039F000C01FFF769FD02213846FFF7FBFD4BE71F
S214039F1004F0884151EA060309D0144B2720197828
S214039F208F1F79427941FFF757FD0221D9E705F0E4
S214039F3008030B4302D02320FFF74EFD680703D523
S214039F4000212420FFF748FDE9077FF52DAF002108
S214039F502520FFF741FD27E7C65B0020E0550020DC
S214039F60F1620020816C0020D44C0400F2620020D1
S214039F70314638680AAAFBF792FF20B14FF4DA613C
S214039F809E4800F098FDBDF81630386802330AA9DB
S214039F90ADF82C30FBF785FF20B140F2DF61974820
S214039FA000F089FD0023009331460423386804AA91
S214039FB0FBF779FF042804D040F2E4618F4800F0F1
S214039FC07AFDDFF8589299F80030C3BB0DF1110003
S214039FD000F04FFE00F00700022830D1FFF7EEFC3A
S214039FE001460920FFF7F8FC854B1B78062B23D187
S214039FF0844B9DF813201B789A421DD19DF835306B
S21403A00023B940F2FA617D4800F055FD0DF11100C9
S21403A01000F02FFEC0F3001631462920FFF7DCFCC4
S21403A02000210820FFF7ACFC774B1E70FFF748FDB6
S21403A03010B93868E8F7AAF800F0B9FDCEE6BDF81F
S21403A04016000121083080B200F068FA039030B998
S21403A050FFF7B4FC01460420FFF7BEFCECE700F074
S21403A060E9F905AA014606463868FBF724FF99F87E
S21403A07000A0BAF1000F22D106F1010B584600F0FA
S21403A080F8FD83065AD53868FCF777FB0746FFF7D3
S21403A09095FC05370146F8B2FFF79EFC584600F0DC
S21403A0A0E8FD00F007000328584F2DD001210420B7
S21403A0B0FFF766FC4FF0FF30FBF71CFF386000220B
S21403A0C05349BDF816300978F718F1549DF8363021
S21403A0D0BB709DF83730FB700A9B190E3971190C4B
S21403A0E07971FB71190A99F80030B97123B973783D
S21403A0F092B343F020037370002000F069F9787080
S21403A100039800F071FA97E701210922304600F020
S21403A110D1F8305C01210428C9D1FFF731FC4FF098
S21403A120FF30FBF7E7FE3B4B38601B885806C6D567
S21403A13051464020FFF724FC0122C1E7FFF73EFC0F
S21403A14001460920FFF748FC2D4B1B78012BB6D19F
S21403A1503868E8F71BF8B2E723F02003CBE70122C1
S21403A1607E33DBB202FA03F313F00A1F31D113F086
S21403A170011F3FF498AE27202CE0012202FA03F3D6
S21403A180254A1A402ABB13F0041FF4D1DA077FF5D9
S21403A1908AAEAB052FD50121802011B0BDE8F04F64
S21403A1A0FFF7EEBB652B1AD8622B12D8452B0CD8BB
S21403A1B0422B0ED8352B06D8322B0AD8252B08D996
S21403A1C0322BD8D06FE6422BFBE7552B05D8522B04
S21403A1D0F7D92620FFF7FAFCDBE7622BF1E7952B8E
S21403A1E03FF661AE812BBAD8722BC4D0733B022BD9
S21403A1F03FF659AEEDE711B0BDE8F08FD44C04003E
S21403A200F2620020EE620020806C0020CC55002015
S21403A210826C0020C65B00203A003800F5620020FE
S21403A220024B1878B0FA80F040097047F2620020BB
S21403A23008B5064B4FF0FF311868FCF714FA0028F0
S21403A240B8BF033040F3870008BD00BFE0550020C9
S21403A25008B5074B1868FBF73BFD30B1054BB3FB5E
S21403A260F0F083B20BB1184608BD0120FCE700BF2F
S21403A270E055002040420F0038B510200C4601215F
S21403A280FFF77EFB064B1D68FFF7E2FF012200FB8C
S21403A29004F1044B2846FCF7CBF9002038BD00BF79
S21403A2A0E05500207D9C0300014800F004BC00BF7D
S21403A2B0EE4C0400032A70B5144602D82C4B985C67
S21403A2C070BD81F0010519B90D2A07D1FF20F7E704
S21403A2D00D2A03D100780538C0B2F1E7084400F030
S21403A2E0C8FCC5F1040110F440660246C9B209D1A0
S21403A2F0042C0846E4D0052C16D112F0400F18BFE4
S21403A3000846DDE7C5F10603042CD8B2D8D0B6F567
S21403A310006F03D1C5F10805E8B2ECE7B6F5406F68
S21403A320E9D1C5F10E05F7E712F4404107D1062C33
S21403A330C6D0072CC4D0082C13D10130CCE7550661
S21403A3405CBF831CD8B2062CBAD0B1F5004F02D13D
S21403A350831CD8B2EDE7B1F5404FEAD100F108030C
S21403A360F7E7130744BF0530C0B20C2CA8D9ADE7F6
S21403A370C0980400AC2370B5094C054603FB0043A4
S21403A3805E6D26B940F2FD31064800F094FBAC231F
S21403A39003FB0544002363653346BDE87040184756
S21403A3A0E45500202B4D040010B40C461146AC2295
S21403A3B0064B02FB0033586D20B95C655DF8044B11
S21403A3C0FFF75ABF02205DF8044B7047E4550020A0
S21403A3D0AC22034B02FB003393F8A800704700BF80
S21403A3E0E455002028B1034B1B68C01A4010013007
S21403A3F080B27047A456002030B1044B00F10040F1
S21403A4001B68013803EB4000704700BFA4560020CA
S21403A410064B1B68834206D8054B1B68834294BFD2
S21403A4200020012070470020704700BFA45600207C
S21403A430A056002010B5044608B9002010BD00F051
S21403A44075FC20B940F2CD41074800F034FB2046A6
S21403A450FFF7D2FF0028F0D00388DB0B14BFD0F839
S21403A4600A000830EAE700BF024D040010B508B939
S21403A470002010BDFFF7C0FF044600F04EFC20B9D5
S21403A4804FF49D61064800F016FB002CF0D023889D
S21403A490DB0B0ABF60882089C0F30C00E9E700BF26
S21403A4A0024D040038B5FFF7A7FF0D46044650B12A
S21403A4B000F033FC20B940F24151034800F0FBFAA8
S21403A4C0023534F8150038BD024D040070B5FFF7A9
S21403A4D093FF0C4616460546B0B100F01EFC20B9A5
S21403A4E040F24D510C4800F0E6FA3046FFF784FF81
S21403A4F000F013FC20B940F24E51074800F0DBFA97
S21403A500023425F8146070BD40F25251BDE8704025
S21403A510014800F0D0BA00BF024D04002DE9F8430D
S21403A5200746884600F069FB20B940F28E512A4858
S21403A53000F0C1FAFC1CA408284B64000434B7F5E9
S21403A540005F1E68A4B204D340F29551224800F07F
S21403A550B2FA00F0BBF9224981460B687BB9214B5E
S21403A5601D68761BC6F34F06B44227D90025484616
S21403A57000F0A7F92846BDE8F843FFF733BFB8F164
S21403A580000F11D0174A15685A1BC2F34F029442A4
S21403A590ECD81448620005EB44040460B8F1000FDD
S21403A5A00FD113440B600CE0F61AC6F34F0676B9C8
S21403A5B040F2A651084800F07EFAD7E705EB4404BC
S21403A5C01C6000236F80AB80EB802B80CFE7B44208
S21403A5D0CCD8044A1568DCE7024D0400A8560020D0
S21403A5E090560020A056002038B5054600F06EF9B8
S21403A5F0044629460448002200F0A5FB2046BDE891
S21403A600384000F05EB900BFCC5B002082684B4B3D
S21403A6102DE9F0419A4204460E46056815D121B14C
S21403A62040F21311464800F046FA00F04FF923694A
S21403A6301BB92B682BB924612C60BDE8F04100F0F0
S21403A64040B91A6922611C61F6E700F02DFA8046CC
S21403A650FEF76AFA20B14FF49571394800F02BFAE9
S21403A6606FF000439E4221694BD22B7B08EB060218
S21403A670002B4DD0AB6893424AD1531C002949D0D6
S21403A6806169994242D01EB9521AB2F1004F3DD9C0
S21403A690636123696E689C4203D19D21284800F0BC
S21403A6A00AFA2F460023B4420BD0002B41D172691D
S21403A6B06169891AB1F1004F32D83269374694423C
S21403A6C02CD12269BD420CBF6A603A617BB9266908
S21403A6D0B44203D1B8211A4800F0EDF93B46012EE7
S21403A6E005D062697169521AB2F1004F23D99D42AF
S21403A6F00BBF6B681A69236122610CBF6C601C6117
S21403A70004E0434431B162699342C1D1BDE8F081AC
S21403A7101346B3E76A6822616C60B9E71646C6E774
S21403A720A8EB0202B2F1004FC7D93B46374636695B
S21403A730B9E71F46F9E733463669D0E7653C0200BA
S21403A740164D04000823064A12F8011B814205D061
S21403A750013B13F0FF03F7D11846704701207047FB
S21403A760719904000823064A12F8011B814205D09A
S21403A770013B13F0FF03F7D11846704701207047DB
S21403A7806999040010B5082207490446E1F79EFBC1
S21403A790B0FA80F04FF6FF732289400940009A42D0
S21403A7A008BF40F0010010BD8299040030B504468E
S21403A7B00D4685B002B9084A1068516801AB03C359
S21403A7C001AB03CB20602046ADF80C501B886160BC
S21403A7D0238105B030BD00BFD6D50300002270B577
S21403A7E00A4B1C780A4BD5B2AC4202D800200C7038
S21403A7F008E01E880132864205D30D701B881B1A9B
S21403A8005842584170BD1233EDE700BF6F62002017
S21403A8106C5B002010B5164B187860B1154C236896
S21403A820CBB14FF4707200201349FFF7BDFD2368C8
S21403A830013B236010BDFFF7FBFC1049104A91F95A
S21403A8400040136884420B4C03F101031360236832
S21403A850B8BF087053B90B4800F09DFA0028E9D139
S21403A860BDE8104001460748FFF7D0BE0822DAE7E6
S21403A870426300201C57002015A803003D630020F8
S21403A88014570020946B0020054B1B682BB9054B0F
S21403A8901868003818BF012070470120704700BFB2
S21403A8A00C5700200857002010B962B6BFF36F8F0D
S21403A8B07047EFF3108072B67047302383F3118826
S21403A8C0704780F31188BFF36F8F7047EFF31180E3
S21403A8D0302383F311887047002070474FF40040FD
S21403A8E070474FF47A7070470122417803788A40A4
S21403A8F030214B4341F2100103F1A04303F57033BB
S21403A9005A507047B0F5802F24D010D8B0F5003FCA
S21403A91022D006D828B3B0F5803F14BF01204820C4
S21403A9207047B0F5403F14BF01202C207047B0F5A8
S21403A930302F13D008D8B0F5E02F11D0B0F5202F64
S21403A94014BF012010207047B0F57F0F14BF0120FD
S21403A950062070474B2070472A2070471120704707
S21403A9602120704708B570B100F022F84FF09843E5
S21403A9705A6CD202FCD5586D10F4702004D0BDE892
S21403A9800840FFF7BFBF212008BD08B528B128221D
S21403A9900021E0F74FFF002008BD2120FCE7036AF3
S21403A9A0042B9FBF00EB83020133D1600362704721
S21403A9B0036A052B14D84FF09842116CC902FCD5D4
S21403A9C004339B0013650168103B116041681160F6
S21403A9D050F8081F11604FF098420344984200D184
S21403A9E0704750F8041F1160F8E7836813B9816055
S21403A9F070475B685A68012AFBD15960704709B1F2
S21403AA0000F008B822207047012100F046B8002164
S21403AA1000F043B870B506460D46FFF757FF0446E9
S21403AA201D2E37D8DFE806F00F18361C1E203622F8
S21403AA30243636362628362A2C2E30363636363404
S21403AA40363636363632FEF77FF80026286020463E
S21403AA50FFF737FF304670BD0120CFF7D7FBF4E78B
S21403AA600320FAE70420F8E70C20F6E70220F4E7D1
S21403AA700620F2E70720F0E70820EEE70520ECE7DC
S21403AA800920EAE70A20E8E70D20E6E71020E4E7D6
S21403AA900B20E2E700202126D8E70020704708B500
S21403AAA0FEF7D6F880B208BD08B5FEF7D1F808BDA4
S21403AAB0704742DE704738B504460D4600F008F886
S21403AAC0FFF7FBFE29462046BDE83840FFF7F1BFF7
S21403AAD0704710B962B6BFF36F8F70470120704797
S21403AAE02DE9FF410D4616461F460446A8B14FF012
S21403AAF00008C0F81C80FEF7A3FCBDF82C304246C5
S21403AB0002939DF828302946CDE900732046334644
S21403AB10FEF75EFC04B0BDE8F0812220FAE7F0B54C
S21403AB201F46002387B00D46164604468DF8173099
S21403AB30A8B1C3610DF11701FEF7A4FC9DF8172019
S21403AB407AB9BDF83430294602939DF83030204652
S21403AB50CDE900733346FEF73BFC07B0F0BD222079
S21403AB60FBE70320F9E738B5FFF7B0FE054600F02C
S21403AB7016F804462846FFF7A4FE204638BD4FF0D5
S21403AB80B04301285B6904D0022805D1C3F3C00093
S21403AB90704703F0010070470020704770474FF07E
S21403ABA0B0439A6A1207FCD4186A7047704708B510
S21403ABB0FFF7FCFF00F01DF808BD10B5FFF779FEA0
S21403ABC0012104460846FEF7DFF82046BDE810409C
S21403ABD0FFF76ABE10B5044600F012F82046FAF7EF
S21403ABE0F7FF2046F8F72CF9BDE81040F9F7EFBC5D
S21403ABF0704708B5FFF7FCFF08BD01207047704794
S21403AC000020704730B589B00446ADF806108DF8BD
S21403AC101020FFF797FD05462046FFF7A3FD0346E2
S21403AC209DB1BDF80600ABB900F0BAF8FF2808BF1F
S21403AC3000200DF10F038DF80F001A4620460499E5
S21403AC400593FEF725FE09B030BD0028F5D00DF1BB
S21403AC500603F2E700F0A4F8FF2808BF0020BDF8BB
S21403AC6006308DF80F00ADF81A308DF8180006ABD5
S21403AC70E3E7008870470170090A417070470120B6
S21403AC8070470120704738B5DFF714FD0446D4F744
S21403AC9043FD051E18BF2546D4F710FE041E18BF35
S21403ACA02C46FFF7ECFF002818BF204638BD38B502
S21403ACB0FEF7BAF90446F7F7C3FA04281ED00228AB
S21403ACC04FF0000508BF0124F8F762F9042817D0EF
S21403ACD0022808BF0124F7F7F2FE042812D0022840
S21403ACE008BF0124FFF7CDFF04280DD0022808BFB4
S21403ACF00124002D18BF0024204638BD0125E3E7B4
S21403AD000125E8E70125EDE70024F5E7FF20704776
S21403AD1008B5FFF7FBFF002008BD08B520B1FFF715
S21403AD2077FB00F0010008BD0120FAE708B5FFF73E
S21403AD3063FBBDE80840FFF7F0BF008810B1C9B257
S21403AD40FFF7B0BB70472DE9F041B0F80080064628
S21403AD500C46D5B2B8F1000F11D029464046FFF78E
S21403AD60A1FB2246074629464046FFF7AFFB3A4675
S21403AD7029462046FFF7AAFB3480BDE8F0810F463C
S21403AD80F5E703461B8808468B4202D00021FFF7EF
S21403AD9089BB002070470069003818BF0120704740
S21403ADA000207047F8B506460D46FFF7EBFC032870
S21403ADB0044621D02846FFF7E5FC032807461BD0A8
S21403ADC010F0020318D1A0070DD5F90716D40123F6
S21403ADD03C43E20704D431892A89914218BF0023F1
S21403ADE003F00100F8BD082229463046E1F76EF865
S21403ADF0B0FA80F35B09EBE70020F3E71846F1E7C8
S21403AE0070B50D4600210646FFF797FF044630B19E
S21403AE10FFF710FB01462846FFF7C4FF08B120469C
S21403AE2070BD21463046FFF7ACFFEFE707B50DF1DF
S21403AE300701FFF7D3FC20B19DF8070003B05DF8C8
S21403AE4004FBFF20FAE700207047FF207047FF202F
S21403AE507047FF207047002070470020002170478E
S21403AE60002070472DE9F8430746084615468846EE
S21403AE701C469DF82090FFF7DDFA4619A4B19EB153
S21403AE804046FFF7F3FA254485420FDC2246B9F124
S21403AE90000F06D131463846E0F71EFD0020BDE818
S21403AEA0F88339463046F7E72120F8E71D20F6E712
S21403AEB0000000000000000000000000000000008A
S21403AEC0F8B500BFF8BC08BC9E467047F8B500BF8F
S21403AED0F8BC08BC9E4670475FF800F07564002017
S21403AEE05FF800F011650020446576696365207499
S21403AEF0797065206368616E676520646574656351
S21403AF007465643A202564202D3E2025640D0A00CE
S21403AF1050726573732064657465637465640D0AA3
S21403AF20004D756C74692070726573732064657464
S21403AF3065637465643A2025640D0A0052656C6582
S21403AF406173652064657465637465640D0A004CFB
S21403AF506F6E6720707265737320646574656374BF
S21403AF6065640D0A0072656C61795F73746172744F
S21403AF705F6C61746368696E675F70756C73653A5E
S21403AF8020616E6F746865722070756C73652069D6
S21403AF9073206163746976650D0A0072656C617966
S21403AFA05F6F6E0D0A0072656C61795F6F66660D82
S21403AFB00A0072656C61795F746F67676C650D0A6A
S21403AFC00057726974696E6720636F6E66696720DF
S21403AFD0746F206E763A2025730D0A0053697A65DE
S21403AFE03A2025640D0A004661696C656420746F17
S21403AFF0207772697465204445564943455F434F3D
S21403B0004E4649475F4441544120746F204E562CA8
S21403B010207374617475733A2025642E2028627930
S21403B0207465733A202564290D0A00737563636596
S21403B0307373210D0A004661696C656420746F2082
S21403B04072656164204E565F4954454D5F444556CC
S21403B0504943455F434F4E4649472C207573696EF7
S21403B060672064656661756C7420636F6E666967D6
S21403B07020696E73746561642C20737461747573D0
S21403B0803A2025642E202862797465733A20256455
S21403B090290D0A005573696E6720636F6E666967CC
S21403B0A03A2025642063686172732066726F6D0DA3
S21403B0B00A25730D0A0061787064787167753B54CE
S21403B0C053303034312D4D413B534134753B494366
S21403B0D031693B425441303B4D3B004E6574776FBC
S21403B0E0726B20737461747573206368616E676531
S21403B0F06420746F2025640D0A004D616E756661C9
S21403B10063747572657220746F6F206269670D0AC7
S21403B110004D6F64656C20746F6F206269670D0A5B
S21403B12000496E697469616C697A696E67205A6949
S21403B130676265652077697468202564207377697C
S21403B14074636865732C2025642072656C6179735B
S21403B1502C20256420636F76657220737769746389
S21403B1606865732C20256420636F766572730D0AF9
S21403B17000436F6E6669672070617273656420733F
S21403B18075636365737366756C6C790D0A00726517
S21403B19061642076657273696F6E20666F726D20C8
S21403B1A06E6577206C6F636174696F6E0D0A004677
S21403B1B061696C656420746F207772697465206CAE
S21403B1C06173745365656E56657273696F6E20742A
S21403B1D06F204E562C2073743A2025640D0A004FB8
S21403B1E06C642076657273696F6E3A2025640D0A67
S21403B1F00043757272656E742076657273696F6E3E
S21403B2003A2025640D0A00524553455420414C4CC0
S21403B210210D0A0068616C5F6770696F5F63616C1C
S21403B2206C6261636B3A2065787469206C696E653D
S21403B23020256C642073746174757320256C750DFA
S21403B2400A0068616C5F6770696F5F63616C6C624C
S21403B25061636B3A206E6F206672656520455854AD
S21403B26049206C696E65730D0A002F686F6D652F34
S21403B27072756E6E65722F776F726B2F7475796148
S21403B2802D7A69676265652D7377697463682F74B1
S21403B2907579612D7A69676265652D73776974635D
S21403B2A0682F73696C6162735F746F6F6C732F734F
S21403B2B0696D706C69636974795F73646B2F2E2E86
S21403B2C02F2E2E2F7372632F73696C6162732F6830
S21403B2D0616C2F7A69676265652E630044726F70CE
S21403B2E070696E67206F6C64204F544120696D61EE
S21403B2F067652C2063757272656E74206F6666735D
S21403B30065743A20256C750A00556E6B6E6F776E02
S21403B31020636F76657220636F6D6D616E643A208D
S21403B32025640D0A00556E6B6E6F776E20636D6431
S21403B3302025640D0A00427574746F6E2070726562
S21403B34073732064657465637465642C2062757416
S21403B350206E6F20627574746F6E2069732070722E
S21403B36065737365640D0A00427574746F6E206CA2
S21403B3706F6E67207072657373206465746563749B
S21403B38065642C20627574206E6F20627574746F0A
S21403B3906E206973206C6F6E6720707265737365B9
S21403B3A0640D0A004E6F20636F76657220737769AB
S21403B3B074636820636F6E66696720696E204E56F5
S21403B3C02C207573696E672064656661756C74738B
S21403B3D00D0A00417474726962757465206368614E
S21403B3E06E6765642C2065703A2025642C20636C98
S21403B3F075737465723A2025642C20617474723AEE
S21403B4002025640D0A00506F6C6C20636F6E747297
S21403B4106F6C3A2073656E64696E67206368656354
S21403B4206B2D696E0D0A005A434C2061637469766E
S21403B4306974792C20656E746572696E672066611F
S21403B440737420706F6C6C0D0A00506F6C6C206305
S21403B4506F6E74726F6C3A20636865636B2D696EEA
S21403B46020726573706F6E73652C20666173743D0E
S21403B47025642C2074696D656F75743D25640D0A0B
S21403B48000506F6C6C20636F6E74726F6C3A20663C
S21403B49061737420706F6C6C2073746F700D0A0088
S21403B4A0506F6C6C20636F6E74726F6C3A207365AA
S21403B4B074206C6F6E6720706F6C6C20696E746599
S21403B4C07276616C3D256C750D0A00506F6C6C20AE
S21403B4D0636F6E74726F6C3A207365742073686F53
S21403B4E0727420706F6C6C20696E74657276616C12
S21403B4F03D25640D0A00506F6C6C20636F6E74728A
S21403B5006F6C3A20636865636B2D696E20696E7491
S21403B510657276616C207772697474656E3D256C0E
S21403B520750D0A00506F6C6C20636F6E74726F6CCF
S21403B5303A20696E76616C696420636865636B2D77
S21403B540696E20696E74657276616C2C20726576FE
S21403B550657274696E670D0A00506F6C6C20636FBA
S21403B5606E74726F6C3A206661737420706F6C6CC5
S21403B5702074696D656F7574207772697474656E6F
S21403B5803D25640D0A00506F6C6C20636F6E7472F9
S21403B5906F6C3A206661737420706F6C6C207469EC
S21403B5A06D656F75742C20737769746368696E674D
S21403B5B020746F206C6F6E6720706F6C6C0D0A00C2
S21403B5C0556E6B6E6F776E204C6576656C43747242
S21403B5D06C20636F6D6D616E643A2025640D0A00FE
S21403B5E0556E6B6E6F776E204F6E4F666620636F79
S21403B5F06D6D616E643A2025640D0A00496E6465BC
S21403B6007820617420777269746520617474723A65
S21403B6102025640D0A004E6F2073776974636820D3
S21403B620636F6E66696720696E204E562C207573AD
S21403B630696E672064656661756C74730D0A0049EC
S21403B6406E76616C69642072656C61795F696E649D
S21403B650657820256420696E204E562C207265730B
S21403B660657474696E6720746F2064656661756CB3
S21403B670740D0A003E2000556E6B6E6F776E206564
S21403B68072726F7200496E707574206275666665B5
S21403B690722069732046554C4C004D6178696D7570
S21403B6A06D206E756D626572206F662061726775B8
S21403B6B06D656E74732065786365656465640054B0
S21403B6C0686520617267756D656E74206973206E98
S21403B6D06F7420666F726D617474656420636F7235
S21403B6E0726563746C7900496E636F727265637416
S21403B6F020617267756D656E742074797065004994
S21403B7006E636F7272656374206E756D6265722008
S21403B7106F6620617267756D656E7473004E6F2079
S21403B720636F6D6D616E6420666F756E6400756918
S21403B7306E7438006164646974696F6E616C002AA4
S21403B74000756E6B6E6F776E0077696C64636172FB
S21403B75064006865786F707400737472696E676FDF
S21403B76070740075696E7433326F70740075696E29
S21403B7707431366F70740075696E74386F70740048
S21403B78068657800737472696E670075696E7431E4
S21403B790360075696E743332002E2E2E20006865CF
S21403B7A06C70000A25730A25732573002573200819
S21403B7B0002F686F6D652F72756E6E65722F776FCB
S21403B7C0726B2F747579612D7A69676265652D735F
S21403B7D077697463682F747579612D7A6967626512
S21403B7E0652D7377697463682F73696C6162735F21
S21403B7F0746F6F6C732F73696D706C69636974799A
S21403B8005F73646B2F706C6174666F726D2F7365F4
S21403B81072766963652F6C65676163795F68616CCF
S21403B8202F7372632F626173652D7265706C61632B
S21403B830656D656E742E63002F686F6D652F727568
S21403B8406E6E65722F776F726B2F747579612D7AB2
S21403B85069676265652D7377697463682F74757994
S21403B860612D7A69676265652D7377697463682FDE
S21403B87073696C6162735F746F6F6C732F73696D3A
S21403B880706C69636974795F73646B2F706C617431
S21403B890666F726D2F736572766963652F746F6B4F
S21403B8A0656E5F6D616E616765722F6C6567616358
S21403B8B0792F7372632F736C5F746F6B656E5F6D36
S21403B8C0616E616765722E63002F686F6D652F72F8
S21403B8D0756E6E65722F776F726B2F747579612D27
S21403B8E07A69676265652D7377697463682F747503
S21403B8F079612D7A69676265652D73776974636804
S21403B9002F73696C6162735F746F6F6C732F7369E7
S21403B9106D706C69636974795F73646B2F706C61A7
S21403B92074666F726D2F736572766963652F746FB5
S21403B9306B656E5F6D616E616765722F6C656761BF
S21403B94063792F7372632F736C5F746F6B656E5FAF
S21403B9506D616E75666163747572696E672E6300DA
S21403B96043757272656E7420436F6E6669673A201C
S21403B9702530780053657420434341206D6F64651A
S21403B98020746F2025643A2025307800656E616246
S21403B9906C65640064697361626C6564006F7574DA
S21403B9A028636C69656E742900696E202873657256
S21403B9B076657229004D464720537472696E673A5E
S21403B9C0202573004170704275696C646572204D62
S21403B9D0464720436F64653A203078253034580054
S21403B9E06E6F6465205B004164646974696F6E61A1
S21403B9F06C20696E7465726661636573002020252A
S21403BA00643A200070616765205B25645D20636887
S21403BA10616E205B25645D20707772205B25645D14
S21403BA20006E6F7420616374697665006572726F69
S21403BA3072203078253038580070616E4944205B98
S21403BA403078253034585D206E6F64654944205B3A
S21403BA503078253034585D20007870616E205B3076
S21403BA607800706172656E744944205B30782530C7
S21403BA7034585D20706172656E7452737369205B0F
S21403BA8025645D006E6F646554797065205B0053B2
S21403BA9065637572697479206C6576656C205B25C1
S21403BAA03032585D006E6574776F726B2073746105
S21403BAB07465205B253032585D20004275666665E6
S21403BAC0722062797465733A202564202F202564DA
S21403BAD000457020636E743A202564006570202547
S21403BAE064205B656E64706F696E742025732C200A
S21403BAF06465766963652025735D20006E776B2029
S21403BB005B25645D2070726F66696C65205B3078B8
S21403BB10253034585D206465764964205B3078258B
S21403BB203034585D20766572205B30782530325885
S21403BB305D0020202020257320636C757374657266
S21403BB403A2030782530345820004E776B20636EC9
S21403BB50743A202564006E776B202564205B25737A
S21403BB605D005072696D617279202870726F2900CA
S21403BB7020206E6F646554797065205B30782530BD
S21403BB8032585D002020736563757269747950724C
S21403BB906F66696C65205B3078253032585D0045EA
S21403BBA0502025643A20257320004572726F723A3E
S21403BBB02020556E6B6E6F776E20656E64706F69AE
S21403BBC06E742E00456E61626C65206576656E74D4
S21403BBD020646562756720696E666F20696E204310
S21403BBE06F726520434C4920636F6D706F6E656E90
S21403BBF074006F6E6C7920636F6F7264696E617424
S21403BC006F72732063616E20666F726D0A006A6FCF
S21403BC10696E203078253038580A006C6561766581
S21403BC20002573203078253032580A0072656A6F13
S21403BC30696E0072656A6F696E4469666644657606
S21403BC4069636554797065006578742E2050414E9B
S21403BC502049443A20004E574B206F70656E3A20B9
S21403BC60257520736563004E574B20636C6F7365B1
S21403BC70640066696E64206A6F696E61626C653A19
S21403BC80203078253032580066696E6420756E75EC
S21403BC907365643A20307825303258004368616E05
S21403BCA067696E6720746F206368616E6E656C20CB
S21403BCB025643A2030782530325800696E76616CF8
S21403BCC06964206E6574776F726B20696E6465783D
S21403BCD00053686F72742049443A20307825303414
S21403BCE0582C2045554936343A20002C2050616E96
S21403BCF02049443A20307825303458005374617212
S21403BD00746564206D756C74692D70687920696E2E
S21403BD1074657266616365004661696C6564207468
S21403BD206F20257320257320307825303258005431
S21403BD3065726D696E61746564202573203078259D
S21403BD40303258004B65657020616C6976652073E8
S21403BD507570706F727420656E61626C65642E0018
S21403BD606661696C656420746F20736574206B6507
S21403BD70657020616C697665206D6F64652E00734F
S21403BD8075636365737366756C6C7920736574206D
S21403BD90746865206368696C642074696D656F7583
S21403BDA074206F7074696F6E206D61736B2E0066FE
S21403BDB061696C656420746F2073657420746865AC
S21403BDC0206368696C642074696D656F7574206F91
S21403BDD07074696F6E206D61736B2E006469736394
S21403BDE06F766572004D61746368202573792066EB
S21403BDF0726F6D203078253034582C2065702025DE
S21403BE0064004E574B2041646472657373207265F9
S21403BE1073706F6E73653A20307825303458004956
S21403BE20454545204164647265737320726573707B
S21403BE306F6E73653A2000536572766963652025D5
S21403BE40737920646F6E652E0023202074797065E5
S21403BE502020206E776B20206C6F63202020726575
S21403BE606D202020636C75732020206E6F64652020
S21403BE702020657569002020256420202020307846
S21403BE802530345820203078253034582020307818
S21403BE9025303458203078253034582000736C5FB2
S21403BEA07A69676265655F6765745F62696E646910
S21403BEB06E67204572726F723A2030782530385894
S21403BEC00A002564206F662025642062696E646913
S21403BED06E6773207573656400656E61626C656476
S21403BEE0207072696E740064697361626C656420A5
S21403BEF07072696E7400616464206C696E6B206B8B
S21403BF006579004552523A2043616C63756C6174DF
S21403BF1065642043524320646F6573206E6F7420FC
S21403BF206D61746368004552523A20496E737461BA
S21403BF306C6C20436F6465206D7573742062652096
S21403BF40382C2031302C2031342C206F722031389D
S21403BF5020627974657320696E206C656E677468F9
S21403BF60004552523A204145532D4D4D4F206861AE
S21403BF707368206661696C65643A203078253032D0
S21403BF805800536574206A6F696E696E67206C6922
S21403BF906E6B206B6579007365742062696E64202E
S21403BFA025643A2030782530327800454D50545970
S21403BFB000554E494341004D324F4E45004D554CBA
S21403BFC05449003F2020202000496E6465782049AC
S21403BFD04545452041646472657373202020202004
S21403BFE0202020204E574B496E6465782020496EEA
S21403BFF0204643202020202054544C2873292046D2
S21403C0006C6167202020204B6579202020200025A6
S21403C01064202020202000202025642020202020AB
S21403C0202020002020253038582020002030782576
S21403C030303458202000496E6465782049454545CC
S21403C0402041646472657373202020202020202002
S21403C05020496E20464320202020205479706520F6
S21403C060204175746820204B6579002D2020202000
S21403C0702000256320202020202563202020202048
S21403C08000696573005741524E494E473A20205285
S21403C090454144494E47204F46204B45592056417B
S21403C0A04C5545532044495341424C45442042593C
S21403C0B0204D464720544F4B454E004E574B204B82
S21403C0C06579002573206F75742046433A20253022
S21403C0D0385800257320736571206E756D3A2030CD
S21403C0E07825303258002573206F75742046433AFE
S21403C0F020253038780054432025732000257320EC
S21403C1005461626C650025642F256420656E747225
S21403C11069657320757365642E005472616E736966
S21403C120656E74204B657900256420656E747225F0
S21403C1307320636F6E73756D696E67202564207058
S21403C14061636B65742062756666657225732E007F
S21403C15057494C4C0057494C4C204E4F5400547290
S21403C1607573742043656E74657220257320616C45
S21403C1706C6F772074727573742063656E74657262
S21403C1802072656A6F696E73207573696E672077B0
S21403C190656C6C2D6B6E6F776E206B65792E005316
S21403C1A065742074696D656F757420666F722054AC
S21403C1B0727573742043656E7465722072656A6F58
S21403C1C0696E73207573696E672077656C6C2D6B6B
S21403C1D06E6F776E206C696E6B206B657920746F5B
S21403C1E0202564207365636F6E64732E0045525278
S21403C1F04F523A20002573737461636B206D757319
S21403C2007420626520646F776E2E005265616469E0
S21403C2106E6720416C6C6F7765640048617368696C
S21403C2206E67206F6E6C7900736C5F7A6967626500
S21403C230655F6B65795F73657474696E67735F7446
S21403C2403A203078253034580020205065726D69C6
S21403C2507373696F6E733A202573004572726F723B
S21403C2603A204661696C656420746F2067657420A4
S21403C270636F6E6669672C207374617475733A20F6
S21403C280307825303858004661696C65643A20304A
S21403C2907825303858004D73673A20636C757320E1
S21403C2A03078253034582C20636D64203078253060
S21403C2B032582C206C656E202564006275666665B0
S21403C2C0723A2000454D4245525F0025735345435D
S21403C2D055524954595F4C4556454C3A2025303201
S21403C2E0580025736572617365206B657920256434
S21403C2F03A2030782530385800636D64206E6F74AA
S21403C300206275696C740073726320657020253033
S21403C31032782C20636C757320253034780073656F
S21403C3206E64696E6720746F206D756C74696361E3
S21403C33073742062696E640025733A2065703A2030
S21403C34025642C20636C3A203078253034582C2012
S21403C350617474723A20307825303458002C207378
S21403C36076723A2025630025733A20726561643A33
S21403C37020307825303278002C207376723A2025C8
S21403C380632C2064747970653A20307825303258EF
S21403C39000417267756D656E7420617420696E6402
S21403C3A065783A202564206973206F7574206F665C
S21403C3B02072616E676500436F6D6D616E64206108
S21403C3C06C7265616479206275696C742E202043F3
S21403C3D0616E6E6F7420736574204D4647207370CC
S21403C3E065636966696320636F646520666F7220A0
S21403C3F0636F6D6D616E642E004D464720436F6418
S21403C400652053657420666F72206E6578742063AA
S21403C4106F6D6D616E643A20307825303458005560
S21403C4207365204E6578742053657175656E636514
S21403C4302053657420666F72206E65787420636F70
S21403C4406D6D616E643A2030782530325800446949
S21403C4507361626C652044656661756C7420526511
S21403C46073706F6E73652053657420666F72206EEB
S21403C47065787420636F6D6D616E643A203078253D
S21403C480303258004552523A2072656164696E67CD
S21403C4902061747472696275746520253032780081
S21403C4A04552523A206174747269627574652073DA
S21403C4B0697A6520256420746F6F206C61726765E6
S21403C4C020666F7220627566666572004572726FCB
S21403C4D0723A2061747472696275746520494420E7
S21403C4E0307825303458207265706F727461626CD0
S21403C4F065206368616E67652069732073697A6572
S21403C500202564422C206275742025644220656EC3
S21403C51074657265640A006E6F20636D640045720D
S21403C520726F723A20434C492053656E64206661ED
S21403C530696C65642C207374617475733A20307863
S21403C54025303858004572726F723A202045554997
S21403C550363420617267756D656E74206973206565
S21403C5606D70747920616E64206C6F6F6B757020CC
S21403C5706279206E6F6465204944206661696C6544
S21403C580642E0047726F757000556E69636173742D
S21403C59000556E62696E64202573202573307825F6
S21403C5A030325800526571756573743A20005A44E8
S21403C5B04F2073696D706C652064657363207265C4
S21403C5C0712025303278005A444F206E6F64652000
S21403C5D064657363207265712025303278005A448F
S21403C5E04F206D61746368206465736320726571A0
S21403C5F02025303258005573696E67206D79206C9C
S21403C6006F63616C20455549363420666F7220642B
S21403C61065737420455549363420696E2062696E09
S21403C62064696E67005A444F2062696E64207265BF
S21403C63071202530327800636C7573746572206CD4
S21403C640696D6974207265616368656400696E76F6
S21403C650616C696420706167653A202564206F7297
S21403C660206368616E6E656C3A20256400436861DA
S21403C6706E6765206368616E6E656C2073746174A3
S21403C68075733A2030782530327800647572617499
S21403C690696F6E206D75737420626520696E2072F3
S21403C6A0616E67652030202D203500636F756E74CC
S21403C6B0206D75737420626520696E2072616E67E3
S21403C6C0652031202D2038007363616E20737461FA
S21403C6D074757320307825303258006E6574776F22
S21403C6E0726B20757064617465207365742073744F
S21403C6F0617475732030782530325800416374694D
S21403C7007665204550207265717565737420737461
S21403C710617475733A20307825303258004C51498D
S21403C720205461626C6520726571756573743A2076
S21403C7303078253032580042696E64696E6720543B
S21403C74061626C6520726571756573743A20307822
S21403C75025303258004C6561766520257330782580
S21403C76030325800506F7765722044657363726980
S21403C77070746F72202573307825303258005573E5
S21403C780696E67206D79206C6F63616C204555492F
S21403C790363420666F7220646573742045554936B7
S21403C7A03420696E20756E62696E64696E67005226
S21403C7B06F757465205461626C6520257330782527
S21403C7C0303258002F686F6D652F72756E6E657206
S21403C7D02F776F726B2F747579612D7A696762652F
S21403C7E0652D7377697463682F747579612D7A691B
S21403C7F0676265652D7377697463682F73696C6107
S21403C80062735F746F6F6C732F73696D706C69639B
S21403C8106974795F73646B2F70726F746F636F6C78
S21403C8202F7A69676265652F6170702F6672616D16
S21403C83065776F726B2F636F6D6D6F6E2F736C5FA3
S21403C8407A69676265655F73797374656D5F636F35
S21403C8506D6D6F6E2E6300457874656E6465642037
S21403C860526573657420696E666F3A20307825309A
S21403C87034582028257329002F686F6D652F72752D
S21403C8806E6E65722F776F726B2F747579612D7A62
S21403C89069676265652D7377697463682F74757944
S21403C8A0612D7A69676265652D7377697463682F8E
S21403C8B073696C6162735F746F6F6C732F73696DEA
S21403C8C0706C69636974795F73646B2F70726F74CD
S21403C8D06F636F6C2F7A69676265652F6170702F5F
S21403C8E06672616D65776F726B2F636F6D6D6F6EBA
S21403C8F02F7A69676265655F6170705F6672616DE6
S21403C90065776F726B5F736C6565702E6300537427
S21403C9106179206177616B65207768656E206E6F3D
S21403C92074206A6F696E65643A20257300466F72D9
S21403C9306365642073746179206177616B653A205F
S21403C940202020202020202020257300466F72639D
S21403C950696E672064657669636520746F207374F7
S21403C9606179206177616B6500416C6C6F77696EE6
S21403C970672064657669636520746F20676F20742B
S21403C9806F20736C656570002F686F6D652F727509
S21403C9906E6E65722F776F726B2F747579612D7A51
S21403C9A069676265652D7377697463682F74757933
S21403C9B0612D7A69676265652D7377697463682F7D
S21403C9C073696C6162735F746F6F6C732F73696DD9
S21403C9D0706C69636974795F73646B2F70726F74BC
S21403C9E06F636F6C2F7A69676265652F6170702F4E
S21403C9F06672616D65776F726B2F636F6D6D6F6EA9
S21403CA002F7A69676265655F737461636B5F736CC6
S21403CA106565702E630052583A20526573657454E8
S21403CA206F466163746F727944656661756C74737F
S21403CA3043616C6C6261636B00657A737020636F2D
S21403CA40756E74657273206661696C6564202575FE
S21403CA5000657A7370205265736574205468726536
S21403CA6073686F6C64206572726F7220257500653B
S21403CA707A737020536574205468726573686F6C9C
S21403CA8064206572726F722025750025752920252E
S21403CA90733A2025750053657474696E672054686D
S21403CAA0726573686F6C6420636F6D6D616E64008E
S21403CAB03F3F3F004D6163205278204263617374A9
S21403CAC0004D6163205478204263617374004D61A6
S21403CAD063205278205563617374004D616320545C
S21403CAE078205563617374004D6163205478205534
S21403CAF063617374205265747279004D61632054C8
S21403CB0078205563617374204661696C0041505305
S21403CB102052782042636173740041505320547846
S21403CB20204263617374004150532052782055634A
S21403CB3061737400415053205478205563617374B5
S21403CB4020537563636573730041505320547820F4
S21403CB505563617374205265747279004150532093
S21403CB605478205563617374204661696C00526F74
S21403CB70757465204469736320496E6974696174CA
S21403CB806564004E65696768626F72204164646518
S21403CB9064004E65696768626F722052656D6F76D2
S21403CBA06564004E65696768626F72205374616CD2
S21403CBB065004A6F696E20496E6469636174696FC4
S21403CBC06E004368696C64204D6F7665640041535C
S21403CBD048204F766572666C6F770041534820464F
S21403CBE072616D65204572726F7200415348204F23
S21403CBF076657272756E204572726F72004E574B71
S21403CC00204643204661696C757265004150532087
S21403CC104643204661696C75726500415348205847
S21403CC204F66660041505320556E617574686F7287
S21403CC30697A6564204B6579004E574B20446563DB
S21403CC4072797074204661696C7572657300415021
S21403CC50532044656372797074204661696C7572FB
S21403CC606573005061636B65742042756666657212
S21403CC7020416C6C6F63617465204661696C7572E4
S21403CC8065730052656C61796564205563617374DE
S21403CC900050687920746F204D4143207175657587
S21403CCA065206C696D6974207265616368656400EC
S21403CCB05061636B65742056616C696461746520AA
S21403CCC064726F7020636F756E74004E574B2072DC
S21403CCD065747279206F766572666C6F770043436E
S21403CCE041204661696C757265730042726F6164B8
S21403CCF063617374207461626C652066756C6C0086
S21403CD00505441204C6F2050726920526571005078
S21403CD10544120486920507269205265710050546E
S21403CD2041204C6F205072692044656E696564002B
S21403CD30505441204869205072692044656E6965E5
S21403CD406400505441204C6F205072692054782060
S21403CD504162727400505441204869205072692021
S21403CD605478204162727400416464726573732060
S21403CD70436F6E666C6963742053656E7400435329
S21403CD804C205278207363686564756C6520666111
S21403CD90696C6564000D004465627567207072698E
S21403CDA06E742067726F75702025730A0057726F52
S21403CDB06E6720706172616D657465720A005363F5
S21403CDC0686564756C65206D6F7665206E776B009D
S21403CDD025732025643A202564004D6178206D6F05
S21403CDE07665206C696D6974207265616368656435
S21403CDF0206E776B2025643A20256400456E6420F8
S21403CE0044657669636520506F6C6C20496E666F67
S21403CE10726D6174696F6E00454D4245525F454EB3
S21403CE20445F4445564943455F54494D454F555421
S21403CE303A20202020202020256400506F6C6C2090
S21403CE40636F6D706C657465642063616C6C62619E
S21403CE50636B3A20257300202043757272656E74E7
S21403CE6020506F6C6C20496E74657276616C202856
S21403CE707173293A202020256C640020204C6F6EA5
S21403CE806720506F6C6C20496E74657276616C20F7
S21403CE90287173293A202020202020256C64002046
S21403CEA02053686F727420506F6C6C20496E7465E3
S21403CEB07276616C20287173293A20202020202561
S21403CEC06C6400202057616B652054696D656F752F
S21403CED07420287173293A20202020202020202027
S21403CEE0202020256C6400202057616B6520546940
S21403CEF06D656F7574204269746D61736B3A20209B
S21403CF00202020202020203078253038580020206C
S21403CF1043757272656E7420417070205461736B32
S21403CF20733A202020202020202020202020307824
S21403CF302530385800202043757272656E74205071
S21403CF406F6C6C20436F6E74726F6C2020202020F1
S21403CF502020202020257300202044656661756C00
S21403CF607420506F6C6C20436F6E74726F6C20204D
S21403CF702020202020202020257300466F7263691E
S21403CF806E672064657669636520746F2073686FC7
S21403CF90727420706F6C6C00416C6C6F77696E678F
S21403CFA02064657669636520746F206C6F6E6720F6
S21403CFB0706F6C6C00534C5F5A49474245455F415E
S21403CFC0465F4C4F4E475F504F4C4C00534C5F5A96
S21403CFD049474245455F41465F53484F52545F5069
S21403CFE04F4C4C00706F6C6C206E776B2025643A48
S21403CFF0203078253032580046696E6420616E64AE
S21403D0002042696E6420496E69746961746F723A6E
S21403D01020436F6D706C6574653A20307825303226
S21403D02058005374617274207461726765740046A5
S21403D030696E6420616E642042696E642054617276
S21403D0406765740025733A2025733A2030782530B7
S21403D050325800467261676D656E746174696F6EEF
S21403D0602052582077696E646F772073697A65203B
S21403D07073657420746F202564002F686F6D652FA9
S21403D08072756E6E65722F776F726B2F747579611A
S21403D0902D7A69676265652D7377697463682F7483
S21403D0A07579612D7A69676265652D73776974632F
S21403D0B0682F73696C6162735F746F6F6C732F7321
S21403D0C0696D706C69636974795F73646B2F7072D2
S21403D0D06F746F636F6C2F7A69676265652F617013
S21403D0E0702F6672616D65776F726B2F706C7567E4
S21403D0F0696E2F667261676D656E746174696F6EB3
S21403D1002F667261676D656E746174696F6E2E63E8
S21403D1100052583A2041646447726F7570526573C3
S21403D120706F6E7365203078253032582C20307837
S21403D130253034580052583A205669657747726F3F
S21403D1407570526573706F6E736520307825303254
S21403D150582C203078253034582C20220052583A48
S21403D1602047657447726F75704D656D626572739F
S21403D170686970526573706F6E73652030782530FA
S21403D18032582C203078253032582C00205B3078EB
S21403D190253034585D0052583A2052656D6F7665D7
S21403D1A047726F7570526573706F6E736520307853
S21403D1B0253032582C203078253034580065705B83
S21403D1C0253032585D2069645B253034585D004352
S21403D1D06C656172696E6720616C6C2067726F752F
S21403D1E070732E004552523A204661696C6564207E
S21403D1F0746F206372656174652062696E64696E1C
S21403D20067202830782530325829004552523A2074
S21403D21042696E64696E67207461626C6520697327
S21403D2202066756C6C004552523A207772697469B1
S21403D2306E67206E616D6520737570706F727420F3
S21403D240253032580052583A2041646447726F754D
S21403D25070203078253034582C2022007576005202
S21403D260583A205669657747726F7570203078256F
S21403D2703034580075767300766965775F67726F2A
S21403D28075700047726F7570733A206661696C65D6
S21403D2906420746F2073656E642025732072657333
S21403D2A0706F6E73653A20307825303258006765A4
S21403D2B0745F67726F75705F6D656D6265727368B4
S21403D2C0697020726573706F6E736500646566615E
S21403D2D0756C745F726573706F6E73650052583A3F
S21403D2E02047657447726F75704D656D626572731E
S21403D2F0686970203078253032582C0075756200C6
S21403D30047726F7570733A206661696C6564207442
S21403D3106F2073656E642025733A2030782530328B
S21403D320580052583A2052656D6F766547726F758E
S21403D3307020307825303458004552523A204661E2
S21403D340696C656420746F2064656C65746520621F
S21403D350696E64696E672028307825303258290054
S21403D36072656D6F76655F67726F75700052583AB7
S21403D3702052656D6F7665416C6C47726F7570737E
S21403D3800052583A2041646447726F757049664983
S21403D39064656E74696679696E6720307825303403
S21403D3A0582C202200616464004368616E6E656CCD
S21403D3B0206E6F742076616C69643A202564005091
S21403D3C072696D617279002573206D61736B206ECF
S21403D3D06F7720307825303858005365636F6E6456
S21403D3E0617279004D61736B206E6F742076616C89
S21403D3F069643A202564007072696D6172790073FE
S21403D40065636F6E646172790025733A20536574A1
S21403D410202573206D61736B20746F203078253060
S21403D4203858005374617475730025733A20257356
S21403D4303A004368616E6E656C206D61736B3A00EB
S21403D4402020202028312920307825303858205BAA
S21403D45000202020202832292030782530385820F4
S21403D4605B0053746174653A203078253032582057
S21403D470282573290043757272656E74206368618C
S21403D4806E6E656C3A20256400546F74616C20627E
S21403D4906561636F6E733A202564004A6F696E2078
S21403D4A0617474656D7074733A202564004E6574F8
S21403D4B0776F726B2073746174653A203078253009
S21403D4C032580053746F700025732053746F702E98
S21403D4D02020436C65616E696E672075702E00426E
S21403D4E0726F616463617374696E67207065726DD1
S21403D4F06974206A6F696E0054727573742063656D
S21403D5006E746572206C696E6B206B65792075701E
S21403D51064617465207374617475730025733A20AF
S21403D5205741524E494E473A20736C5F7A69676299
S21403D53065655F7365745F696E697469616C5F7353
S21403D540656375726974795F737461746520666167
S21403D550696C65642E20436F6E74696E75696E67B9
S21403D56020776974686F757420696E7374616C6C68
S21403D57020636F64652E004572726F723A20696E7F
S21403D5807374616C6C20636F646520736574757067
S21403D590206661696C65642E20497320616E20697C
S21403D5A06E7374616C6C20636F646520666C617364
S21403D5B0686564206F6E746F207468652064657692
S21403D5C06963653F00D0D1D2D3D4D5D6D7D8D9DABC
S21403D5D0DBDCDDDEDF00FFFFFFFFFFFFFFFF005AA0
S21403D5E06967426565416C6C69616E6365303900D5
S21403D5F025733A2069737375696E67207363616E6A
S21403D600206F6E202573206368616E6E656C7320D1
S21403D610286D61736B2030782530385829002573C0
S21403D62020697320616C726561647920696E20706D
S21403D630726F677265737300537461727400457812
S21403D640616D696E696E6720626561636F6E206FD8
S21403D6506E206368616E6E656C202564207769743E
S21403D660682070616E496420307825303458005441
S21403D67068697320626561636F6E206973206E6FDD
S21403D680742070617274206F6620746865206375F9
S21403D6907272656E74206368616E6E656C206D6170
S21403D6A0736B2028307825303858292E2047657428
S21403D6B074696E67206E65787420626561636F6E49
S21403D6C02077686F7365206368616E6E656C206291
S21403D6D069746D61736B206973207365742E0045DE
S21403D6E072726F723A20257320636F756C64206EB6
S21403D6F06F7420617474656D7074206A6F696E3A16
S21403D70020307825303258004E6F20626561636F93
S21403D7106E73206C656674206F6E20637572726517
S21403D7206E74206D61736B2E204D6F76696E672065
S21403D730746F206E65787420737461746500257346
S21403D740206A6F696E696E672030782530345820FA
S21403D7506F6E206368616E6E656C202564002573AA
S21403D7602053746174653A202573004572726F7294
S21403D7703A20257320636F756C64206E6F74207374
S21403D780657475702073656375726974793A2030B1
S21403D7907825303258004572726F723A20536361AF
S21403D7A06E20636F6D706C6574652068616E646C63
S21403D7B065722072657475726E65642030782530E4
S21403D7C03258002573207363616E20636F6D706C2F
S21403D7D06574652E20426561636F6E7320686561AC
S21403D7E072643A20256400257320737461636B208A
S21403D7F0737461747573203078253032580025733E
S21403D800206E6574776F726B206A6F696E65642E1F
S21403D81000257320747279696E67206E65787420AC
S21403D8206E6574776F726B2E004E6F6E6500536372
S21403D830616E205072696D617279204368616E6E05
S21403D840656C7320616E642075736520436F6E6626
S21403D850696775726564204B6579005363616E2052
S21403D8605072696D617279204368616E6E656C7380
S21403D87020616E642075736520496E7374616C6CE9
S21403D88020436F6465005363616E205072696D6157
S21403D8907279204368616E6E656C7320616E6420D6
S21403D8A05573652043656E7472616C697A6564208E
S21403D8B04B6579005363616E205072696D617279AE
S21403D8C0204368616E6E656C7320616E64205573C9
S21403D8D065204469737472696275746564204B6568
S21403D8E079005363616E205365636F6E646172796A
S21403D8F0204368616E6E656C7320616E6420757379
S21403D9006520436F6E66696775726564204B65793B
S21403D910005363616E205365636F6E646172792092
S21403D9204368616E6E656C7320616E642075736503
S21403D93020496E7374616C6C20436F646500536397
S21403D940616E205365636F6E64617279204368610C
S21403D9506E6E656C7320616E642055736520436537
S21403D9606E7472616C697A6564204B6579005363E3
S21403D970616E205365636F6E6461727920436861DC
S21403D9806E6E656C7320616E642055736520446902
S21403D990737472696275746564204B6579005363AA
S21403D9A0616E205072696D617279204368616E6E94
S21403D9B0656C7320616E642055736520416C6C2022
S21403D9C04B6579732028696E7374616C6C20636F82
S21403D9D064652C2063656E7472616C697A65642C69
S21403D9E0206469737472696275746564290053638D
S21403D9F0616E205365636F6E64617279204368615C
S21403DA006E6E656C7320616E642055736520416C81
S21403DA106C204B6579732028696E7374616C6C2077
S21403DA20636F64652C2063656E7472616C697A65D6
S21403DA30642C206469737472696275746564290062
S21403DA404F6E2F4F6666207365742076616C75651E
S21403DA503A20253032582025303258004552523A63
S21403DA602072656164696E67206F6E2F6F6666202D
S21403DA7025303258004F6E2F6F666620616C7265D4
S21403DA806164792073657420746F206E65772076E1
S21403DA90616C756500546F67676C65206F6E2F6FDA
S21403DAA066662066726F6D202530325820746F20AC
S21403DAB025303258004552523A2077726974696E9F
S21403DAC067206F6E2F6F6666202530325800496ECA
S21403DAD07374616C6C6564205479706520284261A8
S21403DAE07365293A20203078253032580043617018
S21403DAF06162696C69746965733A2020202020206E
S21403DB00202020202030782530345800426F6F7450
S21403DB106C6F616465722056657273696F6E3A2026
S21403DB2020202020307825303458005365637572E2
S21403DB306520426F6F746C6F61646572204B657904
S21403DB403A20202020202000426F6F746C6F61649F
S21403DB50696E67206661696C65642100446F776E41
S21403DB606C6F6164206661696C65642E0044656C45
S21403DB706574696E67206661696C656420646F7797
S21403DB806E6C6F61642C207374617475733A203005
S21403DB90782530325800496D61676520646F657378
S21403DBA0206E6F7420636F6E7461696E20616E20E1
S21403DBB05570677261646520496D616765205461BD
S21403DBC0672028307825303458292E20536B697007
S21403DBD070696E6720757067726164652E0045789C
S21403DBE065637574696E6720626F6F746C6F6164CA
S21403DBF02063616C6C6261636B2E00537461727494
S21403DC00696E672045424C20766572696669636172
S21403DC1074696F6E0045424C206661696C656420CA
S21403DC20766572696669636174696F6E2E00454234
S21403DC304C207061737365642076657269666963E8
S21403DC406174696F6E2E002573696E67204F5441A9
S21403DC5020636C69656E74207374617465206D61EE
S21403DC606368696E650073746F7070004572726FD7
S21403DC70723A204E6F20696D616765206174206972
S21403DC806E646578202564004E6F7420737570701B
S21403DC906F727465642E00436C69656E7420696DDB
S21403DCA061676520717565727920696E666F004DD0
S21403DCB0616E75662049443A2020202020202020CB
S21403DCC02030782530345800496D616765205479D3
S21403DCD070652049443A2020202030782530345877
S21403DCE00043757272656E742056657273696F6E43
S21403DCF03A202030782530385800486172647761BE
S21403DD0072652056657273696F6E3A20004E410045
S21403DD1051756572792044656C6179206D733A207C
S21403DD202020202020202020202020256C64005343
S21403DD30657276657220446973636F7665727920BF
S21403DD4044656C6179206D733A20256C6400446FDA
S21403DD50776E6C6F61642044656C6179206D733AED
S21403DD60202020202020202020256C640052756E61
S21403DD7020557067726164652044656C6179206D17
S21403DD80733A202020202020256C64005665726993
S21403DD9066792044656C6179206D733A20202020D3
S21403DDA020202020202020256C6400446F776E6C92
S21403DDB06F6164204572726F72205468726573686F
S21403DDC06F6C643A20202564005570677261646541
S21403DDD02057616974205468726573686F6C643A7F
S21403DDE0202020202564004F544120446F776E671F
S21403DDF072616465733A2044697361626C6564009A
S21403DE004F544120446F776E6772616465733A209E
S21403DE10456E61626C656400426F6F746C6F61641B
S21403DE202073746174653A20257300496E76616CBD
S21403DE306964204550202564207768656E207472D7
S21403DE4079696E6720746F2073656E64204F544142
S21403DE50206D6573736167652E0053656E64696E26
S21403DE6067205570677261646520456E642072652D
S21403DE7071756573742E0025733A20696E76616C2E
S21403DE80696420636D644964203078253032580015
S21403DE904572726F723A20204661696C656420741D
S21403DEA06F2073656E64204F544120636F6D6D6100
S21403DEB06E64203078253032582C20737461747564
S21403DEC0733A20307825303258005365727665727F
S21403DED020756E6B6E6F776E2C2066616C6C696E48
S21403DEE067206261636B20746F20646973636F7667
S21403DEF06572792E004D6178696D756D2071756553
S21403DF007279206572726F7273206869742028258F
S21403DF1064292C207374617274696E67207365615B
S21403DF2072636820666F72206E6577204F544120B7
S21403DF307365727665722E0A004170706C79696E2D
S21403DF406720757067726164650025733A20696E91
S21403DF5076616C6964206F66667365742063757298
S21403DF6072656E7454696D65283078253038582983
S21403DF70203E207570677261646554696D6528304C
S21403DF80782530385829004F544120436C757374F4
S21403DF9065723A207761697420666F722025642063
S21403DFA07300525865642074696D654F757420302C
S21403DFB0782530385820732C204D41582074696DCD
S21403DFC0654F7574203078253038582073004D61BE
S21403DFD078696D756D20757067726164652072650A
S21403DFE0717565737473206D6164652028256429D3
S21403DFF020776974686F757420726573706F6E73BB
S21403E000652066726F6D207365727665722E005595
S21403E0107067726164696E6720616E7977617900F3
S21403E0204F54412053657276696365206469736350
S21403E0306F766572792070726576656E7465642096
S21403E0402D20616E6F7468657220697320616C722F
S21403E0506561647920696E2070726F677265737389
S21403E060004661696C656420746F20696E69746923
S21403E070617465207365727669636520646973638A
S21403E0806F766572792E004F544120536572766918
S21403E090636520446973636F7665727920696E20C1
S21403E0A070726F677265737300436C69656E742074
S21403E0B0766572696669636174696F6E2066616905
S21403E0C06C65642E005369676E61747572650043F0
S21403E0D07573746F6D0070617373656400464149B0
S21403E0E04C4544004E6F207369676E6174757265A4
S21403E0F020766572696669636174696F6E207375ED
S21403E10070706F72742C20617373756D696E6720FF
S21403E110696D616765206973206F6B61792E0025D1
S21403E1207320766572696669636174696F6E20250C
S21403E130733A20307825303258004D6178696D7512
S21403E1406D206E756D626572206F6620646F776EE4
S21403E1506C6F6164206572726F727320726561639F
S21403E1606820282564292C2061626F7274696E67A3
S21403E1702E004F544120436C75737465723A2073B6
S21403E180657474696E672049454545206164647209
S21403E190657373206F66204F544120636C757374E8
S21403E1A06572005061727469616C2066696C6520E3
S21403E1B0646F776E6C6F616420666F756E642C2077
S21403E1C0636F6E74696E75696E672066726F6D2015
S21403E1D06F66667365742030782530385800466F4E
S21403E1E0756E642066756C6C7920646F776E6C6FE1
S21403E1F0616465642066696C6520696E2073746F5C
S21403E20072616765202876657273696F6E20307851
S21403E21025303858292E00466F756E642066696C63
S21403E2206520696E2073746F726167652077697401
S21403E2306820646966666572656E742076657273B7
S21403E240696F6E2028307825303858292074686125
S21403E2506E2063757272656E742076657273696F6D
S21403E2606E2028307825303858290046696C65209A
S21403E270696E2073746F72616765206973207361BA
S21403E2806D652061732063757272656E7420727596
S21403E2906E6E696E672076657273696F6E202830BE
S21403E2A0782530385829004E6F20696D61676520E0
S21403E2B0666F756E6420696E2073746F726167652E
S21403E2C02E004F5441205365727669636520446976
S21403E2D073636F7665727920756E626C6F636B65B8
S21403E2E0640049676E6F72696E6720736572766540
S21403E2F0722066726F6D206C6F6F706261636B2045
S21403E300616464726573730049676E6F72696E67E2
S21403E31020307825303458204F5441207365727668
S21403E320657220696E20736561726368206F66206C
S21403E33054430053657474696E67204F54412053E9
S21403E340657276657220746F2030782530345800F5
S21403E35044656C6179696E67202564207365636F15
S21403E3606E6473206265666F72652073746172747F
S21403E370696E67204F544120636C69656E74005460
S21403E380696D656F75742077616974696E67206659
S21403E3906F72206D6573736167652E00426164203A
S21403E3A04F544120636F6D6D616E643A203078255B
S21403E3B0303258004F544120636F6D6D616E642098
S21403E3C030782530325820746F6F2073686F7274FC
S21403E3D020286C656E202564203C206D696E202500
S21403E3E06429004F544120636F6D6D616E6420662F
S21403E3F0726F6D20756E7265636F676E697A65649A
S21403E40020736572766572203078253034582E2056
S21403E410204D79204F5441207365727665723A20F9
S21403E42030782530345800496D616765204E6F7427
S21403E43069667900476F7420756E657870656374D6
S21403E44065642025732E20205374617274206469DA
S21403E45073636F766572792E0064656661756C7496
S21403E460004F54413A206661696C656420746F20DE
S21403E47073656E6420257320726573706F6E7365A3
S21403E4803A2030782530325800496D616765206E32
S21403E4906F7469667900476F7420756E657870656A
S21403E4A0637465642025732E202049676E6F72653A
S21403E4B0642E004F54413A2044656661756C74209F
S21403E4C0726573706F6E736520666F7220496D6137
S21403E4D06765206E6F746966792C20737461747532
S21403E4E0732030782530325800496D616765206E99
S21403E4F06F7469667920636F6D6D616E6400257352
S21403E50020756E69636173742C2071756572796901
S21403E5106E6700496E76616C696400257320257307
S21403E520207061796C6F616420747970652030782F
S21403E530253032580025732025733A206F757420D2
S21403E5406F662072616E6765206A697474657220EF
S21403E55025640025732025733A207061796C6F61FA
S21403E56064206C656E67746820646F65736E2774C9
S21403E570206D617463682074797065203078253067
S21403E580325820282564203C202564290025732042
S21403E59025732064756520746F206E6F6E2D6D6114
S21403E5A0746368696E67206D616E75666163747502
S21403E5B072657220494400257320257320647565AF
S21403E5C020746F206E6F6E2D6D61746368696E675D
S21403E5D020696D616765207479706520494400255C
S21403E5E0732025732064756520746F206D617463D2
S21403E5F068696E67206669726D77617265207665F5
S21403E6007273696F6E0025732025732C205278274A
S21403E61064204A697474657220283078253032582D
S21403E620292C205069636B6564204A69747465728B
S21403E63020283078253032582900517565727920A4
S21403E6406E65787420696D61676520726573706F97
S21403E6506E73650025732072657475726E6564202B
S21403E6603078253032582E20204E6F206E65772066
S21403E670696D61676520746F20646F776E6C6F6178
S21403E680642E00257320746F6F2073686F72742076
S21403E690282564203C202564290025733A204E65EE
S21403E6A07720696D61676520697320617661696C9F
S21403E6B061626C6520666F7220646F776E6C6F6143
S21403E6C0642E002573206973206E6F74207573693A
S21403E6D06E67206D7920696D61676520696E666F68
S21403E6E02E004552524F523A204E65787420496D9B
S21403E6F061676520697320746F6F20626967207491
S21403E7006F2073746F726520283078253038582050
S21403E7103E203078253038582900257320726574DA
S21403E72075726E65642073616D652046696C655607
S21403E730657273696F6E2061732063757272656E9E
S21403E740746C7920696E7374616C6C65642E004F0B
S21403E750544120446F776E67726164657320446921
S21403E7607361626C65643A2046696C6556657273BC
S21403E770696F6E20626568696E6420637572726580
S21403E7806E7420696E7374616C6C6174696F6E006D
S21403E7905374617274696E6720646F776E6C6F6111
S21403E7A0642C2056657273696F6E20307825303876
S21403E7B058004572726F723A204661696C65642030
S21403E7C0746F2064656C65746520696D6167652E7A
S21403E7D0004572726F723A204661696C65642074F4
S21403E7E06F206572617365206F6C642074656D704D
S21403E7F020646174612E00496D61676520626C6FE9
S21403E800636B20726573706F6E7365004F54413A85
S21403E81020496D616765426C6F636B5265706F6EFE
S21403E820736520636F6E7461696E7320696E7661BB
S21403E8306C6964206F7220696E636F6D706C6574AB
S21403E840652064617461005570646174696E672045
S21403E8504D696E20426C6F636B20526571756573EC
S21403E8607420506572696F6420746F202564206D70
S21403E8707300446F776E6C6F61642064656C6179B6
S21403E88020627920736572766572202564206D7325
S21403E89000446F776E6C6F61642061626F7274659B
S21403E8A064206279207365727665722E00536572F2
S21403E8B076657220646F65736E2774207375707047
S21403E8C06F72742070616765207265717565737405
S21403E8D02C206F6E6C79207573696E6720626C6F7F
S21403E8E0636B20726571756573742E00536572765B
S21403E8F065722072657475726E65642027756E7313
S21403E9007570706F7274656420636C75737465726A
S21403E91020636F6D6D616E64272E00556E6B6E6F90
S21403E920776E2025732073746174757320636F6428
S21403E93065203078253032580025732068617320AF
S21403E940646174612073697A6520282564292073BD
S21403E9506D616C6C6572207468616E20616374759A
S21403E960616C207061636B65742073697A65202817
S21403E9702564292E002573206572726F723A20452E
S21403E98078706563746564206F666673657420309B
S21403E99078253038582C2062757420676F742030C1
S21403E9A078253038582E202049676E6F72696E6757
S21403E9B000257320696E666F20646964206E6F7429
S21403E9C0206D61746368206D792065787065637463
S21403E9D0656420696E666F2E202044726F707069BE
S21403E9E06E672E004661696C656420746F207772CB
S21403E9F069746520746F2073746F72616765206431
S21403EA0065766963652100446F776E6C6F61640099
S21403EA105570677261646520656E642072657370F5
S21403EA206F6E7365005365727665722061626F72EE
S21403EA3074656420757067726164652C20737461F5
S21403EA407475733A20307825303258004572726FE9
S21403EA50723A2025732068616420696E76616C695A
S21403EA60642025733A200066696C652076657273A8
S21403EA70696F6E00416464696E67202564206D7358
S21403EA802E2064656C617920666F7220696D6D65F2
S21403EA90646961746520757067726164652E0043EE
S21403EAA06F756E74646F776E20746F2075706772FF
S21403EAB06164653A202564206D7300205374617485
S21403EAC0653A2020202573002057616974696E67B4
S21403EAD020666F7220726573706F6E73653A2025B9
S21403EAE07300204E657874204576656E74205469ED
S21403EAF06D65723A202564206D730020437572722B
S21403EB00656E7420446F776E6C6F6164204F666623
S21403EB107365743A203078253038582028256425C4
S21403EB2025290025733A206661696C656420706147
S21403EB307273696E67204F544120636D642030788A
S21403EB4025303258004F54412044656661756C7415
S21403EB5020726573706F6E736520746F20636F6DBC
S21403EB606D616E64204944203078253032582C205D
S21403EB707374617475732030782530325800496D8C
S21403EB8061676520626C6F636B2072657175657370
S21403EB90742074657374206F6E6C7920776F726B54
S21403EBA073207768656E20737461746520697320BB
S21403EBB0424F4F544C4F41445F53544154455F4E6C
S21403EBC04F4E450052616E646F6D2044656C6179EB
S21403EBD0206265666F72652073746172740044699F
S21403EBE073636F766572696E67204F544120536571
S21403EBF07276657200476574204F544120536572E0
S21403EC0076657220455549004F627461696E206CC3
S21403EC10696E6B206B6579005175657279696E67ED
S21403EC20204E65787420496D61676500446F776E82
S21403EC306C6F6164696E6720496D61676500566530
S21403EC4072696679696E6720496D61676500576109
S21403EC506974696E6720666F7220557067726164A7
S21403EC6065206D65737361676500436F756E7464C5
S21403EC706F776E20746F20557067726164650057F6
S21403EC80616974696E6720746F207570677261645A
S21403EC906520766961206F75742D6F662D62616ECF
S21403ECA064206D656368616E69736D0025733A2031
S21403ECB02564252520636F6D706C65746500496D4A
S21403ECC06167652025640020204552524F523A2042
S21403ECD0436F756C64206E6F742067657420667569
S21403ECE06C6C20686561646572210020204865614C
S21403ECF06465722056657273696F6E3A20307825A4
S21403ED00303458002020486561646572204C656E77
S21403ED106774683A2020256420627974657300203E
S21403ED20204669656C6420436F6E74726F6C3A207C
S21403ED30203078253034580020204D616E756620CB
S21403ED4049443A202020202020203078253034588B
S21403ED50002020496D61676520547970653A20204C
S21403ED6020202030782530345800202056657273D2
S21403ED70696F6E3A2020202020202020307825300E
S21403ED8038580020205A6967626565205665727395
S21403ED90696F6E3A20307825303458002020486555
S21403EDA06164657220537472696E673A2020257316
S21403EDB0002020496D6167652053697A653A2020F3
S21403EDC0202020256C64206279746573002020530C
S21403EDD06563757269747920437265643A202030DE
S21403EDE0782530325800202055706772616465209C
S21403EDF0446573743A2020200020204D696E2E202F
S21403EE004857205665723A20202020307825303423
S21403EE10580020204D61782E204857205665723AB8
S21403EE2020202020307825303458002020546F745A
S21403EE30616C20546167733A2025640020202020EB
S21403EE405461673A2030782530345800202020203B
S21403EE5020204C656E6774683A20256C6400457202
S21403EE60726F723A20436F756C64206E6F74206FF6
S21403EE70627461696E2074616720696E666F2066CE
S21403EE80726F6D20696D6167652E000A25642069BF
S21403EE906D6167657320696E204F54412073746FEC
S21403EEA0726167652E00496D6167652064656C65F0
S21403EEB0746525732E004572726F723A2020436F75
S21403EEC0756C64206E6F74207265616420626C6F6B
S21403EED0636B3A203078253032582E0A005374611B
S21403EEE07274696E672065726173652066726F6DF2
S21403EEF0206F666673657420307825303858207422
S21403EF006F2030782530385800436F756C64206E58
S21403EF106F742073746172742045524153452120E7
S21403EF20283078253032582900454550524F4D2019
S21403EF30457261736520636F6D706C657465002F31
S21403EF40686F6D652F72756E6E65722F776F726B55
S21403EF502F747579612D7A69676265652D73776994
S21403EF607463682F747579612D7A69676265652D98
S21403EF707377697463682F73696C6162735F746F08
S21403EF806F6C732F73696D706C69636974795F73E3
S21403EF90646B2F70726F746F636F6C2F7A6967621E
S21403EFA065652F6170702F6672616D65776F726B22
S21403EFB02F706C7567696E2F6F74612D73746F7223
S21403EFC06167652D73696D706C652D656570726F0D
S21403EFD06D2F6F74612D73746F726167652D656530
S21403EFE070726F6D2D706167652D65726173652E26
S21403EFF063002F686F6D652F72756E6E65722F775F
S21403F0006F726B2F747579612D7A69676265652DEA
S21403F0107377697463682F747579612D7A6967628B
S21403F02065652D7377697463682F73696C616273A2
S21403F0305F746F6F6C732F73696D706C696369743B
S21403F040795F73646B2F70726F746F636F6C2F7A54
S21403F05069676265652F6170702F6672616D65778B
S21403F0606F726B2F706C7567696E2F6F74612D737B
S21403F070746F726167652D73696D706C652D656558
S21403F08070726F6D2F6F74612D73746F7261676525
S21403F0902D656570726F6D2E63004F544120536962
S21403F0A06D706C652053746F7261676520454550BB
S21403F0B0524F4D207761726E696E673A20636F75A3
S21403F0C06C64206E6F742067657420736C6F742095
S21403F0D0696E666F20666F7220736C6F742025648A
S21403F0E020286572726F7220307825303258292EA8
S21403F0F02044656661756C74696E6720746F20734F
S21403F10070656369666965642061646472657373B8
S21403F110206F6666736574730053746F72616765F8
S21403F120204472697665723A202020202020202011
S21403F13020202020204F54412053696D706C652099
S21403F14053746F7261676520454550524F4D20508A
S21403F1506C7567696E0052656164204D6F646966FD
S21403F1607920577269746520537570706F72743A9C
S21403F17020206E6F00534F4320426F6F746C6F6195
S21403F18064696E6720537570706F72743A2020201E
S21403F1902079657300426F6F746C6F6164657220CB
S21403F1A053746F7261676520537570706F72743A2B
S21403F1B02055736520666972737420736C6F7400D0
S21403F1C0536C6F7420746F207573653A202020206B
S21403F1D020202020202020202020202025640043DB
S21403F1E0757272656E7420446F776E6C6F616420FF
S21403F1F04F66667365743A202020203078253038B1
S21403F200580045424C205374617274204F666673EF
S21403F21065743A20202020202020202020203078CB
S21403F2202530385800454550524F4D20537461726F
S21403F230743A202020202020202020202020202058
S21403F2402030782530385800454550524F4D2045DC
S21403F2506E643A20202020202020202020202020FA
S21403F2602020202030782530385800496D616765A6
S21403F27020496E666F2053746172743A20202020F2
S21403F2802020202020202030782530385800536155
S21403F2907665205261746520286279746573292027
S21403F2A02020202020202020202030782530385889
S21403F2B0004F6666736574206F6620646F776E6CA6
S21403F2C06F6164206F66667365742020203078252E
S21403F2D0303858004F6666736574206F6620454263
S21403F2E04C206F66667365743A2020202020202009
S21403F2F0307825303858004F6666736574206F661D
S21403F30020696D6167652073746172743A202020EA
S21403F31020202030782530385800736C5F7A696770
S21403F3206265655F61665F6F74615F73746F726158
S21403F33067655F6472697665725F726561645F6351
S21403F340622829206661696C656421004261642035
S21403F3506D61676963206E756D62657220696E20E4
S21403F36066696C653A203078253032582030782527
S21403F37030325820307825303258203078253032D5
S21403F38058004261642076657273696F6E20696EF9
S21403F3902066696C652030782530345800457272D3
S21403F3A06F723A2072656164416E6456616C69647B
S21403F3B061746553746F726564496D616765282966
S21403F3C020747269656420746F2072656164206DB1
S21403F3D06F72652064617461207468616E2069745D
S21403F3E020636F756C6420686F6C642E00736C5FAB
S21403F3F07A69676265655F61665F6F74615F737480
S21403F4006F726167655F6472697665725F72656164
S21403F410645F63622829204641494C454421004CD9
S21403F420617374206F666673657420646F776E6CA1
S21403F4306F616465643A2030782530385800537419
S21403F4406F72616765204D6F64756C653A204F5423
S21403F450412053696D706C652053746F72616765E4
S21403F46020506C7567696E00496D6167657320533C
S21403F470746F7265643A20202564206F6620310A13
S21403F48000253032583A0065702025303258206304
S21403F4906C757320253034582061747472202530BF
S21403F4A034582073767220256300206D6667202506
S21403F4B030325800207265706F7274206D696E204A
S21403F4C025303458206D61782025303458207270EA
S21403F4D0742D63686720253038580020726563658D
S21403F4E06976652066726F6D202530345820657006
S21403F4F020253032582074696D656F757420253069
S21403F500345800636C6561720072656D6F766500D2
S21403F510636C656172696E67206C617374207265D3
S21403F520706F72742074696D65206F6620616C6CF1
S21403F530206174747269627574657300746573749C
S21403F540696E672074696D696E67206F66207661E1
S21403F55072696F7573207265706F7274696E672057
S21403F5606F7065726174696F6E73002D2D2D2D2D6E
S21403F5702D2D2D2D2D2D2D2D2D2D2D2D2D2D2D2DB3
S21403F5802D2D2D2D2D2D2D2D2D2D2D2D2D2D2D2DA3
S21403F5902D2D2D2D2D2D2D2D2D2D002D2D74616210
S21403F5A06C65207265616473202D2066756C6C2013
S21403F5B07461626C652D2D00726573756C74203DE5
S21403F5C0202564206D73002D2D696E6974202F200D
S21403F5D07363686564756C65207469636B2D2D2D84
S21403F5E0002D2D6C6F616420636F6E66696775729C
S21403F5F06174696F6E2064656661756C74732D2D16
S21403F600002F686F6D652F72756E6E65722F776F3C
S21403F610726B2F747579612D7A69676265652D73D0
S21403F62077697463682F747579612D7A6967626583
S21403F630652D7377697463682F73696C6162735F92
S21403F640746F6F6C732F73696D706C69636974790B
S21403F6505F73646B2F70726F746F636F6C2F7A694E
S21403F660676265652F6170702F6672616D65776F6F
S21403F670726B2F706C7567696E2F7265706F72741C
S21403F680696E672F7265706F7274696E672E63009A
S21403F690524541445F5250545F434647007265618A
S21403F6A0645F7265706F7274696E675F636F6E66B0
S21403F6B0696775726174696F6E005265706F7274F4
S21403F6C0696E673A206661696C656420746F20739F
S21403F6D0656E6420257320726573706F6E73653A6A
S21403F6E020307825303258004552523A20726561F0
S21403F6F064696E6720636C75737465722030782551
S21403F7003034582061747472696275746520307879
S21403F710253034583A203078253032580045525236
S21403F7203A207265706F7274696E67206F66204C3C
S21403F7304F4E4720737472696E67206174747269E2
S21403F740627574652074797065206E6F74207375A6
S21403F75070706F727465643A20636C757374657247
S21403F7602030782530345820617474726962757459
S21403F7706520307825303458005265706F7274698E
S21403F7806E6720456E7472792046756C6C202D204A
S21403F7906372656174696E67206E65772072657043
S21403F7A06F7274004346475F52505400202D206406
S21403F7B06972656374696F6E3A253032582C20611E
S21403F7C07474723A2530345800202020747970659A
S21403F7D03A253032582C206D696E3A253034582C31
S21403F7E0206D61783A253034580020202063686104
S21403F7F06E67653A0020202074696D656F75743AEC
S21403F8002530345800636F6E6669677572655F727C
S21403F81065706F7274696E67002054434C4B207595
S21403F820706461746520616C726561647920696EC9
S21403F8302070726F6772657373004D616E75616CCD
S21403F8402054434C4B20757064617465206661696F
S21403F8506C65642E2573005374617274696E672039
S21403F8607570646174652074727573742063656E55
S21403F870746572206C696E6B206B65792070726F8D
S21403F8806365737300557064617465205443204C3C
S21403F890696E6B204B657900204E6577206B657922
S21403F8A02065737461626C69736865643A00204509
S21403F8B072726F723A00506172746E65723A20000B
S21403F8C05A434C20676C6F62616C20636C7573746B
S21403F8D0657220636F6D6D616E6473006469726533
S21403F8E06374696F6E00646973632D636F6D2D6750
S21403F8F0656E00646973632D636F6D2D72656300B7
S21403F9006578706563742D7265706F72742D667298
S21403F9106F6D2D6D6500757772697465006E77720D
S21403F920697465007265706F72742D726561640028
S21403F93073656E642D6D652D612D7265706F7274BF
S21403F9400043726561746573206120676C6F626142
S21403F9506C20646973636F76657220636F6D6D6187
S21403F9606E6420666F7220746865206173736F63BC
S21403F97069617465642076616C7565732E00636CCB
S21403F980757374657249641F617474726962757401
S21403F9906549641F6D61784E756D626572546F526A
S21403F9A065706F72741F00437265617465732061BE
S21403F9B020676C6F62616C2073656E64206D6520D2
S21403F9C061207265706F727420636F6D6D616E6413
S21403F9D020666F7220746865206173736F63696154
S21403F9E07465642076616C7565732E00636C75733D
S21403F9F074657249641F61747472696275746549CB
S21403FA00641F64617461547970651F6D696E526515
S21403FA10706F727454696D651F6D61785265706F8F
S21403FA20727454696D651F7265706F727461626C6F
S21403FA30654368616E67651F00437265617465732D
S21403FA40206120676C6F62616C207265616420724E
S21403FA5065706F7274696E6720636F6D6D616E6437
S21403FA6020666F7220746865206173736F636961C3
S21403FA7074656420636C75737465722C206174748A
S21403FA8072696275746520616E642073657276654B
S21403FA90722F636C69656E7420646972656374693A
S21403FAA06F6E2E00636C757374657249641F6174A0
S21403FAB07472696275746549641F646972656374F8
S21403FAC0696F6E1F00476C6F62616C207265706FA2
S21403FAD07274696E6720636F6D6D616E6400656E28
S21403FAE064706F696E741F636C75737465724964B2
S21403FAF01F61747472696275746549641F6D6173FE
S21403FB006B1F0043726561746573206120676C6FB9
S21403FB1062616C207265616420636F6D6D616E64F3
S21403FB20206D65737361676520746F207265616409
S21403FB302066726F6D2074686520636C75737465D8
S21403FB407220616E642061747472696275746520D4
S21403FB507370656369666965642E00636C75737498
S21403FB60657249641F617474726962757465496469
S21403FB701F0043726561746573206120676C6F6252
S21403FB80616C20777269746520636F6D6D616E6456
S21403FB90206D65737361676520746F20777269746F
S21403FBA06520746F2074686520636C757374657262
S21403FBB020616E6420617474726962757465207363
S21403FBC0706563696669656400636C7573746572F2
S21403FBD049641F61747472696275746549641F743D
S21403FBE07970651F646174611F0043726561746593
S21403FBF02061206578706563742D7265706F72740A
S21403FC002D66726F6D2D6D65206D65737361676507
S21403FC102077697468206173736F636961746564C0
S21403FC202076616C7565732E00636C7573746572EC
S21403FC3049641F61747472696275746549641F74DC
S21403FC40696D656F75741F00437265617465206125
S21403FC5020446973636F76657220436F6D6D616EC2
S21403FC6064732047656E65726174656420636F6DA7
S21403FC706D616E642077697468206173736F63695E
S21403FC80617465642076616C7565732E00636C75AC
S21403FC907374657249641F7374617274436F6D6D18
S21403FCA0616E6449641F6D6178436F6D6D616E6448
S21403FCB049641F0053657473207468652064697211
S21403FCC0656374696F6E20666F7220676C6F62611E
S21403FCD06C20636F6D6D616E64732C206569746848
S21403FCE0657220636C69656E7420746F2073657229
S21403FCF0766572206F722073657276657220746FF4
S21403FD0020636C69656E742E0053657473206120DE
S21403FD10666C616720736F2074686174207468650D
S21403FD20206170706C69636174696F6E20667261BE
S21403FD306D65776F726B2057494C4C204E4F54209D
S21403FD40726573706F6E6420746F20746865206EBE
S21403FD50657874205A434C206D657373616765201C
S21403FD607468617420636F6D657320696E206F76A7
S21403FD70657220746865206169722E00536574731A
S21403FD80206120666C616720736F2074686174203D
S21403FD90746865206170706C69636174696F6E2046
S21403FDA06672616D65776F726B2057494C4C207293
S21403FDB06573706F6E6420746F20746865206E655B
S21403FDC07874205A434C206D65737361676520749D
S21403FDD068617420636F6D657320696E206F766546
S21403FDE07220746865206169722E005365747320EF
S21403FDF07468652044697361626C65204465666156
S21403FE00756C7420526573706F6E736520467261ED
S21403FE106D6520436F6E74726F6C20626974207414
S21403FE206F2075736520666F7220746865206E6533
S21403FE30787420636F6D6D616E64206966207468E4
S21403FE406520636F6D6D616E64206973206E6F74D9
S21403FE5020616C7265616479206275696C742E002A
S21403FE6064697361626C6544656661756C7452653A
S21403FE7073706F6E73651F005365747320746865C3
S21403FE8020666C616720746F2075736520746865DF
S21403FE9020696E6372656D656E7465642073657143
S21403FEA075656E6365206E756D6265722066726F2A
S21403FEB06D20746865206672616D65776F726B205E
S21403FEC0666F7220746865206E6578742072617739
S21403FED020636F6D6D616E642E007573654E657875
S21403FEE07453657175656E63651F00436C692063A3
S21403FEF06F6D6D616E6420746F2063616C6C20732C
S21403FF006C5F7A69676265655F61665F7365745F78
S21403FF1074696D652066756E6374696F6E20646FB1
S21403FF2063756D656E74656420696E2061662E6800
S21403FF300075746354696D651F005365747320748C
S21403FF4068652074776F2062797465206D616E75BD
S21403FF50666163747572657220737065636966693A
S21403FF6063206964656E74696669657220746F20C0
S21403FF7075736520666F7220746865206E65787485
S21403FF8020636F6D6D616E642069662074686520FA
S21403FF90636F6D6D616E64206973206E6F7420618C
S21403FFA06C7265616479206275696C742E006D6687
S21403FFB067537065636966696349641F006E6F748F
S21403FFC02000534C5F5354415455535F4E4554578A
S21403FFD04F524B5F555020307825303458005472BA
S21403FFE07573742043656E746572204555492068A1
S21403FFF061732025736368616E6765642E00534CD6
S2140400005F5354415455535F4E4554574F524B5FBC
S214040010444F574E00534C5F5354415455535F4E10
S2140400204F545F4A4F494E454400534C5F53544126
S2140400305455535F5A49474245455F4E4554574FBA
S214040040524B5F4F50454E45443A20256420736515
S2140400506300534C5F5354415455535F5A494742C7
S21404006045455F4E4554574F524B5F434C4F53459F
S214040070440025733A2025730064697374726962B8
S214040080757465640063656E7472616C697A656420
S21404009000466F726D002573696E67206F6E20636D
S2140400A0682025642C2070616E49642030782530E1
S2140400B03458004572726F723A20446576696365F7
S2140400C020646F6573206E6F7420737570706F7222
S2140400D074202573206E6574776F726B20666F725A
S2140400E06D6174696F6E004A6F696E00496E766161
S2140400F06C69642053656375726974792050726FF5
S21404010066696C653A2030782530325800704A6F3C
S214040110696E20666F72202564207365633A20300A
S2140401207825303258004C696D6974696E672064AE
S21404013075726174696F6E206F66207065726D6982
S21404014074206A6F696E2066726F6D20666F7265C2
S21404015076657220283235352920746F203235347E
S2140401600052583A205A444F2C20636F6D6D616ECE
S21404017064203078253034582C2073746174757379
S2140401803A203078253032580053696D706C65001B
S21404019052583A2025732044657363205265737061
S2140401A0004D61746368002C204D61746368657348
S2140401B03A2025640044657669636520416E6E6F57
S2140401C0756E63653A203078253034580052583AB4
S2140401D02049454545204164647265737320526521
S2140401E073706F6E73650052583A20416374697673
S2140401F06520455020526573706F6E73652C2043DE
S2140402006F756E743A202564004E6F6465002C206A
S2140402104D6174636865733A20307825303458002D
S214040220737461636B207665722E205B25642E25BD
S214040230642E256400202573206275696C6420256D
S214040240645D005A444F00534500484100436C75B2
S2140402507374657200476C6F62616C002573747802
S214040260203078253038582C200050726F66696C20
S214040270653A2025732028307825303458292C20D8
S214040280436C75737465723A203078253034582C74
S2140402902025642062797465732C00205A434C2010
S2140402A0257320436D642049443A20256400507227
S2140402B0652D52656C6561736500416C70686120DC
S2140402C03100416C706861203200416C70686120B6
S2140402D03300426574612031004265746120320047
S2140402E0426574612033004741005265736574208B
S2140402F0696E666F3A203078253032582028257388
S214040300290064656C6574652062696E64696E674D
S2140403103A20253032582025303258000102030492
S21404032005060708090A0B0C000101010101010179
S2140403300101010101005752495445204552523AE1
S214040340200025736570202530325820636C757341
S2140403502025303458206174747220253034582097
S2140403606E6F7420737570706F7274656400257395
S214040370696E76616C696420646174612074797056
S2140403806500257361747472206E6F7420777269C9
S2140403907461626C650057524954453A206E6F206A
S2140403A077726974652C206A75737420612074658D
S2140403B0737400524541443A2061747472696275DC
S2140403C074652073697A6520746F6F206C61726738
S2140403D06520666F722063616C6C657200636C6E78
S2140403E074007372767200525700524F00202052E7
S2140403F0414D20200020746F6B656E200065787474
S21404040065726E2000454E44504F494E54202530A8
S214040410325800636C7573202F2073696465202F2F
S2140404202061747472202F206D666720202F7479E3
S2140404307065286C656E292F207277202F207374C0
S2140404406F72616765202F20646174612028726171
S21404045077290025303458202F202573202F202577
S214040460303458202F2000202F20253032582028C2
S2140404702530325829202F202573202F202573203D
S2140404802F2000556E737570706F72746564004F1C
S214040490544120524541443A2065703A253032583A
S2140404A0206369643A253034582061747469643A68
S2140404B025303458206D736B3A25303258206D66DB
S2140404C0636F64653A2530345800524541443A20F7
S2140404D0636C757320253034582C20617474722034
S2140404E025303458206661696C656420253032589E
S2140404F000524541443A20636C75732025303458C5
S2140405002C206174747220253034582C2064617455
S214040510614C656E3A20253032582C204F4B00280B
S214040520256329253032582530325825303258254F
S2140405303032582530325825303258253032582536
S2140405403032580064697361626C65002573642CEC
S2140405502064726F7070696E67206570203078252D
S21404056030325820636C7573203078253034582028
S214040570636D64203078253032580047656E6572A6
S21404058061746564005265636569766564004469F0
S21404059073636F76657220436F6D6D616E6473204E
S2140405A0726573706F6E73652028636F6D706C650B
S2140405B074653A202563292C202573204944733A10
S2140405C0200030782530325820005F4558540052B9
S2140405D04541445F415454520057524954453A20C9
S2140405E0636C75732025303458206174747220252A
S2140405F030345820004641494C20253032580057A4
S214040600524954453A20746F6F2073686F727400B1
S214040610444953435F4154545200257325733A208A
S214040620636C757320253034580053766320446910
S21404063073633A2000257357616974696E672025D1
S214040640642073656320666F7220646973636F76D3
S21404065065727920746F20636F6D706C65746500C5
S214040660537461746520636F72726573706F6E6421
S214040670696E6720746F20746865207468652072DC
S214040680657175657374206E6F7420666F756E641D
S2140406900A002573636F6D706C6574652E0A0025F9
S2140406A0735365727669636520446973636F766510
S2140406B07279205374617465206C696D6974732053
S2140406C0726561636865640A002573496C6C6567C6
S2140406D0616C2062726F6164636173742061646428
S2140406E0726573732C2072656D617070696E672015
S2140406F0746F2076616C6964206F6E652E002573B6
S2140407004661696C656420746F2073656E64206D41
S2140407106174636820646973636F766572793A20DE
S2140407203078253032580025735374617274696EBC
S2140407306720646973636F7665727920666F7220CA
S214040740636C7573746572203078253034580025D0
S214040750734661696C656420746F2073656E6420EB
S21404076073696D706C652064657363726970746F09
S2140407707220726571756573743A2030782530324C
S214040780580025734661696C656420746F20736530
S2140407906E64204945454520616464726573732020
S2140407A0726571756573743A203078253032580056
S2140407B025734661696C656420746F2073656E6486
S2140407C0204E574B206164647265737320726571A2
S2140407D0756573743A203078253032580045727245
S2140407E06F723A202573206261642073696D706CA1
S2140407F0652064657363726970746F72206C656ECD
S2140408006774682E0025734D65737361676520747D
S2140408106F6F2073686F72740025734D6573736110
S214040820676520746F6F2073686F727420666F72CA
S214040830206E756D2E20656E64706F696E7473001D
S21404084025734D61746368257320666F756E642026
S21404085066726F6D203078253034582E00457272DB
S2140408606F723A20257320696E76616C6964206C19
S214040870656E6774682028256420213D2025642938
S21404088020666F722041637469766520456E6470D5
S2140408906F696E7420726573706F6E73650025736E
S2140408A0676F7420616374697665204550207265AD
S2140408B073706F6E7365005554432074696D653AA2
S2140408C02025642F25642F25642025643A25643A60
S2140408D02564202825303858290028556E6B6E6FFD
S2140408E0776E20636C75732E205B30782530345811
S2140408F05D29000D0A54253038583A005258206CA9
S214040900656E2025642C20657020253032582C20F6
S214040910636C7573203078253034582000206D665B
S2140409206749642025303458002046432025303259
S2140409305820736571202530325820636D64202555
S214040940303258207061796C6F61645B0042617369
S2140409506963004F76657220746865204169722069
S214040960426F6F746C6F6164696E670025735258CA
S21404097020706B7420746F6F2073686F72743A20E3
S2140409802564203C202564002573525820706B741F
S214040990206D616C666F726D65643A202564203C38
S2140409A02025640020204861766520526F757465A2
S2140409B07220537570706F7274002020456E642028
S2140409C0446576696365204F6E6C79002020456E19
S2140409D061626C656400202044697361626C6564BE
S2140409E0004572726F722072657472696576696EFC
S2140409F06720696E666F20666F72206C696272612A
S214040A007279204944202564002573206C6962723B
S214040A1061727925732070726573656E74005A6905
S214040A20676265652050726F0042696E64696E671E
S214040A3000536563757269747920436F7265005359
S214040A4065637572697479204C696E6B204B6579A1
S214040A50730043424B45203136334B310043424BFF
S214040A604520445341205369676E00454343004381
S214040A70424B4520445341205665726966790050BE
S214040A8061636B65742056616C6964617465005AB1
S214040A904C4C0043424B45203238334B31004543DF
S214040AA043203238334B310043424B4520636F7248
S214040AB065004E4350004D756C7469206E657477FE
S214040AC06F726B00456E68616E6365642042656193
S214040AD0636F6E205265710043424B4520323833B3
S214040AE04B312044534120566572696679004D7532
S214040AF06C74692D50414E002F686F6D652F7275AA
S214040B006E6E65722F776F726B2F747579612D7A9E
S214040B1069676265652D7377697463682F74757980
S214040B20612D7A69676265652D7377697463682FCA
S214040B3073696C6162735F746F6F6C732F73696D26
S214040B40706C69636974795F73646B2F70726F7409
S214040B506F636F6C2F7A69676265652F7374616360
S214040B606B2F636F6E6669672F736C5F7A69676253
S214040B7065655F636F6E66696775726174696F6ECB
S214040B802E63002F686F6D652F72756E6E65722FFB
S214040B90776F726B2F747579612D7A6967626565F4
S214040BA02D7377697463682F747579612D7A696714
S214040BB06265652D7377697463682F73696C616207
S214040BC0735F746F6F6C732F73696D706C69636990
S214040BD074795F73646B2F70726F746F636F6C2FAE
S214040BE07A69676265652F737461636B2F667261D9
S214040BF06D65776F726B2F6165732D6563622E6307
S214040C00002F686F6D652F72756E6E65722F776F25
S214040C10726B2F747579612D7A69676265652D73B9
S214040C2077697463682F747579612D7A696762656C
S214040C30652D7377697463682F73696C6162735F7B
S214040C40746F6F6C732F73696D706C6963697479F4
S214040C505F73646B2F70726F746F636F6C2F7A6937
S214040C60676265652F737461636B2F736563757252
S214040C706974792F7A69676265652D736563757221
S214040C806974792D6D616E616765722D6E6F2D7650
S214040C9061756C742E63004572726F723A2020463A
S214040CA061696C656420746F207265616420667285
S214040CB06F6D20454550524F4D2061742030782585
S214040CC034582C207374617475733A202564004577
S214040CD04550524F4D20496E697469616C697A6556
S214040CE0643A20256300454550524F4D20427573A3
S214040CF0793A202563005061727469616C20576FDD
S214040D0072642053746F7261676520436F756E74E6
S214040D103A20256400416464726573733A2030781F
S214040D202534582C205061727469616C20576F7298
S214040D30643A203078255800636F6E6669726D6574
S214040D406400617373756D6564000A454550524FBF
S214040D504D20496E666F004E6F7420617661696C33
S214040D6061626C6520286F6C64657220626F6F74B4
S214040D706C6F6164657229005061727420446573F7
S214040D806372697074696F6E3A20202020202020D8
S214040D902020202573004361706162696C69746960
S214040DA065733A2020202020202020202020202088
S214040DB0203078253258005061676520457261738B
S214040DC0652074696D65202873293A202020202028
S214040DD02025640050617274204572617365207426
S214040DE0696D65202873293A202020202020256458
S214040DF000506172742045726173652074696D6574
S214040E0020286D73293A20202020202025640050B5
S214040E106167652073697A65202862797465732929
S214040E203A202020202020202020256C00506172AB
S214040E30742073697A6520286279746573293A2068
S214040E402020202020202020256C00576F7264204C
S214040E5073697A6520286279746573293A2020209C
S214040E6020202020202025642028257029004545A0
S214040E7050524F4D20696E69743A203078255800D8
S214040E802F686F6D652F72756E6E65722F776F7231
S214040E906B2F747579612D7A69676265652D737732
S214040EA0697463682F747579612D7A6967626565FC
S214040EB02D7377697463682F73696C6162735F74EA
S214040EC06F6F6C732F73696D706C69636974795F87
S214040ED073646B2F7574696C2F706C7567696E2FED
S214040EE0706C7567696E2D636F6D6D6F6E2F6565BB
S214040EF070726F6D2F656570726F6D2E6300556E20
S214040F0061626C6520746F20626F6F7420696D6116
S214040F10676520617420736C6F7420256C640A0006
S214040F20536C6F74204D616E6167657220666169EB
S214040F306C656420746F20657261736520736C6FD2
S214040F40740A004D61782072656164206C696D696D
S214040F50742073657420746F202564206279746528
S214040F60730A004164647265737320202020202075
S214040F7020202020446174610A00307825346C787F
S214040F8020202020202020307825780A0046616919
S214040F906C656420746F20726561642066726F6D80
S214040FA020666C6173680A00536C6F7420256C6449
S214040FB00A20204164647265737320202020203A3E
S214040FC020307825346C580A20204C656E67746887
S214040FD02020202020203A20307825346C582028E1
S214040FE0256C64206279746573290A00202054797C
S214040FF0706520202020202020203A20004E6F20DC
S21404100047424C2070726573656E740A005A6967AD
S2140410104265650A005468726561640A00436F6E2F
S2140410206E6563740A00426C7565746F6F74680A43
S21404103000426C7565746F6F7468206170706C69BB
S214041040636174696F6E0A004D43550A004F7468F5
S214041050657220283078256C58290A0020205665A9
S2140410607273696F6E20202020203A203078256C19
S214041070580A0020204361706162696C697469656E
S214041080733A20307825346C580A00202050726F4A
S2140410906475637420494420203A2000307825582B
S2140410A02000536C6F74204D616E616765723A2040
S2140410B06661696C656420746F20696E6974696121
S2140410C06C697A6520626F6F746C6F6164657220F8
S2140410D0286572726F72203078253478290A005693
S2140410E0657273696F6E20202020203A2025640ADA
S2140410F0005061727420202020202020203A2025D1
S214041100730A004361706162696C69746965733A55
S21404111020307825780A00506172742073697A65E5
S2140411202020203A20256420420A0050616765206A
S21404113073697A652020203A20256420420A0057E5
S2140411406F72642073697A652020203A2025642013
S214041150420A00536C6F7473202020202020203A0B
S2140411602025640A004661696C656420746F2072E9
S2140411706561642066726F6D2073746F7261676553
S21404118020666C61736820286572726F722025640D
S214041190290A00496E76616C696420736C6F74204A
S2140411A0256420286D617820736C6F74202564296B
S2140411B00A004661696C656420746F206765742054
S2140411C0696E666F20666F7220736C6F7420256478
S2140411D00A00536C6F74204D616E616765723A2025
S2140411E0736C6F74207772697465206661696C75B8
S2140411F072652E2041646472657373206F6666732D
S21404120065742028256429202B207772697465204C
S2140412106C656E677468202825642920677265618A
S214041220746572207468616E20746F74616C2073C8
S2140412306C6F74206C656E67746820282564290AB0
S21404124000536C6F74204D616E6167657220776120
S214041250726E696E673A20736C6F74202564206C16
S214041260656E6774682028256429206E6F74206173
S2140412706C69676E656420746F207061676520739F
S214041280697A6520282564292E2054686520656EB1
S2140412907469726520736C6F742077696C6C206E49
S2140412A06F74206265206572617365642E0A00534C
S2140412B06C6F74204D616E616765723A2066616971
S2140412C06C656420746F20657261736520256420E4
S2140412D0627974657320696E20736C6F742025645C
S2140412E020617420616464726573732030782534D9
S2140412F07820286572726F722030782578290A0063
S2140413004572617365642025642062797465732070
S214041310696E20736C6F742025640A004661696CDC
S214041320656420746F2073657420736C6F74207406
S2140413306F20626F6F7420286572726F7220307827
S214041340253478290A004661696C656420746F2028
S214041350736574206C697374206F6620736C6F7485
S2140413607320746F20626F6F7420286572726F72B8
S214041370203078253478290A004661696C65642033
S214041380746F20676574206E6577206C69737420AB
S2140413906F6620736C6F747320746F20626F6F7443
S2140413A020286572726F72203078253478290A00F6
S2140413B0426567696E6E696E6720696D6167652050
S2140413C0766572696669636174696F6E2E2E2E0087
S2140413D02E6661696C65642120284572726F7220DE
S2140413E03078253478290A002E7061737365642179
S2140413F020426F6F74696E6720736C6F7420256467
S2140414000A00666E692B00666E69006E616E006681
S2140414106E692D006C696273006273656E64007297
S21404142065736574007261770073656E645F6D75CD
S2140414306C7469636173740073656E642D75736987
S2140414406E672D6D756C7469636173742D62696E55
S21404145064696E670074696D6573796E63006765A9
S214041460742D7074692D726164696F2D636F6E6676
S214041470696700636F6E6669672D6363612D6D6FC0
S2140414806465006576656E7473007365637572696A
S2140414907479007A69676265655F7072696E740054
S2140414A0706C7567696E006E6574006B65797300A1
S2140414B06F7074696F6E00706C7567006368616E38
S2140414C067656B6579006368616E67656B007A644F
S2140414D06F007072696E742072656C617465642046
S2140414E0636F6D6D616E64732E0061747472005A5E
S2140414F0646F2072656C6174656420636F6D6D61E2
S2140415006E64732E00726F75746500706F77657203
S214041510006D676D742D6C7169006D676D742D6256
S214041520696E64006E6F64650073696D706C650047
S2140415306965656500756E62696E64006E776B2D0D
S214041540757064006F75742D636C2D6C697374000C
S214041550696E2D636C2D6C697374005A646F206910
S2140415606E2D636C2D6C6973742072656C61746582
S2140415706420636F6D6D616E64732E005A646F2011
S2140415806F75742D636C2D6C6973742072656C6151
S21404159074656420636F6D6D616E64732E005A64A7
S2140415A06F206E776B2D7570642072656C61746540
S2140415B06420636F6D6D616E64732E007363616E79
S2140415C02D6368616E2D6D61736B007363616E00CD
S2140415D06368616E5067006368616E005A646F20CA
S2140415E0756E62696E642072656C617465642063EE
S2140415F06F6D6D616E64732E00756E6963617374CE
S214041600006368616E67656B65792072656C6174EA
S214041610656420636F6D6D616E64732E006C696E15
S2140416206B004F7074696F6E2072656C61746564CC
S21404163020636F6D6D616E64732E007265676973E7
S214041640746572006469736300696E7374616C6CAC
S2140416502D636F64650062696E64696E672D7461DC
S214041660626C65007072696E742D72782D6D736786
S21404167073006170737265747279004150532072FE
S2140416806574727920666C616720666F7263652084
S214041690636F6D6D616E647300456E61626C657335
S2140416A02F44697361626C6573207072696E746925
S2140416B06E67206F66205278206D65737361676568
S2140416C0732E00656E61626C650042696E64696EB5
S2140416D067207461626C652072656C617465642051
S2140416E0636F6D6D616E64732E0053656375726906
S2140416F07479206B6579732072656C6174656420F7
S214041700636F6D6D616E64732E0064656C657465DD
S214041710004E6574776F726B2072656C61746564D5
S21404172020636F6D6D616E64732E00666F726D005C
S21404173072656A6F696E2D646966662D646576697E
S21404174063652D747970650065787470616E69647C
S2140417500069736F70656E0062726F61642D706AE3
S2140417606F696E006368616E67652D6368616E6E8F
S214041770656C00696E6974006368616E67652D6BDD
S2140417806565702D616C6976652D6D6F6465007492
S214041790696D656F75742D6F7074696F6E2D6D61EC
S2140417A0736B006D756C74692D7068792D73746134
S2140417B07274006D756C74692D7068792D73746F0E
S2140417C0700066696E64006E6574776F726B20666F
S2140417D0696E6420636F6D6D616E64732E006A6F4C
S2140417E0696E61626C6500756E7573656400736C12
S2140417F06F742D6D616E6167657200636F756E74CC
S21404180065727300656E642D6465766963652D7311
S2140418107570706F72740066696E642D616E642DE7
S21404182062696E6400667261676D656E7461746980
S2140418306F6E0067726F7570732D7365727665725E
S214041840006E6574776F726B2D7374656572696E5E
S21404185067006F74612D626F6F746C6F6164006FE4
S21404186074612D636C69656E74006F74612D737496
S2140418706F726167652D636F6D6D6F6E006F746157
S2140418802D73746F726167652D656570726F6D0078
S21404189069646C652D736C6565700075706461743D
S2140418A0652D74632D6C696E6B2D6B657900757090
S2140418B0646174652D74632D6C696E6B2D6B65792C
S2140418C02072656C6174656420636F6D6D616E640F
S2140418D0730074696D6572006E6F7700436F6D6D8B
S2140418E0616E647320746F20636F6E74726F6C2005
S2140418F069646C696E672F736C656570696E6720C2
S2140419006F66207468652064657669636500666F33
S2140419107263652D6177616B65006177616B652D18
S2140419207768656E2D6E6F742D6A6F696E656400D8
S2140419307265706F7274696E672072656C61746527
S2140419406420636F6D6D616E64732E00636C6561F5
S214041950722D6C6173742D7265706F72742D746958
S2140419606D6500746573742D74696D696E67006FB8
S21404197074612D73746F726167652D656570726F1F
S2140419806D2072656C6174656420636F6D6D616E45
S21404199064732E0077697065006F74612D73746FBD
S2140419A0726167652D636F6D6D6F6E2072656C6115
S2140419B074656420636F6D6D616E64730070726924
S2140419C06E74496D616765730072656C6F6164005F
S2140419D073746F726167652D696E666F00646174F7
S2140419E0612D7072696E74006F74612D636C696525
S2140419F06E742072656C6174656420636F6D6D61CE
S214041A006E64732E0076657269667900626C6F6325
S214041A106B2D7465737400706167652D72657175DE
S214041A2065737400757067726164652D726571758F
S214041A306573740064697361626C652D646F776E98
S214041A4067726164657300656E61626C652D646FB0
S214041A50776E677261646573006F74612D626F6F71
S214041A60746C6F61642072656C6174656420636F66
S214041A706D6D616E6473006E6574776F726B2D7333
S214041A8074656572696E672072656C61746564203E
S214041A90636F6D6D616E64732E007072652D636F77
S214041AA06E666967757265642D6B65792D736574EA
S214041AB0006D61736B2072656C6174656420636F7E
S214041AC06D6D616E642E007375627472616374006A
S214041AD067726F7570732D736572766572207265A2
S214041AE06C6174656420636F6D6D616E64732E0043
S214041AF0667261676D656E746174696F6E20726577
S214041B006C6174656420636F6D6D616E64732E0022
S214041B107365742D72782D77696E646F772D73698B
S214041B207A65006172746966696369616C2D626CBA
S214041B306F636B2D64726F700046696E6420616E0D
S214041B40642062696E642072656C617465642063E7
S214041B506F6D6D616E64732E00696E69746961746D
S214041B606F7200656E642D6465766963652D7375A2
S214041B7070706F72742072656C6174656420636F34
S214041B806D6D616E64732E00706F6C6C2D636F6D7B
S214041B90706C657465642D63616C6C6261636B0064
S214041BA0666F7263652D73686F72742D706F6C6CDC
S214041BB000656E61626C655F74797065007374614C
S214041BC0636B00617070007A636C006C65676163B8
S214041BD0795F61665F646562756700636F756E74CE
S214041BE06572732072656C6174656420636F6D6DD5
S214041BF0616E64732E007072696E742D636F756EF9
S214041C007465722D747970650073696D706C652DDA
S214041C107072696E74007072696E742D7468726581
S214041C2073686F6C6473007365742D74687265737F
S214041C30686F6C640072657365742D74687265737E
S214041C40686F6C64730073656E642D726571756578
S214041C5073740073656375726974792072656C6158
S214041C6074656420636F6D6D616E64730073657470
S214041C702D616C6C6F772D74727573742D63656E3D
S214041C807465722D72656A6F696E2D7573696E67F9
S214041C902D77656C6C2D6B6E6F776E2D6B6579008A
S214041CA07365742D616C6C6F772D74727573742DF7
S214041CB063656E7465722D72656A6F696E2D7573D1
S214041CC0696E672D77656C6C2D6B6E6F776E2D6BFA
S214041CD065792D74696D656F7574007365742D6B05
S214041CE065792D726571756573742D706F6C696393
S214041CF079006D66672D746F6B656E006170730096
S214041D005365637572697479206170732072656CAB
S214041D106174656420636F6D6D616E64732E004735
S214041D2065742F736574204D464720746F6B656E1B
S214041D302E00656E64706F696E742072656C6174D3
S214041D40656420636F6D6D616E64732E00656570E7
S214041D50726F6D207574696C6974792072656C6134
S214041D6074656420636F6D6D616E647300536C6F8D
S214041D7074204D616E616765722072656C6174656E
S214041D806420636F6D6D616E647300626F6F742D93
S214041D90736C6F740065726173652D736C6F740079
S214041DA06578742D666C6173682D696E666F007352
S214041DB06C6F74732D696E666F005072696E7473FF
S214041DC02074696D652E005072696E747320617498
S214041DD0747269627574652E00436C656172732053
S214041DE0746865205A444F206C697374206F6620AB
S214041DF0636C69656E742028696E2920636C75733C
S214041E00746572732E004164647320636C75737416
S214041E1065727320746F20746865206B6E6F776EBE
S214041E2020636C69656E742028696E2920636C755E
S214041E307374657273206F6E2074686973206465AA
S214041E40766963652E00436C6561727320746865F9
S214041E50205A444F206C697374206F6620636C6943
S214041E60656E7420286F75742920636C75737465A9
S214041E7072732E004164647320636C7573746572A8
S214041E807320746F20746865206B6E6F776E2063A2
S214041E906C69656E7420286F75742920636C75737D
S214041EA074657273206F6E20746869732064657637
S214041EB06963652E0053656E647320616E207570C9
S214041EC064617465206368616E6E656C207265710A
S214041ED0756573742E006368616E6E656C1F0053BF
S214041EE0656E647320616E2075706461746520632A
S214041EF068616E6E656C2070616765207265712E10
S214041F002054686520737461636B2073656E647314
S214041F10206E776B20656E68616E636564207570ED
S214041F20646174652072657120666F72206E6F6ED0
S214041F302D7A65726F20706167652E006368616E26
S214041F406E656C1F706167651F00506572666F7200
S214041F506D7320616E20656E6572677920736361A8
S214041F606E2E007461726765744E6F646549641FF3
S214041F707363616E4475726174696F6E1F73636117
S214041F806E436F756E741F0042726F616463617393
S214041F90747320746865204944206F6620746865ED
S214041FA0206E6577206E6574776F726B206D616E38
S214041FB06167657220616E6420616374697665206A
S214041FC06368616E6E656C732E006E776B4D676525
S214041FD049641F6368616E6E656C4D61736B1F00A8
S214041FE0506572666F726D7320616E20656E6572E1
S214041FF06779207363616E206F6E20676976656EFD
S214042000206368616E6E656C206D61736B2E007460
S21404201061726765744E6F646549641F7363616EAD
S2140420204475726174696F6E1F7363616E436F7576
S2140420306E741F6368616E6E656C4D61736B1F0012
S21404204053656E64732061206E6574776F726B20BF
S2140420506164647265737320726571756573742048
S214042060666F722074686520676976656E204945D8
S214042070454520616464726573732E006965656501
S2140420801F00526571756573747320616E2049452F
S2140420904545206164647265737320626173656488
S2140420A0206F6E206120676976656E206E6F6465AA
S2140420B02049442E006E6F646549641F0053656EA4
S2140420C0647320612073696D706C65206465736346
S2140420D0726970746F7220726571756573742066A8
S2140420E06F72207468652073686F7274206164640C
S2140420F07265737320616E6420656E64706F696EBA
S21404210074207370656369666965642E006465731C
S214042110741F746172676574456E64706F696E745B
S2140421201F0053656E64732061206D617463684498
S214042130657363726970746F7273526571756573D3
S2140421407420746F2074686520676976656E2064F1
S214042150657374696E6174696F6E2077697468203C
S21404216074686520676976656E2070726F66696C40
S214042170652E006E6F646549641F70726F66696CC5
S214042180651F0053656E64732061206E6F6465205E
S21404219064657363726970746F72207265717565B5
S2140421A0737420746F206120676976656E2074618D
S2140421B072676574206465766963652E007461725F
S2140421C06765741F0053656E64732061205A444F1C
S2140421D02042696E6420636F6D6D616E6420746F57
S2140421E0206120646576696365207370656369663B
S2140421F069656420696E2074686520636F6D6D611F
S2140422006E6420617267756D656E74732E00446526
S2140422107374696E6174696F6E1F536F757263654C
S21404222020656E64706F696E741F44657374696E9E
S2140422306174696F6E20656E64706F696E741F6377
S2140422406C757374657249441F72656D6F74654569
S214042250554936341F6465737445554936341F0032
S21404226053656E647320616E2061637469766520BD
S214042270656E64706F696E742072657175657374CB
S21404228020746F20746865206465766963652077BA
S2140422906974682074686520676976656E2073685B
S2140422A06F72742049442E0053656E647320616E09
S2140422B020756E62696E642072657175657374202C
S2140422C0666F72206120756E69636173742062693B
S2140422D06E64696E6720746F20746865207461721A
S2140422E0676574206465766963652E007461726739
S2140422F065741F736F757263652065756936341F60
S214042300736F7572636520656E64706F696E741F93
S214042310636C757374657249441F64657374696E7F
S2140423206174696F6E45554936341F646573746904
S2140423306E6174696F6E20656E64706F696E741F6B
S2140423400053656E647320616E20756E62696E64F8
S214042350207265717565737420666F722061206DD6
S214042360756C7469636173742062696E64696E6700
S21404237020746F20746865207461726765742064C5
S21404238065766963652E007461726765741F736F82
S214042390757263652065756936341F736F7572636D
S2140423A06520656E64706F696E741F636C757374F4
S2140423B0657249441F67726F757041646472657311
S2140423C0731F0053656E64732061205A444F204D7A
S2140423D0616E6167656D656E74204C656176652017
S2140423E0636F6D6D616E6420746F2074686520740D
S2140423F06172676574206465766963652E0074612E
S214042400726765741F72656D6F76654368696C6480
S21404241072656E1F72656A6F696E1F0053656E641F
S214042420732061205A444F204D474D542D42696E07
S21404243064202842696E64696E67205461626C6524
S21404244029205265717565737420746F20746865ED
S21404245020746172676574206465766963652E000E
S2140424607461726765741F7374617274496E64650F
S214042470781F0053656E64732061205A444F204DC4
S214042480474D542D4C514920284C514920546162E3
S2140424906C6529205265717565737420746F207499
S2140424A0686520746172676574206465766963651F
S2140424B02E0053656E64732061205A444F20506F7B
S2140424C07765722044657363726970746F72205204
S2140424D065717565737420746F2074686520746103
S2140424E072676574206465766963652E0053656E4D
S2140424F064732061205A444F20726F75746520728D
S21404250065717565737420636F6D6D616E64207498
S2140425106F20746865207461726765742E00746138
S214042520726765741F696E6465781F00696E6465FA
S214042530781F65756936341F696E7374616C6C43F5
S2140425406F64651F00696E6465781F657569363447
S2140425501F6B65791F005443206C696E6B206B6596
S21404256079207265717565737420706F6C69637910
S2140425701F417070206C696E6B206B6579207265E4
S214042580717565737420706F6C6963791F00426F90
S2140425906F6C3A20616C6C6F77207472757374205C
S2140425A063656E7465722072656A6F696E207573F2
S2140425B0696E672077656C6C2D6B6E6F776E206B1B
S2140425C065791F0070726F66696C6549641F636C79
S2140425D0757374657249641F007461726765744923
S2140425E0641F00456E61626C6573207072696E7458
S2140425F0696E67206F66205278206D657373616715
S21404260065732E0053657473207468652062696E62
S21404261064696E67207461626C6500696E646578CF
S2140426201F636C75737465721F6C6F63616C4570A1
S2140426301F72656D6F746545701F65756936341F46
S21404264000436C65617273207468652062696E6409
S214042650696E67207461626C652E005072696E74D0
S21404266073207468652062696E64696E672074619D
S214042670626C6520746F2074686520636F6D6D618D
S2140426806E64206C696E652E00436C6561727320FF
S214042690616C6C207365637572697479206B6579F7
S2140426A0732E0044656C65746520746865207370C9
S2140426B065636966696564206C696E6B206B657911
S2140426C020696E6465782E005072696E747320619A
S2140426D06C6C207365637572697479206B657973A5
S2140426E02E005465726D696E617465732074686536
S2140426F0206D756C74692D50485920696E74657226
S21404270066616365005573656420746F2073746135
S2140427107274206D756C74692D50485920696E74F6
S214042720657266616365206F74686572207468619B
S2140427306E206E617469766520616E6420666F72C1
S2140427406D20746865206E6574776F726B2E2054E6
S214042750686520737461636B207573657320736199
S2140427606D652050616E4964206173206E617469E2
S214042770766520726164696F206E6574776F726B1C
S2140427802E00706167651F6368616E6E656C1F70EE
S2140427906F7765721F6F7074696F6E734D61736BBC
S2140427A020284269742030203D20526F757465726B
S2140427B07320616C6C6F7765642C204269742031D9
S2140427C0203D2042726F61646361737420616C6C97
S2140427D06F776564291F00417474656D7074732087
S2140427E0746F206368616E6765207468652063682B
S2140427F0696C642074696D656F7574206F70746994
S2140428006F6E206D61736B20746F2066696C7465DF
S21404281072206F757420756E646573697261626C7C
S214042820652076616C7565732028652E672E206E8C
S2140428306F206D6F7265207468616E20332064614A
S2140428407973292E0074696D656F7574206F7074C2
S214042850696F6E206D61736B1F00537769746368CC
S2140428606573206265747765656E2064696666655F
S21404287072656E74206B65657020616C6976652080
S2140428806D6F64657320737570706F727465642001
S2140428906279206120726F757465722E004B6565CF
S2140428A07020616C697665206D6F64651F005072D8
S2140428B0696E7473207468652063757272656E74CD
S2140428C0204E6F64652049442C2045554936342CE7
S2140428D020616E642050616E2049442E00496E6962
S2140428E07469616C697A65732061206E6574776FAC
S2140428F0726B3B2074686973206973206120746569
S214042900737420636F6D6D616E64207573656420E7
S214042910666F722074632D737761702D6F757420E3
S21404292074657374696E672E0053657473207468D7
S21404293065206E6574776F726B20696E64657820A7
S2140429407573656420627920616C6C206675747595
S214042950726520434C4920636F6D6D616E64732EFF
S21404296020204265666F72652065786563757469B4
S2140429706E67206120434C4920636F6D6D616E6401
S2140429802C20746865206672616D65776F726B20A3
S214042990737769746368657320746F2074686973E9
S2140429A0206E6574776F726B2E2020416674657294
S2140429B02074686520636F6D6D616E642066696E51
S2140429C0697368657320657865637574696E672CCA
S2140429D020746865206672616D65776F726B20730C
S2140429E077697463686573206261636B20746F2013
S2140429F07468652070726576696F7573206E657489
S214042A00776F726B2E202054686520434C492075DE
S214042A10736573207468652073616D65206E6574D4
S214042A20776F726B20696E64657820756E74696C56
S214042A3020746865206465766963652072657365CD
S214042A407473206F72206974206973206368616EE2
S214042A50676564207468726F756768207468697344
S214042A6020636F6D6D616E642E00417474656D70C5
S214042A70747320746F206368616E6765206465767E
S214042A80696365206F76657220746F2061206469BF
S214042A9066666572656E74206368616E6E656C202A
S214042AA0676976656E20696E207468652063686160
S214042AB06E6E656C20617267756D656E742E00545B
S214042AC06865206368616E6E656C20746F20636849
S214042AD0616E676520746F1F0066696E64556E7557
S214042AE073656450616E49640066696E644A6F6912
S214042AF06E61626C654E6574776F726B00506572BA
S214042B006D697473206A6F696E696E67206F6E20D4
S214042B10746865206E6574776F726B20666F7220BA
S214042B206120676976656E206E756D626572206FCA
S214042B3066207365636F6E647320414E4420627230
S214042B406F616463617374732061205A444F204D2F
S214042B50676D74205065726D6974204A6F696E697A
S214042B606E67207265717565737420746F20616C6E
S214042B706C20726F75746572732E00412073696ED3
S214042B80676C65206279746520696E646963617434
S214042B90696E6720686F77206C6F6E67207468654F
S214042BA0206465766963652073686F756C64206855
S214042BB0617665207065726D6974206A6F696E69E6
S214042BC06E67207475726E6564206F6E20666F7211
S214042BD02E20412076616C7565206F6620307866FD
S214042BE066207475726E73206F6E207065726D69E0
S214042BF074206A6F696E20696E646566696E6974AE
S214042C00656C792E1F00436865636B73206E65746C
S214042C10776F726B20706A6F696E20737461747557
S214042C20732E00577269746573207468652065781E
S214042C3074656E6465642070616E20494420666F16
S214042C407220746865206465766963652E0065780D
S214042C507470616E69641F0052656A6F696E7320D2
S214042C60616E206578697374696E67206E65747723
S214042C706F726B20696E20612073656375726520C0
S214042C806F7220696E736563757265206D616E6E12
S214042C906572207769746820612064696666657267
S214042CA0656E742064657669636520747970652E34
S214042CB000426F6F6C65616E206E6574776F726B21
S214042CC0206B657920617661696C6162696C6974F0
S214042CD0791F4368616E6E656C206D61736B1F416E
S214042CE06E20656E756D65726174696F6E20696EAF
S214042CF06469636174696E672074686520646576C8
S214042D00696365207479706520746F2072656A6FD4
S214042D10696E2061732E54686520737461636B203A
S214042D206F6E6C79206163636570747320534C5FB7
S214042D305A49474245455F454E445F4445564943D4
S214042D404520616E6420534C5F5A49474245455FAF
S214042D50534C454550595F454E445F444556494398
S214042D60452E1F0052654A6F696E732061206E659A
S214042D7074776F726B2E00426F6F6C65616E206E97
S214042D806574776F726B206B657920617661696C08
S214042D906162696C6974791F4368616E6E656C2044
S214042DA06D61736B1F004C65617665732061206EE0
S214042DB06574776F726B2E005475726E732070652F
S214042DC0726D6974206A6F696E696E67206F6E2013
S214042DD0666F722074686520616D6F756E74206FFF
S214042DE0662074696D6520696E64696361746564E0
S214042DF02E00412073696E676C65206279746520C5
S214042E00696E6469636174696E6720686F77206CA5
S214042E106F6E6720746865206465766963652073E1
S214042E20686F756C642068617665207065726D697C
S214042E3074206A6F696E696E67207475726E206F8F
S214042E406E20666F722E20412076616C7565206F49
S214042E50662030786666207475726E7320706572AC
S214042E606D6974206A6F696E20696E646566696E42
S214042E706974656C792E1F004A6F696E7320612031
S214042E806E6574776F726B206F6E2061206769764B
S214042E90656E206368616E6E656C2C207769746855
S214042EA0206120676976656E20545820506F7765D8
S214042EB07220616E642050414E2049442E005468AE
S214042EC065206368616E6E656C206F6E2077686936
S214042ED0636820746F206A6F696E20746865206E5C
S214042EE06574776F726B1F4F6E652D6279746520FB
S214042EF07369676E65642076616C756520696E64B7
S214042F0069636174696E672074686520545820503C
S214042F106F776572207468617420746865207261C6
S214042F2064696F2073686F756C64206265207365CE
S214042F307420746F1F5468652050414E2049442005
S214042F406F6E20776869636820746F206A6F696E95
S214042F5020746865206E6574776F726B1F00466F09
S214042F60726D732061206E6574776F726B206F6E5E
S214042F70206120676976656E206368616E6E656C95
S214042F802C2077697468206120676976656E205402
S214042F905820506F77657220616E642050414E2031
S214042FA049442E00546865206368616E6E656C2023
S214042FB06F6E20776869636820746F20666F726D21
S214042FC020746865206E6574776F726B1F4F6E652C
S214042FD02D62797465207369676E65642076616C0A
S214042FE0756520696E6469636174696E67207468C8
S214042FF06520545820506F77657220746861742079
S21404300074686520726164696F2073686F756C6498
S2140430102062652073657420746F1F5468652050A1
S214043020414E204944206F6E207768696368207497
S2140430306F20666F726D20746865206E6574776F96
S214043040726B1F005468697320696E6974696174D1
S214043050657320612054434C4B207570646174651D
S2140430602070726F6365647572652E0053706563B5
S2140430706966792074686520616D6F756E74206F5B
S214043080662074696D6520746F20776169742061A9
S21404309066746572206F6E652054434C4B207570C1
S2140430A064617465206F7065726174696F6E206305
S2140430B06F6D706C65746573206265666F726520EB
S2140430C0626567696E6E696E672061206E6577203B
S2140430D054434C4B20757064617465206F70657240
S2140430E06174696F6E2E0054686520616D6F756E2D
S2140430F074206F662074696D6520626574776565F3
S2140431006E2073756273657175656E74207472755E
S21404311073742063656E746572206C696E6B206BC5
S2140431206579207570646174657320696E206D69B5
S2140431306C6C697365636F6E64731F0053657420EB
S2140431406F7220636C656172207374617920617795
S214043150616B65207768656E206E6F74206A6F6990
S2140431606E656400536574206F7220636C656172CB
S21404317020666F726365206177616B6500446973CE
S214043180706C61792074686520736C656570207353
S214043190746174757300464F522054455354494E17
S2140431A04720505552504F534553202D2067617485
S2140431B06865722074696D696E67206D65747269DE
S2140431C0637320666F72207265706F7274696E67BF
S2140431D0207461626C65206F7065726174696F6ECD
S2140431E0732E00436C6561727320746865206C618D
S2140431F07374207265706F72742074696D65206FC5
S2140432006620617474726962757465732E00416415
S21404321064732061206E657720656E7472792074FD
S2140432206F20746865207265706F727420746162B2
S2140432306C652E00546865206C6F63616C20656E47
S21404324064706F696E742066726F6D207768696348
S2140432506820746865206174747269627574652088
S2140432606973207265706F727465641F5468652094
S214043270636C75737465722077686572652074680C
S2140432806520617474726962757465206973206C54
S2140432906F63617465641F546865204944206F66D3
S2140432A0207468652061747472696275746520623E
S2140432B065696E67207265706F727465641F30206E
S2140432C0666F7220636C69656E742D73696465201D
S2140432D061747472696275746573206F722031202C
S2140432E0666F72207365727665722D7369646520E5
S2140432F0617474726962757465731F546865206DB1
S214043300696E696D756D207265706F7274696E672B
S21404331020696E74657276616C2C206D65617375B8
S21404332072656420696E207365636F6E64732E1F06
S214043330546865206D6178696D756D207265706F6F
S2140433407274696E6720696E74657276616C2C207F
S2140433506D6561737572656420696E207365636F4D
S2140433606E64732E1F546865206D696E696D756D85
S214043370206368616E676520746F207468652061D9
S21404338074747269627574652074686174207769F0
S2140433906C6C20726573756C7420696E2061207283
S2140433A065706F7274206265696E672073656E74EB
S2140433B02E1F0052656D6F76657320616E20656EF4
S2140433C07472792066726F6D2074686520726570F9
S2140433D06F7274207461626C652E0054686520698F
S2140433E06E646578206F6620746865207265706FF9
S2140433F0727420746F2062652072656D6F766564E2
S2140434001F00436C6561727320616C6C20656E747A
S214043410726965732066726F6D20746865207265C4
S214043420706F7274207461626C652E005072696EDF
S214043430747320746865207265706F72742074618A
S214043440626C652E00576970657320616C6C20642D
S21404345061746120696E207468652073746F72618C
S2140434606765206465766963652E005072696E74BC
S214043470732061726269747261727920627974650C
S21404348073206F6620746865204F544120696D610F
S2140434906765206F6E206469736B2E005468652020
S2140434A0696E646578206F662074686520696D614E
S2140434B0676520746F207072696E74206974732057
S2140434C0646174611F546865206F66667365742052
S2140434D0696E746F20746865204F544120696D616D
S2140434E0676520746861742077696C6C2062652057
S2140434F07072696E7465641F005072696E7473200E
S214043500696E666F726D6174696F6E2061626F7545
S21404351074207468652073746F72616765206465CF
S214043520766963652E0052656C6F61642074686505
S2140435302073746F72616765206465766963652EAF
S2140435400044656C657465732074686520696D61F4
S21404355067652061742074686520737065636966A6
S21404356069656420696E6465782E00546865206910
S2140435706E64657820617420776869636820746F68
S21404358020626567696E2064656C6574696E672081
S21404359074686520696D6167651F005072696E7492
S2140435A0732074686520696D616765732E00456EC7
S2140435B061626C6573204F544120646F776E677246
S2140435C0616465732E0044697361626C6573204F91
S2140435D0544120646F776E6772616465732E00537E
S2140435E0656E647320616E2055706772616465450C
S2140435F06E645265717565737420746F20616E20F5
S2140436004F5441207365727665722E0043616E20B6
S2140436106265207573656420746F2064796E616DCD
S2140436206963616C6C79207475726E206F666620AF
S21404363073656E64696E6720706167652072657174
S2140436407565737473206F6E2074686520636C6987
S214043650656E7420736964652C20696620746865D9
S2140436602073657276657220646F65736E277420A6
S214043670737570706F727420746869732066656100
S214043680747572652E00426F6F6C65616E2076618C
S2140436906C7565207475726E696E67206F6E20286F
S2140436A03129206F72206F666620283029207468BE
S2140436B06520706167652072657175657374206630
S2140436C06C61671F0053656E647320616E20696DBC
S2140436D061676520626C6F636B20726571756573D4
S2140436E07420666F7220612066696C652074686554
S2140436F0207365727665722073686F756C64206ECD
S2140437006F7420686176652E202054657374206873
S21404371061726E657373206F6E6C7920287465739E
S21404372074206361736520392E352E36202D204D86
S214043730697373696E672046696C652900507269FF
S2140437406E747320696E666F726D6174696F6E2035
S2140437506F6E207468652063757272656E7420736C
S21404376074617465206F6620746865204F54412028
S214043770636C69656E7420646F776E6C6F61642E1B
S2140437800053746F707320746865204F544120731F
S21404379074617465206D616368696E652E00537488
S2140437A06172747320746865204F544120636C6999
S2140437B0656E74207374617465206D616368696EE8
S2140437C0652E20546865207374617465206D61638A
S2140437D068696E6520646973636F766572732074B6
S2140437E06865204F5441207365727665722C20718B
S2140437F075657269657320666F72206E65772069D9
S2140438006D616765732C20646F776E6C6F6164738B
S2140438102074686520696D6167657320616E642035
S214043820776169747320666F7220746865207365A7
S2140438307276657220636F6D6D616E6420746F209E
S214043840757067726164652E005072696E747320B9
S214043850746865206D616E756661637475726572F1
S2140438602049442C20496D61676520547970652091
S21404387049442C20616E642056657273696F6E200D
S214043880696E666F726D6174696F6E2074686174B8
S214043890206172652075736564207768656E2061A3
S2140438A0207175657279206E65787420696D61671C
S2140438B0652069732073656E7420746F2074686560
S2140438C02073657276657220627920746865206359
S2140438D06C69656E742E00506572666F726D732027
S2140438E07369676E61747572652076657269666958
S2140438F0636174696F6E206F6E2074686520696DED
S21404390061676520617420746865207370656369F7
S2140439106669656420696E6465782E00546865205F
S214043920696E6465782061742077686963682074BA
S2140439306F20626567696E20766572696669636181
S21404394074696F6E206F662074686520696D6167A0
S214043950651F00426F6F746C6F61647320746865D2
S21404396020696D61676520617420746865207370D2
S2140439706563696669656420696E64657820627942
S2140439802063616C6C696E6720746865204F5441CF
S21404399020626F6F746C6F61642063616C6C62612B
S2140439A0636B2E0054686520696E646578206174C4
S2140439B020776869636820746F20626567696E2083
S2140439C0626F6F746C6F6164696E672074686520DB
S2140439D0696D6167651F005072696E747320696E45
S2140439E0666F2061626F75742074686520696E73F3
S2140439F074616C6C656420626F6F746C6F6164656F
S214043A00722E00537562747261637473206120634E
S214043A1068616E6E656C2066726F6D206569746889
S214043A20657220746865207072696D617279206FA2
S214043A3072207365636F6E64617279206368616E69
S214043A406E656C206D61736B206F662074686520EC
S214043A506E6574776F726B2D7374656572696E67C5
S214043A6020636F6D706F6E656E742E0054686520EB
S214043A706368616E6E656C206D61736B20746F2075
S214043A807375627472616374207468652063686118
S214043A906E6E656C2066726F6D1F54686520636871
S214043AA0616E6E656C20746F2073756274726163E8
S214043AB07420746865206D61736B2066726F6D1F69
S214043AC000416464732061206368616E6E656C20D7
S214043AD0746F2065697468657220746865207072F6
S214043AE0696D617279206F72207365636F6E6461AD
S214043AF07279206368616E6E656C206D61736B20ED
S214043B006F6620746865206E6574776F726B2D73AC
S214043B1074656572696E6720636F6D706F6E656E2F
S214043B20742E00546865206368616E6E656C206D43
S214043B3061736B20746F2061646420612063686124
S214043B406E6E656C20746F1F546865206368616EC2
S214043B506E656C20746F2061646420746F207468D2
S214043B6065206D61736B1F005365747320656974FB
S214043B7068657220746865207072696D6172792058
S214043B806F72207365636F6E646172792063686117
S214043B906E6E656C206D61736B2E005468652063D1
S214043BA068616E6E656C206D61736B20746F207334
S214043BB07562747261637420746865206368616EEC
S214043BC06E656C2066726F6D1F5468652076616C36
S214043BD0756520746F207365742074686520636847
S214043BE0616E6E656C206D61736B20746F2E1F00A2
S214043BF05365747320746865207072652D636F6EE8
S214043C0066696775726564206B657920736F2074C6
S214043C1068617420746865206A6F696E696E6720CF
S214043C206465766963652063616E20656E7465728B
S214043C3020746865206E6574776F726B2E0053650A
S214043C4074732074686520707265636F6E66696746
S214043C5075726564206B65791F0053746F707320EA
S214043C60746865206E6574776F726B20737465650F
S214043C7072696E672070726F636573732E00537477
S214043C806172747320746865206E6574776F726BE6
S214043C90207374656572696E672070726F636573EE
S214043CA0732E0041206D61736B206F66206F7074F5
S214043CB0696F6E7320666F7220696E6469636174DF
S214043CC0696E6720737065636966696320626568F8
S214043CD06176696F722077697468696E20746865A6
S214043CE0206E6574776F726B2D7374656572696E7A
S214043CF0672070726F636573732E1F004469737058
S214043D006C617973207468652063757272656E746D
S214043D1020737461747573206F6620746865206EF2
S214043D206574776F726B207374656572696E67204D
S214043D3070726F636573732E00436C6561727320D3
S214043D407468652067726F757073207461626C6541
S214043D50206F6E20657665727920656E64706F6973
S214043D606E74005072696E747320696E666F726D3D
S214043D706174696F6E2061626F7574207468652063
S214043D80636F6E74656E7473206F66207468652046
S214043D9067726F757073207461626C652E00417271
S214043DA0746966696369616C6C792064726F707398
S214043DB02074686520626C6F636B206E756D626537
S214043DC07220646566696E6564206279207468652D
S214043DD02070617373656420617267756D656E74B7
S214043DE0206F6E6C79206F6E63652C20616E642084
S214043DF07468656E20616C6C6F77732069742075C7
S214043E00706F6E20612072657472792E0054686536
S214043E1020626C6F636B206E756D62657220746FC2
S214043E20206172746966696369616C6C7920647276
S214043E306F7020746F20666F7263652061207265F0
S214043E40747279202D2073657420746F2030784640
S214043E504620746F2064697361626C651F00536545
S214043E607473207468652072656365697665207767
S214043E70696E646F772073697A652E2020427920F4
S214043E80646566696E6974696F6E20696E2074680D
S214043E906520536D61727420456E65726779207073
S214043EA0726F66696C65206974206D757374206220
S214043EB0652073657420746F2031206275742074D5
S214043EC068697320616C6C6F777320697420746FF3
S214043ED0206265206368616E6765642E00546865B9
S214043EE0206D6178206E756D626572206F66207431
S214043EF0686520626C6F636B7320726563656976B0
S214043F006564206265666F726520616E2041505359
S214043F102061636B2069732067656E6572617465E2
S214043F20641F004D616B65732074686973206E6F3F
S214043F306465207374617274206964656E7469665E
S214043F4079696E6720617320612074617267657495
S214043F5020666F722062696E64696E672077697482
S214043F606820616E20696E69746961746F72206E70
S214043F706F64652E0054686520656E64706F696EA4
S214043F8074206F6E20776869636820746F2062659A
S214043F9067696E207468652046696E64696E67207A
S214043FA0616E642042696E64696E6720746172672C
S214043FB065742070726F636573731F004D616B6563
S214043FC0732074686973206E6F64652073746172FD
S214043FD0742074686520696E69746961746F7220F0
S214043FE070617274206F66207468652066696E64FA
S214043FF0696E6720616E642062696E64696E67200C
S21404400070726F636573732E0054686520656E6402
S214044010706F696E74206F6E2077686963682074A9
S2140440206F20626567696E207468652046696E64F1
S214044030696E6720616E642042696E64696E6720EB
S214044040696E69746961746F722070726F636573E8
S214044050731F0053657473207768657468657220EF
S21404406074686520434C4920666F726365732074D8
S21404407068652064657669636520746F2073686F6D
S214044080727420706F6C6C2E005468652076616CB8
S214044090756520696E6469636174696E6720776804
S2140440A065746865722074686520646576696365FE
S2140440B02073686F756C642073686F727420706FF9
S2140440C06C6C1F005365747320776865746865723A
S2140440D020746865206465766963657320706F6C08
S2140440E06C20636F6D706C657465642063616C6CC2
S2140440F06261636B2066756E6374696F6E206973A4
S21404410020656E61626C65642E0054686520766175
S2140441106C756520696E6469636174696E6720777F
S214044120686574686572207468652064657669637A
S214044130657320706F6C6C20636F6D706C6574654E
S214044140642063616C6C6261636B2066756E637475
S214044150696F6E20697320656E61626C65641F000A
S214044160446973706C617973207468652073746134
S214044170747573206F662074686520456E642044E9
S21404418065766963657320706F6C6C696E672E0064
S214044190456E61626C652F64697361626C65206448
S2140441A06562756720606C6567616379206170700D
S2140441B0206672616D65776F726B206465627567E1
S2140441C060207072696E7420747970652E00456E76
S2140441D061626C652F64697361626C651F00456E6D
S2140441E061626C652F64697361626C6520646562E4
S2140441F0756720607A636C60207072696E742074D0
S2140442007970652E00456E61626C652F6469736112
S214044210626C6520646562756720606170706020FA
S2140442207072696E7420747970652E00456E6162D2
S2140442306C652F64697361626C652064656275677A
S2140442402060636F726560207072696E7420747982
S21404425070652E00456E61626C652F6469736162D9
S2140442606C652064656275672060737461636B6057
S214044270207072696E7420747970652E0053656EB2
S21404428064732061207265717565737420666F723D
S214044290204F544120636F756E746572732E0052FE
S2140442A0657365747320616C6C20746872657368DA
S2140442B06F6C64732076616C75657320746F203040
S2140442C078464646462E005365747320612074680B
S2140442D0726573686F6C642076616C756520666FB2
S2140442E072206120706172746963756C61722074E7
S2140442F0797065206F6620636F756E7465722E0024
S21404430054797065206F6620636F756E7465721FCE
S2140443105468726573686F6C642056616C75651FAB
S214044320005072696E7473207468652074687265D0
S21404433073686F6C6473206F6620616C6C2074689D
S2140443406520636F756E746572732E00436C6561C9
S214044350727320616C6C20636F756E746572207660
S214044360616C7565732E005072696E747320616C8F
S2140443706C20636F756E7465722076616C756573F8
S2140443802E005072696E7473207468652076616CB2
S2140443907565206F6620746869732070617274692D
S2140443A063756C617220636F756E7465722E00544B
S2140443B0686520636F756E74657220747970652005
S2140443C0746F207072696E741F005072696E747315
S2140443D020616C6C20636F756E7465722076616CF8
S2140443E075657320616E6420636C656172732074F6
S2140443F068656D2E00536574204D464720746F6BB8
S214044400656E2C2043414E4E4F5420424520554E57
S21404441053455420425920434C492E005072696E2D
S21404442074204D464720746F6B656E2E005072697B
S2140444306E7420616374697665206576656E747340
S2140444402E0044697361626C652074686520656E2D
S21404445064706F696E7420666F72205A434C206DC8
S214044460657373616765732E00456E64706F696E5D
S2140444707420696E6465781F00456E61626C6573AE
S2140444802074686520656E64706F696E7420666F4C
S21404449072205A434C206D657373616765732E00F2
S2140444A05072696E7420737461747573206F66201D
S2140444B0656E64706F696E74732E0053686F7773DD
S2140444C0207468652076657273696F6E206F662047
S2140444D074686520736F6674776172652E00536521
S2140444E0742074686520636F6E66696775726564A8
S2140444F0203830322E31352E3420434341206D6F20
S214044500646520696E2074686520726164696F2E24
S2140445102053656520646F63756D656E7461746998
S2140445206F6E20726567617264696E6720524149D6
S2140445304C5F494545453830323135345F43636115
S2140445404D6F64655F742E0041205241494C5F49AB
S2140445504545453830323135345F4363614D6F64C9
S214044560655F742076616C75651F0052657475729C
S2140445706E732050544920726164696F20636F6EB5
S21404458066696720696E666F726D6174696F6E2006
S214044590746F2064657465726D696E6520746865F1
S2140445A0205048592074797065206265696E6720CA
S2140445B075736564206279205241494C2E207265D9
S2140445C07475726E2076616C756520697320656EED
S2140445D0756D205241494C5F494545453830323166
S2140445E035345F507469526164696F436F6E6669EF
S2140445F0675F7420652E6720205241494C5F494509
S21404460045453830323135345F5054495F52414461
S214044610494F5F434F4E4649475F32503447485AE6
S214044620203D203078303055205241494C5F494572
S21404463045453830323135345F5054495F52414431
S214044640494F5F434F4E4649475F32503447485AB6
S2140446505F414E54444956203D2030783031552031
S2140446605241494C5F494545453830323135345F0F
S2140446705054495F524144494F5F434F4E46494761
S2140446805F32503447485A5F434F4558203D2030E8
S21404469078303255205241494C5F494545453830BB
S2140446A0323135345F5054495F524144494F5F4379
S2140446B04F4E4649475F32503447485A5F414E543E
S2140446C04449565F434F4558203D20307830335593
S2140446D00053656E647320612072656164206174A2
S2140446E0747220666F72207468652074696D652024
S2140446F06F662074686520646576696365207370E8
S214044700656369666965642E2049742073657473ED
S214044710206120666C616720736F207768656E2061
S2140447206974206765747320746865207265737095
S2140447306F6E73652069742077726974657320746C
S21404474068652074696D6520746F20697473206FC2
S214044750776E2074696D6520617474722E004964E6
S2140447601F737263456E64706F696E741F6465733D
S21404477074456E64706F696E741F005768656E20AA
S21404478073656E64696E67207573696E6720612051
S21404479062696E64696E672C207370656369666906
S2140447A0657320776865746865722061206D756C22
S2140447B07469636173742062696E64696E672073DA
S2140447C0686F756C6420626520757365642E007569
S2140447D073654D756C74696361737442696E64695C
S2140447E06E671F0053656E64732061207072652DBA
S2140447F06275666665726564206D756C746963615E
S2140448007374206D65737361676520746F2061200F
S214044810676976656E2067726F75702049442066F6
S214044820726F6D206120676976656E20656E6470B0
S2140448306F696E742E0067726F757049641F7372A9
S214044840632D656E64706F696E741F0043726561D4
S2140448507465732061206D65737361676520627982
S2140448602073706563696679696E6720746865206D
S2140448707261772062797465732E2055736520748F
S21404488068652073656E6420636F6D6D616E642069
S214044890746F2073656E6420746865206D65737329
S2140448A0616765206F6E6365206974206861732094
S2140448B06265656E20637265617465642E20457852
S2140448C03A2072617720307830303046207B3030A2
S2140448D02030412030302031312032322033332012
S2140448E034342035357D2073656E64732061206D05
S2140448F065737361676520746F20636C7573746584
S21404490072203135202830783030304629206F66C2
S214044910206C656E67746820382077686963682041
S214044920696E636C7564657320746865205A434CBD
S214044930206865616465722E00436C7573746572D5
S21404494049641F446174611F005265736574732063
S214044950746865206E6F64652E005772697465739B
S2140449602061206D6573736167652E00456E647003
S2140449706F696E741F436C75737465722049441FA7
S2140449804174747269627574652049441F4D61737D
S2140449906B1F4461746120747970651F446174618F
S2140449A020627974651F0052656164732061206D0E
S2140449B06573736167652E00456E64706F696E7407
S2140449C01F436C75737465722049441F4174747276
S2140449D069627574652049441F31206966207365D1
S2140449E07276657220646972656374696F6E2C20D2
S2140449F03020696620636C69656E7420646972652C
S214044A006374696F6E1F0053656E64732061206D56
S214044A106573736167652E0044657374696E6174AB
S214044A20696F6E1F536F7572636520656E64706F71
S214044A30696E741F44657374696E6174696F6E2061
S214044A40656E64706F696E741F00536F757263656C
S214044A5020656E64706F696E741F004C697374739E
S214044A60207768696368206F7074696F6E616C2064
S214044A706C6962726172696573206F66207468651A
S214044A8020737461636B2061726520696D706C6558
S214044A906D656E746564206F6E2074686973206437
S214044AA065766963652E005072696E747320696E4C
S214044AB0666F726D6174696F6E2061626F757420C3
S214044AC0746865206E6574776F726B207374617496
S214044AD0652C20636C7573746572732C20616E6428
S214044AE020656E64706F696E74732E006F666673ED
S214044AF065741F005072696E747320696E666F72F7
S214044B006D6174696F6E20666F7220616C6C2061D3
S214044B107661696C61626C6520736C6F74732E00C9
S214044B2052656164732072617720646174612066E3
S214044B30726F6D20666C6173682073746F72616740
S214044B40652E004164647265737320746F20726509
S214044B5061641F4E756D626572206F66206279749B
S214044B60657320746F20726561641F005072696EED
S214044B70747320666C6173682073746F7261676502
S214044B8020696E666F726D6174696F6E2E00457271
S214044B9061736573207468652073706563696669FC
S214044BA0656420736C6F742049442E0053746F72CE
S214044BB061676520736C6F74206E756D6265721F15
S214044BC000426F6F74732074686520696D61676551
S214044BD020696E207468652073706563696669650C
S214044BE06420736C6F742049442E00434C4920693A
S214044BF06E7374616E6365206578616D706C6500B4
S214044C0064756D6D795F696E7374005A434C2063E6
S214044C106F6D6D616E647300626173696300676CC7
S214044C206F62616C006D66672D636F6465007573F3
S214044C30652D6E6578742D73657175656E63650094
S214044C40782D64656661756C742D72657370007476
S214044C506573742D726573706F6E73652D6F6E0059
S214044C60746573742D726573706F6E73652D6F66DD
S214044C7066005A434C20626173696320636C7573E3
S214044C8074657220636F6D6D616E64730072746612
S214044C906400436F6D6D616E642074686174207285
S214044CA0657365747320616C6C20617474726962D8
S214044CB07574652076616C75657320746F20666103
S214044CC063746F72792064656661756C742E005225
S214044CD041494C006C6F7765722D6D61632D72616E
S214044CE0696C2D3830322E31352E342E63006C69C3
S214044CF0627261696C2E6100756E636C61696D65C4
S214044D0064006275666665722D6D616E6167656DB9
S214044D10656E742E63006576656E742D71756575A3
S214044D20652E63007A69676265652D7570706572B5
S214044D302D6D61632E63006E65696768626F722EFF
S214044D4063006173736F63696174696F6E2E6300C9
S214044D50313832317300313432323100313231007D
S214044D603273003132323131320031323231310075
S214044D703238310038313100313832313100313295
S214044D803131313231323232317300313232003124
S214044D903231313232310031313131003232380081
S214044DA06D61632D6D756C74692D6E6574776F72A5
S214044DB06B2E63006C65676163792D7061636B6548
S214044DC0742D6275666665722E630000000002002C
S214044DD00000000000000000BA040000000002000A
S214044DE00000000000000000BA04000000010203F6
S214044DF00E312E312E332D643038363232323600B0
S214044E000100000203030100060000000000030086
S214044E100000000013B779FAC925DDB7ADF3CFE07B
S214044E20F1B614B80102000000000000FFFFFFFF07
S214044E300100000001000000000000000000000067
S214044E400000000000000000000000000000000059
S214044E500000000000000000000000000000000049
S214044E6000000000033F1F000B120300071203009C
S214044E70E5110300B31103004312030015120300E7
S214044E80B51103002C00000002020203000000001B
S214044E9001020000000801B43C4F04000008015A57
S214044EA0F84E040000080040B44E04000000000061
S214044EB0000000000000FCFEFFFF000000000000F1
S214044EC0FFFF000000000000FFFF000000000000DD
S214044ED0FFFF00000000000040001806F4D20000A7
S214044EE02C00B0023DBE00001700F2000C7C00004F
S214044EF00C0041009E4200006400FCFEFFFF000020
S214044F0000000000FFFF0000000000005A00F30647
S214044F10A554FEFF2100A301A1FEFFFF1100A60079
S214044F20832700000A006100DC26000006003B0020
S214044F30F820000003001500AD130000C800FCFEB6
S214044F40B4008B087BC0FBFF4D00E402E756FFFF6E
S214044F502C00A20183EBFFFF1A000301B31A000022
S214044F601100A300552900000A005E005A2800001C
S214044F7006003A0021220000040018007316000000
S214044F803503040077B6030077B6030077B603004C
S214044F9077B6030077B6030077B6030077B6030048
S214044FA077B6030077B6030077B6030077B6030038
S214044FB077B6030077B6030077B6030077B6030028
S214044FC077B6030077B6030077B6030077B6030018
S214044FD077B6030077B6030077B6030077B6030008
S214044FE077B6030077B6030077B6030077B60300F8
S214044FF085B6030077B603009AB6030077B60300B7
S21404500077B60300BFB6030077B6030077B603008F
S21404501077B6030077B60300E7B6030077B6030057
S21404502077B6030077B6030077B60300FFB603002F
S21404503077B603001DB703000B0000000B0000004A
S2140450400200000000002020000000000300000012
S2140450508C8C3C00000000000000000000000000F3
S214045060000000581200000000000000FFFFFFFFD1
S214045070FFFFFFFFFFFFFFFF554E4B00474F20008B
S21404508042544C00474F3200474F3300474F3400DA
S214045090474F3500474F3600474F3700474F3800D5
S2140450A0474F3900474F4100474F4200474F4300A0
S2140450B0474F4400474F4500474F46004A4D50006F
S2140450C0424452005550520042544D004D534D0038
S2140450D046544C00554E4B00474F200042544C005B
S2140450E04241440046544C00465243004F5441004B
S2140450F044534C004241500055504700544D45001F
S21404510046415500545A4600554E4B0050494E00F1
S214045110454D3400554E4B0048562000554E4B0026
S214045120455850004C574D00554E4B0052425400C3
S21404513044534C00454D3400554E4B0041535400E7
S214045140554E4B0056465900494E4800554E4B00A6
S2140451504C434B0058544C004F424600554E4B00AF
S214045160485244004D454D004255530055534700A0
S21404517044424700444D410056435400554E4B00AC
S214045180555020005250200041503000415031000C
S2140451904150200044502000444543007850040009
S2140451A07C500400D4500400085104001451040038
S2140451B01C510400285104003851040040510400D6
S2140451C04C5104005C5104007C510400554E4B00C5
S2140451D04649420042544C00455854005057520029
S2140451E05744470020535700435253004653480041
S2140451F042414400464C540042524F00010401030D
S21404520003060105010501090600060B0000070B4D
S214045210050B000000000000000000000400E40C81
S2140452200A0001041001000000050002000003004B
S214045230B8540400B4540400A05404009C5404005D
S21404524098540400945404008254040072540400D5
S21404525058540400505404004654040044540400B3
S2140452602C5404002954040021540400105404004F
S21404527000540400EE530400D4530400CC5304003A
S214045280C0530400BC530400B8530400AA530400DB
S2140452909F530400865304006D5304001153040006
S2140452A01053040000530400D8520400CD520400E6
S2140452B0CC520400B85204000000000000000000B5
S2140452C00000000000000000000000000F000000C6
S2140452D000000000000000000000000000000000C5
S2140452E000000000000000000000000000000000B5
S2140452F000000000000000000000000000000000A5
S2140453000100000000000000000000000000000093
S2140453100F00000000000000000000000000000075
S2140453200000000000000000000000000000000074
S2140453300000000000000000000000000000000064
S2140453400000000000000000000000000000000054
S2140453500000000000000000000000000000000044
S2140453600000000000000000000000000000000034
S2140453700000000000000000000000000000000024
S2140453800000000000000000000000000000000014
S2140453900000000000000000000000000000000004
S2140453A000000000000000000000000000000000F4
S2140453B000000000000000000000000000000000E4
S2140453C0FFFFFFFFFFFFFFFFFFFF000000000000DE
S2140453D000000000000000000000000000000000C4
S2140453E000000000000000000000000000000000B4
S2140453F000000000000000000000000000000000A4
S2140454000000000000000000000000000000000093
S2140454100000000000000000000000000000000083
S21404542000FFFFFFFFFFFFFFFF9C0000FF000000E0
S2140454300000000000000000000000000000000063
S214045440800000000000FFFFFFFFFFFFFFFFFFFFDD
S21404545000000000FFFF0000000000000000000045
S2140454600000000000000000000000000000000033
S2140454700000FFFFFF000000000000000000000026
S2140454800000000000000000000000000000000013
S2140454900000000000000000000000000000000003
S2140454A000000000000000000000000000000000F3
S2140454B00000000000000000FC03010101010101DE
S2140454C001010101010101010100000000000001C9
S2140454D00020000000000001010000200204110466
S2140454E0040211101A080A021801081110111A08E9
S2140454F00A04020D0B19195C0110280B0114000094
S214045500000000000000000000000000000101018F
S2140455100101010001010101010101000001010175
S214045520000100010100000000000000000000006F
S2140455300000000000010000000000000000000061
S2140455400000000001FF010023E1010075E40100F2
S21404555063E2010063E5010062E1010079EB01000A
S21404556064EE010024E1010025E1010026E10100CA
S21404557027E1010028E1010029E101002AE10100F8
S214045580000001008000010000010100800101000C
S214045590000201008002010020E201000003010075
S2140455A00005010080050100000601002C890100A9
S2140455B0800601000007010001E5010002E5010084
S2140455C00008010080080100004001008632101027
S2140455D0FFFFFFFFFFFFFFFFABBF0300B1BF0300EA
S2140455E0B7BF0300BDBF0300C3BF0300567777777A
S2140455F07777777777777777777777775A696742A2
S2140456006565416C6C69616E636530395A696742D9
S2140456106565416C6C69616E636530394E574B2025
S2140456205374656572696E67000095969595950541
S21404563007090D0000000000000102030406000034
S21404564029D80300C4EB0300DEEB0300F5EB0300EC
S21404565008EC030018EC03002CEC03003EEC0300FB
S2140456604EEC03006AEC03007FEC03000208010D15
S2140456700D01010112010000FFFFFFFFFFFFFFFF06
S21404568000000000000000000109050100020000FF
S214045690000000031EF1EE0BA8560400C0F8030039
S2140456A035030400FE000000DCF80300085804007C
S2140456B000000000E6F80300F857040000000000AD
S2140456C0F3F80300E85704000000000000F90300A4
S2140456D0D8570400000000001EF90300C457040055
S2140456E00000000016F90300B05704000000000094
S2140456F01DF903009C570400000000002BF903006A
S2140457008C570400000000009DF70300785704003F
S2140457100000000024F9030068570400000000009D
S21404572030F903005457040000000000DCBD0300F9
S21404573044570400000000000000000000000000C1
S21404574000000000F929030041F903007EF9030074
S214045750010100FF79EC0000A7F90300ECF903004F
S214045760010100010107FF0035EC000039FA0300CF
S214045770A4FA0300010100FF75EB0000C5FA03005C
S214045780DEFA030000010100FF0000000B2A0300FC
S21404579003FB03005BFB03000101FF00F329030086
S2140457A072FB0300C9FB030001010207FF000000AF
S2140457B0ED29030072FB0300C9FB03000101020785
S2140457C0FF000000E729030072FB0300C9FB030087
S2140457D001010207FF00000029EB0000EAFB0300BA
S2140457E029FC0300010101FFC9EA000048FC03008C
S2140457F08DFC0300010000FF85EA000048FC03005E
S2140458008DFC0300010000FF0DEB0000B4FC030058
S214045810BAFA030000FF0000E129030009FD0300B3
S214045820D5270400FF000000DB2903007CFD0300ED
S214045830D5270400FF00000065EA0000EBFD030026
S21404584060FE030000FF00003DEA000078FE03004F
S214045850DAFE030000FF0000CD290300EBFE030080
S21404586031FF030002FF000005EA00003AFF0300D0
S214045870AEFF030001FF000000000000AE020400BB
S21404588011000000BA02040012000000C202040064
S21404589013000000CA02040021000000D202040023
S2140458A022000000D902040023000000E0020400E5
S2140458B0AA000000E7020400FF0000000000000049
S2140458C0FFFFFFFFFFFFFFFF0000000000000000D7
S2140458D0000001080109020A030B040C050D060E5C
S2140458E0070F081001180119021A031B041C051DD2
S2140458F0061E071F0820012102220323042405256F
S2140459000626072708280129022A032B042C052D1E
S214045910062E072F08300131023203380239043AC2
S21404592008E004E104E204E802E902EA04F008F10B
S2140459301000000000000000040500009C5904004C
S21404594002000F00C459040002000F00EC590400C2
S21404595002000F00145A040002000F003C5A040010
S21404596002000F00645A040002000F008C5A040060
S21404597002000F00B45A040002000F00DC5A0400B0
S21404598002000F00045B040002000F002C5B0400FE
S21404599002000F00545B040002000F000000000029
S2140459A07C5B0400030000004000000000000000D0
S2140459B019000000A05B040004000F008000000033
S2140459C000000000000000007C5B040003000000F0
S2140459D0400000000000000019000000A05B040066
S2140459E004000F008000000000000000000000001B
S2140459F07C5B040003000000400000000000000080
S214045A0019000000A05B040004000F0080000000E2
S214045A1000000000000000007C5B0400030000009F
S214045A20400000000000000019000000A05B040015
S214045A3004000F00800000000000000000000000CA
S214045A407C5B04000300000040000000000000002F
S214045A5019000000A05B040004000F008000000092
S214045A6000000000000000007C5B0400030000004F
S214045A70400000000000000019000000A05B0400C5
S214045A8004000F008000000000000000000000007A
S214045A907C5B0400030000004000000000000000DF
S214045AA019000000A05B040004000F008000000042
S214045AB000000000000000007C5B040003000000FF
S214045AC0400000000000000019000000A05B040075
S214045AD004000F008000000000000000000000002A
S214045AE07C5B04000300000040000000000000008F
S214045AF019000000A05B040004000F0080000000F2
S214045B0000000000000000007C5B040003000000AE
S214045B10400000000000000019000000A05B040024
S214045B2004000F00800000000000000000000000D9
S214045B307C5B04000300000040000000000000003E
S214045B4019000000A05B040004000F0080000000A1
S214045B5000000000000000007C5B0400030000005E
S214045B60400000000000000019000000A05B0400D4
S214045B7004000F0080000000000000000000200168
S214045B80200000000800000004004221300000004D
S214045B90145C040000FF4200300000000000000017
S214045BA00000F00840000000355C040001002304F7
S214045BB0400000003D5C0400060030014000000088
S214045BC000000000FDFF210240000000010000006C
S214045BD01900000419000101190002041900030148
S214045BE01900050419000601190007040400410001
S214045BF0E10C010006004100013203001900810097
S214045C00D1290100190084005D34010000800000E1
S214045C100000000006435553544F4D00000000009A
S214045C20000000000000000000000000000000006B
S214045C300000000000FFFFFFFFFFFFFFFFFFFFFF66
S214045C40FF00040104010401040104010401040129
S214045C5004010401040104010401FFFFFFFFFFFF28
S214045C60FFFFFFFFFFFFFFFFFFFFFFFFFFFFFFFF3B
S214045C70FFFF000102030405060708090A0B1F1CA0
S214045C801F1E1F1E1F1F1E1F1E1F07021F012F0081
S214045C9037013F005701DF02E700FF020000000063
S214045CA000000000000000000000000000000000EB
S214045CB000000000000000000000000000000000DB
S214045CC04D0904001900000053090400FFFF0000FA
S214045CD0000000001E0A0400290A0400350304001C
S214045CE0310A04003F0A040035030400520A040083
S214045CF05D0A04006B0A04006F0A04007F0A0400AD
S214045D0031D903008F0A0400930A04009E0A040093
S214045D10A80A0400B20A0400B60A0400C40A04006E
S214045D20D80A0400EE0A0400008000000000000008
S214045D300000000000000000FFFFFFFFFF0000005F
S214045D400000000035B80100000000000000F03F2D
S214045D50000000000000244000000000000059403D
S214045D600000000000408F40000000000088C34090
S214045D7000000000006AF8400000000080842E4105
S214045D8000000000D01263410000000084D7974151
S214045D900000000065CDCD41AADC030004740400B5
S214045DA00000000014140400F47304000000000053
S214045DB019140400E4730400000000001A1404001C
S214045DC0D4730400000000002BF90300C073040021
S214045DD0000000001EF90300AC730400000000007D
S214045DE01F1404009C730400000000002514040023
S214045DF08C73040000000000291404007C73040063
S214045E0000000000381404006C7304000000000056
S214045E10551404005C730400000000005E140400C3
S214045E204C73040000000000731404003C73040068
S214045E30000000006CEA03002C730400000000005D
S214045E4083140400EC7204000000000089180400A7
S214045E50486A04000000000036080400086A0400CB
S214045E60000000008A1404004869040000000000D2
S214045E70931404004C68040000000000A0140400FE
S214045E80F463040000000000BC0A0400CC620400B2
S214045E9000000000A7140400CC6204000100000007
S214045EA0AB1404008C62040000000000B01404006C
S214045EB0506104000000000069B70300506104004C
S214045EC001000000A0140400F463040000000000B5
S214045ED0B7140400F463040001000000BC140400BA
S214045EE01C61040000000000C61404001C610400C9
S214045EF001000000CE1404004C5F04000000000003
S214045F00E1BE0300185F040000000000000000006B
S214045F100000000000000000285F0400D214040003
S214045F2035030400FE000000EA140400F06A0400CE
S214045F30000000005E190400E06A0400000000008F
S214045F400000000000000000000000005C5F040089
S214045F50EF14040035030400FE00000005150400D9
S214045F60706C0400000000000B150400606C040054
S214045F700000000011150400506C0400000000002E
S214045F801A150400406C0400000000001BBC03004B
S214045F90306C04000000000025BA0300F86B04000F
S214045FA00000000033C30300E46B0400000000009C
S214045FB024150400D46B04000000000020BF030076
S214045FC0C46B04000000000029150400B46B040030
S214045FD00000000030150400A46B0400000000005C
S214045FE0CCCD0300946B04000000000035150400BB
S214045FF0E8600400000000003C1504009060040003
S21404600000000000441504005C600400000000006A
S2140460105015040028600400000000000000000082
S2140460200000000000000000386004005B15040057
S21404603035030400FE000000A5D30300106B040023
S2140460400000000003F50300006B040000000000DD
S2140460500000000000000000000000006C60040067
S2140460607C15040035030400FE000000A5D30300DD
S214046070306B04000000000003F50300206B0400EE
S2140460800000000000000000000000000000000007
S214046090A06004009E15040035030400FE00000002
S2140460A0BC150400806B040000000000AD1A040058
S2140460B0706B040000000000CB150400606B040045
S2140460C000000000D0150400506B0400000000001F
S2140460D0D7150400406B0400000000000000000018
S2140460E00000000000000000F8600400DC15040056
S2140460F035030400FE00000067D303001C6C040094
S21404610000000000F9150400086C040000000000FC
S2140461100000000000000000000000002C610400E5
S2140461200116040035030400FE0000001D160400DA
S214046130B06C040000000000BC0A0400A06C04005C
S2140461400000000000000000000000000000000046
S214046150606104002216040035030400FE000000FB
S2140461603B160400606D04000000000028D0030005
S214046170506D04000000000044160400406D040046
S214046180000000001D160400906C040000000000CF
S21404619049160400806C0400000000005616040033
S2140461A04C62040000000000641604001862040038
S2140461B00000000072160400D8610400000000000D
S2140461C08A1404004869040000000000000000006F
S2140461D00000000000000000E86104007B160400D4
S2140461E035030400FE0000005D4C0400306D04001E
S2140461F0000000006E4C0400206D04000000000047
S21404620059E40300106D04000000000000000000C4
S2140462100000000000000000286204009916040034
S21404622035030400FE000000C3160400806D04005D
S2140462300000000044050400706D04000000000027
S2140462400000000000000000000000005C62040083
S214046250CA16040035030400FE000000E1BE030075
S214046260B46D04000000000003F50300A46D0400F0
S21404627000000000AD1A0400906D04000000000049
S2140462800000000000000000000000009C62040003
S214046290EA16040035030400FE000000E1BE030015
S2140462A0E46D0400000000000A170400D46D040026
S2140462B00000000003F50300C46D040000000000A5
S2140462C0000000000000000000000000DC62040083
S2140462D01117040035030400FE0000002B17040009
S2140462E0186F040000000000F3D40300086F0400D5
S2140462F0000000005E170400F86E040000000000B2
S2140463001BBC0300E86E0400000000002CBC030065
S214046310D86E04000000000030170400C86E0400A5
S2140463200000000048170400B86E040000000000D7
S21404633051170400A86E040000000000581704005B
S214046340986E04000000000064170400686E0400E1
S21404635000000000AD1A0400586E0400000000009F
S21404636073170400486E04000000000018E50300DC
S214046370386E04000000000078170400286E04003D
S214046380000000008F170400186E040000000000D0
S214046390A3170400046E040000000000B3170400F2
S2140463A0F46D040000000000C2170400C06304007B
S2140463B000000000000000000000000000000000D4
S2140463C0D0630400C717040035030400FE00000071
S2140463D0DE170400886E040000000000E7170400BF
S2140463E0786E0400000000000000000000000000BA
S2140463F000000000046404003503040035030400B0
S214046400FE000000EE170400886A04000000000086
S214046410FB170400CC680400000000000418040005
S2140464200C6804000000000017180400D867040075
S2140464300000000025180400A46704000000000003
S21404644033180400706704000000000041180400BC
S214046450D86604000000000052180400B066040069
S214046460000000005F18040010660400000000002E
S2140464706A180400B8650400000000007D180400D3
S21404648090650400000000000FF803002C6504006B
S2140464900000000090180400EC64040000000000F3
S2140464A09B180400B864040000000000000000000C
S2140464B00000000000000000C8640400AE180400D9
S2140464C035030400FE000000D2180400386F0400F0
S2140464D000000000D8180400286F04000000000024
S2140464E0000000000000000000000000FC6404003F
S2140464F0DC18040035030400FE00000015D5030074
S214046500686F0400000000000E190400586F0400B1
S214046510000000001A190400486F04000000000080
S2140465200000000000000000000000003C650400BD
S2140465303019040035030400FE000000E1BE030029
S214046540CC6F04000000000003F50300BC6F0400D9
S2140465500000000009F50300AC6F04000000000012
S214046560A5D30300986F0400000000004C19040033
S214046570886F04000000000063190400786F0400AC
S2140465800000000000000000000000000000000002
S214046590A06504006F19040035030400FE00000023
S2140465A094190400DC6F04000000000000000000E2
S2140465B00000000000000000C865040099190400EB
S2140465C035030400FE000000BD1904002C7004000E
S2140465D0000000000A1704001C70040000000000FD
S2140465E0C91904000C70040000000000D01904004F
S2140465F0FC6F040000000000DD190400EC6F0400CA
S2140466000000000000000000000000000000000081
S21404661020660400E819040035030400FE000000A8
S21404662056180400DC70040000000000051A04007C
S214046630CC70040000000000AADC0300BC70040058
S21404664000000000D8EB0300AC700400000000005B
S214046650BD1704009C7004000000000015D503005C
S2140466608C700400000000000C1A04007C70040007
S21404667000000000171A04006C70040000000000FC
S214046680241A04005C70040000000000341A04009D
S2140466904C70040000000000471A04003C7004001C
S2140466A000000000000000000000000000000000E1
S2140466B0C0660400591A040035030400FE000000F6
S2140466C0AADC0300EC7004000000000000000000D8
S2140466D00000000000000000E8660400771A0400CA
S2140466E035030400FE00000015D503005C710400A9
S2140466F000000000D8EB03004C710400000000000A
S214046700BD1704003C710400000000009A1A04003F
S2140467102C71040000000000C61504003067040055
S2140467200000000000000000000000000000000060
S21404673040670400B11A040035030400FE0000009C
S214046740AD1A04001C71040000000000A5D3030069
S2140467500C71040000000000C71A0400FC7004005A
S2140467600000000000000000000000000000000020
S21404677080670400D01A040035030400FE000000FD
S214046780E1BE03007C7104000000000003F5030072
S2140467906C7104000000000000000000000000000F
S2140467A000000000B4670400F01A04003503040077
S2140467B0FE000000101B04009C7104000000000092
S2140467C0231B04008C71040000000000000000007D
S2140467D00000000000000000E8670400391B040005
S2140467E035030400FE000000591B0400BC710400BD
S2140467F00000000028D00300AC7104000000000074
S2140468000000000000000000000000001C680400F7
S214046810631B040035030400FE00000015D50300C6
S214046820EC71040000000000881B0400DC71040006
S21404683000000000A01B0400CC710400000000004F
S2140468400000000000000000000000005C68040077
S2140468503503040035030400FE000000B11B0400E9
S214046860746804000000000000000000000000003F
S21404687000000000846804003503040035030400A7
S214046880FE000000BD1B04003C7204000000000073
S214046890AD0A04002C72040000000000C31B0400B0
S2140468A01C72040000000000C71B04000C720400E5
S2140468B000000000CB1B0400FC7104000000000074
S2140468C0000000000000000000000000DC68040077
S2140468D0DB1B040035030400FE000000E1BE0300D9
S2140468E0BC72040000000000F61B0400AC72040036
S2140468F000000000091C04009C7204000000000054
S21404690003F503008C72040000000000161C04004B
S2140469107C72040000000000271C04006C72040053
S21404692000000000351C04005C7204000000000037
S214046930461C04004C720400000000000000000026
S214046940000000000000000058690400531C040006
S21404695035030400FE0000006D1C0400E06C040017
S21404696000000000A01C0400D06C0400000000001E
S214046970DB1C0400C06C040000000000F21C0400D1
S214046980D469040000000000FC1C0400A069040094
S21404699000000000000000000000000000000000EE
S2140469A0B0690400001D040035030400FE00000066
S2140469B05D4C0400006D0400000000006E4C0400F2
S2140469C0F06C04000000000000000000000000005E
S2140469D000000000E46904001F1D040035030400E1
S2140469E0FE00000040D00300DC720400000000003B
S2140469F0AD1A0400CC720400000000000000000081
S214046A000000000000000000186A0400321D0400A4
S214046A1035030400FE000000E1BE03001C730400FE
S214046A2000000000C31604000C73040000000000FD
S214046A3044050400FC72040000000000000000008E
S214046A400000000000000000586A04004D1D040009
S214046A5035030400FE000000DD190400347404004D
S214046A600000000015D50300247404000000000094
S214046A70AADC0300147404000000000000000000F8
S214046A800000000000000000986A04006D1D040069
S214046A9035030400FE0000008B1D0400847404000B
S214046AA000000000951D040074740400000000003B
S214046AB0A01D040064740400000000002BF9030009
S214046AC05474040000000000AF1D04004474040065
S214046AD000000000000000000000000000000000AD
S214046AE0BF290300BA1D040035030400FF0000009C
S214046AF0BB290300C71D040035030400FF00000083
S214046B0079F10000D91D040035030400FF000000DD
S214046B1015F10000061E0400CE25040001FF000047
S214046B2079F10000461E040035030400FF0000004F
S214046B3015F10000741E0400CE25040001FF0000B9
S214046B40ADF10000B51E0400D61E040000FF0000D0
S214046B50ADF10000DF1E04003C1F04000000FF002F
S214046B6029F200004A1F0400631F0400010001FF0D
S214046B7095F20000881F0400CA1F04000102FF00EB
S214046B8029F20000E01F04000F20040001000102A7
S214046B90FF000000A5EF0000402004007C20040055
S214046BA007FF0000C5EF000082200400B5200400A3
S214046BB001FF0000D9EF0000BD2004000D210400F1
S214046BC00100FF0035F000002221040073210400B8
S214046BD00101FF0009F0000083210400BD21040028
S214046BE001FF000089F00000C52104000E22040005
S214046BF0010000010707FF00C5F200006022040040
S214046C00B520040001FF0000C5F30000A82204001C
S214046C10EC220400010700010700FF001D2A030000
S214046C2041230400872304000107000101FF00003C
S214046C304DF30000C3230400FE230400010000FFFC
S214046C401DF300001C240400602404000100FF005F
S214046C50EDF2000073240400602404000100FF0029
S214046C6095F30000B2240400BD21040001FF0000D7
S214046C7005F40000ED2404001E2504000100FF00B6
S214046C8035DD0000350304002C250400000707FF4B
S214046C90D9DC00003503040045250400000707FF7F
S214046CA0E5E10000350304005125040007FF000059
S214046CB0E5E10000350304005125040007FF000049
S214046CC06F29030035030400562504000000FF0066
S214046CD0C1E10000350304003FFC030001FF00008F
S214046CE089E10000350304008E25040000FF00003F
S214046CF0B9DC00003503040035030400FF0000007F
S214046D00B9DC00003503040035030400FF0000006E
S214046D10452903003503040035030400FF00000082
S214046D20452903003503040035030400FF00000072
S214046D30452903003503040035030400FF00000062
S214046D4089DC000035030400C42504000101FF00AB
S214046D5075DC000035030400D925040001FF00009B
S214046D60412903003503040035030400FF00000036
S214046D703DDC0000A116040035030400FF000000FB
S214046D803DDC0000E325040035030400FF0000009A
S214046D90BDDD0000042604001B26040000010000DC
S214046DA007FF00003D2903004126040035030400C4
S214046DB0FF00000039DB00005B26040035030400F6
S214046DC0FF000000B72903008926040035030400E9
S214046DD0FF000000A9290300A326040025250400BB
S214046DE000FF0000B9E40000C826040035030400D0
S214046DF0FF0000000DDA0000E2260400350304005C
S214046E00FF000000A1D90000052704008227040023
S214046E1000000310FF0000007DDA0000D7270400FE
S214046E204528040001FF000051DA00005A28040037
S214046E309D28040000FF000065D90000AE28040069
S214046E4035030400FF0000003B290300DD2804008E
S214046E5035030400FF00000041D90000292904007E
S214046E602525040000FF00000DD900006A2A04004E
S214046E70BF2A040000FF0000F1D80000D92A04004D
S214046E8035030400FF000000D5D80000E92A0400FA
S214046E9035030400FF0000002B290300FD2A04002C
S214046EA07B2B040000FF0000A5D80000062C04007D
S214046EB035030400FF00000061D80000232C040002
S214046EC04E2C040007FF000021D80000582C0400B4
S214046ED0B12C0400000500FFD9D70000642D04007F
S214046EE0772D04000002FF00B5D70000A62D04008D
S214046EF035030400FF0000002B290300B82D04000E
S214046F00F22D040000FF000049D70000782E04008C
S214046F10BE2E0400000301FF39D700005E2F0400D4
S214046F20A42F0400000301FFD552010044300400DE
S214046F3035030400FF000000C33503006C30040072
S214046F40E730040002FF0000E5F700003C310400CF
S214046F50D527040000FF0000B1F7000064310400E8
S214046F60D527040000FF000061F700007D3104000F
S214046F7035030400FF000000E144010096310400DC
S214046F8035030400FF000000B9440100E3310400A7
S214046F9035030400FF000000454401000E320400DF
S214046FA03432040000010100010102FF1D44010007
S214046FB0B3330400DB33040000FF0000FD4301008C
S214046FC00234040035030400FF00000045430100BA
S214046FD02C34040035030400FF000000953403003D
S214046FE04534040035030400FF0000001538010092
S214046FF06B3404009C3404000002FF00F7320300E4
S214047000F934040035030400FF000000F3320300E3
S2140470102635040035030400FF000000C9370100CC
S214047020413504006B35040000FF0000893501007B
S2140470309B35040035030400FF0000000521010011
S214047040AE35040035030400FF000000ED20010007
S214047050C635040035030400FF0000006F32030049
S214047060DF35040035030400FF0000005B32030034
S2140470700C3604008636040000FF00009534010038
S214047080C536040035030400FF0000008533010004
S2140470903D37040035030400FF000000A91F01006B
S2140470A08137040035030400FF0000008D1F010033
S2140470B09E37040035030400FF000000052001008D
S2140470C04938040035030400FF000000F91F0100DE
S2140470D0D73804001C39040000FF0000C51F010057
S2140470E053390400A439040000FF0000F11D010018
S2140470F0D739040035030400FF000000891201009C
S214047100033A04006C3A04000000FF0089120100F0
S214047110C13A0400233B04000000FF0029130100C9
S214047120683B04009B3B04000002FF00C9310300D7
S214047130F03B04003E3C040007FF00005D14010021
S2140471405A3C040035030400FF00000071120100DD
S2140471507E3C0400A33C040000FF00007D130100F5
S214047160FC3C040035030400FF000000410C010051
S214047170393D040035030400FF000000090C01003B
S214047180633D040035030400FF000000A130030043
S2140471909E3D04000D3E040000FF0000650501004E
S2140471A05E3E0400DD3E040000FF00009330030052
S2140471B0233F0400753F040000FF00007330030003
S2140471C0BC3F04000940040000FF00002DFE000040
S2140471D0534004008940040003FF000065FE0000DD
S2140471E0C44004000A41040003FF000015FD00002B
S2140471F06041040035030400FF000000FF2F030075
S21404720090410400CE41040000FF0000F92F030063
S214047210DE410400CE41040000FF0000F32F03000B
S21404722005420400CE41040000FF0000ED2F0300D9
S2140472302C420400CE41040000FF0000E72F0300A8
S21404724054420400CE41040000FF0000C32F030094
S2140472507D42040035030400FF000000C92F03002C
S2140472609F42040035030400FF00000065FA000096
S214047270C7420400004304000001FF0091FA000026
S2140472802143040035030400FF000000C52F03005B
S2140472904C43040035030400FF0000004DFA0000D0
S2140472A06743040035030400FF00000009FA0000E9
S2140472B082430400AF43040000FF0000F1F900001D
S2140472C0CA43040035030400FF00000039E200004E
S2140472D0F543040035030400FF00000039E2000013
S2140472E01C44040035030400FF00000029D70000F6
S2140472F02D44040035030400FF000000F5D600000A
S214047300424404006944040000FF0000F5D600006F
S214047310794404006944040000FF00008DD6000090
S214047320A044040035030400FF00000023290300E2
S214047330BB44040035030400FF000000E9D200004B
S214047340DE4404004845040000FF0000C9D20000E3
S2140473506B45040035030400FF000000B1EE000096
S214047360D14604005E470400010000FF95ED0000CE
S2140473707B470400CF47040000FF0000C9ED00006F
S214047380E4470400364804000100FF0035ED000021
S2140473904C480400394904000107FF00272903006C
S2140473A04949040035030400FF00000095E6000088
S2140473B05A4904006C490400000101000007FF005C
S2140473C08DE50000A7490400B84904000001010047
S2140473D0FF000000C9ED0000074A0400184A040034
S2140473E0010000FF05E50000074A04004A4A0400BD
S2140473F000FF0000758501005B4A040035030400A5
S214047400FF0000001DD30000A74A04003503040053
S214047410FF0000001F560300350304003503040074
S214047420FF0000003D93010035030400350304000B
S214047430FF0000000193010035030400EC4A040039
S21404744002FF0000AD9A0100F44A0400350304006C
S214047450FF000000399A0100204B0400434B04004F
S2140474600200FF00A15603006C4B04003503040021
S214047470FF000000159A01008E4B0400AC4B04007C
S21404748002FF0000ED990100C14B0400AC4B040060
S21404749002FF000001000000CC4D002000000000A8
S2140474A000000000FFFF0000A32F03000000000000
S2140474B003000000FFFF010081300300000000000D
S2140474C004000000FFFF01000F310300000000006D
S2140474D004000000FFFF00009331030000000000DA
S2140474E006000000FFFF0000053203000000000055
S2140474F019000000FFFF01009B320300C71B0400B5
S214047500FC680020000000000000000000000000EE
S21404751000000000184C0400807504000000000001
S2140475201E4C04009856040000000000254C04007D
S21404753068580400000000005E190400585804004F
S214047540000000002E4C0400485804000000000010
S214047550404C040038580400000000004F4C04005F
S2140475602858040000000000604C0400185804006A
S2140475700000000000000000000000000000000002
S21404758090750400724C040035030400FE000000ED
S2140475908D4C0400A87504000000000000000000E4
S2140475A00000000000000000B35A0300924C0400E0
S2140475B035030400FF03010001013F040201003FFC
S2140475C0040202003D040202003D0401020001021E
S2140475D00003010002023D0402010002020201004F
S2140475E0020200000020202020202020202028281E
S2140475F0282828202020202020202020202020206A
S21404760020202020208810101010101010101010A9
S21404761010101010100404040404040404040410D9
S2140476201010101010104141414141410101010167
S2140476300101010101010101010101010101010131
S214047640101010101010424242424242020202023D
S2140476500202020202020202020202020202020201
S21404766010101010200000000000000000000000B1
S2140476700000000000000000000000000000000001
S21404768000000000000000000000000000000000F1
S21404769000000000000000000000000000000000E1
S2140476A000000000000000000000000000000000D1
S2140476B000000000000000000000000000000000C1
S2140476C000000000000000000000000000000000B1
S2140476D000000000000000000000000000000000A1
S2140476E0000000000000000000000000A0010000F0
S2140476F0801300200002100068520020201500208D
S2140477000000020800000000FFFFFFFFFFFFFFFF6E
S214047710FFFFFFFF00000000000000000000000064
S2140477200000000000000000000000002000000030
S21404773085C601001000000065C7010000000001B6
S214047740000001010001010120C001B80000000092
S21404775000000000FFFFFFFFFFFFFFFFFFFFFFFF2C
S214047760FFFFFFFFFFFFFFFFFFFFFFFFFFFFFFFF20
S214047770FFFFFFFF000102020303040506080C0CCA
S2140477800C00010203040707C8C8C8C8C8C8C8C88C
S214047790C8C8C8C8030404080808080800B801B81C
S2140477A002B800B08893040070930400030404082D
S2140477B008050000000000000000000000000000B3
S2140477C000000000EA06000048704C0F44700E0EDD
S2140477D030707E1302989A173870340F34705A0F2C
S2140477E0307048102C7048102870D0112470E8119E
S2140477F020703E0F1C70901218700C1314703A0F01
S214047800B110086001D80A7104B87F78020C7E783B
S214047810641000C6881F00A01DB8707803B01860F6
S2140478200F3027B30F330111C04806987C0229B0E5
S214047830086001D8087109DD047109BB11101660CF
S214047840A048086004100112FF3221500860D04896
S214047850086000880698381400C4441F00A000BAC4
S21404786003DF107109DF0672029836031DB85078DC
S21404787000A04413281441158110086002D814711E
S21404788010880698201900C014C000B80698861BF5
S2140478900091069892020160B83020D806711EBC8A
S2140478A0637C784D5412F03240DE0472404804DBA8
S2140478B008720DDD0C72044BEF3014480698F2047F
S2140478C000C4E04000544412086201322140087C9F
S2140478D0811140D91C72B1123032CF4A013AB1DA62
S2140478E0107208D8067104D80871804C237C567030
S2140478F0684C441200C4A41E00A04414413AF32465
S2140479000164415C412A047580B800C46040005498
S21404791081D8367140D90472237C084B0698F20449
S21404792004BA1CB9767900C1204001B835797F21A4
S2140479306121007906B906A901D8067102981002D9
S214047940804C307C0298640208D86A7100C15440A6
S21404795000B8141110D95E71584C441280BDA26D43
S214047960FF25784C4412FC22513A2814104C00C2CD
S2140479700CC101B8241228140862281408622814BA
S21404798008622814304C304C00C11C4000B8141156
S2140479901814086100C5284001B85415FF35047151
S2140479A010491814B04C4412086201320671029849
S2140479B00401804C08D80C7107BA24D8047106BA9E
S2140479C0187004D80C7101BA40D80E7102BA0A7045
S2140479D005BA20D8047203BA204C4411C04C1814BB
S2140479E0086118149111383111429111186110D997
S2140479F00472EF3200C1084001B8141110311E6140
S214047A0011422814A1110861181406986C1B181446
S214047A1000C1084001B814111861FF31181400C1E0
S214047A20448001B8141118140861181430880248E8
S214047A3006989403009308DB047101F800A027B0AD
S214047A400F3000A01088B111186180D90A7100C1E6
S214047A50884000B80811009100A000C4684000B82F
S214047A60441000A000C08840005004118261041035
S214047A7082601050F07200A054155045127106989A
S214047A8002050698920407B8707802B841781EBAC0
S214047A905B7A5C7A5D7A00C220C001B8241206982C
S214047AA02A1900C5481F00A05415511400C3FF012D
S214047AB00000313D09647F3406989C020158512821
S214047AC00475015841280E758111086102D90472A3
S214047AD0FF0FCC7007B8727800F8EBBD00C0441FE7
S214047AE000A00411113D10D91271FF33186300C1B0
S214047AF0781002B8381107B97479581000A006989F
S214047B0092020D300472044809DC0472084800C16D
S214047B101CC101B8141100C3D01E00A09115043571
S214047B201A7218131CBB08D804716C7B04D8047131
S214047B306A7B1DBB2F7C5B7B1670044B18131CBB27
S214047B4008D804716F7B04D804716D7B217C0C30DB
S214047B50026006987E040698C40B00B8B11118613A
S214047B6040D906720298580401BC00C2084001B805
S214047B7000DC0A7124150265604A0A702C4A241532
S214047B8008654C4A043508D90471202400C13C1FFA
S214047B9000A0141200DC327120D8067101B80C70F3
S214047BA0F0DA0C720CDB087102B8069886044824D6
S214047BB000C3384101B834138F7B0E7102B9911398
S214047BC008DB047203B928707C4914111110FD30C7
S214047BD00DDC1C7200C0A01E00A0041080D810711A
S214047BE000C0448001B80410E5200475804900C331
S214047BF0884000B8FFB801201141087101411813EC
S214047C000824014200C1284000B8141101411C6533
S214047C105141911520351E655141181328134813F8
S214047C2000C3844000B8341003D81671073005DC4E
S214047C301071B1108F780A7200C384C40350217B7C
S214047C401DB8507800B800C13C1F00A014121C6078
S214047C502150F0300152281100A04024076400C0CF
S214047C60FFFF0100013C17B00220015840280675AA
S214047C7018AC01EC00A0208800C020C001B8041293
S214047C8017B4211304123052F8711964402400C347
S214047C905C1F00A0341014110698F60D19610092AA
S214047CA011592129067600BB11590698D60D87620C
S214047CB0313B0472215A412A00A000C2686000B811
S214047CC0B8B91F610D49181200A0308801B91161B6
S214047CD000C30000C0FF3110312800BC002D0C7515
S214047CE0115418AC01EC312DF4701964511341553C
S214047CF0312C009300A000C3C00FFEFF50B2313AEF
S214047D00014250AA00A006983E07FFB08678087184
S214047D105CB86B786E7800C2548001B800C0D81F77
S214047D2000A004100812B822217A237A52B84178A7
S214047D3001B80C6021A809B819604CA800C0FFD18E
S214047D40C1FF4FB2013A00C0002E300001424FAAD4
S214047D5024B86E78ACB9FFB004D804714CB923A922
S214047D600698A80500C01390010006982E0500A0EA
S214047D700698020519B81460FFB28C620F32826A44
S214047D80214006982E0549BC21B952B849B207DEEF
S214047D902A7105DE0871627C607C1D0C6179677847
S214047DA064786B786278657863786078617C010CB7
S214047DB0010C6878020C69786C78020C00C22C807E
S214047DC001B8277A287A267A6A78050C41790A0C4B
S214047DD0B11040D806710298BA06784A2B7A327ADD
S214047DE0584A247A00C400011100404A00C0108496
S214047DF000000812508800C584100100FBAD10BDB9
S214047E0001BB8A6B21B9FAA9C44A1812217A227ACC
S214047E1000C0341F00A00410FCA882644110303057
S214047E200129F9A9F8ADFBB08260FBA80330A06570
S214047E302110044820EC237A0410037A184A2411EB
S214047E40DC4A01580029241004753150F8B1115049
S214047E5081632A71514031400812FCB18461FCA947
S214047E600F310E7117B0112817B111591028FA7670
S214047E70C44AF9B11812217A227AA0700095081221
S214047E80F8A800C20C8001B8207A844A00B8081208
S214047E90020CA44A087A020C21B84178784A0B7A74
S214047EA0127A00C2C81F00A0FFB008D80472184A8D
S214047EB0241000DC0A7140A80422241041A8069865
S214047EC09C0200C2481F00A02410015100C4FF01F8
S214047ED0000041391150081200A006983E0700BC65
S214047EE000C20C8001B8217A52B84978020C48784E
S214047EF0020C49B8417852AC21AC204A087A067A7A
S214047F00077A49AC00A059B840785AB101D9FC7236
S214047F10427857B8407858B101D9FC72427800A02C
S214047F2000C20C8001B8217A227A21B8547852B85B
S214047F30BC4A24119979127107B915614CA9617864
S214047F4000BB03BC0C64147009B919614CA94178D0
S214047F5001BB126300C4002E300000C0FFD1C1FF75
S214047F604FB1013941414FA9E44AC8B8081224ABBD
S214047F704CB823A80698A80500C004900100FFB1D9
S214047F8086790471084806982E0500C080090040CA
S214047F9040A809B8FFB108D9047103B853A8B110B2
S214047FA004D80C7156BB607B57BA627A607A02D8E2
S214047FB00C7156BB607B59BA627A607A04B86E78E4
S214047FC03DB8607800C05638000000C1B08001B8E3
S214047FD014119979087200C0D604000000C124C0A8
S214047FE000B814119F79047208484CA82EB8FFB143
S214047FF008D906714AA804704BA80FB834A800C064
S2140480000C5E000046B2014246AA00C12C4001B8EC
S214048010141108610631087100B9069850110698C3
S2140480203E14B11101D90E710698921B02D906723C
S2140480300698A00C069838145114069892040698CC
S2140480402A110698641700A006984E1701D80A71DC
S2140480501CB85B7807B8757800B84CA84AA84BA833
S21404806000C0F321FFFF46B1013946A904B86F7872
S21404807000A0FABC1964415C512C00C0581F00A033
S2140480800410012C0675069892040698780FB11011
S214048090186005D8327140BA06980E1404B865788C
S2140480A0911004D816711CB86E7800C0684000B8E9
S2140480B021780698781101400A721DB8427806980D
S2140480C04A1402985E0B1DB8717804B86C7841B8EF
S2140480D0427863784478FFB104D906720298CA09D4
S2140480E000C004900100FFB1867904710848069820
S2140480F02E0500C32C1F00A000C274C000B82414B0
S214048100481300BC48121C4B1C4A2414481300BCD9
S2140481104812084B584A2414481301BC48124ABA59
S214048120447A427A4BBA447A427AFFB0867804722A
S214048130617A4CBA647A657A3DBA607A4DB942B8C7
S2140481403FBB5B7966796179020C6479050C6379C7
S2140481506079050C627965795A7900C2340102B8EF
S214048160241305B819603140081242B86A78020C24
S2140481704A78020C40BCFFB208DA06714ABA0670A6
S2140481804BBA627A657A677A667A6A79667B029807
S214048190A40A00C32C1F00A000C274C000B8241494
S2140481A048131C4B1C4A241448133FBC48121C4A50
S2140481B000BC4812084B444A2414481301BC481215
S2140481C04ABA647A627A4BBA647A627AFFB3867B76
S2140481D00472617A4CBA647A657A3DBA607A01D9D7
S2140481E04E71647800C1708001B800C08000080039
S2140481F008110698860B42B861784DB97F797E7966
S2140482006A7868786278020C7B790F0C7A79140C99
S2140482107479417860787579050CFFB208DA0671CE
S2140482204AB804704BB8657801BC1664407002D92D
S2140482303C710698860B42B84DB968784078417808
S2140482407F797E797B790F0C7A79140CFFB208DA81
S214048250087171794ABA067070794BBA7279657A80
S2140482606A78020C4A78050C01BC1664020C417943
S21404827040790C0C00C04C0102B848100698F20471
S21404828000C4784000B8007C00C0A01E00A0041102
S21404829080D93271911104D92C727F2021200411C7
S2140482A0FD310DDD207200C0448001B80411E521C3
S2140482B0147600C0244001B804118A790871207C21
S2140482C0104C207C2AB86278511400C0581F00A0B5
S2140482D00410012C17B001118768015841280E7646
S2140482E005218769415C412D112D0670069892047C
S2140482F042B84DBB7C7B6478020C29B8687851146C
S214048300404406750698920442B844782AB84278DF
S214048310FFB101D90C7100C1548001B8CBB8081163
S214048320911004D8147100C0A01E00A0041080D8B8
S214048330067107B8537800F807B800C1CC1E00A031
S21404834000C220C001B824122811777800F8B110B2
S2140483509478387106989C02E4B911591128067667
S21404836000B80C70A0B9115901290475A0B8826030
S21404837000C3C01F00A03413012B341000C3FFFF3A
S21404838000FF42B13139114042A800A01DB09178D7
S214048390FA7142B86478020C00BA29AA00C4548060
S2140483A001B842B84DB900C3C04001B83413977B36
S2140483B0047240EC020C44785C7953AA0A0C281424
S2140483C042B84DB9FFB301DB2671244C00C3FF0F3E
S2140483D0FF0138145479407841785579020C5B795A
S2140483E05A79140C5F795E794A784278347002DBE5
S2140483F01471527951795079020C5B795A795F7904
S2140484005E791E7004DB1A7100C4FF07000000C307
S214048410342102B848133FBB467B020C5B795A7979
S2140484203DBB407B4CBB447B457B00C3301F00A058
S2140484303414403C207100C068C000B848102813AB
S2140484401C4B1C48341448102813144B444834144A
S214048450481028134AAA4BAA04B86D781DB8517858
S2140484605CB84B784E7800A000C074C000B8041105
S214048470108800B9181068480411108801B90B61F7
S21404848018102C4804111088008800C1231C000012
S21404849018104AB864784BB86478260C28B000C123
S2140484A0FFFF0FF0113871B90B61114028A828B9E5
S2140484B07379747900C21010303045AA54790E0CC2
S2140484C000C0E84001B8041100C23030101045AABC
S2140484D00E0C0410008810880698620D0091009017
S2140484E020888F618F600698620D0090886A21400C
S2140484F00112906A035800C13F3F00001138FFBCC8
S214048500022441281138014245AA28B953794AB8A9
S21404851044784BB8447800900091181000912C4889
S214048520181000916848181000A09168436091697B
S2140485304361115B012B112841603128315B00BA7D
S214048540302806763128204A4163302806763128BA
S214048550104A4163302806763128084A4163302899
S21404856006763128044A4163302806763128024AC2
S214048570416330280476014A00A0115910D90671C7
S2140485800860086008D90471086004D9047104609E
S21404859002D90471026001D90471016000A000BA16
S2140485A001D806710148112A1F61016001D8F672CC
S2140485B00138F67200A000C220C001B82412115976
S2140485C02129127300210E7100C238C001B824128A
S2140485D00121212900A002B020D8147100C0B01EC9
S2140485E000A0041002B9457906987613EA7003B021
S2140485F09F78087200B806A800F806983E0700C5DB
S214048600641F00A05088044D1CBC00C0B41E00A00B
S214048610811101D91E71407C009501150C4D5088BE
S214048620044DFFBB1863315B04110698EE0D312927
S214048630F8750698681A54150698921B01D908729C
S2140486400698580706700698F4071CBB547B0698D1
S2140486504E1701D8067202981A0FFFB90121103876
S214048660F67281129B7AF07100C2448001B8241419
S21404867000C0C01E00A004100113002004104050C7
S2140486800C7200B90698280F18B90A7018B906981B
S214048690280F00B900B806981E0F704A08B8069846
S2140486A01E0F00C2284000B814B806981E0F00C259
S2140486B0EC4001B80CB806981E0F202210B8069895
S2140486C01E0F108830880698580700930091069865
S2140486D0280F00C0C41E00A00412FFB901212141C6
S2140486E01810009500F8312811280410081200A06C
S2140486F004B831281128F8B1181000A0069880088C
S2140487000E700698C40B069880080698721206988F
S21404871012079112211900C02C4001B80A78097872
S21404872000F810B901BA0698041406982A11069897
S214048730641700C5641F00A081109D78FC7200F8C1
S214048740911203321CB900C3A01E00A0341300C447
S214048750B04000541DB84278707903DE0671447840
S2140487603A707179A11020D806710298541080DBF3
S2140487701C7102D8187205B80814A11010300248EB
S214048780081400B808149110086008141DB862781C
S214048790A11000DC0676517900BA06984E1701D867
S2140487A02272911120311D61911004D80E7200C1FD
S2140487B0501F00A0141101D90A7120880698501180
S2140487C0009200C1204000B801DB1871084C03DE9B
S2140487D00471904C441400C3FF1F0000413BFF2368
S2140487E03811944900C3384101B83413086380DB58
S2140487F00C7103BA186206983C1008701862069842
S2140488003C100C490879097914102140081100A07D
S21404881000BD0698760210B903DC047100B901BAEB
S2140488200698041402D9067100404E7203B118610A
S2140488300F3106987811FFD82872811008D818715D
S21404884006DD0A710698760203DC0C720698BC11E3
S21404885006984A140C7006DD10710698C21148700A
S21404886020B804A806DD1072069880080698120739
S21404887001F840B804A800F800C0A01E00A0041325
S214048880086301DB227191100111186111381DB9BA
S21404889010D8087144790298541002DBFA72A113B6
S2140488A028DBF47203BD06981E11069880081DBACC
S2140488B07F7A0698F20400C5681F00A00698760220
S2140488C000BA03DC1672044DA11002D804711C4DC4
S2140488D000C10CC101B80698AE045415212D0698A3
S2140488E03E050298AA089110015503355150011906
S2140488F000A000C14C1F00A0141001D8427101480A
S2140489000860FE200E75811020D8087100C1501F23
S21404891000A0141101D9287100C02C4001B804121B
S214048920215108610F3118611152281000C0084007
S21404893001B804119112215120311152211900A0BD
S214048940811380DB067201B800A000C314C001B80E
S214048950341006302E726C4B34121C4B34101860D4
S21404896002302072811080D8DE713410014A086209
S2140489700460803021508C480A717F234D233410C4
S214048980013000A000BD06981E111CB84778457833
S214048990437802B8447800A0069880080698BC116C
S2140489A000C5741F00A0541506983E050298AA0830
S2140489B0B1138F7B0A7200C384C40350017B0698EC
S2140489C03E1400C1384101B814118F790E7100C1EC
S2140489D0B84000B800BA06983C1050BA06980E1470
S2140489E006987811FFD84A71911004D848728110FD
S2140489F008601CD8407220D938721112FF322151F7
S214048A00347180218021111400C0D81E00A00413E4
S214048A10FFBA3151113A215111531DB938107B79DF
S214048A2040440E7200B900C2AC1E00A018120670B4
S214048A3004B860780698381400F800B900C2A44058
S214048A4000541812644A0AB918121CBA507A517A99
S214048A501DB942795F7900A00698760207DC107289
S214048A60911000200A75069872120298660F0698EE
S214048A70120701B9911004D8047100B910BA069807
S214048A80041400BA0040347100C0A01E00A00411F3
S214048A90086101D9127104D9E2728110086001D804
S214048AA0DA711DB8647800C11CC101B80698AE041A
S214048AB001B81160002A047600BA00C5781F00A029
S214048AC05415212D069872120698580700C57C1F67
S214048AD000A000F800BC811108D9167280D9207253
S214048AE001B910BA0698041400400E7101BC107047
S214048AF00698BC1106984A1420B804A800F80698EC
S214048B00721281110231127100B900C2144000546D
S214048B101812244A02B918120698BC1100C5801F00
S214048B2000A054150698F01A0298AA080411012108
S214048B3014711CBA737A0420041228110420041138
S214048B400121F47200A00698F20401F806984E1764
S214048B5001D81671FFB9012110380E7281109B7866
S214048B60087104B9677900F8911010D8287100C507
S214048B701CC101B854110698EE0D00C5C81E00A00D
S214048B8054155129EA7507B876781DB8447801B8A3
S214048B9004A800F8B110186010D82E7100C0504018
S214048BA0005400C3084000B83114984C44113411E2
S214048BB0086101D9FA714412281008622810086264
S214048BC0281008622810E8700298B00206989202EC
S214048BD0113804721E6202BB00C1D81E00A0141114
S214048BE020390C72911210DA0672417B00A00698A6
S214048BF03E1400C2A01E00A0241220DA0472617B78
S214048C001CBA527A00A01CBA727A811204DAFC7278
S214048C1000A01CB86B7800C0684000B82F7800A08D
S214048C2006984E1701D83A7100C22C4001B8241099
S214048C300360911120310151383111501D60081222
S214048C401DB9457900C2448001B8241200C0C01E74
S214048C5000A0041018200020041020500471657928
S214048C6010631EB9637900B902EC00CD114502EC1D
S214048C7000CC01DB087100BB0298D61803B841117A
S214048C800731FA211C760621911210DA087102DDEA
S214048C9010721E7020B80698B20D3038147208B8D8
S214048CA006987E0400C02C4000B82978207800F886
S214048CB0056020D8067102980C1602EC00CA05B8A6
S214048CC023DA187104DBDA7120DAD67110DAD2727C
S214048CD01EB8617800B801DA067202EC00C8911179
S214048CE010D9267100C1B81E00A014111150FF300F
S214048CF00C720761A110115002300A7180DB0A72EF
S214048D000AB89E701DB97C79186091111140211122
S214048D10C031114001191EB8411108D90471667892
S214048D2020D904726578A11002D80672C0DA1E71C2
S214048D301EB8273123DD087210DB1072607825DD3B
S214048D400A7121DD087208DB0471627803B84111E8
S214048D5007310872A1152035AA7102DD2072A1110F
S214048D6020D9A07102D91672CCDA9872411140D972
S214048D70927206B8054D5A720298AE1421114049F3
S214048D80C0D94C71A031411540350265514104618A
S214048D90086308DA1E7204DA36721049A115023521
S214048DA0067110DB0E7201340A7108DB22711EB8DC
S214048DB06778CC3211101A300ADC0872CCDE0471E3
S214048DC0FD3100C00D0F0C0D216001D85C7207B890
S214048DD00298D81400BA411108D90C7102EC00CAE2
S214048DE005B830DAEC720734F031036101DA047145
S214048DF0014900C0F300A3E3216001D8D27100C08A
S214048E009814406821604030014440DA0471204CD4
S214048E1004320262204A111006301F6001421831E3
S214048E201D6111420298F614204A00C00517085026
S214048E302160113001422088FFBB0DDA507100C159
S214048E40DE1B250180BC04DA107208DA0A7200C13F
S214048E5020841000E024A02408634143026401DA5D
S214048E6006711E49024B00C0201F00A0086338107C
S214048E70BC2002DA127101B91159A11380DB087102
S214048E8000C100FCFF0118100298621800C4A01E5E
S214048E9000A0441080D87C710092D0DA06710DDAF6
S214048EA00C711EBD437DEFBD0698140304620DDAF3
S214048EB08672A11105D95C7100C240400054241288
S214048EC01424281401D9067202D9327140D91E71AD
S214048ED002EC00CA211018320471FA2220D8047257
S214048EE00822FE22087502EC00C8F87001D90E713B
S214048EF002EC00C802D9067204DC187200C0A01E78
S214048F0000A004101D6001D806711EB8647807B866
S214048F1073780298D61800C0A01E00A004108030F3
S214048F200A7100C0C41E00A0041000A006984E17C4
S214048F3001D82E71911010D828728110A0D82272F0
S214048F4003B084781C7200C12C4001B814100DBA0A
S214048F50487A697A6B7A08111CB87B7807B87578F2
S214048F6000A0641000C6881F00A0C3B806987C0240
S214048F7000C4441F00A014BA281400B8011AB11083
S214048F808F780A7200C084C40350017891101030A0
S214048F90011905BA06980E1402D9067101B804A878
S214048FA000C0A01E00A004130698641180DB06719E
S214048FB0029858141DBA7C7A01DB6A7100C2241F19
S214048FC000A024111114FF3402EC00C8FF24FA7622
S214048FD008610698C20D046111380F30046111143B
S214048FE0011141100698C20D01D8087203B8029800
S214048FF0D8140C4A01DB22712410112811280412FB
S21404900002300471106200C0FFFF0000213800C265
S214049010204000B8FF200812411008600698C20DD0
S21404902001D87C7120BC1033767100BB00C1201FB0
S21404903000A01415C021112C511218620F320E71A3
S214049040408851140698FA18414300945112086552
S2140490501C620F320E71411151140698FA181C64E2
S21404906041430865513B00C1DC1E00A014111112D7
S21404907031100F30127100BA056101D80471114223
S21404908001600FD8F472311003601E30047201B808
S214049090003A087204B80298D8140298C41600C09D
S2140490A0384101B804118F7914717F2069200411A6
S2140490B00861303110DD06711DBA637A0698120312
S2140490C000F830885088FF34087102ECFF24F870EA
S2140490D002EC00CD1410595001440421FF22F27210
S2140490E00F4C0095009300A000C1A81E00A0141108
S2140490F000A030880698421B8111086102D90672C6
S2140491000298061A1CBB557B086120D90671029882
S214049110F6190088A110186006982019082114155D
S214049120FC251EBB5C7B5D7B00C1084001B81411A6
S2140491300731FE21307608D82A725113FC233413E3
S21404914004DB20711863FF33315B00C110C000B824
S2140491501411086180490C71FF31302954751EBB07
S2140491607B7B10707B7B7C7B00DD04717D7B01BB8D
S2140491703815EC25541300DF5471042505DF5471AB
S2140491805415211120880698EE0D009251293E753B
S21404919000C1084001B8141102DB0C710731315BC1
S2140491A031292A760C7004DF0872016180D91E7298
S2140491B00698201900C010C000B80698861B0698AA
S2140491C020191411FFD9607202984C1A009000936B
S2140491D000A05415A111186110D9A672082508D844
S2140491E0A071082510D89A71208821110698EE0DD2
S2140491F0FC255412112AF82554110C2520D8087180
S214049200F0255411102520290476215918150092AA
S2140492100298B81907B97179811010D80A711CB868
S214049220447802B841781CB9747904B9677900F8AF
S2140492308110A0D808711CB9497900A0086002D82A
S214049240FA7106982019108806983E14106210DAEF
S214049250087108211415F025541100C20020FEFFE1
S214049260202912750698921B01D90A72069880085E
S2140492700698120700941CBB41100C200698641331
S2140492804111082114100698641331284411111250
S2140492900861FF31FF32012210521072186118144F
S2140492A004244413042438140C701861214118143F
S2140492B008240814029838144044147100C1AC1EE3
S2140492C000A0141551131C630FDB0C721965069865
S2140492D00205411500A000C3784000B83413807B13
S2140492E006720698120706983E1408BB5114069890
S2140492F0B01A4415FC25541500C3784000B834133E
S214049300807B047100A002983E051CB900C3A01E11
S21404931000A03413086308DB1A718113A0DB0671FE
S214049320497910706979086302DB087204B96779B1
S21404933000F800A08111086102D910711CB9757972
S214049340069820191411FF3100A0FFB900A00410DC
S21404935008211411F421081100A0811110611031A4
S2140493600E710698201908211411F821141100A072
S214049370C895040000000000A0930400010000004B
S2140493800000000000F04902C89504000000000038
S214049390C4930400010000000000000000F049022D
S2140493A0E89304004063598F404B4C000B000B00BD
S2140493B01A00FF7F90690020000000006A980400ED
S2140493C000000000D89404004063598F404B4C00C2
S2140493D00B000B001A00FF7F9069002000000000BD
S2140493E06898040000000000FC1F0103C8970400EE
S2140493F01CC0011000F807001CC00130140208004D
S21404940050C0010087413004244006010700620072
S2140494103870000000000000000000030068010F20
S21404942040B8244058400101FC0069008040050112
S2140494302363E0119BC34A74F0030000038000001A
S214049440BE0A0000E040010133000000F0400401C1
S214049450590B0000640483078813C83A90200A0056
S21404946028410101001E00003C410B0100148C0041
S214049470141A21282E343B42495043557698BA0C88
S21404948028690000010000000721286414171A0048
S2140494902004C869A1203A093C42010129000000C1
S2140494A0A080020170780300D5C00000A8800111D6
S2140494B0F0010000A88001310542CB01AC80011107
S2140494C0F0010000AC80013105228D00B08001015E
S2140494D000030002FFFFFFFFFC1F010318980400AF
S2140494E01CC0011000F807001CC00130F50208007B
S2140494F050C001008741300C2440060107C05200CA
S214049500000000000000000000000003000000004F
S21404951000000000584001016402FF00804005017D
S2140495204B01A0089BC34A74F0030000000000002F
S21404953000000000E040010133000000F040040198
S21404954000000000640483078813C83A9C200A00BD
S21404955028410101031000003C410B0100000000FB
S21404956000000000000000000000000000000000F2
S21404957000000000010000000000000000000000E1
S21404958000000000000000003C4201010000000052
S214049590A080020170780300D5C00000A8800111E5
S2140495A0F0010000A88001310542CB01AC80011116
S2140495B0F0010000AC80013105228D00B08001016D
S2140495C000030002FFFFFFFF0C40020001801400AE
S2140495D07F40000020400200000000000000000061
S2140495E030400700000000000000000000000000FB
S2140495F0000000000000000000000000A0070000BB
S21404960050400100000000005C4002000000000022
S21404961000000000A840010007000000B440040059
S21404962000400000FF4C000000410000FF4D000019
S21404963008C001000000000020C00110FF00000068
S21404964020C001300043000024C00400EC80B303B3
S2140496504375A802000000002E02000054C0030058
S2140496600E2D09E654060708D1B6020064C00800A9
S2140496700430000040201006C8F248181FE8F60020
S214049680BD4B721511A3180510325476980A0000C3
S21404969088C0010000000000080001010407000063
S2140496A018000101000000002000010108840000E9
S2140496B01C4002011000000020F913045C40050160
S2140496C04108000001000000B0070800A7000000E1
S2140496D000000000944007010101103050707F7FA5
S2140496E00000000000000000000000000000000071
S2140496F000000000E440010100000000EC4001010D
S2140497007DA8D98B0041020100612000B7563512AE
S2140497100C410301F95412002030042988BB400090
S2140497202441010100000000304103016406660C78
S2140497300C010000E853FA0068410301640483073F
S214049740881382000000000030420301000000007D
S2140497500000000E0000000044420101000000006A
S2140497601080010103000000388002011149100036
S2140497700100000088800101000000009C800101B7
S214049780EB400200B48001013700000188000202A9
S214049790000C00044C0000009400010200040000C9
S2140497A0D00002020E00000090029608E4000102B7
S2140497B03D094204F4000102000000001801010201
S2140497C060005102FFFFFFFF12000000666666009D
S2140497D0000000007C9804006C9804000000000060
S2140497E0001A9A00005A620280841E000420FE00BA
S2140497F011495002000000000000000000000000B4
S2140498000000000000000000B1841E0000000000FC
S21404981000000000000000001200000066666600FB
S214049820000000007C9804006C980400000C000003
S214049830001A9A00005A620280841E000420000067
S2140498401149500200000000000000000000000063
S2140498500000000000000000B1841E0000000000AC
S214049860000000000000000005040000E1190000EC
S214049870E11900000000000000000000193F010686
S2140498800410010000010106001027000009000072
S2140498900000000000000000C9CF010079CF0100DD
S2140498A085CF010075D001006D60030007660300D4
S2140498B00B6603000F6603001366030017660300B7
S2140498C00001030464EE01001000000024E101001E
S2140498D01A00000079EB01001100000075E4010095
S2140498E01100000063E511000400000023E11100EC
S2140498F00400000025E101000800000026E1010044
S2140499000A00000027E10100020000000000000039
S21404991000000000759A04006F9A0400000000001E
S214049920769A0400335D0400000000002D5D0400F8
S2140499302F5D040000000000315D04004D9A040011
S2140499407B9A0400345D04002E5D040000000000D1
S214049950325D0400689904002B5D04002C5D04004D
S214049960305D04002A5D0400000203040508090AA9
S2140499700B0001020304051D2000B40108020200C6
S214049980AA00FFFFFFFFFFFFFFFFFFFF7583030033
S214049990E12C02005D580200ADF502006D5B02008A
S2140499A0DB6C0300DD6C0300DF6C0300E16C03007A
S2140499B06DBC0200099502004DD6020059EF020064
S2140499C07D490200D56C0300A9970200D76C0300FA
S2140499D0813D0200D96C0300D55503007542020090
S2140499E04B2B0300000000000013000000000000E2
S2140499F00000000001000000359B02000200000089
S214049A00D37D0300030000008D9A020004000000CA
S214049A104D7D0300050000002D9A020000000000A2
S214049A20000000000023001B2200FF0000000000CE
S214049A300C090202000000001C1A0B0303FF0608B0
S214049A400402020204020A0B030302030480FF0258
S214049A5004FF010101010800000000000000005A94
S214049A606967426565416C6C69616E63653039800F
S210049A70008F8E8C80808006080C10800E
S20C049A7C60B2FB7F010000004C
S210049A84909A040080650020CA010000CF
S214049A900000000000000000FFFF000001000000BE
S214049AA000000000000000000000000000000000AD
S214049AB0000000000000000000000000000000009D
S214049AC0000000000000000000000000000000008D
S214049AD0000000000000000000000000000000007D
S214049AE0000000000000000000000000000000006D
S214049AF0000000000000000000000000000000005D
S214049B00000000000000000000000000000000004C
S214049B10000000000000000000000000000000003C
S214049B20000000000000000000000000000000002C
S214049B30000000000000000000000000000000001C
S214049B40000000000000000000000000000000000C
S214049B5000000000000000000000000000000000FC
S214049B6000000000000000000000000000000000EC
S214049B7000000000000000000000000000000000DC
S214049B8000000000000000000000000000000000CC
S214049B900000000000000000000100000000F001CA
S214049BA00800000008100020010023010400000043
S214049BB010100020060030010100000014100020E0
S214049BC0FFFFFFFFC0EA2101C0EA21010080000078
S214049BD000F04902C866002000600B000080000008
S214049BE0BC360020C8000000FE0000000000000094
S214049BF0684E040018100020FFFFFFFF1C520400EC
S214049C003300000031F60000330000008D2F0300FF
S214049C10B0CA0300B4CA0300C1CA0300CECA030014
S214049C20DBCA0300E8CA0300FBCA03000DCB03002B
S214049C301ACB030027CB030034CB030049CB030025
S214049C405CCB03006ECB030083CB030092CB0300F4
S214049C50A3CB0300B2CB0300C2CB0300CECB0300DE
S214049C60DBCB0300EBCB0300FDCB03000CCC0300E3
S214049C701BCC030024CC030039CC03004ECC0300D9
S214049C8063CC030083CC030091CC0300B0CC030068
S214049C90CBCC0300DECC0300EBCC030000CD0300EA
S214049CA00FCD03001ECD030030CD030042CD0300CC
S214049CB055CD030068CD03007ECD030000000000F0
S214049CC00F000000B5CF0300CCCF0300FF00000058
S214049CD0000000000000000000000000000000007B
S214049CE00000000000000000000000000030E70450
S214049CF000C8180329D803002ED803005BD8030035
S214049D0086D80300B4D80300E2D8030011D90300B0
S214049D103ED903006ED903009ED90300EED9030092
S214049D20FFFFFFFF00F80300FFFFFFFF0000040033
S214049D3000000400005C26052C68002006000000D5
S214049D409C740400000000000100190001000000DB
S214049D50A44200200100190001000000A4420020D3
S214049D600100190001000000A442002001001900AF
S214049D7001000000A44200200100190001000000B8
S214049D80A44200200100190001000000A4420020A3
S214049D900100190001000000A4420020010019007F
S214049DA001000000A4420020010019000100000088
S214049DB0A44200200100190001000000A442002073
S214049DC00100190001000000A4420020010019004F
S214049DD001000000A4420020B0460020000000005D
S214049DE000000000985D0400CC4D0020E0680020D0
S214049DF08C500020004C0400060000000000000008
S214049E000000000000000000FC7404001475040048
S214049E100B4C040035030400FE000000106900200B
S214049E20000000009C500020045100206C510020CB
S214049E300000000000000000000000000000000019
S214049E400000000000000000000000000000000009
S214049E5000000000000000000000000000000000F9
S214049E60000000000000000000000000FF5B03008C
S214049E70E8760400FFFFFFFF435F03003F5F030035
S214049E80FFFFFFFF475F0300FFFFFFFFF5FA010038
S214049E90FFFFFFFFFFFFFFFFFFFFFFFFFFFFFFFFC9
S214049EA0FFFFFFFFFFFFFFFF0000000020A10700E9
S214049EB000000000B19C0300000000000000000049
S214049EC00000000000000000000000000000000089
S214049ED00000000000000000AC560020F122020042
S214049EE0653C02003503040000000000000000008A
S214049EF00000000000000000AC5600208929020083
S214049F00000000003503040000000000000000000C
S214049F100000000000000000AC560020B133020030
S214049F20653C020035030400000000000000000049
S214049F300000000000000000F84C0400AC560020AE
S214049F40094E020000000000350304000000000073
S214049F50000000000000000000000000AC560020D6
S214049F600D57020000000000350304000000000046
S214049F70000000000000000000000000AC560020B6
S214049F8069670200000000003503040000000000BA
S214049F90000000000000000000000000B80B0000F5
S214049FA0AC560020496B0200000000003503040094
S214049FB00000000000000000000000000000000098
S214049FC0AC5600202974020000000000350304008B
S214049FD00000000000000000000000000000000078
S214049FE0AC560020997502000000000035030400FA
S214049FF00000000000000000000000000000000058
S21404A000AC5600200F730300000000003503040064
S21404A0100000000000000000000000000000000037
S21404A020AC560020E178020000000000350304006E
S21404A0300000000000000000000000000000000017
S21404A040AC560020857D02000000000035030400A5
S21404A05000000000000000000000000000000000F7
S21404A060AC560020D77F0300000000003503040030
S21404A07000000000000000000000000000000000D7
S21404A080AC560020FDD50200000000003503040095
S21404A09000000000000000000000000000000000B7
S21404A0A01F850300AC560020C9EF0200653C020081
S21404A0B0350304000000000000000000000000005B
S21404A0C000000000AC56002039F602000000000034
S21404A0D0350304000000000000000000000000003B
S21404A0E000000000FFFFD007B80B0000FFFFFFFFD3
S21404A0F0CEFAEFBEFFFFFDFFFDFF0C002C01001E95
S21404A1002C0140068000FFFF04F8FFFF0C0000004F
S21404A110000000004000FDFF2C019C000000FFFF33
S21404A120FDFFFFFFFFFF60EA8000800010C1CDAB9B
S21404A130640A0101FFFFFFFFFFFFFFFFFFFFFFFFB2
S21404A140FFFFFFFFFFFFFFFFFFFFFFFFFFFFFFFF16
S21404A150FFFFFFFF01FF05FFFFFF0101FFFF0201F5
S21404A160FFFF640250FF0F0208031E050216010AD1
S21404A1700C052007051001010F080101010104FF69
S21404A180030101FF0C01FF405AB47F015040300028
S21404A190FFFFFF0B03FF050B01030105020201FF8E
S21404A1A0FFFFFFFFFFFFFF010102FFFFFF010000AB
S20C04A1B0BD4C0000954C0000B4
S804007F5527
