S01B00006275696C642F72656C656173652F7A69676265652E73333714
S21400400008100020597F0000EDC60000DF0A0300FC
S214004010DF0A0300F5C60000FDC60000DF0A030045
S214004020DF0A0300DF0A0300DF0A0300DF0A0300DB
S21400403001C700001C4E0400DF0A0300DF0A03006D
S214004040DF0A0300DF0A0300DF0A0300717A0000BC
S214004050DF0A0300DF0A0300DF0A0300DF0A0300AB
S214004060DF0A0300DF0A030001CC0000DF0A0300BA
S214004070DF0A0300DF0A0300DF0A0300DF0A03008B
S214004080DF0A0300DF0A0300DF0A0300DF0A03007B
S214004090DF0A0300DF0A0300DF0A0300DF0A03006B
S2140040A0DF0A03002183000005830000DF0A030007
S2140040B0DF0A0300DF0A0300DF0A0300E91F02002D
S2140040C0F1650300ED6503004D1702000766030067
S2140040D0F5650300A91F0200F9650300DD03020071
S2140040E029200200DF0A0300DF0A0300DF0A0300BC
S2140040F0DF0A0300DF0A0300DF0A0300DF0A03000B
S214004100DF0A0300DF0A0300DF0A0300DF0A0300FA
S214004110DF0A0300DF0A0300DF0A0300DF0A0300EA
S214004120DF0A0300DF0A0300DF0A0300DF0A0300DA
S208004130DF0A03009A
S214004134F0B5114A114C124E00F00105E3695F0711
S21400414413D40DB9334213D103EA00078F4207D1C3
S2140041540B4A1A40002A14BF6FF001000020F0BD7D
S214004164013AEBD16FF00200F9E74FF0FF30F6E7C3
S2140041746FF00100F3E700BF80969800000003503C
S214004184020001000B4B70B5D96911F480310DD1D2
S21400419401244FF48072084E084DF46020462C64C7
S2140041A41A61FFF7C5FF3464EC6070BD6FF0010060
S2140041B4FBE700BF0000035000100350002003502C
S2140041C438B541F6713301220C4C0021E569E363EE
S2140041D40B4B05F48035DA600223606121202361ED
S2140041E4FFF7A6FF10B92120FFF7A2FF0122054B17
S2140041F4DA600DB10023E36338BD00BF000003504E
S214004204001003500020035070B5134C6061E3693E
S2140042145B071ED40E4656F8043B8D18A361AE42C7
S2140042240BD10423002121202361FFF781FF58B915
S214004234BDE870402120FFF77BBF08210846FFF742
S21400424477FF10B10423236170BD56F8043BA361C5
S214004254E5E74FF0FF30F7E7000003502DE9F84399
S214004264154641F67132164B8946DF69DA63012238
S214004274064603F58053DFF8508007F48037DA608B
S21400428455B9284601220F4BDA601FB10022A3F568
S2140042940053DA63BDE8F88306F5005404EA08041C
S2140042A4A41BAC4228BF2C46494622463046FFF79C
S2140042B4ABFF0028E6D12644A1442D1BE0E700BF4F
S2100042C4000003500020035000E0FFFF45
S2140042D02DE9F04F4FF0FD0BC9B09A460DF11B09C2
S2140042E09DF8503108AFCDF80C90CDF808B0019786
S2140042F0059303890446009383790E4690464188C9
S2140043008288407812F0BCFB054650B10090A38826
S214004310002062883A4912F0F7FE284649B0BDE808
S214004320F08F99F800002FF0B5FC38B12846A38826
S2140043306288344912F0E8FE8D25EEE75A46394683
S21400434099F800002FF04EFC8346002851D0529B6F
S2140043501BB1BDF84C3198424BD8002399F8009019
S2140043600793A9F14102012A5FFA8BF123D8384658
S2140043700139254ADFF898C05FFA81FE734513DBE2
S214004380059B04210792C3B907AF18221F489FED6B
S2140043901A7B02FB060420460A460830394684ED9E
S2140043A0027B17F0D9FB11E010F8011F01335140D2
S2140043B00CFB01F2E2E7059B33B123464A4638463A
S2140043C0009610F0DFFAA8E70829DED9B8F1000F4A
S2140043D001D088F80090BAF1000F01D0AAF800B01A
S2140043E0529B002B99D05A46184608A917F0B4FBE2
S2140043F093E7012591E700BF0000000000000000E1
S214004400EEF6030023F70300C59D1C8180100020F4
S21400441093010001000000002DE9F04F93B0CDE9B4
S2140044200A32DDE91C530E9353EC102BCDE908013C
S214004430104619468DED060B1E9E16F017FE80B12F
S214004440DDE906014FF0FF32C54B16F037FE40B9E6
S214004450DDE906014FF0FF326FF4801316F010FE10
S21400446070B1DDE908019DED060B0E9B1E96CDE9A9
S2140044701C53DDE90A3213B0BDE8F04F00F088B9EE
S2140044800022DDE90601002316F0FAFD002800F000
S2140044903381DDE906A303F1004BCBF30A5016F493
S2140044A08063A0F2FF3008BF06250F9316F00CFBC2
S2140044B09BA3D3E9002316F071FB9BA3D3E900234B
S2140044C016F0B6F9CBF31304894644F07F518046C4
S2140044D00022A44B504641F4401116F0A7F994A3CD
S2140044E0D3E9002316F05AFB02460B4640464946DF
S2140044F016F09EF916F0ECFD044616F0E5FA8EA3CB
S214004500D3E900238046894616F048FB0022964BE6
S21400451016F08EF916F0DCFD89A3D3E900230746D2
S2140045204946404616F03AFB80463846894616F01D
S214004530CBFA85A3D3E9002316F030FB02460B46E0
S2140045404046494616F072F902460B46CDE90C2362
S21400455016F024FBDDE90C238046894610461946F2
S21400456016F066F90022CDE91001804B4046494618
S21400457016F03EFC00227E4B16F05AF902460B4619
S2140045804046494616F034FC00227A4B16F050F9A5
S21400459002460B464046494616F02AFCDDE90C2347
S2140045A08046894600204FF0804116F03FF90246CB
S2140045B00B464046494616F03BF902460B46DDE9F7
S2140045C0100116F015FC07F2FF3700226A4B16F0B2
S2140045D02FF900223B0516F0E1FA52465B4680466C
S2140045E0894616F06BFD002840F08980CDE90C89DD
S2140045F004F16303C62B8CBF0527042731051BD5A2
S21400460053A3D3E900235046594616F04DFD002823
S2140046107FD051A3D3E900235046594616F030FD0B
S214004620002876D00027A542C6BF2C1B04F1FF3514
S21400463000253C4646F480660E9B9F422CBF4FF0FA
S2140046400008A3EB070816F0020903D0002F18BFD6
S2140046504FF000083CB1DDE90C235046594616F0F1
S214004660C7FB82468B46DDE906010022002316F0D2
S21400467007FD10B10BF100439B46DDE9080126F467
S2140046800063CDE90183DDE90A324BEC10AB0095FF
S21400469000F07EF802465FB3DDE9091316F0200F3E
S2140046A000F10105089E0CBF65204520B047DDE9F6
S2140046B008010523002205930A23002CCDE90232C7
S2140046C007F1FF374FEAD473B8BF64422A46019316
S2140046D004970A9B009431F0F9F80246B9F1000FEE
S2140046E006D00B9BC41A0B9B1A190E9BA34245D8E7
S2140046F0104613B0BDE8F08FDDE906ABCDE600222C
S214004700404649461A4B16F073FB013CCDE90C01B6
S2140047106EE7002D90D00F9B002B8DD0013D8BE7D0
S214004720FB799F501344D33FB3C8608B288AC63F9B
S21400473061436F63A787D23F71A379094F930A40FD
S2140047401655B5BBB16B0240EF39FAFE422EE63F76
S2140047502D431CEBE2361A3F0000000080842E41F9
S214004760FFFFEF7F0000F83F0000E03F00002C4016
S21400477000002440000018400000F03F2020DDE943
S2140047800913089DA8470134ADE700BF00000000EC
S2140047902DE9F04F5BEC10AB97B0CDE90501DDE9F4
S2140047A02058CDE90723504652465B465946229F7D
S2140047B016F05CFC70B90323CDE902870193AA4B7F
S2140047C00093DDE90501DDE9072330F0B1FF17B0FE
S2140047D0BDE8F08F4FF0FF326FF480135046594615
S2140047E016F04EFC28B10423CDE9028701939F4BB7
S2140047F0E6E74FF0FF32504659469D4B16F05EFCFA
S21400480068B19C4A07F00403002B08BF03229A4BAA
S2140048101CBF13460422CDE902870192D0E750461A
S2140048208DA3D3E90023594616F048FC38B98CA36B
S214004830D3E900235046594616F022FC68B1DDE95C
S2140048400723DDE905014BEC10ABCDE92187209568
S21400485017B0BDE8F04FFFF7DFBD0022002350463B
S214004860594616F00DFC002800F091805B46524633
S2140048700020002115F0DAFF012382468B460993BB
S21400488017F4806400F08580092D40F285800024AE
S21400489030210EABA5F109020134202C03F8011BD0
S2140048A0A5EB040901D09442F6D15946504616F0BD
S2140048B00FFC724B054603EBC90393ED007B8DEDB1
S2140048C00A7B16F001F902460B465046594615F08B
S2140048D0ADFFDDE90A2316F061F902460B46CDE985
S2140048E00C2316F01DFC064616F0DEF802460B46B4
S2140048F0DDE90C0115F09AFF02460B46CDE90C23C4
S21400490000225F4B16F0DAFB002848D0013630460E
S21400491016F0CAF802460B46DDE90A0116F0BAFBA5
S21400492008B100260135B9F1000F45D1284616F02A
S214004930CBF802460B465046594615F077FF002244
S2140049404F4B16F09DFB10B9E90700D501350A213B
S2140049500EAB1A19202C0AD095FBF1F001FB10556E
S214004960303502F8015B013405460028F2D107F025
S2140049700302012A55D1B8F1000F52D0099A12B994
S21400498017F00C0F01D008F1FF38302240E00990F4
S21400499076E74FF0060988E7A946002485E7002257
S2140049A0DDE90C01364B16F06BFB0028BBD10EB1CF
S2140049B0F007B8D50136B6E70A210EAB1A19202C37
S2140049C00DD0B6FBF1F001FB1063092E03F13003A6
S2140049D009F1FF3904F1010402F8013B11D8302136
S2140049E0A1440EAA202CB2D04C4504F101030AD1F2
S2140049F004F158020DEB02042E2204F8202C1C466B
S214004A00A5E70646DBE7A1541C46EBE71A5501343A
S214004A10444506D2202CF9D1CDE9028701940EAB8D
S214004A20CEE6202CF8D0099B3BB12D2204F158038A
S214004A306B4403F8202C0134EEE77A0704D504F122
S214004A4058032B226B44F4E73B07E5D504F15803E3
S214004A5020226B44EDE700BF0000000065CDCD418D
S214004A600000000065CDCDC111140400151404002B
S214004A70FFFFEF7F081404000D140400505D0400CF
S214004A800000E03F0000000070B58EB02C22002130
S214004A9003A816F0D1FE64234FF002320893CDE946
S214004AA005230B2301218DF834305B4B8DF8101055
S214004AB01D880D4040F0A980084634F063FF0A22A6
S214004AC0564B574C1A704FF42873ADF812304FF00F
S214004AD0FF332360534B54491B8820460B82534BAD
S214004AE0534A1B68CD828B61524B0D621B884B82EA
S214004AF0514B1B68CB611DF00DFB20B14FF41B71B1
S214004B004E4835F0DAFF0521206831F0D2F820B1A2
S214004B1040F27D21494835F0D0FF206815F042FE6E
S214004B20474B2068196831F087F90C2535F092FB61
S214004B306843099035F08EFB68430DEB050107903E
S214004B40206817F03BFD20B140F295213B4835F038
S214004B50B4FF25681FF016FD00220146284631F0F6
S214004B60E3F920B140F29721344835F0A6FF40F231
S214004B700353344D344E2B80052396F90000AB705A
S214004B807F2801D11DF0BCFB3378EB7035F062FB5B
S214004B9000EB80008000A88035F05CFB0023C0009E
S214004BA04FF0FF31E880AB604FF0FF3018A3D3E939
S214004BB0002335F039F82549206831F06EF9206871
S214004BC002A931F08AFD20B14FF434711B4835F04C
S214004BD074FF042220680DEB020131F002F904286C
S214004BE004D040F2D721154835F067FF01A901200F
S214004BF030F003FD07F0BEFD01201EF005F82CF096
S214004C0066FD1EF02BF81DF013FB0EB070BD00BF46
S214004C100A0020FF42030000C65B0020F26200206C
S214004C20E0550020FE760400A46900200477040006
S214004C30AD990300FC76040000770400DA4C04000B
S214004C40EC660020D45500207A6C0020219A0300E0
S214004C500348044B834202D0034B03B11847704706
S214004C60A86C0020A86C002000000000064B074936
S214004C70C91A891048BF0131491003D0044B0BB143
S214004C8001481847704700BFA86C0020A86C002099
S214004C900000000010B5064C237843B9FFF7D8FF94
S214004CA0044B13B10448AFF300800123237010BDFA
S214004CB0B015002000000000849A040008B5044BDC
S214004CC01BB104490448AFF30080BDE80840CDE7B7
S214004CD000000000B4150020849A0400A3F5803A72
S214004CE0704700BF154B002B08BF114B9D46FFF7C2
S214004CF0F5FF00218B460F461148124A121A16F08D
S214004D009BFD0C4B002B00D098470B4B002B00D084
S214004D1098470020002104000D000B4817F0D2F839
S214004D2016F062FD200029002BF032FB17F0B8F8D1
S214004D30000008000000000000000000081000202E
S214004D4008100020486300202DBF010007B5012190
S214004D5020200DF1070201F05DF858B10223012171
S214004D6020200DF107028DF8073001F063F803B03C
S214004D705DF804FB9DF807100229F8D002220948C6
S214004D8015F048FC022301210DF1070220208DF8C2
S214004D90073001F04FF82BF055FA4FF4FA6000F0A8
S214004DA083FEE4E7E8AE030038B502F02DF901F023
S214004DB0CFF9012805D001F0CBF9022801D001F087
S214004DC0EDF9064D2B783BB901F0C2F901280446EF
S214004DD002D12BF0C0FA2C7038BD00BFA45C0020B6
S214004DE010B5044600882BF001FAA37884F8440036
S214004DF0834202BF0123E3702371074B04F11C00BA
S214004E00C4E9073401F05CF8224620880349BDE86F
S214004E10104000F099BF00BF83FF02004DFF020064
S214004E2070B5C37804460D461646002B34D1D1B172
S214004E30214815F0EFFB0123E370E36CA6600BB18D
S214004E40E06D9847E368F61A63699E4221D2217E98
S214004E501A480131C9B2217615F0DCFBA36D13B1F7
S214004E60217EE06D9847E5702BF0FFF915B32379A6
S214004E7003BBA268238A801A83421BD801231048EA
S214004E80237115F0C7FB236DA3B1E06DBDE870403C
S214004E90184701232376E6E70029E4D1094815F0F0
S214004EA0B9FB636DE660E5702571002BDBD0E06D25
S214004EB09847D8E770BD00BF10AF030021AF0300CE
S214004EC04FAF03003CAF030070B51E468388044610
S214004ED00D46C18002810BB1868070BD8178008846
S214004EE02BF070F80123E370064BA680C4E9033468
S214004EF00C34204600F0E4FF29462046BDE870400A
S214004F002BF0AAB9CFFF020010B501790446B1FA1A
S214004F1081F1008849092BF0CCF821796088B1FA34
S214004F2081F149092BF0C5F8034B1A68A24204BF69
S214004F3000221A6010BD00BFCC150020F8B54379DA
S214004F400446ABB100880E4F0E4E3B6804F10805D0
S214004F5013B10D4B1B786BB121792BF0AAF80B4BD4
S214004F603C6028463178A360BDE8F8402BF074B961
S214004F704088E8E7064815F04DFB064BF1E700BF12
S214004F80CC150020206C0020A55C0020094F0000F6
S214004F9065AF03003D4F000010B50446E0B10F4872
S214004FA015F038FB01236371A37953B92179208862
S214004FB02BF07FF8236B7BB1606B0121BDE81040BE
S214004FC018472046FFF7A0FF04F108002BF049F928
S214004FD02046FFF7B3FFEDE710BD00BF9BAF030011
S214004FE010B50446F8B1104815F014FB00236371A1
S214004FF0A3796BB921792088B1FA81F149092BF0A0
S21400500058F8236B7BB1606B0021BDE81040184751
S2140050102046FFF779FF04F108002BF022F920461E
S214005020FFF78CFFEDE710BDA6AF030010B50446F2
S21400503068B1074815F0EEFA637920461BB1BDE863
S2140050401040FFF7CDBFBDE81040FFF7A5BF10BD6D
S214005050B2AF030010B50E4C0E48214615F0DAFA32
S21400506082210D4815F0D6FA82210220A21E00F0F9
S214005070E1FE014630B134F8022C0848BDE8104085
S21400508015F0C8BA0648BDE8104015F0C3BA00BF10
S21400509026570020C1AF0300DCAF0300E7AF0300D4
S2140050A02BB0030038B5124C82212246022000F0B5
S2140050B0B1FEA51C014698B122880E4815F0AAFA42
S2140050C02A460D4B03F1280153F8040B8B4242F895
S2140050D0040BF9D119889B78118093702A232380BA
S2140050E035F8021C054A0648BDE8384015F092BA65
S2140050F02457002036B00300B6B003002657002021
S21400510094B00300034B1B781BB18B4201D82BF0E5
S21400511099B87047216C002010B5044601460E4829
S21400512015F078FA012C11D10C4B0D481A884FF661
S214005130FF739A421EBF0022094B5A742AF09FFF43
S21400514002F0B8F8BDE8104001F08ABF0448BDE898
S21400515010402AF096BF00BFE1B00300D46B0020D9
S2140051607866002070B500241A4D1B4E3378A34293
S2140051701BDC0024194D1A4E3378A3421BDC002496
S214005180184D194E3378A3421BDC00F0E1FF0128CE
S21400519016481CD12AF073FF02F08CF801F060FF6D
S2140051A0BDE87040124800F0F3BF2846FFF718FE2F
S2140051B001346035DAE728462AF047FF01343435F3
S2140051C0DAE728462AF07AFF01343835DAE72AF09B
S2140051D058FFE5E734230020AB5C0020542700206E
S2140051E0AC5C002004210020AA5C00207866002029
S2140051F0195100002DE9F04F87B0FFF753FFB44B6D
S21400520005A805932AF07EFF054616F011FAB14C64
S214005210C2B21F2A627004D9AF4815F0FBF900F03D
S21400522037FC2946A01C16F097FC05A82AF06AFF52
S214005230054616F0FDF9C2B21F2A84F8212001D9CE
S214005240A648EAE7294604F1220016F085FC05A8E0
S2140052502AF058FF3226044600272578002D40F015
S214005260A1809F4CFFF77EFF2378DFF8B4A2DFF81B
S214005270B4829C4F00939AF8003098F80020397852
S214005280994815F0C7F93A7898F800109AF800008F
S21400529053180344DFF884B220782C46034458465B
S2140052A0DBB2AA4200F31A83012B38BF01238F4ECC
S2140052B002933246002335464FF482714FF6FF7450
S2140052C002980133984213705180948002F10C02C8
S2140052D0F6DC874B85497F48AB6001F015F8E87926
S2140052E0AB68DFF8349200EB400003EB800000F080
S2140052F0DBFDEB79B9F800200133A242EB7103D055
S2140053007A497C4801F002F94FF6FF73B9F800209D
S2140053107649D21A18BF0122774801F0E1FD4FF016
S2140053200009734C3A784A4500F3E08200264FF0B5
S2140053300C09724ADFF8B4B198F800003978B04228
S21400534000F3E88246180C21002501FB06B19AF806
S21400535000009423A8426A4A00F3FA820C253E789D
S2140053604FF4827A002798F80030DFF8BC811E449C
S214005370064405FB06B5DFF8B4B1594B1B78BB42B3
S21400538000F3F9820299594800F01CFE059B50492B
S2140053901A468B4240F006835A4807B0BDE8F04FE5
S2140053A015F038B9532D0FD163784C2B40F05D8142
S2140053B0A378502B40F059810122534B1A7005A850
S2140053C02AF0A0FE044648E74C2D0ED16378502BF9
S2140053D040F0CD80A378303B092B00F2C880A01C9B
S2140053E02AF09DFE494B1870E9E7442D13D16378E7
S2140053F0303B092BE3D8601C2AF091FE444B454A0B
S2140054001978002386B2994202F16002D7DD22F8AD
S214005410466C0133F7E7422D0CD16378542B40F0ED
S2140054208780A01C00F0DEFC3B4B188018462AF054
S2140054306AFDC4E7582D33D8412DC0D9433D152DFC
S214005440BDD801A353F825F049580000BF5300000B
S214005450BF530000BF530000BF530000BF530000FF
S214005460BD550000BF530000BF5300006F5500003D
S214005470B3540000BF530000BF530000BF530000EA
S214005480BF530000EF5600006B560000BF530000ED
S214005490BF530000BF530000BF5300006557000015
S2140054A0692D8CD1601C2AF03AFE80B22AF0C6FE26
S2140054B085E70C4B012019780023184A994202F11F
S2140054C0A8027FF77CAF02F8A60C0133F6E700BF10
S2140054D0265700208C65002000B1030017B103009A
S2140054E0A65C0020A95C002027B1030098160020C7
S2140054F01017002048160020D0150020581D002048
S2140055009C1B002077B10300A55C0020206C0020C7
S214005510AB5C002034230020D46B0020581E0020F3
S214005520A75C0020A85C0020F8200020901800202F
S214005530601C00F057FC0546E01C2AF068FE0121BE
S214005540024628462AF01FFE6021B048B04C037879
S2140055505943621865524FF4FA6111824FF448714C
S2140055605161AC49568311650133037027E7601C0F
S21400557000F038FC00224FF034088146A64F114652
S2140055802AF001FE3878A54D08FB00F325F80390B5
S214005590EA18E3781046693B18BF012393702AF097
S2140055A054FD00219E4A3B785160012103FB0855BB
S2140055B00B443B7015600F46117400E7601C00F04A
S2140055C011FC0022114681462AF0DDFD3422924D60
S2140055D0DFF84882287802FB00F328F8039008EBEF
S2140055E00301E3780846693B18BF01238B702AF055
S2140055F02CFD8C4A00231046916B31BB00EB8310C8
S21400560034232A7802FB03838363874A00231046E9
S214005610D2F8A410F9B9A82202FB030034232A7892
S21400562002FB0383C0F8A4305FB97D4A3B461146AF
S21400563052F8040BA8B93422287800FB028241F8FD
S21400564023202B7801332B70B9E60133042B02F1AB
S2140056504002D1D1D9E70133042B02F1A802D7D1F9
S214005660E2E70133042BE3D1EBE7601C00F0BAFB62
S2140056708046E01C2AF0CBFD0121024640462AF077
S21400568082FD60216148624D0278DFF8B4C1514363
S2140056906B1825F801804FF44871198259616349E7
S2140056A05E839965E178A824642904BF0121997076
S2140056B09CF80030DFF870E15C430EEB04010EF856
S2140056C004304FF400744C8003240C718C7102EB90
S2140056D0420405EB441532240133DBB201324B7130
S2140056E08D6081F8A04002708CF8003067E6601C80
S2140056F000F078FB00224FF0380A8146DFF83C8144
S21400570011462AF040FD98F80030494D0AFB03F395
S21400571025F803904FF00109EA1882F80490E37820
S21400572073B1E01C00F05EFB0022044611462AF02E
S2140057302AFD98F800300AFB03535C8083F8069035
S2140057403C48384A03789901535498F8001002EB05
S2140057508314C1EBC10205EBC2054A1C656388F8D9
S214005760002001E7601C00F03DFB8046E01C00F0D6
S21400577039FB0546601D2AF04AFD04460246012113
S21400578040462AF000FD2246284601212AF0FBFC6E
S21400579060204FF4487CDFF874E01D4A9EF8003025
S2140057A000FB03F422F80480DFF880801119A1F8CA
S2140057B010C0C1F814C04E83C1F85880591CC9B235
S2140057C048431418A4F810C0C4F814C06683C4F87C
S2140057D0588094241552184D981C8EF8000028788E
S2140057E0DFF860C0444303EB430301EB41010CEBDD
S2140057F0040E02EB431302EB41120CF80400CEF841
S2140058000430CEF8082001302870D8E5AB5C0020C4
S21400581034230020EF000300AC5C00205427002057
S21400582078660020581D0020581E002005510000F4
S21400583004210020A85C0020A75C0020AA5C0020B1
S214005840A95C00209C1B0020601C00F0CBFA804660
S214005850E01C00F0C7FA00220546114640462AF032
S21400586092FC00223824114628462AF08CFC524826
S214005870524A03784FF0000E04FB03FC22F80C801B
S2140058804FF0010802EB0C0181F806E081F8048075
S21400589003EB0801C9B24C4302EB040C15539C1CE5
S2140058A004704FF48274464D8CF806E028788CF825
S2140058B004804443DFF810C1C3EBC303C1EBC1014E
S2140058C00CEB040E02EBC30302EBC1020CF804005F
S2140058D0CEF80430CEF80820404495E746790135E6
S2140058E08E4284BF04714471A830DAE4B9F1000F27
S2140058F006D016F8052C02EB420204EB8204B460D4
S2140059003146584601F0AAFE09F101090BF1A80B31
S2140059100C3607E571180AD0481E09FB00B0C0799E
S21400592000EB400004EB800409FB01B084601046E5
S21400593009FB0151039201F04FFC397821483144AC
S21400594009FB015101F0B6F9039A01364032F3E43F
S214005950F54218BF11F8050C03911EBF00EB40007E
S21400596004EB80048C6003FB052001F0B3F8039978
S21400597001350C31EBE4F74218BF15F8053C294613
S2140059801CBF03EB430304EB83040AFB07B018BFFA
S214005990AC6000F051FF2946404601F08BF9013714
S2140059A00C35EAE413F8011D00297FF4F0AC3B2126
S2140059B002F8011CEBE400BFAA5C002004210020D2
S2140059C0A65C0020F82000209018002007B50121D2
S2140059D021200DF1070200F01DFA18B99DF80720E6
S2140059E0024B1A7003B05DF804FB00BF216C002068
S2140059F007B5064B8DF80700187001210DF1070258
S214005A00212000F017FA03B05DF804FB216C00209B
S214005A1007B5022101200DF1060200F0FBF938B9A6
S214005A20044814F0F7FDBDF8060003B05DF804FB6B
S214005A300020FAE794B1030007B50221ADF806008E
S214005A400DF10602012000F0F5F9014610B10348F9
S214005A5014F0E0FD03B05DF804FB00BFB5B1030031
S214005A6010B5FFF7D5FF04460146074814F0D2FDEF
S214005A700121064814F0CEFD24B9BDE810400120EF
S214005A80FFF7DABF10BD00BFE5B10300F7B10300B2
S214005A9008B5044814F0BEFD00F0DCF92AF0D2FB8D
S214005AA02AF0CDFB0DB2030038B50446084D094B6D
S214005AB028462B6000F004FA002C18BF2146284622
S214005AC0BDE8384008BF4FF496712AF0C5BB00BF4A
S214005AD0582800203D0103002DE9F043384D91B0D1
S214005AE008AC0746894690460FCD0FC495E80F00D0
S214005AF0002684E80F0001250323324C3248CDE906
S214005B000366CDE905668DF80E300796029534F0EB
S214005B107DFF2E4834F07AFF32462D4920468DF818
S214005B20176004F0C3FE334632462A498DF8190042
S214005B30009020468DF82390CDF82C808DF82160BB
S214005B4004F0CEFE0A9020468DF8097004F030FE70
S214005B50204608AA05A904F0E9FE02AA204603A9E1
S214005B602BF011FD4FF400721B4B5A62194BE56087
S214005B70626A920510D46BB94FF40072164B114846
S214005B805A6204F015FE114834F043FF002011B0AD
S214005B90BDE8F083013BEBE7002BEDD0094908A8F0
S214005BA02BF024FD4FF400720B4B06485A6204F0AB
S214005BB0FFFD064834F02DFFBDF82000E7E700BFE4
S214005BC0D44D04000040005A7C5004007850040075
S214005BD080841E0040420F000060005A0122034BE2
S214005BE01870034B1980034B1A707047AE5C002088
S214005BF0DC6B0020AD5C0020F8B5454B1B780BB97C
S214005C000020F8BD434B1B78012B03D1BDE8F840BC
S214005C102AF097BA404B1C884FF6FF739C42EFD091
S214005C203E4834F0F3FE0023260AE4B21A46214624
S214005C30304604F07DFD012E354604F0010335D0D4
S214005C4015D9B51E012DDBD8002B0BBF4FF4807580
S214005C504FF080754FF470614FF070610BBF0127F5
S214005C604FF480370F204FF470202D4B11E0002B9F
S214005C700BBF4FF480754FF080754FF470614FF096
S214005C8070610BBF01274FF480370F204FF4702050
S214005C90244B1A6802401CD0BA421AD01A680A402E
S214005CA032D11A6822EA01022A4316E0002B0BBF03
S214005CB04FF480754FF080754FF470614FF070614F
S214005CC00BBF01274FF480370F204FF47020164B80
S214005CD0DFE71A6822EA00023A431A602AF031FA2D
S214005CE0054600288CD0083644EA06102A460321CA
S214005CF0C0B2FFF7F1FE40F6FF73684300F2FF7094
S214005D00B0FBF3F080B27CE795427FF479AFC8E74A
S214005D10AD5C0020AE5C0020DC6B00207C500400F4
S214005D2028C3035020C3035024C3035010B5044CAB
S214005D30237823B9034834F069FE0123237010BD8D
S214005D40B05C00207C5004002DE9F0431F4C85B069
S214005D50074688469146FFF7E9FF23781BB902F00D
S214005D6097F9012323707BBAADF80C30302200235C
S214005D70174E02FB03F4315DA51901BB0123335511
S214005D804FF0FF3304F1100012493044AB606F80CF
S214005D90C5F80480C5F80C9009F00CFC04F1080165
S214005DA0042231440C4B009503A802F047FAA96878
S214005DB002460A4814F02EFC05B0BDE8F083013315
S214005DC0102BD6D1064814F025FCF5E7AF5C002072
S214005DD08028002067010300790103001AB203003F
S214005DE048B2030080B10278A2F14103032B0BD81E
S214005DF040783038C0B2082806D8054B134413F84C
S214005E00413C40EA032070474FF6FF70704700BFE2
S214005E10F44D040008B50B4642B10146044800683C
S214005E2003F050FBBDE808402AF002BA022008BD85
S214005E30E466002008B50B4642B1014604480068F7
S214005E4003F0C8FCBDE808402AF0F2B9022008BDFD
S214005E50E4660020F0B50026124F8DB0FF230093B5
S214005E600A223346386802A92BF04AF9C0B102ABC1
S214005E701D4603EB800404E055F8043BB34228BFFC
S214005E805E1CAC423868E9D9296803F029FE002870
S214005E90F2D02D28F0D00DB0BDE8F0402AF0C8B9F9
S214005EA00DB0F0BDE466002028B1034B0360034B41
S214005EB04360002383607047190000038C6600204F
S214005EC0FF2307B50021044A0093083009F0F6FACC
S214005ED003B05DF804FB00BF530203000B46044901
S214005EE0024608680349097808B12AF0D9B970470C
S214005EF08C2B0020B25C0020F7B50C4618B1292187
S214005F00194834F0DAFD246823685E795F883046E5
S214005F103946FFF7E3FFF0B18568E5B1A089227D39
S214005F203946904291BF0020801AA36880B294BF81
S214005F3003469B18E27C00903046A84701380328A9
S214005F4003D8DFE800F0080F0B0D002420462EF0E3
S214005F5009FC204600E0812003B0F0BD8024F5E770
S214005F609324F3E78724F1E770B20300F8B51546EB
S214005F700D4A044610680D4A0B46117850B1224669
S214005F802AF08EF9034628B100210C27C678B142C4
S214005F9001DB0020F8BD07FB01F45A681019125BFC
S214005FA0AA42F7D00131F2E78C2B0020B25C002029
S214005FB008B5034B1B6803B19847002008BD00BF17
S214005FC0882B00202DE9F74F04460D460026454B4A
S214005FD0454F1860454B197033010021F85C0136B7
S214005FE010F03CFB0C2EF7D10C2D28BF0C254FF0E3
S214005FF0000901953C4EDFF800A13D4DDFF8FC801E
S214006000019B4B4502DC03B0BDE8F08F23784FF0D0
S214006010000B337063887380A388B380A379C6F8B7
S2140060200880B371E379C8F8005088F804304FF060
S2140060300003A768A8F80630E3795B450ADC01216F
S21400604016F8100B10F00AFB08F1080809F1010910
S2140060500C34D5E74FF0000338886B812880FB7836
S2140060604FF0000C2B81BA78C5F804A0002A0092E5
S2140060700CBF802240222A7379680AF10C0263451D
S21400608013DC03EB43030AEB830ABB6843B1009AB5
S2140060904FF6FF71B2FA82F2164B52092EF0F2FA60
S2140060A014350BF1010B0C37C6E7B1F800E00CF124
S2140060B0010C22F80CEC91F802E00C3202F816EC17
S2140060C091F804E00C3102F815EC11F809ECBEF179
S2140060D0010F14BF4FF0100E4FF0110E02F814EC23
S2140060E0CDE700BF8C2B0020C4420020B25C00200D
S2140060F090310020F95E0000902B00201034002024
S214006100014B1860704700BF842B0020014B1860BD
S214006110704700BF882B002070B5128805460E46D3
S214006120FFF724FF044670B102790499806815F0E1
S214006130D5FB064B1B680BB9002070BD31462846C0
S21400614022889847F8E78620F7E700BF842B0020D0
S21400615008B50FF01FFB022806D0012806D0044B16
S21400616018784000C0B208BD0120FCE70220FAE71C
S214006170B15C0020054B10B51C682CB1FFF7E8FF9A
S2140061802346BDE81040184710BD00BF802B0020F6
S214006190014B1860704700BF802B0020034B1A7815
S2140061A01AB901221A700BF055BB7047B15C00207B
S2140061B00022024B1A70FFF7DDBF00BFB15C002063
S2140061C037B50446002836D00FF0E4FA022834D15A
S2140061D060892EF029FEE079237A003818BF012066
S2140061E0012B637A08BF40F008000BB140F01000A6
S2140061F063890BB140F00400257CA188A2790DB11B
S214006200E36893B90F4B10F005FE2178084610F0AE
S2140062107DFE2EF032F9044610F036FE7CB10028E2
S2140062200CBF0020032003B030BDCDE90035064B7F
S21400623010F0F0FDE9E70220F5E70120F3E720463D
S214006240F1E700BF3B03040004D3030008B50DF0DC
S2140062505FFC014630B1044814F0DCF9BDE80840A4
S2140062600DF0FABF08BD00BFE2B20300034B044ABC
S2140062705B7C012103201370FFF7DCBD78660020ED
S214006280B35C002010B50446FFF7F0FFB4F57F4F6F
S2140062900BD100240F4B1A8813449C70FEF7DAFECD
S2140062A02046BDE81040FFF7FFBB4FF601739C4247
S2140062B004D1BDE81040084829F0C9BE4FF6027365
S2140062C09C4205D1BDE81040044B1878FFF790BB00
S2140062D010BD00BF2457002078660020216C0020E7
S2140062E010B5074C012122460320FFF793FD28B97D
S2140062F02378044A003B18BF0123537410BD00BF27
S214006300B35C002078660020F8B5564B564C1A88C9
S2140063104FF6FF739A4218BF03234FF0080218BFC8
S2140063202370524B30251A7032225A70DA70DA71A6
S21400633035229D705D7139251A724FF400129D71D9
S2140063404B4D3626C5644B4D426405654A4D0122C9
S21400635085654A4D1E71C565494D86184566494D89
S214006360C6678566484D494E0567494D80F8482002
S2140063704567202580F8785080F8845000F1210584
S214006380C0F88850434D80F85420C0F88C5080F8F0
S214006390602080F86C20C0F8806080F89020C0F8FC
S2140063A09440C0F8B8303C4B3C4CC0F8BC3002239C
S2140063B0C0F898403A4C80F8C030C0F8A4400F248B
S2140063C0384B80F8A840C0F8C430374B374CC0F87C
S2140063D0C8308223C0F8AC40354C80F8CC30C0F8CA
S2140063E0B0400924334B344DC0F8D030334B80F8DE
S2140063F0B440C0F8D4302C7C314B80F89C20C0F8D8
S214006400A00080F8D820C0F8DC3044B12D4B80F8CE
S214006410E420C0F8E03005F11103C0F8E8304FF092
S214006420000CCA798E6802EB42039F00443006EBEC
S214006430830326F807C0586001200D349870DC707E
S2140064401318CB71FFF7C2FAFFF74AFFFFF780FE7B
S214006450012806D12B7C23B1BDE8F840164829F068
S214006460F6BDF8BDD46B0020226C0020B45C002082
S2140064700D4E0400010020000C4E04000200200017
S2140064800B4E0400030020000A4E040005004200E4
S2140064900400420007003000FDFF2100120010013A
S2140064A000404200084E040000FF4401F84D04007E
S2140064B006004200245700207866002002FF2001D4
S2140064C0216C002001FF100113B504460D4829F089
S2140064D025FD6422C0F30F43637083B2B3FBF2F36F
S2140064E0A07823702022012129F0FCFEA07821222A
S2140064F0012129F0F7FE0449201D02B0BDE8104036
S21400650029F0AABED46B0020E09304000B7870B587
S21400651083704CF61E0303804FF02013C3620123E2
S21400652080F8303080F83C30C3180364124B0446C1
S21400653043640223114A80F84830114B8263C364D7
S2140065404063CA798D6802EB420305EB830004F1D1
S2140065502C0646600B4E45F8236000238360531CD0
S214006560CB71094B201DC4E90134FFF7A9FC204676
S214006570BDE87040FFF7A8BFFDFF21002100200006
S2140065800E4E040001000103C9640000F8B54FF682
S214006590FF73994204460E4609D0B0F87E308B420F
S2140065A005D04FF6FE729142037B01D10BB9F8BDC0
S2140065B0EBB1204629F073FF204629F033FF4FF653
S2140065C0FE739E4213D1A068FEF70AFD6068FEF7D0
S2140065D007FD29F04AFE00232373A0674FF47F428D
S2140065E060784FF48171BDE8F84029F07BBEB4F8BE
S2140065F07E50237BB5422CBF02250125AB4218D026
S214006600D4E90107637B13B13B4607461846012DC4
S21400661041D1FEF7C1FC3846FEF7E2FC29F025FE24
S2140066204FF47F42A0674FF481716078257329F09C
S21400663059FEE389A4F8806004F1B4060BB9238AF6
S2140066407BB3B4F87E30A4F8883029F00EFE012D16
S214006650B4F87E30B4F88020C4F8840038D1D31A59
S214006660022DE18903D1208A002818BF014659432C
S2140066706423594342F21073B1FBF3F10AB19A4214
S21400668001D101F6B831304629F0E6FD2046BDE8D6
S214006690F84029F00FBFFEF7A3FC3846FEF77CFC57
S2140066A0BCE742F21072012D08BF1346A4F87E30F4
S2140066B014BF0023642360784FF48171A375082209
S2140066C029F010FE3046BDE8F840024929F0C4BD66
S2140066D09B1AC5E7E0930400094A437B0C2113701C
S2140066E0C3895380038A9380438AD380838A138125
S2140066F0B0F87E30538100781130C0B2FFF79ABBF5
S214006700A657002038B5044600780D4D11302A46AD
S2140067100C21C0B2FFF77EFB80B92B78204663734E
S2140067206B88E381AB882382EB8863822B89A38204
S2140067306B89A4F87E3029F03FFEA07538BD00BFF7
S214006740A6570020024B53F8200029F05EBF00BF7A
S2140067507034002010B50446052923D8DFE801F080
S21400676003080C222210204629F044FF002010BD0A
S214006770204629F043FFF9E7204629F042FFF5E7D7
S214006780E18911B9218A0029F0D082B17BB1117854
S21400679064290ED8204629F02CFE0146204629F012
S2140067A01AFFE3E7044813F035FF0120DFE7032074
S2140067B0DDE70220DBE700BF0FB3030010B4054C93
S2140067C0114654F820001A46BDF804305DF8044B14
S2140067D0FFF7C0BF7034002000234FF0967210B54C
S2140067E0C0E903233222044682750F4A8382C267B9
S2140067F0C0F88430A0F888308367A0F880308C30EA
S214006800FFF75EFB094B04F1B400C4E92334FFF73D
S21400681057FB074B04F1DC00C4E92D34FFF750FBAF
S214006820044BC4E9373410BDFFFF8813E5050300A9
S214006830F1040300D904030038B504460B78294A4E
S21400684043700D4642F82300FFF7C6FF2046FFF7C9
S21400685059FF4FF44013A3610123237784F82830AF
S21400686084F8343084F8403004F10D0363641E4B22
S2140068701E4AA364022322621D4A84F84C306262D8
S21400688004F11602E2621B4A84F85830226304F1CF
S2140068900C02A263184A84F86430E26304F10E0224
S2140068A02265164A84F87030626504F11002E265CB
S2140068B0134A04F11403226604F11202A266114A76
S2140068C06367E266EA79A86802EB420300EB83019D
S2140068D018344C600C4C40F823400C4B8B60531C17
S2140068E0EB7138BD7034002002FF2101BD5C002032
S2140068F00800200000FF300001FF100103FF210107
S21400690004FF210105FF210102010108BD67000007
S21400691010B44FF48274427B0C48013A012904FB00
S214006920020006D0022908D059B95DF8044B29F0B8
S21400693061BE5DF8044B29F061BE5DF8044B29F09A
S21400694060BE03485DF8044B13F064BE9018002048
S2140069502BB30300B0F85C302DE9F0418B420446BF
S2140069600E4639D0437B077C93B31C4A12789A4272
S2140069702ED34FF482751A4A013B05FB032390F889
S2140069800F801B7B424629F059FEB845054601D1CB
S214006990FF281FD13A463146204694F8903029F019
S2140069A04DFE2F460546552212216078A4F85C60FD
S2140069B029F098FCFF2F03D039462046FFF7A8FFA2
S2140069C0FF2D09D029462046BDE8F04129F076BEC5
S2140069D0FF25DFE70746E6E7BDE8F081A65C002076
S2140069E09018002041688268C978D27849B112B1FF
S2140069F00321FFF7AFBF837B002B0CBF01210221D1
S214006A00F7E72AB1837B002B0CBF02210121F0E7B8
S214006A10014813F0FFBD00BF3CB30300037BD3B1B6
S214006A204368DA7812B18268D278A2B91B7933B19A
S214006A30837B002B0CBF04210521FFF78BBF8368E7
S214006A401B792BB1837B002B0CBF05210421F4E7B7
S214006A50014813F0DFBD70476EB30300084A437B5E
S214006A6005211370837B5370C37B9370037CD370B4
S214006A70037B137100780E30C0B2FFF7DBB900BF9E
S214006A80BE5C002038B5044600780C4D0E302A4611
S214006A900521C0B2FFF7BEF920B1BDE8384008486E
S214006AA013F0B8BD2B7863736B78A373AB78E3737E
S214006AB0EB7823742B79237338BD00BFBE5C0020AF
S214006AC0AAB30300024B53F8200029F041BE00BFD2
S214006AD098340020F8B504460B78424A43700D46B9
S214006AE042F82300404E29F051FEFFF7CBFF6268C4
S214006AF0A3683E483E49D6641165D4655065C3E92F
S214006B001410DE64DC654FF098730226636101237F
S214006B1004F10C01E16137491032216204F10D01E4
S214006B20A16235492376E16204F10E0161633349BF
S214006B3084F82430A16304F10F012164304984F8FD
S214006B403030616404F11001E1642E4984F83C3071
S214006B5084F84830216584F85460A265E879A9680D
S214006B6000EB400201EB820704F1140CC7F804C0E6
S214006B704FF4817C244F41F82270C218D2B202EB47
S214006B80420241F822C001EB820700227A601F4AC7
S214006B9084F8703022661E4A84F88830A2661D4A41
S214006BA01D4BE2661D4AC4F88C3062671C4A831986
S214006BB0A26704F15C02C4F88020DBB2194A03EB3A
S214006BC04303C4F8842084F8646084F87C6001EB96
S214006BD0830260345460144A033041F82320E8717D
S214006BE0F8BD00BF98340020E569000013070300D5
S214006BF01D6A0000010020010200100103003001A0
S214006C00040030010500210101FC01064A002100B4
S214006C10104E040051001000124E0400134E0400E3
S214006C20550021006F0018001200010470B50D46D3
S214006C300646144613460A4601461A4813F0EAFC6E
S214006C4025B92046BDE87040FFF71CBB072D05D1CF
S214006C5021463046BDE8704000F0C4BC4FF6014304
S214006C609D4205D121463046BDE87040FFF72ABF59
S214006C70062D05D121463046BDE8704000F066BAC4
S214006C80B5F5817F05D121463046BDE87040FFF757
S214006C9059BD202D04D12046BDE8704000F0ECB868
S214006CA070BD00BFD9B303000148FFF729BA00BF83
S214006CB02D6C00004FF4C01330B503600123037140
S214006CC0074B8C688360CA7902EB420304EB8305AA
S214006CD06860044844F82300531CCB7130BD00BFE5
S214006CE0144E0400040001010368064A0C211360D8
S214006CF04368536003891381438922205381FFF739
S214006D0099B800BFC034002010B50368044686B0AA
S214006D10FBB1114813F07EFCA37B104A8DF80430BB
S214006D204FF48273ADF806300123CDE90223002329
S214006D3001A804938DF81430FFF742FA20466189C3
S214006D4029F034FD2046FA2150F8143B594329F027
S214006D5083FA06B010BD00BF0CB40300200000018B
S214006D6010B5064C236843B1054813F053FC206861
S214006D70BDE81040418929F019BD10BDCC34002073
S214006D802DB4030070B5364910460C68BDF81020C7
S214006D90002C5ED003285CD8DFE800F0021E2745F2
S214006DA0002B5AD0022A58D91D78B3F80160291E44
S214006DB018BF012132462B4813F02CFC2DB131466A
S214006DC0204629F0F3FC002070BDE573FA206368C6
S214006DD0584329F0C8FAF6E7234813F01BFCE37B78
S214006DE0002B38D00023E373F0E7002B35D0032ABE
S214006DF033D91D681D48294613F00CFC1C4B2A1F6E
S214006E009A4201D90220DFE723680BB19D42F9D8E8
S214006E1023899D42F6D3E37B6560B3B9FA206843C5
S214006E2029F0A1FA11E0002BCED0012ACCD91D887A
S214006E301048294613F0EEFB002DE3D063689D4210
S214006E40E0D8E37B2581002BE8D12046FFF74CFFF6
S214006E50B9E70120B8E70420B6E70320B4E700BF8F
S214006E60CC34002050B4030087B40300A6B403005B
S214006E70FCFF6D00D1B4030038B5154B1C6834B365
S214006E80F0B92168134813F0C5FB23683BB162686C
S214006E90934204D2104813F0BDFB6368236004F1EC
S214006EA01405284629F0DDF9236823B1FA2128467F
S214006EB0594329F0D1F92046BDE83840FFF714BF02
S214006EC0032804D16189054813F0A4FBF3E738BD15
S214006ED0CC340020FCB403002AB503005FB50300E1
S214006EE070B53E4B0D46044609781860002A6FD1EF
S214006EF001231A46A1730021E1730121A1814FF4F9
S214006F006151C4E900132823354E22810C213246F4
S214006F1022206381FEF77EFF60B9D6E900230AB11E
S214006F209A4207D3318999429FBFC4E900237389E7
S214006F30218163812B4B2C4AE363042384F8403081
S214006F4084F84C30E3182365284BA264636502235B
S214006F5004F10802E265264A84F85830226604F1F5
S214006F600A02A266234A84F8643084F8703004F17A
S214006F700C03E26663676464EA79A86802EB42037E
S214006F8000EB830104F13C064E601B4E40F8236084
S214006F90FA261A4B1A488B60531CEB71FFF7B6F8AB
S214006FA0208904F11405704329F0DDF96189204633
S214006FB029F0FCFB134B2846C4E90534FEF780FF96
S214006FC0216849B128467143BDE8704029F044B9AC
S214006FD04FF4F07302228DE770BD00BFCC34002062
S214006FE0C03400200000230101002300020021001D
S214006FF003002101FDFF210020000105856D000032
S214007000616D0000096D0000134B10B51C680CB3D1
S214007010E37BEBB129F029F92369C01A002809DBC4
S2140070200E4813F0F7FA0023FA20E3736368584318
S21400703029F099F9E37B5BB12489FA235C4329F0B4
S2140070409DF9A04206D02046BDE8104029F08BB935
S2140070506468F2E710BD00BFCC3400208CB5030096
S21400706038B50024044D55F8040B08B129F0B1FBDF
S21400707001340A2CF7D138BDD0340020042908B5D5
S2140070800AD172B16BB113781BB929F0CDFB002081
S21400709008BD29F0BFFBFAE7034813F0BBFA01204E
S2140070A0F6E70320F4E700BFC6B5030010B4054CAE
S2140070B0114654F820001A46BDF804305DF8044B1B
S2140070C0FFF7DCBFD03400200229024608B50ED0F8
S2140070D004D839B9104629F0A7FB06E04029F9D0B4
S2140070E0412907D1104629F095FB002008BD29F05C
S2140070F0A5FBFAE7024813F08DFA0120F6E700BF79
S214007100E6B5030010B4054C114654F820001A46A4
S214007110BDF804305DF8044BFFF7D6BFD03400202E
S214007120426B094B52791A7082785A70C2789A70FC
S214007130826B12B190F83C20DA7000780421093096
S214007140014AC0B2FEF776BEC35C0020024B53F87D
S214007150200029F08FBB00BFD034002038B504468D
S2140071600078084D09302A460421C0B2FEF752FEC8
S21400717030B96B78A370AB78E370EB7884F83C306A
S21400718038BD00BFC35C002038B504460078114DFA
S21400719009302A460421C0B2FEF73CFEC8B9A378DF
S2140071A02A78022B0CD004D863B9204629F03CFB81
S2140071B001E0FF2B0AD02046BDE8384029F009BB85
S2140071C0002AF2D1204629F025FBF4E7002AF9D15F
S2140071D0EBE738BDC35C0020F8B504460B78284AB8
S2140071E00D4642F823004370FFF7B8FF636B254A4D
S2140071F05C631A632046FFF7C7FF204629F0E9FACA
S2140072004FF4801363600123626BA66B0532E26065
S2140072101D4A23722261A21C2375A26166B11B4A15
S21400722084F82030E261E21C6262194A84F82C304D
S21400723004F13C03A26223630627EA79A96802EBFD
S2140072404203002E21F8237001EB83000CBF0223BB
S2140072500423C370012383700E4B04348360531CD5
S2140072604460DBB20C4C03EB430341F8234001EBD4
S214007270830000234360094B02328360EA71F8BD45
S214007280D0340020510803000340300101FF3001D4
S21400729002FF10010571000008000100AD7000003B
S2140072A028B1034B1B78834234BF0020012070476F
S2140072B0A85C002070B500250A4C0B4E3378AB4214
S2140072C000DC70BDD4F8A42042B123791BB16079EC
S2140072D0FFF7E6FF10B9104628F0AAFE0135A834DD
S2140072E0ECE700BF581E0020A95C002008B54279D4
S2140072F001461046FFF7D4FFA8B1CB780A48013AFA
S214007300042B00EB82100ED8012B08D81BB9BDE861
S214007310084029F07FBABDE8084029F085BABDE8E4
S214007320084029F08BBA08BD581D002008B54279E0
S21400733001461046FFF7B4FFA8B1CB780A48013AD9
S214007340042B00EB82100ED8012B08D81BB9BDE821
S214007350084029F069BABDE8084029F05BBABDE8E4
S214007360084029F06BBA08BD581D002010B586B03D
S2140073700446FEF7EDFE012830D1E278042A2DD827
S214007380DFE802F013323403030061790846FFF7A2
S21400739087FF58B31648032A00EB811050F80C3CC0
S2140073A058791DD1003818BF012063784FF48072D9
S2140073B08DF804304FF48273ADF806300623ADF82E
S2140073C0083001238DF80B3000238DF80A0001A841
S2140073D0CDE903238DF81430FEF7F2FE06B010BD9B
S2140073E0B0FA80F04009E0E70020DEE70220DCE7A4
S2140073F0581D002010B586B00446FEF7A9FE0128E9
S21400740030D1E278042A2DD8DFE802F013133203D5
S214007410030061790846FFF743FF48B31548032A7F
S21400742000EB811050F80C3C5B791DD11A1E18BF7A
S214007430012263788DF80A208DF804304FF48273A9
S214007440ADF806300623ADF8083001234FF48072FD
S2140074508DF80B30002301A8CDE903238DF81430F6
S214007460FEF7AEFE06B010BDB3FA83F25209E0E7AF
S2140074700222DEE7581D002010B586B00446FEF74F
S21400748067FE012812D16378094A8DF804304FF45C
S2140074908273ADF806304FF48073CDE902230023E3
S2140074A001A804938DF81430FEF78AFE06B010BDCE
S2140074B00800070110B586B00446FEF749FE01280D
S2140074C020D16278104B8DF804204FF4827294F825
S2140074D0A01094F8A10059701870ADF80620049317
S2140074E04FF480720223094901A88DF81430CDE9C3
S2140074F00212FEF765FE94F8A130013B18BF012387
S21400750084F8A13006B010BDC75C00200800050155
S21400751010B58378044603B30379022B0AD1427967
S2140075201046FFF7BDFE28B10C48013A00EB82106A
S21400753029F084F9A379022B02D12046FFF716FF23
S2140075402046FFF7B7FF02236078A4F86C30552278
S214007550BDE81040122128F0C5BE10BD581D002001
S2140075604388094A082113808388538083681B8ACE
S214007570938090F8A03093718379D37100780430AB
S214007580C0B2FEF757BC00BFB257002038B50D4654
S21400759004460178114813F03DF84FF602739D42F9
S2140075A00ED10F4B1B782BB963712046BDE83840CF
S2140075B0FFF7D6BF62790AB19342F6D20123F3E70A
S2140075C0B5F57F4FF1D1204629F0D1F9A378022BEB
S2140075D00CBF01220022A3689A70E6E702B60300F9
S2140075E0A85C0020024B53F82000FFF7CFBF00BF77
S2140075F0F834002038B504460078144D04302A4686
S2140076000821C0B2FEF706FC20B1BDE8384010489D
S21400761013F000B82B8863806B88E978A380AA886B
S214007620A3681A82AB7984F8A030EB79A371094B72
S2140076301B780BB9637138BD09B19942FBD906486E
S21400764012F0E8FF23780133F4E700BFB2570020BA
S2140076501CB60300A85C002045B60300F8B5044637
S2140076600B78474A0D4642F823004370FFF7C2FFE7
S214007670A268444BD465D364434B02265365434B00
S214007680A11C13654FF44013E36001236161E162BE
S2140076903F49103221632265211D3E4AA1633E48C0
S2140076A03E49626504F1A002A061E163E265E01C68
S2140076B0611D3B4A206261643A483B492266A21D2E
S2140076C02374237784F8283084F8343084F84030E4
S2140076D0A16484F84C6084F8583084F864306062A2
S2140076E0A266E879AA6800EB400102EB810704F184
S2140076F00C0CC7F804C04FF0060C2C4F42F8217053
S214007700C118C9B201EB410142F821C002EB810762
S21400771000217960264F84F880302767254F84F84B
S2140077209830A767244F254BE767254F84F8746089
S21400773084F88C60C4F89C3004F16C06831CC4F892
S2140077408470C4F890601F4F1F4EDBB203EB4303F8
S214007750C4F89460C4F8887002EB830670347460D2
S21400776008261A4C42F82340C31CDBB203EB430343
S21400777002EB8304043042F823606160E871F8BDD0
S214007780F8340020C50803000F0903001175000037
S21400779001FF300104FF20011000300102FF20012C
S2140077A005FF300100FF300103FF2101070001083B
S2140077B04A002100164E040051001000184E040026
S2140077C0194E0400550021006F0018001200010435
S2140077D000239B6AB3F5804F03D21968064A91428C
S2140077E003D00023037083607047012202709A68FA
S2140077F09B694260F7E700BF07B0CD5E024B034AC5
S2140078001A602AF0D8BC00BF0000002002020FF069
S21400781073B53F4B04461A781AB102221A7002B0AA
S21400782070BDCDE900220028F9D001261E7033F085
S2140078304FF8384D384B186017F0CEFC2B785BB9F4
S21400784002F0F2F940B935480823354A3549006850
S21400785001F038FE00B92E70334B5A68E260334AA6
S2140078609A601A6E22605A6E6260D3F87021A26027
S2140078701B6E5C042CD52E4AD368D807FCD42D4B3F
S2140078801A68531C29D04FF4801393402A4A136673
S2140078900423294C4FF0804223664FF4806323660E
S2140078A0102323664FF400536846236601A9226618
S2140078B0636629F074F8009B2366019B63662B7849
S2140078C0002BACD0164B1A6822665B686366A6E788
S2140078D01A4AD368D907FCD4D1E7194B1B78002B7A
S2140078E0D6D1184B5A68144B12B94FF480121A6648
S2140078F0154A526812B94FF400121A66134B5B68A9
S214007900002BC5D14FF480020B4B1A66C0E700BFB0
S214007910CA5C0020CB5C002030350020E4660020E6
S21400792034350020007108000080004455CEAC00BD
S21400793000000440B06600200090004400000450A0
S214007940C95C00200080055000C0055000000650AD
S21400795038B5224D04462B78012B02D001232B701C
S21400796038BD0028FCD029F03FF8013009D029F0B6
S2140079703BF840F20113984203D0194AD368DB075C
S214007980FCD42268174B1A6662685A66A268C3F867
S2140079907021E268D40744BF00229A60124B1A682E
S2140079A0013213D1114A127882B911494968C807C1
S2140079B048BF1A600F4A5268D10744BF01221A60B6
S2140079C00D4A5268D20744BF02221A6017F00CFC18
S2140079D00A4B186832F077FF0023C0E7CA5C002025
S2140079E00000044000800044B0660020C95C00200F
S2140079F00080055000C005500000065030350020BD
S214007A0070B50024A36AB3F5804F23D21A68134BCF
S214007A109A421FD1124E337813F0FD0518D14FF459
S214007A2080341048FFF7F4FE032004F04FFC0E4BA2
S214007A300320DC6004F02EFC0C4B1C61AB6ADB6997
S214007A40984704460748FFF783FF0CB901233370B5
S214007A50204670BD4FF48174FAE700BF07B0CD5ED4
S214007A60C95C00202035002000A00044009000449F
S214007A7013B5204B1B7803B9FEE700231E4CCDE957
S214007A8000336A4608231D49206801F01BFDF8B93B
S214007A901B4AD2F84031D2F840211F2B4FF0010389
S214007AA011D9203A9340019A1A43019208236A4654
S214007AB01249206801F08EFE124B134A1A602AF013
S214007AC07AFB02B010BD9340009A1A430092EDE78D
S214007AD02D28F1D10A4AD2F84031D2F840211F2B86
S214007AE04FF0010385BF203A93409340019398BF1F
S214007AF00093DBE7CA5C0020E46600200071080003
S214007B0000800044000000200B020FF038B500256E
S214007B10AB6A0446B3F5804F10D21B6BB3F5804FAB
S214007B200CD20748FFF774FEAB6A20461B6B5B68F7
S214007B309847BDE838400248FFF70ABF38BD00BF87
S214007B403C35002013B50024A36A0190B3F5804F9E
S214007B5013D21B6BB3F5804F0FD20948FFF758FEC0
S214007B60A36A01211B6B01A89B6998470446044839
S214007B70FFF7EEFE204602B010BD4FF48174F9E721
S214007B803C35002070B50026B36A0446B3F5804F36
S214007B900D4612D21B6BB3F5804F0ED20848FFF786
S214007BA037FEB36A20461B6B29469B6998470446F6
S214007BB00348FFF7CDFE204670BD4FF48174FAE708
S214007BC03C35002070B50026B36A0446B3F5804FF6
S214007BD00D4612D21B6BB3F5804F0ED20848FFF746
S214007BE017FEB36A20461B6B2946DB699847044696
S214007BF00348FFF7ADFE204670BD4FF48174FAE7E8
S214007C003C350020F8B50027BB6A0446B3F5804F24
S214007C100D46164611D21B6B7BB10948FFF7F8FDDF
S214007C20BB6A20461B6B324629465B6A9847044669
S214007C300348FFF78DFE2046F8BD4FF40174FAE7BF
S214007C403C35002070B50026B36A0446B3F5804F75
S214007C500D4612D21B6BB3F5804F0ED20848FFF7C5
S214007C60D7FDB36A20461B6B29469B6A9847044695
S214007C700348FFF76DFE204670BD4FF40174FAE727
S214007C803C350020F0B50027BB6A0446B3F5804FAC
S214007C900D461646ADF5337D20D21B6BB3F5804FEF
S214007CA01CD21048FFF7B4FDBB6A20461B6B40F29F
S214007CB0C1225B6A01A99847044630B10948FFF71C
S214007CC047FE20460DF5337DF0BD836A32461B6BBA
S214007CD02946DB6A01A898470446EFE74FF401748B
S214007CE0EFE700BF3C35002010B50024A36AB3F5CB
S214007CF0804F10D21B6BB3F5804F0CD20748FFF7AE
S214007D0087FDA36A1B6B1B6B984704460348FFF767
S214007D101FFE204610BD0124FBE700BF3C350020B7
S214007D20F0B58FB0044601A80E461546FFF7EEFEE6
S214007D309DF80C30012B12D1B5F5402F27D8B4F59D
S214007D40402F24D86319B3F5402F20D821462A4661
S214007D50304613F001FF002420460FB0F0BD002788
S214007D60BB6AB3F5804F15D21B6BB3F5804F11D2AB
S214007D700A48FFF74DFDBB6A2A461B6B3146204674
S214007D805B6B984704460548FFF7E2FDE4E740F2E0
S214007D900244E1E740F20114DEE700BF3C35002074
S214007DA0F0B58FB0044601A80E461546FFF7AEFEA6
S214007DB09DF80C30012B1FD1B5F5402F06D8B4F531
S214007DC0402F03D86319B3F5402F13D940F202446D
S214007DD020460FB0F0BDE258013225D104339D4253
S214007DE0F9D82A463146204628F02EFE0028EDD047
S214007DF00024EDE70023F2E70027BB6AB3F5804FC7
S214007E0015D21B6BB3F5804F11D20A48FFF700FD61
S214007E10BB6A2A461B6B314620469B6B9847044636
S214007E200448FFF795FDD3E740F20344D0E740F25D
S214007E300114CDE73C35002070B58EB0044601A88D
S214007E400D46FFF763FE9DF80C30012B22D144EA65
S214007E500503C3F30C03002B33D1B5F5402F04D92B
S214007E6040F2024420460EB070BDB4F5402FF7D85D
S214007E702544B5F5402FF3D8204604F5005428F0E5
S214007E80DCFDAC4202D00028F6D1E9E70028E7D0B6
S214007E900024E7E70026B36AB3F5804F14D21B6BC5
S214007EA0B3F5804F10D20A48FFF7B2FCB36A2946F2
S214007EB01B6B2046DB6B984704460548FFF748FDDA
S214007EC0D0E740F20444CDE740F20114CAE700BF11
S214007ED03C350020BFF34F8F0549064BCA6802F4B5
S214007EE0E0621343CB60BFF34F8F00BFFDE700BFD8
S214007EF000ED00E00400FA0570B5D0B1C9B10E4E31
S214007F00431E013913F8014F2046325D02F003028A
S214007F10012A11F8012F08BF04F12000B55C05F016
S214007F200305012D08BF2032801A01D1002CE9D1AB
S214007F3070BD0120FCE700BFED7504000348044A4D
S214007F400449121A921028F0CBBD00BF344100003D
S214007F50D0420000E463002008B5154B83F30A887E
S214007F6000F030F8FFF7EAFF124B13498B4212D3AA
S214007F700020124B12498B4218D3FCF7B3FE186848
S214007F8050F82240586840F82240013298688242F1
S214007F90F5D30C33EAE70022F8E71C6844F8220021
S214007FA001325C68A242F8D30833E4E70022F8E71F
S214007FB0080000208C9A0400989A0400989A0400FE
S214007FC0989A0400124B134A70B59A60D3F888202A
S214007FD0114D42F47002C3F888206FF0010205F5D7
S214007FE00054226641F2FF7262660222C3F8D02075
S214007FF0BFF34F8FBFF36F8F4FF44036032004F06C
S21400800065F90320E66004F045F92E6170BD00BFF7
S21400801000ED00E00040000000800044014B1860C6
S214008020704700BFB8660020054B1860054B1B6FF5
S21400803003F00703032B01D130F0A2BD704700BF49
S214008040C0660020008000502DE9F04104464FF045
S21400805001080C250D4E0CB9BDE8F08194FAA4F089
S214008060B0FA80F00F2808FA00F2C8BF103824EAE9
S2140080700204CABF05FB006205FB0062B432576803
S214008080002FE8D09168C0B2B847E4E74C3500202E
S21400809008B50C4832F0BAFC192004F009F928B1EA
S2140080A0192004F013F9192004F0F4F81A2004F04B
S2140080B0FFF828B11A2004F009F91A2004F0EAF8AB
S2140080C0002008BD7C5004002DE9F0410E461746FE
S2140080D0054618B30F2923D80378DBB1013BDBB282
S2140080E0022B19D8104AD35C6A78D340DB0717D521
S2140080F00E4BD3F81043ACB932F0EAFB80463A4652
S2140081002846314602F042FE404632F0DCFB20466E
S214008110BDE8F0817F23E7E70023E5E72224F6E7C2
S2140081202124F4E70224F2E76C4E040000C003505A
S21400813010B5044610B30378E3B1013BDBB2022B63
S2140081401AD8104AD35C6278D340DB0718D532F0D1
S214008150BFFB0122617823788A4030214B4341F2ED
S214008160100103F1A04303F570335A5032F0ABFB15
S214008170002010BD7F23E6E70023E4E72220F8E78F
S2140081802120F6E76C4E040010B5044610B30378C1
S214008190E3B1013BDBB2022B1AD8104AD35C6278FB
S2140081A0D340DB0718D532F093FB012261782378A1
S2140081B08A4030214B4342F2100103F1A04303F5FD
S2140081C070335A5032F07FFB002010BD7F23E6E765
S2140081D00023E4E72220F8E72120F6E76C4E0400AF
S2140081E038B50D46044618B311B30378E3B1013B26
S2140081F0DBB2022B1AD8104AD35C6278D340DB0776
S21400820018D532F065FB30222378534303F1A043A0
S21400821003F570335B696278D34003F001032B707B
S21400822032F051FB002038BD7F23E6E70023E4E769
S2140082302220F8E72120F6E76C4E04002DE9F041F5
S2140082400D4616469846044600284FD000294DD0C5
S2140082500178002940D04B1EDBB2022B3ED8254ABF
S214008260D25C6378DA40D20701D4FF2940D1022ECF
S21400827001D9042E3CD132F02BFB23780746FF2B86
S21400828005D032462046296802F0C6FD28602B68D5
S214008290013309D12378FF2B06D1174B6078D3F82A
S2140082A0241429F0F8F9286029684B1C18D00C23F0
S2140082B0124A03FB0122069BC2F8048093602378CF
S2140082C0FF2B04D001230E4A8B40C2F824343846D4
S2140082D032F0F9FA002007E07F22C2E70022C0E76A
S2140082E0384632F0F0FA2D20BDE8F0812220FBE778
S2140082F02120F9E76C4E040000C003504C350020E6
S21400830000D0035008B502F037FD044B00F055309E
S214008310C3F82004BDE80840FFF796BE00E003500F
S21400832008B502F029FD044B00F0AA30C3F820047B
S214008330BDE80840FFF788BE00E003502DE9F04F87
S214008340144605460E469B46C36B87B001225B6902
S21400835002A960689847EB6B01225B6903A9304667
S214008360984702A828F0BBFF074648B10023A3752C
S21400837063754FF0FF33A360002007B0BDE8F08FB1
S21400838003A828F0B9FF0123A375237E04EBC303DB
S214008390DE611F846368B3420ED1206003A828F014
S2140083A0CDFF4FF0FF332075A360237D043B022BE7
S2140083B026D80023A375DFE723681A1A53425341D1
S2140083C0A37503A828F0BAFF237D834218BFA775BC
S2140083D003A828F095FF074602A828F091FF8742D9
S2140083E018BF002303A818BFA37528F091FF0746FF
S2140083F002A828F08DFF87421CBF0023A375D4E790
S21400840003A828F07DFF80B1EB6B022230465B6943
S21400841004A9984704A828F082FF0346207D032875
S21400842039D8DFE800F03838040903A8F3E7CC228F
S214008430237E04EBC3031A8401F06EFC109B1870B5
S21400844003A8277E28F050FF04EBC70787F8220012
S214008450237E03A804EBC303B3F8209093F822709E
S21400846028F04EFF804603A828F052FF8246B8F157
S214008470000F15D0EB6B022230465B6904A99847C3
S21400848004A828F011FF6075637D6BB90023A375FF
S2140084904FF0000838E0227E04EBC2021384CBE7DC
S2140084A003A828F0ECFEEEE794F81680B8F1000F6B
S2140084B0EED0B9F1000F09D1DFB10123E375637E79
S2140084C0002B4FD1012F42D1677614E06B6C06EB80
S2140084D00A015A4286EA010010421CBF0022A27519
S2140084E05A1E0A409B1A9945D0D8A37D002BE3D18B
S2140084F0CEE7E37D43B94FF000084B46524631467F
S214008500284628F037FCA060A27D12B123694B44B0
S21400851023611A49237E097899422AD901332376A2
S214008520BBF1000F27D032B3E37D23B3B8F1000FC1
S21400853021D1032F1FD0A1684B1C1CD0109B2246B4
S214008540009328460123FFF7F9FEA07513E095F87F
S214008550343063B9EB6A0133CFD1032FCDD1012379
S214008560A376C8E7012FCFD0032FC4D1F7E79846EC
S214008570C3E70023A375A07DFFE600BF904E04006E
S2140085802DE9F04F0E46984600238BB004464FF078
S214008590FF31104617468DF8133001F0A7FBB6F5ED
S2140085A0801F20D2314605AA04F1080028F0E9FD14
S2140085B0451C014603D1237CBBB92D2010E038466C
S2140085C001F094FB0122394620460DF1130328F0F2
S2140085D023FC0028EFD09DF8133088F800300020E8
S2140085E00BB0BDE8F08FB01CE5D1E56A691C36D14A
S2140085F02046616A28F004FB0546B31C18BF012319
S214008600DFF8CC900193636A626C0293236805A935
S21400861002FB053AE36B05225B695046984705A8BE
S21400862028F0F8FE28F01BFF504628F023FF4FF0F6
S214008630000B824601464B1C05D0636C81EA0A0299
S2140086405B42134211D02946204628F0D9FA029BF5
S214008650AB422CD0BBF1000F2CD10546D3E72368E4
S214008660ED1A636CB5FBF3F5C7E7484601F03EFB31
S2140086700DF1130349462046019A28F0CDFB034628
S21400868090B1B21C03D0D9F80020B2420CD19DF8AC
S214008690132003930D4B88F8002049461A68384685
S2140086A013F05AFA039B9B46D9F80810C3E7BBF1B0
S2140086B0000F82D0B6F5801F91D2314698F8003070
S2140086C07A6804F1080001F03FFA88E78C4E04004F
S2140086D0283D00202DE9F3410446174698460E46ED
S2140086E0184D816AE36A8B4201D04B1C02D102B05E
S2140086F0BDE8F081284601F0F9FA01222946204615
S2140087000DF1070328F088FB38B14346294620467A
S2140087109DF80720B8470028E9D0A9684A1C04D16C
S2140087206968204628F0F9FA0146012EDAD16B680E
S21400873081EA0302636C5B421A4218BF4FF0FF31B6
S214008740D0E700BFFC3C00202DE9F04F4FF0FF3390
S2140087504FF6FF720025044600F10806C0E909231B
S2140087608BB0C362056205633046884628F0DAFCA3
S214008770204628F015FA60BB2046414628F090FABD
S214008780204628F00DFA60BB5E200BB0BDE8F08FE7
S2140087902368E26B606C576900FB0530052205A96B
S2140087A0B84705A828F036FE012807460CD129460A
S2140087B0204628F046FA012F024600D1013229460B
S2140087C0204628F00CFA03E028F04EFE0028EED1F2
S2140087D00135E3699D42DBD3204628F0E1F9002805
S2140087E0CAD000254FF0FF394FF6FF73CA46A84699
S2140087F0C4E90853E36998450AD3A5EB0905012D9A
S2140088002CD84FF6FF72636A93423CD16720BCE7D0
S2140088102368E26B606C576900FB0830052205A9E7
S214008820B84705A828F0F6FD834605A828F0C9FD38
S2140088300746584628F013FE68B1574538BFC4F8B7
S2140088402480B94528BFB946BD4238BF3D46BA4622
S214008850236A0133236208F10108CBE74FF6FF7362
S21400886000256362E3699D42CBD2676C2068E36BA8
S214008870052207FB05005B6905A9984705A828F0AF
S214008880A0FD0135EEE7E26B676C2068694607FBE2
S214008890030055690522A847684628F092FD626ADB
S2140088A02368606C4B4D00FB023028F0E3FD4FF070
S2140088B0FF33A062E3622A466FF00101204605AB53
S2140088C0FFF75EFE002846D1AD6829462046E562E1
S2140088D028F042F9206320B92046E16A28F01DFA04
S2140088E0E0622946204628F018FA0546A36A9D420B
S2140088F033D1204628F003F900278046B946E369BD
S21400890099453CD3B84559D92046616A28F078F98C
S2140089100026054604F1400AB74212D8626C236866
S214008920694602FB0539E36B05225B6948469847B2
S214008930684628F046FD534602464946E06B28F056
S2140089409BFD2946204628F05BF90136B0450546D2
S214008950E2D1642019E7A56AB7E72946204628F041
S214008960FBF8236B2946034407462363204628F07A
S214008970D4F90546002FB9D1C4E90B07B6E7636CF6
S2140089802568052203FB0955E36B05A95B692846A4
S214008990984705A828F03EFD28F061FD58B1284606
S2140089A028F068FD0146204628F0D6F8636C143B94
S2140089B0984208BF013709F10109A0E7304628F0C0
S2140089C0B1FB002320461946034AFFF783FE00202A
S2140089D0DBE600BF543D0020070E03002DE9F04102
S2140089E0036B9046826B07689A4288BF8363426C2B
S2140089F0436A90B002FB0377C36B0E46052201A9BB
S214008A005B6904463846984701A828F003FD01280C
S214008A100146307057D0656CE26B2368606AD2F806
S214008A2014C005FB0030052206A9E04706A828F07A
S214008A30F1FC01284FF0000523D0D4E90A320121C9
S214008A409342CDE90B458DF834800E958DF83C1099
S214008A502AD11946204628F060F9236B626C14333D
S214008A609B1AE06223630C9B53B99DF83C303BB1E4
S214008A70626A616C2368E06B01FB023128F082FCBD
S214008A800C9DE36B05225B6901A93846984701A84F
S214008A9028F0C0FC30702846236BA26B9A4288BF31
S214008AA0A36310B0BDE8F081237C33B91C490BAA40
S214008AB004F1080001F096F8D5E72046194A0BABFA
S214008AC0FFF708FECFE7237C23BB2246164904F1B6
S214008AD0080001F087F8616A204628F0B2F8616A5B
S214008AE0421C204628F07BF8054620B9236B626CB2
S214008AF01344143B23632046A16A28F00EF923682A
S214008B00A062C01A636CB0FBF3F06062204628F0E7
S214008B1047F9B6E700232046044AFFF7DBFDDAE70D
S214008B2081920000FD910000A10E03003D0E03009F
S214008B3073B50D46D11E4A421C461B7E4A419A42D8
S214008B4026D129682368994222D3636899421FD8A0
S214008B50114E0DF107033246FFF712FDC0B97268D9
S214008B606B689A4214D19DF80730DA1E534253417F
S214008B70227E93420CD1636901336361D4E90323F7
S214008B80934205D22968A26842F823100133236174
S214008B90012002B070BD00BF543D00202DE9F04F0B
S214008BA09B4689B09DF848309046514A0193136918
S214008BB007465B450D46C0F09580D946536800933E
S214008BC0B9F1000F7BD0FB6B01225B6905A9009809
S214008BD0984705A828F090FB454B1B68984240F044
S214008BE0848005A828F094FB0428064615D105A81D
S214008BF028F095FB009B04461E44019B002B3ED1AB
S214008C00804512D91C46A8EB00083846009928F083
S214008C1084F8A9EB04090090D2E7FB6B02225B699B
S214008C20009806A9984706A8E2E7A0EB08045C456A
S214008C3028BF5C46032C4644ABEB040B1DD9FB6BEC
S214008C40294630465B69A208984724F0030304F0DF
S214008C50030A1E441D44DDF80480BAF1000FD4D088
S214008C60FB6B012206A930465B69984752462846A8
S214008C7006A912F071FF5544C7E7A246EBE7824605
S214008C8000F0030302932B1803930644039BA6EB02
S214008C900A00A3EB0A05029B9A4514D1BAF1000F0D
S214008CA0B3D0FB6B012206A95B699847524628465B
S214008CB006A913F00DF90028DDD04FF03609484616
S214008CC009B0BDE8F08FFB6B012206A95B699847E7
S214008CD00422284606A913F0FBF80028EDD1AAF1D5
S214008CE0040AD3E74FF06309E9E74FF06F09E6E7B8
S214008CF0803D00202DE9F0410F4616469846044672
S214008D0088B060B390F83450FDB1012127F03DFFE4
S214008D1000210E9BCDE90511CDE902379DF83C30C8
S214008D20CDF804808DF81C30237C04968BB90D4951
S214008D3001AA04F1080000F055FFDDE90553E06BD9
S214008D40002E08BF1D4628F0B9F8284608B0BDE832
S214008D50F0812046044A01ABFFF7BCFCEDE7054670
S214008D60F3E700BF6B0E0300318B00007FB590F871
S214008D704260044601920DF10B030A463046114943
S214008D8028F0A4F8012E0546E36B17D132465B693E
S214008D9003A998479DF80B10039B019A59B19BB203
S214008DA043EA0243012228460393E36B03A99B6927
S214008DB0984704B070BD62F30F03F3E701229B6986
S214008DC001A9F5E7803D00202DE9F04F99B00E4649
S214008DD00D920A69416C0B931439D31DB3FBF1F362
S214008DE0013302EBC302036B04469342C0F00182D8
S214008DF00023DFF804940893E36A4846194605936F
S214008E0000F074FFD6E9033707930B9B022B4DD176
S214008E10CC2F40F0D7810D9B3BB13146204628F041
S214008E20ABF8656C1490012044E00120079B656C4C
S214008E301B68149300F0010000280CBF04230823CD
S214008E40782F0E9349D8059A6B1E1340ED1A3B1DDA
S214008E509D423CD2002F3DD0082D3ED8002304254D
S214008E6006934FF0040A336806990B98C9F8003049
S214008E70C9F8107028F066FA4FEA9A030F93059B1C
S214008E8089F814000393002309930C9304930A9320
S214008E90616C039B4A1E1A408B1A27B35544AB429B
S214008EA023D8236B5B1A134423632FE1782F656C5A
S214008EB0B9D8F07D0D9B002BBCD0E36B01225B691B
S214008EC0706816A9984716A828F01AFAB4E700257D
S214008ED00695C6E704250697C3E7012300254FF04D
S214008EE0080A0693BFE75345DBD3A3EB0A02974273
S214008EF0039BB84628BF90469742534428D9012280
S214008F00D9F8101089F817208F4226D10399C9F88E
S214008F100410049299F817200AB399F818100398C9
S214008F20CA1C09EBC202506004980131A2F80880FE
S214008F30907289F81810B8F1000F07D00B9A022A21
S214008F4040F08180099A72B1012209929B46ABE0FB
S214008F50049A002A18BF0322DBE70222D9E7039A05
S214008F60C9F80420E7E70C9A4244032AEED9E26BDC
S214008F701846956914A901220993A847099B054636
S214008F800028E1D03D2D40F01E8104F10803039334
S214008F902368059A606CA2EB030ABAFBF0FA00FBA2
S214008FA00A3028F067FAE16A8046204627F0B5FEC8
S214008FB0A26A824200F00F81626CD9F80830511E16
S214008FC00B40216B2768891A0B442363089BE062D9
S214008FD0DF1BB7FBF2F7BA4540F0FA80059BB3EB10
S214008FE0080A12D0E36B4FEA9A0241469B699847FB
S214008FF08346E36A059A5344E362236B03989B1AFD
S2140090004344236328F08EF8DA462368616CE06BED
S21400901001FB073128F0A3F9204627F0C1FD2046C2
S21400902027F0BEFE2063BAF1000F00F0D48032694C
S214009030616CD31D1439B3FBF1F3013302EBC302A9
S2140090409042A5D2BFE00D9A002A77D1B8F1030F5F
S2140090504FEA98026ED9E16B18468D69079910930E
S214009060A847109B0546C0B918F0030515D0079A07
S21400907028F0030B02EB0B019B444FF0FF3215A8C0
S21400908015922A46109312F067FDE26B58469569D2
S21400909015A90122A8470546109B9B46079A4244FD
S2140090A00792002D40F08B80049B16A80193069B28
S2140090B0009399F814204346316800F0CDFDE36B29
S2140090C00F9A9B69039816A99847039A051E089B52
S2140090D018BF13460893434652462046039927F086
S2140090E049FE236B08F10302A3EB0A0322F00302F6
S2140090F09B1AC9F808002363002D7FF443AF0C9B2E
S214009100A7EB080743440C93CDF80CB02046039910
S21400911027F003FE00250390002F7FF4B9AE364AF1
S2140091203168936804F10800E36252680B9B00F014
S2140091300BFD49E09B46454607999EE79B4606F190
S21400914020021092F27D7068A2B1002296F818C034
S2140091500A99D5B2AC4511D9109D02F1010E35F829
S21400916032508D4228D90E9806EBC2020144D069CF
S214009170084403E00E9A0A990A441044E26B15A9C3
S214009180556901221193A847159A0A9B1392E26B20
S214009190043395695846012213A90A93A847119BE0
S2140091A0054603EB0802A2EB0B02042A7FF679AF12
S2140091B028B90BF1040BC5E77246491BC9E7CDF881
S2140091C020B088E770252F46384619B0BDE8F08FE6
S2140091D04FF0000A19E73269616CD31D1439B3FBEE
S2140091E0F1F3013302EBC302236B9342BFF404AEE8
S2140091F0E9E71C27E8E700BF283D0020032A2DE901
S214009200F34106460D4617461C4606D1237A012B27
S21400921023D0012002B0BDE8F081DFF86080096845
S21400922042460DF10703FFF7ABF960600028EDD169
S2140092309DF80720237A032AE8D0D8F804106A6835
S2140092409142E3D1012B2969D4F80CC007D1726989
S2140092500CEB0103934202D92074207CDAE7083134
S2140092606144E1603B46012229463046FFF7ACFDEB
S21400927060600028CAD00020CCE700BF543D002024
S2140092802DE9F341089C032A1746266806D1237A5F
S214009290012B24D0012002B0BDE8F081DFF89080D9
S2140092A0304642460DF10703FFF76AF96060002872
S2140092B0EDD12568D8F80400A96AD5F844C048401E
S2140092C0CCF100031840227AE1D1012A09D1E268E4
S2140092D0D8F8103013447269934202D92074207C67
S2140092E0D9E72868EB6A1B1A081AB3FBFCF3B0FB35
S2140092F0FCF083420BD1706CF36A421E1340326B53
S214009300121A13442846336327F007FDE862D8F89C
S2140093101020E36808321344E36001223B46044908
S2140093202068FFF751FD60600028B0D00020B2E74B
S214009330543D00202DE9F0410025604B0E46D3F841
S214009340008004461D6018B921252846BDE8F08136
S21400935090F8347007B30A6803689A4240F0A38016
S2140093604A6843689A4240F09E808A6883689A42B8
S21400937040F09980CA68C3689A4240F094800A69AF
S21400938043699A4240F08F808A69C36B9A4240F0E4
S2140093908A804B698361D8E768223946856B12F06C
S2140093A04BFAD6E90212336804F1080023607368AA
S2140093B0A5636360336963617369A36127F0C4FEC4
S2140093C0B36904F14000E3639B68984720B9676C73
S2140093D017B16368B3FBF7F794F84330E761002BE7
S2140093E0B2D00023656C2366002D64D0002F62D0B7
S2140093F02368B3FBF5F205FB1233002B55D16668E4
S214009400B6FBF5F305FB1363002B4ED1204627F081
S21400941093FBA369043303449E4248D340F6347258
S2140094206369CC3B934244D8B5F5805F43D30321B0
S214009430204627F0AAFBD4E90001E36B1B68984797
S2140094400546E36B0220DB689847CDB941462046C7
S214009450FFF77AF96428054604D141462046FFF70F
S21400946073F90546666C5DB9236A2046143E5E4372
S21400947027F062FBA369043303449E4238BF5A2593
S214009480002D0CBF0123002384F8343007D1D4E923
S21400949000010B4A13680133136027F0EFFEE06B00
S2140094A027F00CFD51E75D254FE759254DE75A2576
S2140094B04BE75F2549E75B2547E700BFB836002046
S2140094C0B43600202DE9FF410C4616461F460546D9
S2140094D080B390F834307BB3B1F5801F2ED2DFF81E
S2140094E06080012127F051FB2146424628460DF1B7
S2140094F00F03FFF745F8044670B99DF80F30012BAF
S21400950011D1D8F81030BB4212D102460090314635
S2140095102846FFF743FB0446E86B27F0CFFC2046BF
S21400952004B0BDE8F081022B14BF2D246024F3E7BD
S2140095306324F1E72124F2E71124F0E72924EEE77B
S214009540803D00202DE9F04385B00C4617461E46A8
S2140095500546DDF8308098B390F8343093B3B1F513
S214009560801F31D2DFF86490012127F00EFB2146E0
S2140095704A4628460DF10F03FFF702F8044688B95D
S2140095809DF80F30012B14D1D9F8102006EB0803F4
S2140095909A4213D300904346324639462846FFF790
S2140095A0FDFA0446E86B27F089FC204605B0BDE8C6
S2140095B0F083022B14BF2D246024F3E76324F1E725
S2140095C02124F2E71124F0E72924EEE7803D00206D
S2140095D073B50C461646054630B390F834302BB3B8
S2140095E0B1F5801F24D2012127F0CFFA2146284664
S2140095F0104A0DF10703FEF7C3FF044680B99DF835
S2140096000730032B0CD0022B0CD12846094927F033
S214009610B3FC3060E86B27F051FC204602B070BD0A
S2140096202D24F7E76124F5E72124F6E71124F4E773
S2140096302924F2E7803D00202DE9F3411E46002351
S2140096400C4617460546336050B390F834304BB39B
S214009650B1F5801F28D2DFF85480012127F095FA53
S2140096602146424628460DF10703FEF789FF0446C9
S214009670A0B99DF80730032B10D0022B03BF01239F
S2140096803B600423D8F8103018BF38603360E86BAE
S21400969027F014FC204602B0BDE8F0812D24F6E742
S2140096A02124F7E71124F5E72924F3E7803D00207D
S2140096B073B50446056B27F03FFA636E03449D427C
S2140096C02CBF00230123854294BF00252D1A207C41
S2140096D084F85030656584F85800A8B100230C4E15
S2140096E01A4619462046009627F00AFD002305462E
S2140096F01A4619462046009627F00BFDE3682844D4
S214009700984294BF0020C01AE06502B070BD00BF4A
S214009710FFFF0F002DE9F3471E4643690446B34298
S214009720884617469DF828904ED300258DF807509A
S214009730204627F001FAD4F830A082450AD2236AE0
S214009740B5EB430F06D2002220460DF10701FFF7C6
S21400975045F9B8B39DF80730012B05D10022204605
S2140097600DF10701FFF73AF9B9F1030F06D03146BC
S214009770204627F0D1F9256B854227D3144D4FF0AC
S214009780FF31284600F0B2FA4B4629460022204612
S214009790C5E90376C5F80080FFF716FB236E05467D
S2140097A063B12046FFF784FF94F8503013B994F85D
S2140097B058301BB1236E04F150009847284602B07B
S2140097C0BDE8F0870135B3E76225F7E71C25F5E726
S2140097D0543D00202DE9FF410F4690461E460546A3
S2140097E098B390F8343093B3B1F5801F31D21A4C49
S2140097F0022127F0CAF92246394628460DF10F0302
S214009800FEF7BEFE024678B1012342460093394673
S21400981033462846FFF77EFF0446E86B27F04EFBEC
S214009820204604B0BDE8F0819DF80F30012BEBD147
S2140098302169B142E8D10093414633462846FFF7F6
S214009840ADF904460028DFD1E7E72124E8E7112434
S214009850E6E72924E4E700BF803D00202DE9F04735
S21400986090F8423086B0012B05460391A1EB020723
S21400987040F0AA80FF2F03D81E464FF0640807E08A
S2140098800226012B14BF4FF032084FF06408013651
S21400989000244FF6FF79DFF844A195F84230012BFB
S2140098A014BF322364239C4202D35FFA88F40DE08F
S2140098B005AB22465146284627F03CFB95F8423039
S2140098C0012B059B34D14B452DD1E4B295F842309F
S2140098D0012B14BF32226422121BB24217D3012E70
S2140098E039D10022012B05978DF8132027D10822A5
S2140098F005A90DF1130027F0D9FD9DF81330059A40
S21400990042EA032221462846FFF730FA40B10223F6
S214009910324900932846CC23096803AAFFF7FAFECB
S21400992006B0BDE8F087DBB203B902340134B4E711
S214009930591CCAD09BB2002BF8D10134F6E710228E
S21400994005A90DF1130027F0B1FD9DF81330059A17
S21400995042EA0342D6E7039A012B059223D1082355
S214009960202205A90DF113008DF8133027F09EFD77
S2140099709DF81320120221462846FFF7F7F995F8BE
S2140099804230611C012BC9B21AD10028BFD128462B
S214009990BDF81420FFF7EAF90028B8D10234BDF864
S2140099A01620E1B2AFE71023202205A90DF113001F
S2140099B08DF8133027F07AFD9DF813201204DAE7AD
S2140099C00028A4D1059A9EE7B7F5803F4FF0010620
S2140099D0BFF457AF4FF032085AE700BF803D002073
S2140099E070B586B00E4605460392A0B390F83430A4
S2140099F09BB3B1F5801F32D2022127F0C6F831465C
S214009A002846184A0DF11703FEF7BAFD044618B9A2
S214009A109DF81730032B0ED10223314600932846BB
S214009A20CC2303AAFFF776FE0446E86B27F046FA37
S214009A30204606B070BD022B0BD10A49284627F0F7
S214009A409BFA039902468142EFD02846FFF706FFAD
S214009A50EAE76124E9E72124EAE71124E8E7292474
S214009A60E6E700BF803D0020F7B50C4616460546E3
S214009A7068B390F8343063B3B1F5801F2BD202215F
S214009A8027F083F821462846144A0DF10703FEF70F
S214009A9077FDC0B99DF80730032B14D0022B14D1E4
S214009AA00E49284627F068FA471C024639462846DB
S214009AB0FFF7D4FE044606B13760E86B27F0FEF9E0
S214009AC0204603B0F0BD2D24F7E76124F5E72124F6
S214009AD0F6E71124F4E72924F2E700BF803D0020D2
S214009AE030B50C46054685B028B390F8343023B31D
S214009AF0B1F5801F23D2022127F047F80DF10F039E
S214009B00214628460F4AFEF73BFD034688B99DF8D6
S214009B100F20032A0DD00322214600920246284633
S214009B20FFF7F8FD0446E86B27F0C8F9204605B0B5
S214009B3030BD2D24F7E72124F8E71124F6E7292481
S214009B40F4E700BF803D00202DE9F043466886B369
S214009B50056898464FF0000CA946AE4655F83C40BE
S214009B600CF1010CC4F31307013401D0B94217D02D
S214009B70B4450EF1080EF1D12F46002403E0B4429E
S214009B8007F1080712D055F8343001340133F6D106
S214009B90C1F3130141EA0851C7E90012BDE8F0839A
S214009BA041EA0851CEE90012BDE8F083B8F1030F90
S214009BB003D101230372BDE8F083002303E0B34220
S214009BC009F10809F5D055F833400133C4F30754BA
S214009BD0032CF4D1C1F3130343EA0853C9E9003256
S214009BE0BDE8F0832DE9F0410646406882B0B8B182
S214009BF00F4690460024336853F8345003EBC403F2
S214009C00C5F30752C5F31301013506D05B6830462D
S214009C10CDF80080B84718B1706801348442EAD3A2
S214009C2002B0BDE8F08100BF024B1968024B18680D
S214009C30FFF780BBC4660020E466002008B530F05D
S214009C403AFE014B186008BDAC3D0020014B186879
S214009C5030F02CBEAC3D002073B504462248012AE5
S214009C6000EAC1119DF8185023F07C4007D9961ED3
S214009C70012E28D9073303F07F03194308E09DF827
S214009C801C300A43DB0603F0C053134343F0604125
S214009C900023C4E900108DF80730B5B12022214614
S214009CA00DF1070027F002FC1A220DF10700211D16
S214009CB027F0FCFB082063689DF8072043EA8263D0
S214009CC0636002B070BD1143E2E71B220DF107008E
S214009CD0214627F0EBFB23689DF80720042043EA83
S214009CE0C2632360EDE700BF80FFFF0738B5094B6E
S214009CF00D461A680021044611F09EFD00234FF021
S214009D00FF322383C4E900252361A260E382A376A1
S214009D1038BD00BF8C4E04000138C0B205289ABF7B
S214009D20014B185C01207047914E04002DE9F0416C
S214009D300746154600240E46596888B0490A012988
S214009D4022464FEA510104F10104F8D8DC789978EC
S214009D5024031B88C90201F4006104F480540C43F8
S214009D60C3F30A035203234492B24FF000089C1830
S214009D70274B6FEA0444039325F07843ED4302A98A
S214009D800DF107001B2202938DF8078027F08EFB4B
S214009D909DF80720029B02A943EAC2630DF1070063
S214009DA01B2225F07845049302958DF8078027F04E
S214009DB07DFB9DF80720029B6FEA144443EAC263CA
S214009DC005934FF0FF330794069307A9BB6901225A
S214009DD006F110009847BB6905A90446012206F162
S214009DE008009847BB69404518BF044604A90122ED
S214009DF0301D98470122404518BF0446BB693046CF
S214009E0003A99847404508BF204608B0BDE8F08142
S214009E1001009AB238B5104B0546D3F800310C460F
S214009E2003F00303022B0BD0032B0DD0012B0FD115
S214009E302EF0C0FE032305B1286004B1236038BDB0
S214009E402EF002FF0723F6E730F048FD0623F2E780
S214009E5001230020EFE700BF0080005038B5134B09
S214009E600546D3F820010C4600F0070004281AD84F
S214009E70DFE800F003090D111500012305B1286085
S214009E8004B1236038BD2EF05BFE0423F6E72EF007
S214009E9091FE0323F2E72EF093FE0523EEE72EF065
S214009EA085FE0223EAE700231846E7E70080005015
S214009EB038B5104B0546D3F840310C4603F0030383
S214009EC0022B0BD0032B0DD0012B0FD130F008FD49
S214009ED0082305B1286004B1236038BD2EF0B4FE17
S214009EE00723F6E730F0FFFC0923F2E70123002002
S214009EF0EFE700BF0080005038B5104B0546D3F89A
S214009F0060310C4603F00303022B0BD0032B0DD05D
S214009F10012B0FD130F0E4FC082305B1286004B112
S214009F20236038BD2EF090FE0723F6E730F0DBFC0A
S214009F300923F2E701230020EFE700BF008000506E
S214009F4041F6713210B5104C104BA04294BF00245D
S214009F500124D969DA639A6801F4803122F4401248
S214009F6042EA04529A600A4A90420A4AD2F8180212
S214009F708CBF40F0020020F00200C2F8180209B1BF
S214009F800022DA6310BD00BF005A620200000350D0
S214009F9080F0FA0200C007502E4B98424AD022D8D2
S214009FA02D4B984240D014D82C4B984239D00AD822
S214009FB02B4B984232D02B4B98422FD02A4B9842AC
S214009FC02CD000207047294B9842FAD1284B186FA6
S214009FD07047284B98422AD0274B9842F1D1244B01
S214009FE0D3F880007047254B98422BD009D8244BD5
S214009FF0984223D0234B9842E3D11D4BD3F88C00D4
S21400A0007047214B984221D003F5740303F5105393
S21400A0109842D6D1164BD3F898007047144B986DDB
S21400A0207047134B586E7047114B586F7047104B64
S21400A030986F70470E4BD3F8840070470C4BD3F8DC
S21400A040880070470A4BD3F890007047084BD3F847
S21400A050940070470048E8010024F400C0CF6A006E
S21400A06080841E0000093D0040420F00405DC6008F
S21400A0700080E00FC0EA210180BA8C01007E560302
S21400A08080D54302006CDC020090D00337B50C4646
S21400A0900021114B0191D3F88031054603F00303EC
S21400A0A0022B0ED0032B11D0012B03D101A8FFF7F2
S21400A0B0D5FE0D210DB1019B2B6004B1216003B0CC
S21400A0C030BD2EF07DFD05210190F3E72EF06EFDEC
S21400A0D002210190EEE700BF0080005038B5104B1B
S21400A0E00546D3F840320C4603F00303022B0BD090
S21400A0F0032B0DD0012B0FD130F0F2FB082305B156
S21400A100286004B1236038BD2EF09EFD0723F6E7D5
S21400A11030F0E9FB0923F2E700231846EFE700BF1B
S21400A1200080005038B5144B0546D3F800020C46A4
S21400A13000F0070004281BD8DFE800F003090D1123
S21400A1401500012305B1286004B1236038BD30F046
S21400A150C7FB0823F6E72EF077FD0723F2E730F07B
S21400A160C2FB0923EEE72EF00BFD0C23800AE9E77D
S21400A17000231846E6E700BF0080005038B5144BB1
S21400A1800546D3F808020C4600F0070004281BD842
S21400A190DFE800F003090D111500012305B1286062
S21400A1A004B1236038BD30F09BFB0823F6E72EF0A1
S21400A1B04BFD0723F2E730F096FB0923EEE72EF07F
S21400A1C0DFFC0C23800AE9E700231846E6E700BF19
S21400A1D000800050032814D005D8012805D0022896
S21400A1E009D0002005E00F28FBD1084B186FC0F3FC
S21400A1F0013001307047054BD3F89000C0F304607F
S21400A200F7E7024B186FC0F38020F2E7008000509B
S21400A2101FB500230193252817D8DFE800F0131A8E
S21400A2201D272C363B51565B60656A78161A401619
S21400A23016561A272C27361A5127783B3B3B3B27C6
S21400A24027275B602EF082FC0190019805B05DF830
S21400A25004FB2EF095FCF7E72EF078FC0246022071
S21400A260FFF7B8FFB2FBF0F20192EEE72EF088FCA3
S21400A27002460320F4E72EF083FC02460320FFF795
S21400A280A9FFB2FBF0F25208EEE7002101A8FFF7A3
S21400A290FDFEDAE7002101A8FFF7E0FDD5E702930F
S21400A2A04FF0E0231B695B0705D52EF069FC029092
S21400A2B0029B0193C9E703A902A8FFF7F9FDF7E798
S21400A2C0002101A8FFF7F4FDBFE7002101A8FFF772
S21400A2D013FEBAE7002101A8FFF724FFB5E7002127
S21400A2E001A8FFF74BFFB0E7002101A8FFF792FD9A
S21400A2F0ABE7094BD3F8803003F00303022BA8D05A
S21400A300032B01D000209FE72EF05AFC9CE700218B
S21400A31001A8FFF7E3FE98E70080005008B501208B
S21400A320FFF776FFBDE808400349884294BF012145
S21400A3300221032000F002B880F0FA02032810B5CC
S21400A3400C4627D004D8012804D0022817D010BD08
S21400A3500F28FCD127F0C8F827F0CEF8124A013CA7
S21400A360136F23F4405343EA043313672EF008FCBC
S21400A3700021FFF7E5FDBDE81040FFF7CFBF0A4A12
S21400A3804C1ED2F8903023F0F85343EA0463C2F828
S21400A3909030DCE7044A4C1E136F23F4806343EAD4
S21400A3A084231367D3E700BF008000501FB5002347
S21400A3B00193252821D8DFE800F013202020202A4A
S21400A3C02F454A4F54595E7120203420204A2020C1
S21400A3D020202A204520712F2F2F2F2020204F5459
S21400A3E0314B1B6F03F00703013B032B05D8DFE857
S21400A3F003F00C02080A04230193019805B05DF8E7
S21400A40004FB0323F8E70623F6E70223F4E700201D
S21400A41001A9FFF73BFEF0E7002001A9FFF71EFDAC
S21400A420EBE702934FF0E0231B695B0705D52EF0A0
S21400A430A7FB0B230393039BDEE703A902A8FFF702
S21400A44037FDF8E7002001A9FFF732FDD5E7002029
S21400A45001A9FFF751FDD0E7002001A9FFF762FE32
S21400A460CBE7002001A9FFF789FEC6E7002001A977
S21400A470FFF7D0FCC1E70C4BD3F8803003F00303A2
S21400A480022B03D0032B05D00023B5E72EF078FB74
S21400A4900B23B1E72EF094FB0523ADE7002001A9BE
S21400A4A0FFF71CFEA9E700BF0080005008B5032098
S21400A4B0FFF790FE034B187027F016F8BDE808402B
S21400A4C027F01AB8CC5C002010B504462EF058FBD6
S21400A4D00021FFF735FD1CB1BDE81040FFF71EBF99
S21400A4E0034B0320BDE810401978FFF727BF00BFD5
S21400A4F0CC5C002038B50546FFF74EFD204B0446E1
S21400A5005A68012A04D11F494A609A699207FCD109
S21400A5100020FFF74BFF042803D126F0E5FF26F0C6
S21400A520EBFF194A24F0407395421FD0174A954214
S21400A5301FD0174AD16811F0060FFBD190689360C0
S21400A54091684B4013F4F81F16D12846FDF766FDB8
S21400A5500020FFF72BFF042810D12EF011FB00215E
S21400A560FFF7EEFCBDE83840FFF7D8BE43F00073B7
S21400A570DFE743F08073DCE79060E9E738BD00BFB3
S21400A58000C0015000E0015040420F0080841E00D1
S21400A5900000015070B504460020FFF707FF0328AF
S21400A5A07CD045F60E030221414AC2F88030414B6A
S21400A5B09962012103F580539962936DD903FCD407
S21400A5C0D4E900131B0543EA0163E17B94F82350AA
S21400A5D00B43217B43EA0143617B43EA0133A17BC2
S21400A5E043EA811313619169D4E904031B0643EA25
S21400A5F0806301F000410B43A17EE07E0B43217E89
S21400A60043EA0143617E43EA01239361E169136AE9
S21400A610002923F00D0343EA010314BF01210021A2
S21400A62043EA800343EAC103136294F8203094F8A7
S21400A6302200916A4FEA431331D194F8216021F049
S21400A640330143EA06130B4343F0010393621A49AE
S21400A650174A936D31EA0303FBD10221154B996229
S21400A660936D5B00FCD41369A16823F4700343EA7E
S21400A670015313614FF000420E4B9A6118B9022243
S21400A68003F580539A6215B901220C4B9A6294F82E
S21400A69024301BB1064B0A4AC3F8802070BD21F057
S21400A6A0330129430B4343EA40039362EFE700BFBD
S21400A6B000C0005000D000500300014000E00050F1
S21400A6C0F1A7FFFF014B93F900007047CD5C002017
S21400A6D0014B1880704700BFDE6B00200C4A10B597
S21400A6E01369044643F0040313612EF0B9FD26F007
S21400A6F007FF084B084AC3F8202430BF26F001FFA6
S21400A70002F066F91CB9BDE810402EF039BA10BD4B
S21400A71000ED00E000E003500000FFFF034A01796F
S21400A720D36E23F030030B43D366704700400050CF
S21400A730F8B504460D461F4616464AB101238B401F
S21400A7403021184A01FB0022F7B141F210015350A4
S21400A75004EB4403072D4FF00F014FEA031316D8FE
S21400A760A80006FA00F281400F48184426F0CCFEF6
S21400A7704EB9012330210B4AAB4001FB042277B1CE
S21400A78041F210015350F8BD42F21001DFE7A5F187
S21400A7900800800006FA00F281400448E5E742F22D
S21400A7A01001EFE700C0035004C003500CC0035074
S21400A7B0012200F5805310B55A60244B244AC3602A
S21400A7C043691340FCD18361C0F89830436913F4A1
S21400A7D0401FFBD14369DA052CD4836F53BB436912
S21400A7E09B0529D4D0F8883033BB0121C26FD0F83E
S21400A7F08C2000F500525160302183600361C362F3
S21400A80003620167C0F880101249884208D142F2FC
S21400A8106004114984640165436584650166436686
S21400A8200C49884202D10020102B08D10B4B5362F2
S21400A830936210BD436FCDE7D0F88430CFE703F1C5
S21400A840280441F824000133EEE700BF120002009E
S21400A850520001000040005A00C002808F330F8073
S21400A860084608B569B91820FFF7D2FCB0B10C4B02
S21400A870984206D90B4B9B68C3F302730133B0FBB7
S21400A880F3F0094B00F5742000F23F20B0FBF3F024
S21400A89001387F2828BF7F20C0B208BD0120F0E71E
S21400A8A0005A62020040005A40420F000B4B10B59F
S21400A8B0994228BF19460C461AB91820FFF7A8FC7B
S21400A8C00246631E1344B3FBF4F0A34228BF00F114
S21400A8D0FF30032828BF0320C0B210BD005A620212
S21400A8E010B51048104C002B08BF04468C4228BFF9
S21400A8F00C461AB91820FFF78BFC02469DF8083064
S21400A90040F2FF300133B2FBF3F2631E1A44B2FB8F
S21400A910F4F3A24228BF03F1FF33984228BF18463B
S21400A92010BD00BF80969800404B4C002DE9F04FBC
S21400A9302DED068BB64D0C4616462946002285B0F0
S21400A9400746FFF7B3FF94F805800122804538BF1D
S21400A950804607F500535A6020795FFA88F850B9A8
S21400A9601820FFF755FCA842014628BFB0FBF8F1B7
S21400A9703846FFF775FF4FF00009E37822781B0191
S21400A980524202F0020203F03003134362780004DE
S21400A990524202F004021343A27800F4FE00524230
S21400A9A002F0080213434FEA087202F0E042134333
S21400A9B01843E3882289B8603B616389DFF85CA2AC
S21400A9C043EA02433B62574502D1B9F1020F08D170
S21400A9D0012307F580577B6005B0BDEC068BBDE80C
S21400A9E0F08F002235788B488B49B468954218BFA3
S21400A9F001462B468948CDF80080FFF771FF07EB2C
S21400AA0009118B6CA2B223F0405323F4EE2323F0FB
S21400AA101F0305F003041C43737882424FEA830346
S21400AA2003F01C0344EA0304B37838BF02461B0352
S21400AA30F07803F4E0432343040404F4E0242343BF
S21400AA4034794FEA091C240704F0405423438B64EE
S21400AA508C6C09F1050BC4F30234013C7049042CDC
S21400AA6026D8DFE804F0252503101A00D1F8804127
S21400AA70240C2DB3C2F309020AEB0B135A6009F13A
S21400AA80010910369FE7D1F88441002DF2D1D1F8A4
S21400AA908C11A4B20914490015E0D1F88441002DA8
S21400AAA0E8D1D1F88C11240C091401EB41010AE01D
S21400AAB0D1F88041A4B2002DDCD1DFED5A7A06E051
S21400AAC0D1F88C11091407EE901AF8EEE77A0121F6
S21400AAD00CF1B44C0CF5804C2304DCF8483024F41C
S21400AAE0C045C3F3820C0CF1010C01FA0CF107EE21
S21400AAF0101A4FEA854548BF45F0004513F01C0F75
S21400AB00B8EEC79AF6EE008A454B55D1D3F88C11AD
S21400AB100BB208EE103AB8EEC88A38EE278A9FEDD8
S21400AB2042AAF7EE049A00285DD1039226F066FD4D
S21400AB3007EE900AF8EE677A87EE8A7AC9EE877A89
S21400AB4027EE888A039A9FED397AC7EE097A9FED39
S21400AB50387A67EE877AB1EE007AB5F1004F48EEA4
S21400AB60077A0BD09FED337A06EE104A77EE876AA7
S21400AB70BAEEE86AF0EE477A56EE267AF5EEC07A36
S21400AB80F1EE10FACBBFF1EE677A78EEE78A77EE51
S21400AB90E87AFDEEE87AC8BFFDEEE77A17EE901A7F
S21400ABA0B1F5003F2ADB6FEA55456FEA45451B487D
S21400ABB04FEA0B1145505DE7D3F8901169EE286A0D
S21400ABC009B207EE101AB8EEC77AD3F8881177EEF6
S21400ABD0677A0BB208EE103A87EEA67AB8EEC88A05
S21400ABE038EE078A9BE7D6ED037AF8EE677A87EEAB
S21400ABF08A7AC9EE877A27EE888AA4E711F5003F9D
S21400AC00AABFC1F3110145F400350D43CFE700BFDD
S21400AC10005A6202404B4C00809698000040005A52
S21400AC200080E00F0000000000007A44000080432F
S21400AC30000020440000004941F67132034BDA63FD
S21400AC40012203F50053DA60704700BF000003508E
S21400AC5041F671320121044BDA6303F50052D160EC
S21400AC600022DA63704700BF00000350044B1868E8
S21400AC70421C02BF034AD2F894001860704700BF17
S21400AC80E866002000400050CB784A7810B55B019B
S21400AC900C7843EA82030A79234343EA02130C2220
S21400ACA0424302F1B0421363012C02BF8A78024B82
S21400ACB043F8202010BD00BFD080035008B54FF0E9
S21400ACC0B0435A6802B960B15B680BB126F0BEFCAF
S21400ACD04FF0B04130B10120074B586026F0B6FC6B
S21400ACE0C86008BD26F0B2FC0223CB6026F0AEFC9E
S21400ACF00122024B5A60F4E700100058002000586A
S21400AD004FF0B0414B6810B50BB126F09FFC012206
S21400AD100B4BC4785A608378934043EA84034478A4
S21400AD202343047943EA0413447943EAC4038B605B
S21400AD30044B5A600378C3F10203CB6010BD00BF1A
S21400AD400020005800100058054B5B69C3F38512BD
S21400AD50827003F03F021B0B42700370704700BF07
S21400AD6000C007500120034B9B680A3303F01F0303
S21400AD70984070470080E00F034BD3F82424D3F8A4
S21400AD8020041040704700BF00C003502DE9F84370
S21400AD901E4B0546D3F810334B1E0E2B0E46174699
S21400ADA090F8009044781DD909B34FF00008284663
S21400ADB0D7B12FF09BFD09EB4903072C4FF00F018D
S21400ADC04FEA031315D8A400114808FA04F2A1406C
S21400ADD0184426F043FCBEB928468FB1BDE8F843B8
S21400ADE02FF084BD8846E2E726F047FCE3E7884676
S21400ADF0E1E7083CA400074808FA04F2A140E7E7A8
S21400AE00BDE8F84326F039BCBDE8F88300C003501F
S21400AE1004C003500CC003502DE9F041204B1646E9
S21400AE20D3F810234A1C05460C46407804D1D3F8C4
S21400AE30241426F030FC0446002C2EDB072C14DCF1
S21400AE4003274FEA84082A7807FA08F73946154890
S21400AE5002FA08F226F002FC6A78394602F003028B
S21400AE60114802FA08F226F0F9FB012316F0050F46
S21400AE700E4A18BF0E4903FA04F30CBFC2F810348A
S21400AE80C1F8103416F0060F18BF094AC2F8143479
S21400AE900123064AA340C2F820342046BDE8F081CC
S21400AEA000C0035000C4035008C4035000E0035021
S21400AEB000D0035070B504462AF0CFFF064630B9DE
S21400AEC00FCC044D0FC594E80F0085E80F00304600
S21400AED070BD00BFB03D002047F6FF739A42F0B544
S21400AEE070D0022970D8394B5B5C022B6CD8384D79
S21400AEF0DE0005EBC304A77815F83330012F39467A
S21400AF0038BF0121012B16D1E078401A0021884273
S21400AF1005D8012F2CBFC0190130C0B2F0BD431AAE
S21400AF206568A0EB530335F913509542D4BF194614
S21400AF3003F1FF30EBE760680028EFD0B0F900407F
S21400AF40944204DBB0F902409442B8BF14468388AA
S21400AF503544FF2B19BFC8232827B0F90630B0F9AF
S21400AF600870A3EB04030CBF0122002293FBF7F347
S21400AF706E7813441BB29E4201DD002B01DA731E6D
S21400AF801BB24FF47A7C00EBC305EA88AD685F1C01
S21400AF9014FB02521D4622EAE2723BB25C329E422B
S21400AFA0B2FBFCF204DD00EBC307BF889742EAD28F
S21400AFB000EBC5039888904228BF1046884238BFE9
S21400AFC00846AAE7FF20A9E70020A7E7974E040057
S21400AFD0B03D00200229F0B560D8314B595C0229FB
S21400AFE05CD8304B13F83100012816D103EBC103AF
S21400AFF09C78D878012C214638BF0121904294BF16
S21400B000C1EB0001C1EB0201001BCAB28242C8BFFD
S21400B01000225B6833F91200F0BD002A3CD003EB37
S21400B020C1035968002939D09878904202D3B1F903
S21400B0300200F1E7DC78B1F900009442ECD95C78C4
S21400B0408B88013CA3F1FF06734201F10405E4B2CC
S21400B050734101F10C07DEB2B44216D805EBC30308
S21400B0604FF47A756A43B3F902405B68D21A04EB70
S21400B070D47302EB630292FBF4F29042CCDBB1F99C
S21400B08002009042C8DC10B2C6E737F833C05E1C38
S21400B0909445E3D33346DEE70348BDE70348BBE702
S21400B0A0974E0400B03D00200CFEFFFF0080FFFF1F
S21400B0B008B50448FFF7FEFEBDE8084001202AF068
S21400B0C0D2BE00BF9C4E04007FB51422002101A80A
S21400B0D010F0B2FB044B01A94FF0FF3002932AF0A8
S21400B0E008FF07B05DF804FB006A18002DE9F04180
S21400B0F08CB08846DDE912761D460446002847D007
S21400B100002945D0002F43D0002E41D013F00F0366
S21400B1103ED120482049A360002A08BF014623628A
S21400B120C4E90013404609A926F047FB68BB204641
S21400B13009992FF036FC294620462FF032FC694646
S21400B140404626F0C9FB00BB6946204626F0F4FBC5
S21400B150404603A926F0CBFBB8B9204603A926F043
S21400B160EBFB06970127204645F0005506A90797F2
S21400B170089526F0E1FB204609A909960A970B9543
S21400B1802FF035FC20462FF0EFFB0CB0BDE8F08129
S21400B1902120FAE700010004000101042DE9F04F28
S21400B1A097B0894690461F460546DDF880A00028E1
S21400B1B000F0BB80002900F0B8803AB1229B002B3B
S21400B1C000F0B380239B002B00F0AF80BAF1000F95
S21400B1D000F0AB80219B002B00F0A78067B13C6895
S21400B1E00026229B43440293464507D307B13C60A2
S21400B1F0002017B0BDE8F08F3C46F1E75CB1229B1B
S21400B200219A9B5D125D01345340239A04F00F048B
S21400B21093550136E8E7A8EB060BBBF10F0F58D99C
S21400B220434B4846C5E90034AC602C6213A926F0AF
S21400B230C4FA0028DDD1284613992BF00F0B2FF007
S21400B240B0FB594628462FF0ACFB484604A926F02A
S21400B25043FB0028CDD1284604A926F06DFB4846BE
S21400B26007A926F044FB0028C3D1284607A926F0E4
S21400B27063FB012322992F4ACDF828A00B930C924A
S21400B2808A190D9228464BF000520AA90E93039293
S21400B2900F9226F051FB28460DA926F04DFB239B66
S21400B2A0039A99190123109111931292214A284664
S21400B2B010A9CDF84CA0149315922FF098FB2846B1
S21400B2C013A92FF094FB28462FF04EFB5E4400286F
S21400B2D08FD1229B03EB060B239B1E44029B9B45B0
S21400B2E001D1464680E7ACB9219B2246CDE900A3B2
S21400B2F0494610232846FFF7F9FE00287FF479AF69
S21400B3000AF1100212F8013D0133DBB213700BB9DB
S21400B3105245F7D1219A1BF8013B125D0134534088
S21400B32006F8013B04F00F04D8E7212061E700BFD0
S21400B33003030004100000207FB50E461D46044699
S21400B340F0B102B9E3B901230192029345F000532C
S21400B350039300230B4AA360C4E90023236220461C
S21400B36001A926F0E9FA314620462FF01AFB2046BE
S21400B37029462FF016FB20462FF0F6FA04B070BDD3
S21400B3802120FBE700000943084B984202D0084BF7
S21400B390984207D10B88B3F5105F14BF6FF0850095
S21400B3A0002070476FF08500704700BF00444004DF
S21400B3B00013C0041038102808D8064BC34013F0FA
S21400B3C0010F0CBF6FF08600002070476FF08600FC
S21400B3D0704700BF010101002DE9F04FA7B008AF8C
S21400B3E0CDE90501DDE93295DDE9346A00210792F1
S21400B3F0384610229846DDF8D8B010F01DFA102214
S21400B40000210CA810F018FA069B2BB96FF08604E2
S21400B410204627B0BDE8F08F079B002BF6D0B9F189
S21400B420000F01D1002DF1D1309B13B9319B002BB9
S21400B430ECD116B9BAF1000FE8D1BBF1000FE5D098
S21400B44040460599FFF7A0FF04460028E0D10146D4
S21400B45028221CA810F0F0F92022214614A810F08B
S21400B460EBF91CA82FF093FA002840F0AF80DDE936
S21400B4700612059814AB26F0ABFA04460028C7D18E
S21400B4801498FFF797FF04460028C1D115B9CBF8EA
S21400B4900000BDE7B14518D209EB05039E4214D261
S21400B4A05545B3D82A464946304610F017FA554B4C
S21400B4B0984526D006D3544B984524D003F54073C0
S21400B4C0984520D06FF08504A2E74F4B98451BD0D7
S21400B4D003F54073984517D04A4B9845F2D1554529
S21400B4E094D815F00F0291D12B46CDE9009614A9F9
S21400B4F01CA8FFF7FBFD814600285CD1CBF8005066
S21400B50086E7B146EDE7B1461022002110A810F0FC
S21400B51093F955453FF67AAF3C4B9845319B39D168
S21400B5200D2B7FF473AF01238DF84030309B0DF167
S21400B530410203F10C0153F8040B8B4242F8040B52
S21400B540F9D11B78137001238DF84F3015F00F08D2
S21400B55042D025F00F034B440DF1300C03F1100ED2
S21400B560624618685968083303C273459446F7D193
S21400B5700F2D33D825F00F03334403930CABCDE9DE
S21400B580017310AB00934246002314A91CA8FFF7D2
S21400B59005FEB0E7102B7FF439AF309B10AA03F1FD
S21400B5A0100E9446186859680833ACE803007345D3
S21400B5B06246F6D1CAE752460021304610F03CF902
S21400B5C00023B9F1010FCBF8003002D06FF09204DF
S21400B5D01EE76FF08B041BE70F2D8FD910ABCDE95C
S21400B5E0029600930197002325F00F0214A91CA8C9
S21400B5F0FFF7D4FD81460028DDD1B8F1000F3FF4F7
S21400B6007DAFB7E7004440040010C0040013C00438
S21400B6102DE9F04F8A46A1B00021DDE92A56DDE982
S21400B6202C790590934606A81022984610F004F947
S21400B630102200210AA810F0FFF8BAF1000F05D179
S21400B6406FF08604204621B0BDE8F08FBBF1000FF6
S21400B650F6D00DB9002EF3D117B9B9F1000FEFD11E
S21400B6602E9B002BECD040460599FFF78DFE044636
S21400B6700028E7D10146282216A810F0DDF820227F
S21400B68021460EA810F0D8F816A82FF080F900284A
S21400B69054D15A46514605980EAB26F099F9044601
S21400B6A00028CFD10E98FFF785FE04460028C9D1A2
S21400B6B016B92E9B1860C5E7BD4216D2AB199F423D
S21400B6C013D24E45BCD832462946384610F006F905
S21400B6D03A4B98455BD003F54073984531D0384BCC
S21400B6E0984511D06FF08504ACE7344B98454FD0A1
S21400B6F003F54073984525D0314B9845F2D14E4519
S21400B70003D96FF089049DE73D46330798D1334649
S21400B7100122CDE900570EA916A8FFF7E7FC2E9BDD
S21400B72005461E6000288DD04A460021384610F097
S21400B73083F800232E9A012D13603BD06FF09204FD
S21400B74080E73D460D3E4E45DBD801238DF8283078
S21400B7502B460DF1290205F10C0153F8040B8B4220
S21400B76042F8040BF9D11B780D3513704FF4807333
S21400B770ADF8363006AB01930AAB00933246002391
S21400B780CDE902570EA916A8FFF708FDC7E73D4604
S21400B790103E4E45B5D82B460DF1280C05F1100E7F
S21400B7A0624618685968083303C273459446F7D151
S21400B7B01035DFE76FF08B0444E700BF0010C004CD
S21400B7C00044400410B54FF42F720021044610F0D8
S21400B7D033F88023C4F88C30054B04F19C00C4F881
S21400B7E08430012384F88830BDE8104025F03CB949
S21400B7F07AB6030010B5D0F8A0400A468CB926F0F9
S21400B800FDFA044610B90024204610BD2D2896BF28
S21400B810064B074953F82010064A074826F034FC22
S21400B820F2E7D0F8A4101046A047ECE7884F0400D3
S21400B8307DB6030018B20300ADB70300F8B590F864
S21400B8408060044616B100263046F8BD26F009F999
S21400B8500028F8D1012384F8803094F8883033B17A
S21400B860D4F884101F4884F8886026F00DFC4FF04A
S21400B870FF37D4F8B402421C1FD0C4F8B47210F0DC
S21400B880FF052CD0204626F0E9F82946204600F091
S21400B890A7FB0028EDD0204626F0EEF894F8883076
S21400B8A03BB1D4F884100F4826F0EEFB002384F852
S21400B8B08830002384F88030C6E726F0CAFB431C95
S21400B8C0DDD1D4F88C30D4F89420013B9A4204DBC6
S21400B8D0054A0649064826F0D7FB0126E9E7012671
S21400B8E0C7E700BF4FC9030018B203008BB60300BA
S21400B8F0ADB70300F8B50B780446302B0D46164658
S21400B90004D14B7803F0DF03582B11D0284F6A1E62
S21400B91012F8011F002934D128460A220FF07CFEB7
S21400B920202C03460D4631D1B1FA81F040091AE0C9
S21400B9304A1C1F4912F8013F8BB928460FF078FEC3
S21400B9401C4B02382340032B12D10134A41084422E
S21400B9500AD1A87837288CBF0020012003E0CB5CF2
S21400B96013F04400E6D1F8BDCCBF01200020FAE772
S21400B970002CB8BF0334B0EBA40FD4BF01200020C6
S21400B980F1E77B5C13F00400C2D1ECE726B1084374
S21400B99002D0013B61F100050122A240013A1A40A3
S21400B9A0002D08BF9A420CBF01200020DBE700BF35
S21400B9B0ED75040003000080F0B5037801467B2B8C
S21400B9C017D10646022400220B4F16F8015F7D2D84
S21400B9D005D10B5D6BB9D24302F0010008E07B5D38
S21400B9E013F0440002D001320134EEE7202DFBD0E4
S21400B9F0F0BD0020FCE700BFED75040070B50646FC
S21400BA000D460FF015FE0446304626F03DFB044E6C
S21400BA10AC4200D370BD304626F036FB0134F7E763
S21400BA2027C003002DE9F84F044602215148FFF7CE
S21400BA30E5FF1E212068FFF7E1FF6368586826F0DF
S21400BA4023FB4D4826F020FB67683B7BFD2B12D876
S21400BA50D7F808804FF0FF3640460FF0E9FD054660
S21400BA60DFF81091DFF870A1DFF84CB10C3717F84B
S21400BA70013BFF2B01D1BDE8F88F212B18D8212BD5
S21400BA8036D8DFE803F0377274111B1D1F213535D9
S21400BA90353535353535232527292B2D2F313535A9
S21400BAA03535353535353D33344C002D2BD12EE02C
S21400BAB0334C344AFE2B08BF1446F6E7324CF4E704
S21400BAC0324CF2E7324CF0E7324CEEE7324CECE721
S21400BAD0324CEAE7324CE8E7324CE6E7324CE4E731
S21400BAE0324CE2E7324CE0E7324CDEE7324CDCE741
S21400BAF0234CDAE7314CD8E726F0BAFA01362AE0CA
S21400BB00002DB4D02E4C202B06F10106AFD002211A
S21400BB104846FFF773FF1E214846FFF76FFF504663
S21400BB2026F0B2FA5946204610F0DCF825490028DF
S21400BB3018BF2146244826F0A7FA3B78202B02D1CE
S21400BB402B2026F095FA214826F09EFA4DB118F8DB
S21400BB5006301F2B05D018F806001F2801D0AE426D
S21400BB60CADB054826F090FA81E7194C9DE7194C88
S21400BB709BE700BF3B03040018B2030035B7030081
S21400BB8047B703006DD3030092B7030099B70300CD
S21400BB908AB7030086B703007DB7030073B70300B8
S21400BBA069B703007EB7030074B703006AB70300E3
S21400BBB05FB7030058B703004FB7030034B703005E
S21400BBC03AB7030045B703004FC90300BEBA0300E7
S21400BBD091B7030098B7030055D403002DE9F04F42
S21400BBE09BB005468B460024009203930FF020FD81
S21400BBF0249F039B04901C6028463C600AAA09A95F
S21400BC0026F064FA064658B90A980FF011FD344635
S21400BC10B046039B1860D5F89C300293029B1BB974
S21400BC2020461BB0BDE8F08F029BD3F80890B9F110
S21400BC30000F6CD02E4416F8013B202B11D00026A6
S21400BC400C23734309EB030A59F803300193002BC6
S21400BC5058D0099B434555DB9AF808202AB1721C38
S21400BC6039E03B6801333B60E5E73968D5F8942056
S21400BC700793039B521A1A601AAB03EB880151F81C
S21400BC80403C0199184605930FF0ECFF06900028FB
S21400BC90E5D101980FF0CCFCDDE906230146DAF881
S21400BCA00400D7F800A090F80CC0BCF1FE0F16D127
S21400BCB003F1FF3EC64512D0D0F8009005980192D9
S21400BCC00FF0B6FC0AF1010A019A50442B5C23B12E
S21400BCD0386008F101081646B2E70130F6E7D5F8F5
S21400BCE094200591A2EB0A028A4220DC58460FF007
S21400BCF09FFC059901447B290DD958461F4A009997
S21400BD0024F0D9FE2B46049A2A4493422CD1029B57
S21400BD101B68029382E7DDE90012584624F0CBFE4A
S21400BD205846174A0099013424F0C5FE97E7BCF13F
S21400BD30FE0F94D1013B434591D1D0F800A0DFF827
S21400BD4040905AF80C2B22B9049B3B60039B1A6068
S21400BD50D8E75846009924F0AEFE4A465846009961
S21400BD6024F0A9FE0134ECE713F8011B0029CCD11E
S21400BD704FF0200103F8011CC7E700BF9FB7030080
S21400BD8027C003002DE9F047002486B01C60DDE9DB
S21400BD900EA8064689468AF800401168154888F8B5
S21400BDA0004017461D468DF81740FCF7A5F818B951
S21400BDB001242B6801332B600020D6F89C6036B92E
S21400BDC014B1012388F8003006B0BDE8F087B068EB
S21400BDD068B14B460021CDE902A8CDE900750DF10A
S21400BDE0170225F0AAFF9DF81730002BE8D1366819
S21400BDF0E5E700BFA4B703002DE9F0470446ADF51C
S21400BE00447D8022002104A802AF0FF015FD802299
S21400BE102046009703AB04A9FFF7E0FE01283DD1BA
S21400BE2004A80FF005FC03993B68461A0B4426EA63
S21400BE30E6762344054604A83246014418460FF029
S21400BE408BFE00228255D4F89060039B3968D4F8A4
S21400BE5090201944B14212DCD4F89410E81A024437
S21400BE60C4F89020014404AAC4F89410D4182518E5
S21400BE702B1B002B0DDC0DF5447DBDE8F087A05C88
S21400BE8026F0F6F8D4F8903001360133C4F8903036
S21400BE90DBE714F8010B26F0EBF8E9E7EBDD24AD61
S21400BEA08022002128460DF5887A0FF0C5FC0DF19A
S21400BEB010094FF40072002150460FF0BDFC4FF001
S21400BEC001084A46002312F8016BA6B904A84AF8EE
S21400BED028300FF0ADFB2946334698451CDB19F891
S21400BEE0016B0DF5887C5CF8042B82420CD101F8BE
S21400BEF0016B0133F1E7202E03F1010304BF4AF87A
S21400BF00283008F10108DEE70DF1100E7244D25C0D
S21400BF10B242E8D00022EA54D4F89060039BB342C1
S21400BF202FDC23462C4A04A92C4826F0ADF82846D8
S21400BF300FF07EFB0646039B3F68F61A1F4426EA70
S21400BF40E672E01917441D44E11904F19003994282
S21400BF503CD904F19803984238D26A1E81190B1A0C
S21400BF60002B27DD12F8013F00F8013BD4F8903093
S21400BF700133C4F89030D4F894300133C4F89430C8
S21400BF80EDE7D4F890300136E05C26F071F8D4F88E
S21400BF9090300133C4F89030C0E7D4F89020013BCD
S21400BFA00132C4F89020D4F894200132C4F89420CA
S21400BFB0002BF2DC00232E44E355731B002B7FF787
S21400BFC05AAF15F8010B26F053F8F6E729460FF09E
S21400BFD0C3FD3346ECE700BF7AB60300A9B70300FB
S21400BFE02DE9F843D0E9245604460F46002294F87B
S21400BFF09830012B07D10A2F07D1002384F89830F8
S21400C0000020BDE8F88300F29F801B2F01D1022399
S21400C010F4E70D2F0DD1012384F898300D2026F07B
S21400C02027F80A2026F024F800230120C4E9243348
S21400C030E7E74FF00008082F84F8988034D145458C
S21400C04030DDB5420FD1384626F012F8202026F013
S21400C0500FF8013D384626F00BF8013E04F805803F
S21400C060C4E92456CCE7FBDA05F1FF39384625F05B
S21400C070FFFF04EB0903A6EB0902611918460FF04F
S21400C0802DFC04F806800146013E484825F0FCFFDA
S21400C09035464D4501DC4D46E2E7082025F0E8FF31
S21400C0A0013DF6E7ACD0DBE77F2F1CD1002EA7DDE5
S21400C0B0B542A5DA6319691C21441846721B0FF0B5
S21400C0C00DFC04F806800146394825F0DDFF0820FF
S21400C0D0013E25F0CDFFB542F9D1D4F89430013BAE
S21400C0E0C4F894308CE70A2F98D0092F03D1204645
S21400C0F0FFF782FE84E7D4F88C30013BB3427FF72B
S21400C1007FAFB54204EB050805F101090CDB3846A4
S21400C11088F80070D4F89430C4F890900133C4F8CE
S21400C120943025F0A5FF6BE74146721B04EB09002F
S21400C1300FF0D4FB404625F0A7FF0820013E25F06F
S21400C14097FFB542F9DDE2E7022B06D15B2F01D15E
S21400C150032353E784F8982049E7032B7FF450AF76
S21400C160413F84F89820032F3FF64AAFDFE807F0F8
S21400C17002070A160121204625F02BFF40E74FF064
S21400C180FF31F8E7B542BFF63BAF605D25F070FFC4
S21400C190D4F890300133C4F8903031E7002D7FF7A3
S21400C1A02FAF013D0820C4F89050BAE7B2B703009D
S21400C1B0ACBB030008B50248FEF79CF9002008BD9A
S21400C1C000B4C40430B58BB06C46174D0FCD0FC409
S21400C1D00FCD0FC495E8030084E80300134BD3F893
S21400C1E04C2112031CD5A3F5FE431C884FF6FF73A3
S21400C1F09C4208BF8C248DF81940FEF763FA204451
S21400C20080F308008DF818000948FBF70DFF684614
S21400C210FEF7C0F93220FEF75BFA00200BB030BD07
S21400C220D3F85041E4B2E6E7405004000080E00F47
S21400C23000F049020028ACBF00F16040064B4FEA10
S21400C2400111C9B2ABBF00F5614000F00F0080F8E5
S21400C25000131954704700BF14ED00E008B52EF027
S21400C26037FB0B4B1A7872B901221A702EF02BFB93
S21400C2706FF0040210460132052152B2FFF7DAFFD2
S21400C2803D2AF7D108BDBDE808402EF01CBB00BF14
S21400C290CE5C0020002807DB01234109034A00F09A
S21400C2A01F00834042F82130704700BF00E100E0E5
S21400C2B0054B421153F8223000F01F0023FA00F01D
S21400C2C0C04300F00100704700E100E0002808DBF2
S21400C2D001224309034900F01F008240603341F801
S21400C2E02320704700E100E010B504462EF0E3FA84
S21400C2F0024B1C602EF0DAFA002010BDD83D00205C
S21400C30010B52EF0D8FA034B1C682EF0CFFA204654
S21400C31010BD00BFD83D002038B50C461546014676
S21400C32010B9FFF7EDFF01462B46224603480EF0F4
S21400C33093F90028D4BF3720002038BD23220300FD
S21400C34008B500F0E3FB18B16A2102482EF0B5FBF1
S21400C350002008BDB7B7030008B500F049F80C4A3E
S21400C360536A43F470235362EFF308834FF0CD31E2
S21400C370084A043B934208D200F070FAFFF7E0FF49
S21400C380BDE808400448FEF795BD43F80419F1E7F8
S21400C39000ED00E0080000209C4E040007B50422D3
S21400C3A000200DEB020129F01CFD042803D0D72144
S21400C3B004482EF082FB019800F0DCF903B05DF82B
S21400C3C004FB00BFB7B70300082310B50C0A4140B2
S21400C3D00648C9B241F30002013B024013F0FF03D6
S21400C3E082EA5101F6D184EA010010BD2083B8ED3F
S21400C3F038B5FEF73BFC044625F022F9E3072AD4BD
S21400C40001221046114600FA01F3234002F1010210
S21400C41023D01D4B33F811301C48062B0288448865
S21400C4201B4920D14FF20F039C4219D1B2F5406F41
S21400C43028BF4FF4C0624CF23C330A80438040F27F
S21400C44001730A889A4201BF124B134AD2E90001CF
S21400C450C3E9000115E00021DBE7102AD2D1DBE7B3
S21400C4604FF4C062E7E740F20725AB420AD14FF22D
S21400C4700F05AC4206D19A4204D14CF23C320B80F6
S21400C480428038BD0B80DAE704520400E0630020E7
S21400C490BA570020DC3D0020D8630020014B1888E6
S21400C4A0704700BFBA570020014B1888000A704733
S21400C4B0BA570020044B05481B881A0AB3F5406F8C
S21400C4C038BF00EB82007047BA570020D4510400F2
S21400C4D0044B1888044B020A53F82230C0B203EB10
S21400C4E080007047BA570020A451040010B50446D7
S21400C4F02EF0E5F94FF20F02044B1C805A80BFF372
S21400C5005F8FBDE8104025F056BE00BFE0630020F8
S21400C5106D4A2DE9F0416D4B55686D4C5D65516A6D
S21400C52099656C49D1F80002D865D1F80412586BA9
S21400C5301966916A10F0040F5966D16A4FF0000030
S21400C5409966116BD966516B1967D26BD8645A67B6
S21400C550D3E90E1218BF11465F4A91421A655DD3A1
S21400C56001F12000A04259D88869C5F3080518646F
S21400C570CE69062D5E6455D1584DA84252D3584D0B
S21400C580A8424FD205884DF6426085424AD11868C7
S21400C590C3F890005868C3F8940040F20170A242B5
S21400C5A0154604D22E680432B6F1CD3FF7D00022ED
S21400C5B0C3E91E22C3E92022C3E92222641BDFF856
S21400C5C01CC1434DDFF818E19C648D422DD8D3E999
S21400C5D01EC7D3E92065D3E922414FF0000E013A89
S21400C5E0D2B2FF2A3CD1BEF1000F05D0C3E91EC768
S21400C5F0C3E92065C3E92241B3F85430C3F3080306
S21400C6000C2B3BD8022B54D9DA1E092A51D8DFE866
S21400C61002F03157404350505050504D0021C3E96E
S21400C62010112D494FF42060B9E755F8044D6445C4
S21400C630CBD37445C9D2E607C7D50026294F57F88D
S21400C640048FA045C1D00136062EF8D132B1013A8A
S21400C650D2B202F11E0643F82640B6E70522F8E7F6
S21400C660E0464FF0010EBC4637462E4625460C46A1
S21400C6704146B4E740F60120BDE8F0813B2B18D1D7
S21400C680194B9B6913F0020F40F2025318BF18466D
S21400C690F2E740F60320EFE740F6042240F201738B
S21400C6A0B0F5206F0CBF10461846E5E740F60520AB
S21400C6B0E2E740F60722013B4B2B98BF1046DBE72C
S21400C6C040F60220D8E700BF00ED00E048630020F7
S21400C6D00810002000E100E008000020D042000022
S21400C6E0C0AE0300BC6300200080015A00F00CB806
S21400C6F000F00AB800F008B800F006B800F004B879
S21400C70000F002B800F000B872B61EF0080F09D0AC
S21400C7101EF0040F0DD0DFF850E0AEE8FF1F6FF0FC
S21400C72002000CE0DFF840E0AEE8FF1F6FF00E00FE
S21400C73005E0DFF834E0AEE8FF1F6FF0060069465C
S21400C740EFF309828EE8070086460848084C8545C0
S21400C75001D3A54501D384F30888FFF7D9FE84F3F7
S21400C7600888FFF7C3FE000048630020480000204A
S21400C770081000204BF6EF6283B2002B08BF13466A
S21400C780044A000C13804FF6CE2308BF1846024B0F
S21400C79018807047E26B0020E06B00200B4BB3F96B
S21400C7A000201888002AB8BF80F0620042001A8075
S21400C7B0074AB2F9001013880029BCBF83F48053DF
S21400C7C083F00B035900118058407047E26B00203D
S21400C7D0E06B002007B5684600F01AF8DDE90001B6
S21400C7E00022034B03B05DF804EB25F0E0BF00BF6A
S21400C7F0E43D002007B5009313460A460146034869
S21400C80025F089FD03B05DF804FB00BFE43D002081
S21400C8100249034A0160521A42607047A86C002021
S21400C8200000012000487047E43D002038B5416014
S21400C83004462EF040F805462146044824F017F931
S21400C8402846BDE838402EF031B800BF0C3E002028
S21400C850014824F009B900BF0C3E00200222014B1B
S21400C8601A6770470040005070B52EF024F8174E37
S21400C870054617482EF0CAF83378CBB900F046F9CB
S21400C880044620B128462EF011F8204670BDFFF76A
S21400C890DFFF2EF085F90F4B1C602CF05DFE0E4B73
S21400C8A00E4A1860536F43F00103536725F09BFF51
S21400C8B000F028F825F0AEFF094B0024186001238D
S21400C8C0284633702DF0F2FFDFE700BFDA5C002069
S21400C8D07C500400103E0020383E002000400050EF
S21400C8E0143E0020054B1B685843054B00F574208A
S21400C8F000F23F20B0FBF3F0704700BF383E002048
S21400C90040420F00294B2A4AD3F8003170B503F095
S21400C910030313602CF0B6FB4FF4C870FFF7E2FF7A
S21400C9200022244B24491860244C0B680132D2B2F2
S21400C9300A2A44F8040BF9D1034400EBC000034470
S21400C9400B601F4B1F4D1B7813B3184BD3F80031E9
S21400C95003F00303022B22D0032B23D0012B17D185
S21400C9602CF028F9024698B1174B184EDC680023C5
S21400C9701946C4F30B04013404EB84040138E4FBC9
S21400C98006010EF0EDFBFFF7ADFF2B6803442B60AE
S21400C9901F20FFF7A7FF2B6803442B6070BD2CF009
S21400C9A053F9DFE72DF09AFFDCE700BF0080005068
S21400C9B0783E00203C3E0020403E0020443E0020C2
S21400C9C0DE5C0020703E002000C0015040420F0098
S21400C9D00122154B10B55A67144B154C1B7813B330
S21400C9E002202EF0CEF8F0B12CF03CFED8B1A36DAC
S21400C9F0D90302D5E36D9A0715D40D4B9B6DDB0763
S21400CA0011D401220B4B1A702EF0AFF8BDE810407F
S21400CA10094B0A4A1860136F23F0070343F0030319
S21400CA2013672CF0ADB810BD00D00050DF5C0020BE
S21400CA3000C00050DC5C00206C3E002000800050EF
S21400CA400122014B1A707047DF5C002007B5FFF724
S21400CA50C1FE01A8FEF778F99DF80530012B25D117
S21400CA60234B9A6DD20311D45A6B6FF3162242F4FD
S21400CA70BC1242F4A0625A631A6B22F4704242F46B
S21400CA8040421A631A6B42F4E0621A639DF804305F
S21400CA9063B94FF000531B68164B1B68164B1B6898
S21400CAA0164B1B68164B1B68164B1B68164AD2F8AB
S21400CAB0803043F00303C2F8803025F0B3FEFFF762
S21400CAC0CDFBFFF777FBFFF77DFB0DF00FFEFFF7C3
S21400CAD0CBFE00F01BF825F0A6FEFFF73DFC25F088
S21400CAE0B1FE28F0AEFF03B05DF804EB25F09CBE67
S21400CAF000C00050004000200080002000C0002041
S21400CB0000000120004001200080005070B52DF08C
S21400CB10DFFE144E05463478FCB9134B1C60134BED
S21400CB201C60134B1C6000F031F801202CF088FECE
S21400CB302CF07AFE0F4B0246186020B928462DF0DE
S21400CB40C2FE232070BD234640F2E7310A480EF0AD
S21400CB5007FB0A4B18600123337028462DF0B3FEFE
S21400CB600020EFE7E25C0020883E0020843E0020A4
S21400CB70903E00208C3E002018FCFFFF803E0020E8
S21400CB80014B1868704700BF803E00201FB5002488
S21400CB90184B18689A880290D3F806009B7A009083
S21400CBA01548ADF80C208DF804302DF02FFF02A8A4
S21400CBB08DF808408DF80C40FEF7A2F86946012073
S21400CBC08DF80040FEF760F81F220C4B9A615A6100
S21400CBD04FF0B042936A13F00803FBD113620120B2
S21400CBE0FEF76CF80A20FFF771FB0A20FFF752FBEE
S21400CBF004B010BD2D5204007450040000200058EC
S21400CC0010B52DF065FE4FF0B04304465B691A0779
S21400CC10074A03F0010003F00D0348BF40F002008E
S21400CC2053612CF035FD2046BDE810402DF04BBE7C
S21400CC300020005821282DE9F341054604D82C464B
S21400CC40204602B0BDE8F08100240B4E0B4FDFF803
S21400CC5030800023CDF800801A461946386824F044
S21400CC604FFA8442EBD2222CE9D056F8043BAB4272
S21400CC70E6D00134EDE700BF4C550400E466002022
S21400CC80FFFF0F002DE9F04F644E654D89B025F08B
S21400CC9025FE31682868FCF74DFB0446002827D09F
S21400CCA033680024D3E900019A6912689047336814
S21400CCB004A89B699B689847336802209B69DB68D9
S21400CCC09847326805985368E7B2B3FBF0F3BB4267
S21400CCD0916904F101044ED8CB6800209847336868
S21400CCE09B695B68984731682868FCF723FB044615
S21400CCF00027DFF844A1DFF84481DFF84491F4B957
S21400CD00484B2868DB5D002B00F08380D8F8006075
S21400CD1002AB314603AAFCF78FFC2D2807D070B96A
S21400CD20039B012B0BD031462868FCF7D9FEDAF8B6
S21400CD30003031461A682868FCF752FE0446013770
S21400CD40222F0AF1040A08F1040809F10109D6D1D4
S21400CD50B4FA84F3344A5B0913702B681B7C33B136
S21400CD6025F088FD18B1DB2130482DF0A6FE2046C0
S21400CD7009B0BDE8F08F12680B6907FB00209847E2
S21400CD809FE7D8F8003003AA194402AB0191FCF7DC
S21400CD9053FC2D28034601992BD0286813B30BF1BA
S21400CDA0010B5FFA8BF18E422868EAD8204BDB5DD8
S21400CDB0002BC4D0F3B27E2B2868C0D8D8F8003039
S21400CDC003AA06EB030B594602ABFCF735FC2D28ED
S21400CDD0B5D059462868FCF783FE0136044600287D
S21400CDE0E8D0ACE7039B7BB999F80020029B9A42F7
S21400CDF0D5D099F80030DAF800202868FCF7EAFC6D
S21400CE000028CCD00446D1E70191FCF769FE0199D1
S21400CE10EFE7084BA346DE5DC3E700BFC46600200D
S21400CE20E466002028550400E45C00203EB80300B9
S21400CE3006550400C2540400385204004C55040041
S21400CE40E4540400F8B51F46214B04461B780D46F3
S21400CE50164623B100F47E23B3F50E2F2BD02046C2
S21400CE60FFF7E8FE2128044614D81A4B53F8201082
S21400CE70194B1B78ABB1194B212C18681DD8184BD1
S21400CE801B5DD3B13268FCF7ABFD044650B125F00C
S21400CE90F0FC07E0FF2807D93A46314680B225F075
S21400CEA0FCF900242046F8BD4FF4A9710D482DF07A
S21400CEB004FE0021DCE70146DAE77F2D08BF0025E7
S21400CEC03B46324651FA85F1FCF784FCDDE700BFAD
S21400CED0E35C00204C550400E45C0020E46600207F
S21400CEE0285504003EB8030030B5134600F07E62B5
S21400CEF0B2F17E6F8BB00DD10A46C0F30B016846C7
S21400CF00FEF71AFA20B140F2931109482DF0D5FD2C
S21400CF100BB030BD5A0825F0AFFC0028F8D04FF40F
S21400CF209C7103480BB0BDE830402DF0C6BD00BF75
S21400CF30CFB803002DE9F743C70705460E4614464B
S21400CF4004D540F2E31149482DF0B7FDE10704D5BA
S21400CF504FF4F27145482DF0B0FD454B93F8008034
S21400CF60B8F1000F20D043F260239D4208D122463C
S21400CF70314640480EF0F0FD002003B0BDE8F083D7
S21400CF80C5F30B0705F44055B5F5805F14BF4FF4A5
S21400CF900F204FF40E20234632467F21384303B03D
S21400CFA0BDE8F043FFF74EBF05F47043B3F5805F6E
S21400CFB03FD1C5F30B05304A05F17E65631E2B4451
S21400CFC0934230D82F46DFF8A49007EB0408474575
S21400CFD042D1AA070ED04FF6FF7336F8022BA81ED2
S21400CFE043EA024304220DEB02010193FFF77CFFA4
S21400CFF00235023CA3070ED0023C24F00103F35A8C
S21400D00004226FEA03436FEA13430DEB020128196B
S21400D0100193FFF769FF002CAED022463146284622
S21400D020FFF762FFA8E740F2FD1110482DF045FD1E
S21400D030C8E705F46043B3F5005F04D1C5F30B05FC
S21400D04005F53E25BEE740F2052108482DF035FDE2
S21400D0506FF00F074546B6E717F8013BFF2BB6D033
S21400D0604FF4047148462DF028FDB0E7CFB8030012
S21400D070E35C0020E46B0020FF03E00F10B500F037
S21400D08077F825F045FC044618B100F079F82046FC
S21400D09010BD00F07BF804460028F6D10122014BB3
S21400D0A01A70F2E7E55C0020054B1B7833B1054BA0
S21400D0B0C0F3130100221868FCF7D6BC1120704795
S21400D0C0E55C0020E4660020144B2DE9F0411B7857
S21400D0D005460E461746FBB125F001FC012805D98A
S21400D0E0841EE4B2012C09D9212412E03B463146C5
S21400D0F02846BDE8F041002200F052B800F038F8AB
S21400D1003B4600223146284600F076F8044600F0FA
S21400D11037F82046BDE8F0811124FAE7E55C0020E8
S21400D120124B70B51B7804460D461646E3B125F043
S21400D130D6FB012805D9831EDBB2012B08D9212492
S21400D14010E0324629462046BDE8704000F040B860
S21400D15000F00EF820463246294625F0DBFB044652
S21400D16000F00EF8204670BD1124FBE7E55C0020B9
S21400D17008B52DF0A0FB014B186008BD943E0020BA
S21400D180014B18682DF092BB943E0020024B1968A4
S21400D190024B1868FCF7CEB8C4660020E466002090
S21400D1A037B505460C46C0F313010848ED02006883
S21400D1B005D5224603B0BDE83040FCF709BA009317
S21400D1C013462246FCF7BEF903B030BDE4660020E5
S21400D1D030B405461346074A0C46C0F313011068E0
S21400D1E0EA0203D5226830BCFCF7FABB224630BC04
S21400D1F0FCF7F0BAE4660020F7B505460F4614467D
S21400D2001E461BB92125284603B0F0BD0029F9D0DB
S21400D21025F065FB4BF23462ABB2934220D14FF05F
S21400D220FF3322466946CDE9003325483346FFF7EB
S21400D230E3FF08220546234968460EF049FE38B942
S21400D24033462246694641F2F010FFF7D5FF054601
S21400D250002DD8D13246694638460EF07DFCD2E71E
S21400D26041F2F01293420FD1174B311908299A6CEC
S21400D270DB6CC7D8CDE9002332460DEB04013846F7
S21400D2800EF06AFC0025BEE702280BD1C5F30C435E
S21400D29032199342B6D3C5F30B0104F17E643246CD
S21400D2A02144ECE7032809D1C5F30C433219934215
S21400D2B0A8D3C5F30B0104F53E24F0E70125A2E749
S21400D2C0021008C0D85504000080E00F10B527F003
S21400D2D081FD28F018FEBDE810400346012102201B
S21400D2E0014A02F00BBC00BF66B9030013B5D0E9D3
S21400D2F0023253F822301C78204627F07DFD234664
S21400D300009001210220024A02F0F8FB02B010BD94
S21400D3107AB90300014B187827F056B9E65C00206E
S21400D320FF232DE9F04F8FB01122002108A88DF8B9
S21400D33013300EF081FA08A826F006FB0121022021
S21400D340B04A08AB02F0DAFB41F24903AE4A0121CB
S21400D350022002F0D3FB06A826F025FC08A90DF152
S21400D360130026F02BFC02200021A84A02F0C6FB80
S21400D370002027F05AF910B106A809F047FE9DF9DB
S21400D3802A3001210220A24A00939DF82B3002F099
S21400D390B5FB27F01BFD831EDBB2FC2B054631D800
S21400D3A0012102209B4A02F0A9FB01249A4E9B4FC2
S21400D3B0DFF8D082234632460021022002F09EFB90
S21400D3C005A9E0B227F004FD034650B1A0F116020D
S21400D3D0012A40F2AA8042460121022002F08EFB7A
S21400D3E00CE09DF914303A4601939DF81630012161
S21400D3F0009302209DF8153002F080FB0134E3B262
S21400D4009D42D7D8BDF8284008F0ECF92346002105
S21400D410834A0090022002F071FB02200021814A1C
S21400D42002F06CFB002027F000F910B108A809F004
S21400D430EDFD01217C4A022002F060FB27F022FC71
S21400D440044627F01DFC23460121784A009002205E
S21400D45002F054FB08F09EFE00210220744A02F0FF
S21400D4604DFB9DF81330FF2B65D000210220714A3A
S21400D47002F044FB01216C4A022002F03FFB26F03A
S21400D480A2FB012103466C4A022002F037FB08F09B
S21400D49081F900210346694A022002F02FFB26F09C
S21400D4A098FB044626F097FB23460121644A009029
S21400D4B0022002F023FB2DF00DFB08F013FF0121E4
S21400D4C00346604A022002F019FB0025DFF8B88107
S21400D4D008F008FFECB2A04233D82DF0FBFA012387
S21400D4E0594A1946022002F009FB002027F06CF882
S21400D4F0564B574C0093012100230220554A02F058
S21400D500FDFA236863B1012102201B78524A02F01B
S21400D510F5FA2368012102205B78504A02F0EEFA01
S21400D52027F057F80FB0BDE8F08F012102204C4AD3
S21400D53002F0E4FA62E7002102204A4A02F0DEFA2C
S21400D54098E7494B204603EB0416D6F8089008F0F7
S21400D55083FF8246204608F0CBFE444F00280CBFCF
S21400D560C346BB46204608F077FF0AF031FD002888
S21400D57008BF4746534600210220CDE900B73C4A83
S21400D58002F0BCFAB37901210293B388022001931A
S21400D5907388384A0093337B02F0B0FA0026DFF82F
S21400D5A0ECB099F80430F4B2A34203D82DF092FA06
S21400D5B001358DE714235C43D9F8007002203A5BEE
S21400D5C007EB040A9AF90C3000922B4A002132EA43
S21400D5D0230228BF5A461346284A02F08FFA002034
S21400D5E027F023F838B150463C5B26F05BFB01463B
S21400D5F020460AF03BFD01210220214A02F07EFA75
S21400D6000136CEE7BBB90300CAB90300E6B903008A
S21400D61012BA0300EDB9030003BA03000ABA030006
S21400D6203FBA03005FBA0300A9BA030068BA030052
S21400D6308ABA0300ECDA030095BA0300ABBA03001B
S21400D640C1BA0300D7BA030050BB030068BB03008F
S21400D650904300205CBB030076BB03008ABB03003C
S21400D66027BA030047B70300C442002092B903005C
S21400D670E2BA030002BB0300AFB9030038BB0300E5
S21400D6803B03040032BA03009AB90300A3B90300AF
S21400D6902DE9F7430025134EDFF8588008F022FEE8
S21400D6A0ECB2A04202D803B0BDE8F08327012046C2
S21400D6B016F8079008F01CFE0B4A4B46002808BFD9
S21400D6C04246002102200092084A02F017FAF05D56
S21400D6D026F085FA01210220054A02F00FFA0135EC
S21400D6E0DCE700BFC4420020D4090400A5BB030049
S21400D6F03B030400DE09040008B583685A68117805
S21400D700C26853F82230A1F165025142514118789F
S21400D71008F0A4FF30B9BDE8084001210220024A03
S21400D72002F0ECB908BD00BFB0BB03000021022028
S21400D730014A02F0E3B900BFCABB03000021022081
S21400D740014A02F0DBB900BFF8BB030010B504467F
S21400D75086B01822002168460EF06EF8684626F05D
S21400D760B3FED4E9022052F8203002EB80021B7888
S21400D7708DF80B30516891F900108DF80A109168F9
S21400D7800988ADF808106168091A032907DDD26810
S21400D79003F01F03127843EA42138DF80B306846F5
S21400D7A008F0CEF800210346024A022002F0A6F94D
S21400D7B006B010BD14BC030007B5002027F0CAFA57
S21400D7C000210090034B0220034A02F097F903B0B1
S21400D7D05DF804FB21BC030027BC030013B5D0E9A9
S21400D7E0023253F8221003EB82035B68087819684C
S21400D7F00023094CA222994208BF2146C01A18BF2E
S21400D800012027F09BFA01210090044B0420044AD3
S21400D81002F074F902B010BD00F8FF0732BC030036
S21400D82040BD030013B5D0E9023203EB820153F882
S21400D8302230D1E901141878FF22003818BF0120E1
S21400D8402378096827F07AFA01210090034B042018
S21400D850034A02F053F902B010BD00BF39BC030002
S21400D86040BD030008B5002101230C4A27F0EBF861
S21400D8700A4826F04BFE0020094909F05FFC00200C
S21400D88026F0D3FE10B1054809F0C0FBBDE80840FD
S21400D89001210420034A02F031B900BF18620020BB
S21400D8A04EBC03003B03040010B526F096F9034671
S21400D8B030B1BDE8104001210420054A02F01EB92F
S21400D8C00121BDE810400420024A02F017B900BF4B
S21400D8D05CBC03006DBC030010B526F019FEBDE865
S21400D8E01040034601210220014A02F007B900BF9A
S21400D8F078BC030010B526F0DDFDBDE810400346F9
S21400D90001210220014A02F0F9B800BF8EBC0300D4
S21400D91037B5D0E90232012453F822304FF6FF70B3
S21400D9201D78FE2204FA05F1002327F073FA2B4631
S21400D930009021460420024A02F0E0F803B030BD11
S21400D940A2BC0300D0E9023253F822301B7823B180
S21400D95001210220024A02F0D1B8024A1370704731
S21400D960C1BC0300E65C002007B5684626F01BF93C
S21400D97007F038FF01210346084A022002F0BEF8ED
S21400D980684609F043FB08F0A1F901210346044A62
S21400D990022002F0B3F803B05DF804FBD7BC030026
S21400D9A0F1BC030037B5D0E90245406854F825308D
S21400D9B0401B0328D8BF002004EB8504C8BFE068DE
S21400D9C019786368C8BF00781A78A36893F900309E
S21400D9D00090012027F0A2F938B901210220084A58
S21400D9E003B0BDE8304002F089B8064B01900093C2
S21400D9F001210220044B054A02F080F803B030BD36
S21400DA0002BD03000ABD0300DEEB03001EBD0300DB
S21400DA1007B5012027F08AF948B9009001210220B5
S21400DA20084B094A02F06AF803B05DF804FB054BA0
S21400DA300190009301210220044B054A02F05EF893
S21400DA40F2E700BF0ABD030035BD0300C31704009C
S21400DA501EBD030008B5D0E9023253F8223018780C
S21400DA6027F016F930B9044A0121BDE80840042021
S21400DA7002F044B8014AF7E74ABD030066BD03005A
S21400DA8008B5D0E9023253F82230188827F0FEF89D
S21400DA9030B9044A0121BDE80840042002F02EB83F
S21400DAA0014AF7E785BD0300B5BD030073B50378EB
S21400DAB0044613F0050F0ED04588062D17D183684F
S21400DAC001215B68174A1B78019383880420009322
S21400DAD0154B02F013F82378012B20D001210420E7
S21400DAE0114B124A02B0BDE8704002F007B835B9D3
S21400DAF08388012104200E4A02F000F8EBE7012D8E
S21400DB00E9D186680B49002009F018FB304609F079
S21400DB107DFA29460420084A01F0F0FFDBE702B050
S21400DB2070BD00BFEBBD0300E2BD03003DBE0300B9
S21400DB3008BE030025BE03003B0304002DE9F04F9A
S21400DB4000268FB0364D09AC0FCD0FC42B680121CF
S21400DB500220344A236001F0D1FF3446DFF8DC901F
S21400DB6026F035F8F5B2A8420BD826F030F8234652
S21400DB700090012102202C4A01F0C0FF0FB0BDE842
S21400DB80F08F284605A927F06DF80346002841D1F6
S21400DB909DF81430032B39D904238DF814302B4606
S21400DBA000210220214A01F0A9FF9DF814300EAA98
S21400DBB002EB830300214A4653F8143C022001F08E
S21400DBC09DFF28469DF821A09DF815B09DF8187079
S21400DBD0BDF8168027F048F85346CDE902800021AC
S21400DBE00220CDE900B7124A01F088FF0134002078
S21400DBF0E4B226F01AFD18B10DF1190009F006FA84
S21400DC00002102200B4A01F079FF01E0002BC6D16B
S21400DC100136A5E700210220074A01F06FFFF7E76B
S21400DC20E05504004FBE0300C8BE030005BA03005B
S21400DC307CBE030018B20300A3BE03004FC9030056
S21400DC40C3688268013BDBB252F8233002201B789F
S21400DC50652B14BF00220121044B1BBF01211A7043
S21400DC60034A044A08BF197001F048BF4B6C0020F5
S21400DC70DFBE0300EDBE0300D0E9023253F82230C7
S21400DC801A88014B1A807047E66B002007B5D0E96A
S21400DC90023103EB810253F8213052681988054B94
S21400DCA00548128800930088012309F0A3FE03B0FC
S21400DCB05DF804FBADDA0000E66B0020C3688268FE
S21400DCC0013BDBB252F823305B78A3F16602534285
S21400DCD05341014A137070474E6C002030B5D0E9AE
S21400DCE0023253F8223089B01D78012302AA194661
S21400DCF0044626F0A8FE01230093102302210DEB14
S21400DD000302204626F080FE284604AA02A927F031
S21400DD109BF80446002026F088FC18B121460448EB
S21400DD2007F0F0FD0020034909F0EEF909B030BD18
S21400DD30FCBE03003B030400002330B58FB0022175
S21400DD40009309AA1223054626F05EFE05AA0146A0
S21400DD5009A807F0B5FB044698B1232805D1134A55
S21400DD600121042001F0CAFE09E0212801D1104A51
S21400DD70F6E70346012104200E4A01F0BFFE0FB06D
S21400DD8030BD01232846194603AA26F05CFE05A9E5
S21400DD9003A827F05BF80546204626F046FC18B197
S21400DDA02946054807F0AEFD044AD9E709BF030037
S21400DDB02CBF030067BF030088BF03003B030400BB
S21400DDC0F0B5D0E9023253F8221003EB82039B68C9
S21400DDD005461F7887B038460E7826F006FC0446BF
S21400DDE008BBD5E9022101238DF80830194452F802
S21400DDF0210002EB810200888DF809709268ADF868
S21400DE000A00127804218DF80C2028460DF10D0228
S21400DE1026F019FE304602A98DF8154026F026FF9A
S21400DE20044626F0D6FB334601210420024A00941D
S21400DE3001F064FE07B0F0BD9DBF03002DE9F04180
S21400DE4001218EB00220274A01F058FE002005ABC3
S21400DE5001AA09A926F0F2FF00250446224E234F08
S21400DE60DFF898801CB128460EB0BDE8F08102208D
S21400DE702B463246214601F041FE204626F0D5FBD1
S21400DE8010B10AA809F0C2F83A46002102209DF80F
S21400DE90303001F033FE424600210220079B01F09D
S21400DEA02DFE00210220BDF82030114A01F026FE8A
S21400DEB0BDF8143000210F4A022001F01FFE013584
S21400DEC001A826F0ADFBEDB2012102200A4A01F0BE
S21400DED015FE284605AB01AA09A926F0AFFF0446A1
S21400DEE0C0E700BFCFBF030015C003001DC003007E
S21400DEF00BDB030032C003003B03040029C0030011
S21400DF002DE9F047064698B0C0B925F05EFE0746F4
S21400DF1000250EA826F09CFF01210220384A01F0B9
S21400DF20EDFD2C46DFF8E080DFF8E090DFF8E0A0BB
S21400DF30BC4205D3284618B0BDE8F0870127E7E7BE
S21400DF4013A826F085FF002E4CD0022306A913A89E
S21400DF508DF84C30FE2426F06DFF00283FD102A934
S21400DF6013A826F06DFF9DF8593043F001038DF895
S21400DF705930002E3DD1234631460220214A01F079
S21400DF80BDFD9DF859300AA943F0010313A88DF88A
S21400DF90593026F055FF002026F047FB10B114A894
S21400DFA009F034F80C9B42460021022001F0A6FD41
S21400DFB0BDF82820002112F4007F0CBF4C2341231B
S21400DFC012F0100F0CBF6E227922022000924A46F1
S21400DFD001F094FD06A826F023FB0135EDB20134CE
S21400DFE0E4B2A5E720460AAB06AA13A926F024FF4A
S21400DFF0B3E752460021022001F080FDC1E700BFD2
S21400E0003CC0030015C0030029C0030078C003000D
S21400E01071C0030030B5012499B00EA826F018FF91
S21400E02013A88DF8384026F0B1FEC0B9BDF84C10E4
S21400E03011EA040513D121460220444A01F05EFD90
S21400E04029460220424A01F059FD214602203F4A55
S21400E05001F054FD214602203C4A01F04FFD06A97E
S21400E0600EA826F0E7FE20B11022FF2106A80DF02C
S21400E070E3FB04A826F0E6FE059B01210220354AB4
S21400E0800093354B01F03AFD9DF812300121022035
S21400E090324A0093304B01F031FD00212E4B304ABE
S21400E0A0022001F02BFD06A826F0BAFA13A826F0E7
S21400E0B0CFFE02230AA913A88DF84C3026F0C0FE26
S21400E0C000283FD10B9B009301210220254B264AB6
S21400E0D001F014FD0121234B244A022001F00EFD1D
S21400E0E00120FFF70DFF01211E4B214A022001F0FF
S21400E0F005FD0020FFF704FF044625F066FD2346D5
S21400E1000090012102201B4A01F0F8FC01211A4B65
S21400E110174A022001F0F2FCFFF790FE174902288A
S21400E12003461748174A28BF0A46084928BF01462B
S21400E1300092CDE9013102200121134A01F0DEFCF4
S21400E14019B030BD4FF0FF33BDE700BF3B030400FE
S21400E1508BC00300C9C00300C1C00300D9C00300C0
S21400E16068EA030095F80300ECC00300FCC0030057
S21400E17003C103000CC1030020C1030087C00300D5
S21400E180D2DF030024E003002EC1030010B5D0E95F
S21400E190023253F822301C78201E18BF012026F0C9
S21400E1A0E1FD054A054B0020002C18BF1A46BDE8C5
S21400E1B01040034908F0A8BF5BC1030056C1030026
S21400E1C064C10300D0E9023210B553F822301C882F
S21400E1D0204626F0C9FD2246BDE810400020014931
S21400E1E008F092BFA5C1030037B5044607F0D2FA7F
S21400E1F0014638B100200D4A0D4903B0BDE8304055
S21400E20008F082BFE368A268013BDBB252F8233015
S21400E21008481D780123084A00936C2D08BF024663
S21400E2201023204626F0F0FB03B030BDF3C10300F8
S21400E230FBC10300346C0020246C002013B58368F7
S21400E2409A681278672A22D101A826F09FFD044614
S21400E250A8B9BDF80420174908F056FFBDF80430E9
S21400E260DA070AD413F0020F134B144A18BF1A46E3
S21400E2701349002008F048FF19E0124AF8E7024662
S21400E2801149002008F040FF22461049F1E7C26815
S21400E29001A953F8220003EB82035B6800681B6841
S21400E2A0ADF8043026F078FD04460028ECD102B024
S21400E2B010BD00BF2EC2030021C20300C5EB030041
S21400E2C04FC2030011C2030061C203008DC20300E7
S21400E2D0034A04491388C85401331380704700BFAB
S21400E2E0CA570020EC5C002073B5154D01242B782E
S21400E2F0144E13F0040F0CBF02230423124A2146C7
S21400E3001470328802200192EB5C104A0093104B86
S21400E3105B8801F0F3FB002102200E4A01F0EEFBC1
S21400E3200D4B2946009332882346022001F02CFC30
S21400E33021460220094A02B0BDE8704001F0DEBB6B
S21400E340EC5C0020CA570020EB5C00209CC2030057
S21400E350BC570020C1C20300E3C203003B03040015
S21400E36070B516464FF48A52114B124DDA8059801A
S21400E370114B1B881A1E18BF012240EA82000F4A62
S21400E3801278003A18BF012240EA0210287063B1E2
S21400E39003246B701B0AAB7009F088FE631C2855BB
S21400E3A0EE54074B02341C8070BD0124F4E700BF16
S21400E3B0BC570020EC5C0020C8570020EA5C002018
S21400E3C0CA57002038B5D1E902320C46054653F844
S21400E3D02230024619880C4B1878FFF7C1FFE36815
S21400E3E0A268013352F82330188824F0D5FA4DB1CC
S21400E3F0E368A268023352F823301878BDE8384044
S21400E400FFF766BF38BD00BFE75C0020F0B50546E5
S21400E410EB68AA68023352F8233008461C7829466F
S21400E42085B0FFF7CFFF204625F028FC204E214F71
S21400E43078B3204625F02EFC0321441C03AA284668
S21400E44023F011FB3288E4B2C2F1FF0303991B1BD1
S21400E4509BB28B4222443CBFC2F1FF0303930123CD
S21400E460032100933A449DF80C30284626F0CCFA57
S21400E470039A022C338804BF0F48110AFA5408BFC7
S21400E480C15413441C44348005B0BDE8F040FFF787
S21400E4902BBF204607F086FE0123328804460093F1
S21400E4A0032103463A44284626F0AEFA3388E9E7C5
S21400E4B0CA570020EC5C0020ED5C0020052307B561
S21400E4C0012100930220044B044A01F017FB03B01D
S21400E4D05DF804EBFFF79EBDCAC20300D1C203007D
S21400E4E013B5044626F04EFC38B1CDE900400121B4
S21400E4F00220034B034A01F001FB02B010BD00BF2F
S21400E500F3C10300E8C20300194B37B51B783BB9CB
S21400E51001210220174A03B0BDE8304001F0EEBAF0
S21400E520D0E90232144C53F8223001211D7863885A
S21400E53002200093114A2B4601F0E0FA104B257199
S21400E5401B78104D63B1012102200F4A01F0D6FA64
S21400E55020460E4A298803B0BDE8304025F02FB982
S21400E56020460A4A298803B0BDE8304025F0E9B9BC
S21400E570EB5C0020FFC20300BC5700200DC3030065
S21400E580E85C0020CA57002024C30300EC5C00208F
S21400E5902DE9F041D0E9023253F8221003EB820352
S21400E5A05A680C7817889A68DB68B2F80080C6B09C
S21400E5B01D780021304B0220304A0094CDE90178C6
S21400E5C001F09CFA002D0CBF6E2379230121022056
S21400E5D02B4A01F093FAFF23002D0DF1170606AD26
S21400E5E0019320460CBF80234023424639460296BC
S21400E5F0009525F089FE0446002835D1307825F0B0
S21400E60043FB0746B0B1284625F0CEFF1D4BFD283C
S21400E610A8BFFD200093234682B20DF11901022007
S21400E62001F0B2FA01210220174A01F067FA46B05B
S21400E630BDE8F081307825F02DFB60B1284625F046
S21400E640B8FFFD28A8BFFD200E4B82B200930DF147
S21400E6501A013B46E3E7307807F0A4FD0B4B024671
S21400E660009329460123DAE7009001210220084B97
S21400E670084A01F043FADAE731F903003EC3030023
S21400E68063C30300E90C04003B030400E3C2030079
S21400E690EBCB03006DC30300D0E9023253F822101F
S21400E6A003EB82032DE9F04F5A680F78B2F800802A
S21400E6B09A68C7B0B2F80090DA681B6992F800A0B2
S21400E6C01E7800212F4B304A0446CDE901890220EE
S21400E6D0009701F013FABAF1000F0CBF6E237923EE
S21400E6E001210220294A009606AD01F007FAFF2212
S21400E6F0002128460DF0A0F8304625F0C5FA8346DE
S21400E70008B30023052100932046FD230DF11902CE
S21400E71026F07AF92870BAF1000F0CBF8023402348
S21400E7204A4641463846CDE9005625F0B8FD014632
S21400E730144807F0E7F801210220154A01F0DEF937
S21400E74047B0BDE8F08F304625F0A4FA60B1FD234F
S21400E75005212046CDF800B00DF11A0226F054F936
S21400E76085F801B02870D6E70590304607F01AFD08
S21400E770059A0346009205212A46204626F044F9CB
S21400E780C9E700BF24F903003EC303007EC30300AD
S21400E7903B0304002DE9FF471C465B68E5685B1BEE
S21400E7A000255FFA83F803952E46FFF7D9FDEBB2F6
S21400E7B098450BD90C9B9B5D282B39D8202B00F253
S21400E7C0CB800136F6B2002B40F0C980FFF78CFDF7
S21400E7D004B0BDE8F087132A2FD801A151F822F023
S21400E7E0A7E80000B9E80000CBE80000FFE800005A
S21400E7F0CDE70000CDE70000CDE70000CDE7000044
S21400E8003BE800003BE800003BE800003BE8000077
S21400E8103BE800003BE800003BE800003BE8000067
S21400E8203BE800003BE800004BE8000025E900005C
S21400E830A3F13102D1B21329CDD90136F6B2A3F134
S21400E8404102032AC2D8422B6CD06C4F00213A8872
S21400E850DFF8B0A1C2F1FE039BB2FF2B28BFFF2357
S21400E86001320091DBB22046524469B226F0A8F885
S21400E8703B880AF8030001331844388011E04FF053
S21400E8800409E368A2682B4452F823301F68F8B2E4
S21400E89009F1FF39FFF71CFD19F0FF094FEA1727AA
S21400E8A0F5D1013583E7E368A2682B4452F823309C
S21400E8B01878FFF70DFDF4E7E368A2682B4452F8DA
S21400E8C02330188824F068F8EBE7E368A2682B4446
S21400E8D052F823301F68B7F1807F09D2F8B2FFF7ED
S21400E8E0F7FCC7F30720FFF7F3FCC7F30740E0E7A2
S21400E8F02B4601210820424A01F000F966E74FF056
S21400E9000409E368A2682B4452F823301F68F8B263
S21400E91009F1FF39FFF7DCFC19F0FF094FEA17276A
S21400E920F5D1BEE7294603AA204623F09CF800212D
S21400E930324F344A3B88DDF80C9002EB030CCAB227
S21400E940914501F1010102D84B443B80A9E710F83C
S21400E95002A00CF802A0F2E7242B3FF670AF013BB2
S21400E960232B3FF633AF01A252F823F0A7E80000AE
S21400E970B9E80000CBE800007FE80000CDE7000023
S21400E980CDE70000CDE70000CDE70000CDE70000B2
S21400E990CDE70000CDE70000CDE70000CDE70000A2
S21400E9A0CDE70000CDE70000CDE70000A7E80000B7
S21400E9B0B9E80000CBE80000FFE80000CDE7000063
S21400E9C0CDE70000CDE70000CDE70000CDE7000072
S21400E9D0CDE70000CDE70000CDE70000CDE7000062
S21400E9E0CDE70000CDE70000CDE70000A7E8000077
S21400E9F0B9E80000CBE800007FE80000CA57002016
S21400EA0097C30300EC5C0020094B1B7823B101215F
S21400EA100820084A01F072B8D0E9023253F82230D2
S21400EA20054A1B88012113800820044A01F066B8B5
S21400EA30EB5C0020BDC30300C8570020FFC30300E3
S21400EA40D0E9023253F82230054A1B780121003BF8
S21400EA5018BF012308201370024A01F04FB800BF08
S21400EA60E95C002025C40300D0E9023253F82230C6
S21400EA70034A1B78012113700820024A01F03EB8B1
S21400EA80EA5C002054C4030010B5D0E90232044604
S21400EA9053F82230132219880B4B1878FFF760FCC6
S21400EAA0E368A268013352F823301878FFF710FCA9
S21400EAB0E368A268023352F823301878FFF708FCA0
S21400EAC0BDE81040FFF710BCE75C002010B5D0E9A9
S21400EAD00232044653F82230112219880B4B18785C
S21400EAE0FFF73EFCE368A268013352F8233018783B
S21400EAF0FFF7EEFBE368A268023352F8233018787B
S21400EB00FFF7E6FBBDE81040FFF7EEBBE75C002032
S21400EB10D0E9023253F82230034A1B78003B18BF74
S21400EB200123DB0013707047E75C002010B5D0E9C6
S21400EB30023253F82230044619880E4B0622187803
S21400EB40FFF70EFC0120FFF7C3FBE368A26803444F
S21400EB5052F82330188823F01FFFE368A2680233B8
S21400EB6052F82330188823F017FFBDE81040FFF74F
S21400EB70BBBB00BFE75C00202DE9F043D0E90232C2
S21400EB804FF0FD09013253F8221003EB82035A6856
S21400EB90C7B017889A68B1F80080147853F8043C18
S21400EBA0002C0DF1170506AE18783A4614BF402320
S21400EBB0802341460295CDF80490009625F0A4FBEC
S21400EBC0034638B1184A0121082000F097FF47B0E5
S21400EBD0BDE8F083201E18BF01200A224146C0006F
S21400EBE0FFF7BEFB384623F0D7FE2878FFF770FB0A
S21400EBF04A463146287824F0F5FF044628B10B4FE4
S21400EC003D88C5F1FF03984202DD2346084ADAE74D
S21400EC10024608483146284425440CF09DFF3D80B6
S21400EC20FFF762FBD3E700BF8AC40300CA57002081
S21400EC30A6C40300EC5C002010B5D0E902320446FE
S21400EC4053F82230082219880B4B1878FFF788FBF8
S21400EC50E368A268023352F823301878FFF738FBCF
S21400EC60E368A268013352F82330188823F094FE34
S21400EC70BDE81040FFF738BBE75C002073B5D0E96D
S21400EC8002320546023253F8221003EB820353F891
S21400EC90042C53F8083C0C781988234B16881878EF
S21400ECA00622FFF75DFB0020FFF712FB304623F03D
S21400ECB073FE2046FFF70CFBEB68AA68033352F896
S21400ECC02330188823F068FEEB68AA68043352F8ED
S21400ECD02330188823F060FE204609F0E7FBE8B9E9
S21400ECE0204607F05FFA05210446019001AA28464F
S21400ECF022F0B9FE019B01469C4206D022463146D0
S21400ED000A480BF087FC02B070BD094D09482E88F2
S21400ED102246304434440CF0E1FD2C8002B0BDE8BD
S21400ED207040FFF7E1BA00BFE75C0020D2C40300E2
S21400ED30CA570020EC5C002073B5D0E902324FF4CD
S21400ED408A5153F82230104D1A88104BD9805A80B9
S21400ED5000232A4600930121FF2325F055FE2B7839
S21400ED60044613F0040F0A4B08BF01261B7818BF91
S21400ED70032613B109F09AF9A855064B1C8002B079
S21400ED80BDE87040FFF7B0BAEC5C0020BC5700202E
S21400ED90E95C0020CA570020D0E9023253F822303E
S21400EDA0034A1B78003B18BF01231370704700BF4F
S21400EDB0E85C002010B50C4608B908F003F9024BD1
S21400EDC018715C7110BD00BFBC57002002462DE9CB
S21400EDD0F341D0E90253526855F82310D21A0C8832
S21400EDE005EB8301013BDBB255F82380294D022A4F
S21400EDF04868C8BF8A682B78D8BFFF210078C8BF8C
S21400EE0011783BB901210220234A02B0BDE8F04147
S21400EE1000F074BEFFF7CEFF06F0E4FC1F4F204E56
S21400EE203B880146224600931E48334625F059FB90
S21400EE300246C8B998F804103B885F2917D1CDE977
S21400EE4000364FF6FF712046164B24F0ACFC28B176
S21400EE50034601210220144A00F050FE0023134A04
S21400EE602B701380124A137002B0BDE8F0814FF683
S21400EE70FB718C4208D9CDE900362146094B4FF686
S21400EE80FF7024F0EEFCE2E72146064A009624F0E6
S21400EE901AFDDCE7EB5C00201DC50300CA57002006
S21400EEA0EC5C0020BC57002024C50300C857002097
S21400EEB0EA5C0020002210B50A2104461046FFF73F
S21400EEC04FFA002023F068FD0122044B1A70FFF76A
S21400EED00BFA2046BDE81040FFF778BF1562002009
S21400EEE038B51C4615460123224625F0ACFD60B910
S21400EEF02146284625F070FF044620B10121042053
S21400EF00034A00F0FBFD204638BD0024FBE700BFA7
S21400EF104BC503002DE9F0430C4615461F46D0E9C5
S21400EF20022352F8231002EB830293680E8893F8AC
S21400EF300080D3688BB0B3F800903246012106AB50
S21400EF40FFF7CEFFF0B90DF1200CF4B101232A88AB
S21400EF504021CDE902C2CDE90471CDE9009322211A
S21400EF60434606AA304625F0A5FD0B4B0B4A0093F8
S21400EF700B4B0190002C08BF134601210420094AC0
S21400EF8000F0BCFD0BB0BDE8F083624628686968F7
S21400EF90032303C22246DBE7AAC503008FC503008E
S21400EFA089C5030097C5030007B501236A460021FB
S21400EFB025F049FD6846034908F0C8FD03B05DF832
S21400EFC004FB00BFADDA0000D0E9023253F822306D
S21400EFD00149188808F08CBDADDA000010B5D0E9FC
S21400EFE0023203EB8201496853F8223009784FF465
S21400EFF08A52188825F04EFDBDE8104003460121D0
S21400F0000420014A00F07ABDB4C50300D0E90232FC
S21400F01053F8223002214FF48A5210B5188825F092
S21400F0202BFDBDE81040034601210420014A00F0F4
S21400F03065BD00BFCDC503001FB5D0E9023203EBA6
S21400F040820153F82230496818884FF48A53098899
S21400F0500293094B094A0193094B1B7800931278D7
S21400F060084B25F07FFD012103460420064A05B023
S21400F0705DF804EB00F042BDCC570020EC5D0020AC
S21400F080EB5D0020D6570020E4C503002DE9F043D1
S21400F090D0E9023253F8221003EB82035A680E8836
S21400F0A017789A68DB688BB092F80090B3F8008007
S21400F0B03246042106AB0446FFF712FF28BB08AD14
S21400F0C001232A460521204625F0BDFC38B9042038
S21400F0D001210F4A00F012FD284624F064FD4FF48B
S21400F0E08A53CDE904930023CDE90253032321215B
S21400F0F0CDE9008306AA3B46304625F0DBFC01211D
S21400F1000346044A042000F0F9FC0BB0BDE8F08387
S21400F110FCC503002BC6030038B5D0E9024303F153
S21400F1208043023B02220F4954F823009D000CF056
S21400F130CFFE60B90C4B0D491A78042A0BD82C4424
S21400F140A068008821F8120001321A7038BD084BFA
S21400F15008491A78F1E70121BDE838400420064A3C
S21400F16000F0CCBC59F10300EC5D0020D65700201F
S21400F170EB5D0020CC5700203DC6030008B5C368F1
S21400F180806803F18043023B0222064950F82300C0
S21400F1900CF09EFE10B9044B187008BD0022034BFD
S21400F1A01A70FAE759F10300EC5D0020EB5D0020D1
S21400F1B037B5D0E9023153F821208C001578426823
S21400F1C0521A012AC5BF1B195B686C091C78DCBF84
S21400F1D044F0180405F01F052946204625F086FB56
S21400F1E0034640B12346012104200E4A009500F054
S21400F1F085FC03B030BD0121A94074B92346FE2228
S21400F2004FF6FF7025F006FE012103460420064A4D
S21400F21003B0BDE8304000F071BCFE2241EAC46194
S21400F220EEE700BF53C6030073C6030070B5D0E90F
S21400F230021551F8253001EB8501044618884B6805
S21400F2401A788B68052A1B8802D85E1E072E0BD9F3
S21400F250012104200C4A00F051FCBDE87040012159
S21400F26004200A4A00F04ABC6468641B032CCABF28
S21400F270C9680749096825F0CDFDBDE8704002461B
S21400F2800449002007F05ABF91C60300B1C6030028
S21400F29000F8FF07CEC6030008B5D0E9023253F8DF
S21400F2A0220003EB82035968FF22038809684FF6A1
S21400F2B0FF7025F0AFFDBDE808400246014900207A
S21400F2C007F03CBFE1C6030008B5D0E9023253F8A8
S21400F2D0223005214022188825F0CEFBBDE80840E4
S21400F2E002460249002007F029BF00BF02C70300FC
S21400F2F008B5D0E9023203EB8201486853F82210C1
S21400F300027840230988312025F009FCBDE8084032
S21400F31002460249002007F011BF00BF23C70300C2
S21400F32008B5D0E9023203EB8201486853F8221090
S21400F330027840230988332025F0F1FBBDE8084019
S21400F34002460249002007F0F9BE00BF3DC7030091
S21400F3501FB5D0E9023253F8221003EB82039B68F4
S21400F36008881A780023D21A18BF0122CDE9023382
S21400F37002A94023D20125F0E1FB01210090044BB5
S21400F3800420044A00F0BAFB05B05DF804FB00BF99
S21400F390AAC503005BC7030007B5D0E9023253F8DD
S21400F3A0223003214022188825F066FB01210090B8
S21400F3B0034B0420034A00F0A1FB03B05DF804FBF6
S21400F3C0AAC503006AC7030037B5C3688268053359
S21400F3D052F8233004211D786A460123044625F09E
S21400F3E032FB38B904200121064A00F087FB684644
S21400F3F024F0D9FB2B466A4600212046FFF78AFDFB
S21400F40003B030BD84C7030007B5D0E9023203EB72
S21400F4108201486853F82210027840230988322077
S21400F42025F07DFB01210090034B0420034A00F0E9
S21400F43065FB03B05DF804FBAAC50300B5C703006F
S21400F44070B585690446EA0705F0020605D476B16C
S21400F450C5F3072025F0C9F809E01EB1B2210F4810
S21400F4602BF02BFBA069C0F3810025F0ADF8E36913
S21400F4701BB9BA2109482BF020FB204614F00EFCDD
S21400F480E3693EB1607E9847AB0706D0BDE87040A2
S21400F49025F09FB820469847F6E770BDCAC7030018
S21400F4A008B514F0EFFE28B1BDE808404721024831
S21400F4B02BF003BB08BD00BFCAC703002DE9F0410F
S21400F4C0FF2B04460F4690461D469DF8186005D053
S21400F4D0FF2E03D0D52111482BF0EFFA0023FF2D85
S21400F4E018BFAD000E4A1CBF45F00105EDB2226004
S21400F4F00C4AC4E9063818BFA561FF2EC4E90123EB
S21400F5002361E76007D0A36943F0020323F47F4337
S21400F51043EA0623A361BDE8F08100BFCAC7030023
S21400F520983E002041F40000002310B5054C03610E
S21400F5300460054CC261C0E901430123C1608361D8
S21400F54010BD00BF983E002041F4000070B58669EB
S21400F550044606F00303032B0D4603D1FC21144892
S21400F5602BF0ABFAFF2D16D0B20704D440F20111EF
S21400F5700F482BF0A2FA284624F0D5FCFF280546B3
S21400F58004D14FF482710A482BF097FA2DB204EB9F
S21400F5904514204670BDF307FBD5A36913F00C0F86
S21400F5A0F7D040F20B1102482BF087FAF1E700BFC4
S21400F5B0CAC703000023054AC0E90631036102609A
S21400F5C0C360034A034B426083607047983E002046
S21400F5D041F40000693C0200014827F0DFBA00BF92
S21400F5E0983E0020014827F0E5BA00BF983E00206C
S21400F5F013B50E4827F0ACFA23F051FA26F075FA48
S21400F60026F097FA26F0A1FAFCF748FF0446FCF726
S21400F6105FFF2346009001210420054A00F06EFAA1
S21400F62002B0BDE81040FCF73FBF00BF983E002088
S21400F6305DC80300022808B503D12BF037FA014B4A
S21400F640186008BDC83E002008B50DF05BF9012221
S21400F650044B1A702BF0B3FABDE808400249034881
S21400F660FDF7E4B8EE5D0020F0660020CC3E0020FA
S21400F670014B1870704700BFED5D0020024B1878F4
S21400F68008B106F093B87047446C002008B5074BE5
S21400F6901B780BB1002008BDFFF7F0FF0028F9D15A
S21400F6A006F05EFC023818BF0120F4E7ED5D00208E
S21400F6B070B5FFF7EBFF174D20B1FFF78DFF04285D
S21400F6C0044613D82B781BB92BF079FA01232B703C
S21400F6D023F0F3F90446D8B12B781BB9F7210E486E
S21400F6E02BF0EBF9BDE87040FFF776BF23F0E7F9A3
S21400F6F00028E7D02B785BB12BF0DDF8064600211A
S21400F700012029F043FB30462BF0D0F800232B7065
S21400F710204670BDEE5D00207EC803001FB5FFF7D3
S21400F720C7FF0446FDF72CFAA04228BF204688B142
S21400F73003A929F017FF034638B9CDE90000064AA9
S21400F740039906482BF0CEF918B18E2104482BF009
S21400F750B4F9012004B010BDB92A0300A83E002069
S21400F7607EC803000D4B70B51B780D4D0D4C012166
S21400F770002B0CBF2B46234602200B4A00F0BEF996
S21400F7800A4B01211B780220002B0CBF2B46234678
S21400F790BDE87040064A00F0B1B900BF446C0020D6
S21400F7A078F1030097F1030014C90300ED5D002013
S21400F7B033C9030010B5D0E9023253F822300220D4
S21400F7C01B780121002B15BF01240024044A054A9A
S21400F7D000F094F92046BDE81040FFF749BF00BF8F
S21400F7E052C903006FC90300D0E9023253F8223031
S21400F7F0034A1B78003B18BF01231370704700BFF5
S21400F800446C002038B50125084B1D702BF053F8CA
S21400F81004462946284629F0B9FA20462BF046F831
S21400F820BDE8384002490348FDF700B8EF5D002008
S21400F830F8660020F43E002070B514F0A9FD10F024
S21400F840070F1D4D11D02B785BB901262E702BF0BB
S21400F85032F804463146304629F098FA20462BF016
S21400F86025F8BDE8704014F063BB25F0B7FA02280F
S21400F87003D1124B1B78032BE5D914F089FD18B978
S21400F8800E4B1B78032B14D814F052FB04460028AA
S21400F890D9D02B785BB100262E702BF00CF80546DD
S21400F8A03146012029F072FA28462AF0FFFF20464A
S21400F8B070BD4FF0FF34ECE7EF5D0020766200206D
S21400F8C01FB5FFF7B9FF0446FDF75AF9A04228BF57
S21400F8D0204688B103A929F045FE034638B9CDE98C
S21400F8E00000064A039906482BF0FCF818B18C2154
S21400F8F004482BF0E2F8012004B010BD932F03005B
S21400F900D43E00208EC9030010B5094C09490020DA
S21400F91007F0FAFB23681B68587924F03AFB236843
S21400F9201B68587923F03EFB05F066F9002010BDF1
S21400F930544400201CCA030008B525F03FFA0246CE
S21400F94028B1BDE808400020014907F0DDBB08BD2E
S21400F9503FCA030008B525F047FA024628B1BDE8BD
S21400F96008400020044907F0CFBB5422BDE80840F9
S21400F970FF2102480BF060BF57CA0300E057002083
S21400F98038B504460D4625F033FA024628B1BDE8E0
S21400F99038400020034907F0B7BB034B23F8145048
S21400F9A038BD00BF75CA0300E05700202DE9F341BB
S21400F9B000240C4E0C4DDFF838800C4F56F8043BF4
S21400F9C00BB9D8F8003035F8022B394600920020E3
S21400F9D02246013407F098FB2A2CEFD102B0BDE88E
S21400F9E0F08100BF046700203458002091CA03004D
S21400F9F00067002008B52A21034825F0F1F9BDE884
S21400FA000840FFF7D3BF00BF3458002007B5D0E941
S21400FA10023253F822301A78292A0DD8084B53F8A8
S21400FA2022300BB9074B1B680749002031F812102B
S21400FA300091064907F068FB03B05DF804FB00BFC1
S21400FA4004670020006700203458002091CA030095
S21400FA5008B52A21034825F0C5F9BDE80840FFF798
S21400FA60A5BF00BF3458002038B5D0E9023253F89D
S21400FA70221003EB82035B680C781D880020044983
S21400FA8007F042FB29462046BDE83840FFF778BF1E
S21400FA909CCA03002DE9F34100240C4E0C4DDFF800
S21400FAA038800C4F56F8043B0BB9D8F8003035F8C0
S21400FAB0022B3946009200202246013407F024FB30
S21400FAC02A2CEFD102B0BDE8F08100BF0467002009
S21400FAD0E057002091CA03000067002010B50246D8
S21400FAE023F076FA20B9044C236811B1134323603F
S21400FAF010BD23EA0203FAE7B06700200CB413B582
S21400FB0002460C4623F064FA60B9094B1B681A4299
S21400FB1008D005A9049801910AF090FD14B1054893
S21400FB2025F06FFF02B0BDE8104002B0704700BF7E
S21400FB30B06700209BCD0300034610B5D3E9023220
S21400FB4053F8223008461C78211E18BF0121FFF703
S21400FB50C5FF014648B9084A084B0220002C08BFDA
S21400FB601346074AFFF7CAFF10BD00210220054AC8
S21400FB70FFF7C4FFF8E700BF9AB9030092B9030085
S21400FB809DCD0300B3CD03002DE9F04105461F4689
S21400FB900C46DFF82C808E18B44201D1BDE8F08107
S21400FBA00021284614F8013B069AFFF7A7FF002F0E
S21400FBB0F2D0424600212846FFF7A0FFECE700BF40
S21400FBC027C003000021024A0248FFF7ADBC00BF71
S21400FBD059FC0000FC3E0020FF21014822F051BFE6
S21400FBE0FC3E00200022034BFF2103481A7022F03F
S21400FBF041BF00BFF05D0020FC3E002013B5114C55
S21400FC002378032B13D8009300230F4A18460F4976
S21400FC1007F07AFA237842F21072002B08BF00220F
S21400FC20FF210B4802B0BDE8104022F012BF0022B0
S21400FC300849104607F068FA02B0BDE81040FFF722
S21400FC40D1BF00BFF05D0020C4CD0300D6CD0300B9
S21400FC50FC3E0020E0CD0300F0B52B4D8FB02B7896
S21400FC6023B309A825F0F4F8022309A88DF8243058
S21400FC7025F0DCF801AA06469446244B03F110074B
S21400FC80144618685968083303C4BB422246F7D1A5
S21400FC9005AA17461E4B03F1100E1446186859683D
S21400FCA0083303C473452246F7D1E6B1012409A8F8
S21400FCB025F06AF828B9BDF8243013F0020F18BFF3
S21400FCC001242B781349002B4FF000034FF0A002BD
S21400FCD008BF1946204625F031F890B92B78013335
S21400FCE02B700FB0F0BD614609A825F0A1F80028DA
S21400FCF0DCD1394609A825F09BF804460028D6D062
S21400FD00D4E7FFF77BFFECE7F05D0020F455040036
S21400FD100456040000F8FF0710B50020324907F02B
S21400FD20F3F908220020314907F0EEF9304B314A4A
S21400FD301978314B0020002918BF1A462F4C30493D
S21400FD4007F0E2F9002024F03FFC2368002B47D0A0
S21400FD501B78022B44D900222A4B10462A4907F06A
S21400FD60D3F923F07CF929490246002007F0CCF9A4
S21400FD7000F0D0F826490246002007F0C5F92368AF
S21400FD801B78032B2CD900F0D5F822490246002018
S21400FD9007F0BAF900F0DEF81F490246002007F027
S21400FDA0B3F900F0DFF81D490246002007F0ACF971
S21400FDB000F0A4F81A490246002007F0A5F900F062
S21400FDC0D7F8184C184954F82020002007F09CF962
S21400FDD000F024F9154954F82020002007F094F983
S21400FDE0BDE8104024F0F5BB02CE03001ECE030093
S21400FDF0F15D002078F1030097F1030090430020A6
S21400FE0041CE030068BB03005CBB03005DCE03006D
S21400FE1081CE0300A5CE0300C9CE0300EDCE0300BD
S21400FE2014CF0300B46700203BCF03005ECF03006F
S21400FE3008B5D0E9023253F82230187840B10020D5
S21400FE40074907F061F9BDE80840802000F034B8A3
S21400FE50044907F059F9BDE80840802000F046B88C
S21400FE6081CF03009ECF0300D0E9023253F8223040
S21400FE70034A1B78003B18BF01231370704700BF6E
S21400FE80F15D002018220021094BC3E900121A7BFD
S21400FE900AB9084A9A601A7C12B94FF47A72DA8163
S21400FEA040F6B8325A8200229A829A75704700BF8E
S21400FEB01C3F0020E09304000A4B10B51B687BB182
S21400FEC01B78032B02D8B0F5007F09D1064C2368B7
S21400FED0034323606368184202D02AF0E2FDA08242
S21400FEE010BD00BF904300201C3F0020024A13684C
S21400FEF023EA0003136070471C3F0020014B18687C
S21400FF00704700BF1C3F0020014B9868704700BF39
S21400FF101C3F0020024B9868FA23B0FBF3F07047B2
S21400FF201C3F00200122024B98601A73704700BFE6
S21400FF301C3F0020024BD889FA23B0FBF3F0704731
S21400FF401C3F00200122024BD8811A74704700BF64
S21400FF501C3F0020024B588AFA23B0FBF3F0704790
S21400FF601C3F0020014B5868704700BF1C3F002014
S21400FF702DE9F84300244FF00C08104B104F9D7DE0
S21400FF80104E3988E3B28B4202D32846BDE8F88388
S21400FF9008FB03F3F05C06EB030924F01CFB50B9E6
S21400FFA0FF21D9F8080022F06CFD20B199F8053041
S21400FFB09D4238BF1D460134E3E700BF1C3F0020CA
S21400FFC0EA6B002038680020124B10B51B68124CF4
S21400FFD0EBB11B78032B02D823689B0517D52AF0B4
S21400FFE060FDA38AC01A638A80B283423EBFD4E90A
S21400FFF000329343236024F06BFE08B1E08910BD05
S2140100002368002BFAD1FFF7B3FF0128F6D0A068CA
S214010010F5E700BF904300201C3F0020014B987D70
S214010020704700BF1C3F002038B504460D462AF035
S214010030E9FD244B1B7813B1204623F00BF8402C26
S21401004027D006D884B13F2C18D0BDE8384024F01C
S214010050C0BA4C3C0C2CF8D81B4B2341DB07F4D41C
S2140100600220FFF743FFF0E74FF40070FFF73EFF73
S2140100700220FFF721FF154B1C71E6E74FF40070D5
S214010080FFF734FF0220FFF731FF00220F4B1A71F2
S214010090DBE724F021FA0028D7D10C4C0220237983
S2140100A001332371FFF722FF4FF40070FFF704FFBF
S2140100B02379AB42C9D322F0CEFF0028C5D122F066
S2140100C0A3FFC2E7F15D0020FEEEFFFF343F0020F4
S2140100D010B505F05FFB02280AD124F0D5FD0346D2
S2140100E030B1BDE8104000220249104607F00CB8B6
S2140100F010BD00BFEACF03000021024A0248FFF705
S21401010013BA00BFD10001003C3F002038B50020E3
S21401011024F05AFA124B1B6893B11B78022B0FD9A5
S21401012005F038FB022816D10E4C2568FFF74CFF68
S214010130A842206008D0FF2122680B4822F089FCE3
S214010140BDE8384024F045BAFF21074822F099FC63
S2140101500028F5D1EFE7FF21034822F08BFCEFE7FB
S21401016090430020343F00203C3F002002460249D5
S214010170002006F0C9BF00BFFECF030010B5234C18
S2140101802348FF2122F076FC207802281ED003287F
S2140101902ED0012804D02120BDE81040FFF7E6BF8D
S2140101A01C4B19780029F7D002231B4A23701378B9
S2140101B0052B0EBF00230133DBB29942137003D126
S2140101C0052313700020E7E7052BFBD0124B1B78A5
S2140101D0052B02D103232370DDE7104A104932F8BC
S2140101E0230007F085FC032323700028D4D110BD1B
S2140101F0094B0C4A1878094B03EB8001897833F8D0
S214010200200007F045FC0123EEE700BFF25D002069
S2140102105C3F0020FB5D0020466C002088580020D3
S21401022005040100B10301002DE9F04F0D46144607
S21401023095B00490112200210FA89946DFF86C8131
S2140102400BF0FAFA04EB45030393D9F800301C2BA4
S21401025002D0039B9C4202D115B0BDE8F08F01236A
S214010260DFF844A18DF81C3023884C4AADF81E30C7
S2140102709AF800304A4D08EB83039B7828788DF86E
S214010280203013688DF81D00CDF821305368CDF865
S214010290253024F0A0F9049B8DF8290021882878C0
S2140102A0002B4AD123F066FE002844D09AF800308D
S2140102B00FAA38F8230007A922F0DBFE00283AD05F
S2140102C023F085FC4FF0000B074606461C255FFA17
S2140102D08BF2974234D8B7422BD99DF81C30032BAA
S2140102E01AD10FAB0193BDF82130002204210093EF
S2140102F001202C4B06F08EFD9AF8003008EB8303A4
S2140103009978274B187806F001FE9AF800300020FD
S21401031038F8231024F0B4F85DB107A9304624F06C
S214010320A5FC214B05461B78304638F8231024F0EF
S2140103309FFCC9F80050023487E723F012FEB3E7AA
S21401034010460BA9059224F08DFC30B99DF82C10AF
S21401035031B9059AB74208BF16460BF1010BB6E74D
S214010360BDF82E00BDF81E209042F6D19DF8300053
S2140103709DF820209042F0D19DF81C208A42ECD1B5
S214010380032A14BF082202220DF121010DF13100CA
S2140103900BF09EFD002808BF0025DEE7F35D002078
S2140103A0456C00207BD20300466C00208858002054
S2140103B013B503460020114A9C6812780190052A5D
S2140103C003D01B78032B00D12CB9012002B0BDE865
S2140103D01040FFF7CBBE6268217801ABFFF724FF20
S2140103E0217A0120E26801ABFFF71EFFFF210448D6
S2140103F002B0BDE8104022F035BB00BF466C0020BD
S2140104005C3F0020094B1B78052B02D00378032B99
S21401041002D00120FFF7AABE8168054A0B6805488D
S21401042013604B68FF21536022F01CBB466C002012
S214010430F35D00205C3F002038B50024114B124DBF
S2140104401870124BFF211C702C7006F05FFD012204
S214010450032110460E4B06F0DDFC4FF6FF712246D7
S214010460084624F010F8044648B940F6B832FF2191
S214010470084822F0EEFA01232B70204638BDFFF71C
S21401048075FEFAE7456C0020F25D0020FB5D00205A
S2140104903B0304005C3F0020144BF0B51A68144976
S2140104A013680978587988420BD11249D7880846CB
S2140104B00022114D1E792B78D4B2A34203D8052C05
S2140104C00AD10020F0BD0C88BC4202D18C78B4421F
S2140104D0F7D001320431EFE7A342F2D120F82270BF
S2140104E0013300EB820086702B70EAE7544400204B
S2140104F0456C002088580020FB5D0020FF2307B5CF
S2140105000021044A04480093FEF7D8FF03B05DF8C3
S21401051004FB00BF7D0101005C3F00201FB5B42332
S21401052003210446ADF80E3023F01BFD98B12123BC
S21401053020460093002203210DF10E0323F0C0FE96
S21401054004460020054B064A0649009406F0DCFDE9
S214010550204604B010BD8624F3E700BF28D0030070
S21401056035D003004AD00300D0E9023253F82230D6
S214010570034A1B78012113700220024AFFF7BEBA14
S2140105805E6C002059D003000122014B1A7070479F
S2140105905E6C00200A4B90F805111B7890F8082134
S2140105A019448A42BCBFB2FBF3F103FB11234FF09F
S2140105B0FF32B8BFDBB202FA03F380F80A317047A4
S2140105C05E6C00202DE9FF410446057F867EDFF83C
S2140105D070806E43237F98F8002013449D4212DBFF
S2140105E0607F60B9238B029363690193237C009338
S2140105F06288A31D217805F095FDFF232370002056
S21401060004B0BDE8F081E37EAB42E9D9A77E228B38
S214010610F1199142A4BF921BD7B205EB0323E381E4
S2140106203A4633462946204622F03DFD0028E7D1CA
S214010630637F3744013301356377BEB2EDB2C9E754
S2140106405E6C002037B5054624F03EFB0D4B044694
S2140106501B6869461B78032B82BF0B4B1B881B1834
S214010660284688BF9CB224F0B7FB38B9684624F008
S2140106702DFB18B9044B1B8823449CB2204603B0BB
S21401068030BD00BF90430020EE6B0020084B1B7866
S214010690FF2B0BD1074B1B78FF2B07D1064B1B7883
S2140106A0022B03D04FF48070FFF720BC704700BFC9
S2140106B0BC670020AC4000207C3F002010B50446FB
S2140106C0FF2122F0D7F9054B9C4202BF0023A4F577
S2140106D088742370BDE81040FFF7D8BF8C40002017
S2140106E02DE9F0479A462A4B81461B7888461646DE
S2140106F0BDF82050002B49D0FF2D3ED9382528467D
S214010700BDE8F087234B0C223146A01D636184F8B7
S2140107100090A4F802800BF0E1F8A289414642F469
S214010720004242F040022046A28122F0CEFC2A4638
S214010730514660690BF0D2F841464846A21D258312
S21401074024F016F8A0760028D8D00544013DB5FB64
S214010750F0F0FF28D2DC0023E0762046A383FFF7E3
S21401076031FF054680B923794FF48070B372FFF7E5
S214010770A3FB227C099B1A80C1E7074C2778FF2F31
S214010780C0D040F60345BAE72770F2E70225B6E780
S2140107905E6C0020FD5D0020AC400020B0F9063004
S2140107A010B5002B25DA144C2278237CFF2A02D0C0
S2140107B0827A9A4207D0114C2378FF2B17D0827A7F
S2140107C0237C9A4213D169B9637F013BDBB263771D
S2140107D05BB90B4A237F1278204613442377FFF731
S2140107E0F1FE0146204622F07FFCFFF74FFF012075
S2140107F010BD0020FCE700BFAC400020BC67002015
S2140108005E6C00202DE9F04F9A46B1F9063091B0A2
S214010810002B0D461746DDF86880049080F229818A
S214010820B8F80030FF2B04D94FF4B871A6482AF067
S21401083044F9A64B00241A7893F80401B3F8021180
S214010840002A40F0A5802E7AA14A1278B24240F2E0
S214010850AF800222A3F802711A70AA7AFF2483F8E5
S21401086004210022A3F8084183F80521A3F80621F4
S214010870B8F80020954883F80C21FFF78BFE384620
S214010880FFF7E0FE214600EB4002924822F0E1F835
S2140108904FF48070FFF710FB8C4C94F80A91B9F175
S2140108A0FF0F20D18A4A94F8053112781344B342D7
S2140108B019DC94F80C1184F80531B4F80631204699
S2140108C001FB0233A4F80631FFF764FE0122824BD6
S2140108D038461A70FFF7B6FE494600EB400204F5AB
S2140108E0887022F0B6F894F80531B34260D8DFF884
S2140108F0E0B19BF800C00CEB0302964258DA764949
S21401090094F808210878013A002853D0964205DA6F
S214010910B8F8002084F80C2100220A70B6FBFCF916
S21401092001220CFB196994F80A015FFA89F902FAA7
S21401093009F2D1B2024076B92889000A844584F8C2
S214010940080108D92046CDE906210593FFF722FEC6
S214010950DDE90621059B94F80A01014384F80A1192
S21401096082B994F80921B4F806C1013284F8092144
S214010970B8F80020DAF800100CEB0200FF2826DD9C
S2140109800323237094F80831013B9E4230D138E0AE
S214010990AE7A864202D18F4200D11C462E7A002CB6
S2140109A07FF47BAF002A3FF44FAF012A3FF44CAFF0
S2140109B001205FE09642B1DA94F80C1198F8002015
S2140109C09142ABD004F58870FFF778FEF0E794F813
S2140109D00CE1F31A0EFB03C3A01C10FA83F0059278
S2140109E00AF07CFF94F80831059A013B9E4244D0F8
S2140109F0012394F80A2103FA09F3013B1343FF2B61
S214010A0004D122462946384622F060FB94F8083184
S214010A1094F809219A42CBD19BF80030B2FBF3F14E
S214010A2003FB112212F0FF0218BF13462278022A96
S214010A3026D1264A023410785178012804BF0131A4
S214010A405170012224F8022CEA88B4F8041122F02D
S214010A504002EA8094F809210A44591E94F80A31A2
S214010A6013FB01F31344A8F80030CAF80040FFF75F
S214010A700DFE002011B0BDE8F08F84F80B21C0E711
S214010A806979002994D0032A92D1B4F8062194F802
S214010A900B1108AE11445A1E94F80C31284613FB6C
S214010AA002F30B4400219BB2A21CA8F80030CAF83E
S214010AB00020CDE900710296049907F005FD892111
S214010AC0304623F052FE7DE780D003007C3F0020B5
S214010AD05E6C00208C400020FC5D002013B50446AF
S214010AE018B101280BD002B010BDFF2301460093B8
S214010AF0064A0748FEF7E2FC064B1C70F3E7FFF7D1
S214010B0043FDFF22044B1A70EDE700BFBD0601004E
S214010B108C4000207C3F0020AC40002013B501A98A
S214010B2009F04AFE044648B9BDF806309DF804208F
S214010B30034906F0E9FA204602B010BD8120FBE722
S214010B4017D1030013B5694609F042FE044688B979
S214010B50BDF802309DF80020074906F0EFFA20465E
S214010B60019906F043FA2046044906F0CDFA2046DC
S214010B7002B010BD8120FBE73BD1030061D1030029
S214010B8037B5694609F048FE044618BB9DF80130A2
S214010B909DF80020104906F0D1FA104D9DF801206D
S214010BA0E3B29A4206D800200D4906F0ADFA0020BD
S214010BB003B030BD0198630003F4FF7302220021E5
S214010BC0184423F0EBFC29460246002006F0B6FA4C
S214010BD00134E3E78120EBE763D1030092D1030000
S214010BE03B03040013B501A909F0ECFD044648B91E
S214010BF0BDF806309DF80420034906F085FA204624
S214010C0002B010BD8120FBE79CD1030030B5002463
S214010C100B4D85B06946E0B224F024F850B99DF832
S214010C200030032B06D12946BDF805309DF801207A
S214010C3006F06AFA0134202CECD105B030BD00BFB5
S214010C40C3D1030008B50020034906F05DFABDE8EC
S214010C500840FF2000F0DEBAD5D103002DE9F04FA1
S214010C6085B006460D46174622F07EFA044640B188
S214010C7030463A46294622F061FA002005B0BDE822
S214010C80F08F4FF003094FEA15285FFA84FA694698
S214010C90504623F0E7FFB8B99DF800B0BBF1000F4E
S214010CA012D1694650468DF800908DF805508DF8A2
S214010CB006808DF8016023F0D9FF02460028D7D0C0
S214010CC05846064906F020FA0134202CDDD10020D2
S214010CD0034906F019FA8920D0E700BFEAD10300DC
S214010CE011D203001FB5002304468DF80F3022F001
S214010CF026FA28B19DF80F3063F07F038DF80F3088
S214010D00182301930DF10F030022009304214023C1
S214010D10204623F0C4FA024618B10020024906F024
S214010D20F3F904B010BD00BF2CD203001FB502A911
S214010D3009F060FD044688BBBDF80820184906F096
S214010D40FDF92046039906F051F92046154906F0AB
S214010D50DBF94FF6F672BDF80810134C4B1E9BB22A
S214010D60934219D82368039A1B685879FFF776FFD0
S214010D7023681B79012B0BD8BDF808300022CDE97A
S214010D8000030421094B092006F044F823F0E7FC90
S214010D906FF0FF0004B010BD8720E9E78120F9E776
S214010DA04BD2030061D103005444002062D20300F9
S214010DB070B504468AB005AD1122002128460AF016
S214010DC03BFD204604A909F009FD044600283AD156
S214010DD01E4EBDF810201E4906F096F932681379AA
S214010DE0012B28D84FF6F670BDF810104B1E9BB29B
S214010DF0834224D81368587922F0B6F908B33368C9
S214010E002A461B68BDF81010587922F096F9BDF8ED
S214010E10103001220421CDE9004309200D4B029533
S214010E2005F0F8FF23F09BFC034620B100200A4A98
S214010E300A4906F069F96FF0FF000AB070BD872411
S214010E40E5E78B24E3E78120F7E700BF5444002061
S214010E5065D203007AD203007ED2030089D2030052
S214010E602DE9F0479AB004A909F0D0FC0446002801
S214010E7040F0B5809DF810205B4906F05FF92546E5
S214010E805A4E9DF81020EBB29A4254D80020584989
S214010E9006F03AF99DF81050002D40F099802C4646
S214010EA02E46544F06A9F0B223F0DCFEC8B99DF8D1
S214010EB01830032B15D13B689DF819201B685B7908
S214010EC09A420ED19DF81D2005F168036B4403F884
S214010ED0402C9DF81E200235013403F83F2CEDB25C
S214010EE0E4B20136202EDDD19DF810300BB1002C76
S214010EF077D00AABCDE90143FF23022204210093F8
S214010F0009203D4B039505F085FF23F028FC034699
S214010F1060B19DF81020002A5FD0384A3849002C6D
S214010F2008BF0A460020374906F0EEF86FF0FF00CA
S214010F301AB0BDE8F08705986B0003F4FF73022230
S214010F400021184423F02AFB31460246002006F011
S214010F50F5F8013595E70598730003F4FF7302224F
S214010F600021184423F01AFB002780465FFA80FA16
S214010F7006A9F8B223F076FE00BB9DF81830032BC5
S214010F801CD1D9F800309DF819201B685B799A426C
S214010F9014D19DF81D30534510D19DF81E30C8F36D
S214010FA007229A420AD105F168036B4402350134DF
S214010FB003F840AC03F83F2CEDB2E4B20137202F22
S214010FC0D6D101369DF81020F3B29A42C3D88BE7EA
S214010FD00025DFF820902E46F4E7084AA2E7812094
S214010FE0A6E78B20A4E700BFE3D2030092D103005B
S214010FF03B0304005444002002D30300B4D2030090
S214011000D2D2030006D303002DE9F04389B002A92A
S21401101009F0EAFB0446002867D1BDF808203449E8
S21401102006F072F84FF6F672BDF80850DFF8D49065
S2140110306B1E9BB2934254D8D9F8003029461B68E0
S2140110405F79384622F090F800284CD026465FFAA1
S21401105086F8404603A923F005FE28B929463846F6
S21401106003AA22F06EF820B90136202EEFD14FF0F8
S214011070FF08404623F0F4FD014658BB112203A8A1
S2140110800AF0DAFB2946384603AA22F057F8D9F8BF
S21401109000301A79012A18D81B68BDF8081058794B
S2140110A023F03DFABDF8083003220421CDE90043C0
S2140110B00920104B05F0AEFE23F051FB034620B18C
S2140110C000200D4A0D4906F01FF86FF0FF0009B029
S2140110D0BDE8F08302460A49002006F015F801240F
S2140110E0D5E78724D3E78B24D1E78120EFE700BF3C
S2140110F028D3030062D2030066D3030089D203001B
S2140111003FD30300544400202DE9F043DFF89480D8
S2140111100020D8F8003021491B688BB05E79002585
S21401112005F0F2FF01275FFA85F9484601A923F089
S21401113099FD044690B99DF80430032B0ED19DF815
S2140111400530B3420AD1484623F08AFD0146A0B1D4
S21401115002461349204605F0D7FF27460135202DC4
S214011160E1D1D8F8003000211B68587923F0D7F96F
S21401117087F001000BB0BDE8F083112205A80AF044
S2140111805BFBBDF809403046214605AA21F0D6FF93
S2140111902146304623F0C3F9E0E700BF73D30300CE
S2140111A03FD303005444002037B5694609F028FBB5
S2140111B0044638BBBDF80020134905F0BFFF134DA8
S2140111C02046019905F012FF2046114905F09CFFC3
S2140111D02B681B68587923F0B1FA70B14FF6F67296
S2140111E0BDF800104B1E9BB2934209D82B68019A9A
S2140111F01B685879FFF732FD0446204603B030BD20
S2140112008724FAE78120F9E787D3030054440020B6
S21401121061D103007FB505460024E6B26946304633
S21401122023F020FDA8B99DF80030032B11D19DF8BD
S2140112300130AB4204D0FF2D0BD19DF80D3043B9E0
S214011240304623F00DFD024618B10020034905F093
S2140112505BFF0134202CE0D104B070BD3FD3030006
S214011260034B1B681878012808BF0220704700BF8F
S21401127090430020D0E9023253F822301A78024B0C
S2140112801A7000F0E7BA00BFFC5E002070B5D0E926
S21401129002456B1EDBB254F8230003221B490AF0F9
S2140112A017FE54F8253004EB8504197863681A781C
S2140112B0A2F10B030F2B05D915490020BDE870409C
S2140112C005F022BF01290FD1124C9140236840B985
S2140112D00B43114A23600020BDE870400F4905F01A
S2140112E013BF23EA0103F4E702290CD101230C49B9
S2140112F003FA02F20B6818B913430A4A0B60EAE7CD
S21401130023EA0203F9E70A460749D6E7ABD3030007
S214011310AFD30300E0670020C5D30300CDD303009D
S214011320DC670020E0D30300EAD3030007B5D0E969
S214011330023103EB810253F821300B491B785268C6
S214011340012B0A4B08BF0B4612684FF000001A60CB
S2140113500092074A074B084918BF1346074A05F08B
S214011360D3FE03B05DF804FBE0670020DC670020D5
S21401137005D40300FDD303000FD403002456040054
S21401138038B5254A254B264C0020264905F0BCFEDB
S2140113900020254905F0B8FE22682449002005F002
S2140113A0CDFE2068224C234D05F088FE2146002004
S2140113B005F0AAFE2A682049002005F0BFFE28682D
S2140113C005F07CFE2146002005F09EFE1B4B1C49C5
S2140113D01A781C4B002053F8223005F095FE00F0D9
S2140113E00DF919490246002005F08EFE174B002024
S2140113F01A78174905F088FE164B17491A78002007
S21401140005F082FE04F0C6F9BDE8384002461349ED
S214011410002005F079BE00BF2456040029D403003D
S214011420E067002030D4030038D4030046D403001C
S214011430A9BA0300DC67002057D403002A5F002006
S21401144068D40300E46700207BD403000F5F00200C
S2140114508FD403000E5F0020A1D40300B3D4030091
S21401146007B500F071F8054B0090054A00200549C4
S21401147005F04AFE03B05DF804FB00BFC9D40300C3
S214011480245604004AD00300F8B504460B4F0C4E10
S2140114900C4D00200C4A0D4905F036FE20463B78DF
S2140114A029783278F4F784FE00233B7033702B7072
S2140114B0FF21BDE8F840064821F0DCBA2A5F00208B
S2140114C00E5F00200F5F002024560400CED40300D8
S2140114D0CC40002037B51248FF2121F0CBFA114B42
S2140114E0187810F0100505D0002003B0BDE8304094
S2140114F003F01CBF0121B42004F0C6FA04460A4BCF
S2140115000A4A0B490090284605F0FEFD2046FFF7E3
S214011510BBFF4FF4806003B0BDE83040FEF7E6BC89
S214011520CC4000202A5F0020E5D4030024560400A6
S2140115304AD003000021024A0248FDF7F5BF00BF6A
S214011540D5140100CC40002008B5054B1B7823B10B
S2140115501720FFF799FF002008BD0220FCE700BF17
S2140115602A5F002010B550B1054B00F1100250F86B
S214011570044B904243F8044BF9D1024B197010BD4D
S214011580105F0020205F002037B5174D04462B78EA
S214011590DB0626D50090154B0020154A154905F0A7
S2140115A0B3FD1E2C0BD0652C09D0032C19D00020BE
S2140115B023F0D0FB40F61C40FFF766FF0DE023F05A
S2140115C0F1FB4FF4FA63B0FBF3F202FB1300C2180F
S2140115D0FF21094892B221F03CFA2B7823F0100340
S2140115E02B7003B030BD00BF2A5F0020FED403007D
S2140115F0245604004AD00300CC400020014B187941
S214011600704700BF9C58002070B54C4E8EB03378A2
S21401161003F0FB02A3F10905022AEDB258D0042B10
S21401162041F6041257D0A3F108014B424B415B002F
S21401163013434348ADF80C3021F0C6FD48B9414B81
S2140116403F4A03F1100153F8040B8B4242F8040B96
S214011650F9D13D4B1B78002B3FD03C4B0DF10E02D0
S21401166003F1100153F8040B8B4242F8040BF9D135
S21401167003A823F08FFB2328044610D1012D49D857
S2140116800020334A334905F03FFDBDF80C3003A86E
S21401169023F40053ADF80C3023F07CFB0446002CF9
S2140116A041D14FF40C7023F073FB044600283AD165
S2140116B003F0FAFE012D36D8274A01AB10685168AF
S2140116C003C3264901A823F0C1FB78B319242AE0F5
S2140116D043F60412A7E70223AAE73378042B0DD0BA
S2140116E0082B0BD01E4B0DF10E0203F1100153F81F
S2140116F0040B8B4242F8040BF9D1B9E7104A0DF1FD
S2140117000E0302F1100152F8040B8A4243F8040B4F
S214011710F9D1ADE7337803F0FB03022B03D10020A8
S214011720104905F0F1FC20460EB070BD044901A831
S21401173023F08CFB04460028C8D1F4E72A5F00207A
S214011740FE5E0020CBD50300205F0020105F002046
S2140117502456040022D50300DCD5030014560400E9
S214011760E5D503007DD5030070B5002686B0044696
S214011770252023F0F5FA1622002116480AF05CF817
S214011780154B1E60154B1878FFF76AFD022814BF2B
S2140117900123042303208DF8083023F02FFB0423B4
S2140117A08DF810300E4B02A80593039403F030FD1C
S2140117B005460C4B0C4A19680C4B3046A14208BF33
S2140117C0134600940A4A0B4905F09EFC284606B0CB
S2140117D070BD00BF9C580020EC4000202A5F00200E
S2140117E0C91A0100E0670020FDD3030005D40300F9
S2140117F024560400F6D5030008B5134A1378042BC3
S21401180009BF124B01331B78C3F10603DBB2137019
S21401181003F0FD02092A04D11720FFF735FE172031
S21401182008BD0A4A1278002A14BF052206229A42E7
S21401183007D1074B18680028EED0FFF795FF4D201B
S214011840EEE70020ECE700BF2A5F0020205F0020C3
S214011850DC67002073B51E4C1E4E236832681343A6
S21401186034D01D4B1B6853B31C4D2B783BBB03F088
S21401187091FFF8B94FF48060FEF71EFB184B246801
S2140118801B7894B1C3F102032B7003F047FD204689
S214011890FFF76AFF04460020124B134A13490094CF
S2140118A005F032FC204602B070BDC3F10603346871
S2140118B02B70EAE70121B42004F0E6F8EAE70020FD
S2140118C0094A0B4905F020FC0224E4E70224E9E773
S2140118D0E0670020DC670020904300202A5F00209C
S2140118E0205F00203ED60300245604004AD00300A1
S2140118F024D603002DE9F347384D394E00202A79C6
S2140119002B88384905F000FC3268287922FA00F065
S21401191010F0010002D1344905F0F6FB334F3C7854
S2140119203CB10822324933480AF0D2FA041E18BFE5
S2140119300124DFF8DC80DFF8A490DFF8B4A014E01F
S21401194098F8000049460130C0B288F8000023F03C
S214011950F9F9002835D13C783CB108225146254892
S2140119600AF0B6FA041E18BF01242A793368D34058
S214011970DB07E5D5002CE3D100922B881E4A1F49D0
S214011980204605F0C1FB1E4B1878FFF769FC0123C2
S2140119900322124923F0DCF91A4A0546137801336B
S2140119A0137010B902B0BDE8F08720462B46124AE4
S2140119B0154905F0A9FB284602B0BDE8F047FFF738
S2140119C063BD0020114905F09FFBFFF715FF0028B6
S2140119D0E8D102B0BDE8F04700F01CB89C580020E2
S2140119E0EC40002044D6030075D60300295F002092
S2140119F0215F0020AA5800202456040044D7030083
S214011A002A5F00200E5F0020E5D603000ED70300F4
S214011A10FD5E00202DE9F041214C224D2378002067
S214011A2055F82330204A214905F06EFBFFF7ECFDFF
S214011A3003461D4E1E4FDFF874802BB92378042B06
S214011A4015D8B3B91B4B15E032463946002005F0D0
S214011A505BFBFFF7D1FE00BB2378324655F82330F7
S214011A60414605F051FBFFF7CFFD0346E5E7092B9D
S214011A70E8D1114B00201B68104A11491360114B25
S214011A80187023F05FF920B1BDE8F0410120FFF79F
S214011A90FBBCBDE8F041FFF72DBFBDE8F08100BFFC
S214011AA02A5F0020E46700202456040064D7030060
S214011AB071D70300DC670020E0670020EC400020BF
S214011AC09C580020FD5E002070B51C4C23789BB30B
S214011AD0838913F4407F2FD0056835B12A46BDE8C7
S214011AE070400020164905F00FBB23F029F9154E6A
S214011AF003463070144A2846144905F005FB33782E
S214011B001BB1BDE87040FFF785BF2378082B0CD8C2
S214011B10042B0CD80E4B1B78C3F1060323700D4B18
S214011B20BDE870401868FFF71FBE0A2BF2D1BDE86A
S214011B3070401820FFF7A8BC70BD00BF2A5F0020C8
S214011B409CD703000F5F002024560400C9D703006A
S214011B50205F0020DC67002030B5464D0346044672
S214011B60454A0020454987B005F0CEFA2B782BBBB5
S214011B7001A823F06DF9022301A88DF8043023F0A3
S214011B8055F9B0B93E4901A823F052F988B1152C90
S214011B900FD123F007F947F23153B0FBF3F202FB02
S214011BA0130000F51C50103080B203F0BFFB07B0E5
S214011BB030BD162CFBD103F0F3FBF8E7152C2AD128
S214011BC000202D4A2F4905F09FFA2B78042B11D0BF
S214011BD0082B0FD02C4B1B78DA070BD401A823F067
S214011BE0D3F818B9BDF804309B0703D42B7843F01B
S214011BF010032B7023F0D6F84FF4FA63B0FBF3F220
S214011C00FF2102FB1300C218204892B207B0BDE8BC
S214011C10304020F01EBF23F0F7F804460028C6D156
S214011C202B78013B092B1ED8134A194905F06CFA8B
S214011C30184A194913780133D8B2107023F082F884
S214011C4060B12046154905F05FFAFFF7D5FD00287B
S214011C50ADD107B0BDE83040FFF7DCBE07B0BDE848
S214011C603040FFF747BE40F61C4007B0BDE83040A5
S214011C70FFF70ABC2A5F002024560400EDD70300B4
S214011C801456040004D80300FC5E0020CC4000205B
S214011C9017D80300FD5E00209C5800200ED70300D5
S214011CA02DE9F0410B4686B004460E4617463A49E2
S214011CB00246002005F028FA4FF000080123CDE97E
S214011CC001380DF1160300934246402306212046B3
S214011CD022F01AFB054640B102463049404605F05F
S214011CE013FA284606B0BDE8F0819DF816202AB9F9
S214011CF036B900202A4905F007FAF2E7012EF8D096
S214011D0082F00103002027498DF8173005F0FCF911
S214011D109DF817300DF1170633B310230022CDE9D5
S214011D20006306214023204622F0B9FA064630B168
S214011D30324600201C4905F0E7F93546D1E74FB990
S214011D400821204622F00DF920B120469DF81710F3
S214011D5022F0E6FB0521204622F003F90028C0D038
S214011D60204622F0DAFBBCE74FB90821204622F0D4
S214011D70F8F820B120469DF8171022F0D1FB102369
S214011D800022CDE9006306214023204622F087FA8F
S214011D9006460028DED0CBE746DA030062DA030007
S214011DA07BDA03009BDA0300BBDA0300002208B5E6
S214011DB0034B11461B681B685879FFF771FF08BD76
S214011DC05444002008B5044B00221B6801211B68FF
S214011DD05879FFF765FF08BD5444002008B5044B49
S214011DE000221B6802211B685879FFF759FF08BDBE
S214011DF05444002010B50123002488B001A88DF8B2
S214011E000430CDE90244F5F7E3FC20469DF80420B2
S214011E10124905F079F92046039A114905F074F93B
S214011E202046029A0F4905F06FF910220E4B0DEB72
S214011E300201188840F0604040F48010FBF744F936
S214011E4020460A4905F07AF904A822F0E9FB204663
S214011E50074905F059F908B010BD00BFD4DA0300F0
S214011E60F3DA030012DB0300D455040031DB030070
S214011E703B03040008B521F0D8F90020024905F01B
S214011E8043F9012008BD00BF4EDB03000023054ACD
S214011E908360C360044BC0E9002311B14FF6FF73A2
S214011EA00B807047491043B20030031110B5044649
S214011EB060B10020064905F027F9052C06D002F08E
S214011EC0CBF904490246002005F01EF9012010BD99
S214011ED062DB030073DB030037B500216A4601AB02
S214011EE0054621F063FA044668B100220F49104600
S214011EF005F00AF902F0B0F90D490246002005F096
S214011F0003F903B030BD0B4905F0FEF8012020F0BF
S214011F10A2F901F099FF431C02D007F09DFFF0E7FC
S214011F2021462846FFF7A6FFEBE700BF9CDB030030
S214011F3073DB0300E4DB030038B5054601F084FFDC
S214011F40044622F0B6FA4DB100200E4905F0DCF841
S214011F50631C14BF2046002007F040FF21F073F9F0
S214011F600228044605D0012805D10020064905F0BF
S214011F70CBF8204638BD0020044905F0C5F80024FA
S214011F80F7E700BF01DC03001BDC030034DC0300C1
S214011F9008B50020034A044905F0B6F8BDE8084034
S214011FA000F050BDDEEB03004DDC030008B5002059
S214011FB0034A044905F0A8F8BDE8084001F0CAB98B
S214011FC06CDC03004DDC03001FB5D0E9023253F888
S214011FD0223068461C78214601F0D0FB684601F0A5
S214011FE073FC28B92246044905F08EF804B010BDEA
S214011FF06846FFF771FFF9E772DC0300002001492C
S21401200005F082B88EDC03007FB50DF1060102A84B
S214012010FFF73CFF0020264905F076F80020BDF8C2
S2140120200820244905F070F80020BDF80A2022494E
S21401203005F06AF8039A0020204905F065F80020AB
S2140120401F4905F07BF84FF6FF73BDF806209A424C
S21401205029D000201B4905F057F800201A4A1B49D1
S21401206005F052F800201A4A1A4905F04DF80022E8
S2140120701949104605F048F80020154A174905F099
S21401208043F80A220020164905F03EF80A220020ED
S214012090144905F039F80A220020134905F034F8EE
S2140120A007B05DF804FB0020104905F02DF8D4E7D1
S2140120B09DDC0300B5DC0300CEDC0300E7DC030097
S2140120C000DD03000BDB0300E093040016DD0300D4
S2140120D0C027090035DD030054DD030073DD03006E
S2140120E092DD0300B1DD0300CFDD030013DD030045
S2140120F008B50020034905F007F8BDE808400120AF
S21401210001F0FAB9EDDD030008B50020034904F03B
S214012110FBFFBDE80840002001F0EEB906DE030033
S21401212030B5104B104D1B5C85B08DF80F302B78F9
S2140121300446834206D00D4B0D4953F8202000205B
S21401214004F0E2FF30232C700A4801930DF10F03CF
S2140121500093062280231921007822F0A0F805B00A
S21401216030BD00BF3B560400325F002048560400D5
S2140121701EDE0300486C00201FB523230390019345
S214012180064803AB0093012280231921007822F030
S21401219086F8039805B05DF804FB00BF486C002084
S2140121A073B5164D04462B78154ECBB121F06CF85D
S2140121B0012815D0346040F6B244124B1B78072B29
S2140121C017D02D78C5B921F05FF8031E18BF01237B
S2140121D00D48009522461921007821F0E4FB03E022
S2140121E000233360002CE8D1201E18BF012002B066
S2140121F070BD02250123EBE70025FBE72F5F0020DA
S214012200F0400020325F0020486C002008B50448EA
S214012210FFF7C6FFBDE808400220FFF781BF00BFF9
S214012220C027090010B5064C208822F07AF960888C
S21401223022F077F96068BDE8104022F081B900BF4E
S214012240F44000207FB523238DF813300DF11303DE
S214012250029304230648019305AB009301228023D1
S2140122601921007822F050F8059807B05DF804FBB4
S214012270486C00202DE9F047DFF84C91044699F8A8
S214012280000090460F4621F04EFE0B2899F80020DC
S21401229005D9BDE8F04700203F4904F035BF0026C8
S2140122A03E4B3F4D1E803F4BDFF820A103EB001352
S2140122B05B8801202B802A7104F04EFE05F0F6FEA5
S2140122C004F04AFE204604F047FE0123042C8AF857
S2140122D000300BD8022C45D89C4216D02346BDE8C8
S2140122E0F0470020304A314904F00EBF062CF5D1E4
S2140122F030462F4904F008FF384604F02DFEFFF75C
S21401230091FF97B18AF800600FE04FF6FF76294FEC
S2140123103888801B18BF012004F01EFEFFF782FFDD
S2140123203888B04201D022F0FCF819236B8099F866
S214012330003000202B71204B1B786B71EB8843F02B
S2140123404003EB801D4B198822F09AF8034620B112
S214012350224600201A4904F0D7FE4046BDE8F04761
S214012360FFF71EBF304604F0F7FDFFF75BFFFFF7F0
S21401237069FF22F0E5F8134B1B78002B0CBF3F20BA
S214012380202004F0E9FD042CCFD14FF4806022F028
S214012390C8F83220C7E700BF31DE0300C05800206E
S2140123A0C4580020C4420020EBCB03007DDE0300AE
S2140123B060DE0300B4580020476C0020E86B002064
S2140123C096DE03002E5F0020486C00202F5F002061
S2140123D038B5044605200D46FFF7A2FE184B1A88AD
S2140123E04FF6FD739A4207D10020164904F08CFE81
S2140123F0BDE83840FFF70ABF65B1134A13780133C9
S214012400DBB2092B137014D90A2200200F4904F0FD
S2140124107BFEEDE7012C0ED10B4B1D700C490D48D0
S214012420FFF734FDBDE83840002101200A4AFFF7D6
S21401243021BF012CF2D0BDE838400748FFF7B0BEF7
S214012440E86B0020D0DE0300315F0020FBDE0300D6
S214012450B4580020F4400020E093040008B5064973
S214012460002004F051FE0548FFF736FDBDE80840A0
S21401247000210846FFF7ACBF3FDF0300F440002011
S214012480814237B50346154608D2002000910F4A0F
S2140124900F4904F039FE002003B030BD0C1A224665
S2140124A000200C4904F030FE40F6BB5322460020C3
S2140124B0094904F029FE4FF47A735C43074B012067
S2140124C09C4294BF2C602B60E6E700BFEBCB030079
S2140124D050DF03008DDF0300A8DF030080EE360027
S2140124E010B504460820FFF71BFE0D4B3CB91C70C7
S2140124F00021BDE8104006200A4AFFF7BBBE1B7844
S214012500092BF5D90A220020074904F0FDFD002019
S214012510064904F0F9FDBDE81040FFF79FBF00BF74
S214012520315F0020C0270900D4DF030015E0030057
S21401253073B51F4D2C7834B100201E4902B0BDE89A
S214012540704004F0E1BD0220FFF7EAFDFF221A4EBB
S2140125501A4B30781A7021F0E6FC0B2807D9204672
S2140125603278174902B0BDE8704004F0CDBD154B76
S2140125701549009301EB0011012319224FF6FD7056
S214012580498805F037FA70B12046104904F0BCFDC1
S21401259000220F4B0F481C700F4B1A7002B0BDE89B
S2140125A07040FFF7FDBD01240C492C70EEE700BF1B
S2140125B0305F002026E00300486C0020476C0020B6
S2140125C031DE0300C1280100C442002067E0030099
S2140125D02F5F0020C0270900315F00208DE0030037
S2140125E038B5144D04462B78052B21D91249FFF72F
S2140125F05DFC24B918B9114904F086FD0424104B7A
S214012600195D21B9BDE838400846FFF769BF032CBC
S21401261006D02B78052B03D006200A4AFFF72AFEA0
S2140126200021094B08461970BDE83840FFF7D0BEB7
S21401263038BD00BF325F0020F4400020AFE0030049
S21401264031560400C02709002F5F002030B504462C
S21401265089B00720FFF764FD052C0AD100222A4B1A
S21401266003A91A7002A804AA01F0FEFD30B10220E7
S21401267045E09CB90122244B1A700224224D287889
S21401268078B1421E504221495041FFF755FC0223C2
S21401269004462B70022C0ED10A200FE0022CE6D144
S2140126A0EBE7631F5A424FF0050018495A4120F0E4
S2140126B0F2FD0446EEE7032C04D10020FFF770FD7F
S2140126C009B030BD062C06D10020114904F01CFDCE
S2140126D001232B70E0E70F4A0F4B2878002C18BF18
S2140126E013460E490E4A0094002808BF0A460020E9
S2140126F00C4904F009FD201E18BF0120400009B056
S214012700BDE83040FFF76CBF2D5F0020F44000208D
S214012710EAE00300E3E00300DCE00300CBE00300B3
S214012720D5E0030025E1030013B51F4C0620FFF793
S214012730F7FC2278092A09D900201C4904F0E4FC98
S214012740042002B0BDE81040FFF74ABF184B1B78C3
S2140127502BB300201FF0A3FD20F096FD68B9FFF70C
S21401276071FD144B196820F086FD024604200021F5
S21401277002B0BDE81040FFF77DBD01A820F082FD44
S214012780FF2809D14FF4FA6023780133237002B091
S214012790BDE81040FFF704BD0198FFF7EDFC4FF4CC
S2140127A0FA620320E3E700BF315F002040E1030047
S2140127B02E5F002004410020F023F0B589B0CDE95A
S2140127C0000334488023002219210078324E334F0B
S2140127D021F065FD0020324904F096FC3246394668
S2140127E003A801F041FD032804462E4D1CD1062600
S2140127F0039A2D49002004F087FC0398FFF7BCFCE0
S2140128000020396800F0ACFE2E7001F09FF900221E
S2140128100446264B30461A70FFF782FC84BB09B08B
S214012820BDE8F040FFF780BF28BB7268204904F07E
S2140128306BFC214604A8FFF729FB059B72689342AF
S2140128400BD020461B4904F05FFC072305202B70A4
S21401285009B0BDE8F040FFF7F9BE1A462046164912
S21401286004F052FC0523002101202B7009B0BDE8BD
S214012870F040FFF7ADBD0020104904F045FCF1E73C
S214012880042C05D0042009B0BDE8F040FFF7A8BE2F
S21401289009B0F0BD486C0020F4400020044100203F
S2140128A078E10300325F0020A9E10300315F0020D8
S2140128B0E4E103001DE2030071E20300ADE2030060
S2140128C0F7B50446876800202378364D012B28701B
S2140128D004D0354B3549187004F016FC26785EBBDB
S2140128E0334B1B78FF2B04D103B0BDE8F040FFF754
S2140128F08DBC304B1B78032B11D82F4C0320FFF7D0
S2140129000FFC6946208822F067FA002843D02B493D
S214012910208805F0EDF820B12E70FFF777FC03B0A4
S214012920F0BD0124204B26491C7004F0EDFB03206A
S214012930FFF7F6FB2C70F2E7012E25D13B78002B32
S214012940EDD01B4D2B78FF2BE9D1A68802F04AFF6C
S214012950864206D100201B4903B0BDE8F04004F0D2
S214012960D3BB194BA2881B783BB132B11749002063
S21401297003B0BDE8F04004F0C7BB7B6814491B7880
S2140129802B700D4B1A80F2E7032E08D108226846F9
S214012990A16808F0A3FF6846FFF70EFFBFE7002314
S2140129A02B70A1E72F5F0020305F0020C8E20300F4
S2140129B0476C0020325F0020E86B0020C128010030
S2140129C08DE00300E8E203002C5F00200EE3030025
S2140129D039E303007FB5094B1A78FF2A0AD118702C
S2140129E001F088FB0022064B0DF1060102A81A80B1
S2140129F0FFF74CFA07B05DF804FB00BF486C0020F7
S214012A00B2580020152838B517D10C4B1D78A5B93A
S214012A1022F0C8F9C4B2012C38BF01240120FFF707
S214012A207FFB28462246064904F06EFB4FF47A7077
S214012A306043BDE83840FFF7B3BB38BD325F0020C6
S214012A4056E30300034B1B78022B01D8FFF770BD3A
S214012A50704700BF325F002070B5284C20F00FFC95
S214012A602578274EBDB10020264904F04DFB264AA5
S214012A70137801331370002323703378062B0AD1A1
S214012A80BDE87040214B1868B0F5FA6F38BF4FF4B7
S214012A90FA60FFF785BB3378013B082B2CD8DFE8BB
S214012AA003F005090D2B13191D222700BDE8704000
S214012AB0FFF7C8BFBDE87040FFF73ABD002323709B
S214012AC0BDE87040FFF7A2BB2946BDE87040012073
S214012AD0FFF77EBCBDE87040FFF726BE0220BDE8CA
S214012AE07040FFF7B3BD0120BDE87040FFF7F8BCAA
S214012AF0BDE87040FFF7B2BC70BD00BF2F5F00207D
S214012B00325F002085E30300315F0020F0400020A3
S214012B1010B90520FFF764BD034B1B78062B01D1C6
S214012B20FFF79ABF704700BF325F00202DE9F047DC
S214012B308E68054633189A780C46092A8EB008D94D
S214012B400020A34904F0E0FA852420460EB0BDE833
S214012B50F08750B98B899F49895C8B4205D20091D9
S214012B609D4904F0D1FA8024EFE79C4BE7881B8847
S214012B709F4236D09A490978012932D932B13A466C
S214012B800020984904F0C0FA7E24DEE7964B1A70BE
S214012B90934B26791B78052B03D0012B3AD8FFF7E8
S214012BA051FF5EB93146204621F0DFFD034600287D
S214012BB051D030468D4A8E4904F0A6FAD4F80880E2
S214012BC0A48998F8037098F80450002E4CD130462A
S214012BD0884A894904F098FA00210120FFF7F8FB9A
S214012BE04FE00021804B1970072A00F28A8301A367
S214012BF053F822F0912B01003F2D01003F2D0100DB
S214012C00512F0100512F0100512F0100E731010022
S214012C10E7310100022B17D102F0E4FD8742B3D061
S214012C200020764A764904F06FFAFFF781FC46BB2E
S214012C303146204621F099FD034610B36B4A6C4994
S214012C40002004F061FA1CE06E4A00206E4904F090
S214012C505BFA012479E7A3681B78DA06AED432461C
S214012C606A4904F051FAA9E700210AA8FFF70EF90C
S214012C70032F08D95F4B664A66490097002004F087
S214012C8043FA002461E76B1E632B04D9594B604A53
S214012C9061490095F2E7614BE4B2DB5D9C4209D0E5
S214012CA0CDE901430020534B594A5D49009704F092
S214012CB02BFAE6E757B3A4B222460521404621F097
S214012CC06DFCBDF82830834203D04A4B554A56491D
S214012CD0B6E7012F1AD022460721404621F05EFCB6
S214012CE0BDF82A30834203D0424B4E4A4F49A7E7EC
S214012CF0032F0BD122460921404621F04CFC0B9BA9
S214012D00984203D13B4B474A494999E7642D3FF422
S214012D1063AF22F047F86423C0B2B0FBF3F203FBC3
S214012D2012030133DBB29D42BFF456AFCDE9005327
S214012D300020304B3B4A3F4904F0E6F9A1E7284B17
S214012D401B78052B01D03C4A7FE7EB1CDBB2277BC7
S214012D50F45C44B123460020374A384904F0D4F9DC
S214012D6000210C460BE00F2F0DD8102320463449C6
S214012D700093314A3B4604F0C7F980240121002024
S214012D80FFF726FBE1E60435EDB220462A4A2D4937
S214012D9004F0BAF97A1B7119D2B206A820F082FAA9
S214012DA005443A46E9B2304621F0F5FB264D069A2F
S214012DB02B68264F9A42386001D100284AD124490F
S214012DC000201D4A04F0A0F985240121D7E700BFA1
S214012DD0A2E3030074560400BAE30300E86B002084
S214012DE0325F0020E9E303002F5F00205FE4030069
S214012DF067E40300EFE4030004E503002DE40300A9
S214012E003AE403008FE403009CE40300B9E4030002
S214012E1019E5030021E503003BE5030037560400EE
S214012E2059E50300AEE9030093E50300BDE50300A1
S214012E30E5E503000CE6030040E603005AE603005E
S214012E4089E60300A0E60300F440002004410020C8
S214012E50C9E6030000F08EFF3E68B0420AD200F0D9
S214012E6089FF9D4903463246204604F04DF98924E0
S214012E70012184E7079A6B689A4205D12046974A52
S214012E80974904F041F96BE79649097859B19A4296
S214012E9009D22046944904F037F996210620934A30
S214012EA0FFF7E8F95CE7924A924905A801F0DCF9D8
S214012EB0079E48B96A68964206D88F4904F024F9F5
S214012EC00520FFF7C3FB40E6324600208B4904F09D
S214012ED01BF939680027002000F042FB00206E60D5
S214012EE0FFF74AF9864B06201F80FFF719F9854B35
S214012EF01F7001F0B1F90646F8B94FF6FF73824A22
S214012F000AA81188994214BF13463B466A88298845
S214012F1001F012F90AA800F0D7FC58B10AA801F08E
S214012F20DDF938B13046794904F0EEF80420FFF7B0
S214012F3057FB0AE6FFF7F8FB07E6042805D1744BB2
S214012F401921187820F046FDFFE538467149EBE770
S214012F50714B1B78062B01D0704A76E6DFF8A0A1EC
S214012F60EB1C94F80C90BAF80080DBB22EB9304610
S214012F706B4904F0C9F88724E7E5F75C2C1D972F09
S214012F80E4B22FD025D8812F71D0952F67D017BBEB
S214012F90B9F1100F7FF6E7AD31194A460AA820F0BD
S214012FA081F90444E4B221464A46304621F0F3FA58
S214012FB0231DDBB2053416F803A0E4B2A9EB040323
S214012FC05345054666DA009338465346534A5549F3
S214012FD0C7E5982F43D03B460020504A524904F09B
S214012FE093F8C8E7B9F10A0F7FF6BDAD1FFA89F766
S214012FF021463A46304621F0CEFA05F1080104464C
S2140130003A46C9B2304621F0C6FA0AAA0146204617
S214013010FFF736FA08B9454B0A93B9F10C0F12D9E6
S21401302005F10C013A46C9B23046DDF8288021F098
S214013030B5FA044602463E49002004F065F8AAF8AF
S214013040004044440A940A9C3A492246002004F06F
S2140130505BF82046FFF7A4F820F01CF911E6364984
S214013060002004F051F80320FFF7BAFA09E6334CC2
S21401307023786BB120F001F950B10020304904F0FB
S21401308043F80023237020F005F9FFF74DFBF8E520
S2140130902C49E5E7DFF8A49099F8003043B9FFF72B
S2140130A0D1F88542034607D01C4A27490095E5E535
S2140130B020F0EAF80128F2D110220D480AA908F0FA
S2140130C007FF10B9BAF13F0F42D9144A1F49002031
S2140130D004F01AF84FE700BFE8E6030040E60300F5
S2140130E020E703002B5F002055E70300C0270900F7
S2140130F0F440002004410020E4E1030096E70300C9
S214013100B2580020315F0020B4580020B8E7030011
S214013110486C0020D7E70300325F0020FDE703007C
S21401312012E803003FE9030021E90300E0930400ED
S2140131304DE8030078E8030097E803002E5F0020BF
S214013140B3E80300F2E803007BE90300B7E90300F4
S2140131506D4B187099F800304BB120F08EF830B1F5
S214013160284620F08DF8042807463FF48AAD5146DC
S2140131702846321920F0C7F928B10020634903F028
S214013180C3FF042070E799F80030554463B120F07E
S21401319074F848B1FF2FF4D0012F3FF472AD032F1E
S2140131A016D120F075F805462846FEF7E5FF0446D9
S2140131B002460521564820F09CF8564B1B689C4257
S2140131C00AD3204620F09AF90520FFF73FFA58E582
S2140131D020F05CF88046E7E74046FEF7E1FF00286E
S2140131E07FF44FAD51E74C4B1B7803F0FD03082BE2
S2140131F001D04A4A29E5A48935B1F27822B10020E6
S214013200474903F081FF2EE7E4B22246F11C0AA8E3
S21401321020F048F8434BBDF828201988054691420E
S2140132200DD04FF6FF718A4209D03C4A00203E4B32
S2140132303E4903F083FFBDF828203D4947E7BDF826
S2140132402A20598891420CD04FF6FF718A4208D045
S214013250324A0020374B354903F070FFBDF82A206B
S214013260EBE70B9A5B689A420AD0013208D02B4AE8
S2140132702E490020304B03F061FF0B9A2F4926E7B9
S214013280A4B2E91C2246C9B2304621F084F9E91DF0
S214013290C9B207462246304621F07DF9431C014655
S2140132A006D10820FEF73CFF2548FEF779FFE8E443
S2140132B0384606AAFFF7E4F8A8B9214B0693214B36
S2140132C000221978204B18781FF0C8FF069C20466C
S2140132D0FEF766FF224600201C4903F015FF092071
S2140132E0FEF71EFFCDE440F6B733069A9A42E6D8BB
S2140132F040F6B8320020164903F006FF40F6B83310
S214013300DCE7812421E400BF315F0020EAE9030005
S2140133100DEA030004410020325F002016EA030094
S2140133202BEA0300F4400020ADE5030052EA030057
S2140133300BDB0300D7E503006DEA03006AF2030026
S21401334080EE3600476C0020486C0020A5EA03009A
S2140133507AEA030008B50420FFF742F90020FEF7D9
S214013360DFFE0023054A19211370054A1370054B29
S2140133701878BDE8084020F02DBB00BF2F5F002065
S214013380305F0020486C002010B5164B164C1A789A
S214013390164B002053F82220154903F0B5FE21787C
S2140133A0144B154A0020002918BF1A46134903F08A
S2140133B0ABFE23782BB1124B00201A68114903F09B
S2140133C0A3FEFEF73FFF0446FEF73CFF0E4B1968CF
S2140133D01FF082FF2246BDE8104003460B4900203D
S2140133E003F092BE325F00202F5F00204856040093
S2140133F0C1EA030097F1030078F10300CEEA030067
S214013400F0400020E8EA03000441002001EB03003D
S21401341038B5014604460020FFF788FB054698B1FB
S214013420E37C00200A4A0B4903F06EFE2379042B45
S2140134300AD02946204621F098F9034620B10020FB
S214013440054A064903F060FE6FF0FF0038BD00BF75
S214013450EBCB030029EB03005FE4030067E4030002
S21401346010B51346094A127882420DD163B1084A53
S214013470002014680A46074903F046FE2146BDE8C7
S21401348010400120FFF752BB10BD00BF486C002062
S214013490544400204BEB030010B50D4B1C782CB1A7
S2140134A0BDE8104000200B4903F02EBE6420FEF755
S2140134B063FE4FF6F0716FF00F02074B0320C3E96E
S2140134C0001222462146BDE81040FEF7D3BE00BFDB
S2140134D0325F002084EB0300F4400020014B18709B
S2140134E0704700BF2E5F002000210620014AFEF72C
S2140134F0C1BE00BFC0270900014B1870704700BF4E
S2140135002B5F0020114B2DE9F04107460D46186848
S2140135100F49101A09681FF0DFFEDFF840800D4ED4
S21401352098F800400346FF2C307004D0A8420AD316
S2140135302C44A04207DB3A460020074903F0E4FD8D
S214013540337888F800303078BDE8F0810C410020EF
S21401355008410020335F0020B2EC0300496C0020D4
S21401356050EA010208D0FF22054B091A1A70054BD2
S2140135701860054B1960704711461046FFF7C2BF29
S214013580496C00200C410020084100202DE9F04F35
S214013590AFB006AD284600F0FDFD0026624FDFF80D
S2140135A0D091284600F090F9044648B900F0BEFDD7
S2140135B05E490246204603F0A7FD2FB0BDE8F08F16
S2140135C039460020F2B203F09FFD284616A900F006
S2140135D0FFFD044620B15649002003F095FD8FE01B
S2140135E0BDF85820534903F08FFD49462046BDF8E3
S2140135F05A2003F089FD2046BDF85C204E4903F0B1
S21401360083FD2046BDF85E204C4903F07DFD204633
S214013610BDF860204A4903F077FD2046199A4949CA
S21401362003F072FD2046BDF86820474903F06CFDA3
S214013630204646490DF16A0203F066FD44492046DC
S214013640239A03F061FDBDF85C30D90705D5204605
S2140136509DF890203F4903F057FDBDF85C309A076E
S21401366014D500203C4903F069FDBDF85830B3F588
S214013670807F4FD1002020F0D8FF18B10DF19100C6
S21401368003F0C4FC0020354903F03EFDBDF85C3074
S2140136905B070BD50020BDF8B220314903F034FD9D
S2140136A00020BDF8B4202F4903F02EFD062228463F
S2140136B00DF116030AA91FF03EFE044690BBBDF8A5
S2140136C01620294903F020FDDFF8A8A0DFF8A8B0EE
S2140136D00DF12808BDF81610A2B2914210D9B8F81B
S2140136E000205146002003F00FFD0134D8F80420D5
S2140136F05946002003F008FD062C08F10808E9D118
S2140137006C46204600F05AFD94E80F00013685E825
S2140137100F0046E70123202200200DF1910103F05E
S21401372057FCAFE7114957E7C4EC030091EE0300DD
S214013730CDEC0300F1EC030025ED03003EED0300A4
S21401374057ED030070ED030089ED0300A2ED0300C1
S214013750B7ED0300D3ED0300ECED03003B030400DB
S214013760FFED030018EE030031EE030064EE0300E4
S2140137700AED030042EE030052EE03002DE9F0418C
S21401378088B004AD044628468846002700F002FDAE
S2140137906E46474507D195E80F0084E80F0020469E
S2140137A008B0BDE8F081304600F008FD96E80F004D
S2140137B085E80F00284600F087F801370028E8D191
S2140137C0014B0FCBE9E700BFC85804001FB5D0E98D
S2140137D0023253F8223068461978FFF7CFFF684661
S2140137E000F07CFD48B1042809D1074A00200749AA
S2140137F003F08AFC05B05DF804FB054AF6E70020F5
S214013800044903F081FCF5E733F80300ACEE03004E
S214013810E3F10300B8E7030010B5D0E9023203EB89
S2140138208201496853F8223098B00C6804A81978C8
S214013830FFF7A4FF03AB40220093214608AB04A880
S21401384000F0E2FC024628B100200E4903F05CFCC1
S21401385018B010BD039808A900F007040122C0F3B0
S214013860C70003F0FBFB039908A8091B014406489F
S21401387001232246008803F0ABFB044803F0E4FB77
S214013880E6E700BFBCEE0300D05800203B0304006F
S214013890F0B504460D460B4BEF880FCB84E80F00BE
S2140138A0AB882E899B0741BFD5F83900D5F83D1066
S2140138B004F1080303C3EA68204627806680626035
S2140138C0F0BD00BF80560400102208B5034908F079
S2140138D0FFFA003818BF012008BD00BFC858040011
S2140138E008B521F0BDFEC288FF219208012A38BF23
S2140138F0012202481FF0ADF8012008BD1C4100203E
S21401390038B5134690B10120274A1070274A002087
S2140139101160274A13600A46264903F0F5FB02F0B8
S21401392043FB254B1870022002F044FB21F0B3FE46
S214013930E8B91D4D1D4C2B782BB921F091FE22685C
S214013940C368134423601A4B24681B689C4229D21F
S21401395021F086FEC168204606F022F800240246C1
S2140139602C7050B921F097FEFFF7BAFF03E0FFF77E
S214013970B7FF0028DDD0012038BD20460F4903F0EF
S214013980C3FB0D4B187802F015FB00200C4903F021
S214013990BBFB00F091F908B900F0AEF92046FFF73D
S2140139A0B7F8E8E70124ECE7355F00201441002072
S2140139B010410020E3EE0300345F00200FEF030008
S2140139C02FEF030038B500F04BFA044600F042FA38
S2140139D0241A21F045FE054618B9B1211B4827F0E7
S2140139E06CF8AB8803F00303032B03D0B22117480E
S2140139F027F063F800F02EFA05461FF00FFD0123AD
S214013A008340013B2B4203D0B421104827F055F8E0
S214013A101FF004FD01238340013B234203D0B5215F
S214013A200A4827F04AF805F091FD05461FF0F6FC16
S214013A304FF48063B3FBF5F3C440A34205D2BDE85F
S214013A403840BA21014827F038B838BD45EF0300A1
S214013A50FF2108B504481FF00DF8BDE80840002214
S214013A6011461046FFF74CBF1C410020F7B504462F
S214013A700E4600F089F8054621F0F2FDC3682B4496
S214013A809C4220D31FF0CAFC2C44C440013C114F79
S214013A903B68DEB1A34219D101340023ADF80430EE
S214013AA000F0E4F9054605F051FD103504FB00541D
S214013AB005F04CFD01A90246204605F099FD1FF0D0
S214013AC0BDFC386004E04FF0FF34E0E7A342E4DBDE
S214013AD003B0F0BD106800204FF0FF320A4B10B55E
S214013AE01A600022094B1A7000F0B4F9044600F07F
S214013AF0B7F9214602460120FFF702FF00280CBF56
S214013B000120042010BD00BF10680020365F002091
S214013B1038B500F0D1F808B9002038BD094D0A4C77
S214013B202B7823B91FF08AFC012320602B702468B0
S214013B301FF074FC01348440EED000F025F82044D8
S214013B40EBE700BF365F00201068002070B50D4C13
S214013B502368002B01DA012070BD00F07BF90546D1
S214013B6021F07EFD2468C6681FF058FC013404FA73
S214013B7000F1294401208A19FFF7C2FE0028EAD085
S214013B800420E9E710680020024B18680C301FF08B
S214013B9085BC00BF14680020FF2307B50021044A36
S214013BA004480093FBF78AFC03B05DF804FB00BFF2
S214013BB0513A01001C4100200E4B70B51C680546A9
S214013BC0036804F582641C440E46FFF7DDFF2B688C
S214013BD0834208D232681A44824208D9C31A0120A5
S214013BE033602C6070BD044A126813441C1A00200E
S214013BF0F7E700BF14680020184100202DE9F04FB8
S214013C00B3F5803F87B00F469846019003D3002056
S214013C1007B0BDE8F08F03A904A8CDE90332FFF78A
S214013C20CBFF0024824600F10109DFF888B05FFA75
S214013C3089F9019BDDE90356AAB27BB1304610999A
S214013C4021F015FD0028E2D1B9F1020F2BD1DBF8E6
S214013C5000300493019B03BB2F4421E039463046D4
S214013C6005F0C6FC0028D2D1BAF1000FECD0002C2A
S214013C70EDD105F06BFC2E44B6FBF0F303FB1060B0
S214013C800028E4D005F062FC05A9024630460594FA
S214013C9005F0AEFC0028DAD0B9E7109B2B44109350
S214013CA0A8EB05050395631C4B454FF00104C0D3F3
S214013CB02046ADE7184100207FB56B460C4A1068D8
S214013CC0516803C390680C2218600A4B0DEB020181
S214013CD0186821F0CCFC0C2268460DEB020108F0B6
S214013CE0F7F8B0FA80F0400907B05DF804FB00BFB2
S214013CF090560400146800201FB5084A01AB1068EE
S214013D00516803C3906801A91860054B0C22186816
S214013D1005F06EFC05B05DF804FB00BF905604008C
S214013D2014680020F7B5044615460E4681B9072AE1
S214013D3003D80024204603B0F0BD0D4B80791968E6
S214013D40E379063000EB03200C3180B21FF0B0FBA4
S214013D50002721462B46324638460097FFF74EFF8E
S214013D6004460028E5D039467019FFF77FFEE1E7E3
S214013D7014680020024B1868A0F50060704700BF69
S214013D802068002010B58AB0684606F015F810F0D5
S214013D90FF0027D1009BFBB1174C01A9206005F05D
S214013DA083FF10F0FF001DD12268009B9A4204D3C6
S214013DB04FF4DD71114826F080FE019B104A11492F
S214013DC01360029A13440B600F49A3F500630A605F
S214013DD00E4A1360009B63B940F2CF11074826F0E4
S214013DE06CFE06E0044A034612680020084903F008
S214013DF08BF90AB010BD00BF18680020F8EF030069
S214013E00184100201C68002020680020146800204B
S214013E10A0F0030008B5FFF7B5FF21F021FC50B173
S214013E2021F01EFC064B02691B689A4203D2B3219D
S214013E30044826F042FEFFF7C5FD012008BD00BF7D
S214013E4020680020F8EF0300014B1868704700BF98
S214013E5018680020014B1868704700BF1841002001
S214013E60014B1868704700BF1C680020014B18689A
S214013E70704700BF1468002010B5FFF749FE0446DE
S214013E802849002003F040F90020274903F03CF9B7
S214013E900020264903F038F90020254903F034F9BB
S214013EA0244B00201A68244903F02EF922462349A0
S214013EB0002003F029F9FFF767FE2149024600209A
S214013EC003F022F91F4B00201A681F4903F01CF962
S214013ED01E4B1F4C1A6800201E4903F015F9226874
S214013EE000201D4903F010F94FF4806200201B49A1
S214013EF003F00AF9226800201949103203F004F988
S214013F002268002017490C3203F0FEF822680020D0
S214013F10154902F5826203F0F7F8BDE8104005F096
S214013F2049BA00BF1FF103005CF103007BF10300F7
S214013F309BF1030018680020C6F10300E5F10300B9
S214013F4008F20300184100202BF203001C68002031
S214013F50146800204EF2030071F2030094F203008D
S214013F60B7F20300DAF20300FDF203002DE9F04197
S214013F7094B004460D460020482102AA1FF0A9FA73
S214013F8018B9534903F0C0F819E060220021204611
S214013F9007F052FC04224F4902A807F099FF90B19E
S214013FA06DB19DF80B30002001939DF80A309DF805
S214013FB00820009348499DF8093003F0A5F8012030
S214013FC014B0BDE8F081BDF80C20B2F5807F2280E8
S214013FD003D0424903F098F8F1E7BDF81420BDF884
S214013FE00E102281DDF816206180E2600499BDF88A
S214013FF01A206160228284F8320007AD04F11202B1
S2140140000FAE2B4603CBB342106051601D4602F142
S2140140100802F6D10F9B324A63631360314B1022BC
S2140140201846002107F008FCE288A388028022894E
S2140140304280E26842600BB90020C1E7002635469F
S214014040A388D90709D536B105F150026A4412F89A
S214014050482C84F838200135EDB29A0714D520880B
S2140140601FF04DF907466EB102AB03EB0508024699
S214014070414604F1390007F06FFD3A4641461A48B9
S21401408007F06AFD2F44FDB2A3885B070DD556B134
S21401409005F150036B4433F8482C33F8463CA4F83A
S2140140A05A20A4F85C300435EDB2002EC4D1482D58
S2140140B002D930460D4965E72946382002AA1FF085
S2140140C008FA08B90A495DE738250126B8E700BFAE
S2140140D020F303009C56040052F3030088F3030008
S2140140E03C4100204041002048410020A3F303004A
S2140140F0F3F3030030B50B4C99B025786DB9FFF793
S21401410089FE68B129466846FFF730FFB0FA80F0AD
S214014110054B4009187001232370002019B030BDEB
S2140141200120FBE7375F0020385F0020014B18783D
S214014130704700BF385F002070B51E46134B04461B
S21401414018881D46884298B002D15B88934206D0F3
S2140141500F4B0FCB84E80F00204618B070BD96B108
S21401416000216846FFF702FF0028F1D1BDF80430B0
S2140141705B0708D53388BDF85A209A42E8D8BDF8BF
S2140141805C209A42E4D395E80F00E3E74041002023
S214014190C8580400064B10B51B7804462BB9054BCE
S2140141A00FCB84E80F00204610BD034BF8E700BF95
S2140141B0385F0020C85804004041002010B504466E
S2140141C0024B0FCB84E80F00204610BDC8580400F0
S2140141D00B4B10B51B78044608467BB10021FFF750
S2140141E0C5FE48B910222146064807F071FE003880
S2140141F018BF0120C0B210BD0120FBE70120FAE77D
S214014200385F0020404100202DE9F0410E469046DF
S2140142100E4910221F4607F05BFE044670B90C4B90
S2140142203A461D683046AD1B454528BF45462946DA
S2140142301FF04FF928B9074902F066FF0120BDE8D3
S214014240F081069B20461D60F9E700BF4041002033
S2140142503C410020F3F303000022024B1A70FFF7E3
S2140142603BBC00BF385F00202DE9F0419CB00F46F3
S21401427016468046FFF74CFC0546024615490020C7
S21401428002F042FF382D20D9012104A8FFF76EFE67
S2140142900446D0B9119B04A93B606F463846FFF728
S2140142A0F7FA97E80F0086E80F00119BAB4297BF1D
S2140142B001210324084AC8F8003094BF1170C8F8D9
S2140142C0005020461CB0BDE8F0810022024B0124BC
S2140142D01A70F6E725F40300385F002070B5084D24
S2140142E000262B7853B1FFF7F7FB04461022002176
S2140142F004482E7007F0A0FA204670BD3446F5E754
S214014300385F00204041002008B50020064902F031
S214014310FBFE064B00201A78054902F0F5FEBDE8C3
S2140143200840FFF7A9BD00BF44F40300385F002032
S2140143306EF4030003460120024AC3E9032000226B
S2140143401A7070470100FEFF2DE9F0410024264E49
S214014350264FDFF8A88088B000F0D4F9A5B28542D0
S21401436002D308B0BDE8F081284603A91FF0E7F89C
S214014370A2B23146002002F0E1FE9DF80D2012B3F4
S2140143809DF81210BDF81030402914BF6E21792116
S2140143900020CDE900313946BDF80E3002F0CEFEE0
S2140143A0BDF814201AB10020114902F0C7FE9DF88D
S2140143B00C00BDF8182070B9079B0E490093BDF894
S2140143C01A3002F0BBFE00200B4902F09DFE0134BC
S2140143D026F080FBC0E7BDF81C3041460093002064
S2140143E09DF81A30EDE700BF87F403008DF4030053
S2140143F0B0F40300BAF403003B030400E1F4030045
S21401440010B500F0ABFABDE810400346024A0020A2
S214014410024902F079BE00BF09F5030040BD030062
S214014420D0E9023253F8223010B5188800F086FA27
S214014430BDE810400346024A0020024902F064BE6D
S2140144400FF5030040BD030010B5D0E90232002489
S21401445086B08DF8044053F8221003EB82030978E6
S21401446001A88DF805105A681288ADF806209A68DA
S2140144701288ADF80820DA681278ADF80C40A2422E
S21401448014BF402280228DF80A201A691288ADF8DE
S21401449010205A699B691288ADF812201B68059393
S2140144A000F0D0FB034A03460349204602F02CFEE7
S2140144B006B010BDABD3030040BD030038B50024E1
S2140144C0064D26F0F3FA45F824000634C02CF8D140
S2140144D00020BDE83840024902F016BE80100020D8
S2140144E016F5030030B5002087B0204902F00CFE17
S2140144F000201F4902F008FE00201E4902F004FEBB
S21401450026F0D4FA00240546A0B201A901341FF012
S21401451016F8202CF8D126F0C9FA1749421B0020BC
S21401452002F0F2FD1549002002F0EEFD26F0BEFA7B
S2140145300446012000F09EF826F0B8FA0E49021B48
S214014540002002F0E1FD0E49002002F0DDFD26F01C
S214014550ADFA04461EF0E4FF26F0A8FA021B00207E
S214014560054907B0BDE8304002F0CEBD42F5030074
S21401457071F50300A1F50300BEF50300CDF50300B8
S214014580E7F5030010B50C4603F022FD08B9032C2D
S21401459012D101F0FFF804280ED001F0FBF805282F
S2140145A00AD0064802F060FC1C2801D11FF065FF06
S2140145B0BDE8104002F068BC10BD00BF2B350300FB
S2140145C02DE9F04F00274FF0FF36DFF8A4B0264C58
S2140145D087B0BBF80030B8B2834209D8731C3BD011
S2140145E03246FF21214807B0BDE8F04F1EF031BA30
S2140145F001A91EF0A4FF9DF8050001F001FFF8B126
S2140146009DF80480B8F1000F1AD1BDF810A0BDF8CE
S214014610129026F04BFA18210246BBB24B43E01823
S214014620E158007C4FF47A73A2EB010C50B103FB06
S2140146300AF363450ED30B44981A864228BF0646F2
S2140146400137C6E74D466B43FAD06345F5D31944A7
S214014650881AF2E74046F0E7FF21044807B0BDE8B4
S214014660F04F1EF007BA00BF801000205041002016
S214014670B65800202DE9F041014688B058B102280D
S21401468010D01EF076FF78B3D221194808B0BDE8E5
S214014690F04126F012BAFF23164A17480093FAF79C
S2140146A00DFFEEE700244FF001082746134EA5B292
S2140146B0284603A98DF80D701EF041FF9DF80D00E8
S2140146C068B101F09DFE20B19DF80C300BB986F85B
S2140146D010800134202C06F11806E8D12546084B37
S2140146E01D80FFF76DFFCCE708B0BDE8F08100BF85
S2140146F007F60300294A01005041002080100020DF
S214014700B6580020014B1888704700BFB6580020E5
S2140147102DE9F04F634A077D89B0044662490020BF
S21401472002F00CFD00201FF080FF20B12368218AD3
S214014730588803F09BFC00205C4902F0E5FC637D91
S214014740DFF87491002B236808BF08205988574B5F
S21401475018BF00200093228A4FF0090314BF4FF0C0
S21401476080084FF0400802F02FFBA289BB1C934241
S2140147700CDB1FF0F4FF034620B100204C4A4D49E4
S21401478002F0C2FC012009B0BDE8F08FA068791CD8
S21401479089B2C55D1FF002FF0337012D0646BFB281
S2140147A013D82368324659885879238A009343469A
S2140147B01FF03EFB824600283ED1862002F0CCFB4D
S2140147C0284602F0C9FB304668E08520F6E703A9D3
S2140147D01EF0B5FE9DF80C30AB4223D123689DF840
S2140147E00D105A7991421DD1BDF80E105A8891428A
S2140147F018D1BDF81020B24214D19DF812204245BE
S21401480010D1BDF81410228A91420BD1002D38D058
S214014810BDF81810E288914204D19DF81A201B7940
S2140148209A422ED00BF1010BB9F800305FFA8BF0EB
S2140148308342CCD88B20C1E74FF0000BF4E79AF8FF
S214014840020002F089FBBDF818001FF06AFEBDF8F1
S2140148501A001FF066FE9AF8020003F027FE0028F1
S21401486083D19AF8020001F09DFC0546079E002DB3
S2140148703FF47BAFF0B2013D02F06EFB360AEDB2BB
S214014880F5E7002002F068FB284602F065FB30469B
S2140148901FF047FE012DD2D1BDF81C001FF041FECE
S2140148A063E700BF96F6030068EA03003B030400D3
S2140148B0A3F60300C0F60300B65800202DE9F04326
S2140148C091B0694680461EF03AFE0023194F8DF8D6
S2140148D001303888431E98B28045388009D1694630
S2140148E040461EF034FE68461EF018FE11B0BDE8C4
S2140148F0F0834FF0180905A91EF021FE0E4C3E88E4
S2140149000AAD09FB06460FCE0FC596E8030009FB64
S214014910084485E803000AAE404605A91EF017FEC6
S2140149200FCE0FC495E8030084E803006946388873
S214014930D7E700BFB65800208010002008B5064B08
S2140149401B88834205D9FFF7B9FFFFF739FE002020
S21401495008BD2720FCE700BFB658002038B5074D34
S2140149602C882CB9FF2106481EF084F8204638BD55
S214014970601E80B2FFF7A2FFF2E700BFB658002024
S214014980504100202DE9F3479A4618239DF82890B8
S214014990244FCDE9001203FB09731446D3E9022321
S2140149A01FF0BCFF064620460D4603F07FFD04F0CF
S2140149B0FD03382B80460FD1009432462B4600214A
S2140149C0DAF810001EF0E6FDB8F1010F1BD13543F1
S2140149D01ED102B0BDE8F087392CDAF810300BD1C1
S2140149E007EE906A07EE103AF4EEC77AF1EE10FA87
S2140149F0ACBF01200020E7E79E4275F100032CBF03
S214014A0001200020E0E7B8F1000FE2D10028E0D055
S214014A10182303FB097701233B7402B0BDE8F04776
S214014A20FFF7CEBD801000202DE9F04F00252E4661
S214014A30A846AA462C46DFF8BC91D1B0694BA8B26D
S214014A401B88834209D81CB161882079FFF79AFD3B
S214014A50FFF7B6FD51B0BDE8F08F0BA91EF06FFD54
S214014A6026F024F81823AFB27B4309EB030B59F861
S214014A70033005909DF82D00049301F0C1FC002839
S214014A8000F0AE809DF82C10002940F0A980DDE9E9
S214014A900432D01A4FF47A72BDF838305343834249
S214014AA000F29E809BF8103043B9BDF83A30002BD7
S214014AB000F096805343834200F29280FD23002249
S214014AC0CDE9013210AB00930DF119020DF11A0375
S214014AD0E9B20BA8EFF7FCFB002877D1BDF81A3036
S214014AE0DA1C0493D2B214B33F4B9DF82D101B88E9
S214014AF013442279914214D1BDF82E106288914256
S214014B000FD19DF83220B8EBD21F0AD1BDF8342060
S214014B10524506D1B3424DDD0020344902F0F4FA85
S214014B2001E0B342F8DC61882079FFF72BFD02F043
S214014B30E7F904469DF932002D4BC043C00F0093A0
S214014B40BDF834200A23BDF82E10C0009DF832802F
S214014B5002F03AF99DF82D304FF0000B23714FF417
S214014B608A53FF26BDF834A04FEAD818E38007A978
S214014B705FFA8BF020F076F8C0B2B0B99DF81D1040
S214014B809DF82D20914210D1BDF81E10BDF82E20A3
S214014B9091420AD122469DF829109DF81C001FF06B
S214014BA0E7FDB04228BF3046C6B20BF1010BBBF1A0
S214014BB0200FDCD1BDF830001FF0B3FC9DF81900C2
S214014BC002F0CAF9049910A802F0DAF918230022B3
S214014BD05F4309EB07031A7425F068FF49F80700DD
S214014BE001352BE7B6580020C05800207FF7030098
S214014BF03B0304008010002070B500240126104DF0
S214014C008AB02B88A0B2834204D80AB0BDE87040AF
S214014C10FFF7D6BC05A91EF092FC9DF8150001F021
S214014C20EFFB50B19DF814303BB91A46CDE9013679
S214014C300093E1B205A8EFF74BFB0134E1E700BFB3
S214014C40B65800202DE9F0430389DFF858818BB070
S214014C50B8F80090009304468379828841884078AA
S214014C601FF0E6F8002800F09580E78927B1A389B0
S214014C70BB4200F291800027B8F80030BDB2AB42CB
S214014C8014D84D4601264FF6FF73E2899A4226D183
S214014C9046B9B8F80030AB4202D92846FFF70EFEF7
S214014CA0FFF78EFC00200BB0BDE8F083284605A96F
S214014CB01EF045FC9DF814307BB92268059B5340D5
S214014CC0FF2B0AD86368069E5E4036F07F4604D105
S214014CD0BDF81C2023899A42D5D00137CCE7E2687B
S214014CE09A422BD0002E53D1D4E90323CDE90823D1
S214014CF005A81EF013FC0028D5D1B8F80030AB4249
S214014D0004BF6B1CA8F8003025F0D0FE18236B43B7
S214014D10234AE9B2D050D418002305A81A46CDE993
S214014D2001330093EFF7D4FA18B100220023C4E947
S214014D300223284605A91EF00AFCB1E7234605AA68
S214014D4004F1100C174618685968083303C7634501
S214014D503A46F7D11868386005A81EF0E2FB00282D
S214014D60C0D01F2D1AD800238DF8143063788DF823
S214014D7015306388ADF81630A388ADF81830A379DE
S214014D808DF81A302389ADF81C300028B0D1ABE776
S214014D900020E6E7862086E7872084E7892082E7E9
S214014DA080100020B65800202DE9F04FB04A90F848
S214014DB014908DB00446AF49002002F0BFF90020E0
S214014DC01FF033FC20B12368218A588803F04EF97E
S214014DD00020A94902F098F9637DDFF8B8A2002BFC
S214014DE014BF802340230293236808BF08205988F4
S214014DF0A14B18BF00200093228A072301F0E4FF8D
S214014E0000230393A28909F10305954211DB039B55
S214014E1013B9184602F0A0F81FF0A1FC034620B112
S214014E200020964A964902F06FF901200DB0BDE8C0
S214014E30F08FA06809F1010189B210F809601FF02E
S214014E40ADFB3246804603468E490020ADB202F0E5
S214014E505BF98EB1012E00F08A808527384602F074
S214014E607BF8304602F078F840461FF05AFB852F53
S214014E70D2D00123039376E0A06809F10401A28948
S214014E8089B2475D1FF08AFB09F10601A2890490E9
S214014E9089B2A0681FF082FB3A4605900090049BF9
S214014EA03046794902F030F909F1080938461FFA07
S214014EB089F503F0FBFA002857D1384601F072F95C
S214014EC0294603468146A289A0681FF058FB6F4910
S214014ED08346304602F032F9A1684A4629443346F1
S214014EE0304602F075F83046634902F00DF9A944E0
S214014EF01FFA89F52368424659885879238A009310
S214014F00029B1EF095FF18B18378BB4240F0AC803F
S214014F10483FFFB2092F05D840F21133FB40DB07AB
S214014F2000F1A48000238DF81C30236807A85A7965
S214014F308DF81D205B88ADF82080ADF81E30029BF1
S214014F40CDF82CB08DF82230238AADF82430049B9E
S214014F50ADF82830059BADF82A30FFF773FE0746FB
S214014F6000287FF47BAFA9464CE7B346C2E7294643
S214014F70A289A0681FF012FB4FF0000B02460746FD
S214014F804349002002F0C0F809F10509BAF80030DB
S214014F901FFA89F5BAF800201FFA8BF94A4503D89B
S214014FA01F2B31D9892759E7484607A904931EF0D4
S214014FB0C6FA9DF81C20049B012A22D122689DF87E
S214014FC01D00517988421CD1BDF81E0051888842C7
S214014FD017D1BDF82010414513D19DF82210029833
S214014FE081420ED1BDF82400218A884209D1BDF83C
S214014FF02800E188884204D19DF82A10127991424E
S2140150001BD00BF1010BC5E7012299468DF81C2038
S214015010226851798DF81D105188ADF82080ADF8C1
S2140150201E1002998DF82210218AADF82410E1880D
S214015030ADF8281012798DF82A2007A8ADF82C7043
S2140150401EF06CFA074600287FF408AFBAF8003065
S2140150504846994508BF09F1010307A908BFAAF800
S21401506000301EF074FA7EE78D27F7E68C27F5E60A
S214015070AAF7030068EA03003B0304000BF80300E9
S214015080C0F60300B2F70300CFF70300F0F7030002
S214015090FBF70300B65800202DE9F04F0746884677
S2140150A09146002589B09A46BDF848B09DF84C60F7
S2140150B0149C224B1A88A8B2824235D903A91EF045
S2140150C03EFA9DF80C201D4BB2BB9DF80D10B9425F
S2140150D032D1BDF80E1041452ED1BDF8101049450C
S2140150E02AD19DF81210514526D1BDF81410594504
S2140150F022D13046029201F055F8A6F14103012B68
S21401510001460AD820461FF04FFA0D4B0D4A20449F
S21401511084420CD10421029302ACEDB23246204601
S214015120009503ABFFF72EFC09B0BDE8F08F14F82D
S214015130011F4B405343EBE70135BBE7B658002050
S214015140C59D1C81930100011FB50F4C2478C4B185
S21401515042EA03229DF818308DF8051042EA4322F0
S2140151600A4BADF80C201A78094B8DF806100799F2
S21401517003EB021300908DF80400DB686846029189
S214015180984704B010BD00BF395F00203B5F002088
S2140151907041002073B51A4DFF211A481DF06AFCB4
S2140151A02B7853B3184C194E2378180106EB0313CA
S2140151B01A7A5968305C1FF0D9FD4D281DD0E0B130
S2140151C0012300212278CDE900311201B25CC0B280
S2140151D0FFF7BAFF0A2223780A480133DBB2B3FB92
S2140151E0F2F102FB1133FF2123702B78013B2B7068
S2140151F002B0BDE870401DF035BC02B070BD00BF06
S214015200395F0020104200203B5F002070410020E3
S214015210F8B5104F3E780A2E1AD00FC8DFF840C0F6
S2140152200D4D9CF80040013605EB041585E80F008E
S2140152300A230134E4B2B4FBF3F203FB1244074839
S214015240FF218CF800403E701DF00CFC0020F8BDDC
S2140152500120FCE7395F0020704100201042002049
S2140152603A5F00200021024A0248FAF75DB900BF02
S2140152709551010010420020002337B50C46124D0F
S21401528012492A78CDE9003312018A5C01230146CE
S214015290E0B2FFF759FFA4B90D490A788AB10A208E
S2140152A02B78013A0133DBB2B3FBF0F40A70FF212D
S2140152B000FB143307482B7003B0BDE830401DF0E7
S2140152C0D1BB03B030BD00BF3B5F00207041002062
S2140152D0395F00201042002008B500F0BDF850B13B
S2140152E0054B064A0649052808BF1A46BDE8084088
S2140152F0002001F009BF08BD1FF803003B030400AE
S21401530040F8030008B503201FF04AFD10B901223A
S214015310014B1A7008BD00BF3C5F00200022024B03
S21401532018781A70704700BF3C5F00200246FF21C4
S21401533001481DF08EBB00BF30420020114B37B52F
S2140153401D78C5B9FF2110481DF094FBFFF7DAFF61
S214015350044600900D4B28460D4A0E4901F0D4FE36
S2140153604CB10D4B1B78DB0605D528461FF0F2FC29
S21401537020461DF044FF094B186803B0BDE83040D5
S214015380FFF7D4BF3C5F0020304200205DF80300E9
S2140153908BF803004AD003002A5F0020246800200F
S2140153A0FF2101481DF066BB3042002070B51A4E41
S2140153B0054633780C466BB30020184A184901F0AD
S2140153C0BDFE032C01D0652C20D11649002001F02A
S2140153D0B5FE22460020144901F096FE002013492E
S2140153E001F0ACFE012329460822002001F0F0FD61
S2140153F000200F4901F088FE032C88BF00232046B9
S21401540088BF3370BDE87040FCF7BEB8012CE0D011
S2140154100849DBE770BD00BF3C5F00208BF8030046
S21401542034D403009EF80300EBDA0300BCF8030053
S2140154303B030400B4F80300014B1860704700BF3B
S214015440246800200021024A0248FAF76DB800BF1E
S2140154503D53010030420020054B10B51C782CB995
S2140154600448FF211DF0FEFA204610BD0520FCE78A
S2140154703C5F002030420020F8B50024074B084E60
S2140154801D68084FE3B29D4204F1010400D8F8BD3F
S214015490394656F823001CF0A4FCF3E79C7404007C
S2140154A0A0740400F068002010B5044C23780BB1FA
S2140154B01FF066FC0123237010BD00BF4A6C00205C
S2140154C02DE9F743254B0D4616460446019350B188
S2140154D04AB1042301AA12F8011BA94235D0013BA7
S2140154E013F0FF03F7D1212003B0BDE8F08317F8CE
S2140154F0010F90FAA0F0000E1CF0AFFE014608EB7B
S21401550007039945F3DCCAB2C1F30F2392FAA2F25C
S21401551093FAA3F3120E1B0E03EB0223DB4362196D
S21401552012F8020C99B2DBB298420CD112F8013C87
S214015530B3EB112F07D132462146284603B0BDE80A
S214015540F0431FF085BB2320CEE74FF6FF71671EA1
S214015550A5F10209C4F10108D1E700BF080A0E123D
S214015560014B1870704700BF3D5F0020024B1A6860
S21401557018608260704700BF28680020024B1868D8
S21401558000B14068704700BF2868002070B5044627
S21401559000250A4B1B687BB100211E8807E05A686C
S2140155A002EB0110013145B9021B554255418AB241
S2140155B09642F4D89B68EEE7184670BD286800202E
S2140155C02DE9F04F1E46002393B0022E074688466B
S2140155D01446DDF870909DF874A0ADF81A3040F2CC
S2140155E0C08099F800305A0729D5042E40F2B980B8
S2140155F099F804B000255F4B33F83520002A00F0F7
S214015600B68001350A2DF7D1209B002B40F0AD80E6
S214015610FF250023207908AA0DF119018DF819300C
S2140156201EF050FF70B1BDF82C309DF81900238094
S2140156301EF0CAFF0790C0B113B0BDE8F08F99F80D
S21401564002B0D7E720791EF06EFC0B28059000F219
S2140156508A8020791EF0C9FF07900028ECD1464ABF
S214015660059B02EB03135B8823804FF6FF73002F25
S21401567008BF434662880021CDE9002358465246BA
S214015680238802F0FDFD18B1E38843F02003E38090
S214015690209B07A90DA8CDE90D34CDF83C90ADF8B7
S2140156A04080ADF842608DF844708DF845A01EF03C
S2140156B01CFF08B10798BFE7484602F025FDA01D6C
S2140156C002F010FD2246414638461FF051F8B0421E
S2140156D027D3E3882246C3F30E03E3809DF87C308C
S2140156E041460393BDF87830384602930DF11A030C
S2140156F0CDE90093F3B21EF089F9209B079003B31E
S214015700F8B9BDF81A2042B1092D06D81B4B03EB98
S214015710C5018A80209A43F835201120FAF7CCFB80
S2140157201CE0BAF1000F0AD10DF11A03CDE90063AE
S21401573022464B4641463846FAF7D2FFDDE7382087
S214015740DBE7052807D1E388DB0607D50023012020
S2140157500793FFF705FF079B002BDED01EF039FFEE
S214015760A8E7012068E7212066E71C2064E7EDB280
S2140157704FE700BF58420020C44200205442002098
S2140157804FF6FF72024B1A805A809A80704700BF0C
S214015790B858002010B5044C2379FF2B02D11FF016
S2140157A01DFB2071207910BDB858002010B50C4C97
S2140157B02379FF2B08D100201EF006FF20B91FF029
S2140157C00DFB20711EF005FF2079022805D0043854
S2140157D0012894BF0020012010BD0020FCE700BF77
S2140157E0B85800204FF6FF7310B5044C22889A4231
S2140157F002D11FF0E9FA2080208810BDB858002099
S21401580010B5FFF7BDFF40F61D439842044607D882
S214015810B0F5416F05D2182826D8152848D829D0C2
S21401582010BDA0F541630D2BFAD801A252F823F062
S21401583075580100755801002158010021580100D2
S214015840215801002158010021580100215801006A
S214015850C5580100D7580100715801007158010060
S214015860715801007158010040F606439842D7D19D
S2140158701C4920E0FFF7B6FF1B490246002001F055
S21401588043FC152C05D11FF089FABDE810401EF027
S21401589035BE164B164A1749B4F5416F08BF1A466E
S2140158A0002001F031FC1EF028FE1EF027FEECE77A
S2140158B01628DDD11049002001F026FCBDE8104075
S2140158C01EF03EBF1EF089F9BDE8104002460B49A6
S2140158D0002001F019BC0020BDE81040084901F085
S2140158E013BC00BF1B000400C8FF03003B030400F9
S2140158F0C3FF0300E4FF03000400040030000400BB
S2140159005800040007B5094A0346108831B9084A09
S214015910084903B05DF804EB01F010BC0091064A9B
S214015920064901F00BFC03B05DF804FBD0580020DB
S21401593047CB030078000400EBCB03004AD00300FA
S2140159400D4B37B51B68044693B11D780389012DAD
S21401595008BF02250093C37A084A0020084901F0CF
S214015960D3FB2146284603B0BDE830401FF0EEB910
S214015970022003B030BD00BF90430020ED000400BC
S2140159809C000400002010B51EF01EFE0D4B1B6887
S21401599063B15A78052A03D862B1052402220AE0C7
S2140159A0FF2AFAD00020084901F0AEFBBDE81040FE
S2140159B01EF00FBE144610461FF024FA20461FF0B4
S2140159C01FFAF3E790430020F200040013B5134CCE
S2140159D000201EF0F9FDFFF7D3FE23689BB101A856
S2140159E01EF0EEF878B923681A789DF804309A42CA
S2140159F009D0D91E032906D9D11E012903D9012AA6
S214015A0007D1022B05D1032301A8ADF804301FF0FE
S214015A10A3F902B0BDE810401EF0DBBD90430020A4
S214015A2000231946034A01330A2B918042F8081BCA
S214015A30F9D17047544200207FB50E4605461FF047
S214015A408DF92A46044603460D49002001F05CFB09
S214015A5096B10C4B36211A889B78ADF80C208DF840
S214015A600E300323002200934FF6FC7003AB8DF833
S214015A700D501FF0C7F80446204604B070BD00BFA5
S214015A8013010400D8580400FF2810B50C4604D1B1
S214015A900020044901F038FBFE202146BDE81040F5
S214015AA0FFF7CABF2C010400F8B51E460B8807464F
S214015AB00C461546002B64D14A88B1F90210002025
S214015AC00029B8BF6B78304901F01EFB6288132AA3
S214015AD01DD002F5FF437F339BB2052B23D8A2F5D9
S214015AE00042013A052A1ED8DFE802F0193F1D03DD
S214015AF03C09264A2649002001F006FB13E0254A08
S214015B002349002001F01AFB2A792349F3E7022EE4
S214015B1094BF4FF6FF72B5F801202049EBE700204D
S214015B201F4901F0F1FA33462A462146384620F04D
S214015B305FF870B933462A462146384620F05AF8AF
S214015B4048F2210362889A4203D1384669781EF0EA
S214015B50C2FC6388B3F5004F02D90820FAF7C6F9EC
S214015B600120F8BD2A790F49C5E70F4A08490020E8
S214015B7001F0E4FA032E94BF4FF6FF726A880B49D0
S214015B80B9E70020EDE700BF670104008F010400BC
S214015B9096010400A7010400AD010400BB01040046
S214015BA0D3010400ED0104000F02040014020400F6
S214015BB02DE9F04116888AB0DFF88C80ADF80E30FA
S214015BC00DF10E03C8F8002015460093324610ABBF
S214015BD007460C46FAF716FE90BB109B8DF824007C
S214015BE00693BDF80E3004A8ADF81C30AB898DF8CD
S214015BF01070ADF820306B890594ADF81E60ADF8D5
S214015C0022301EF070FCD8B921463046BDF80E3061
S214015C10109A01F0C9FF98B921463046BDF80E30FA
S214015C20109AFFF741FF58B9CDE900603946204682
S214015C30BDF80E30109A02F049FB08B9C8F800000A
S214015C400AB0BDE8F08100BF50420020F0B585B033
S214015C5004AB03E9030000231C469DF80D609DF884
S214015C600E70154AD9B202EBC1004568EDB99DF830
S214015C700C30284600939DF80A209DF80B300F49FA
S214015C8001F05CFA26B1324628460D4901F056FA73
S214015C900C4A0020002C18BF2246BDF808300A49DD
S214015CA005B0BDE8F04001F02FBA12F8311001330B
S214015CB0B94208BF2C46D5E78058040026020400E6
S214015CC037020400B6CA03003B0204004FF6FF7316
S214015CD010B5084C88B062889A4207D102A90DF126
S214015CE007001DF06BFFBDF810306380608808B0B8
S214015CF010BD00BFB85800202DE9F04F85B0894689
S214015D0092461C460746BDF83850BDF83C80109EAA
S214015D10002833D00346464A0020464901F00EFAD1
S214015D202388002B76D040F20912934274D0424A5F
S214015D304249B3F5827F08BF0A46CDF804806188E0
S214015D40002000913E4901F0F9F9238893B1B8F19A
S214015D50020F0FD933783B4913F0010F3A4A18BFA7
S214015D600A4659074FF000004CBF3379B3783749DC
S214015D7001F0E4F90020364901F0C6F9002335495F
S214015D8031F83320AA4249D1334A52F833B00023BE
S214015D9031F83300DA00A84246D100202E490A44E1
S214015DA0908041F8330047B9238833B9B4F90230FB
S214015DB0002B02DB0820FAF77FF80120FAF796F8A5
S214015DC09EB13578EB0710D515F0040004D0424695
S214015DD0012130461EF0E2FBCDE901704346224622
S214015DE05146484600961EF0FBF8BBF1000F06D060
S214015DF04346224651464846CDE90067D8474346C2
S214015E00224651464846CDE900671DF0AFFD05B074
S214015E10BDE8F08F114A90E7114A8EE701330A2B4D
S214015E20AED14FF0000BB2E701330A2BB0D1BAE77F
S214015E30F3C1030062020400B7CA03005002040063
S214015E4070020400530204005B020400A102040075
S214015E503B0304005842002054420020490204003B
S214015E604D0204000D4BF0B54FF00C0C1F88054693
S214015E7000230B4EDCB2BC4201D30020F0BD0CFB6C
S214015E8004F43019345DAC4205D144888C4202D109
S214015E9004799442F2D00133ECE700BFEA6B0020AC
S214015EA03868002073B501262B4D2C4C2A46204617
S214015EB0FF2300210096F9F701FB2A462046FF231F
S214015EC000210096F9F7FAFA2A462046FF23002118
S214015ED00096F9F7F3FA2A462046FF23002100969A
S214015EE0F9F7ECFA2A462046FF2300210096F9F737
S214015EF0E5FA2A462046FF2300210096F9F7DEFA46
S214015F002A462046FF2300210096F9F7D7FA2A46AB
S214015F102046FF2300210096F9F7D0FA2A462046AC
S214015F20FF2300210096F9F7C9FA2A462046FF23E7
S214015F3000210096F9F7C2FA2A462046FF230021DF
S214015F400096F9F7BBFAFF232A4600212046009661
S214015F50F9F7B4FA02B070BD9B320300A4420020E8
S214015F602DE9F84300244FF00C090C4B0C4F1E781A
S214015F70DFF830803A88E5B2954202D33046BDE874
S214015F80F88309FB0585FF21A8681CF081FD18B977
S214015F90AB799E4238BF1E460134EBE73E5F0020D8
S214015FA0EA6B002038680020014B1878704700BF64
S214015FB03E5F0020014B1870704700BF3E5F002017
S214015FC0F8B506460C461EF07BFA0546C8B93046BB
S214015FD01DF0A9FF0B2815D80B4B03EB00131F7BF5
S214015FE087B95A88012122809A88304662809B7937
S214015FF0237100F037FA39466071304600F032FA04
S214016000A07101252846F8BDC442002070B504469B
S2140160100E4615461DF087FF0B2802D94FF6FF7076
S21401602070BD094B03EB00131A7B002AF6D146B963
S21401603001222946204600F03DFA0028EED00088CD
S214016040EEE7012EEAD1F4E7C4420020FF2313B5A0
S2140160500DF1070104468DF807301EF02FFA18B12E
S2140160609DF8070002B010BD074B03EB04131B7B22
S2140160700BB1FF20F6E7204600F03AF90028F8D0E9
S214016080204600F0E9F9EDE7C442002013B5F6F723
S2140160900BFA0446F6F70EFA22460346124900208A
S2140160A001F032F800F084FFFFF7BAFC00F0A6F822
S2140160B00221084602F046FDFFF764FC41F2490062
S2140160C01EF0B2FE4FF0FF130093FF2368468DF8D3
S2140160D004301EF08FFE4FF400401EF06DFE0020CF
S2140160E01EF08AFE02B010BDF002040038B5054667
S2140160F01EF006FA90B928461EF0B2FD044628B1F5
S21401610040F60443984214BF88248D2423462A4629
S2140161100020034900F0F8FF204638BD8D24FBE738
S214016120080304002DE9FF4705460E461746984624
S214016130BDF83090DDF834A0BDF83840CDF80090B9
S214016140CDE9014AE4B2FFF7D7FD43463A46314668
S2140161502846CDE90094CDF808A01FF012FDFF21D6
S214016160034B044A044804B0BDE8F04700F01ABEE9
S214016170C4580020C058002016610020044B014678
S2140161801888102240F0404040F48010F6F79CBF7B
S214016190D6550400024B18685968FFF757BD00BF73
S2140161A0829904000123064AD15C814202D1054A44
S2140161B0D05C704702335F2BF6D10020704700BFDA
S2140161C0DA580400DB58040070B500220446094B77
S2140161D01D78094BD0B2854201D8FF2070BD1E78CC
S2140161E0A64204D10029F9D05E7BF607F6D4013227
S2140161F01033EFE73F5F0020C44200202DE9F04155
S21401620098B06B46304A1068516803C390680CAA70
S21401621018602E4B14469C4603F11806154618685E
S2140162205968083303C5B3422A46F7D112AA17465E
S214016230274B03F11806154618685968083303C535
S214016240B3422A46F7D1234A03AB106851684FF090
S214016250010E03C3906871681860DCF830000022F4
S21401626006AB03C30C21EC46B068CDE909221860E1
S214016270194BDFF86C801970184B0DEB01060B9269
S21401628006AD09A91CF8010B0132187034F8020B8F
S2140162900C2A588037F8020B83F80DE0988016F820
S2140162A0010B03F1100303F80A0C15F8010B08EBB8
S2140162B0C00043F8080C11F8010B03F8040CE1D1F7
S2140162C018B0BDE8F08100BF220304004A5C040058
S2140162D0625C04002F0304003F5F0020C4420020DC
S2140162E044590400014B1878704700BF3F5F0020F7
S2140162F0034B03EB0013587B00F00100704700BF0F
S214016300C4420020F0B504460846D9B100220E4B1F
S21401631011461F780D4B1D46D6B2B74201D8002054
S21401632010E01E78A64206D09E68F688314489B2EF
S21401633001321033F0E75E7BF607F9D505EB02155F
S2140163400180A868F0BD00BF3F5F0020C442002066
S2140163502DE9F347894690461D46074618B90020A1
S21401636002B0BDE8F0870029F9D0002AF7D0002B4B
S214016370F5D0002400780DF10601ADF80640FFF7D0
S214016380C1FF0028EBD039460DF10602BDF80660C4
S2140163901DF0BEFC07460028E1D00DF10602BDF84F
S2140163A006A01DF0DCFC0028D9D0C9F80070C8F89A
S2140163B00000037913F0200219D1DB0614D4BDF8CE
S2140163C006300C4A564413FA86F612FA86F20BE0A9
S2140163D01A790C33920642BF13F8092C891889B230
S2140163E09842F5D8044A0A4401202A60B8E72146B3
S2140163F0024BF5E762600020405F0020845B0400EA
S21401640008B50021FFF7E0FEFF2817BF044B08463A
S21401641003EB0013587B18BF00F0010008BD00BF56
S214016420C44200202DE9F0410D4616461F461DF0D8
S2140164307AFD0B280AD8074C3B4604EB001032467F
S2140164402946BDE8F04180681DF03ABD0020BDE850
S214016450F08100BFC4420020014B0001185C704768
S214016460C442002070B50C461DF05DFD0B281BD8FC
S2140164700F4B03EB00139A68C2B10023142618468B
S2140164801579D9B28D4200D870BD116806FB03118B
S214016490097B34B911F0800F1CBF0130C0B2013343
S2140164A0EFE711F0400FF7E70020EDE71046EBE7C6
S2140164B0C4420020F8B50D4616461DF034FD0B28E3
S2140164C00BD80F4B4FF0140C03EB00139A68002304
S2140164D01C461779D9B28F4201D80020F8BD106842
S2140164E00CFB0300017B46B911F0800F03D0AC42D0
S2140164F0F4D00134E4B20133ECE711F0400FF5E7D4
S214016500C44200202DE9F04F064600243A4B87B0DE
S2140165101B783A4F0093009B9C4207D2FF2E08D06F
S21401652030461DF000FD0B28044606D907B0BDE82D
S214016530F08F07EB04131B7B2BBB23014FF00008E6
S214016540019307EB041A14E014221B6802FB0535BD
S2140165502B89B3F5967F01D924F0BCFA4FF00009D8
S2140165604FF00C0B29891FFA89F291420ED808F1D7
S2140165700108019B5FFA88F5FB189B681A79AA4205
S214016580E2D8FF2ED2D10134E4B2C4E71FFA89F073
S2140165900BFB00F06B6819180A7912F0100F23D163
S2140165A09AF800E012F0400F8DF80CE0B5F800E024
S2140165B0185AADF80EE00CBF4FF0400E4FF0800EAB
S2140165C0ADF8120028468DF810E01DF06DFB53075C
S2140165D0ADF81400C8780AD50228896800D9096878
S2140165E0002203A81DF03CFC09F10109BAE70228C4
S2140165F08CBF89680831F3E73F5F0020C442002062
S214016600052370B5094A06881488B44208D19578DE
S214016610047B2C403F2C03D90D4201D0506870BD3D
S214016620013B02F10802EFD11846F8E7F45B0400DB
S21401663070B50024074D084E2B78E0B2834200D88F
S21401664070BD06EB0010437BDB0701D51DF04AFD4C
S2140166500134F1E73F5F0020C4420020F8B50C4644
S21401666000210546FFF7B0FDFF2829D0154A06018F
S21401667002EB00135B7B03F001016CB143F00103F5
S2140166801644A142737305D0C4B100B202EB0010E8
S2140166901DF028FD0120F8BD2346F1E77B43116874
S2140166A02846CA18127BC95AD2091DF087F9013447
S2140166B0B268E3B211799942F0D8EBE71427F7E70D
S2140166C00846E8E7C4420020F0B59446497D20B369
S2140166D039B3012918BF042100254FF6FF702F4654
S2140166E02A46144E3488644511D196F803E01EEA12
S2140166F0010F0CD0B4789C4209D30AB1BC4206D82B
S2140167001EF0100F03D08AB1BC420CD370B901350C
S214016710072D06F10406E5D1F0BD002908BF0821C2
S214016720D8E70221D8E727460020F0E727460122CE
S214016730FAE700BFD85B04002DE9F04F0A9FBDF8C9
S21401674024E09DF82C809DF830904C7D78B394B36E
S214016750012C18BF04240025194800F11C0C0688DA
S21401676096421ED190F803B01BEA040F19D0867822
S214016770464516D31BF0100F91F80FA004D0BAF1BE
S214016780000F0ED0B1F810A0BAF1000F09D1A9453B
S21401679013D0AE4511D95E553E88013501363E808F
S2140167A0ADB204306045DAD10120BDE8F08F002C8F
S2140167B008BF0824CDE70224CDE70020F5E700BF97
S2140167C0D85B04002DE9F04F0024B1F57C4F0E464E
S2140167D038BF4FF0010BA246A1464FF6FF781F4681
S2140167E028BF274B85B028BFB3F800B000900192B0
S2140167F05C4503D3404605B0BDE8F08FB6F57C4F47
S2140168000CD3204B3A4603EB840331465B88009851
S214016810FFF708FE054680B300232AE03A463146D4
S21401682000981DF0B0FBF5E70C229CB254436A6851
S2140168300199105B02EB040C884219D3B9F1000FE1
S21401684001D0504514D861462846CDE902321DF0E4
S2140168502BFA029B60B1039A125BB9F1000F03D0C9
S214016860524501D3804503D9924680464FF001092F
S21401687001332A899CB2A242D6D80134A4B2B7E722
S2140168803A5904003C5904002DE9F04F91461A4646
S21401689000238BB08DF82020BDF850208DF81C0009
S2140168A0ADF81E10ADF8242005460F461A4604A979
S2140168B007A8159C9DF858609DF85CA09DF860B0EF
S2140168C09DF864800493ADF822901DF075FA049843
S2140168D050B92B46CDE90079644A654900F014FCAD
S2140168E086200BB0BDE8F08FBAF1000F14D1837883
S2140168F0B34206D050465D4A5E4900F005FC8D2045
S214016900EFE7037913F0010306D11846574A5A49AF
S21401691000F0FAFB8820E4E703795B072CD583684F
S2140169205A689B680592069380781DF0D9FF049BF0
S2140169300546DF782146022F03463A4610D805A8B9
S2140169401DF08AFF81462B463A46214606A81DF0D1
S21401695083FFB9F1010F01D001300DD18720C0E7C7
S21401696005981DF079FF0128F8D02B463A462146B6
S21401697006981DF071FFEFE7BBF1000F6FD1049F82
S2140169804FF6FF722146B8781DF02CF900286BD01F
S214016990BDF82430C5B20093CDE902549DF82030ED
S2140169A0BDF82220BDF81E109DF81C0001961DF0B2
S2140169B096FD002895D1BDF82430CDE90254009308
S2140169C0BDF822209DF82030BDF81E109DF81C0051
S2140169D001961DF061FB002883D121469DF86820B1
S2140169E007A81DF03DFA00287FF47BAFB8F1000F31
S2140169F007D03B462046BDF81E209DF81C101DF012
S214016A00D2FABDF82430BDF82220BDF81E109DF83C
S214016A101C000093CDE901649DF82030FEF73CFB95
S214016A20BDF82430BDF82220BDF81E109DF81C00CC
S214016A300093CDE902549DF8203001961DF04EFDDD
S214016A40BDF82430BDF822200093BDF81E109DF835
S214016A5020309DF81C001DF0F7FA002041E70020C9
S214016A60064900F051FBF8E701203AE73C03040031
S214016A704803040074030400880304009C03040014
S214016A807FB500258DF80830BDF820308DF804005C
S214016A90ADF80610ADF80A20ADF80C306946BDF821
S214016AA02830099A01A80B9E00951DF085F9044629
S214016AB030B916B1009B9B783370204604B070BD88
S214016AC08928FAD12846024900F01EFBF5E700BFE7
S214016AD0B90304002DE9F04F4FF0000AC7B0FFF7E5
S214016AE001FC5FFA8AF6B04202D847B0BDE8F08FE3
S214016AF05B4B36019A5D00205A4900F005FB0020E9
S214016B00594900F001FB00230593554B9DF81440AD
S214016B1033449B681A79A24202D80AF1010ADEE7D9
S214016B2014224FF000091B6802FB043422891FFA65
S214016B3089F39A4202D8059B0133E5E70C231FFA35
S214016B4089F803FB08F8D4F804B023F0C3FF0BEB75
S214016B5008052B79454913F0400F3BF80830228889
S214016B604FF000000093424B18BF0B46414900F01E
S214016B70E5FA294620461DF097F8074600283CD13D
S214016B803D4900F0DBFA2979DFF814C111F0010F55
S214016B903A4818BF604611F0020FAA78EB7832D156
S214016BA0DFF800C111F0100F354918BF6146CDE975
S214016BB000010020334900F0C1FA2B793BF8082088
S214016BC013F0400F4FF0000B4FF0FD030DF11808C6
S214016BD02188CDE9023BCDE9007821480CBF40234E
S214016BE08023805DFFF74CFF86280ED126490020C2
S214016BF000F08AFA09F1010998E7024623490020C4
S214016C0000F09CFABFE72249D1E7A8781DF03CF8CE
S214016C10D8B140461DF0C8FC421C92B20123414641
S214016C20002000F0D5F93946208801F001FA4FF628
S214016C30FF73984207D0174B174903EBC0035A68F6
S214016C40002000F061FA1549D1E7A8781DF022F876
S214016C5020B140461DF0ADFC821CDEE7EA78DDE798
S214016C60C44200200B04040019040400E3030400DA
S214016C70E8030400590404009CF50300F003040033
S214016C80F30304006D040400890404002A090400C7
S214016C90FB030400C45C040076D403003B03040039
S214016CA0ED030400030404002DE9F04FC7B0BDF85E
S214016CB044A10646BAF1040F0D4614461F46BDF818
S214016CC040B163D9CDE9013B00920B4602463049FB
S214016CD0002000F019FAFD230DF117090DF118082F
S214016CE03046029322463B462946CDE900B8CDF808
S214016CF00C90FFF7C5FE0646B8B9FD22414699F845
S214016D0000001CF06FFF0746C0B1AAF104038342DE
S214016D1038BF892620461DF004FC8EB1304600F0AF
S214016D201BF9304647B0BDE8F08F009023462A464F
S214016D300020184900F0E8F90027EBE78926E9E783
S214016D40DFF85CA0BA1CBAF80030C3F1FF039A4220
S214016D5019DA304600F000F999F8000000F0FCF866
S214016D60BAF800900C483A4641464844B94404F003
S214016D70F3FEAAF8009023462A46304607490097B4
S214016D8000F0C2F9CDE7892000F0E6F88926C8E7C9
S214016D9095040400D004040016610020F7040400E2
S214016DA0C058002010B5044C2060044801800449F6
S214016DB00A60044A136010BD8C430020BE580020B0
S214016DC0884300208443002030B587B00AAC0D46C6
S214016DD054F8041B0093CDE90114134609490246F1
S214016DE009480988006805941DF09DFA4FF48A52F7
S214016DF0064B1B681880064B1B685D80DA8007B05F
S214016E0030BD00BFBE5800208C43002088430020C0
S214016E108443002008B410B587B009AB0C4653F87C
S214016E20041B0092CDE9011302460B490B4805935A
S214016E300988002300681DF076FA4FF48A52084B41
S214016E401B681880074B1B685C80DA8007B0BDE8BA
S214016E50104001B0704700BFBE5800208C43002090
S214016E608843002084430020044A034611680448EE
S214016E70044A0988126800681CF02EBD8843002069
S214016E80844300208C430020044B054A1B6812688B
S214016E901988044B18681CF092BC00BF8843002078
S214016EA08C4300208443002007B5074B1B681B88D2
S214016EB00192064A12680092054A12681CF0E0FC2C
S214016EC003B05DF804FB00BF884300208C4300201C
S214016ED0844300201FB51446064A12681288CDE97D
S214016EE001430091044B05491B6809681CF0A4FC8A
S214016EF004B010BD884300208C430020844300204A
S214016F00014B1868704700BF84430020024B1B6882
S214016F1018715971704700BF8443002010B50024D2
S214016F20084B1C70FEF75EFC074BFF2218802146BB
S214016F30064804F081FC064B1C80064B1C605C6016
S214016F409C6010BD20620020C258002016610020FF
S214016F50C0580020C458002007490B88FE2B9FBF4D
S214016F60064AD054581C80B29DBF088000F1FF30FD
S214016F7080180020704700BFC0580020166100200E
S214016F80F8B5094F0D463B885C18FE2C0ADC074E07
S214016F900A46A4B20146F01804F0A0FC3C80641B2B
S214016FA0A019F8BD0020FCE7C0580020166100209B
S214016FB0024B034A00201A60704700BF904300202E
S214016FC040590400014B1878704700BFC4420020A6
S214016FD030B4044D044C002B0CBF2B46234630BC6A
S214016FE01DF00BBBE3C20300CA05040070B50546DD
S214016FF008460C461DF0D8FA611C0246024B28468C
S214017000BDE870401DF0F9BAE90C040000B503783C
S21401701089B0069343783E22059383780849049302
S214017020C378039303790293437901938379009399
S214017030C3790448008800F081F809B05DF804FBC4
S21401704025050400D0580020024B02460249188844
S21401705000F05AB8D05800204FC903002DE9F04778
S21401706005460E4617460024DFF84480DFF844A0A4
S214017070DFF84490AC4201D1BDE8F087B8F80000D3
S21401708006EBC401534608221DF0B7FA0134B8F8DE
S21401709000003FB9044AA54208BF4A46034900F02A
S2140170A04DF8E7E74A46F9E73B0304004EC90300FB
S2140170B0D0580020CA05040017B203002DE9F0419C
S2140170C00E4E044630881DF0B0FAA8B100250C4FCC
S2140170D0DFF83080E3070AD518B94146308800F05A
S2140170E02DF830882A46394600F028F80020013568
S2140170F01B2D4FEA5404EDD1BDE8F081D058002095
S214017100E2F103006D0204000EB417B505A90446AA
S21401711051F8040B019103F091FA01210220054A6E
S214017120F8F7ECFC044B1C8003B0BDE8104003B03C
S214017130704700BF3B030400D05800200EB417B5BB
S21401714005A9044651F8040B019103F077FA034BA5
S2140171501C8003B0BDE8104003B07047D058002033
S21401716013B503680446587900F032FF90B92368D6
S2140171705A88032A0ED0E17C5B79CDE900211649B5
S214017180164AFFF7C1FF012120461DF0EEFA012045
S21401719002B010BD637D012B0AD0637D33B923682D
S2140171A0228A598858791CF0CAFE48B9C3200AE0D9
S2140171B02368228A598858791CF0CAFE0028ECD028
S2140171C020461DF034FA064B1B78002BDFD110F554
S2140171D0807FDCD0C1B2D7E7520504004A0504001F
S2140171E017620020002970B50F491D460F4B144643
S2140171F00CBF6E227922002808BF0B4600200C49DE
S214017200FFF79CFF0B4E2544AC4205D1BDE870400C
S21401721000200949FFF778BF3146002014F8012BFA
S214017220FFF78CFFF0E700BF8B0504008105040023
S21401723094050400C80504001FE903002DE9F04F7A
S214017240C27C8BB00592427D0368002A14BF80225F
S2140172504022077D0446856886895879B846B3F882
S2140172600290069200F0B4FEA0B9059B052B05D846
S2140172706FF02D03059A1341DB070BD5B9F1030F08
S21401728008D0AB490020FFF73FFF012120461DF043
S2140172906CFA76E0E37B1BB1228A002A00F0B78104
S2140172A0607D0022B0FA80F05B4203F00403DFF851
S2140172B08CB2400943EAC000ABF80020FFF74CFE51
S2140172C0E37B1BB3208A1DF02CF98246A07CFFF7D6
S2140172D043FE059A162A00F29A81DFE812F0190099
S2140172E09E016C005600D2016C009201D9019A01F0
S2140172F0E001E701EE0139010202980198019801C7
S2140173001402580214027002390102029A46DDE79D
S21401731000204B46874A8849FFF7F6FE0120FFF713
S2140173201BFE08F10207B74229D8414632462846D5
S2140173301DF034F98046236842465879BBF8003080
S2140173404946C3F1FF039BB20193238A0093069B30
S2140173501EF051FC10B11FFA87F8E2E72368424697
S2140173605879BBF800304946C3F1FF039BB201933D
S214017370238A0093069BFFF797FC8928EBD11DF023
S214017380EEF901200BB0BDE8F08F4FF0000B0420A2
S214017390FFF7E2FDF31E0893089B984552D3BBF115
S2140173A0000FECD1E37B94F81480002B0CBF022273
S2140173B00422624B1A804FF0000B0420FFF7CCFD2D
S2140173C05F4608F1030A564540F29D803246414623
S2140173D028461DF0E3F805EB08039B78F21EAA4445
S2140173E0A2EB080207905146184692B209931CF088
S2140173F0F9FB0890002879D02268099B5079CDE9DD
S21401740001A3238A49460093DDE906321CF019FFE1
S21401741082464A460020079B4949FFF78FFEBAF18C
S214017420000F55D10BF10103504646495FFA83FB25
S214017430FFF76AFE089B08F1030813FA88F81FFA9B
S21401744088F8BEE73246414628461DF0A7F805EB08
S21401745008039F78089B08F10301A3EB080229445F
S214017460824692B2384609911CF0BCFB079068B37D
S21401747023680999587902970191238A5246009305
S2140174804946069B1CF02DFF0746B8B10BF10103D8
S21401749038465FFA83FBFFF75FFD50461DF041F863
S2140174A053464A4600202649FFF72EFE3A4600205C
S2140174B02549FFF729FE802F3FF471AF079B08F19E
S2140174C0030813FA88F81FFA88F865E78027DDE7CE
S2140174D05046FFF741FD07981DF023F80137524645
S2140174E000201949FFB2FFF70FFEA3E78720FFF739
S2140174F033FD07981DF015F80137872212490898C1
S214017500FFB2FFF701FE059B052B3FF43AAF002FB4
S2140175107FF435AFBBF1000F05D10C495846FFF794
S214017520F3FD8021B2E63846FFF716FD27E700BFD8
S2140175309AB90300D505040022060400C0580020AD
S214017540DF05040022050400FB050400050604000F
S2140175500599A84AA84B0020152918BF1346CDF84F
S2140175600090A64AA649FFF7CFFD059B0C2B14BF3A
S21401757016200D20FFF7F0FC3246284639461DF04E
S2140175800DF8059B3D440C2B0646AD7835D1192DDB
S21401759028BF1925E37BB3B14FF6FF73278A9F42B5
S2140175A011D1206832464946069B4079FFF70AF911
S2140175B0B84208D0BAF1000F05D020828AF8000040
S2140175C0000A8AF801000020BBF80070FFF7C4FC2F
S2140175D0236832465879059B4946A3F1150CDCF120
S2140175E0000343EB0C03CDE90153238A0093069B6A
S2140175F01CF09BFD834BD855C1E6132D28BF1325E0
S214017600C8E72046FDF7D0FB00287FF4BAAE8121FB
S2140176103CE62046FDF77CF8F6E7B9F10A0F05EBE4
S2140176200708A6EB070A21D1DFF8DCB19BF800308A
S214017630E3B1E37BD3B9BAF1080F17D13246394625
S21401764028461CF0ABFF88B998F8023073B998F851
S2140176500320E22A0AD13246391D284605931CF03A
S2140176609AFF1DF067F8059B8BF8003041464846A7
S2140176701FFA8AF21EF0C1FA00287FF482AE0021BA
S21401768004E6F21B484692B2E9191CF044FFF3E700
S214017690F21B484692B2E9191CF001FFECE7F21B17
S2140176A0484692B2E9191CF026FFE5E7F21B484668
S2140176B092B2E9191EF0A3FADEE72368EE5D587967
S2140176C0238A0137ED5D0193069B324649460093B6
S2140176D02B461CF069FC2A46314648461CF0E1FE62
S2140176E04FE605987A1CE95DB31AA0F116067042BA
S2140176F070410039009018BF012148469BB22A44C8
S2140177001CF0D1FEB8E7059BEE5D112B3D446F786A
S21401771038D11220FFF720FC0025E37BB3B14FF6EA
S214017720FF73B4F81080984510D133464A46214677
S2140177302846FEF7C9FF404508D0BAF1000F05D02C
S21401774020828AF80000000A8AF80100BBF800804F
S214017750DFF8B0A0C8F1FE0292B208F10103009270
S21401776053444A4621462846CDE90267CDF804B07F
S214017770FEF7E2FFBBF800300AF808000133ABF869
S2140177800030FCE51420FFF7E7FB0125C5E77B1C6D
S2140177909E422CD3EF5D1D44003F18BF0127F31A0C
S2140177A09EB233462A4639460020FFF71BFD009657
S2140177B02B463A464846218A1CF079FE5CE77B1C3C
S2140177C09E4214D3EF5DF61A003F18BF01271D44F1
S2140177D0B6B233462A4639460120FFF703FD009626
S2140177E02B463A464846218A1CF05FFE44E70020B5
S2140177F0C8E500BF3B030400D005040016060400DC
S21401780020060400166100201562002038B54FF6E8
S214017810FB750446A9424FF001019DF8100098BF80
S21401782043F40043217023816260A072022300208A
S214017830084A0949FFF768FCE07A084B40F6CA0295
S21401784003EB4010FF211BF004F9BDE8384004208B
S214017850F8F732BB300604003B060400D443002090
S21401786030B5054685B028B91D4905B0BDE830409C
S214017870FFF74ABC0024007B1CF0A6FE2046194AEE
S21401788019492C70FFF740FC184BE87AFF2103EBEF
S21401789040101BF0EFF82046154B02019A5C22B906
S2140178A001300428F9D1F8F721FB696899B1B5F9D7
S2140178B008302A899B1303F002038DF80430C2F3C3
S2140178C00E03ADF806304FF6FF73ADF8083000230F
S2140178D001A80393884705B0BDE830401CF079BE87
S2140178E0660604003006040098060400D44300200F
S2140178F0944300200948037873B91946084AD3729D
S2140179000133042B1173117051601181917202F1D0
S2140179101002F4D101230370704700BF16620020E5
S2140179209443002008B5FFF7E5FF002305491A0137
S2140179308A5C01EB03101AB10133042BF7D1002046
S21401794008BD00BF9443002070B50D460646FFF7FC
S214017950D1FF0023094800EB0514A17AB14205D1F5
S214017960217819B12B4400EB031070BD0133042BB1
S21401797004F11004F1D10020F7E700BF9443002082
S21401798010B50446FFF7B6FF0E4B9C4212D003F12A
S2140179902002944210D003F1400294420ED060338C
S2140179A09C420DD10323084800EB0310BDE81040AC
S2140179B0FFF756BF0023F6E70123F4E70223F2E7B9
S2140179C00020F3E7D44300209443002070B5002440
S2140179D0064D074E2846324600210134F7F7A4FD2E
S2140179E0042C05F12005F5D170BD00BFD44300205D
S2140179F0817901002DE9F34105460C461746984664
S214017A00FFF790FF064640B91C4A1D49FFF77CFB6D
S214017A100224204602B0BDE8F0814FF6FB739D427A
S214017A200AD94FF6FD739D4204D00020134A15492A
S214017A30FFF76AFB4FF6FD75434621463A46284650
S214017A401CF060FE044600F02FFE804634B123464B
S214017A5000200A4A0C49FFF757FBDAE73B46204667
S214017A60064A0A49FFF750FB062329463046089A7C
S214017A70CDF80080FFF7CAFECBE700BF3006040052
S214017A80A5060400CF060400040704002D07040021
S214017A90F7B506460C461746FFF744FF054638B9C4
S214017AA0104A1149FFF730FB0224204603B0F0BD0F
S214017AB021464FF48A5230461CF0ECFF044600F093
S214017AC0F3FD34B123460020064A0849FFF71CFBA4
S214017AD0EBE7009004233A4631462846FFF796FE28
S214017AE0E3E700BF30060400A506040055070400BE
S214017AF0F7B506460F46FFF715FF054638B9104A93
S214017B001049FFF701FB0224204603B0F0BD002216
S214017B104023114630461DF081F904461DF07CF9DC
S214017B2034B123460020064A0749FFF7EDFAEBE792
S214017B30009001233A4631462846FFF767FEE3E701
S214017B4030060400A50604008807040073B5044641
S214017B500E46FFF7E7FE054638B9104A1049FFF70B
S214017B60D3FA0224204602B070BD002220461146F8
S214017B701DF056F904461DF04FF934B12346002096
S214017B80064A0849FFF7C0FAECE70090234632465A
S214017B904FF6FC712846FFF739FEE3E7300604008E
S214017BA0A5060400B60704002DE9F04188461078C2
S214017BB000219EB014461D46FFF7C6FE0646002865
S214017BC000F0FD800778002F7BD0B8F80010002960
S214017BD040F0F5800389B8F8022043F40040824261
S214017BE040F0ED80617800296BD1A2F50042062AAB
S214017BF000F2E580DFE812F0A100A100E300E30057
S214017C000700B8006900E3880D3DADF824302389EC
S214017C1015F00105ADF8263063798DF82830E37A42
S214017C2003F1060214F812208DF814308DF81C208A
S214017C3042D10BA98E46069104F10C005FFA85FC31
S214017C409C4500F1020009D210F8018C10F802CC14
S214017C5001350CEB082C2EF802CBEFE701EB4301C4
S214017C601A440891D2B2590001F10D009A42C0B2ED
S214017C700BD025186D78205C7831694400EB05201F
S214017C80013321F84C0CDBB2EDE7B6F90820338955
S214017C90002AACBF01220322C3F30E038DF808208D
S214017CA06288ADF80A3005ABADF80C20049302A942
S214017CB030461CF012FD04E0424A43490020FFF71B
S214017CC023FA38461EB0BDE8F081042D02D83D4A9D
S214017CD03E49F3E72379053DADB29D42B4F80280F3
S214017CE002D0384A3A49E9E73A4A3B4B0020002D90
S214017CF008BF13463949334ACDF80080FFF704FA26
S214017D0005348DF81450B6F90830069485B1002B69
S214017D10ACBF012303238DF82C303389ADF83080B6
S214017D20C3F30E03ADF82E3005AB0D930BA9BFE7D9
S214017D30002BACBF06230523EDE70B2DC7D9D4F8DE
S214017D400200D4F8061013F4004F05AA03C20CBFB4
S214017D50042203228DF82C206289C3F30E03ADF8AA
S214017D603020ADF82E30DFE7042DB0D96388ADF8AA
S214017D70303023790533DBB29D4206D00020114A0C
S214017D8017490095FFF7C0F99BE70E4A00201549F1
S214017D90FFF7BAF9B6F908203389002AACBF0122E9
S214017DA00322C3F30E03ADF82E3005AB0D93631D0E
S214017DB0069323798DF82C208DF81430B6E700272A
S214017DC07FE700BF30060400E30704000B08040049
S214017DD01F0804005FC103003B03040046080400BB
S214017DE063080400A4080400304BF0B5B0FBF3F2BE
S214017DF04FF4616503FB1200B0FBF5F3DCB205FB43
S214017E0013033C25B3FBF5F3DBB2A0EB04104B7177
S214017E10C3EB0313A0EB83004FF4FA630B8040F22D
S214017E2001134B8001230C711F4600246425204E4C
S214017E308871944200D1F0BD91F802C013B1BCF133
S214017E40020F2BD006EB0C0010F801ECC878704539
S214017E500BBF012001300CF1010CC0B208BF81F844
S214017E6002C0C87088780D2816D10B888F70013330
S214017E709BB298070B8014D1B3FBF5F005FB1030CD
S214017E8080B280B94FF4C870B3FBF0FC00FB1C3322
S214017E909BB2B3FA83F35B090134CAE74FF01D0EB8
S214017EA0D4E70023F8E70123F6E700BF805101007D
S214017EB0865C040010B5044688B006A9FFF794FF57
S214017EC09DF81E300A4803939DF81D3004940293D2
S214017ED09DF81C309DF81A200193BDF8183005490D
S214017EE0009300889DF81B30FFF70EF908B010BD0F
S214017EF0D0580020BD080400026808B51188154B4B
S214017F0019805188598051791971117959714FF435
S214017F108A51D980D28812F0200F0CBF0A464FF43E
S214017F208B528169DA800C4A137831B9C0880B49C3
S214017F3023F002030880137008BD43F00203137098
S214017F40074B15221846013103F0C8FC002200F841
S214017F50012CF1E7C458002020620020C2580020FE
S214017F60D358002010B5184C236858791BF0DBFF56
S214017F700B2822D8154B03EB0010027B237F9A4275
S214017F801BD12368428819888A4205D04FF6FF70B4
S214017F90814212D1120410D42279023A012A06D95A
S214017FA0A37B63B9BDE810400748FFF747B91989B5
S214017FB058791BF0EEF80028F2D1002010BD0248D7
S214017FC0BDE81040FFF7CCB858440020C44200205A
S214017FD008B51BF0A8FF0B2896BF024B0020185CC3
S214017FE008BD00BF2562002008B500201CF0ECFA91
S214017FF0FF201BF0CBFF1CF0ECFA1CF093F9FEF708
S21401800071F901210246064803F016FC054BFF21D3
S214018010054A0648FEF7C6FEBDE80840FEF708BB5F
S21401802025620020C4580020C05800201661002098
S214018030F0B5002204464FF6FF750B4F90B237F8A5
S21401804030600346AE4201D12846F0BDA64209D1B2
S214018050B4F57C4FF9D307EBC3035B888B42F4D0AE
S2140180600029F2D00132E9E7C45C040010B50446E9
S214018070FFF7DEFF094A034610884FF6FF72934268
S21401808014BF074A2246BDE8104017BF02EBC303E0
S21401809004495A680449FFF751B800BFD058002078
S2140180A0C45C0400E008040076D40300034B18788F
S2140180B00130C0B2187000F07F0070474C6C002091
S2140180C0044A137818B143F001031370704703F0A4
S2140180D0FE03FAE720620020014B1870704700BFCC
S2140180E02362002038B1074B1B78012B04D103888B
S2140180F043F0400303807047022BFCD1038823F032
S2140181004003F7E72362002068B1074A1378012B82
S21401811007D1064B1B781370037843F010030370E6
S21401812001E0022BF8D07047226200202162002075
S2140181307FB50121264B274E197033780246D907A1
S21401814044D42549096881B10868C1888D0641BFB4
S214018150224CE18841F02001E180C1884C0641BFF4
S2140181601E48C18841F04001C1801D4D1D49287837
S214018170097840074CBFE97069701B4913F0020487
S214018180098809D0164A19481CF0A1F9337823F05A
S2140181900203337004B070BD154B18884FF6FB739D
S2140181A0984208D80B46CDE9005201460B4A2046B4
S2140181B01BF066FBEEE74FF6FF73CDE90142009335
S2140181C00A46074B05491BF037FBE3E70020E1E7CA
S2140181D0176200202062002054440020C45800206A
S2140181E0166100204D6C0020C0580020D258002097
S2140181F0C258002070B503790446012B0D46164679
S21401820031D883681B78DB0600D561B3A37B13B92D
S214018210E37C0B2B27D00022144B1A80637DB3FA24
S21401822083F35B09D800E37BABB9FEF795FEA07C30
S214018230FEF792FE0B20FEF78FFEE07CFEF78CFE2B
S2140182402846FEF789FE2046FFF756FE3046BDE873
S2140182507040FFF76DBF40F00400FEF77DFE208AF8
S2140182601CF05FF9E3E7002070BD00BFC058002096
S214018270024B0A4601461868FFF7BCBF544400206B
S214018280F0B4054618460F4B0C461B78BDF8101087
S214018290012B0D4E01D0377827B100233370002013
S2140182A0F0BC70470CB9002AF9D143B14FF65743D9
S2140182B0994204D02B462246F0BC1CF0EEB80120B1
S2140182C0EEE700BF4E6C0020246200202DE9F04F3F
S2140182D0684C4FF0000A25468446964698460F4657
S2140182E0654B664E83F800A00FCE0FC596E80F00CB
S2140182F085B085E80F00DDF83C90BDF83830724651
S2140183000093394643466046CDE9019400F0DCF817
S214018310DFF89081064670B90025FEF7FFFD1622AC
S2140183200021574803F088FA00232846C8F8003091
S21401833005B0BDE8F08F534BA27CC8F800401A7018
S214018340514B1B78002B36D01CF0F6F94F490246EC
S2140183505046FEF7F3FE22685046537952884C4940
S2140183600092A289FEF7EAFE50461CF05EF920B1A3
S2140183702368218A5888FFF779FEE37B23B1002022
S214018380228A4449FEF7DAFEA36800201A78E37CC5
S21401839041490093A37CFEF7D1FE207DA289A16806
S2140183A0121A01440123002092B2FEF711FE0020AA
S2140183B03A49FEF7A9FE2F48FFF79EFD2D481DF00E
S2140183C015FC054630BBB9F1000F25D12168E088C0
S2140183D00B8801904988BA1E032A00918CBF00229F
S2140183E001220121E07CFFF74BFF38B923685B7956
S2140183F0FF2B3AD0FFF7B6FD05468EE72368DB88EC
S2140184009A06F3D40121264C1A4821701CF0ADF9C6
S21401841084F80090354680E7B9F814309B07E5D418
S2140184207AE75846FEF718F882465846FDF760FF89
S21401843088B123685046228A59881BF077FD50B1CF
S2140184403846FFF759FD236889F804A083F805A08C
S214018450FFF788FD00B9284605460136FDF742FFBD
S2140184605FFA86FB5845DCD857E70026014FDFF850
S2140184703890F3E75844002017620020A45C0400FB
S214018480D25800204D6C00204B6C0020F9080400E7
S21401849002090400230904002F090400A9BA0300F5
S2140184A02462002054440020C45800200023054ABA
S2140184B0D15C814202D31A44507870470233DBB252
S2140184C0F6E700BF925C040073B515462E781A468F
S2140184D016F0040F0CBF032605269E42089C08D9F9
S2140184E0224A234900960020FEF70EFE002002B025
S2140184F070BDBDF8183021712060E380A560A281AF
S2140185002B7803F00103A3732B7803F00403002BED
S21401851014BF01210021E1732978C1F3C0016175FF
S2140185204FF00101217518D028461CF037F8237D3D
S214018530208202332375227D531CDBB22375A95C8E
S2140185400232D2B2A1742275EB5CE374A3899A421B
S21401855005D900920749054AC5E72382EBE7079B41
S2140185600120A36100232377C1E700BFF3C1030005
S214018570720904008E0904002DE9F7430024204FF8
S214018580DFF89C80DFF89C90E0B21CF083FBFF28AC
S21401859005460FD12346012102201A4AF7F7AEFA03
S2140185A0194B0134187819F056FE152CECD103B08E
S2140185B0BDE8F08346B238EA260328BF4B460121C0
S2140185C00093022057F82430104AF7F797FA002E46
S2140185D0E6DA0923E340DB070AD50D4A0D4B15F011
S2140185E0010F18BF1A4601210220F7F787FAD7E7CD
S2140185F00A2CD5D1084A094B15F0010FF1E700BF47
S214018600DC5C0400E70904004F6C00200F0A04003C
S214018610C0090400AA090400DC090400D209040008
S2140186205FC103003B03040008B554220021024841
S21401863003F002F9002008BDC059002008B55422F5
S214018640FF21024803F0F8F8002008BD6C5900200D
S214018650024B23F810100020704700BF6C59002011
S214018660002310B4074ADCB2A14203D85DF8044BDC
S214018670FFF7DABF2A2BF9D032F8024B20F8134065
S2140186800133F0E7C0590020002310B5054A99428E
S21401869001DD2A2B00D110BD32F8024B20F8134021
S2140186A00133F4E7C0590020024B187800F07F0030
S2140186B0704700BF31620020034B18780130C0B20A
S2140186C0187000F07F0070473162002030B51C46FC
S2140186D000238BB0ADF82220021D92B2012A0E9D16
S2140186E0ADF82030ADF81E10ADF81C3003D94FF6AA
S2140186F0FF7290420FD10022CDE90352CDE9012449
S214018700094B01461B784FF6FF70009307AB1CF030
S214018710E1FA0BB030BD0146CDE90153184600948D
S21401872007AA1CF0F3FAF4E7506C002038B50546AA
S2140187304FF480500C4603F085FA4FF480532860BE
S214018740236030B940F2A511BDE83840014822F057
S214018750B4B938BDFE0A0400004870477E5B0020AD
S214018760014B1878704700BF696C0020014B1888D0
S214018770704700BFF26B0020014B1878704700BFAE
S214018780626C0020014B1878704700BF35620020EC
S214018790014B1878704700BF5D6C0020014B1870C4
S2140187A0704700BF38620020014B1870704700BF49
S2140187B037620020014B1888704700BFF06B00201D
S2140187C02DE9F74F4FF00008394B3A4F93F80090D8
S2140187D0394B3A4E3A4D3B4C3B483C49DFF8F4C0E6
S2140187E0DFF8FCE0DFF810A1DFF810B10193019B80
S2140187F02037203301935FFA88F3994506F1200666
S21401880005F1200504F1200400F1200001F120010A
S2140188100FD8002211462E4B2E4D1C782E4E2F4B74
S2140188202F4FD0B2844203F1200338D803B0BDE8FD
S214018830F08F2C4B2C4A47F81C3C002346E90723B3
S2140188402A4A47E9063E45E90723294A46E905E358
S21401885044E90723274A45E905E340E90723019A46
S21401886044E905E340E905E341E908CA41E9063E72
S21401887047F820CC47F8103C46F820CC45F820CCE9
S21401888044F820CC40F820CC41F8103C08F101080F
S21401889042E908CB42E9063E42F8103CA7E743E925
S2140188A0085643E9061743F8101C0132B9E700BF22
S2140188B06D6C002030480020304700201048002012
S2140188C0F0470020904700207047002050470020C6
S2140188D0676C0020AC560020D5B30200B0470020DC
S2140188E03B0304000F730300E7710300117C0200D1
S2140188F0B19502004F4C030085F90200156B02008A
S214018900002208B5074B1A605A601CF092F9064B14
S21401891018701CF08EF9054B1870054B1A78054B2C
S2140189201A7008BD4E560020736200207262002045
S2140189305B6C002071620020002100B593B00846F0
S2140189406A460AF0E7F90146C8B90E4B0E4A099382
S2140189500E4B0D920A930E4A0E4B0E920B930E4A35
S2140189600E4BCDE90F230C930D4B6A4611930AF07B
S21401897087FC003818BF012013B05DF804FB012006
S214018980FAE700BF796D0300AD7702007D6F030043
S2140189906D4C02007D4C0300D9860200DD6F03009A
S2140189A0DD730200084B1878112806D8012809D96A
S2140189B0064BC34003F001007047A0F14303584241
S2140189C0584170470020704775620020340002004D
S2140189D008B5064B1B78013B022B05D80020FFF794
S2140189E0E1FF0138C0B208BDFF20FCE77662002037
S2140189F0044B00F1100250F8041B904243F8041B8C
S214018A00F9D1704777620020044B03F1100253F846
S214018A10041B934240F8041BF9D17047776200208B
S214018A2030B5002491B0114B0546214614220BA8FF
S214018A30CDE9094302F000FF102209ABCDE900445D
S214018A400693CDE90452CDE90252094B09490AA819
S214018A5019F000F804460AA81CF065FE1CB1A02116
S214018A60054822F02AF811B030BD00BF002480006E
S214018A700044400477620020890B040070B500248E
S214018A8090B0154B05460E46142221460BA8CDE99B
S214018A90094302F0D1FE102209ABCDE9004406934A
S214018AA03146CDE90452CDE902520C4B0AA818F022
S214018AB0D1FF04460AA81CF036FE1CB1BA210848AC
S214018AC021F0FBFF099B102B03D0BB21044821F0AA
S214018AD0F4FF10B070BD00BF0024800000444004C5
S214018AE0890B040030B50D4600218FB0124B0446A9
S214018AF0142209A8CDE9071302F09EFE102207AB47
S214018B00CDE90242CDE90042049329460B4B08A861
S214018B1018F0A2FF044608A81CF005FE1CB1D121DE
S214018B20074821F0CAFF079B102B03D0D221044827
S214018B3021F0C3FF0FB030BD002480000044400484
S214018B40890B04000022034B1870034B1970034B6A
S214018B501A707047886200208962002087620020B0
S214018B602DE9F04FDFF89080064698F800300D4664
S214018B7085B0002B3AD04FF6FB73984236D84FF0AB
S214018B80000B1C4FDFF874A03C7898F800305FFAB1
S214018B908BF94B459AF8000011D9484402AA0DF109
S214018BA00601C0B214F00CFB082229460DEB0200A8
S214018BB003F08EF90BF1010B0028E6D14C463B7809
S214018BC0A34208D198F80020631CDBB29A423B709E
S214018BD004BF00233B70324629469AF800301C44F5
S214018BE0E0B205B0BDE8F04F14F0D8BB05B0BDE863
S214018BF0F08F00BF87620020896200208862002013
S214018C002DE9F74F06460D4614461F464FF0010B59
S214018C10DFF8789003F10C0A15B903B0BDE8F08FC0
S214018C20102DA84628BF4FF010083A46164B5FFA9B
S214018C3088F152F8040B524543F8040BF9D101911F
S214018C409AF8002011481A70002389F80F4089F815
S214018C5000B089F80E30FFF7E3FE324601340B48C8
S214018C600199E4B212F801CB10F8013B83EA0C0338
S214018C7002F8013C931BDBB28B42F3D3A5EB080849
S214018C8016461FFA88F5C7E78B6200208A62002025
S214018C902DE9F04F9046914685B00090981A0293C0
S214018CA083B20193009B0F46354903F10C0453F838
S214018CB0045BA34241F8045BF9D11B78314E0B707B
S214018CC049233370019BF0731B0A3046B373FFF7D9
S214018CD0A7FE0221BB460D46737888EA030373702C
S214018CE04FF0000A1DE0C5F11004A9EB0A039BB280
S214018CF0A4B29C4228BF1C4600231FFA83FCE81836
S214018D006445C0B21FD82544EDB2A344102D544487
S214018D101FFA84FA05D1002530460391FFF780FE3D
S214018D200399D145DFD807EB080B25B11548039108
S214018D30FFF776FE039901294FF000050DD00121BA
S214018D40DDF80490CCE71BF803C016F800E0013309
S214018D508CEA0E0C06F800C0CFE7029B09491F44B7
S214018D60094B38461C78224602F0F6FE2A46214672
S214018D703846009B05B0BDE8F04FFFF741BF00BF86
S214018D808B6200208A6200206E6C002030B540782D
S214018D900C4601284FF0110387B001F1100516D1DA
S214018DA0144A01A90AF0F4FF234601AC22461868CA
S214018DB05968083303C2AB421446F7D111230D4A52
S214018DC0002001A90AF0E4FF002007B030BD012011
S214018DD0094A01A90AF0DCFF234601AC22461868BD
S214018DE05968083303C2AB421446F7D11123024A2D
S214018DF0E6E700BF75E4010079EB010030B50C46EB
S214018E00407887B001284FF011030DBF0B4A0C4A7A
S214018E10012001A918BF01A90AF0BAFF234601AA39
S214018E2005AD144603CCAC4218605960224603F1E6
S214018E300803F6D1002007B030BD00BF75E401007D
S214018E4079EB010010B50C4688B01A230C4A01A92B
S214018E5001200AF09DFF21460DF10E0304F11002D8
S214018E6051F8040B914243F8040BF9D11A23002060
S214018E70034A01A90AF08CFF002008B010BD00BF0C
S214018E8024E10100F0B58BB004460D461DF039FF14
S214018E90A8B101A812F044F988B1667B271D16F027
S214018EA0020F05D00822384601A903F011F8D0B9FF
S214018EB001AB46F0020603CB6060796066731A2345
S214018EC00A4A03A901200AF063FF29460DF1160399
S214018ED00DF1260253F8040B934241F8040BF9D125
S214018EE000200BB0F0BD2D20FBE700BF24E1010000
S214018EF0F0B50546071D00220C463846082193B0FA
S214018F001DF08DFE6A7B0646D0070BD5687808A94A
S214018F101CF03AFBDDF83D306B60DDF841307B60DC
S214018F2080B10BE0910709D5D2000121384602F045
S214018F3080021CF034FBFF28687002D12D2013B08C
S214018F40F0BDD6B1687801A91CF0BBFA9DF81C30BB
S214018F505B0604D54FF4C6710A4821F0AEFD2346E0
S214018F6003AD07AC2A4603CAA242186059601546EB
S214018F7003F10803F6D10020E1E708A91CF004FB81
S214018F80CEE700BF070C04002DE9F04106468AB083
S214018F901F480F4615460024FFF736FD002C01A991
S214018FA014BF4FF05C0C4FF0360C10238846184A5D
S214018FB012F8010B013B8CEA000013F0FF0301F8E5
S214018FC0010BF5D105A81EF065FC4246102105A847
S214018FD01EF064FCC4B93946324605A81EF0C6FC2C
S214018FE02A460DF1140C0DF1240E634603CB73458E
S214018FF0106051609C4602F10802F6D114B10AB025
S214019000BDE8F0810124C9E72A461021E5E700BF43
S214019010BA6200202DE9F04791460D46C0B09DF892
S2140190202041DDF828811E46DFF87CA09DF824311A
S21401903007462246494640468AF8003002F08CFD33
S2140190409DB12346324641463846FFF721FEB442DB
S21401905007D9A11B3B46012289B208EB0600FFF7A0
S214019060CFFD002040B0BDE8F087A11B3B460122A2
S21401907089B208EB0600FFF7C3FD22464146684663
S21401908002F06AFD3246694638462346FFF700FE7F
S2140190909AF800200DEB040109EB040002F018FF1A
S2140190A00028DED02C20DDE76E6C002038B50346A4
S2140190B0104601F1100451F8045BA14242F8045B2A
S2140190C0F9D104491BB1FFF7D9FC002038BDFFF7E1
S2140190D009FDFAE7BA62002030B5054689B069464F
S2140190E01CF073F86B8804ACABB12246294668467F
S2140190F01CF00BF80E4A08AD234603CBAB421060BA
S21401910051601C4602F10802F6D10948FFF770FCCF
S214019110002009B030BD6B46054D1A4603CAA2426F
S21401912028606960134605F10805F6D1EDE700BF32
S214019130BA62002050B10B4B0B4A03F1100153F8F1
S214019140040B8B4242F8040BF9D17047064B054AD3
S21401915003F1100153F8040B8B4242F8040BF9D1CA
S214019160704700BFBA6200209A62002008B510223C
S214019170024802F0B3FB002008BD00BFAA6200202F
S21401918008B508461022024902F0A8FB002008BDD7
S214019190AA62002010B5044686B001A9114A11231F
S2140191A001200AF0F5FD9DF8143001A8E3701EF0C9
S2140191B038FF80F001000C4A01A9607011230120DC
S2140191C00AF0E6FD9DF8143001A8A3701EF029FFF1
S2140191D080F00100207010F03DFB6060002006B0BA
S2140191E010BD00BF75E4010079EB010010B504461F
S2140191F086B01123134A012001A90AF0C9FDA378FC
S2140192009DF814209A4207D08DF8143000201123BF
S2140192100C4A01A90AF0BCFD11230B4A012001A941
S2140192200AF0B6FDE3789DF814209A4207D08DF82F
S214019230143000201123044A01A90AF0A9FD06B042
S21401924010BD00BF79EB010075E401002DE9F04186
S21401925086B0064603A80C4612F000FF0546002815
S2140192604AD1BDF80C30980646D51022294620462C
S21401927002F0E2FA01A811F053FFC0B1777B06F1C4
S214019280040817F0020F06D00822404601A902F092
S2140192901FFE00282ED101AB47F0020703CB7060FA
S2140192A0C8F804107773238843F0080323802388C3
S2140192B043F00203238011F00DFB60601DF021FDD9
S2140192C030B10E4B1B68A360238843F00403238050
S2140192D00B4B1A68D1035EBF238843F0100323802B
S2140192E0130203D5238843F400632380284606B07F
S2140192F0BDE8F0812D25F9E72425F7E76048002031
S2140193006448002010B5D0E9023253F8223090B0FC
S2140193101C684022694620461CF0A9F9034630B174
S214019320224600200549FDF7EFFE10B010BD0122D0
S21401933069460820FDF792FEF7E700BF9D0C040082
S21401934070B500F0B1F800280CBF6E22792200201B
S2140193501349FDF7D9FE00F0A7F8F0B11CF09BF910
S21401936000280CBF6E22792200200E49FDF7CCFEA4
S214019370082200200C49FDF7C7FE00250B4C0C4EB9
S214019380234654F8042C314600200335FDF7BCFE75
S214019390182D04F10C04F3D170BD3F22E4E700BFA1
S2140193A0D50C0400EC0C0400FC0C040088490020D9
S2140193B01B0D040070B51CF053F90446214900202A
S2140193C0FDF7A2FE2CB92046BDE870401E49FDF708
S2140193D09BBE00F0BBF805461C4B62690020002AC4
S2140193E008BF1A461A492668FDF78EFEA288002095
S2140193F01849FDF789FE1849E2880020FDF784FE2A
S214019400A388228913F010001ABF002013491449BB
S214019410FDF77AFEE26800201249FDF775FE226923
S21401942000201149FDF770FE104A114B0020B6F5D9
S214019430817F38BF13460F492A46BDE87040FDF7C5
S21401944063BE00BF500D04005D0D040013DD030074
S2140194507E0D04009C0D0400BD0D0400DA0D040011
S214019460F70D0400150E0400330E0400480D040029
S2140194703E0D0400510E040038B5014600230C25AC
S214019480084A05FB03F4A0181459013404D10C2230
S21401949002F024FA002038BD0133082BF1D1012057
S2140194A0F9E700BF84490020034B1878012894BFD0
S2140194B000200120704700BFCC62002038B504466A
S2140194C0044D2878A04203D021461CF0A9F82C7040
S2140194D038BD00BFCC62002000B58FB03422002119
S2140194E001A802F0A9F901A8EEF710FB0598D0B182
S2140194F082680E4BB2F5803F34BF92B2C2F38F2220
S21401950041881A81028828BF41F010011A6042681A
S2140195109980DA80C268DA6002691A6142695A6122
S214019520027E18461A760FB05DF804FB0849002043
S214019530054B1B7820B1012B04D80220FFF7BEBFD4
S214019540012BFBD8704700BFCC62002010B5084C39
S214019550237853B91CF084F80123237028B10368DB
S214019560B3F5817F24BF037E2370207810BD00BF32
S214019570CB62002070B5184B1B78012B2BD81CF042
S21401958052F8164D024616490020FDF7BDFD012092
S214019590FFF7CEFF2E78FF2E1DD1FFF79DFFC8B136
S2140195A0848860223146C4F340040E482C7002F0D1
S2140195B043F9602231460C4802F03EF95CB1FFF7F0
S2140195C0C5FF042807D9BDE8704040F22B110748B3
S2140195D021F073BA287070BDCC6200206F6C002039
S2140195E0740E04008449002024490020860E0400DD
S2140195F02DE9F04FDFF884928DB003AB074688461D
S214019600144699E8070083E80700FFF7B3FFFFF762
S2140196109DFF944B06461D784B46012D40F0708108
S214019620012840F27281B7FBF0F200FB1272002AA9
S21401963000F06B818C4900228B46D1F800C0BCF14A
S214019640FF3F04D0087A6044874200F01981013256
S214019650082A01F10C01F0D193E8070006AE0DF1DE
S214019660240A86E807008AE80700FFF76FFFB7FBC2
S214019670F0FB00FB1B7BA0EB0B094A464146064666
S2140196800AA809978DF82C9002F066FA00224FF08E
S2140196900C0E764902E00132082A0ED00EFB02F0CB
S2140196A000EB010C08580130F5D19AE807008CE868
S2140196B007006F490A7801320A70A14504DD4FF4AC
S2140196C0E2716C4821F0F9F9A41B5C444F44A1B245
S2140196D017FA84F4B4FBF6F206FB1242C8448E1A5B
S2140196E091B1A41A08EB060107A88DF8202006946C
S2140196F002F032FA06A8FFF7BFFEFF2804D140F2B7
S214019700D9115C4821F0D9F9B6B2B6B10320FFF7FA
S214019710D5FE802E0AD832464146574802F01CFA3A
S2140197203246384654491BF086FF05460220FFF7AD
S214019730C5FE28460DB0BDE8F08F0025F9E74FF4C9
S2140197400E714C4821F0B9F9464B1B78012B00F0FD
S214019750E380002C36D00320FFF7B0FE802C2FD8F4
S21401976022464146444802F0F7F922463846424925
S2140197701BF061FF05460220FFF7A0FEDFF8F09020
S21401978099F8003093B1039CFFF7E0FE374B0027B2
S21401979098461A68511C04D0197A411A521A9442F2
S2140197A024D00137082F03F10C03F2D1002DC0D1CC
S2140197B0039B0133C1D003A8FFF75EFE0546B8E759
S2140197C00125D8E72546D9E740F26D21294821F041
S2140197D074F9012524E0012D30D0802E2FD8324691
S2140197E0254903981BF027FF054628E0002DA0D148
S2140197F00C247C4308EB04039DF814A093F808B0EE
S2140198000AEB0B03802BDFDC1B4B524604A91846E0
S21401981002F0A2F9211D5A464144504402F09CF937
S2140198200C2303FB07839DF814201B7A13449E42E6
S214019830D1D040F273210F4821F03FF901250220D3
S214019840FFF73CFE99F8003013B1013B89F8003070
S2140198504FF0FF3308EB040248F80430C2E9013345
S21401986067E700BF6F6C0020844900202449002070
S214019870CA620020860E040088480020405D04006D
S2140198804FF00C0A0AFB02B3187AA6EB00095FFA3E
S21401989089F9A14501D35FFA84F90AFB02FA0AF1B4
S2140198A0040528444A464146584402F055F90BEB54
S2140198B00A031A7AA4EB09044A44D2B2B242A4B209
S2140198C01A7219D103200193FFF7F8FD32460BEB0C
S2140198D005015BF80A001BF0AEFE05460220FFF705
S2140198E0EDFD4FF0FF32019B4BF80A20C3E9012240
S2140198F0002D7FF41EAFC844002C3FF41EAF4F442A
S214019900104B1B78012B7FF424AFB7FBF6F306FB55
S2140199101373002B7FF413AFE319B3FBF6F506FBC5
S2140199201535002D3FF415AF641B5B1B08EB0401D6
S2140199302A4604A80393A4B202F00EF98DF8145037
S21401994007E700BF6F6C002070B5134B1B78012B27
S2140199500CD1FFF70FFE0026104D55F8043C0133DD
S21401996006D10336182E05F10C05F6D1002411E0B8
S2140199700320FFF7A3FD55F8044CFFF7E7FD294642
S214019980024620461BF057FE04460220FFF796FDCE
S214019990002CE6D0204670BD6F6C00208849002060
S2140199A070B505460C46FFF7E5FD0520FFF786FD79
S2140199B0214628461BF04DFE06460220FFF77EFD97
S2140199C000220A4B2C441968481C08D0A94206D329
S2140199D0A1423EBF4FF0FF31C3E900119960033247
S2140199E0182A03F10C03EED1304670BD84490020DD
S2140199F0D0E9023253F8223010B51C68204600F038
S214019A0095FA28B12146BDE81040024800F002BE92
S214019A1010BD00BF040F040008B5D0E9023253F8A8
S214019A202230186800F06CF920B1BDE80840024801
S214019A3000F0F0BD08BD00BF260F04002DE9F0417F
S214019A40D0E9023253F8221003EB82035B680F68F9
S214019A501D789AB0642D04D96421114800F0DAFD0E
S214019A6064252A46384601A900F002F9044698B949
S214019A700C4800F0CFFDDFF8348001AE013DA54271
S214019A8002DC1AB0BDE8F0813919404616F8012B00
S214019A9000F0C0FD0134F2E7034800F0BBFDF0E73B
S214019AA0490F0400690F0400930F0400800F04009F
S214019AB02DE9F04700252D4FDFF8E080DFF8E09034
S214019AC08CB0284603A900F0EFF810B10CB0BDE841
S214019AD0F087049B2946039A0093384600F09AFDC6
S214019AE0404600F097FD059910290CD810290CD88E
S214019AF0DFE801F00F14320B340B0B0B360B0B0B9C
S214019B000B0B0B0B3A0020292CD0194800F082FDD4
S214019B1007E0184800F07EFD0135D2E7164800F050
S214019B2079FD0699484600F075FD0799134800F03F
S214019B3071FD134800F06EFD1024DFF868A00DF1EA
S214019B401F06504616F8011F013C00F063FD14F095
S214019B50FF04F6D10B48DDE70B48E0E70B48DEE7EC
S214019B600B48DCE70B48DAE70B48D8E7AE0F0400F2
S214019B7053100400031004001310040079100400AD
S214019B809110040018B203001B10040023100400F7
S214019B902C100400371004004E100400F20F0400CD
S214019BA062100400A210040010B50B4C8EB023788E
S214019BB05BB9EDF725FF014650B9012301A82370D3
S214019BC0EDF7A4FF054B049A1A6020780EB010BD7D
S214019BD0034800F01FFDF8E7CD620020C84C0020C6
S214019BE0A810040000B58FB0FFF7DEFF002829D0CB
S214019BF001A8EDF78BFF059B1448198800F00AFDB4
S214019C00059B13485969134B002908BF194600F0F4
S214019C1001FD059B1048598800F0FCFC059B0F4888
S214019C20196900F0F7FC059B0D48D96800F0F2FCB5
S214019C30059B0C48197E00F0EDFC0B4B0B48196890
S214019C4000F0E8FC0FB05DF804FB00BFE51004006F
S214019C50F710040013DD0300091104001D110400B0
S214019C603111040045110400C84C002059110400AC
S214019C7070B5064615460C4679B172B1FFF794FFEA
S214019C8068B121462A463046EEF74AF8014618B131
S214019C90044800F0BFFC012070BD2120FCE7112024
S214019CA0FAE700BF6B11040037B505460C46FFF70F
S214019CB07BFFE0B1114B1B68AB421AD9CCB1002136
S214019CC02422204601F0B8FD2146284616F07EFEE5
S214019CD088B9284601AA04F10801EDF7D3FF20B19F
S214019CE040F20643C01A18BF012003B030BD112050
S214019CF0FBE72120F9E70120F7E700BFC84C002069
S214019D00F0B593B00546FFF74FFF002845D0254B29
S214019D101A68AA4207D829462348013A00F07AFC75
S214019D20212013B0F0BD05A8EDF7F0FE284603A9E3
S214019D3016F04CFE98BB049A22F4FF57C2F30C03AC
S214019D4027F01F072BB14FF400532946174800F0A0
S214019D5061FC039E7FB120F0BDFE30464FF40051FA
S214019D60EEF76AF83346044606F5005650B9039BEB
S214019D70F31ABB42EFD32A4639460D4800F04AFC97
S214019D80002406E000902A464FF40051094800F0EE
S214019D9041FC201E18BF0120C3E71120C1E70120A6
S214019DA0BFE700BFC84C0020991104004712040009
S214019DB006130400B512040010B5044638B1FFF7C7
S214019DC0F3FE30B10020044B1B68236010BD212038
S214019DD0FCE71120FAE700BFC84C002010B5044686
S214019DE0FFF7E2FEB0B10C4B1A68A24206D8214634
S214019DF00A48013A00F00EFC212010BD20F06AFE50
S214019E0040F2C12220460649EDF7FCFE003818BF95
S214019E100120F2E71120F0E7C84C00209911040058
S214019E20044A002010B50446FFF7BEFE70B1214675
S214019E300848EDF707FF40F20323984208D040F2A6
S214019E40012398420CBF0520012010BD1120FCE71C
S214019E500020FAE7044A00202DE9F0412D4D044682
S214019E602F68FFF7A1FE002851D02968A14207D824
S214019E704A1E2948214600F0CDFB2120BDE8F0818D
S214019E802648EDF79FFEDFF894800246B0B94346B8
S214019E902E68964222D1BE4214BF3A4606F1FF32E0
S214019EA012BB31461D48C8F80040EDF76BFE01466F
S214019EB000B31B4800F0AEFB0120DFE72046EDF7BC
S214019EC041FE044638B10146164800F0A3FB201EA9
S214019ED018BF0120D2E7EDF791FCF8E753F8041B11
S214019EE08C42DDD00132D4E70C499200081D01F006
S214019EF0F5FCD6E729680948EDF764FE044610B17B
S214019F0001460948D6E7EDF779FC2046B6E7112069
S214019F10B4E700BFC84C002099110400E4490020B2
S214019F204C130400221304007F130400F8B5044602
S214019F30FFF73AFE002845D0234B1A68A24207D8FD
S214019F4021462248013A00F065FB21242046F8BD4F
S214019F501F4800F05FFB20F0BDFD40F2C1221D4905
S214019F602046EDF74FFE40F20327054620F0B2FDEE
S214019F70184E65B140F203239D421AD02946164871
S214019F8000F048FB0124154800F044FBDEE720F012
S214019F90A1FD29463046EDF755FEB84209D040F2FC
S214019FA00123984203D10E4800F034FBE1E7054651
S214019FB0DFE721460B4800F02DFB2046FFF74CFF5C
S214019FC00446E0E71124C1E7C84C002099110400BB
S214019FD0B6130400044A0020D613040018B2030086
S214019FE01FE90300EE13040010B50A46044619B132
S214019FF0024B00211B68984710BD00BF4C5D040052
S21401A00010B5114C2378580744BF23F0040323707E
S21401A0102378990705D500F05DF8237823F002032D
S21401A020237063781BB10023084A636053600023E2
S21401A030082106486370FFF7D7FF2378DA0744BF85
S21401A04023F00103237010BDCC4C0020D04C00201F
S21401A05038B51A4C62782378022A01D1072B11D021
S21401A060DD0712D52378980707D400F02BF823785C
S21401A070054643F00203237080B96278237882B1E3
S21401A0805A0716D50025284638BD17F061FC2378F7
S21401A090054643F0010323700028E3D0FFF7B0FF25
S21401A0A0F1E7D907ECD5064962604A600222627080
S21401A0B0E6E743F004032370E4E700BFCC4C00203E
S21401A0C0D04C00200122024B002083F8F02070477C
S21401A0D0D84C00202DE9F0410A4C002526464FF0C9
S21401A0E0010803272046C4F81C80277601351BF09B
S21401A0F0FDFA062D04F12804F4D1002386F8F03089
S21401A100BDE8F081D84C00202DE9F04F984691B07B
S21401A1100B1E0A93B44B914614BF83469B460025FB
S21401A1201A9E98F8000070B94D4538BF2A464B462E
S21401A1304FF000000A9928BF09F1FF32D847284698
S21401A14011B0BDE8F08F252808F1010806D02A468F
S21401A1504B460A996C1CD8472546E2E70023414640
S21401A16011F8012B2B2A16D00AD8202A16D0232A1A
S21401A17017D0A2F13000092834D800270A2418E0A5
S21401A1802D2A05D0302AF4D143F001038846E6E7AC
S21401A19043F00203FAE743F00403F7E743F008034A
S21401A1A0F4E743F01003F1E7884604FB0722A2F127
S21401A1B03007414611F8012BA2F130000928F3D9E6
S21401A1C098F800202E2A52D198F8011008F10102C1
S21401A1D0A1F13000092843F480633ED800244FF0F3
S21401A1E00A0E11E02A2A08D156F8047B8846002F69
S21401A1F0BCBF43F002037F42E2E70027E0E70246E6
S21401A2000EFB0411A1F13004104610F8011BA1F158
S21401A210300CBCF1090FF2D99046424612F8011BE8
S21401A2206C292DD025D8682933D06A293BD04246DF
S21401A230904618F8010B672860D8572836D8452865
S21401A24008D084D9462800F0188147287FF47FAFCC
S21401A25043F4006343F0200327E12A2906D156F888
S21401A260044B08F1020824EAE474D6E79046002479
S21401A270D3E7742901D07A29D9D143F48073D7E77B
S21401A28098F801106C29F8D143F4407308F10202E2
S21401A290CEE798F80110682902D043F08003C7E79B
S21401A2A043F0C003F2E743F40073C1E7A0F158029C
S21401A2B00F2A3FF64CAF01A151F822F05DA3010031
S21401A2C04FA101004FA101004FA101004FA10100C4
S21401A2D04FA101004FA101004FA101004FA10100B4
S21401A2E04FA101005DA30100C9A401005DA3010007
S21401A2F09FA401007FA401009FA40100A0F16901B1
S21401A300C9B20F293FF623AF012249F2410C8A4018
S21401A31012EA0C0218D10A2900F0158107297FF4E8
S21401A32016AF43F0210305930823CDE90343102319
S21401A330CDE9012356F8043B2A46009358464B467E
S21401A3400A991BF0C3FAA8E06F2800F05E8110D9C5
S21401A350782808D1102223F00C0310E0582839D0B1
S21401A360622800F054810A2223F01003642806D0E4
S21401A370F1E769284FF00A0223F01003F6D15905D8
S21401A38048BF23F00103692803F4007101D0642853
S21401A39040D111B3073626F00706B24670685AF860
S21401A3A0081BCDE9077300230593C30F002802930A
S21401A3B006940B46049202DA4B4260EB4000CDE96C
S21401A3C000304B462A4658460A991BF0C1FA054604
S21401A3D05646A6E643F02003BCE7D90506F1040A73
S21401A3E004D5316805E000BF2F57030058060CD589
S21401A3F03178CDE90224CDE9047300294FEAD173FF
S21401A4000193B8BF4942009120E01906E9D5B6F993
S21401A4100010EEE779B1CDE907730023CDE90423F7
S21401A42006F1070A2AF0070A06940293FAE80223BD
S21401A430CDE90023C5E7D80506F1040A0DD5CDE917
S21401A4400473CDE902240191336800934B462A46F2
S21401A45058460A991BF03AFAB9E7590607D53178F2
S21401A460CDE904730023CDE902240193CBE73168DB
S21401A47013F0800F18BF89B2F2E743F02003CDE94D
S21401A4800173073626F007060094B6EC020B4B461E
S21401A4902A4658460A99EAF77BF9054641E600F04E
S21401A4A0DF00472801D143F40063CDE90173073685
S21401A4B026F007060094B6EC020B4B462A46584691
S21401A4C00A99E9F7A9FFE8E713F0020426D04FF04E
S21401A4D0010A6B1C0B932A464B460A9916F8040B85
S21401A4E0D84774B354460B9A21E04B4620200A996C
S21401A4F0D8470AEB05020AF1010A5745F5D83A1E74
S21401A50018BF0122002A07F1FF3308BF002307F115
S21401A510010A1D4408BF4FF0020ADAE7A246E8E73F
S21401A520551C4B4620200A99D8472A460134BC427E
S21401A530F6D3A7EB0A03574538BF00230B9A1A44F4
S21401A5400B920B9DEDE53246002C52F8046B14BFBE
S21401A55021464FF0FF310B9232463144107808B154
S21401A560914211D1A2EB060A13F480620C9202D03A
S21401A570A24528BFA24613F002030D931BD1AAEBF6
S21401A58005032A460F9308E00132E7E7531C0E93B2
S21401A59020204B460A99D8470E9A0F9BD318BB42E8
S21401A5A0F4D3A7EB0A03574538BF00230AF101028B
S21401A5B01D4403EB020AAB1B0E9304E01C464B46FC
S21401A5C02A460A99D8470E9BF51816F8010B28B1AA
S21401A5D00C9B002BF3D0631E002CEFD10D9B93B187
S21401A5E02A46AAEB050405E0561C4B4620200A998C
S21401A5F0D84732461319BB42F6D3A7EB0A03574591
S21401A60038BF00231D440B9E8BE50822A3E60222D9
S21401A610A1E600BF0FB41FB506AA52F8043B02A973
S21401A6200392009204484FF0FF32FFF76DFD05B02C
S21401A6305DF804EB04B07047F15903001FB50346FB
S21401A64000914FF0FF3203A90248FFF75DFD05B008
S21401A6505DF804FBF15903001FB5CDE90201009333
S21401A66002A9134603484FF0FF32FFF74DFD05B030
S21401A6705DF804FBF95903001FB5094B094A186830
S21401A680094B01A91860094B1360094A0192094A4E
S21401A6901268CDE9022317F002FA05B05DF804FB53
S21401A6A0D8680020D03D0020D43D0020CC68002092
S21401A6B0F14B040088500020014B186817F003BACC
S21401A6C0D868002038B5F1F71BFE0446064D2B6806
S21401A6D0D3F8B002F1F708FE286817F007FA20460B
S21401A6E0BDE83840F1F700BED868002010B51F4C11
S21401A6F0EFF7DCFE236F012023F0070343F002038C
S21401A7002367EFF7E1FED4F82031002023F007039A
S21401A71043F00103C4F82031D4F8403123F0030399
S21401A72043F00103C4F84031D4F8603123F0030349
S21401A73043F00103C4F86031D4F8403223F0030338
S21401A74043F00103C4F84032D4F8003223F0070383
S21401A75043F00103C4F80032D4F8083223F00703AB
S21401A76043F00103C4F8083210BD00BF008000505A
S21401A770064B1B681A7A022A01D81AB97047032AAF
S21401A78000D070471B68024A13607047DC680020DF
S21401A790885000200022024B5A60DA601A60704727
S21401A7A08C50002008B501F037FF0022014B1A70CB
S21401A7B008BD00BFCE6200200A4601491BF086B9DB
S21401A7C0E57504000A4601491BF080B9E0750400EE
S21401A7D00A4601491BF07AB9D97504000A460149AF
S21401A7E01BF074B9D67504000A4601491BF06EB910
S21401A7F0D37504000A4601491BF068B9CE750400FA
S21401A8000A4601491BF062B9C97504000A460149A6
S21401A8101BF05CB9C47504000A4601491BF056B921
S21401A820BD75040081F0004102E000BF83F00043E3
S21401A83030B54FEA41044FEA430594EA050F08BFD5
S21401A84090EA020F1FBF54EA000C55EA020C7FEA99
S21401A850645C7FEA655C00F0E2804FEA5454D4EB16
S21401A8605555B8BF6D420CDD2C4480EA020281EAE0
S21401A870030382EA000083EA010180EA020281EA18
S21401A8800303362D88BF30BD11F0004F4FEA01316A
S21401A8904FF4801C4CEA113102D0404261EB410179
S21401A8A013F0004F4FEA03334CEA133302D05242FF
S21401A8B063EB430394EA050F00F0A780A4F10104BB
S21401A8C0D5F1200E0DDB02FA0EFC22FA05F28018F5
S21401A8D041F1000103FA0EF2801843FA05F35941DB
S21401A8E00EE0A5F120050EF1200E012A03FA0EFC5A
S21401A8F028BF4CF0020C43FA05F3C01851EBE37184
S21401A90001F0004507D54FF0000EDCF1000C7EEBA0
S21401A91000006EEB0101B1F5801F1BD3B1F5001FDE
S21401A9200CD349085FEA30004FEA3C0C04F10104FD
S21401A9304FEA445212F5800F80F09A80BCF1004F26
S21401A94008BF5FEA500C50F1000041EB045141EAA8
S21401A950050130BD5FEA4C0C404141EB0101013C71
S21401A96028BFB1F5801FE9D291F0000F04BF014660
S21401A9700020B1FA81F308BF2033A3F10B03B3F132
S21401A98020020CDA0C3208DD02F1140CC2F10C02C2
S21401A99001FA0CF021FA02F10CE002F11402D8BF20
S21401A9A0C2F1200C01FA02F120FA0CFCDCBF41EAEC
S21401A9B00C019040E41AA2BF01EB0451294330BDBB
S21401A9C06FEA04041F3C1CDA0C340EDC04F1140498
S21401A9D0C4F1200220FA04F001FA02F340EA03006F
S21401A9E021FA04F345EA030130BDC4F10C04C4F1B5
S21401A9F0200220FA02F001FA04F340EA0300294695
S21401AA0030BD21FA04F0294630BD94F0000F83F4DE
S21401AA10801306BF81F480110134013D4EE77FEAC1
S21401AA20645C18BF7FEA655C29D094EA050F08BF0D
S21401AA3090EA020F05D054EA000C04BF19461046EE
S21401AA4030BD91EA030F1EBF0021002030BD5FEA32
S21401AA50545C05D14000494128BF41F0004130BD5A
S21401AA6014F580043CBF01F5801130BD01F00045AE
S21401AA7045F0FE4141F470014FF0000030BD7FEA21
S21401AA80645C1ABF194610467FEA655C1CBF0B461C
S21401AA90024650EA013406BF52EA033591EA030F33
S21401AAA041F4002130BD00BF90F0000F04BF00212B
S21401AAB0704730B54FF4806404F132044FF000055E
S21401AAC04FF0000150E700BF90F0000F04BF0021D7
S21401AAD0704730B54FF4806404F1320410F000453D
S21401AAE048BF40424FF000013EE700BF42004FEA38
S21401AAF0E2014FEA31014FEA02701FBF12F07F43B5
S21401AB0093F07F4F81F06051704732F07F4208BF6B
S21401AB10704793F07F4F04BF41F40021704730B572
S21401AB204FF4607401F0004521F000411CE700BFBE
S21401AB3050EA010208BF704730B54FF000050AE041
S21401AB4050EA010208BF704730B511F0004502D542
S21401AB50404261EB41014FF4806404F132045FEA44
S21401AB60915C3FF4D8AE4FF003025FEADC0C18BFED
S21401AB7003325FEADC0C18BF033202EBDC02C2F1DF
S21401AB80200300FA03FC20FA02F001FA03FE40EA71
S21401AB900E0021FA02F11444BDE600BF70B54FF075
S21401ABA0FF0C4CF4E06C1CEA11541DBF1CEA135553
S21401ABB094EA0C0F95EA0C0F00F0DEF82C4481EABB
S21401ABC0030621EA4C5123EA4C5350EA013518BFDB
S21401ABD052EA033541F4801143F4801338D0A0FBC8
S21401ABE002CE4FF00005E1FB02E506F00042E0FB75
S21401ABF003E54FF00006E1FB03569CF0000F18BF7B
S21401AC004EF0010EA4F1FF04B6F5007F64F5407422
S21401AC1004D25FEA4E0E6D4146EB060642EAC621B5
S21401AC2041EA55514FEAC52040EA5E504FEACE2E22
S21401AC30B4F1FD0C88BFBCF5E06F1ED8BEF1004F25
S21401AC4008BF5FEA500E50F1000041EB045170BDA1
S21401AC5006F0004646EA010140EA020081EA0301E5
S21401AC60B4EB5C04C2BFD4EB0C0541EA045170BDE1
S21401AC7041F480114FF0000E013C00F3AB8014F15B
S21401AC80360FDEBF002001F0004170BDC4F10004A4
S21401AC90203C35DA0C341BDC04F11404C4F1200525
S21401ACA000FA05F320FA04F001FA05F240EA020080
S21401ACB001F0004221F0004110EBD37021FA04F6B6
S21401ACC042EB06015EEA430E08BF20EAD37070BD70
S21401ACD0C4F10C04C4F1200500FA04F320FA05F0CF
S21401ACE001FA04F240EA020001F0004110EBD370D1
S21401ACF041F100015EEA430E08BF20EAD37070BD41
S21401AD00C4F1200500FA05F24EEA020E20FA04F319
S21401AD1001FA05F243EA020321FA04F001F00041C8
S21401AD2021FA04F220EA020000EBD3705EEA430E39
S21401AD3008BF20EAD37070BD94F0000F0FD101F068
S21401AD400046400041EB010111F4801F08BF013CA1
S21401AD50F7D041EA060195F0000F18BF704703F0DF
S21401AD600046520043EB030313F4801F08BF013D66
S21401AD70F7D043EA0603704794EA0C0F0CEA135522
S21401AD8018BF95EA0C0F0CD050EA410618BF52EADC
S21401AD904306D1D181EA030101F000414FF00000E2
S21401ADA070BD50EA410606BF1046194652EA4306F0
S21401ADB019D094EA0C0F02D150EA013613D195EA64
S21401ADC00C0F05D152EA03361CBF104619460AD1AC
S21401ADD081EA030101F0004141F0FE4141F47001B6
S21401ADE04FF0000070BD41F0FE4141F4780170BDA6
S21401ADF070B54FF0FF0C4CF4E06C1CEA11541DBF0B
S21401AE001CEA135594EA0C0F95EA0C0F00F0A7F80C
S21401AE10A4EB050481EA030E52EA03354FEA013139
S21401AE2000F088804FEA03334FF0805545EA13134C
S21401AE3043EA12634FEA022245EA111545EA106514
S21401AE404FEA00260EF000419D4208BF964244F1AB
S21401AE50FD0404F5407402D25B084FEA3202B61ACA
S21401AE6065EB03055B084FEA32024FF480104FF49E
S21401AE70002CB6EB020E75EB030E22BFB61A754612
S21401AE8040EA0C005B084FEA3202B6EB020E75EBA5
S21401AE90030E22BFB61A754640EA5C005B084FEA0D
S21401AEA03202B6EB020E75EB030E22BFB61A7546DA
S21401AEB040EA9C005B084FEA3202B6EB020E75EBE5
S21401AEC0030E22BFB61A754640EADC0055EA060EA6
S21401AED018D04FEA051545EA16754FEA06164FEAE9
S21401AEE0C30343EA52734FEAC2025FEA1C1CC0D195
S21401AEF011F4801F0BD141EA00014FF000004FF022
S21401AF00004CB6E711F4801F04BF01430020B4F1E2
S21401AF10FD0C88BFBCF5E06F3FF6AFAEB5EB030C9A
S21401AF2004BFB6EB020C5FEA500C50F1000041EB97
S21401AF30045170BD0EF0004E4EEA113114EB5C0464
S21401AF40C2BFD4EB0C0541EA045170BD41F4801137
S21401AF504FF0000E013C90E645EA060E8DE60CEA3F
S21401AF60135594EA0C0F08BF95EA0C0F3FF43BAF5C
S21401AF7094EA0C0F0AD150EA01347FF434AF95EA13
S21401AF800C0F7FF425AF104619462CE795EA0C0FF7
S21401AF9006D152EA03353FF4FDAE1046194622E7C4
S21401AFA050EA410618BF52EA43067FF4C5AE50EA9E
S21401AFB041047FF40DAF52EA43057FF4EBAE12E78E
S21401AFC04FF0FF3C06E000BF4FF0010C02E000BF6F
S21401AFD04FF0010C4DF804CD4FEA410C7FEA6C5C52
S21401AFE04FEA430C18BF7FEA6C5C1BD001B050EAF5
S21401AFF0410C0CBF52EA430C91EA030F02BF90EAE0
S21401B000020F0020704710F1000F91EA030F58BF9E
S21401B010994208BF90422CBFD8176FEAE37040F000
S21401B020010070474FEA410C7FEA6C5C02D150EA9E
S21401B030013C07D14FEA430C7FEA6C5CD6D152EA59
S21401B040033CD3D05DF8040B704700BF844610461E
S21401B05062468C461946634600E000BF01B5FFF71D
S21401B060B7FF002848BF10F1000F01BD4DF808EDED
S21401B070FFF7F4FF0CBF012000205DF808FB00BFBE
S21401B0804DF808EDFFF7EAFF34BF012000205DF818
S21401B09008FB00BF4DF808EDFFF7E0FF94BF012065
S21401B0A000205DF808FB00BF4DF808EDFFF7CEFF66
S21401B0B094BF012000205DF808FB00BF4DF808EDA5
S21401B0C0FFF7C4FF34BF012000205DF808FB00BF76
S21401B0D04FEA410212F5001215D211D56FF47873BA
S21401B0E0B3EB625212D94FEAC12343F0004343EA5D
S21401B0F0505311F0004F23FA02F018BF4042704738
S21401B1004FF00000704750EA013005D111F00040C1
S21401B11008BF6FF0004070474FF00000704700BF57
S21401B1204A0011D212F5001211D20DD56FF47873C0
S21401B130B3EB62520ED44FEAC12343F0004343EA15
S21401B140505323FA02F070474FF00000704750EA60
S21401B150013002D14FF0FF3070474FF000007047CA
S21401B16053B94AB9002908BF00281CBF4FF0FF3168
S21401B1704FF0FF3000F08CB9ADF1080C6DE904CE4C
S21401B18000F006F8DDF804E0DDE9022304B07047BC
S21401B1902DE9F04F099D0E4604460F46002B47D178
S21401B1A08A429446B2FA82F35AD943B102FA03FCB0
S21401B1B0C3F120029F409C4020FA02F217434FEA57
S21401B1C01C461FFA8CFE220CB7FBF6F106FB117724
S21401B1D001FB0EF042EA0742904208D91CEB02023C
S21401B1E001F1FF3702D2904200F23C813946121A31
S21401B1F0A4B2B2FBF6F006FB102200FB0EFE44EAF8
S21401B2000244A64508D91CEB040400F1FF3202D221
S21401B210A64500F22A81104640EA0140A4EB0E043E
S21401B22000211DB1DC400023C5E90043BDE8F08FD5
S21401B2308B4205D90DB1C5E9000100210846F5E7A5
S21401B240B3FA83F100294FD1B342C0F002818242A2
S21401B25040F2FF800846002DE8D0C5E90047E5E743
S21401B260002B40F0AF808A1A4FEA1C4E1FFA8CF76B
S21401B2700121B2FBFEF60EFB1620220C42EA00422A
S21401B28007FB06F090420FD91CEB020206F1FF38CD
S21401B2902CBF4FF001094FF00009904203D9B9F1D4
S21401B2A0000F00F0DC804646121AA4B2B2FBFEF094
S21401B2B00EFB102200FB07F744EA0244A7420FD90F
S21401B2C01CEB040400F1FF322CBF4FF0010E4FF0CF
S21401B2D0000EA74203D9BEF1000F00F0C980104648
S21401B2E0E41B40EA06409CE7C1F120048B4006FAC5
S21401B2F001FC00FA01FE22FA04F7E6408A401F43E9
S21401B30020FA04F34FEA174843EA0C031FFA87FCB6
S21401B3104FEA1349B6FBF8F008FB106649EA064601
S21401B32000FB0CF9B1450ED9BE1900F1FF3A2CBF4E
S21401B3304FF0010B4FF0000BB14503D9BBF1000FE5
S21401B34000F0A2805046A6EB09061FFA83F9B6FB69
S21401B350F8F308FB136603FB0CFC49EA0646B44502
S21401B3600ED9BE1903F1FF382CBF4FF001094FF07B
S21401B3700009B44503D9B9F1000F00F082804346B5
S21401B38043EA0040A6EB0C06A0FB028C664543464A
S21401B390E14602D307D1C64505D2B8EB02036CEBF2
S21401B3A0070C0138E1465DB1BEEB030266EB090608
S21401B3B006FA04F422FA01F3CE401C43C5E900461E
S21401B3C0002133E702FA03FCC3F1200299409C40B6
S21401B3D0D6404FEA1C4E20FA02F21FFA8CF7B6FB53
S21401B3E0FEF00A430EFB1066110C41EA064100FB13
S21401B3F007F68E420ED91CEB010100F1FF382CBF77
S21401B4004FF001094FF000098E4202D9B9F1000F41
S21401B41034D04046891B92B2B1FBFEF60EFB1611E4
S21401B42042EA014206FB07F191420ED91CEB0202E9
S21401B43006F1FF382CBF4FF001094FF00009914289
S21401B44002D9B9F1000F16D04646521A46EA004113
S21401B4500FE7841A66EB030201201746FBE6023E5D
S21401B460624421E702396244C1E664440238D3E605
S21401B4706444023834E7023E6244E6E70238614437
S21401B480C8E7023B3E447BE702383E445BE700BF29
S21401B490704700BF2DE9F04F924685B089461E469B
S21401B4A00D46554A0390294615F8014B135D13F0D6
S21401B4B00803F8D12D2C7CD02B2C4ED04FF0FF3129
S21401B4C002936FF00043CDE9001336F0100851D017
S21401B4D037464FEAE6783A464346DDE90001FFF78C
S21401B4E03FFE002383468E4618461946A44613E0BF
S21401B4F0ACF13704A6421FDD002B09DB83457EEB4A
S21401B500010305D38E4508BF83453BD1A24239DAF4
S21401B5104FF0FF3315F801CBACF13004092CE9D913
S21401B520ACF14104192CE3D9ACF16104192C03D810
S21401B530ACF15704A642DFDC5A1C2FD0029A12B196
S21401B540404261EB4101BAF1000F03D0002B48D114
S21401B550CAF8009005B0BDE8F08F4FF0FF300293B7
S21401B56036F010086FF000432C7801F10205CDE9A2
S21401B5700003ADD1302C25D0002E3AD10A27B04693
S21401B5803E46A8E700FB08F307FB0133A0FB0701D3
S21401B5900B44201843EBE4710123BBE72223039AF3
S21401B5A01360BAF1000F17D005F1FF39DDE900018C
S21401B5B0CEE74FF00047009301232C788D1CCDE990
S21401B5C0017382E72B7803F0DF03582B0CD086B982
S21401B5D00827B0463E467EE7DDE9000105B0BDE836
S21401B5E0F08FCDE90001DFE710276C7802353E4683
S21401B5F071E710273E466EE7ED7504004AE700BF87
S21401B60010B4044C13460A46014620685DF8044B04
S21401B61040E700BF0C69002010B4044C13460A46EC
S21401B620014620685DF8044B34E700BF0C69002032
S21401B63020F0030110F00300C0F1000051F8043BB4
S21401B64000F1040C4FEACC0C6FF000021CBF22FA8A
S21401B6500CF213434FF0010C4CEA0C2C4CEA0C4C48
S21401B660A3EB0C0222EA030212EACC1204BF51F841
S21401B670043B0430F4D0C2F1000102EA0102B2FA3E
S21401B68082F2C2F11F0200EBD20070472DE9F047AB
S21401B69080460C464548264614F801EB10F80EC0C5
S21401B6A01CF0080CF7D1BEF12D0F5BD0BEF12B0FAD
S21401B6B03AD0654633F010003ED04FF0FF379A4639
S21401B6C0B7FBF3F703FB07F96FEA090900263046D3
S21401B6D00EE0AEF1370C63451DDD002E04DBB842EB
S21401B6E002D833D1CC4531DD4FF0FF3614F801EBEB
S21401B6F0AEF1300CBCF1090FEDD9AEF1410CBCF145
S21401B700190FE6D9AEF1610CBCF1190F03D8AEF1F1
S21401B710570C6345E1DC731C1CD005B140420AB1ED
S21401B720F6B91160BDE8F08733F0100094F800E038
S21401B730654606F10204C0D1BEF1300F17D06BBBCF
S21401B7400A234FF005091A4F9A46BFE700FB0AC0C5
S21401B7500126CBE722233046C8F80030002AE1D084
S21401B760611EDEE794F800E00125B41CA2E720780C
S21401B77000F0DF00582807D083B908234FF00709E7
S21401B7806FF060479A46A1E7102394F801E04FF066
S21401B7900F0902346FF070479A4697E710234FF06F
S21401B7A00F096FF070479A4690E700BFED750400E9
S21401B7B0999999196AE700BF10B4044C13460A46D2
S21401B7C0014620685DF8044B60E700BF0C69002065
S21401B7D010B4044C13460A46014620685DF8044B33
S21401B7E054E700BF0C6900200F4B70B50F4DAB42FC
S21401B7F0A3EB050607D0B6100024013455F8043B28
S21401B8009847A642F9D80A4D1FF05AFB094B5E1B12
S21401B810AB424FEAA60606D00024013455F8043B95
S21401B8209847A642F9D870BDA06C0020A06C0020F5
S21401B830A06C0020A46C002070B5860747D0541E6B
S21401B840002A3ED0CAB2034601E0013C39D303F8D0
S21401B850012B9D07F9D1032C2CD9CDB20F2C05EB6A
S21401B860052505EB054535D9A4F1100C03F1100E9D
S21401B8701A462CF00F064FEA1C1CB644C2E90055C6
S21401B880C2E9025510327245F8D10CF1010214F0EA
S21401B8900C0F04F00F0C03EB021213D0ACF10403EF
S21401B8A023F003030433134442F8045B9342FBD1B1
S21401B8B00CF003042CB1C9B21C4403F8011BA342CB
S21401B8C0FBD170BD64461346002CF4D1F9E703465C
S21401B8D01446C0E71A46A446E0E700BF88420ED9E0
S21401B8E08B1883420BD900EB020C002A6ED06246FD
S21401B8F013F801CD994202F801CDF9D170470F2A0C
S21401B9000FD8034602F1FF3C002A5FD00CF1010C70
S21401B910013B8C4411F8012B614503F8012FF9D145
S21401B920704740EA01039B0751D1A2F1100301F1D0
S21401B930200C70B523F00F0501F1100E00F1100474
S21401B9401B09AC445EF8105C0EF1100E103444F87E
S21401B950205C5EF81C5C44F81C5C5EF8185C44F8DD
S21401B960185C5EF8145CE64544F8145CEAD10133D1
S21401B97012F00C0F02F00F0C01EB031100EB031396
S21401B98029D0ACF1040C1C1F8E462CF003064FEA9E
S21401B9909C0C1E445EF8045B44F8045FB442F9D183
S21401B9A00CF1010402F0030203EB840301EB8401B2
S21401B9B002F1FF3C4AB10CF1010C013B8C4411F839
S21401B9C0012B614503F8012FF9D170BD704702F1D3
S21401B9D0FF3C03469AE76246EAE700BF2DE9F04FCF
S21401B9E082468E463F4875461EF801BB10F80B404E
S21401B9F014F00804F7D1BBF12D0F5BD0BBF12B0F70
S21401BA006FF0004904BF9EF800B005F1020E33F056
S21401BA10100010D1BBF1300F04D0002B5ED10A23E9
S21401BA201F4609E09EF8000000F0DF0058284ED0BF
S21401BA30002B53D108231F460025B9FBF7F62846ED
S21401BA4007FB16980EE0ABF1370C63451DDD002DA4
S21401BA5004DB864202D321D1E0451FDA4FF0FF35E1
S21401BA601EF801BBABF1300CBCF1090FEDD9ABF1FF
S21401BA70410CBCF1190FE6D9ABF1610CBCF1190F01
S21401BA8003D8ABF1570C6345E1DC6B1C0AD004B15B
S21401BA9040420AB1CDB91160BDE8F08F07FB00C086
S21401BAA00125DDE72223CAF800305AB10EF1FF3135
S21401BAB04846F0E79EF800B04FF0004905F1020E47
S21401BAC00124A4E74846BDE8F08F8146EEE710233F
S21401BAD09EF801B00EF1020E1F46ADE710231F4679
S21401BAE0AAE700BFED750400242B02D8012B00D075
S21401BAF074E710B500F02EFA16230360002010BD7F
S21401BB0010B5242A084C1346246807D8012A05D004
S21401BB100A4601462046BDE810405FE700F01AFAE3
S21401BB2016230360002010BD0C69002010B5242ADE
S21401BB30084C1346246807D8012A05D00A46014650
S21401BB402046BDE8104049E700F004FA16230360DA
S21401BB50002010BD0C690020844641EA000313F062
S21401BB60030349D1403A23D30B6803604B68436013
S21401BB708B688360CB68C3600B6903614B69436163
S21401BB808B698361CB69C3610B6A03624B6A43624B
S21401BB908B6A8362CB6AC3620B6B03634B6B436333
S21401BBA08B6B8363CB6BC36340304031403ADBD24F
S21401BBB030320BD30B6803604B6843608B6883603D
S21401BBC0CB68C36010301031103AF3D20C3205D373
S21401BBD051F8043B40F8043B043AF9D2043208D049
S21401BBE0D2071CBF11F8013B00F8013B01D30B88BB
S21401BBF003806046704700BF082A13D38B07B1D075
S21401BC0010F00303AED0C3F10403D21ADB071CBF46
S21401BC1011F8013B00F8013BA4D331F8023B20F8B0
S21401BC20023B9FE7043AD9D3013A11F8013B00F8E9
S21401BC30013BF9D20B7803704B7843708B78837095
S21401BC4060467047024B0146186816F00EBD00BFED
S21401BC500C690020024B0146186816F009BD00BFAA
S21401BC600C690020CAB384460B4630B50446084327
S21401BC70800719D09CF800000C78A04212D150B36E
S21401BC80012A28D0E64603E01CEB030F23D010B3AD
S21401BC901EF8010F11F8014FA2EB0E03A04203F1AB
S21401BCA0FF33F1D0001B30BD032A07D8E2E7043A80
S21401BCB011D01EF0803F0ED1032A10D920681946F4
S21401BCC053F8045BA446A0F1013E0434A8422EEAD0
S21401BCD0000EECD0CEE7002030BD10467047A446DB
S21401BCE01946C7E780EA010C1CF0030F37D110F0A4
S21401BCF0030C20F0030021F0030150F8042B08BFC9
S21401BD0051F8043B0ED08CF0030C6FF07F434FEAE2
S21401BD10CC0C23FA0CFC51F8043B42EA0C0243EA31
S21401BD200C0300BFA2F1013C9A4201BF2CEA020CAF
S21401BD301CF0803F50F8042B51F8043BF2D04FEA38
S21401BD4002604FEA1222012828BFB0EB036F08BF3A
S21401BD501B0AF4D003F0FF03000EC01A704710F060
S21401BD60030F0AD010F8012B11F8013B012A28BF56
S21401BD709A42F4D0A2EB030070474DF8045D50F8E8
S21401BD80042B01F0030521F0030151F8043B022DB9
S21401BD9026D04DD822F07F45B5EB132FA2F1013CFA
S21401BDA02CEA020C0DD11CF0803C08BF51F8043B74
S21401BDB00AD185EA0205B5EB036F0CD150F8042BC6
S21401BDC0E8E74FEA13235BE03CF07F4C54D10B7855
S21401BDD04FEA126554E04FEA126503F0FF034FE0A5
S21401BDE04FEA0245A2F1013C4FEA15452CEA020C46
S21401BDF0B5EB134F18D11CF0803C08BF51F8043B3B
S21401BE0007D185EA0205B5EB034F09D150F8042B9B
S21401BE10E6E75FEA0C4C2FD10B884FEA12452FE07C
S21401BE204FEA03434FEA12454FEA134328E000BFA7
S21401BE3002F0FF05B5EB136FA2F1013C2CEA020CF0
S21401BE400DD11CF0803C08BF51F8043B0AD185EAAD
S21401BE500205B5EB032F0AD150F8042BE8E74FEAA9
S21401BE6013630DE012F0FF0F06D051F8043B4FEAC2
S21401BE70122523F07F4303E04FF0000020BC7047FB
S21401BE8005F0FF0203F0FF00012828BF904204BF1F
S21401BE902D0A1B0AF4D0A2EB000020BC704700BF9D
S21401BEA008B5064B044613B1002100F0AFF8044B69
S21401BEB01B6803B19847204614F010FE0DC0010020
S21401BEC0D4510020002301461A46184600F048B80F
S21401BED0032A30B415D941EA000484460B46A40768
S21401BEE004D0541E0FE0043A032A08D919466046C6
S21401BEF053F8044B5CF8045BA542F4D0F1E76046C6
S21401BF001946541E7AB1431E0139021901E09A42BC
S21401BF1009D013F8010F11F801CF6045F7D0A0EB57
S21401BF200C0030BC7047002030BC704738B5074D58
S21401BF30074C2C1BA41005D0013C55F8043D98472E
S21401BF40002CF9D1BDE838401EF0C0BFA86C002017
S21401BF50A46C0020014B1868704700BF0C690020D4
S21401BF60F0B5264C83B006460F46256805B36C68C7
S21401BF701F2C3FDCA6B1D5F8880048B3D0F80011D5
S21401BF804FF0010C40F82420022E00EB84020CFA3C
S21401BF9004FC4CEA0101C0F80011C2F8803010D050
S21401BFA0631C002002346B6045F8247003B0F0BDBA
S21401BFB013491448216010B10068C1F88800104D7B
S21401BFC0D5E7D0F8043143EA0C03C0F80431E7E7BB
S21401BFD00D49CDE9002369B14FF48470FFF732FEB5
S21401BFE040B100216C68C0E94011DDE90023C5F8C5
S21401BFF08800C5E74FF0FF30D8E700BF6452002045
S21401C000D85100200000000045BC01002DE9F04F8A
S21401C010DFF8B49083B0D9F8006096B388460190F3
S21401C0207568D6F888706C1E2BD4013507F1800B25
S21401C03006EB8505B8F1000F26D173682A68013B27
S21401C040A3423BD000232B60BAB1D6F804A05FB35D
S21401C0500123D7F80011A3400B4225D0D7F80401DD
S21401C06057F8241003422BD1019890477368D9F8EA
S21401C070002053451ED1B2421CD1013C043D631C35
S21401C080D8D103B0BDE8F08F4FB15BF824304345FB
S21401C090D3D0013C043D621CF3D0002FF5D1013C06
S21401C0A0EFD3013CFBD2ECE790477368D9F8002048
S21401C0B05345E0D0002AE4D01646B1E77460C3E7E2
S21401C0C008469047D2E700BF64520020431E033360
S21401C0D006D8044B984228BF1846642838BF642007
S21401C0E0704700BF40420F0038B5194B05461B6824
S21401C0F00C4603B1984744B1236833B11B6801333A
S21401C10003D0E3680BB1A3684BB91AF0A5F9002078
S21401C1104FF4C172412100F0FFF9212038BD2046BD
S21401C12002F04AFC00230B4A85F83C31C5E9374347
S21401C130C2E9003363694BB1074A422110684FF4E4
S21401C140D272C31A5842584100F0E6F90020E5E7DA
S21401C150D45400208065002038550020F8B50446E8
S21401C1601EF0A9FB002607460E4B1B6893B19E687E
S21401C170AEB196F82420D20711D435460FCC0FC5A0
S21401C1800FCC0FC523682B6096F8243043F00103CB
S21401C19086F8243038461EF089FB3046F8BD1B6809
S21401C1A0E4E700BF6069002010B5044618B9054BE6
S21401C1B0054A136010BD00F0D9FCD4F8E830002B16
S21401C1C0F6D1F4E7035C03005C690020014B1868B4
S21401C1D0704700BF8065002008B502460868FFF773
S21401C1E075FF08604868FFF771FF48608868FFF7C9
S21401C1F06DFF8860C868FFF769FF0B69C860581C47
S21401C20003D00B48834228BF03460B614B69581C79
S21401C21003D00748834228BF034688694B61FFF76E
S21401C22055FFBDE808408861104601F07BBC00BFA1
S21401C23040420F00D0F8E0302DE9F04105460C46AB
S21401C24013B1C38D8B424CD0D5F8DC30002B4BD0CC
S21401C2509E68002E48D0D868002845D0013800B224
S21401C26000281ADB002106E0128A591CA24217D2C6
S21401C27009B2884211DB0B1803EBD3735B1003EB97
S21401C280C30206EB8202B2F80EC003F1FF3EA445DC
S21401C290EAD90FFA8EF08842EDDA2120BDE8F08166
S21401C2A04FF6FF7299B29142F7D09BB203EBC303EC
S21401C2B006EB83062846B6F9122095F83011D5F814
S21401C2C0F080EEF709FE0746B8F1000F04D0002310
S21401C2D0324628461946C047EC85C5F8E06085F821
S21401C2E039710020BDE8F0810E20BDE8F08100BF65
S21401C2F02DE9F04782B004460F46164601F086FE49
S21401C300002863D14F4D2B68D4F8DCA0D4F8E08028
S21401C3100BB1534576D04FF00009AF6001F09EFE99
S21401C3200128074665D1204619F0D5FF002851D1CE
S21401C3302B68DAF80010D8F8002013B11868884284
S21401C3406BD0204619F079FFC5E900A8D4F8F05063
S21401C3508DF80760002D67D00022204611460DF1AA
S21401C3600703A847204600F0EDFF0546B9F1000F88
S21401C3700FD076B9D4F88C300BBB012F05D025B180
S21401C380314B002103205B689847284602B0BDE880
S21401C390F087B5FA85F040F207523321400900F0E4
S21401C3A0BBF83146204601F00BFA284B05461B68C0
S21401C3B0414620469847D4F88C30002BDDD0002229
S21401C3C04FF40073204600F0E1FBD6E700231D4D35
S21401C3D06B6098E794F82530DA07A9D5D4F894303D
S21401C3E05B05A5D51A4B0122002120461B689847FC
S21401C3F09EE70021012000F001FC01F02FFE01283C
S21401C400FBD190E76B68002B85D0434583D1AB68A1
S21401C4109F4215D04FF001097FE7696811B109689D
S21401C420914291D059688CE794F82A1094F83931E2
S21401C4303246994228BF1946204600F0D1FE91E7C0
S21401C4400025A2E780650020686900205C6900205D
S21401C450D8540020F8B50F4605461EF02CFA39468A
S21401C46006462846FFF7E6FE044620B130461EF093
S21401C4701DFA2046F8BD01F0A7FD2246394628469A
S21401C480FFF736FF04460028F0D1284619F023FFAF
S21401C4900028EBD095F8253013F001030DD0D5F820
S21401C4A0942052050DD5B5F82A21BA4205D0B5F823
S21401C4B02C31DB1BB3FA83F35B09034A82F8C430E1
S21401C4C0D4E72346F9E700BF001E00B013B50446C3
S21401C4D0694619F0C4FC204619F008FEFF280246FA
S21401C4E006D020469DF80010EEF774FD02B010BD90
S21401C4F00048FBE70080FFFF38B5044D044C054BB0
S21401C500286021601A601DF0D1FE38BD68540020F5
S21401C510646900206C54002010B550B90548064BDC
S21401C5200160064802601868054B18601868FFF736
S21401C530E3FF10BD64690020C45500206C54002040
S21401C540685400202DE9F0418AB001AC05460B463F
S21401C5502746194A02F1200C26461068516808320F
S21401C56003C662453446F7D1002B08BF3B46002779
S21401C57010681C463060384603F10C0690B95FFA25
S21401C58087F842462846218819F0A8FE50B9424647
S21401C5902846E18819F0B3FE20B9424631462846BE
S21401C5A019F0BFFE0137032F06F1080604F1020455
S21401C5B0E4D10AB0BDE8F08110770400F0B589B087
S21401C5C005460E4619F0BCFE044600BB01AC06F15A
S21401C5D00C070FCF0FC497E8070084E8070001A9EE
S21401C5E02846FFF7F9FD2846311D1AF083F8044660
S21401C5F048B92846074901F057FA044618B92846AB
S21401C60001F0C6FD044628463168FFF79BFF204629
S21401C61009B0F0BD08770400014919F073BC00BFEA
S21401C62061E1010070B5164E032804460D463378C5
S21401C6301ED023FA04F202F00102AA421DD053B121
S21401C6400122A240A54023EA02032B43DBB233704A
S21401C6504BB1012070BD2DB10A4B01201B689847D4
S21401C6603378EDE73570074B00201B689847F0E7F5
S21401C6709A07DED003F0FC03E9E7002070BD00BF97
S21401C680CF620020AC54002038B504460D4605F0B4
S21401C69077FD60B101F0C6FC48B9012D07D801202D
S21401C6A019F0F9FD0D4B1B6823B15B6898470C4BDD
S21401C6B01C7038BD1EF059FA0A4B1A68801A1860A9
S21401C6C01CF06EFF4FF47A72074B1B6802FB0030BA
S21401C6D019F016FC012001F0ADFCE8E7D05400206B
S21401C6E0716C0020A4540020A8540020F8B505461B
S21401C6F00C461EF0E0F8104F06463B7833B1012D8C
S21401C70004D01CB90D481CF09DFE3C7021462846FD
S21401C710FFF788FF0A4B04461B783BB93B782BB9D9
S21401C72019F0ADFD10B1074B1B68984730461EF057
S21401C730BDF82046F8BD00BFD0620020805400201E
S21401C740CF62002068690020054A0B46117831B196
S21401C75000211170034A012152681878104770476A
S21401C760D062002068690020124B0239012910B5F9
S21401C77018701ED805F004FDD8B101F053FCC0B105
S21401C78001F034FAA8B90C4B1C6834B123689847F9
S21401C790BDE81040002019F07EBD19F0AFFB074B35
S21401C7A018601EF0E2F9064B1860204601F042FCC4
S21401C7B0EEE710BD716C0020D0540020A854002074
S21401C7C0A454002038B5044680B11EF074F8012147
S21401C7D0044608461CF0DAFA01210B4A084616F010
S21401C7E018F82046BDE838401EF060B81EF063F821
S21401C7F00546214601201CF0C9FA01202146024ABD
S21401C80016F007F82846EDE7D54C0400F0B585B0DC
S21401C8101EF051F8344D04462B7823B133481CF0F2
S21401C82011FE002852D11CF097FE02AA03A919F0A6
S21401C83010FD0346002838D019F01FFD029B9842D0
S21401C8401CD100202A4B03991B682A4E994230704E
S21401C85020D90027C91A012324482B70264A3346BB
S21401C860CDE900771EF05DF9002837D1234A137809
S21401C870D90701D53178F9B1204611E019F0FBFC52
S21401C880029B984228D0002318461949194A09687C
S21401C890137003910121FFF7C5FE002320462B707C
S21401C8A01EF004F8002005B0F0BD20462B701DF0E8
S21401C8B0FDFF212005B0F0BD03F0FE031370002B31
S21401C8C0DAD10F4B1B6898472046E9E720461DF052
S21401C8D0EDFF0E2005B0F0BD0220B3E7032320468E
S21401C8E02F703370F3E700BFD06200208054002021
S21401C8F0A0540020706C002049C70100CF620020C0
S21401C900AC54002038B51DF0D6FF0F4D04462B78E9
S21401C9109BB90E4A0E4913700E4B0F4A0F481A6008
S21401C9200F4A5A60EFF782FF0E490F48EFF77EFF76
S21401C9300E4B0F4A1A6001232B70F0F781F8204640
S21401C9401DF0B4FF002038BDD1620020D062002067
S21401C95034770400686900200DC801007054002077
S21401C960EDC601003C77040078540020AC5400204A
S21401C970C5C701002DE9F0438F7880460F2F0C467E
S21401C98085B003D9212005B0BDE8F08327B901237E
S21401C990374A00201370F6E70D784E78EDB9002E71
S21401C9A0F0D194F90310E08803F00AF82128E9D0C1
S21401C9B055EA0603A088DFF8C89013D003F064F8A0
S21401C9C04FF60403B9F8002001469A424BD1AE4215
S21401C9D0334638BF2B4600262DE0082DD2D8082E28
S21401C9E0D0D8DEE703F050F84FF6040501464FF6BF
S21401C9F00500204A136E9BB2AB4208BF0346B1F551
S21401CA00803FA9F800300FD902230825136680233A
S21401CA100126C2F880302B4649084FF6FF720139CD
S21401CA20914228BF114608E0802301260825166694
S21401CA30C2F880302B460029EFD100220292012253
S21401CA40013FFFB2009201972A4608F1F80002F072
S21401CA50B7FE1EB14FF48012074B5A65074BA2680A
S21401CA601A60022394E703480266A9F80030AEE78D
S21401CA70D262002000C001B800D001B8B85400202E
S21401CA80F86B002010B50446D0F818210B4B4FF474
S21401CA900061C3F8A82090F82420D20102F40062B5
S21401CAA005F0D2FA94F8243013F0100F4FF4007307
S21401CAB014BF034A034A136710BD00BF001E00B02F
S21401CAC0001002B8002002B8431C07D06FF0FF0226
S21401CAD0034B10401A62A3F580531862704700BFDB
S21401CAE000E000B8F8B504460F4616461DF0E3FE12
S21401CAF00546A047044620B128461DF0D7FE20462D
S21401CB00F8BD04F07FFC04220549D1F8D83E23EA9B
S21401CB1007033343C1F8D83E024B1A67ECE700BF60
S21401CB20001000B0002002B800F01803182B0AD03D
S21401CB3003070AD440F2011310F0100018BF18467C
S21401CB40034B186570470020FAE70120F8E700BF9D
S21401CB50001F00B0044B1868830654BFC0F30F20B3
S21401CB604FF6FF70704700BFA055002038B103682C
S21401CB70044A002B08BF1346034A13607047014B53
S21401CB80FAE700BF4B5F03007469002010B4D0E9D8
S21401CB90544122400B4052EA030104D003495DF898
S21401CBA0044B096808475DF8044B70477469002018
S21401CBB00F2938B505460C460ED801F04FFA012864
S21401CBC00CD1074A2846D36B23F00F032343D363C4
S21401CBD019F0C5FB002038BD2120FCE70220FAE74A
S21401CBE0001F00B0014B186C704700BF001F00B05B
S21401CBF0014B002019647047001F00B003282DE97F
S21401CC00F347884655D82C4B13F800902B4B1E5CE7
S21401CC102B4B13F800A01DF04EFE074604F03EFB1A
S21401CC20054640B100230022CDE900330120002350
S21401CC30002104F079F904F039FB48B10023002201
S21401CC40CDE90033002000234FF4004104F06CF9D5
S21401CC506EB31C4BDC6C04F008041B4B3146DC64E1
S21401CC60484604F02DFC52463146484604F092FCF4
S21401CC70164BDC646DB1164B1868D0F89410F8307A
S21401CC8003F06EFA13490868FFF71EFF4FF0FF33F3
S21401CC900B60B8F1000F04D00F4B002103205B6836
S21401CCA09847384602B0BDE8F0471DF0FFBD344650
S21401CCB0D3E702B0BDE8F0874C770400487704005C
S21401CCC044770400004000B8006000B8005000B887
S21401CCD0C455002070690020686900200F4A136F50
S21401CCE013F0A00F15D1506F10F0040013D10C4BA8
S21401CCF0D3F8D83E23F07F4323F0FF035BB1D3681C
S21401CD00C3F30362092A07D0B2F10C0018BF012051
S21401CD107047002070470120704700BF000002B82E
S21401CD20001000B070B50D46064620B91A4B1B68B8
S21401CD30A3B10E2011E001F091F9012829D1174B7A
S21401CD4093F90040C4F11C04641BC4F11C03002BBE
S21401CD50B8BF5B42232B0CDD212070BD81EAE17355
S21401CD60A3EBE173DBB2232BF6D80C4B1970002032
S21401CD70F3E786F828501DF09EFD094AE402D369C0
S21401CD8004F4FF2423F4FF231C43D4611DF08EFD1D
S21401CD90EDE70220E1E700BFC4550020D362002082
S21401CDA000C000B818B9034B93F90000704790F91A
S21401CDB028007047D362002010B5044619F08BFA9C
S21401CDC010B1012001F0D4F92046FFF75BFE1DF0FB
S21401CDD072FD0A4A0121D2F8A030044623F020034E
S21401CDE0C2F8A0300222064B08469A60054B5B68E3
S21401CDF0984720461DF05AFD002010BD001E00B0C9
S21401CE00001002B868690020064B5A6A920207D4DD
S21401CE10D3F8803013F4706F14BF012000207047E0
S21401CE2001207047004001B8F8B50E46D0F894309E
S21401CE3002EA010423EA01032343C0F89430464A78
S21401CE4001F00B0323EA0401D1642340A2F58052CA
S21401CE50D3647207054610D50121FFF7D5FF60B1EF
S21401CE6004F0D0FA4FF4007314F0040F14BF3B4AD9
S21401CE703B4A536204223B4B1A67F30606D514F06D
S21401CE80100F14BF00221B22374B5A6537061DD5DB
S21401CE90200616D54FF40012304B1A62012203F514
S21401CEA08053C3F800211DF006FD0E21074603201E
S21401CEB003F09EF840F201222B4B3846DA621DF051
S21401CEC0F5FC214605F1F80003F04AF9F10503D512
S21401CED0E2052AD503F05CF8B30503D5A70527D5E7
S21401CEE003F062F816F48C6F1DD014F4806224D01F
S21401CEF095F82530DC070CD5EA8DB5F82A31934232
S21401CF0019D0B5F82C31981A43424341174A82F892
S21401CF10C430D5F8E410284619F018F88022144BCE
S21401CF20D864144B1A610020F8BD03F02BF8D3E740
S21401CF3003F034F8D6E70123E8E77105E9D595F85B
S21401CF402530DB07E5D5094B114683F8C4200A4B8B
S21401CF5028461B689847DCE7006000B8005001B817
S21401CF60006001B8002002B8004000B8001E00B002
S21401CF70001F00B0000002B8D8540020014B18680A
S21401CF80704700BFC454002037B51DF094FC002440
S21401CF9001230022CDE90034002305461946104638
S21401CFA003F0C2FF022002F0E7FA064B21461C609E
S21401CFB0054B02205B68984728461DF077FC204603
S21401CFC003B030BDCC540020686900202DE9FF4134
S21401CFD002290D4616469846039004D1FFF7D4FF62
S21401CFE004B0BDE8F0811DF066FC1E4F04463B68A8
S21401CFF03BB1B34205D01DF059FC002321203B6014
S21401D000EEE7194B0022C3F800803E60002301269C
S21401D0104FF0000810461946CDE9006603F084FF7C
S21401D020124B022083F8008002F0A6FA43462A46F5
S21401D030022003A902F0BEFA0D4B039A1A6008B942
S21401D0402046D8E70B4D2B689847212804D0204668
S21401D0501DF02CFC0020C3E731466B680220984780
S21401D060F5E700BFCC540020C8540020D56200204C
S21401D070C454002068690020044B5B6E5B054EBFFC
S21401D0800120034B187800F00100704700C001B87A
S21401D090D56200200A78022A11D0101F424242416E
S21401D0A052004B781201022B0BD0191F4B424B41F9
S21401D0B05B000549054842EA8312FFF713BD0122CA
S21401D0C0EFE70123F5E700BFF0FFFF00A5E0010051
S21401D0D00B78022B10D0181F434243415B004A785D
S21401D0E0022A0BD0111F4A424A4152000F2104481E
S21401D0F043EA8202FFF7F6BC0123F0E70122F5E7D7
S21401D100D1E001002DE9F8430E780446042E0D46C1
S21401D11090F830810BD100275FFA87F9484601F075
S21401D1207DFD08B14E4602E00137042FF4D13046AA
S21401D13001F074FD002849D094F83031B34209D18A
S21401D140AA88D4F8A8309A4204D16A88B4F8323151
S21401D1509A4238D084F83061AB883046A4F834312E
S21401D1606B88A4F83231AB8804F59875C4F8A830FA
S21401D170FF2384F82B3019F0A3F984F82A002846F7
S21401D18001F078FC18BB284601F03EFDF8B9D4F84A
S21401D190E03053B194F83011414506D02046B3F93A
S21401D1A01220EDF799FE84F83901204601F09AFE27
S21401D1B00949A4F834010123084AD1F8FC1004F106
S21401D1C0F80003F0AFFC0020BDE8F88321200C2313
S21401D1D084F83031F8E700BF001F00B0581F00B0D8
S21401D1E0F8B5054690F830010C460C28164623D0B3
S21401D1F0FF2923D01AB14FF0FF32114B1A6019F0F4
S21401D2005FF9074695F8300101F068FD844228BFB2
S21401D2100446E4B2BC4238BF3C46E0B285F82B0077
S21401D22001F002FEFF280CBF2124002416B928466F
S21401D23001F068FD2046F8BD0224FBE72124F9E74A
S21401D2407869002010B590F8303104460C2B43D095
S21401D250D0F8E03080F82A10D3B3D0F8F020CAB95D
S21401D26090F839318B421BD300222046FFF7B8FFD6
S21401D27040BB1A4B1B78022B23D8204601F032FE06
S21401D28017490123174AD1F8FC1004F1F80003F0FE
S21401D29049FC16E0B0F94220B3F912309A42E3DDB8
S21401D2A00022204694F83911FFF79AFF50B9C4F8C6
S21401D2B0E000204618F04DFD4FF6FF7398420146F8
S21401D2C001D1002010BD2046BDE81040FFF7C2B8CE
S21401D2D0FF2380F82B30F4E70220F3E7FC6B0020F5
S21401D2E0001F00B0581F00B0F0B51D46144B044691
S21401D2F01B780F46164685B05BB1D0F8E030E3B137
S21401D30002AAB3F912300092002214F0E4F905B033
S21401D310F0BD02A918F0A3FD9DF808103A46204674
S21401D320EDF7DAFD014626B92A462046FFF758FFF3
S21401D330EDE72046FFF786FFE9E71846E7E700BF77
S21401D3409A4E0400D0F89C30012B01D10020704782
S21401D35070B5044665498CB019F0E7F8D4F8E0607A
S21401D3600146E58DC4F8E40026B1336813B15B6865
S21401D370002B71D11DF09FFA1DF098FA0123D4F805
S21401D380E4108DF80630B389D6E90120EB1A9BB27A
S21401D39000FB03225648ADF80430036800928B4226
S21401D3A007D0204618F0D2FD80225249524BC8645D
S21401D3B01A61514D00F052FE0128FBD1AB689E0662
S21401D3C0F8D420469DF80620009906AB03F0E6F84F
S21401D3D000283ED100F042FE0128FBD1464A136FD9
S21401D3E0D801FCD493689906F9D4684606A903F0D7
S21401D3F08DFA054668BBE28D404B5A6494F824309A
S21401D40060F3410384F8243000F0EEFFD4F8E030F6
S21401D4105969431E0E68DBB2FD2B029622D9F31C16
S21401D42034D84B68FF2803935ED10126DA1C25D831
S21401D430024602A9204618F0A1FFE6B9D4F85431F5
S21401D44099053FD494F8243043F0020384F824303D
S21401D45011E002200CB070BD1A68032A8AD99B6AB3
S21401D4605B0E8EE74B6801280393DED0024620460A
S21401D47002A918F083FF00200CB070BD0133204BC9
S21401D4805B6816D0DA1C23D80393D1E71C4B013610
S21401D4901B6818BF0126DD1C06D802934B68FF28BF
S21401D4A00393C3D00020C3E7FF284B6819D003932A
S21401D4B0C3E7DD1C0FD80246204602A9039318F0E5
S21401D4C05DFFBBE720464FF4803119F0DFF8D2E765
S21401D4D0FF28B2D1E6E7FF28B0D10022204602A9F4
S21401D4E0EDE701200393A1E72A46C0E7FC1F00B041
S21401D4F0B4540020001F00B0000002B8008001B83C
S21401D5008069002010B50C4619B118F0E4FE00B190
S21401D5100434204602F0B8FA024B4042C3F8C80E63
S21401D520002010BD001000B0838E70B593420C46EB
S21401D53015461CD3836C8B4208BF00241DF0BBF933
S21401D5404FF49C530B490646CA68C2F30362D340A4
S21401D550DA0702D50B6F9B0304D401222946204625
S21401D56001F016F830461DF0A1F9002070BD21200B
S21401D570FCE700BF000002B82DE9F84F0646154645
S21401D5800B4611B92120BDE8F88F002AFAD00329ED
S21401D59005D8002201F05EF903460028F2D01C8867
S21401D5A09978B4F5804F01F0070080F0C580A0F1AE
S21401D5B0070C1A7993F805A0DF88DCF1000343EB2A
S21401D5C00C0305282B7394BF0023C1F30013C1F38A
S21401D5D0801C6B738B0985F810C003F00203C1F33E
S21401D5E0C00C43EA0C03C1F340116B74A974AF82FB
S21401D5F0002A40F0828096F81E31013BDBB2EB74C4
S21401D600D6F89430DF0600F18380063801287FD8EB
S21401D610B6F81280F76908F1FF38484B083C04EA6F
S21401D62008045B6D3B5D0134802B0EBF6FF07F03FA
S21401D630323B5BB2AB730023AB6096F8279004EAEB
S21401D6400804B9F1000F61D1631D03EA08035A1CEF
S21401D65002EA0802BA5CFB5C43EA0223D9040FFA29
S21401D66083FB4CD5D6F8E43013B11B68022B05D8E2
S21401D67041F24D724C210020FEF74EFFD6F8E42011
S21401D680CBF30B0392F82420DB000AB1B3FBF2F3D1
S21401D6909A4508D83BB1CAEB0A2ABAFBF3FA6FEAF5
S21401D6A00A0A5FFA8AF9D6F8EC3023B1484695F9AA
S21401D6B00E1098478146631C85F80F9003EA08030D
S21401D6C0F95C013303EA0803FA5C013303EA080351
S21401D6D041EA0221FA5C013303EA0803F85C41EAF5
S21401D6E00241002341EA00616A7C304603F0D8FA21
S21401D6F006232860AB71002045E7531E7EE717F826
S21401D70004904FEA49095FFA89F9CCE79946D2E7CE
S21401D71000230020EB730A4B5A69C2F30723120455
S21401D72048BF63F0FF035AB212F1800F1CBF323BB1
S21401D7305AB2AA730346DCE7022024E7004000B889
S21401D74000C000B838B5148811F003054FEAC404C8
S21401D75022D13F2C20D9B4FA84F4C4F11903DBB2E8
S21401D760052B01D8192C15D0052B28BF052301241C
S21401D7700633DBB29C40C4F3CF031380038281617E
S21401D780448700F02DFF054A631E2343C2F8A430E8
S21401D790284638BD2B46EAE72125F9E7001E00B0EA
S21401D7A011F5004F1FBF01F30E01044BC1F30E012B
S21401D7B0002014BF99642120704700BF008001B883
S21401D7C0F8B504460E4619B990F824305A063FD4E7
S21401D7D04FF6FF73618ED4F8E470994204D0314B52
S21401D7E01B680BB1204698472F4D2B68BB424DD086
S21401D7F02E4B1B683BB11FB13A68002A48D0BF6860
S21401D8003946204698470727204601F06BFB002E35
S21401D81032D006270126264B94F9282093F90030AA
S21401D8202449C3F11C039B1ACA69DB0222F4FF22B6
S21401D83003F4FF231343CB61D4F8E4301E4A2B6074
S21401D8401E4B976720461E7018F089FD0020F8BD14
S21401D8504FF6FF71144DD0F8E4702A6866F386130C
S21401D8609742418680F8243017D0104B1B68002B56
S21401D870C1D101F037FB072711493B46114AD1F8C0
S21401D880FC1004F1F80003F04DF9C2E70127BBE7ED
S21401D8901746204639469847B5E701F023FB01278E
S21401D8A0EAE700BFC0540020B4540020BC54002056
S21401D8B0D362002000C000B8006000B8D462002027
S21401D8C0001F00B0581F00B0054A12681AB190F840
S21401D8D01E1119B91047084602F0AABB0148704745
S21401D8E0B054002000FEFFFF344B2DE9F7431C68BF
S21401D8F001F4007900F00103174653EA09020646CF
S21401D9000D4635D04FF000083BB30023002200211E
S21401D9100120CDE9008803F007FB042001F02CFE6E
S21401D92041462046FFF7D0FF012241462086104699
S21401D93018F0C1F9D4F8941004F1F80002F010FCC4
S21401D9401F490868FFF7C0F84FF0FF330B6094F8E3
S21401D950243043F0040384F82430B9F1000F07D0D3
S21401D9600121204618F092FE25F4007506430D436A
S21401D9702B4632462046FFF709F9FB070FD511491A
S21401D980114A086800211368116001210F4A1170BD
S21401D99003B198470E4B002102205B68984717F0A9
S21401D9A00E0F08D04FF409723B21002003B0BDE8EA
S21401D9B0F043FEF7B1BD03B0BDE8F083C4550020C7
S21401D9C070690020C8540020CC540020D562002085
S21401D9D06869002008B5482200210248FDF72CFF9F
S21401D9E0002008BDDC1E00B073B578216422A0F8C3
S21401D9F0141182210C23C0E94112C0E94322C0F868
S21401DA00002107224FF0FF35002680F830314FF60F
S21401DA10FF730446C28700F14C0282641E4AC38526
S21401DA20A0F8403080F82C3043864263038780F8A4
S21401DA302860C0F8A850458580F8265003F03EFCC3
S21401DA402046FFF7C7FF94F928102046FFF76AF92A
S21401DA50602340F6FF71114A2046D36402F11C424E
S21401DA60D162D1650E4A2946D36440220D4B1A670E
S21401DA70D4F89420FFF7D8F90E230022CDE900331D
S21401DA8040F202231046194603F04EFA01F0E2F87E
S21401DA90304602B070BD00BF4000FFFF004000B836
S21401DAA0005000B8002002B810B50C46FFF792FFF0
S21401DAB0BCB1A378082B16D8E278082A13D843EA13
S21401DAC0021313F0FF030CBF19466168074AC2F838
S21401DAD0DC10217882F82011617882F8233182F8EF
S21401DAE02111002010BD2120FCE700BF001E00B060
S21401DAF0012A10B512D8032B10D803EB820201239A
S21401DB00074C934094F82201DBB221B10343002075
S21401DB1084F8223110BD20EA0303F8E72120F9E753
S21401DB20001E00B0034670B50C68B0F8342101340D
S21401DB3008BFD3F800418D6808BF0C604C68F83008
S21401DB40013404BFD3F80C414C606E1C3CD1D3F8B1
S21401DB500841CE688C60751C3CD1D3F804510E691F
S21401DB60CD60013604BFD3F8F8600E614E69013608
S21401DB7004BFD3F8FC604E618E69013604BFD3F84A
S21401DB8010618E618E695EB35A32B24238BF324638
S21401DB900E688A6116B15A2E38BF5A26C3F8084154
S21401DBA04C68C3E94065C3E943420A69C3F8F820F3
S21401DBB04A690C49C3F8FC20D1F8FC1007230A4A2D
S21401DBC002F0B0FF002070BD02F15A04AC4238BF2B
S21401DBD02C46BEE702F17805B54238BF3546BEE7AA
S21401DBE06422D5E7001F00B0581F00B070B51CF0C6
S21401DBF062FE04460B4E00F031FA012805D020469D
S21401DC001CF054FE0225284670BDF36813F0706FB1
S21401DC10C3F30365EFD1B36ADB06ECD520461CF0EF
S21401DC2045FEF0E7000002B838B51CF044FE4FF69A
S21401DC30FF710A4A13888B4203D11CF037FE0E206F
S21401DC4038BD074C074D1B046566A4F58054636612
S21401DC5011801CF02BFE0020F2E700BFFA6B0020BB
S21401DC60006001B80000FFFF2DE9F74304460F46A8
S21401DC7015461E46FFF732F830B3A38A23B3204673
S21401DC8018F02FF978B9002E40F0F280794BD3F8CE
S21401DC90D83E03F03002102A00F0EA8003F0C003F9
S21401DCA0402B00F0E580DFF80082D8F81430D90761
S21401DCB040F1DE801CF0FFFD0646032001F058FD12
S21401DCC030B130461CF0F2FD022003B0BDE8F0830F
S21401DCD0D8F8142012F00608F3D130461CF0E6FD01
S21401DCE0644B4FF400612046D3F8D89ED3F8AC6E4F
S21401DCF004F0BEF940B14FF4007201215E4B0846B4
S21401DD001A67424617F0D7FF94F82530DA0707D589
S21401DD10D4F894305B0542BF4FF40022574B1A6784
S21401DD2039462046FEF796FB524BC3F8D89EC3F8F9
S21401DD30AC6E0028C9D194F82430980601D4002D81
S21401DD4057D0C5F3400003F023FB022315F4807F70
S21401DD501BBF0021494A484A136717BF484A136741
S21401DD605161136303F04EFB4FF4806315F0040F0B
S21401DD7014BF444A444A15F0400F53624FF0040260
S21401DD803D4B28461A674FF0400314BF3F4A404AAE
S21401DD90C2F88830FEF7C8FE204618F0CCF938B134
S21401DDA04FF4807315F0010F14BF344A324A1367DB
S21401DDB0A90647D54FF6FF72B4F8403093420FD00C
S21401DDC0344A3549526E100CC2F301120132B3FBCC
S21401DDD0F2F308802B4A2C4930481B0448665366E8
S21401DDE0003D18BF012594F8243065F3451384F8E7
S21401DDF02430204618F06FFAF0B1204618F09BF94F
S21401DE00D0B14FF40031204604F032F9431C03220E
S21401DE109BB2234801A918F016FB9DF8042002F0D6
S21401DE200703052B9DF8053015D112070DD443F4D1
S21401DE3080731C4AC2F8B830002003B0BDE8F04336
S21401DE4018F00EBBFFF7F0FECAE713F0040F09D176
S21401DE509DF80630EBE703F03002202A05D113F0D7
S21401DE60010FF4E74FF48073E3E79DF80630E0E72F
S21401DE700E202AE7001000B0002002B8001002B8F9
S21401DE8000400054005001B8006001B800D000B84E
S21401DE9000E000B8004001B8FA6B00200000FFFF68
S21401DEA008400054001E00B000C001B82DE9F3413F
S21401DEB00646884615461F461CF0FDFC0446032010
S21401DEC001F056FC38B120461CF0F0FC0E2420462A
S21401DED002B0BDE8F081042001F04AFC0028F2D12E
S21401DEE020461CF0E3FC01232A4641463046FFF754
S21401DEF0BBFE04460028EAD1DFF8C8805FB388F885
S21401DF00000039463046FEF735FD00284CD198F81A
S21401DF100030012B1CD02022244B1A67244BDB6CCB
S21401DF20B3F5817F1FD2012018F0DBFA1CF0C3FC89
S21401DF30204B06461B680193CBB901F093FC15F004
S21401DF40800526D101F0E0FC284603F0F5F925E02E
S21401DF5003F008FABBE798F80030012BF8D0002B45
S21401DF60D9D12124B3E78022134B1A61DBE70420C1
S21401DF7001F002FB00230122042001A901F01AFB93
S21401DF800028DAD103F056FA212430461CF08EFC24
S21401DF909DE70022094B9A6701F0B6FC084B012168
S21401DFA05B6800209847F0E7044690E7001002B847
S21401DFB0001F00B0B8540020000002B800C001B82D
S21401DFC068690020D262002008B50C4BD3F84C11CA
S21401DFD04B1C12D011F080410FD1094B1B6813B1B5
S21401DFE00320FEF70BFE4FF080624FF40071054BE5
S21401DFF0DA67054AD16201225A6108BD0080E00F46
S21401E000C4550020001002B8004000B84FF40022AA
S21401E010034B186F03F500531A67C0F3C0407047EF
S21401E020000002B8024B586900F00100704700BFBB
S21401E03000C001B8084B5A69D10707D508B901F0E5
S21401E04077BA5B69DA0706D401F064BA5B69DB0765
S21401E05001D40028F8D1704700C001B80F4BDB6827
S21401E060C3F30363013B0B2B0FD8DFE803F006066F
S21401E0700C06060606080A0808080220704704204F
S21401E08070470520704703207047054B5B6913F006
S21401E090060F0CBF01200420704700BF000002B825
S21401E0A000C001B8094AD368C3F303630B2B08D039
S21401E0B06FF49050184100F0010080F0010040001C
S21401E0C07047106F10F48030EDD17047000002B831
S21401E0D00C4AD368C3F30363062B07D8042BD8B2C4
S21401E0E00BD8C31E5842584140007047072B06D133
S21401E0F0D2F830010028ECD170470220704700208A
S21401E100704700BF000002B8094BDB68C3F3036326
S21401E1109A1E012A8CBF00220122012B02701EBF0B
S21401E1204FF4026222FA03F303F001030B70704707
S21401E130000002B8094AD368C3F30363032B01D076
S21401E140072B08D1536FDB0605D4906F80F00800CB
S21401E150C0F3C00070470020704700BF000002B83F
S21401E160024B0022196818F097B800BFB077040078
S21401E170024B1B6803B11847704700BFE4540020E8
S21401E180024B1B6803B11847704700BFE0540020DC
S21401E19010B5FF224FF6FF71044618F09FF868B9D4
S21401E1A0FF224FF6FF71204618F0A9F830B9204635
S21401E1B0BDE81040FF22024918F0B3B810BD00BFF9
S21401E1C0547704002DE9F0411C46184B05461E689D
S21401E1D00F46904646B1306801F01CFEF3681BB14D
S21401E1E0B368186801F016FE114B1B682BB1DA688C
S21401E1F01AB19B68186801F00DFE9DF81830640787
S21401E20044EA08425B0503F0BC6342EAC7621A436C
S21401E2102846084942F4C87203F016FF0022284631
S21401E2201146FFF781F90020BDE8F081AC770400C4
S21401E230B07704009007E12D08B5FFF77BFF88B1A2
S21401E240094BDA6912030DD5186F10F4003009D1A5
S21401E2509B6F13F0100F4FF010030CBF034A044AD4
S21401E260936708BD0220FCE7000002B8001002B860
S21401E270002002B838B50446F8B1124AD3691B0328
S21401E2801DD5556F104BC5F38115032DB3F8B4306A
S21401E2900DD10822083B9BB221460C4818F0D3F852
S21401E2A00020084B25729B6F1B0A637238BD022D36
S21401E2B005D1023B2A469BB2EEE72120F6E7022073
S21401E2C0F4E700BF000002B8001E00B0384000545A
S21401E2D0431EDBB2FD2B14D9FF280B6801D14A6817
S21401E2E0134313F0802F1EBF42F20102074BC3F8FF
S21401E2F0282251F82020054BC3F85022C3F8542297
S21401E30070470128F5D10023E9E700BF004001B8B6
S21401E310F0B585B06D460E460F4B074614460FCB3B
S21401E32085E80F000D4BD3F848020090D3F84C2235
S21401E33001923EB1631EDBB2FD2B0AD93060FF2C81
S21401E34000D1726022462946384618F017F805B003
S21401E350F0BD012CF4E700BF5C7704000080E00FFD
S21401E360F0B585B06E460D4B07460D460FCB86E8D9
S21401E3700F0000F039F8314604460246384618F0D8
S21401E38076F94DB140B9FF2C1BBF04AB03EB8404F7
S21401E390009B54F8103C2B6005B0F0BD5C77040080
S21401E3A030B50C4B0546187085B0082380B90A4A6B
S21401E3B0C2F8FC3351B96C46084B0FCB84E80F000A
S21401E3C0074B2A4621461868FFF7A2FF05B030BD65
S21401E3D0044AEDE7726C0020001002B86C77040066
S21401E3E0C4550020002002B8014B1878704700BFC2
S21401E3F0726C0020124BD3F8E020D2031ED54FF4E6
S21401E40080321049C1F8E020A1F58051C1F8EC2016
S21401E4101A6CD1B2C2F30722C3F88010C3F8802069
S21401E4200422C3F880200022C3F88020C3F880208D
S21401E430C3F88020C3F88020C3F88020704700BF4F
S21401E4400040005400600054F0220A4B01219A64F7
S21401E450A022A3F580539A64074B826CC3F8C010C0
S21401E460FC21C3F89810C3F89C204FF40052C3F85F
S21401E470BC207047006000B800400054F8B50D4657
S21401E480174606461CF017FA01230421084C094AD0
S21401E4902363A760E6602561C2F8E010064AC2F869
S21401E4A084311CF003FA0DB102232363F8BD00BFCB
S21401E4B0004000540060005400E100E00222024BDC
S21401E4C058611A63704700BF004000540122044B94
S21401E4D01A6640F6FF729963D863DA65704700BF23
S21401E4E0004000542DE9F04F042A05460B4683B040
S21401E4F039D901260978141F81615A7803F1040974
S21401E50082619A788261DB7883610368D0F808B00B
S21401E51003F0070306339E4006F1FF3A0AEA0B08AA
S21401E5204768A6EB0802944247F000570ED84946C2
S21401E530224607EB0800FDF70FFB46EA0A0604EB46
S21401E5400B023240AA6003B0BDE8F08F494607EBE4
S21401E55008000192FDF700FB019A384609EB02011B
S21401E560A21B4244E7E7013A032AECD8DFE802F0AF
S21401E5700B08050213F8012B826113F8012BAA611F
S21401E58013F8012BAA611B78AB6103B0BDE8F08FCD
S21401E59038B50C46154601460F4B60B101220F48AF
S21401E5A0C3F8C0202246FFF79DFF1DB104220A4B87
S21401E5B0C3F8C02038BD64B1D3F8A420A24284BFFA
S21401E5C00122C3F8C0200222C3F8A040C3F8C0202D
S21401E5D0EBE70122FAE700BF0040005498400054E0
S21401E5E038B504461CF067F901211A4A638F0546BF
S21401E5F011663BB3B3FA83F3C3F11903DBB2A06927
S21401E600C2F8901093660723D066C2F88C304FF498
S21401E610A02302F50052C2F8E030A2F58052C2F8FB
S21401E620EC3000220C4B1A600C4B1B6F5B0209D5B9
S21401E6304FF480020A4B04F1F8001A67D4F89410DC
S21401E64001F08EFD4FF4E0232846E363BDE8384031
S21401E6501CF02CB900400054E8540020000002B819
S21401E660002002B82DE9F84305460C46B1B1D0F8B2
S21401E6701880478F1CF01FF9B5F83CC0791E01EAD7
S21401E6800C0323F00702032C0646DFF8F8E04244A9
S21401E6905CD1DEF8004024B91CF008F90E20BDE874
S21401E6A0F88324F00104DEF8000020F00100A04207
S21401E6B051D10023CEF80030238894426FEA4343B9
S21401E6C06FEA534323803CD1EB8F08EB07091846CA
S21401E6D0083880B202F108044C4528BF4446082891
S21401E6E004D9B4F800E0BEF5804F3ED263440F4330
S21401E6F01B1A3B409BB2AB87E887118894781C4A6B
S21401E700C1F30C0151645367C2F88C004FF48022A8
S21401E710184B04F00704C3F8E0200122164BC3F897
S21401E7208421FFF767FE042C0BD14FF48002134BB4
S21401E73005F1F8001B6F124B1A67D5F8941001F01B
S21401E7400FFD30461CF0B2F80020A8E7601E012835
S21401E75098BF1446A7E7E88F4344E31A48BFDB197E
S21401E76008389842A8DC304696E72246B0E700BF54
S21401E770004000540060005400E100E0000002B8D0
S21401E780002002B8E8540020144B10B51968CA8F4F
S21401E7908B8F488F13440138073B8C69034023F065
S21401E7A007031C4402F108030D4A9BB2CB87C2F84B
S21401E7B08C304FF480220B4BC3F8E02001220A4B29
S21401E7C0C3F88421A07800F00700042803D1074A83
S21401E7D0D3681B03FCD4064B1C6010BDC455002037
S21401E7E0004000540060005400E100E0000002B860
S21401E7F0E854002010B5064C216839B1CB0703D484
S21401E800044B1868FFF72EFF0023236010BD00BFDE
S21401E810E8540020C45500204FF480320B4B0C49BD
S21401E820C3F8EC20A3F50053C1F8E020D3F8881014
S21401E8309A6E012302F0070206329340C1F30C01DF
S21401E840083B994201D8FFF7D5BD704700600054D8
S21401E850005000542DE9F04780460C46164687695D
S21401E860458F1CF028F8B8F83C2005F1FF3C02EA79
S21401E8700C0323F00701032C82463944B8F83E0006
S21401E88019D1494C24689CB90244073A02EA0C02A1
S21401E89022F00702BC183B44E31A48BF5B198342C7
S21401E8A010DB50461CF002F800242046BDE8F08735
S21401E8B024F00104EFE7012C02D0022CEBD108383A
S21401E8C00C46E8E7002E3DD08C423FD1374AD2F8BD
S21401E8D044903649B8F81270D1F88820C2F30C0279
S21401E8E0934247DA2588B5F5804FDAD2A378C5F387
S21401E8F00C0503F007037A1EA5EB09053A43052B21
S21401E900337005EA02052DD82DB2E84340F24142A4
S21401E9100421C00FFDF700FE7580E3783374D8F844
S21401E9201C207B1E03EA0903D118B160A9B213FAB1
S21401E93085F5AF422FBF0023FF1AB780F26024BFD0
S21401E940B180F36050461BF0B1FFAEE7A4F10802B8
S21401E950974284BFED0802EBC502B2F80090C9F3F6
S21401E9600C09B6E7124B5B6D003B18BF0123A5EB04
S21401E970C305C9E70B6C7A1EA3EB09033A431A4099
S21401E9800C4915B2002DCB680BDCC3F30363D81E0C
S21401E99043424341DB0033708B6F72801B0A337432
S21401E9A0BDE70823F7E700BFE85400200040005405
S21401E9B0004000B8000002B8054BA822D3F84C016D
S21401E9C03121431C0CBF0120C0F38070FDF7A4BDAC
S21401E9D00080E00F38B5094D0446286840F69702D6
S21401E9E0003818BF01202B21FDF796FDFA235C4362
S21401E9F02B680A20B4FBF3F4604338BD1C55002095
S21401EA00174B30B51A68431C164B22D0B2F1407F23
S21401EA101FD3154D00F03F04D5F8002122F03F0228
S21401EA201443C3F8C84001F03F042243C3F8D02082
S21401EA30D5F804310D4A1A400D4B03EA500003EA9B
S21401EA40510110431143074BC3F8CC00C3F8D4104F
S21401EA5030BD00200146C3F8C800C3F8D000F2E775
S21401EA600080E00F001F00B0000002B81FF087E131
S21401EA70E0FFFF7F73B5574E0446317819B91C2263
S21401EA805548FCF7D9FE2378544A618813705180A3
S21401EA904FF0FC62524CFF21C4F8FC204FF47F0279
S21401EAA0C4F808214F4A022B4F4D117033D104236D
S21401EAB007224E49C4F8FC23C5F8FC33C4F80011FC
S21401EAC04FF4C071C5F80011C4F8FC234FF480520E
S21401EAD0C5F8FC33C5F870214FF40052C4F8702114
S21401EAE0C4F808314FF4FF13C4F8FC304FF4BB13DD
S21401EAF0C5F8FC308023C4F8703148F2C8023C4B9C
S21401EB00C3F8D8203B4B3C4A0020C3F8C02F012352
S21401EB10337002B070BD394A012BC4F80021384B5E
S21401EB2027D14FF4C072C5F80021D3F83802D3F8C4
S21401EB303C12FFF765FF0723C4F8FC330223C5F830
S21401EB40FC334FF48053C5F870314FF40053C4F8CA
S21401EB5070310423C4F808310DEB0300ECF7F4F828
S21401EB609DF80530023B012B9CBF8023C5F8703110
S21401EB70C3E7244AC5F80021D3F83002D3F834128B
S21401EB80FFF73EFF0723C4F8FC330123C5F8FC3327
S21401EB908023C4F870314FF4805301A8C4F8703153
S21401EBA0ECF7D2F89DF80530012B05D19DF804301D
S21401EBB053B948F25D1309E0FBD9023B012B9CBF18
S21401EBC04FF40053C5F8703148F25813084AC2F89A
S21401EBD0D83097E7D6620020C41F00B0FC6B002037
S21401EBE0002002B8766C0020001002B8C0F10F00B9
S21401EBF0001F00B0001000B0F0540020C0F70F0056
S21401EC000080E00FC0F60F00034B1A6802609B8875
S21401EC1083800020704700BFFC6B002010B50446BF
S21401EC2001F026F80A4BD3F8F83724B983F4002309
S21401EC30C3F3C04010BD012C05D113F4C02F0CBF87
S21401EC4001200020F6E7A31E58425841F2E700BF14
S21401EC50000002B86FF07F42154BD3F8FC379342A1
S21401EC6008D0144A03F03F031370F123124A1370BD
S21401EC70124A13701249134B09781A68A9B1B2F1F6
S21401EC80A06F12D3D3F850120F4A104BB1F1FF3FC9
S21401EC9018BF13460E4A136041F66A020D4B1B68F5
S21401ECA0B3FBF2F30C4A13607047084BF2E700BF60
S21401ECB0000002B8776C0020786C0020796C002088
S21401ECC0756C00200080E00F5082E00F9077040002
S21401ECD0EC540020385500201C550020012807D090
S21401ECE0022802D030B100207047034B18787047D5
S21401ECF0024BFBE7024BF9E7776C0020786C0020AB
S21401ED00796C00200023F0B590F8304185B00246BA
S21401ED102046CDE90133CDF80B30FFF7DFFF92F83F
S21401ED202B30411EC9B28B4228BF0B46002C3CD06B
S21401ED30012C38D1042418464FF00F0C384E0DEB39
S21401ED400405B0FBFCF7F75D013CC01BC0B2814275
S21401ED5038BF00206055002CF3D105240F278DF80D
S21401ED600830B3FBF7F0305C0344DBB28B4228BFBC
S21401ED700B462B5501340B2CF3D10F2602F1A800BC
S21401ED80D43215F8013BB3FBF6F14C1CC1EB011173
S21401ED905B1A0133DBB2E4B21B0443EA045340F8C6
S21401EDA0043F8242EDD105B0F0BD042418464FF071
S21401EDB00F0C1C4F0DEB0406B0FBFCF5EDB27D5DB0
S21401EDC0013C401BC0B2814238BF0020A055002C38
S21401EDD0F2D105240F258DF80830B3FBF5F0385C29
S21401EDE00344DBB28B4228BF0B46335501340B2C50
S21401EDF0F3D10F2502F1A804D43216F8013BB3FB78
S21401EE00F5F1481CC1EB01115B1A0133DBB2C0B24C
S21401EE101B0443EA005344F8043FA242EDD1C2E783
S21401EE20897704007C77040038B5284B05461A78A4
S21401EE3027490C2A02D1FF20087038BD104617F06A
S21401EE403FFB04461046FFF749FFA84228BF284665
S21401EE50C0B2A04238BF20460B78C0B28342ECD085
S21401EE60087088B1431EDBB2022A1A490ED14FF050
S21401EE70FC62C1F8FC20A1F50051D1F8FC2042EA61
S21401EE804353C1F8FC30D8E70346EDE7124A134C6A
S21401EE901268AC32C4F8C02F4FF47F02C1F80821C3
S21401EEA00F49CA6FD202C8D40F22B3FBF2F2551C27
S21401EEB0C2EB02129B1A0133D1F808411B0443EA44
S21401EEC005532343C1F80831B7E700BFFC6B0020A8
S21401EED0766C0020002002B8C4550020001000B057
S21401EEE0000002B82DE9F04F90F830510646D0F8F0
S21401EEF0A82087B035BB1F2A38BF1F22093A4C24E9
S21401EF00844B85481B6A96F82B10C3F38213DC40AA
S21401EF100368DFF82CA29342DFF828827F4B04F0C7
S21401EF20010414D11F78A74211D19AF80070AF429C
S21401EF300DD17B4F3F788F4209D1B8F8040007B056
S21401EF40BDE8F08F032A38BF0322023AD7E70260F2
S21401EF5098F800001C70FFF7C1FEFF2924D128464F
S21401EF6017F0AEFA07466F493CB3D6F8E4702FB1F6
S21401EF703B68082B40F2CB8097F838701DBB0B68B6
S21401EF8040F27121B3FBF1F353431922B3FBF2F3C1
S21401EF9039462A4605A8059317F068FA02023C048A
S21401EFA0059842F0110988E0471E8F4228BF0F4698
S21401EFB0012F38BF0127FFB2D5E7012D29D0022D39
S21401EFC001D0B5B327460B6840F27121B3FBF1F3CC
S21401EFD053431922B3FBF2F33946012207EB072408
S21401EFE005A8059307EB042417F040FA7F00032FCA
S21401EFF038BF0327020242EA001242EA0009033F31
S21401F00000F01F0007FA00F0FFF7E4FC00F5FA67CE
S21401F01058E00F23B7FBF3F3581CC3EB0313FB1A9B
S21401F0200133DBB2C0B21B0443EA0053C3F3074704
S21401F030C9E70C6840F27121B4FBF1F40F23544385
S21401F0401922B7FBF3F3B4FBF2F43748374A0068EA
S21401F050A2FB0412013350FA83F313F8013C039226
S21401F060A3F140012A4603A8019317F0FFF9039F75
S21401F0702F4AE41BA2FB041200903021049204A83C
S21401F0802A4617F0F3F9DDF810B08146A4EB0B041D
S21401F09001220594102144F2100405A817F0E6F9A0
S21401F0A0009B1A02019B42EA091244EA0344059BAB
S21401F0B042EA000907EB0B001844FFF78BFC00F54A
S21401F0C00C57283740F6FF711A4B3846C3F8C01064
S21401F0D0A3F58053C3F8C090A3F58053C3F8C4408A
S21401F0E0154C276001F0B0FC4FF47A72134B404286
S21401F0F0986523680A49B3FBF2F3A8F8043096F83A
S21401F1002B30B7FBF2F08AF800500B7017E7002798
S21401F11034E700BF004001B878690020D7620020BC
S21401F120736C002038550020EC54002069C2F56845
S21401F130911E856B006001B820550020001F00B0AD
S21401F140746C0020FC6B0020014B1870704700BFE8
S21401F150756C002010B5044603F012F878B1174B11
S21401F1601B786BB964B1164B1B784BB1154B1B78EA
S21401F170013B012B04D84FF40042134BDA6710BD54
S21401F180124BDB6F1B04FAD41BF095FB4FF40042C5
S21401F1900F4B0446DA67A3F5A0435B682BB1FEF775
S21401F1A041FF10B1022017F09CF90222094B2046BC
S21401F1B0BDE81040C3F884241BF078BBD862002059
S21401F1C0D962002024550020002002B8000002B8B1
S21401F1D0001002B800D003500122024B00201A7022
S21401F1E0FFF7B8BFD86200200022024B01201A7038
S21401F1F0FFF7B0BFD8620020F7B50646504C00F0C6
S21401F20037FD504B2578504F1E7085BB2846FFF7BB
S21401F210A1FF2378013B012B19D8E37B01A88DF8C8
S21401F2200430237C8DF80530E8F7AEFFC7F8845428
S21401F2304FF6FF72454BC3F88420F822A3F580539E
S21401F240C3F884200022404BC3F884240DE04FF617
S21401F250FF723E4BC7F88454C3F88420F822A3F506
S21401F2608053C3F88420C7F88454394B5BE00020F0
S21401F270FFF770FF2378013B012B08D8E37B01A839
S21401F2808DF80430237C8DF80530E8F77DFF0023E8
S21401F290C7F88434002ECBD062685AB32D4B1B6856
S21401F2A003EB5203B3FBF2F3013B1B0243F0F803FB
S21401F2B026782649022E284A1ED0032E4FF6FF75C1
S21401F2C0214826D0012E34D143F00203C1F88450E0
S21401F2D0C2F884300723C0F88434E37B01A88DF894
S21401F2E00430237C8DF80530E8F722FF0120FFF774
S21401F2F031FF17E0F823DBE74FF6FF7043F0010319
S21401F300C1F88400C2F8843006220F4BC3F8842467
S21401F310E3E743F00503C1F88450C2F884300423C0
S21401F320C0F884340D4B4FF080420020DA6703B0FA
S21401F330F0BDC1F88450C2F884300023F0E700BF66
S21401F34024550020D962002000C00350006000B898
S21401F350002002B838550020005000B8001002B84E
S21401F360F0B5294F06463D4604460FCE0FC5336815
S21401F37085B02B6000F07CFC0022244BC3F884246B
S21401F380A17A627A42EA0142C3F89024217CE27BA8
S21401F39042EA0142C3F88C24217B627B41EA0240A7
S21401F3A0C3F888043B78032B2AD8DFE803F022024F
S21401F3B00C178DF8041004218DF805200DEB0100C3
S21401F3C00022E8F781FEE37B00228DF80830237CDB
S21401F3D0042102A88DF80930E8F776FE637A012247
S21401F3E08DF80C30A37A042103A88DF80D30E8F7C8
S21401F3F06BFE074B187805B0BDE8F040FFF7FCBE82
S21401F400212005B0F0BD00BF2455002000C00350E8
S21401F410D9620020034BDB6F002BBCBF024BC3F845
S21401F42088007047000002B8004000B82DE9F04798
S21401F43017F0BBF84FF47A762D4BB0FBF6F6186052
S21401F4404FF4FA73734307462A48190E1B0218181D
S21401F450294A4FF0000341F10001FBF781FE274BDB
S21401F460A0F5807205461A6320B948222B21FDF7C4
S21401F47053F801254FF47A724FF0000A6A43534657
S21401F48050083102FBF76CFE1C4B1D4AB7F57A7F1C
S21401F4909A601C4B4FEA056819601B4B8946044667
S21401F4A018604FEA152505D29B222B215046FDF701
S21401F4B033F801264FF47A73A8FB030103FB051109
S21401F4C07308C01841F1000100233246FBF748FEDD
S21401F4D00E4B023419600E4B49F10009A40818605E
S21401F4E044EA8974054B013C9C63BDE8F08700BF84
S21401F4F03855002020A1070040420F0000C001B887
S21401F50002110100485500204455002040550020B6
S21401F5103C5500201022044BC3F884215A60012276
S21401F520024BDA60704700BF00E100E000C001B89E
S21401F5301022064BC3F88421C3F88420BFF34F8FF3
S21401F540BFF36F8F0422024BDA60704700E100E0E0
S21401F55000C001B810B50446A242A2EB0000A3EB1E
S21401F560010104D2034B01399B6B0133184401F0AE
S21401F570030110BD00C001B838B501250A4B0201D0
S21401F5809D504FF480730446084A834053661BF02F
S21401F59092F9074AA540137823EA05031370BDE8DC
S21401F5A038401BF083B900BF00E101B800E001B8A4
S21401F5B0E26200202DE9F84F164605468A461F46A8
S21401F5C01BF079F9022E00F0908080461BF080F93E
S21401F5D0594B5A4AD3F82090147D5A6EE4B252071A
S21401F5E044BFD3F82090013404F003041BF06BF9F8
S21401F5F04846214600F036FA8446DAF80000012E25
S21401F60004BF01306044ACEB000C08BFCAF8000030
S21401F610BCF1804F7DD300F037FA8145A1EB0401A0
S21401F62088BF454BDFF834C188BF01F1FF3101F0D7
S21401F630030188BF9B6BA0EB090E0CF80510A1B166
S21401F640F90742BF41F61F723D4B5A67BA0742BFE0
S21401F6503B4B3C4A5A677B0742BF0022364B9A67B0
S21401F6603C0742BF0022344B9A6511244FF0010A31
S21401F670314B05F11002120103EB051BCBF80C010F
S21401F68031499C501A6A0AFA05F4586E0B78A2EBB7
S21401F6900902E4B2234372450B7025D34FF48073FD
S21401F6A0AB40034220D11CF80520002A40D10EB3FE
S21401F6B0264AF807536607D541F61F7140F2011036
S21401F6C01F4B596750675967B90706D51C4B1D4A2A
S21401F6D01E491F485A6748675A677A0742BF012280
S21401F6E01C4B1A613B071AD440461BF0DFF8012079
S21401F6F0BDE8F88F184A2D0142F805A042F89C3C57
S21401F7001BF0D9F810490B7823EA04030B701BF0A1
S21401F710CDF840461BF0CAF80020BDE8F88F21203E
S21401F720FFF778FE4FF48032034B4046DA60DCE7A1
S21401F730064A40465366D8E700C001B8A8550020DF
S21401F74000E001B800001F1FE262002000D001B8EF
S21401F75000000101000002B800E101B8DA620020F1
S21401F760024B1878003818BF01207047E26200206B
S21401F770034B10300001185800F00100704700BF1D
S21401F78000C001B870B50646FEF74CFC044608B149
S21401F790FFF7CEFE0023084D3046AB61EB612B62CE
S21401F7A000F072F9054BC9B2197528620CB1FFF762
S21401F7B0B1FE002070BD00BF00C001B8A8550020F2
S21401F7C02DE9F0419DF818800D46B8F1000F08BFED
S21401F7D00022214EB5F5803FB168074621F470013D
S21401F7E041F4A001B1609DF820409DF81C104FEA3D
S21401F7F0042444EA016444EA031444EA084444EA5B
S21401F80002044FF0180140F2E9222CBF002001202B
S21401F8107465FCF781FE3564B8F1000F1AD00F4B02
S21401F820BC68D3F888305A2C38BF5A245B0606D5F4
S21401F83000F0F0FB18B10A4BB3FBF0F31C44204672
S21401F84000F022F90130854238BF0022024B34BF56
S21401F8505A645864BDE8F08100C001B800C000B821
S21401F86000093D00214B10B51A6E1A66596C59B144
S21401F8701F49C96800292EDB596D4FF0FF3301F08F
S21401F8800F018B409A4326D110242020FFF7C2FD9A
S21401F890184B9C6002F088FB2022174BC3F884218A
S21401F8A001F0F4FC48B1002200200821FEF71CF804
S21401F8B0124B5C66A3F580531C670D4AD36803F0B0
S21401F8C07063B3F1807FF9D9084B0D4A5A6741F24C
S21401F8D001429A6710BD01F0D9FC0028F4D0094B0B
S21401F8E0064A5366A2F580521367EDE700C001B8D9
S21401F8F0000002B8001002B800E100E000E001B824
S21401F900011B01181000002008B52120FFF782FD19
S21401F9104FF48032014BDA6008BD00BF00C001B869
S21401F920F8B5184D04462B6A1B0426D500F0E6FBF5
S21401F9302B6AA0FB044613F0787F4FEA9367C3F364
S21401F9404450C3F3044505D140F25A422B21FCF73B
S21401F950E3FD0120AD01B5FBF0F010EB871005D1FA
S21401F96040F25F422B21FCF7D7FD0120024600231F
S21401F97020463146FBF7F4FBF8BD00F04BFBA0FB3D
S21401F9800401F9E700C000B80246012030B50B4C6F
S21401F990A0F12003C0F1200524FA05F504FA03F3CB
S21401F9A02B4304FA00F595428B4100D330BD0F2856
S21401F9B001D00130ECE7FF20F8E700BF40420F001E
S21401F9C010B50C46FFF7ACFFC30943EA4163C01A02
S21401F9D061EBD111FFF7D8FFFF2814D00F220C4B93
S21401F9E040F01000C3F88820A3F58053C3F88800C0
S21401F9F0A3F580531B6ADBB2802B06D02046BDE8F8
S21401FA00104000F067BB212010BD0220FCE700BFBC
S21401FA1000E000B838B51AF05BFF084B084A1D6ACB
S21401FA20147D5A6EE4B2520744BF1D6A01341AF0BF
S21401FA304AFF284604F0030138BD00BF00C001B8E4
S21401FA40A85500200346064A103302EB00111B019D
S21401FA50D1F80C01D158C1F3400116F04DBD00BFDD
S21401FA6000C001B8064B1B68434303EB8171054B8D
S21401FA701B68A3FB003013F1004341EB0000704705
S21401FA80405500203C5500200C4A20F040430146DA
S21401FA9010B5002014684FF00042E4FB0320084A2A
S21401FAA0890F126802FB0300064B9B6B984204D930
S21401FAB001330131C01A01F0030110BD4455002085
S21401FAC04855002000C001B8044B01F0F071103019
S21401FAD041F0030100011950704700BF00C001B892
S21401FAE008B52220FFF796FC4FF48022014BDA601E
S21401FAF008BD00BF00C001B808B5064B4FF0304046
S21401FB001A6805499200FCF727F8BDE8084001F09D
S21401FB10E3B800BFCC770400D077040070B50C685A
S21401FB20651C15D0C4F302669E42C4F3074530D166
S21401FB30A4B294422DD804EB8506B24229D2141BF6
S21401FB40A50824F003040E59340F04D0012C08D064
S21401FB500022212402E06B1C51F82320C0E9002476
S21401FB6070BD0E4C34F8133042EA03431A686B1C1E
S21401FB7051F8234001EB83014B6822405E4036F08A
S21401FB80704404D11B0F032B04BF8B681A43002457
S21401FB90E4E7013501EB8501C1E700BFA477040066
S21401FBA007B501A8EBF7D0F84822164B5A65164A56
S21401FBB0D2F8D43023F4FC33C2F8D430134B1B688C
S21401FBC09DF80530023B012B19D84022104BC3F893
S21401FBD0FC23104BD3F85C32DBB2FF2B00D106239B
S21401FBE0094A1B03D2F8FC139BB20B43C2F8FC3341
S21401FBF0D2F83021084B1A6003B05DF804FB00F020
S21401FC00E7FEECE7008001B8000002B8002000B073
S21401FC10001002B80080E00FDC54002000224FF4F0
S21401FC2000710F4B10B51A675A679A670D4AD16271
S21401FC30012102F5E8325161DA6812F0706FFBD1EA
S21401FC404FF0304201245A6602F5FC5208329C6697
S21401FC50DA64054B1B689847044B5C6110BD00BF16
S21401FC60000002B8004000B87C690020002002B8FD
S21401FC7001230F4A0F49C2F880328A6A22F0020233
S21401FC808A620D4A53600D4A53600D4A5360A2F5CD
S21401FC9080425360A2F54042536002F5C032536081
S21401FCA002F580425360A2F500425360704700BFE0
S21401FCB00080005000C0005000D000B80050005432
S21401FCC0005001B808B5FFF7D3FF0E4B0E4ADA67AE
S21401FCD000F076FEFFF764FF03220C4BC3F8E0202A
S21401FCE0012203F54043DA674FF460725A614FF41C
S21401FCF00072DA67FEF778FBBDE808400021FEF7E0
S21401FD004FBB00BF000002B80048F000005001B829
S21401FD102DE9F04F054687B002900F4657F8044B81
S21401FD20631C06D1029B2C60E81A801007B0BDE860
S21401FD30F08F5FEA147B18BF0123344AC4F30161D4
S21401FD4008BFC4F3074332F81120A4B24FEAC30A2E
S21401FD502F4844EA02440AF104022A4482421BD292
S21401FD600722CA4002F0010201929A0004EB8303C3
S21401FD7003930123B94603FA0BF808F0940305F13F
S21401FD80080604920593039B09F10409A34208D1CE
S21401FD90049955443944C0E71D4A9542E0D80020ED
S21401FDA0C4E7059B53B918F0420F19D118F0280F74
S21401FDB00BD146F8084C59F8042C21E04FF4206288
S21401FDC032210020FCF7A8FBF3E740F6042232219B
S21401FDD00198FCF7A1FB04F5805246F8082CEAE7E7
S21401FDE040F60D2232210198FCF796FB04F50052ED
S21401FDF0BBF1010F46F8082CDDD159F8042CD2438B
S21401FE0046F8042C04340836BDE700BFA477040086
S21401FE10003000B0F8B50546F0B10026154B344663
S21401FE201F46154953F8042BBAB9A00000F130401B
S21401FE30294600F50150FFF76BFF30B940F6AE32A8
S21401FE403621BDE8F840FCF767BB0C4B013404448F
S21401FE5047F8265023F81640F8BDAA42FCD00136D2
S21401FE600C2E02D031F81640DCE740F6C8323621B7
S21401FE700020E6E74C550020AA5B0020AC5B002082
S21401FE8070B50446A8B1C1B1384A52F8043B98424D
S21401FE9015D1002336498A689206FCD49B00354A60
S21401FEA003F1304303F50153C2F8B0302022324B40
S21401FEB09A6070BD01330C2B02D1304D12E0012344
S21401FEC052F8041BA142F5D12D4A32F81330E1E76E
S21401FED004D16268C3E90012083403E0012A01D1A3
S21401FEE0043419602268531CE3D0C2F3016335F869
S21401FEF01300110C93B211F0FE0F43EA0043606841
S21401FF000DD00434CAB2022A2168E1D9D4E90160CD
S21401FF10033AC3E9001698600C340C33F3E7120F6A
S21401FF20072AD9D8DFE802F00704090D1013181DB7
S21401FF30C04303F500531860CEE71A6842401A60C2
S21401FF40CAE703F58053F6E716F0CBFAC4E70122B9
S21401FF5003F580538240F2E7012203F50053824005
S21401FF60EDE71A6830EA0202FBD1B5E74C550020EE
S21401FF70000002B8001E00B0001002B8A47704000A
S21401FF80AA5B00200122014BDA677047001002B815
S21401FF900122014BDA677047002002B84022014B6C
S21401FFA0DA677047002002B84022014BDA677047D3
S21401FFB0001002B80B4B1B68D3F8E43023B11A6863
S21401FFC0022A01D9186A7047074B9A6D90B238B168
S21401FFD0064BC2F307421B68DB085343B3FBF0F042
S21401FFE0704700BFC4550020004001B838550020B6
S21401FFF0064BDB68C3F30363984206D1044AD36B0E
S21402000023F0F00343EA0111D1637047000002B8FF
S214020010001F00B0054B1B68D3F8E43013B11A6812
S2140200200A2A01D8FFF7C6BF186C7047C4550020CD
S2140200302DE9F743064616F04DFA00248046DFF80F
S21402004090901AF038FC0DF1070105460DF10600F6
S214020050FEF75AF89DF806308BB9721C29D016F0B6
S21402006039FAA0EB080428461AF020FC9DF8063060
S21402007013B99DF807303BB3A642E2D824E0D9F87C
S2140200800C3013F4603FE8D0D9F8100016F08FFA5F
S214020090731C074603D016F01DFAA0EB0804284688
S2140200A01AF004FC17F5007FE0D0384603B0BDE82E
S2140200B0F08328461AF0FAFB9DF80630002BC0D1D2
S2140200C09DF80730002BBCD1004FEEE700FEFFFF85
S2140200D000C000B810F1800F04D04D28CEBF7F209C
S2140200E0323040B2FF22044BC0B21A62A3F58053EC
S2140200F018620020704700BF00E000B80B4A10B537
S214020100136E0B4C116E03F00703E35CC1F3CD01D3
S21402011001FB0333126E0748C2F3454202FB033368
S21402012000688001B0FBF3F010BD00BF004001B8CC
S2140201309C77040038550020084910B5D1F89C3049
S21402014040B11C46CA68D1F89C309C42F9D1C2F331
S2140201500362027003F00F0010BD00BF000002B879
S214020160094B01F080011B6F03F480030B4309D196
S2140201704FF40012054B1A62837F1BB10122044B17
S214020180C3F80021704700BF000002B8006001B843
S214020190005001B82DE9F04F404F804685B03868D0
S2140201A00C4615F09EFE20B90024204605B0BDE898
S2140201B0F08F224600214046FBF73EFB384B5D6936
S2140201C015F00105F0D1FCF701F806460028EBD041
S2140201D03F68384615F0BDFD4FF6FF73984234D09F
S2140201E04FF060512F4E304B304AD3F82090D6F85D
S2140201F08C3011624FF00061A2F580521162242207
S2140202000421C6F88C202A4A4FF4804B91604FF4A2
S21402021080520027DFF8A4A0CAF868B0F262A742AC
S2140202201ED30421234A9160A2F5F032C2F88C3024
S2140202304FF060521D4B1A6209EA02031E4A13620D
S2140202404FF480421D4B9A66AFE73146384615F0AA
S21402025024FD01463846FCF7FDF80028C0D0A3E787
S214020260B26E5104FCD5B268D205F9D5CAF868B0A8
S214020270D6F890200135012D0392D0D9E21B042A2C
S214020280A8BF042208EB070003A901930092FBF71C
S21402029063FC009A019B3A4497B2C0E7C45500201B
S2140202A0000002B8004000B8004001B8006001B883
S2140202B0001002B8002002B8005001B8006000B872
S2140202C04FF604014FF60502044B01201B6C9BB24D
S2140202D08B4208BF1346024A136670470080E00F3F
S2140202E000C001B82DE9F74F81460F464FF0FF35A3
S2140202F0FFF790FB002601908A462C463046DFF830
S214020300D8B006F110031B015BF8033003F00308B4
S214020310B8F1010F15D13046FFF794FB02460B46A3
S21402032001985146FFF716F9DBF8643006F1080229
S214020330D340DB0739D5002F40D000252C463E603F
S21402034040460136082EDCD160B3234A0027D2F895
S21402035008C0916B0CF440330131A4FB01416419CF
S21402036041F10001B3F5003F30D1536B0CF4405C11
S214020370013347F10006BCF5805F22D1156B15F5F7
S214020380807505FB06F647F1000203FB0266A5FB35
S21402039003323244594304FB0212A3FB04341444CE
S2140203A0C9E9003403B0BDE8F08FA84271EB04033C
S2140203B0C6D207B13E6005460C46C1E73D463C46FE
S2140203C0BEE7320242EA13621B02E3E7136B13F53F
S2140203D0807347F10002DDE700C001B808B516F0E9
S2140203E0FAF8044B5A7C012302329340024A5361C4
S2140203F008BD00BFA8550020002000582DE9F34193
S21402040005460F4668461146FFF76CFF0646B0B132
S214020410AFB1DDE900321B0A43EA0263A5FB03849F
S214020420094B120A05FB02441A6812B916F0BDF807
S2140204300246002340462146FAF792FE38603046CE
S21402044002B0BDE8F08100BF3855002037B504463B
S214020450FFF70EFCE17822791B4841EA0243C0F816
S214020460CC34E579A37943EA0543C0F8D03423783F
S2140204704BB18DF8041004218DF805200DEB010018
S2140204800022E7F721FE63785BB10421A3790022FC
S2140204908DF80430E3790DEB01008DF80530E7F7AF
S2140204A013FE227801235AB1084AC2F8C834627889
S2140204B002233AB1054A0020C2F8C83403B030BD60
S2140204C0034AF2E7024AF6E700C0035000D00350A0
S2140204D000E0035070B52C4B0C461A7812B92B4A22
S2140204E0926D1A702A4AD26F52054AD51D78294B48
S2140204F005F00F06B0FBF3F040434FEA151505D1A1
S21402050040F27C622B21FCF707F80120224A0A21DE
S2140205107243B2FBF0F34843B3FBF1F602EB500230
S214020520B2FBF0F201FB1633042BD2B207D8C3EBB0
S2140205308310C3EB80035BB283B96DB217E0C3F1DD
S2140205400B0303EB8303DBB2B3FBF1F32B44DDB205
S2140205500F2DF2D9013AD2B2053DEEE7053B5BB26A
S21402056093FBF1F31D44EBB26DB2002D04DB0020C9
S21402057042EA0512226070BD01320533D2B25DB284
S214020580F5E70220F7E700BFE3620020008001B82B
S214020590000002B8403B2500809698004FF0000C01
S2140205A02DE9F84FA2FB017BC84EDFF85CE3BE19CB
S2140205B099466BF10003B6457CEB030308D240F282
S2140205C03E220E216046FBF7A7FF0220BDE8F88F09
S2140205D0D0F8E4A00C461546BAF1000F04D0DAF8BB
S2140205E00030032B00F21B81B94BBA4A9B6BD2F840
S2140205F0FCA0C3F31408B84BD3F8EC305E00B64B3D
S21402060048BF48F400181B6E48EA456858074EBFB4
S2140206104FF440039B0503F0E07348EA030818F022
S214020620C9FA012D0646D0D10028CED0AB4B98424F
S21402063000F0048103F5122303F5F863984200F0F4
S2140206400381A74B984200F02F81002502462B46D5
S21402065000204FF00071FAF783FD2B46013007FBAE
S21402066003F3C8F3130100FB0B33A1FB0662A7FBDF
S214020670007001FB0522034420339B09C9F80030B1
S214020680F60C984B46EA423618F4801F1C6008BFE8
S2140206907642954B954DC9F8144034441E602C6042
S2140206A0BAF1000F00F0B98000239149C8F38152D5
S2140206B08A5C194618F0807F18BF6408002EB8BFFF
S2140206C0764292066008C2FB06012246FAF748FD09
S2140206D0DAF800300E2B08D97F4B7D4A926BD96927
S2140206E0D3F80C31C90600F1D68018F4001814BFEE
S2140206F0C42240F207127F49C0F31300A1FB046133
S2140207004FEA511102FB01F1C9F80400DAF81800A9
S2140207104FF4FA73B1FBF0F118BF4FF0000801FB7B
S21402072003F3A4FB0262FA33A3FB003004FB0822A5
S214020730B342904138BF0131C9B241F4006CC9F8E6
S21402074008C000297ED0DAF81C00A1FB003624B1CE
S214020750B4FA84F20E2A40F38880E203002E77D1A0
S214020760B2FBF3F2530003FB0113A3FB00764FEA3E
S214020770044EBE454FEA144474EB060609D34E00F7
S2140207803344A0FB0371BE4574EB010102F1010282
S214020790F6D2C2F30E024CEA023C4CF00063C9F8F1
S2140207A0083018F007FA2B68002B00F08880B3FA9E
S2140207B083F4D4F102044CBF1C4623FA04F44E4BD5
S2140207C09C4288BF6408002846D0B4FBF0F364213C
S2140207D000FB134201FB02F2904244D85A1E520812
S2140207E05B08013B120242EA0313C9F80C3018F008
S2140207F0ADF900285CD0B4FBF0F2642100FB124491
S21402080001FB04F4A0425ED8531E5B085208013A6C
S2140208101B0243EA0213C9F810300020D6E6042B66
S214020820DAF828807FF4FBAE18F0807F0CBF08F061
S214020830E0734FF4400328F0E078EEE600232F48FA
S2140208401D460CE72120C1E600232D481D4606E77B
S2140208500B46002289E7044640F2C2422B210020C2
S214020860FBF75AFE2346013BB8E7C2F10F0702F137
S214020870110E06FA0EFEFB4043EA0E03A7F1200E07
S21402088026FA0EFE43EA0E03FE40013304FA02F293
S21402089046F1000662E702F4801203F400131A43DC
S2140208A008BFC0F5801020E7002316481D46D6E68E
S2140208B040F2E5422B21FBF72FFE621EA4E700283A
S2140208C0C9D01C46CFE71446F7E700BF006CCA88BB
S2140208D0008001B8001F00B0004001B800F04902D5
S2140208E0005A620284550020805500207C55002064
S2140208F0B4770400D34D62103FBE40250A3BB2DFF8
S214020900313641DCD694BFD6807C814A10B50B4680
S214020910044686B039B98279016821486B46006878
S214020920FFF73CFE6B461F4A196851631E4AD2F80F
S214020930FC2062B35A6842B11C4A1D49C2F80C1127
S2140209405968A2F58052C2F80C119A6842B1174A49
S2140209501849C2F8EC109968A2F58052C2F8EC1059
S2140209601549D868D1F8642122F4EE620243C1F830
S2140209706421D1F85C21186922F4EE620243C1F8C0
S2140209805C21A1F5FF4158692839FFF7A3FD002035
S214020990A2880A4B9A6203F5A033186406B010BD0B
S2140209A0C4550020008001B8001F00B0006001B8E6
S2140209B0FFFF0F00FFF8FF0F000002B8004000B86C
S2140209C04FF48062014BDA67704700BF001002B82E
S2140209D04FF48062034BDA67034B1B780BB1034A72
S2140209E093657047002002B8E3620020008001B8D9
S2140209F040B10368012B05D90069034B002808BFE4
S214020A001846704700487047BC77040010B590B18E
S214020A100468012C0FD902696AB11168094B102CBF
S214020A20196051685960916888BFD268996094BF0E
S214020A30D960DA6010BD102200210248FAF7FCFEE7
S214020A40F8E700BF8C550020084BC1171A68A2FBB6
S214020A50000302FB013310F1807043F10003400EE5
S214020A6040EAC310803820EAE07070479C550020A8
S214020A700722164B70B5DA66154B164A1D68164BDA
S214020A80EC08E005C0184FEA153141F100010023D9
S214020A90FAF766FB114B124E18604EF66020FFF70F
S214020AA0D3FF4042C6F884000E48FEF7EDFF02462A
S214020AB058B1E301500818184FEA15714FF00003B9
S214020AC041F10001FAF74CFBF06570BD000002B878
S214020AD03855002065CD1D00B2E60E009C5500205C
S214020AE0001F00B040420F0010B5044698B10B4BF1
S214020AF0D3F8FC00FFF78AFF4FF47A7303FB04F087
S214020B00074BA0F6AC50DA689B681044C01ABDE8E2
S214020B101040FFF799BF4EF66020F8E7001F00B0BE
S214020B208C5500202DE9F8430546084614461E4615
S214020B30FFF76CFF0DB306F0020716F004061ED18F
S214020B40DFB14FF47A706B685843002B40F08C800C
S214020B50FFF77AFF60626B69002B00F08C804B4ACD
S214020B60D0684FF47A7202FB0300A0F503501038E7
S214020B70FFF76AFF2062002E57D1BDE8F883286986
S214020B80002868D04FF47A735843404BA0F6AC5016
S214020B909B68C01AFFF758FFE061A88B00285DD05B
S214020BA04FF47A735843394BA0F6AC509B68C01A80
S214020BB0FFF74AFF2061364BE968D3F80080002928
S214020BC04FD04FF47A735943304BA1F6AC519A6822
S214020BD05B68891AC91A2F4BC8171A68DFF8BC90C7
S214020BE0A2FB011302FB003311F1807143F10003F3
S214020BF0490E41EAC3118039274B6161DB6EA3615E
S214020C00D9F8003053B1404615F065FB30B12246A4
S214020C10D9F800301D49D8F8D80098470021A869AD
S214020C20FFF762FFA062002F8BD1A86830BB47F2A5
S214020C303050FFF709FFA0604FF47A702B685843D4
S214020C402BB1124B1B6803F51C5310331844FFF7E5
S214020C50FBFEE06091E74EF660209BE74EF66020D2
S214020C60A6E74EF66021B6E7084B1B6803F51C5351
S214020C70103318446CE747F2305079E74FF47A7332
S214020C805843A0F503501038D3E700BF8C55002018
S214020C90C45500209C550020001F00B08855002037
S214020CA038B5054608461C4615F037FC0246D5F808
S214020CB0E400FFF79DFE4368A018002B044AA8BF75
S214020CC04FF4FA721A44034B92FBF3F2104438BD07
S214020CD00CFEFFFF18FCFFFF70B5124C88B001AD8A
S214020CE00FCC0FC594E8070085E807008C22002188
S214020CF00D48FAF7A1FDD42200210C48FAF79CFD14
S214020D000B4B0C4A5A6301F04DFA0B4B1B783BB166
S214020D10044E01AD0FCD0FC695E8070084E8070024
S214020D2008B070BDC41F00B0A01E00B02C1F00B0DB
S214020D30001F00B010111111D662002008B519F07C
S214020D40BAFD0E4B1A78A2B90D4A126812F4843F05
S214020D500FD10C4A1021D1671B7863B9084B1B6868
S214020D60DB0508D4074B2022DA67BDE8084019F0F5
S214020D709DBD054AEEE7044BF5E700BFE962002099
S214020D80A0150020002002B8001002B80A4B1978FD
S214020D9001F0FF0229B10021197008499202C1F838
S214020DA0B420597801F0FF0229B10021597093024C
S214020DB0024AC2F8B8307047E4620020005000B819
S214020DC0064BD3F8D80E064B5B6F1A0103D4054BBD
S214020DD09B6E1B0401D500F580707047001000B0B2
S214020DE0000002B8004000B810B519F064FD0E21EC
S214020DF004460320FFF7FCF840F20122034B20468C
S214020E00BDE81040DA6219F051BD00BF004000B8DC
S214020E1008B519F050FD4FF00042224BC3F880206F
S214020E20BFF34F8FBFF36F8F0122C3F88420BFF347
S214020E304F8FBFF36F8F0222C3F88420BFF34F8F0A
S214020E40BFF36F8F0422C3F88420BFF34F8FBFF324
S214020E506F8F0822C3F88420BFF34F8FBFF36F8FC4
S214020E601022C3F88420BFF34F8FBFF36F8F202268
S214020E70C3F88420BFF34F8FBFF36F8F4022C3F8AF
S214020E808420BFF34F8FBFF36F8F4FF48072C3F887
S214020E908420BFF34F8FBFF36F8FBDE8084019F071
S214020EA005BD00BF00E100E008B519F004FD4FF0F3
S214020EB00042094B1A6001225A6004225A60082234
S214020EC05A6010225A6020225A6040225A60BDE8B8
S214020ED0084019F0EBBC00BF00E100E0012370B54A
S214020EE0074C2370074B1E68074B3240D3E900536A
S214020EF019402840FCF7F8FC0023237070BD00BFA1
S214020F00E7620020A4550020A01500200022044B12
S214020F101A70044B197811B11A70FFF70FBF704799
S214020F20E8620020E96200202DE9F047DDF820A003
S214020F3003EA0108099B06460C4602EA000703EA92
S214020F400A09BAF1000F40F04E81031F0B4300F06E
S214020F500E81052871F1000380F0E48050EA010357
S214020F6000F06081431E0B4300F02481FFF750FF20
S214020F70AD4AD2E9005323EA040325EA06053D43B7
S214020F8043EA0807A94BC2E900571E68DFF8F48255
S214020F9026EA0A0646EA09061E60FFF7CFFE15F0A5
S214020FA02A4F14BF48F202034FF40043A04AB00788
S214020FB0D26EA04848BF43F4005383EA020122EAF5
S214020FC00302C2669C4A0B408166D366C5F3804222
S214020FD01203290348BF42F48072EB0648BF42F46C
S214020FE00052964BAC0648BF42F400726806D3F82D
S214020FF00C3248BF42F48062290648BF42F40062BF
S2140210008F4882EA030123EA0203C0F80C328D4BB2
S2140210100A40C7F34024A404C0F80812C3F80C22FE
S214021020EA0448BF44F48034AB0348BF44F4801457
S214021030A80748BF44F4800415F4001F06D0D8F869
S214021040000015F09EFB08B944F40024E90248BFEC
S21402105044F40034FA0648BF44F4000473077A4B9B
S21402106048BF44F004041A6A44F4001484EA0203F3
S21402107023F0010375491A400A621C40CB61744B87
S21402108016F0010F1C62734B734A18BF1A46734B55
S2140210907C071B6F48BF42F00062714882EA030178
S2140210A023EA020303676F4B0A4041661A676E4AD9
S2140210B005F00103516CA0F5803081EA030221EAB3
S2140210C00301416482631A40684B28025A64D8F8C6
S2140210D0002048BF664B92F8F62058BF654B69075A
S2140210E048BF43F4806322B115F4C06F18BF43F4BF
S2140210F080733207604A48BF43F00043D2F8EC10D0
S2140211005E4883EA010222F4A0221140C0F8EC10E5
S2140211101340C0F8E0205A4ABDE8F047C2F8EC3067
S214021120FFF7C2BEA0F580630B4306D020F48063AF
S214021130A3F500730B437FF419AF19F0BCFB3A49D1
S214021140D1E9003223EA060322EA040242EA08024E
S2140211503B43C1E900324B4A126892F8F610474AFE
S21402116009B313F4C06F1ED04FF4807311E019F068
S214021170A2FB2D4AD2E9003123F004033B4341EAA5
S214021180080157EA0807C2E900314FF480633B4A78
S2140211900BD0C2F8E030A2F58052C2F8EC30BDE8BF
S2140211A0F04719F083BB4FF48073C2F8EC30C2F8F4
S2140211B0E030F4E719F07FFB1B4AD2E9003123F056
S2140211C001033B4341EA0801C2E9003101232E4AEA
S2140211D057EA08071BBF9363A2F580525364536411
S2140211E008BF9363DBE750EA01037FF4BFAEBAF1B0
S2140211F0010F7FF4BBAE19F05EFB0C4A136823F0B6
S214021200010343EA090313604FF48063144AB9F1F9
S214021210000F04D05366A2F580521367BFE7136728
S2140212205366BCE7BDE8F087A0150020A455002051
S214021230004000B8006000B8005000B8004001B896
S214021240006001B8005001B8000002B8002002B8E1
S214021250001002B8041C00030418000300C001B802
S21402126000E001B800D001B800C000B800D000B855
S2140212700D0A0A09090A0A090040005400600054CF
S21402128000500054C455002000E000B8024B5868D5
S214021290C0F3C000704700BFA0150020024B1868BC
S2140212A000F00100704700BFA0150020024B5868EE
S2140212B0C0F3C030704700BFA015002010B504462A
S2140212C0FEF700FDFFF7A4FD2046FDF7BDF8FEF78A
S2140212D0A5FCFEF7ABF8FEF71DF9FFF7C9FB1349AD
S2140212E00723134AD1F8FC1004F1F800FFF71AFCA2
S2140212F04FF080710020FEF7E7FB4FF000720D4BB7
S2140213004FF400110120C3F80021FEF7DDFBFEF7C3
S214021310D7FF20B940F292321421FBF7FDF815F000
S21402132063F9BDE810400120FDF766BF001F00B05C
S214021330581F00B000D001B88023074A136708235D
S21402134040B11367054AD2F8A03023F02003C2F852
S214021350A0307047024AF4E7001002B8001E00B040
S214021360002002B810B519F0A6FA012104460020A2
S214021370FFF7E2FF044B1961044B5B68984720466F
S214021380BDE8104019F092BA000002B86869002061
S214021390F8B5194C0546207840F2E442B0FA80F0DF
S2140213A03E214009FBF7B8F855B9607840F2E442AE
S2140213B0BDE8F840B0FA80F03E214009FBF7ACB831
S2140213C04FF440660D4F0E4DD7F8B43040F2E4426B
S2140213D0C3F381232370C5F8B46060783E21B0FA67
S2140213E080F04009FBF798F8D7F8B830C3F38123AA
S2140213F06370C5F8B860F8BDE4620020004000B82B
S214021400006000B8F8B5084C084D236F0423084F57
S2140214102B67236F5B0300D4F8BD042602203E67C9
S21402142015F05FF82E67F4E7000002B8001002B865
S214021430002002B8A82238B51A4B1D6F03F50053D8
S2140214401A6710229A60A3F5804302F100521A67C7
S2140214505A66FFF79BFC144B1B7813B90320FEF762
S2140214608BF80024114B9C67FFF7CCFF104A114BF8
S214021470D2F8D81E0B40C2F8D83E04220E4B1A678A
S2140214800E4BAA06C3F8AC4008D503F58073DB6C96
S214021490B3F5817F22BF8022024B1A61BDE8384035
S2140214A0FCF7C2BB000002B8E662002000C001B82A
S2140214B0001000B0DF0000FF002002B8001E00B0DF
S2140214C010B549B930B3164AD3681B0E13F00E0F87
S2140214D020D193689A061DD4FFF786FC104C002094
S2140214E0FEF72AFE032801D0092805D1636FDB0325
S2140214F0F5D4E36D0C2BF2D9FFF784FF4FF400729C
S214021500084BDA62012203F5E8335A61042203F536
S21402151080531A674FF4C062034BDA6210BD00BFF5
S214021520000002B8004000B8006001B808B5032108
S2140215300920FEF75DFD2022014B1A6108BD00BF9F
S214021540000002B838B5054619F0B5F90E4B044648
S2140215501868FDF745F835B1FFF7D8FC2046BDE818
S214021560384019F0A3B9094B1B78002BF6D0084B6C
S2140215701D78002DF2D1FFF7C9FC2A464FF48040B1
S2140215800021FFF7ABFCE9E7C4550020E862002023
S214021590E76200202DE9F84F5C4B06460D461446DE
S2140215A01B6F002A40F0AE8013F0A00F14BF4FF05E
S2140215B001094FF00009FCF737FBA0234FF0000AA1
S2140215C0DFF868810320C8F87030FDF7D5FF0420E5
S2140215D0FDF7D2FF4E4FFFF799FC4E4B4FF0040B30
S2140215E07B67C7F878A0FFF70DFF4B4B4FF480716F
S2140215F0D3F8A020494842F02002C3F8A020FF22D8
S214021600C8F80820414A1161D0F8D82E4449114042
S214021610C0F8D81EC8F870B0C3F8ACA07B6913F047
S214021620060F04D0FEF75CFA5846FDF7A5FFB9F19F
S214021630000F08D04FF400623A4B1A674FF400428C
S214021640A3F5E0339A6666B1374BDB6C180701D414
S214021650FFF7CAFBFFF76AFF0420FDF78DFFFFF7CF
S21402166095FB2A4B5A69D10747D5DA6812F0706F94
S214021670FBD12E4B2E4A1A672E4AD36B23F0F00369
S214021680D36315B12046FFF75DFF2B4BD3F84C31E1
S2140216905A1C01D05B0002D50122244B5A6164B366
S2140216A0214BDA6E03F500539A6603F5D0331B6AB4
S2140216B01E4A23F00103D361204BD3F80C1203F524
S2140216C00053C3F8081203F50053D3F8841003F549
S2140216D0005399671A4BD3F8EC1003F50053C3F87E
S2140216E0E010184B596C03F500539963164903F53D
S2140216F0803359664FF6084313670020BDE8F84F5B
S214021700FCF736BD4FF0000955E700BF000002B8EF
S21402171000C001B800000101001E00B0001000B0B9
S214021720DF0000FF001002B8004000B8002002B838
S21402173010003000001F00B00080E00F004001B82B
S2140217400040005400C000B85000002F9B4B2DE90B
S214021750F04F9F6EDB6E85B01F40994B9F66994B8C
S214021760D3F8E050D3F8EC301D40974BC3F8E05066
S214021770964BD3F80822D3F80C3202EA0309944BAC
S214021780C3F8089203F52043DA691B6A02EA0308E3
S214021790904B08F47702DA618F4BD3F80422D20614
S2140217A005D4D3F80431C3F30016DB0651D519F07D
S2140217B082F88A4B5A695E6E1B6F12F0060F06EAB3
S2140217C00306874A26F0007314BF4FF0010A4FF053
S2140217D0000A23F400637407536604D5814A137D16
S2140217E00133DBB2137519F061F8002F00F0E280C6
S2140217F017F4004300F0D38019F05DF80146FFF7B6
S214021800DFFA0446784BD3F800B0DBF80020DBF8AA
S21402181000309A42FBD0DBF800209A42FBD0FFF75A
S214021820CFFAA04217D1084619F040F86F4B1C6059
S2140218306F4BD3F870B01BF4E0520ED124F07F4405
S21402184024F0DF040CB9FFF7F5FD4FF0807B00248F
S21402185014E0B246C9E70446D7E70192FFF7EAFD6D
S2140218605C4B019A1BF480541A6740F09A801BF472
S214021870806F0CBF4FF0805B4FF0806BB80715D5BA
S2140218805B4A5448126F02F460410167002900F077
S2140218908B80110400F18B8012F4005F0CBF4FF0B6
S2140218A000524FF0006200244BEA020BC7F34037A7
S2140218B07F00504A2A40002A4AD015F4206F0AD0E8
S2140218C040F6A31206210020FAF726FE0020FFF7B4
S2140218D039FE25F48025EB0506D5FF213D4A4BF45B
S2140218E0C06B9160FFF780FA15F0090F0AD040F638
S2140218F0B81208210020FAF70FFEFFF717FE0121A3
S214021900304A116315F0106F0CD040F6C11209214F
S2140219100020FAF701FEFFF709FE002211461046E4
S214021920FCF736FE15F4202F0AD040F6C91207211E
S2140219300020FAF7F1FD0020FFF704FE25F48025CB
S214021940E80301D5FCF768FF002DB8BF47F008078B
S21402195069070DD51B4AD26A12F4005F4FF4005293
S21402196017BF19492449CA624BF4000B08BFCA6262
S2140219706A0548BF4BF0040B15F48023019300F070
S214021980A480FCF701FF0138062837D8DFE810F0FC
S21402199028012B0128012E013101340134019B4616
S2140219A055E74FF0804B52E74FF000727BE74FF05F
S2140219B0004278E7BB463C467BE700BF004000B8E3
S2140219C0006000B80040005400600054004001B8B7
S2140219D0006001B8002002B800E100E000C001B8D3
S2140219E000E001B8A855002050770400A05500205A
S2140219F0000002B8090B0B890050005440F6FA1298
S214021A0003210020FAF788FD01218548826ED0F86E
S214021A10883002F00702063201FA02F2C3F30C0C17
S214021A20A2EB0C0292B2072A12D97E4A126F530216
S214021A300ED47D4B826B806D5B6D5BB102F007024C
S214021A4006329140C0F30C00091A89B2072901D860
S214021A504BF4007B754A1278002A36D0704AD2F8C8
S214021A60E02012F4A02F30D1714A724912789AB946
S214021A70F20411D40A787AB14FEADB026E4842EADF
S214021A80447282F00102D0F8D80E02F0010252002F
S214021A9020FA02F2930718D10420FDF76DFD674A7B
S214021AA067485067FFF732FA62490A784AB9654AC8
S214021AB0127832B1644A654912680BEA02020A4297
S214021AC001D14BF4804B26F48056B9F1000F1DD09D
S214021AD019F4805F18BF4BF4802B19F4807F18BF6F
S214021AE04BF4002B19F4005F18BF4BF0100B19F4DF
S214021AF0007F18BF4BF0200B19F4806F18BF4BF015
S214021B00400B19F4006F18BF4BF0800BB8F1000FB2
S214021B1048D018F4001F0AD04D4A13683BB1414A18
S214021B204C48116F00680022C1F3C061984718F450
S214021B30802F18BF44F4007418F4803F18BF4BF48B
S214021B40805B18F4801F18BF4BF4003B18F4800F1C
S214021B5018BF4BF0020B18F4003F18BF4BF4801B63
S214021B6018F4000F18BF44F0100418F4002F19D010
S214021B70394AD2F8A02012F0C00F13D02949CA68F9
S214021B80C2F30362032A01D0072A05D14A6FD006A0
S214021B9002D48A6F120732D54FF400212F4A28F456
S214021BA00028D161002E00F01B81330540F18F80A2
S214021BB02B48DFF88890C2782A49002A58D04FF47A
S214021BC00063013AD2B24B66C27032B9264A127824
S214021BD0C2B140F60141254A51670022002173E056
S214021BE04BF4803B10E74BF4006B0DE74BF4806B35
S214021BF00AE74BF4807B07E74BF0080B04E74BF44D
S214021C00001BCFE7D9F8782012F4A05F15BF4FF477
S214021C10807240F60142C9F85820C9F87820DCE7FD
S214021C2000400054000002B8004000B8E9620020FC
S214021C30E8620020EB620020001000B000C001B88D
S214021C4000000101EA620020A0150020088D0100B4
S214021C50D8540020C4550020001E00B0002002B850
S214021C60DA62002000E001B8E662002000D001B887
S214021C700320FDF781FCD9F81420A84B12F0060FBA
S214021C8004BF41F61F72A649A64808BF4A674FF42A
S214021C900061A34A5166D9F8142012F0060208BF62
S214021CA0C9F878205A8A12F4006162D022F40062DF
S214021CB05A82027802F0FF09002A5ED1FDF710FF71
S214021CC0FFF7B8FB4A4620214BEA020B0C43B00052
S214021CD009D52E20FDF79EFB4FF00051904A44F0A6
S214021CE0080411675166F10606D52B20FDF792FB14
S214021CF010218B4A1167516616F0306F05D1F20437
S214021D0063D5BAF1000F00F0C080330117D5292041
S214021D10FDF780FB844A526C12B11021834A91600F
S214021D20FFF7B4FA48B1824A82487D494A6602679A
S214021D3000F54050C068400422D444F0040416F073
S214021D40007A28D00420FDF717FC2720FDF762FB57
S214021D50FFF770FB4FF00071714A5166764AD2F86F
S214021D60D82E520679D40221704A916044F00204B9
S214021D7028E002784FF40052A6E74FF400422DE71F
S214021D800A6720204A66FDF745FB2D2044F00C0426
S214021D90FDF740FBD3E716F0807FDFF88C9147D043
S214021DA00420FDF7E9FB2820FDF734FBD9F878205C
S214021DB0002A3AD1FFF73EFB594A5D4944F0010436
S214021DC0116751660021584A9165720508D55B492C
S214021DD08A78002A00F0D880013A8A7000221743D7
S214021DE0574AD2F8A020130603D558462146FCF7D8
S214021DF0C7F93A4658462146FFF770F8019B0BB1E1
S214021E00FCF7F8FC01224F4B05F00435C3F8E0500E
S214021E104D4B18F4002FC3F884211EBF4FF4002246
S214021E20424BDA6105B0BDE8F08FC9F878A0C3E787
S214021E30F104C7D50420FDF79FFB444AC9F8742075
S214021E40FDF74EFED9F8642012F0407FBAD12A2060
S214021E50FDF7E0FAFFF7EEFA80E7394AD2F8A0106B
S214021E608B0683D402203A4988603A49096891F879
S214021E702510C8077FF57AAF92F8C420002A3FF4EF
S214021E8075AF8021344A116170E7344A1268013214
S214021E9002D04BF0010B98E728490A7952B1013A71
S214021EA0D2B20A7112B9234A2D49516700224BEA6F
S214021EB0020B8AE70420FDF75FFB0320FDF75CFBBD
S214021EC0194A2249516718F0F6FC81460DF10F00B7
S214021ED0FEF732F9234A824612780AB1FEF784FFE9
S214021EE0BAF1030F0ED1DFF870A00020FEF724F936
S214021EF0032807D1DAF87420D103F6D4DAF85C2086
S214021F000C2AF2D99DF80F20032A2FD10121164A56
S214021F104846117018F0CAFCC8E700BFA855002052
S214021F2000E001B8E662002000C001B8002002B856
S214021F301000002000D001B8001000B0DA620020C5
S214021F40001E00B00060005400E100E00000010145
S214021F50001002B8C4550020000002B870690020C4
S214021F600000010DEC620020E8620020094AD2F867
S214021F70E02012F4A02FC9D1FEF7C8FF484618F099
S214021F8095FC4FF4804292E70220FDF7F5FA012213
S214021F9025E700BF004000540122024B1A62DA61B4
S214021FA0704700BF002002B80D4B10B5DC691A6AF4
S214021FB014400C4A24F47F01D161E20706D5D968A1
S214021FC04FF0FF30C1F3036114F018FB630706D528
S214021FD0BDE81040042200200021FEF77FBF10BD9E
S214021FE0000002B8002002B80C4A08B5936B526C87
S214021FF013400B4A9363DB070FD50A4B40F6634246
S2140220001878122100F00100FAF786FABDE80840B7
S214022010002201200021FEF761BF08BD00C000B803
S21402202000E000B8A0150020054AD2F88430DB078D
S214022030FBD4936FD2F884201340024A936770470A
S214022040008001B800A001B870B514460D4618F01D
S21402205032FC064BD3F8A06074402C407440C3F8A0
S214022060A04018F023FC06EA050070BD001E00B072
S214022070034BD3F8A03099430CBF012000207047D1
S214022080001E00B02DE9F04117460A43012A1D46FC
S2140220909DF818409DF81C60DDF8208029D8B442CF
S2140220A027D2082E25D8032B23D8B8F1000F20D02C
S2140220B00A460021FBF71CFDFF21EB009940C943AD
S2140220C0DFF834C008F1FF38FF00E2B2964202D8C9
S2140220D00020BDE8F0813D190CEB8505D5F8E0201F
S2140220E018F8010F0A4098401043C5F8E000013482
S2140220F0EBE72120EDE700BF001E00B0034B186897
S214022100034B002808BF1846704700BFC055002082
S214022110A09804002DE9F843DFF860900646D9F847
S214022120008008461746B8F1000F03D00E2420465A
S214022130BDE8F88306B3336801331DD1E1B1FAF77F
S2140221400DF805460028F1D0C9F80000FAF72CF879
S214022150284613F067FD044640B14046C9F80080A1
S214022160FAF722F8284613F058FDE0E73560002F0C
S214022170DDD02846B847DAE72124D8E7C455002040
S214022180024B1868003818BF01207047C45500205B
S214022190002108B5024B08465B689847002008BD38
S2140221A0686900200523064AA2F84A3092F84930A8
S2140221B003F0010363F0730382F84930704700BFEF
S2140221C0001F00B00023F0B585B0CDE901330393BC
S2140221D0124B134D1B78134E8DF8043018F078FB13
S2140221E02A78337804469A420F4F0CD031783868F2
S2140221F001AA297014F037FA50B140F608210B48AC
S21402220018F05BFC04E0386814F00DFA0128EDD0F3
S214022210204618F058FB05B0F0BD00BF516C0020F8
S214022220826C0020836C0020E0550020DA4C04000B
S214022230F8B52B4B1B7823B140F6FC31294818F031
S2140222403CFC18F045FB284B07461C8814F0060495
S21402225009D001214FF4807017F094FB3846BDE890
S214022260F84018F030BB21464FF4807017F08AFB16
S214022270204600F09DFF022808D180221B4B8021B9
S214022280186813F099FDFFF79DFFE7E7204600F078
S2140222908FFF054638B1012807D040F63141114874
S2140222A018F00BFCDAE70246E8E7FF220F4E104B67
S2140222B030681A70FFF76CFF306814F0B4F9012822
S2140222C0CCD02A462946306814F0AFF921462C2095
S2140222D017F084FB21460A2017F080FBBEE700BFFA
S2140222E0F2620020DA4C0400C65B0020E0550020B3
S2140222F0826C00200021014818F08AB9E8690020A3
S2140223007F2837B5044610D14FF6FF7302221748CE
S2140223100DF10601ADF80630EAF7D6FEBDF8064026
S214022320E2054CBF6FF04A0464B218F0D1FA104BC3
S21402233005461C700F4B1B88DB0710D50E4B1B780F
S214022340002B0E4B0CBF21466FF07F01186813F06E
S21402235058FD20B140F67861094818F0AEFB2846D1
S21402236003B0BDE8304018F0AEBA00BF641002C039
S2140223707A6C0020C65B0020F3620020E055002045
S214022380DA4C040010B50FF0A2F960B10FF0A1F913
S2140223900B4A80B141F20D03BDE8104041F20D0137
S2140223A0074817F041BC074B1A781B799A4204D1AA
S2140223B000220023F0E70D23EEE7034AF9E700BF09
S2140223C0400D0300516C0020488D0100F8B5164EF2
S2140223D00D46337802F0010423B140F2C5311348AA
S2140223E018F06BFB124B134F1D60134DA4B1134B29
S2140223F0997801B10121202017F0C4FA2B783B709E
S2140224000F4B1C780F4B00211C70042333700E48B0
S214022410BDE8F84018F0FCB82146202017F0B2FAC2
S2140224202B783B70EEE700BFF2620020DA4C040025
S214022430D0550020EF620020846C0020D455002086
S214022440F0620020F1620020E86900202DE9F843DE
S21402245018F03EFADFF8A0810546B8F80030614C65
S21402246013F4807F03D0237873BBFFF7E1FE0021CD
S214022470084617F0B3FA5C4B1A78FF2A13D01A787C
S21402248002F0FF0632BBFF221A702378052B0AD110
S21402249000232846237018F016FA304614F073F913
S2140224A018F016FA05462378504E062B09D13378D3
S2140224B0FF2B06D03378022B15D100214C4818F09A
S2140224C0A7F8FF2333702BE000214FF4807017F03B
S2140224D059FACCE71A78012A4FF0FF0214BF3326C6
S2140224E04C261A70D4E7337813B13378012B22D1F5
S2140224F017F0E8FA07463E4896F8009001F0CEFB41
S214022500FF235FFA89F9337077B1B9F1010F44D12D
S2140225106421374884F8009018F07AF8FFF752FEE4
S214022520284618F0D0F906E02846277018F0CBF9AE
S214022530384614F028F9B8F800301B0605D50021F5
S214022540802017F01FFA12F031FC01F0E3FA294E50
S214022550308000B32778012F42D117F06DFF054671
S21402256010B3013018F087FB00F44060B0F5006F3E
S2140225701AD104223946284617F09EFE284418F03F
S2140225807AFB4FF6FF7398420ED10020318800F096
S214022590F1FC00233380BDE8F8830023284623702D
S2140225A018F091F93F20C4E7114801F077FB0021AB
S2140225B008462170012500F08FFC23780BB9FFF73F
S2140225C037FE0020318800F0D5FC00233380002D32
S2140225D0E1D020780028DED1BDE8F84314F00BBA2B
S2140225E00025EAE7F2620020816C0020806C002061
S2140225F0E8690020C45B0020C65B002008B51346CD
S2140226000A461946064B186813F088FC30B1BDE836
S214022610084040F2F441034818F04FBA08BD00BF24
S214022620E0550020DA4C040008B513460A4619465F
S214022630064B186813F06CFC30B1BDE8084040F257
S214022640FB41034818F039BA08BD00BFE055002028
S214022650DA4C0400024B1878431E58425841704721
S214022660F262002008B5064B1B7823B140F22551D2
S214022670044818F022FAFFF7DBFD002008BD00BF71
S214022680F2620020DA4C040008B5054B01EB81012A
S2140226901868490013F0B7FB002818BF212008BDB0
S2140226A0E055002008B5044B1868F9F70FFF0A2317
S2140226B090FBF3F040B208BDE0550020014B1878BD
S2140226C0704700BF836C002008B5044B186813F0EF
S2140226D005FBB0FA80F0400908BD00BFE0550020B7
S2140226E038B5124D0C462B78012B04D940F24651D0
S2140226F00F4818F0E2F921460020FFF7E5FF90B1F7
S2140227000C4B1C702B785BB9FFF792FD0A4B93F9C2
S21402271000100A4BC901186813F049FB002038BDA7
S214022720FFF750FDF2E72120F9E700BFF262002032
S214022730DA4C0400836C0020F4620020E05500208E
S21402274008B5074B186813F0C7FA30B1054BB3FB50
S214022750F0F083B20BB1184608BD0120FCE700BFBB
S214022760E055002040420F002DE9F3475C4E012061
S21402277018F0A0F93388990704D440F63F41594827
S21402278018F09BF9DFF8808198F80030053B012BA2
S21402279004D940F64141534818F08FF9524F3B682E
S2140227A023B940F644414F4818F087F9348814F0AC
S2140227B0200478D00121222017F010F94FF47A7401
S2140227C0FFF7BEFF3B681B780933434304EBC304A1
S2140227D098F80030A5B2062B0BD117F03BFD044645
S2140227E0FFF7AEFF602358430C2303FB0400284484
S2140227F085B2D7F800903D4B99F800801C7808F116
S214022800FF381FFA88F8002C52D133885A0505D4AF
S21402281009F1010018F02FFAC0F340143449354A82
S214022820887812784B7812FB00F2334F93423B7053
S214022830A4BF9B1A3B703B78CA78BD60934238BFF0
S21402284013463B700EF04BFF002833D00EF045FFC8
S214022850012814BF1025082525430023DFF8ACA065
S2140228600093802243464946DAF8000013F0FDFA48
S21402287020B14FF43B611B4818F01FF91F4BDAF8E2
S214022880000019781E4B197033889B0614D52A4609
S2140228901C4B009713F0E5FEC0B9002002B0BDE85D
S2140228A0F04718F007B92146222017F097F887E775
S2140228B00024B3E72546D0E72A460F4B13F0CFFE97
S2140228C0014618B9252017F089F8E6E721462620A2
S2140228D017F084F840F6F431024818F0EEF8DCE718
S2140228E0C65B0020DA4C0400D0550020F5620020BA
S2140228F0516C0020EF62002098690020836C002053
S214022900826C0020D4550020F2620020E0550020A0
S214022910184B10B51B889B0704D440F6A6611648D0
S21402292018F0CBF8154B1B78053B012B04D940F663
S214022930A761114818F0C1F8114B1B6823B940F67D
S214022940A9610D4818F0B9F800240E4B0E49212053
S2140229501C7017F043F8014618B9BDE81040FFF79F
S21402296003BF022804D12046BDE8104017F0CCB8B9
S21402297010BD00BFC65B0020DA4C0400F2620020E5
S214022980D0550020ED620020292B0200F8B55A4CE3
S21402299023889A0704D54FF43E71584818F08DF8EC
S2140229A0574801F07BF917F093FF238805465B072B
S2140229B00DD54FF0FF3013F09FFA524B1B68C01A2A
S2140229C0B0F5717F03D90021042016F0DBFF2846FC
S2140229D04D4D17F078FF2B78042B32D117F078FF85
S2140229E0238806465F0708D54548002117F010FEE3
S2140229F03046BDE8F84017F066BF17F064FF17F0E0
S214022A0067FF424B06461B78414F13B92388590588
S214022A100FD50523012102202B7016F0B3FFFFF716
S214022A2077FF304617F04FFF3B68DA78394B1A705B
S214022A30F8BD3868013018F01EF98206E9D506237B
S214022A40E8E7062B4DD1344B1B78FF2BF0D1334EE3
S214022A500EF047FE3378002B3DD017F039FF23885F
S214022A6005465B0705D52648002117F0D1FD284606
S214022A70BFE717F028FF3378013B337017F028FFC3
S214022A8004460121022016F07DFFFFF741FF204693
S214022A901F4C17F018FF2068013018F0ECF800F40D
S214022AA04060B0F5006F13D124680121042220464D
S214022AB017F002FC204418F0DEF80146184B0420FA
S214022AC01A783378D21AD2B2BDE8F84018F09CB819
S214022AD04FF6FF71F2E740202B70BDE8F84013F086
S214022AE052BE012BA4D100232B700E4B1868FFF7A1
S214022AF04FFB3F20F1E700BFC65B0020DA4C040024
S214022B00E8690020CC550020F2620020F562002021
S214022B10D0550020EE620020806C0020EF6200207C
S214022B20846C0020E055002008B50A4B1A7882B95A
S214022B30012210281A7004D040F69D61064817F04C
S214022B40BCFF0021202016F01DFFBDE80840FFF75D
S214022B500BBE08BDED620020DA4C040008B5094B36
S214022B601B88DB0604D440F2C351074817F0A5FFC2
S214022B701020002116F006FF044B1868BDE8084036
S214022B8013F066BDC65B0020DA4C0400E055002058
S214022B90012208B5074B1146186813F046FD0021BE
S214022BA02C2016F01BFFBDE8084000210A2016F074
S214022BB015BF00BFE0550020014B4008185C704767
S214022BC07C6C002008B513460A461946064B186860
S214022BD013F0AAF930B1BDE8084040F6E9410348CF
S214022BE017F06BBF08BD00BFE0550020DA4C0400AA
S214022BF008B5044B186813F016FD013818BF0120FB
S214022C0008BD00BFE055002070B5054617F060FE0F
S214022C100E4B0F4E1B880446DA07357008D50D4B4F
S214022C200D4D1B78012B08D90121286813F0A5FD4C
S214022C302046BDE8704017F046BE1BB10EF045FDBB
S214022C40C305F1D4317881F00101EEE7C65B0020BE
S214022C507B6C0020F3620020E05500200C4B10B580
S214022C601B880446DB0711D5FFF78CFB094B84F063
S214022C70010208211868D20013F09EF830B1BDE8B0
S214022C80104040F63671044817F017BF10BD00BF5B
S214022C90C65B0020E0550020DA4C040008B5044B61
S214022CA00146186813F04BF9003818BF012008BD1A
S214022CB0E055002010B50A4C23787BB1FFF768FF79
S214022CC00021042016F05EFE0021022016F05AFEB5
S214022CD000232370BDE81040FFF7AABA10BD00BF5C
S214022CE0F262002038B5094800F0E8FC0024084DDE
S214022CF095F84430E0B2834200D838BD05EBC000F8
S214022D00043000F0DBFC0134F2E700BF84560020FA
S214022D10E455002008B5104602494822F8F71CFF81
S214022D20002008BD3C56002008B5054818F035F8C6
S214022D30014620B9BDE80840014817F069BC08BD45
S214022D40086A0020002238B51C4B15461C461A702D
S214022D500132082A5D609D8043F8085FF8D1482258
S214022D6000211748F8F768FD4FF6FE73A4F868309E
S214022D706FF48033E365134B00211A88124B1868F0
S214022D80F8F75AFD114BC4E91255C4E9283584F800
S214022D90445084F85050656584F8A850E9F7FEFC64
S214022DA0FF220B4B012118700A4B00201A70E1F724
S214022DB06BFE0020FFF7B8FF002038BDE455002068
S214022DC03C560020F46B0020C86800200000FFFF7D
S214022DD0F66200203C63002010B5AC24084B04FBCE
S214022DE00030836C53B990F850403CB931B1C0E919
S214022DF012122046FFF798FF204610BD2120FCE75E
S214022E00E4550020AC2370B503FB00F5094E731998
S214022E1093F850405CB920460BF022FF735D2046C3
S214022E2043F002037355FFF77FFF204670BD012073
S214022E30FCE700BFE4550020AC235843024A135C6B
S214022E4023F0030313547047E455002070B516466A
S214022E501F4A04461278C2BBAC211E4D01FB00512C
S214022E608A6C92BB91F850203AB1022B2DD191F880
S214022E704410072907D91C2026E091F84410072998
S214022E80F9D8012B08D0AC2000FB0450CA00011D63
S214022E900C30F8F723FD0021AC2303FB04F00024DA
S214022EA09DF8143000EBC1012944CB71049B8E803F
S214022EB08B602B1893F84420204601328C7183F8DD
S214022EC04420FFF731FF204670BD0120FCE700BF1B
S214022ED0F5620020E4550020F8B5234B04461B7823
S214022EE00F46002B3ED1AC23204D03FB0053B3F814
S214022EF0A03023B940F245311D4817F0DEFDAC2262
S214022F0002FB0452D2F8A46036B192F8A3303946D6
S214022F100020B2F8A020B047AC2300216343EA1891
S214022F20A2F8A010C2F8A410482192F8A82001FB2B
S214022F3002322A44D2F89820964213D0EB5C9B07C2
S214022F400CD5AC226243AB5C204623F0020343F06E
S214022F500103AB54BDE8F840FFF7E6BE0BF0A2FE55
S214022F600028EED1F8BD00BFF5620020E45500202F
S214022F70314D04002DE9F04F89B0059008460D4604
S214022F8017F05AFA044618B9212009B0BDE8F08FA6
S214022F90284617F06DFAC0B20838215C221892F85B
S214022FA002A00491D1785268277803920022B4F8DE
S214022FB00130ADF81E20434A029192F800B0BBF1F0
S214022FC0000F08D0404B1B681BB120464FFA8AF20E
S214022FD098470020D9E703F00703022B70D001348C
S214022FE009225946204617F067F9023F3F1A3B0668
S214022FF006465FFA87F8C7D4344FD7F89090B9F1EF
S214023000000F27D100210DF11E0B4346224608462B
S214023010CDF800B00BF05CFDC3B20546002B4BD1D9
S214023020BDF81E0013F0F3FBE0B9BDF81E0013F066
S214023030D7FC8146BDF81E0013F0E9FBF0B906EB9B
S214023040080201232146584692B200F07BFDD0B119
S21402305019209AE75B465A4601212846C8470028A7
S214023060D0D191E7D7F89430BDF81E00002BDCD003
S214023070A11998470028D8D1022086E7424648463A
S214023080A119F8F769FDBDF81E0017F0D5F9029BE5
S214023090059A0372049B80F809A08372039B1BBAED
S2140230A0C360AC2303FB027393F85020BDF81E00E6
S2140230B022B1DB6C03B19847E8B266E7BB6FF9E76B
S2140230C0012062E7F5620020C8550020E455002082
S2140230D02DE9F84308460F46164602F1010913F099
S2140230E084FC8046384613F08BFB042856D13846BB
S2140230F013F0AAFB48F661054FF6FF7248F6410345
S214023100294C904208BF1D46B4F85C10301D17F0DB
S214023110B4FD384613F098FB0146B01D17F0ADFD1E
S214023120B4F85E1006F1080017F0A7FD06F10A04CF
S214023130384615F01DF910B145F01005ADB2294616
S214023140484617F09AFD384613F04AFC42460146B6
S2140231502046F8F701FD3846012117F0A5F9444448
S214023160074660B117F084F90546384617F064F949
S214023170EDB201462A462046F8F7EEFC2C440B4AEE
S214023180A41B13780134591C1170F3703470304646
S214023190BDE8F8430922012117F08EB8484617F019
S2140231A06AFD4C460546C3E7E4550020F662002059
S2140231B0AC2210B548245043094B1A1892F8A810AE
S2140231C004FB0100034493F87700022806D092F825
S2140231D050301BB9032818BF012010BD0020FCE7A1
S2140231E0E455002070B508B1012070BD234C94F858
S2140231F0A850002DF8D12946B4F85C20FFF714FA3F
S21402320029462846B4F85E20FFF7F8F929462846EC
S21402321004F16002FFF7D6FC94F87730002BE3D077
S214023220284694F85860FFF749FA864215D10020DE
S21402323094F95A50FFF736FA854216D10020FFF766
S214023240B7FF0446002016F0EDFF0028CDD0214639
S214023250BDE870400020FFF705BA284694F85810DB
S214023260FFF73EFA0028E2D0BFE7002094F95A1092
S214023270FFF70AFA0028E1D0B7E700BFE4550020BE
S2140232800346AC2010B51446164A00FB032292F8F9
S214023290770002280CD1E07F022809D141B11249F9
S2140232A00978012913D992F85810227891420ED142
S2140232B018462178FFF708FA90B1482221460B48B3
S2140232C0F8F74AFC002016F0ADFF08B9002010BD42
S2140232D0044B93F8A8000028F8D1FFF783FFF5E720
S2140232E02120F4E7E4550020336200203C560020FB
S2140232F038B5AC230D4C054603FB004300205A6D3F
S214023300D86483F8500012B15865FFF727FCF5F72A
S2140233105FFBFF281EBFAC2303FB054484F8A8000E
S2140233200020FFF75FFF002038BD00BFE4550020F5
S2140233307FB51D4C94F8A83023B1002084F8A8006D
S214023340FFF750FF94F85A30B4F8A0608DF80F30AB
S21402335026B940F2FD21154817F0AFFB144B314653
S2140233601D6800202A46FFF7B3FEE46F02469CB1B2
S2140233700DF10F0301930023294630460093A04720
S21402338002462C7854B920462146FFF7A5FD204672
S214023390FFF7CAFC04B070BD0122F2E729460020FE
S2140233A0FFF714F8F6E700BFE4550020314D04009D
S2140233B0C868002038B5494B1C78002C58D14848BC
S2140233C000F06CFC204616F02DFF002850D0454C2D
S2140233D02378D90733D594F850201AB123F0030383
S2140233E0237045E023F0010323700BF043FC23789F
S2140233F005469A0701D50BF033FC294600200BF050
S21402340049FA40B92378284643F001032370BDE801
S21402341038400BF025BC0023482284F8A33094F8E9
S214023420A83084F8A25002FB0343D3F89830A4F8DD
S214023430A000C4F8A430BDE83840FFF779BF94F87E
S2140234404400B0B104F1A003251D95E8030083E80B
S2140234500300FFF76DFF94F844202846D20004F1DB
S2140234600C01F8F73BFA94F84430013B84F84430F8
S21402347038BDA26C62B99B0711D52378002023F0D1
S214023480020343F001032370BDE83840FFF74CBC4B
S2140234900123A06484F85030904723789EE70BF00F
S2140234A001FC0028E9D194F8A83073B1F5F790FA38
S2140234B094F85030002BDBD1FF2818BF84F8A80000
S2140234C0BDE838400020FFF78DBED4F88C30002BC4
S2140234D0ECD098470028CBD1E8E700BFF562002081
S2140234E0086A0020E455002070B50446002016F055
S2140234F099FEAC235C430B4E351995F850300BB150
S214023500002070BD0028FBD0074817F046FC0028B4
S214023510F6D1335D002BF3D195F84400B0FA80F073
S2140235204009EEE7E4550020086A002010B5084A74
S214023530034613F068FA14684FF6FF7203EB400373
S2140235409C42184603D9018802339142F8D010BD36
S214023550A05600202DE9F047204F05463B88A3B32E
S214023560B0F90230002B30DBDFF87C801C49D8F83B
S2140235700000F8F7B7FB20B94FF4EA71194817F0C4
S2140235809CFA0026DFF85CA0DFF860903A88B3B2B7
S2140235909A4204D84FF4EB71504617F08EFAD9F8D7
S2140235A00030B2B253F83200D8F8001003EBC2046F
S2140235B068B943F83210A38828460133A38013F073
S2140235C022FAE38803EB4003E380BDE8F087F8F7CE
S2140235D089FB01360028D9D1EDE700BFC85B002081
S2140235E0FE4C0400084D0400286A00209456002071
S2140235F038B5094C094D22682B689A4204D94FF413
S2140236008771074817F059FA28682368C01A20F00D
S214023610010080B238BD00BFA0560020A856002088
S214023620084D040038B5124C124D21462846F5F7CF
S2140236307DF823680BB12B681BB9DE210E4817F004
S2140236403CFA2A680D4B0E491A60236823F00103E0
S21402365013440B600B4B1A602AB9BDE83840F821B8
S214023660054817F02ABAFFF7C3FF6428F5D938BD14
S214023670985600209C560020084D0400A4560020B0
S214023680A8560020A056002038B5094C094D2268DD
S2140236902B689A4204D34FF48A71074817F00DFA42
S2140236A028682368C01A20F0010080B238BD00BF27
S2140236B0A4560020A8560020084D04002DE9F0412B
S2140236C01D4B04461B78012B24D1008816F096FE6B
S2140236D00546D8B10426DFF864802C4617F0F8F8C1
S2140236E007462046FFF736FF638843EA08036380EF
S2140236F0A05B16F083FE0446384617F0E4F81CB1C9
S214023700B4F90230002BE9DA062E01D1BDE8F081C9
S2140237100626E2E7022BF9D117F0DAF802462088ED
S21402372016F06CFE18B10388C3F30E03238010460E
S214023730BDE8F04117F0C7B8F76200200080FFFF2F
S2140237402DE9F04F0024BA4B97B006461C8017F0BE
S214023750BFF80123DFF8EC82B64F3B70B8F80030B2
S214023760A8F80040ADF81630B34B1B68019317F06B
S214023770AAF8B24B21461A88B14BD2001868F8F75D
S2140237805BF80DF11600FFF799FF002E3CD1DFF82B
S214023790B8924FF0000B0125D9F80040019B9C42DD
S2140237A039D3BBF1000F39D1002DF2D0D9F8004041
S2140237B0DFF898A225462246019B9A4273D302233B
S2140237C00DF116003B70FFF779FF002E40F08F8058
S2140237D0D9F800603246AA4280F0A280908816F09D
S2140237E00DFE18B10388C3F30E039380D08816F03B
S2140237F005FE18B10388C3F30E03D3801046FFF705
S21402380095FE0246E7E79847E3B256F823300134BE
S214023810002BF8D1BBE7BBF1000F3ED00BF1FF3314
S2140238205FFA83FB16AB03EB8B0252F8402CB2F91D
S214023830020051880028B1DA4B04AFD4924641F414
S2140238408040931D2AF8020F02933AF8020F16F0F0
S214023850D5FDF0B1B0F902E0B0F802C0BEF1000F3B
S21402386017DB6FEA4C4C6FEA5C4CA0F802C0039080
S214023870FFF770FEBBF10F0F8FBF002516AB039A42
S21402388003EB8B009EBF0BF1010340F8402C5FFA5E
S21402389083FB029B9A45D8D180E72046FFF746FE77
S2140238A022460446C3E7104613F0ADF88346B2F943
S2140238B00200118800280AEA010108DA204616F0FA
S2140238C093FD084381B204EB4B0402EB4B05104612
S2140238D01180FFF72BFE02466EE798475FFA8AF3DF
S2140238E056F823300AF1010A002BF6D170E74FF0A2
S2140238F0000AF3E73046FFF719FE82467EB1B6F9B4
S21402390002307188002B0ADA3088C0F30E0016F0F7
S21402391075FD864203462DD1C1F30D0171805646D0
S214023920AE42E7D3DFF81CA116F0D2FF002106460E
S214023930504613F0B9F816F061FD0546002800F06F
S2140239408780304616F0BFFF284613F05CF806461E
S214023950204616F049FD8146760032462946204624
S214023960F7F7BCFF002249460DF1160017F0EDF9F5
S2140239703444D9E71BD9304613F045F8C1F30D019C
S214023980420071801846314692B2F7F7A7FFC6E7A3
S2140239905046FFF7CBFDD146854203D9B0F9023037
S2140239A0002B01DA824603E0FFF7C0FDF4E7B146DA
S2140239B0554507D9BAF80000C0F30E0016F01EFDF2
S2140239C08245E5D3B9F1000F30D0B9F80000C0F354
S2140239D00E0016F013FD034638B93346CB4699451A
S2140239E013D8B1459BD0D946ECE7484613F00BF8FE
S2140239F0B9F802204946C2F30D02A9F80220420095
S214023A0092B21846F7F76AFFE7E718460193FFF700
S214023A108DFD019B9B46854203D9B0F90230002BEF
S214023A2001DA0346DBE7FFF781FDF4E7CB46DAE788
S214023A30CA5B0020F7620020A0560020C85B002068
S214023A4094560020CC5B0020A45600200080FFFF86
S214023A50BDF816303870A8F80030044B30461C60AB
S214023A6016F031FF17B0BDE8F08F00BFA056002059
S214023A702DE9F041054616F0C1FC0F460446D8B1C2
S214023A8017F04DF920B940F2FB41204817F015F81F
S214023A90284616F0EDFC05462046FFF747FDBD42D8
S214023AA0064609D004D840F20351184817F005F824
S214023AB02588ED0B02D02781BDE8F081678020467D
S214023AC012F0A1FF074604EB400816F001FF104B68
S214023AD01A68B2420AD1C3F8008016F0F4FE2A46EB
S214023AE04046BDE8F041FF21F7F7A6BEA6EB080662
S214023AF0B5B216F0E8FE072DF1D90023083D44F8CA
S214023B001730C8F80430A8F80250D5E7084D04006C
S214023B10A056002038B516F0DBFE00210546044804
S214023B2012F0C2FF0446284616F0CDFE204638BDE7
S214023B30CC5B0020024B1888B0FA80F04009704730
S214023B40CC5B00202DE9F74F044600881F4616F08E
S214023B5055FC88461546064617F0E1F820B940F2AD
S214023B60FE613F4816F0A9FF3388DB0B009306D0B0
S214023B7033892B443381002003B0BDE8F08F2088C0
S214023B8016F076FC82463046FFF7D0FC019016F01F
S214023B909FFEDFF8D0B0019BDBF8002081469A42F8
S214023BA01DD1FFF725FDA84204D2484616F08BFE2B
S214023BB01A20E1E70AEB050373803FB1208816F06E
S214023BC03BFC2A4641465044F7F7C6FF3046FFF70D
S214023BD0ADFCCBF80000484616F075FECBE716F0B3
S214023BE072FE208816F044FC2844009980B216F033
S214023BF097FC06460028DBD016F01EFC814620887D
S214023C0016F01AFC8246208816F032FC514602460E
S214023C104846F7F7A1FF3046AFB116F00DFC07464F
S214023C20208816F025FC2A4641463844F7F794FFCA
S214023C300121208816F038FC01210246304616F093
S214023C4047FC268097E716F0F7FB8046208816F09A
S214023C500FFC2A4639464044F7F7EEFDE8E700BF78
S214023C60084D0400A05600203421014816F025BF56
S214023C701C4D0400036910B55BB18268064B9A427C
S214023C8001D1002010BD446916F010FF201AF9D5A4
S214023C90F7E74FF0FF30F5E7693C020082681C4BFD
S214023CA070B59A420446056819D116F011FE2369CA
S214023CB023B1A34206D100222A601A61BDE87040F1
S214023CC016F001BE1A4611461269A242FBD12A68B4
S214023CD0A24208BF29600B6100232361EEE7036955
S214023CE093B198426E6803D19D210A4816F0E5FE0C
S214023CF02B46B44209D122699D4218BF1A614FF081
S214023D00000308BF6A60236170BD33463669F0E778
S214023D10693C02001C4D04002DE9F04707460025C9
S214023D204FF0010A154EDFF858808AB0347914B97C
S214023D300AB0BDE8F087D6F8009087B900972A4601
S214023D40B8F80010234603A817F08EF82246484615
S214023D5003A9E9F7E5F92544EDB20836E6E7224677
S214023D6003A94846E9F7B0F9CDF800A023462A464B
S214023D70B8F8001003A817F077F8ECE7CC98040020
S214023D80CE5B00200148FFF799BC00BFCE5B002047
S214023D909C46174BF7B5054608461988164611B1D4
S214023DA0144B1C78CCB1014662463046BDB103B016
S214023DB0BDE8F040E9F788B91C44E4B208373B791D
S214023DC0002BF0D03A689642F6D185F001052246DD
S214023DD0009517F049F803B0F0BD074FEFE7E9F793
S214023DE09FF9B0B203B0BDE8F04010F0E3BF00BFE9
S214023DF0CE5B0020856C0020CC98040010B5074CE2
S214023E00238843B10020FFF787FF0020FF22044BE0
S214023E1020801A7010BD0220FCE700BFCE5B002097
S214023E20856C0020142810B518D8082805D111F082
S214023E302AF8C401E4B2204610BD0E2802D111F0C1
S214023E4025F8F6E7064B53F82040002CF3D00A2854
S214023E502478F0D105F0A0FE0443EBE7FF24EAE75E
S214023E601C990400014BB3F868007047E455002023
S214023E70004870474E560020014B1878704700BF26
S214023E8071620020014B1870704700BF71620020FB
S214023E90194B022810B5187002D0043801281BD816
S214023EA0164B1B78042B03D00021154816F0B0FBE6
S214023EB0144B1B689A001BD513F0805F40F6114422
S214023EC018BF4FF44164204611F077FB90B92046A4
S214023ED0BDE8104010F06CBF0948FFF7DFFE0A4845
S214023EE0FFF7DCFE162413F00BF811F060FBEAE78E
S214023EF01524E8E710BD00BF756200207662002038
S214023F002C6A002064480020D0470020024B187814
S214023F1000F00F00704700BF75620020034B187850
S214023F2000F00F00831E5842584170477562002009
S214023F3008B512F0D0FFC0B112F0E6FFA8B10AF041
S214023F40A7FF90B90A4812F078FD70B1094812F03E
S214023F5074FD50B110F09FFF38B111F030FB20B95C
S214023F60BDE80840044812F019BE002008BD00BF94
S214023F70D05B0020025C0020AC56002030B505461F
S214023F800C4693B081B910B9002013B030BD10238F
S214023F90214A69460120FFF7FBFE9DF805305A1EAE
S214023FA0052A28D91720F0E7182200212046F7F71D
S214023FB043FC002DEBD1FFF7B1FF30B310F036FE15
S214023FC06A4601460020FEF7A5FEBDF804302046EC
S214023FD023819DF80230A3729DF80030E37213F03D
S214023FE019F9002304F11401237304F1100003F0FD
S214023FF0CBFDE081C8E7094A9DF804101278914289
S214024000D0D12B70002CD6D1BEE7054B1B78033BD4
S214024010022BD3D9C6E700BF64EE01005C6C002019
S2140240207562002030B593B005460C46FFF776FF62
S21402403020B90C4B1B78033B022B10D810F0F6FD70
S2140240406A4601462846FEF765FE00209DF80230C5
S214024050607023709DF80030A37013B030BD172037
S214024060FBE700BF75620020054B1878012805D0D3
S21402407000F0FD00A0F1310358425841704700BFDE
S214024080756200201FB50146002201A816F090FBBB
S214024090064801A916F0B6FE20B116F0CDF9408901
S2140240A0C0F3400005B05DF804FB00BF026C0020C0
S2140240B030B585B00D460022014601A816F078FB01
S2140240C0084801A916F09EFE50B116F0B5F904464E
S2140240D0014608222846F7F701FC6089C0F3400033
S2140240E005B030BD026C0020F8B50546F8B10021D7
S2140240F00F4816F024FE0446A8B10D4F204616F0CF
S2140241009BF9064616F040FB830705D4082229468B
S2140241103046F7F7DDFE38B12146384616F033FE54
S21402412004460028EAD10024201E18BF0120F8BD4C
S214024130026C002010B50C460146064816F062FED8
S21402414030B116F079F943891C4214BF01200020D1
S21402415010BD00BF026C00201FB51446024601A81F
S21402416016F026FB074801A916F04CFE40B134B102
S21402417016F062F9142201462046F7F7AFFB01203B
S21402418004B010BD026C00201FB50146002201A833
S21402419016F00EFB094801A916F034FE58B116F0C7
S2140241A04BF94389024613F0020004D0507B80F09C
S2140241B00800C0F3C00005B05DF804FB026C0020E6
S2140241C0F7B59DF824400D4601949DF8204006461A
S2140241D000941F4614F0BBF84FF6FF71884204465F
S2140241E010D0BB0711D4284600F056FF204616F022
S2140241F030FEFF281FBF084A32F8103023F48043EF
S21402420022F81030204603B0F0BD0246294630465A
S21402421012F05AFDEAE700BFA05B002073B50E4617
S2140242200146144816F0EEFD0546D8B116F004F91C
S21402423043890446334012D09B0736B20BD5002E74
S21402424009DAA17B437B0289007B0191012100915F
S2140242502146FFF7B5FF638923EA06036381628975
S21402426012B1012002B070BD2946024812F03BFC92
S214024270F7E700BF026C00200148FFF71FBA00BF35
S214024280026C002013B53E4C0DF0E3FFD4F8FC316F
S2140242901020C3F307430193FFF7C4FD000650D571
S2140242A00020FFF7BFFD01064BD5019B802B3ED1B8
S2140242B0236A9A0704D440F61544204602B010BD7D
S2140242C0E3699B07F7D52F4811F0A5FC012012F0F1
S2140242D075FA0DF0D1FF04460028EED100F042F93F
S2140242E0294812F035FC00F099F9E8F757F80DF076
S2140242F0AFFF08F003FF08F055FFF4F761FAF4F792
S214024300FFFAF4F719FB03F0DBFD10F0BEFD10F028
S214024310BFFD11F057F91D4814F022F806F08CFA8A
S21402432011F013F90028C8D011F011F9C5E7019B66
S214024330812BC0D1D4F80C315B00BCD5D4F80C313B
S214024340BFE71020FFF76EFD0006BCD40020FFF783
S21402435069FD0106B7D5019B802B05D1084B1A6A69
S214024360D207A8D5DB69ACE7019B812BA3D1044B0E
S214024370D3F80C21002A9EDAD3F80C31A1E700BF4D
S2140243800080E00F690345ECAC5600208540020031
S21402439010B512F0B2FD70B301F0E0FA80F001043D
S2140243A0E4B20020FEF724FC44EA800424B212F0B1
S2140243B092FD10BB02200443164816F0EEFC44EAB7
S2140243C04014154816F0E9FC24B244EA00141348D7
S2140243D016F0E3FC24B244EA8014114816F0DDFC21
S2140243E024B244EA40240F4816F0D7FC24B244EA2A
S2140243F0C02080B210BD0124D3E70B4812F01DFB8B
S2140244000028D7D0094812F018FB80F00100C0B28D
S2140244104000D0E76C6A0020506B002068480020FD
S214024420D06A0020306B0020D05B0020025C0020A7
S21402443008B501F07FF8FEF709F8144812F0FDFA05
S21402444008B904F025FF124812F0F7FA08B906F088
S214024450DDF902F095FF0F4812F0ACFB0E4B1B780D
S214024460043B022B09D80D4816F097FC28B1FFF73B
S2140244708FFF102801D107F0E1FC10F00EFD12F0BC
S21402448032FCBDE808400648FFF75AB9D05B002068
S214024490025C0020AC56002076620020506B0020A2
S2140244A094990400014B1868704700BFE05500203D
S2140244B04FF6F77370B5984204460D4686B043D859
S2140244C012F01FFCA04207D1082220492846F7F71F
S2140244D005FA002006B070BD1D4EB6F86830A3423D
S2140244E00AD10022082106F16A0012F098FB18B9D8
S2140244F0082206F16A01E9E784B10023012219467F
S2140245002046009308F05CFDFF2811D1294620467C
S21402451008F000FF80F00100C0B2DBE70D4B1B681D
S2140245209B07EAD4284606F0FBFD0028E5D0D0E734
S21402453002A913F0B7FD0028E8D1DDF80D302B6094
S214024540DDF811306B60C4E70120C3E7F862002093
S214024550E455002064480020014B1870704700BFE5
S2140245605C6C002010B5054C082221460448E8F78A
S214024570ABFD204612F0FFFB10BD00BFF862002024
S21402458034B608C000487047F8620020082208B512
S2140245900349F7F79DFCB0FA80F0400908BD00BF5A
S2140245A0F8620020014B1870704700BF6962002055
S2140245B0F7B50D46044616461F460021284601F06A
S2140245C061FD0B4B002183F859402A4633462046AC
S2140245D000970AF03FF9014630B10222204603B0A6
S2140245E0BDE8F04000F006B8012003B0F0BD00BF01
S2140245F0E455002013B513460C461AB1022A0CBF26
S214024600134601230021044A019100922246FEF736
S2140246101DFC02B010BD00BFDD6F030000B5002018
S21402462093B0FEF78FFB1E4B188813F09AFE1D4BB5
S2140246301D491A7800200AF091F9342200216846B2
S214024640F7F7FAF80B238DF800306FF480330193F6
S2140246504FF6FE73ADF8103003238DF81D30134B62
S214024660134A0893134B10680993134B51680D9322
S214024670124B6A460E93124B0F93124B1093124B29
S214024680119302AB03C300210846FEF7F9FD6A4602
S21402469001210020FEF7F4FD13B05DF804FB00BF15
S2140246A0EE6B00206B6C0020305D0400C54A0200F1
S2140246B0F8620020796D0300AD7702006D4C0200AF
S2140246C0D9860200DD6F0300DD730200014B187805
S2140246D0704700BF00630020014B1888704700BF78
S2140246E0066C00202DE9F74F814610460E4690468E
S2140246F016F0C1FADFF840B105469BF8003033B930
S2140247004A4B1B681BB94A4B1B68002B7FD015F41B
S214024710406A05F040071BD19FBBB5F5804F61D2BA
S2140247204FF48074B9F1400F73D0B9F1800F63D0A3
S214024730B9F1100F6BD100239BF800003D4AD9B2A5
S214024740884264D932F8021B0133A142F7D166E0EF
S21402475008F1030016F08FFA4FF6FF73984214BF63
S2140247600124022487B1052705F44043B3F5004F20
S21402477044F0080425D0B5F5804F24D244F4807462
S21402478021E054460327EFE7B5F5804F4FF00507C3
S214024790F4D3BAF5406F14BF0220082038444044D0
S2140247A016F069FA019012F0C9FA019B05F4404529
S2140247B098420CBF44F0080444F00404B5F5004FD8
S2140247C001D144F08004BAF5006F0FD108EB070060
S2140247D016F051FA054612F094FAA842A2D144F015
S2140247E010049FE7544603270220D7E7BAF5406F26
S2140247F008BF44F0200495E70C4B1B683BB100222F
S214024800D1B233F8110033F91110002903DA00206F
S21402481008E0074BF1E7A04202F10102F0D106B12F
S2140248203480012003B0BDE8F08F00BFBC560020E4
S214024830C0560020205C002039630020034B1A7803
S214024840022A04BF09221A70704700BF01630020C3
S2140248500C22034B1A211A700320002201F090BD8D
S214024860016300200C2208B5054B1A211A7000229B
S214024870104601F085FD0022024B1A6008BD00BFFB
S21402488001630020C85600200C2270B50D4B054669
S2140248901E781A7030B93046BDE8704000221A21E0
S2140248A001F06EBD084B1C78E1B21A29F3D825FA3E
S2140248B004F3DB0703D54422304601F061FD0134E0
S2140248C0F2E700BF01630020876C00200C22024B37
S2140248D01A7010F06DBE00BF01630020F0B50C88A0
S2140248E005460E468BB0E4B94FF6FF77ADF8247056
S2140248F010F073FE10B902200BB0F0BDCDE90340F4
S214024900CDE90544134A0294B2F85C306032019352
S21402491000923B464CF60101FF2009AA13F03CFD2B
S2140249203080284612F033FB0B4C70B1237863B10B
S214024930013BDBB22846237012F029FB38B12078FF
S214024940B0FA80F04009C0B2D6E70523F2E70120AC
S214024950F9E700BFE4550020866C0020034B1146A1
S2140249601B6803B1184710F0E3B900BFC856002011
S2140249700C22024B1A7008F039BF00BF01630020F8
S2140249800148FEF79BBE00BFD25B00207FB50546FE
S2140249900C46164615F07AFF00286BD1062D03D872
S2140249A05223EB40DB071AD4B4F1006F05D3E30EB3
S2140249B01C3B032B18D94F202EE000222F4B1A60E7
S2140249C02F4B1D7012F051F903460A2D54D8DFE81A
S2140249D005F02D183E49182518535341360002F0AB
S2140249E0A3F8B4F1006FE2D20022244B042D1A6021
S2140249F0234B1D70E6D1022001F0B6F912F035F90C
S214024A000346012202921F4A01921F4A00921F4A3F
S214024A10314620460AF078FA04B070BD3146204688
S214024A201B4A04B0BDE870400AF056BA314620462A
S214024A30184B194A04B0BDE870400AF031BA002299
S214024A400292164A0192104A0092154AE0E70222A2
S214024A500B4B1A7000221046124904B0BDE8704093
S214024A60FEF7BAB9002202920F4A0192064A009253
S214024A700E4ACDE74D20CFE70120CDE7C8560020ED
S214024A800163002089480200C54A0200C96F03007C
S214024A9071490200654802005D490200CD480200E5
S214024AA0DD4802003D480200514802008B6F0300B9
S214024AB008B50AF059FA0C22014B00201A7008BDFC
S214024AC001630020F0B585B0ADF8060018B976216E
S214024AD0644815F0F2FFBDF8060011F091FE044698
S214024AE0BDF8060011F08CFE082846D00C2CBDF846
S214024AF0060042D111F074FF074616F0BCF80DF11D
S214024B000F010646BDF8060010F0B0F9002879D06D
S214024B1009220021384615F0CFFB9DF80F301033DE
S214024B20C518BDF8060015F0A3FCEDB2854269D2A1
S214024B302946BDF806000AF025FB06F44C4416F496
S214024B404066054614D0F81C16F095F84FF6FF732B
S214024B50984208BF44F04004B6F5006F08D1781DAD
S214024B6016F089F84FF6FF73984208BF44F0100417
S214024B709DF80F305BB3072D44D1BDF8060011F047
S214024B8035FE0446BDF8060011F03AFE082817D096
S214024B90A30615D524F0200189B2BDF8060011F04F
S214024BA010FEBDF8060011F01BFF0021092215F0C9
S214024BB083FB00F1100189B20DF1060013F015FD1A
S214024BC00022BDF80610284816F0BFF81AE0082D95
S214024BD016D8BDB1013D072D14D801A353F825F010
S214024BE03D4C0200494C0200054C0200094C0200F2
S214024BF0054C0200554C02007B4B02005B4C020047
S214024C007C2D24D005B0F0BD24F48844A4B2B4F5BB
S214024C10084FF7D1BDF8060011F0EDFDBDF80610FD
S214024C2013F0A4FB0028A8D0BDF8060011F03BFE46
S214024C3000220146022015F0E7FFE3E724F4806431
S214024C40A4B2B4F5484F97E7B4F54C4F94E7B4F5E1
S214024C504C4F92D04CF6500301E04CF640439C4237
S214024C608AE700BF2A4D0400D05B00202DE9F743F7
S214024C700F4690469946064615F0DEFB0446304639
S214024C8015F0F6FBC5B2083D2C44E178094BA27834
S214024C901970094B31461A70002043463A46CDF841
S214024CA000900DF061FF003818BF012003B0BDE888
S214024CB0F08300BF1B6300201A6300202DE9F04F2B
S214024CC0DFF84081DFF8409198F8002099F800302C
S214024CD006469A4285B004D340F21911424815F0AE
S214024CE0ECFE30460DF10F0115F07AFD20B14FF4BF
S214024CF08E713D4815F0E1FE98F800709DF80F4061
S214024D003D1B15F0FF0530D04FF0FF3C374B01211D
S214024D101B78A140184699F800304FF6FF790CFA36
S214024D2003FC0023324A01F1FF3E0193C1F1000A5F
S214024D309DF80430984243D8122004FB00002D4B05
S214024D40A0F1120105EBC5025200194404F1010953
S214024D501844F6F7C3FD4FEA89092748A9F104016A
S214024D600144AA004844F6F7B9FD224904EBC402FE
S214024D7001EB420321F81260204A013712784FF6FF
S214024D80FF71DA731A745A7412025A801C4A0D2082
S214024D9012781A7110225A7100229A73C3F80620EA
S214024DA0C3F80A20144B43F8242088F8007015F044
S214024DB02BFF0EB913F039F9204605B0BDE8F08F87
S214024DC013884B450AD053680AEA030B03EA0E031C
S214024DD00B4403EB4B0343EA0C035360019B08327C
S214024DE001330193A4E700BF3D4D0400686C002028
S214024DF0344600206C5B0020304600201B630020F7
S214024E00026300206F620020666C002010B5074C1B
S214024E102046FEF743FF04F06BFB02F0DDFE204661
S214024E20BDE810404FF47A5115F0F2BB2C6A002010
S214024E302DE9F041074600250A4B0B4E93F80080F9
S214024E40ECB2A04503D8FF242046BDE8F081082234
S214024E503846B11DF7F73CF801350028F4D0123673
S214024E60EEE700BF6F6200206C5B002007B50DF115
S214024E70070115F0B5FC30B19DF80730034803EB87
S214024E80C30300EB430003B05DF804FB6C5B002039
S214024E902DE9F843294E044633785D1E2D1A8342C7
S214024EA0EDB204D84FF4A171254815F006FE012391
S214024EB0A3404FF0FF305F1E3B4400214FF6FF7EBB
S214024EC06FEA03081F4A92F800C01F4A1278904001
S214024ED01E4ACBB29C4523D8BDB127B204EBC4040C
S214024EE01B48640005EBC50204F11201014452009E
S214024EF02044F6F7F3FCBF001648AA00391D014409
S214024F0002F0FC023844F6F7E9FC33780022013B53
S214024F1033704FF6FF71BDE8F8430E2015F074BEED
S214024F201388734507D0536808EA03093B4003EB2E
S214024F3059030343536008320131CAE76F62002007
S214024F403D4D0400686C0020666C0020344600204C
S214024F506C5B00203046002010B50A4C207858B909
S214024F60094B1B781A2B03D99921084815F0A5FD81
S214024F700322074B1A7010BD0138C0B2FFF788FF34
S214024F80ECE700BF6F620020666C00203D4D040017
S214024F906B6200202DE9F047054615F049FFFF2811
S214024FA0044624D1DFF884901E4B99F800201B7823
S214024FB09A422BD22846BDE8F047FFF77FBE3888D4
S214024FC03B79504518D86F2B4FEA131214D85B075B
S214024FD010D0123708F1010899F800105FFA88F627
S214024FE0B142ECD80023104ADEB28E4214D32046D9
S214024FF0BDE8F087022AECD913F088F90028E8D138
S21402500029463046BDE8F04712F002B84FF00008D5
S2140250104FF6F77A044FDFE7107901338F28EFD87F
S2140250201232E1E7666C00206C5B00206F620020A3
S2140250304FF6F773984210B514D8FFF7ABFFFF2868
S21402504010D0134C00B200EBC00004EB40040DF08D
S2140250509DFF104938B962880B7802EB0313A3EB65
S2140250601213638010BD227C637C09789A42E27335
S2140250702374617407D98B4203D213468B4228BF2E
S2140250800B461B02EDE78A42F8D31346F9E700BF48
S2140250906C5B00201B6300202DE9F04106460F469C
S2140250A000240E4DDFF8388098F80030A34201D86D
S2140250B0BDE8F081082229463046F6F709FF40B9D6
S2140250C035F8063CBB4204D02046FFF7E1FE013C21
S2140250D0E4B20134E4B21235E6E700BF725B0020A8
S2140250E06F620020F8B5054608460E46FFF7A0FE9A
S2140250F0FF2830D01D4B294653F820703046FFF764
S214025100CBFF2846FFF746FFFF28044625D113F0BB
S21402511018F9FF280AD1164C207838B10FF089FD0D
S2140251202378B0FBF3F202FB1300C0B2294611F05B
S2140251306FFF044623B20F4D03EBC30305EB430593
S21402514008223146A81DF6F7C9FB2B79204603F044
S2140251500F032B71F8BD0027D3E7074B1B78002BF4
S21402516018BF0027014B43F82070E3E730460020C3
S214025170666C00206C5B0020886C002038B50B4BF8
S21402518004461B780D46834204D840F25A2108484A
S21402519015F093FC074804EBC40400EB44002946D0
S2140251A0BDE8384008220630F6F798BB666C002049
S2140251B03D4D04006C5B002070B5044608460E4662
S2140251C015F036FEFF28054610D02046FFF730FEC3
S2140251D0FF2807D0084B1B7823B9084B53F820202A
S2140251E043F8252021462846FFF7C8FF31462046C9
S2140251F0BDE87040FFF750BF886C002030460020A4
S2140252002DE9F8430024804601272646114DDFF893
S2140252104C9099F80030A34210D83E430134E4B2D1
S2140252201A2C4FEA470705F11205F2D14FF0FF306C
S214025230094B1B7898403043BDE8F8832B884345DA
S214025240EBD0284611F02DFF0328E6D82B796F2BDA
S214025250E3D8E3E76C5B0020666C00206F620020F8
S21402526010B5084C00EBC00004EB400423795B0742
S21402527007D1204611F015FF237923F007031843C0
S214025280207110BD6C5B00200022084B1878084B7A
S214025290D1B2884203F1120300D8704713F80D1CEE
S2140252A0013221F0100103F80D1CF1E76F620020B5
S2140252B06C5B00202DE9F04702261227DFF85C908F
S2140252C0DFF85C8099F8004000250CE007FB05F348
S2140252D038F803A00021504611F0F8FE10B15CB178
S2140252E0013CE4B2013599F80030EAB29342EDD8B7
S2140252F0A34204D14FF6FF7A5046BDE8F0870FF07E
S21402530098FC99F80030012EA3EB040390FBF3F20D
S21402531002FB1300C4B2EDD00126D5E76F6200206F
S2140253206C5B0020034B00211A7803489200F6F7C4
S21402533083BA00BF666C00203046002010B5134BBF
S2140253400C461B7886B0834212D9114900EBC00086
S21402535001EB4001082220460631F6F7BFFA00228A
S2140253600821204611F05BFC80F00100C0B206E086
S214025370C01A01A9C0B212F0EDFF10B1002006B0AB
S21402538010BD01AB03CB20606160E8E7666C0020CD
S2140253906C5B002008B5074B024653F820308B4260
S2140253A006D915204FF6FF7115F02EFC002008BD19
S2140253B00120FCE730460020024B013143F8201062
S2140253C0704700BF304600202DE9F34781460C4661
S2140253D000272A4EDFF8ACA09AF80030FDB2AB42A6
S2140253E010D86946204612F0CEFFC0B3082269469E
S2140253F04846F6F76DFD90B34946204612F00CF982
S214025400FE2537E006F10608082241464846F6F72A
S2140254105FFD90B94FF6FF739C422BD03388A342B0
S21402542028D0204615F015FDFF2814D149462046FF
S21402543002B0BDE8F047FFF755BE14B91236013781
S214025440CAE73388A342F9D100220821404611F068
S214025450E6FB0028F2D12846FFF71AFDCCE74946BC
S214025460002015F0F4FCFF28054603D0044B1B78F9
S2140254700344DDB2284602B0BDE8F0876C5B00202C
S214025480666C00206F6200200F4B1B7883420CD89C
S214025490C01A0E4AC0B232F81030D90411D443F4FE
S2140254A0805322F8103001207047094B00EBC000F1
S2140254B003EB40035A79D10603D442F010025A7124
S2140254C0F1E70020704700BF666C0020A05B00205A
S2140254D06C5B0020F0B5134B06461B78FBB100252B
S2140254E01148DFF84CC090F800E0104807781F44D7
S2140254F0E8B2864501D80020F0BD7C1B94FBF3F091
S21402550003FB10440CEBC4003CF83440B44204D114
S214025510002AF1D184788C42EED00135E8E71846AD
S214025520EAE700BF686C0020504800206D62002049
S2140255303446002070B50CF07DFE14250F49104E3F
S2140255400B78328830809B1A03449BB2B3FBF5F487
S21402555005FB14330B700B49E2B20B78934292BFF1
S21402556000239B1ADBB2032A0B7088BF002306496E
S2140255709EBFD2000B68D3400B6070BD0463002050
S214025580D45B00206C62002050480020084B18684C
S214025590084BC2B21B789A4208D2074BC0F30720C8
S2140255A01B78984234BF00200120704701207047C4
S2140255B050480020686C002003630020F8B50546BA
S2140255C01746FFF7E3FF064610B9184B1A783AB9A2
S2140255D0212001224FF6FF7115F016FB0020F8BDC0
S2140255E01348DFF854C003780133B3FBF2F402FB2E
S2140255F0143303700F48DCF8002000EBC30420F8D5
S214025600335002F10132A1703846CCF80020FFF781
S214025610F7FDE670606011F074FBA84201D101202C
S214025620DDE7E3780133E370F9E700BF686C00203A
S2140256306D620020344600205048002010B50B4C06
S2140256400B4A2378063B13700CF0F4FD0022094B3C
S214025650FF211880084B09481A602278D200F6F714
S214025660EBF80422064B1A7010BD00BF686C0020CF
S21402567003630020D45B00205048002034460020FC
S2140256806C6200202DE9F843074615F00FFA05462E
S2140256901A4815F082FB1A4B48B31C683C1B2C4474
S2140256A0A4B20022174BDFF864901B78164D99F8C7
S2140256B0006005EB03155FFA82F8464509D9AB8808
S2140256C005F11000A34215D9B21A29461201F6F7BF
S2140256D005F9013689F80060AC80B8F1000F03D1F5
S2140256E03946064814F094FF2846BDE8F8833C463F
S2140256F01D60D6E705460132DDE700BF4C6A002092
S214025700CC560020066300203045002007630020A8
S2140257102DE9F74F15F0CAF94FF0000E284D294F24
S2140257202978294C97F800A004EB011303EB0A1220
S2140257300092F3465246DFF898801FFA80FC06462F
S214025740B8F80000ACEB0009A0EB0C001FFA89F9D0
S21402575001900098984217D1BEF1000F00D0297030
S214025760524503D200203A70FDF7DEFA3B7823B3A7
S2140257702B78164804EB0314A188C8F8006003B01F
S214025780BDE8F04F14F044BFB3F804C0CC450FD8C0
S2140257904FF0010E93F802C001310CF1FF3C013AC2
S2140257A0A3F804B083F802C0C9B2D2B21033D0E76D
S2140257B001988444A3F804C0F8E703B0BDE8F08F6C
S2140257C00663002007630020304500204C6A002054
S2140257D0CC5600207FB56C461E4B1F4D1E78013EF0
S2140257E0F6B21E7095E80F0084E80F001B4B2846A1
S2140257F01A7805F1100132441201F6F76FF89DF897
S214025800026016F00F0511D1BDF8080009F02CFE53
S214025810360918BF29464FF00002BDF8000008BF3F
S214025820039904B0BDE8704002F022BDBDF8040042
S214025830FFF728FF0346828804ADADF8042022460F
S21402584003CAAA4218605960144603F10803F6D147
S21402585004B070BD066300203045002007630020B8
S214025860F8B50024084D094F094E3B783178E2B26C
S2140258700B449A4204F1010400DBF8BD2846FDF70A
S2140258801DFF1035F1E700BF3045002007630020FA
S2140258900663002070B5134B06460D4610461249A5
S2140258A01A78124B09781B780B44934206DB1F20AA
S2140258B04FF6FF7115F0A8F9002070BDFFF7E2FE63
S2140258C0013506808570044615F0EBF8E08009F095
S2140258D0D1FD40F602432081E3600020FDF724FA62
S2140258E00120EAE7656C00200763002006630020BB
S2140258F02DE9F84386460023144FDFF85C803E7895
S21402590098F8005012497219DCB294421CDA4FEA37
S214025910041C31F80C900133F14501EB0410F3D16D
S214025920631CD21A0CF1100C12016144F5F7D6FF73
S214025930A5428BBF05F1FF3506F1FF3688F8005009
S2140259403E700CB9034B1C70BDE8F8830763002059
S214025950304500200563002006630020044B054AFC
S2140259601B781278D3420CBF01200020704700BF7C
S2140259700663002007630020024B1878003818BF21
S2140259800120704706630020002108B5084B09482D
S2140259901970094B1970094B1970094B1A781201C4
S2140259A0F5F74AFFBDE808400648FEF777B900BF9C
S2140259B007630020304500200663002005630020B0
S2140259C0656C00204C6A002010B50B4C23784BB156
S2140259D00A4802F03BFD58B1084B0121188811F025
S2140259E082FA08B9002010BD0122054B1A70FAE7A8
S2140259F0FFF7F0FEEAE700BF06630020304500200E
S214025A000563002010B50E4B1B78BBB10D4C2388E6
S214025A1083424FF0000311D10B4AE160137049B97B
S214025A20A3781033A37011F028FD18B9A37823F0D9
S214025A300F03A370FFF7CEFE012010BD1846FCE749
S214025A4006630020304500200563002070B592B042
S214025A500C4606460FF0EAF8E17A05460020FCF707
S214025A6033FE28B394F90A0011F0E4F810BB134B86
S214025A70E27A294683F85820A27A83F85A206A46A0
S214025A80FDF748F94FF6FE739E420CBF4FF6FF73C2
S214025A9023896A4629460020ADF80660ADF8043030
S214025AA0FDF7EEFB40B92289054B5A8012B070BD55
S214025AB05520FBE75620F9E72120F7E7E4550020BA
S214025AC0D056002010B50446014608220948F5F7CC
S214025AD005FF237B022B0AD8002B14BF312201229A
S214025AE005490B7017234B61044B1A7010BD002337
S214025AF00122F5E7D4560020D05600207562002019
S214025B00014610230120014AFEF742B964EE010065
S214025B10014B5861704700BFD0560020014B1878E1
S214025B20704700BFD056002010B5054C2378112BC5
S214025B3003D0E221034814F0C0FF4123237010BDB6
S214025B4075620020484D0400064B01461B78042B64
S214025B5004D1054A137E053313767047034814F0C2
S214025B6057BD00BF76620020D05600206C6A002027
S214025B7008B50648FDF7A2FD0548FDF79FFD0FF0A4
S214025B8081F9BDE8084000F0EBBF00BFD05B002003
S214025B90025C0020064B1878332806D000F0EF008F
S214025BA0A0F143035842584170470120704700BF96
S214025BB075620020002208B5074B4FF6FE701A7079
S214025BC011F0ABF84FF6FF7011F0C4F8034B5869AA
S214025BD0BDE808400FF0ECB875620020D0560020F1
S214025BE008B5064B187838B10548FEF743F84FF467
S214025BF07A73B0FBF3F0C0B208BD00BF6A62002041
S214025C00104800202DE9F0438BB00746154698460B
S214025C100E469DF8489049B9104605AC15F019F99C
S214025C20214612F097FB172818BF2646B9F1000F37
S214025C300AD1124B1B781BB9284612F0A8FBD0B922
S214025C402846FEF7A1FA02E0284612F0A0FB80F0F2
S214025C500104E4B29DF850302A4602939DF84C3077
S214025C603146CDE9009338464346039411F07FFA55
S214025C700BB0BDE8F0834C46ECE700BF7162002033
S214025C800022014B1A767047D056002008B5002035
S214025C90FEF788FC0023024AC2E90133538008BD9E
S214025CA0D056002010B5144B1B78033B012B16D898
S214025CB0124BB3F868204FF6FF739A420FD10320B7
S214025CC0FEF7E6F801F052FFFFF7E0FF002014F0BF
S214025CD0A9FA78B1BDE81040002010F08FBEFEF79A
S214025CE0C7F80446FEF7BEF80146204607F01AF843
S214025CF00220E5E710BD00BF76620020E4550020D2
S214025D0008B5114A114B58611378032B1BD0D3B137
S214025D10332B01D0432B10D10D4B1B78033B012BA9
S214025D2005D803231370BDE808400FF041B80FF002
S214025D303FF8BDE80840FFF7B5BF21231370BDE862
S214025D40084001F07DBD08BD75620020D0560020D7
S214025D507662002008B50348FDF7A0FFFFF796FF1E
S214025D60022008BD1048002038B5114D04462B7895
S214025D70834218BF28700FF028FC80B124B9204651
S214025D800FF025FC02220DE001200FF020FC2B78FC
S214025D901A1F012A05D9062BF4D1032202E0002C91
S214025DA0F5D10122BDE838400021084611F01FB99E
S214025DB07662002030B5044685B068460D46FFF789
S214025DC09FFE94B100212846144A01F0F3FE144BBC
S214025DD020681B7861688DF80430124B1B788DF8AA
S214025DE0053002AB03C305F071F90F4B93F8582048
S214025DF093F85A308DF803208DF8023010F09EFF8B
S214025E00ADF8000010F07DFF1023ADF806006946DD
S214025E100020064AFDF7BCFF05B030BD00F8FF07BC
S214025E205C6C002076620020E455002064EE0100DF
S214025E3010B5104B04461A780F4B002083F85820F2
S214025E4014F0F0F910B1002010F0D8FD0021084639
S214025E50FFF7B0FF0FF0ABFB2046FDF749FA40F61E
S214025E6017400EF0A5FF0023044A1380044A13804D
S214025E7010BD00BF08630020E4550020AA5B002086
S214025E80A85B00201FB504466846FFF739FE54B1EA
S214025E9000238DF80530102369460020064AFDF7D8
S214025EA077FF04B010BD10F02CFFADF8060010F01E
S214025EB045FFADF80000EEE764EE010010B50146BE
S214025EC004460020FCF700FC90B10C4B1B78023B0A
S214025ED0032B0FD80A4B1C7014F0D8FC60B9094A81
S214025EE00949FCF779FF003818BF0120800010BD71
S214025EF05520FCE70220FAE74D20F8E775620020FD
S214025F000863002081870200315E0200F8B506466B
S214025F1014F0BCFC044668B914F084F950B1064D7E
S214025F20204695F8587085F8586010F067FD10B155
S214025F3085F858704D20F8BDE45500202DE9F04153
S214025F4080461846033B012B0E46174602D918B167
S214025F50212438E0FFF708FF274B1D78022D08D0D2
S214025F60032D46D1B8F1000F03D1244B1B689B07C3
S214025F703FD43320FDF78CFF01F096FAB6F1006F9E
S214025F8034BF1F4B052231464FF0060038BF1A7841
S214025F90FEF7FCFC044628BB1A4D2873012000F0CD
S214025FA017FE10F0CBFE68802846B8F1000F0DD021
S214025FB0022300F8043B11F02DF96C732F61394669
S214025FC030460EF039FE2046BDE8F081012300F887
S214025FD0043B11F01FF96C732F61394630460EF000
S214025FE02AFEF0E72846FDF753FFB8F1000FF4D07B
S214025FF0E5E70224E7E700BF756200206448002058
S214026000896C0020D0560020034B187818B9034B31
S214026010034A1B78D05C70477462002076620020C8
S214026020789A040038B5437B0446DB0703D590F91B
S21402603009000FF0BBFA00250F4B83F85950207960
S214026040FFF764FFFFF7E0FF6188248803462246D5
S2140260502846FEF7ADFA044620B11720FFF750FE99
S214026060204638BD1723054DC82105486B6114F03C
S214026070CFFA03232B76F3E7E4550020D056002010
S2140260806C6A0020F0B51A4D06460C4693B0A5F889
S214026090680005F16A0729BBC5F86A1079600EF038
S2140260A0C5FD6A4601460020FCF734FED5F86A3084
S2140260B0ADF81060CDF812307B68CDF816300EF0D1
S2140260C0B5FD6A4601460020FDF7DAF84FF6FF7383
S2140260D0B5F86800984203D014B106490EF0AFFD39
S2140260E013B0F0BD08223846F5F7F8FBD7E700BF35
S2140260F0E45500204E5600202DE9F041DFF8B88026
S2140261001F4698F8003005460C4616461BB1022577
S2140261102846BDE8F081531E052BF8D814F0B6FBCE
S2140261200028F4D13B7B032B14D14FF6FE739C421E
S21402613012D1012E09D0022EE9D110F0E2FD4FF65F
S214026140FB73984203D810F0DCFD044604E011F01D
S21402615033FAFAE7012EDAD0EDB939462046FFF7D0
S21402616075FC05460028D3D198F80030332B03D0AF
S214026170532B1CBF0E4B18613046FFF7F5FD00216E
S2140261804FF6FF70FFF77EFF0A4B1B78002BBFD03F
S21402619012F0E3F8BCE7397B721ECB1E5942594116
S2140261A05042504105F07CFF05460028D5D0AFE7A7
S2140261B0D05600208A6C0020756200202DE9F0413E
S2140261C005460F46904610F09CFD6B7B0446DB07A7
S2140261D003D595F909000FF0E9F910F092FD384B56
S2140261E0384E188010F0AAFD374B1880FDF73AFE9D
S2140261F0364B1880FDF73CFE082201463448F5F778
S2140262006DFB10F040FD334B18702879FFF77EFEC9
S21402621000216888FFF736FFFDF726FF60B14FF6CC
S214026220F672631E9BB2934206D911F0C5F9B6F810
S214026230683004468342F8D0204610F06EFD288867
S21402624010F088FD4146B6F86800B847044628B9FB
S2140262501920FFF755FD1920BDE8F081B6F8681041
S21402626010F008FB00231C4D86F859302B7803F0FB
S214026270FB03022B02D0204610F069FF00222046C4
S2140262801146FFF707FB0446B0B117236B61134BA9
S2140262901B78042B09D1C821114814F0B9F903233D
S2140262A02B7684F00100C0B2D6E74FF416710C4884
S2140262B014F0AEF90023F3E71720FFF721FDF0E70D
S2140262C0DA5B0020E4550020D85B0020D65B002075
S2140262D00963002011630020D05600207662002059
S2140262E06C6A0020F0B50C461E460B46204907464F
S2140262F089B004F1140053F8045B834241F8045B4E
S214026300F9D11B8802AD0B80D4F80E00D4F8121017
S214026310238803C5ADF8103023798DF812208DF846
S214026320133000233A468DF814304FF6FE710120E2
S21402633002ABFFF7E1FEC8B902A8FFF7C3FB237B57
S2140263404BB10C4D0C4B01AA2946012001930FF0CC
S2140263500BF92A781AB92046FFF764FE03E02046B6
S2140263600199FFF72BFF08B9044B1E7009B0F0BD68
S214026370DC5B0020D05600202B7203001263002044
S21402638001232DE9F341304E05460F4600202F49E2
S2140263901446737300F0EAFB0FF00AF9DFF8AC80DC
S2140263A038B9012D01D9042D0FD1214638460EF0F9
S2140263B0C3FC1020002111F0E8FF00283CD000208A
S2140263C002B0BDE8F041FCF7AFBC002CF1D1204B87
S2140263D01B78212B03D0062B01D0532B02D101F0C0
S2140263E02FFAE6E7FDF740FE0028E2D000F0EAFBCF
S2140263F028B9307BC0F11800FFF782FCD9E7154BAD
S21402640041462046019300F0B1FB20B140F6190147
S214026410114814F052FB01AA0B4998F80C000FF031
S214026420A3F832781AB90948FFF7FCFDC1E70199CB
S2140264300648FFF7C3FEBCE7FFF79EFA0028BED168
S21402644002B0BDE8F08100BFD0560020DC5B002021
S214026450756200202B720300484D04001FB5144BD2
S21402646004461B88DB0707D44FF6FF700021FFF7B0
S21402647009FE002004B010BD0A230E4A012001A91D
S214026480FDF786FC4FF6FF73BDF80C209A42EBD060
S2140264900822FF2101A810F0C2FB0028E4D10CB9A3
S2140264A00120E7E7BDF80C0001A9FFF7EBFDF7E7CF
S2140264B0F45B002026E1010038B50C46154610F0C4
S2140264C02CFC02F053FF29462046FFF7DBFD00F0C6
S2140264D079FB48B1054BDB790E2B28BF0E2301331F
S2140264E0DBB2034A137038BD0123FAE7DC5B0020F7
S2140264F01E63002038B51D46FFF7FEFD0446C8B9E8
S2140265002B7B2846032B03D1BDE8384010F0A1BEF2
S214026510FFF7D8FA084B25469C8110F0B4FB012100
S214026520064B81401A780620FEF730FA044608B178
S214026530034B1D70204638BDD0560020896C0020C3
S2140265407562002030B5012087B0FFF787FF6B46E3
S2140265500446144A1068516803C384B904F0C4FDA3
S21402656002A8FFF7CDFA4FF6FF752246BDF80E00D9
S2140265702946FFF7A1FF0EF066FB07B030BD6B465B
S214026580094AD2F86A00D2F86E10B2F8685003C30D
S21402659004F0AAFD02A8FFF7B3FA6A46BDF80E0099
S2140265A0E6E700BFDCD50300E455002037B5324BE2
S2140265B004461B781BB10224204603B030BD14F0FB
S2140265C065F90028F7D100F00DFB14B122882B4B99
S2140265D01A8000210DF10700FDF7D0FC002848D1F3
S2140265E010F009FE04460028E6D1254D9DF8070066
S2140265F0FFF7BAFB2B78033B012B27D82046FFF781
S2140266002DFF18B3FFF79EFF00F0FCFEFFF74AFBD4
S214026610012010F002FB48B9184B1B889A0707D5D1
S2140266202346052201201749FFF788FC0446C3E7E4
S214026630154D022329460120144AFDF7A9FB2B8893
S2140266405B07B9D5204600F0F1FEB5E72B78053B8F
S214026650012BB1D8FFF776FFFFF724FB2B78052B2B
S2140266600CBF04200520FDF713FC012010F0D5FA1C
S214026670DCE71724A0E700BF75620020F45B002069
S2140266807662002000F8FF07A65B002027E10100E3
S2140266907FB50024184E194D3278E3B29A4201D8DB
S2140266A004B070BD4FF6FF73B5F868209A421AD050
S2140266B0134B1B88DB0714D5124AB5F868301068EE
S2140266C05168ADF80C3001AB03C30F4A0A23002011
S2140266D001A9FDF75DFB022300200C4A0C49FDF7D9
S2140266E057FB0134D8E700220821064810F097FA33
S2140266F00028F6D1DCE700BF676C0020E4550020D6
S214026700F45B00204E56002026E1010027E101003E
S214026710A65B002010B500F0C7FE01F013FCD8B14E
S2140267200E48FDF7BBFA0E480E4C017A0E30FFF704
S21402673041FB23781BB100F0F7F9002323700022F7
S214026740094B1A73FFF7AEFA07F0B8F900F012FF1A
S214026750BDE81040FFF79CBF10BD00BF6C6A00206A
S214026760DC5B002012630020D056002010B52548BE
S214026770FDF794FA01F0E6FB30B1234B1B781BB908
S214026780BDE81040FFF7C6BF01F0DCFB78B11F4C36
S214026790237E83B1C8211B4813F03AFF0021237ED3
S2140267A00846013B2376BDE81040FCF72BBBFDF7FD
S2140267B05BFC0028EBD1FDF757FC154B1B7858B94C
S2140267C0112B03D003F0FD03412B19D1BDE8104075
S2140267D00E4B5869FFF794BA332BF7D10D4B188836
S2140267E010F09BFA0C4B188810F0B4FA0B4B0C49BD
S2140267F01888FFF747FC0B4B1878FFF787FBE5E78F
S21402680010BD00BF6C6A002071620020D0560020C6
S21402681075620020DA5B0020D85B0020D65B002081
S21402682009630020116300202DE9F04F0F4685B062
S21402683002AD044629463846914612F038F84FF023
S214026840000B82463846CDF804B010F0C9F84678F8
S214026850022C804606F0020609D85CB1FDF704FC5D
S2140268600446002848D1754B01241B7865E0043C99
S214026870022C3AD9FDF7F8FB384610F02AF8002425
S2140268800546A046DFF8D8A1384610F0A9F850F819
S21402689009300DF10500019314F0EDF99DF807B0EB
S2140268A00746B8F1000F4DD1BBF1000F5BD0DFF801
S2140268B08C9199F800300BB1002E63D0002C61D079
S2140268C05F4B1B78022B5DD1BBF1000F53D13846CC
S2140268D010F023FA58465946FFF76CFA07F0EEF81E
S2140268E040F607400EF064FA34E010F078FCFDF74C
S2140268F0BBFB0446F8B15C464EB1524B1B78012BEB
S21402690002D0043B012B0BD805B0BDE8F08F4B4BF1
S2140269101B782BB14B4B1B7803F0FB03022BF3D0F7
S214026920BAF1000F404608BF002511F0B3FF4FF042
S21402693001088246A8E7414B1B78002BF0D0002EB8
S214026940EED1E1E7BAF1000FAED05046FDF71EFEDB
S2140269500028A9D1002013F065FC0028D4D000201E
S21402696010F04CF8D0E74FF6F7739F429FD91720E6
S214026970FFF7C6F9EEE7FDF777FB48B13248FDF7B9
S2140269808DF9F4E7FDF770FB10B1BBF1000FF5D1FE
S214026990FDF76AFB0028DDD02846FEF749FAFF28F5
S2140269A0DFF89CA0294C03D09AF80030012B04D1C2
S2140269B02946B4F86800FEF795FBFEF751FC2A4616
S2140269C03846B4F86810FFF777FD214B214A93F951
S2140269D006301B0213809AF80030012B19D0312B97
S2140269E014BF432311238AF800301B4B164819683C
S2140269F013F00EFE00F006FD0023124C99F800106C
S214026A00237641B9104813F003FE40F61B43636138
S214026A10A0E71123E7E7B8F1000F03D016B1FFF79E
S214026A2079FEF2E70D4B1B78042BEED105210648C2
S214026A3013F0EEFD09232376E7E700BF716200201C
S214026A4075620020D05600206C6A0020E4550020B3
S214026A50DC5B0020F25B00208C6A0020766200205D
S214026A60F862002070B508468CB00D460FF0B8FFED
S214026A7009220021064613F01FFC044628460FF0A2
S214026A8028FF052228460DF10F0304A90EF0E2F9AD
S214026A9002281BD09DF80F3029461C440023E4B27E
S214026AA004F11002365D01200093D2B20CF05CF8BD
S214026AB060B1022E0AD1064B1B78012B06D1054B7C
S214026AC0187818B922462946FFF7AEFE0CB070BDFC
S214026AD075620020D056002008B5084B187050B1D9
S214026AE0074B1B883BB14FF47A710648594313F0A3
S214026AF08FFD002008BD0120FCE700BF6862002071
S214026B00086C002030470020014B18800020704798
S214026B10086C002008B5FDF7C1F80022014B1A7078
S214026B2008BD00BF6862002010B50024044B05486B
S214026B301C80054B1C70FDF7B1F8204610BD00BF47
S214026B40F65B0020906A00201363002008B5034815
S214026B50FDF7A4F8BDE80840FFF7E6BF906A0020FC
S214026B600148FCF7ABBD00BFF65B0020F7B5134B40
S214026B7004461B780E46EBB183421DD9002110480D
S214026B8014F0DDF8002501460D4F09B9012009E091
S214026B90AC4209D10024162322463046009414F053
S214026BA063F9204603B0F0BD384614F0ECF8013520
S214026BB00146EAE71820F5E72720F3E713630020EB
S214026BC0F65B0020014B1878704700BF1363002065
S214026BD025289DBF024B187000202120704700BF59
S214026BE08B6C0020012307B51846064A0DF10701F3
S214026BF0FDF7CEF89DF80720034B1A7003B05DF838
S214026C0004FB00BF29E101000A6C002084B010B525
S214026C1002AC84E80F00082224480DF11601089CF5
S214026C20F5F756F938BB9DF815309B0705D4204B6F
S214026C301B7803F0FD03312B23D11E4963780978B4
S214026C4003F00F028A4203D0012928D1022A18D162
S214026C502278B2B91B09022B13D194F90230002B09
S214026C6021DB154BB3F86820BDF80A309A4208D1EA
S214026C70FEF790FF06E0002208210C480FF0CFFF37
S214026C8020B90020BDE8104004B070470B4BBDF899
S214026C9008205B889A42C6D0002BC4D0F1E70229AE
S214026CA0EFD1012AD3E70120ECE700BFD45600203B
S214026CB0756200205C6C0020E4550020D05600204F
S214026CC084B02DE9F0478EB016AC84E80F00DFF8EA
S214026CD068C1564BBCF802009DF85D9010F00104A6
S214026CE09DF96220BDF870E09DF875A09DF976705A
S214026CF09DF878509DF97A109DF95E809DF8606047
S214026D001B782FD09DF87D00C0F34004C0F38000AE
S214026D10002B44D0464B1B78012B02D1002C00F0EE
S214026D208280C0B19CF800301E335BB2BB42ACBF5F
S214026D30002701279845D4BF00230123BB4209D16F
S214026D408A4208DB0CD1A81BC0B280288CBF002068
S214026D50012000E038460EB0BDE8F04704B07047A8
S214026D600020F8E710F0020F18D0C3B1490814BF8C
S214026D7001200020520814BF012300238342EAD1D7
S214026D80AB1BDBB2802B0AD9AE42E9D1B84506DB93
S214026D9049D1CA4594BF00200120DCE70BB9012087
S214026DA0D9E7AE4216D002AC1CAF0FCF0FC497E89D
S214026DB0030044F8040B2180DDE91A0116AB0090AB
S214026DC0ADF804100FCB0EF0C8FB0028E7D1AE4298
S214026DD0B9D1C0E7BDF8583073451ED008AC0DF1E6
S214026DE0700CBCE80F000FC49CE8030044F8040BC8
S214026DF02180104C638873450FD10822211D0DF1A6
S214026E002E00F5F765F8024638B90821201D0FF066
S214026E1006FF10B96388002BC1D1B845BFDBC2D1CB
S214026E20CA45BCD8BFE7204695E700BF13630020DB
S214026E3075620020D05600200A6C002084B02DE92E
S214026E40F04F8FB06A4E18AC08AD84E80F001622D9
S214026E5000212846F4F7F0FC33783BB90024654B52
S214026E6032781B789A4239D2002726E000216248FF
S214026E7013F065FF00270446B846DFF87C91002C25
S214026E8045D13FB1224639465B480FF02CFE337897
S214026E90013B33703378002BE0D0002156484FF088
S214026EA0000913F04CFF4F468046CA46DFF848B149
S214026EB0B8F1000F6CD1002FD1D01621002218A8ED
S214026EC00FF0A9FD014648B1002F00F08B80224644
S214026ED049480FF0C0FD337801333370454B3278A2
S214026EE01B789A4207D94448002201880FF0FBFD1E
S214026EF03378013B33703378012B03D13F49404846
S214026F0013F086FB0FB0BDE8F04F04B070470022C6
S214026F10214616232846CDF8008013F0A5FF162238
S214026F20294618A8F4F7D4FF0028EBD09DF8642071
S214026F309DF824309A4225D1BDF86020BDF8203055
S214026F409A421FD108220DF12E010DF16E00F4F7C0
S214026F50BFFFB8B902AF0DF1600CBCE80F000FC757
S214026F609CE8030047F8040B39800EAB13E90300D4
S214026F700090ADF8041095E80F00FFF7A1FE002878
S214026F80C0D027462146484613F0FDFE044676E763
S214026F901623002241462846CDF800A013F064FFCF
S214026FA002AF0DF1600CBCE80F000FC79CE80300AF
S214026FB047F8040B39800EAB13E903000090ADF8D6
S214026FC0041095E80F00FFF77BFE074620B1B9F1E3
S214026FD0000F04BF444681464146584613F0D3FE8E
S214026FE0804665E73A46044813F0AFFE73E700BFF3
S214026FF0136300208B6C0020F65B002020BF02008B
S214027000906A00202DE9F04F002104469FB00DF152
S2140270104008162240460E91CDE90C11CDF83B10E1
S214027020F4F70AFC052220460DF11F0316A90DF0FF
S21402703011FF0228074600F0F28020460FF0D0FC2F
S214027040064613F018FE8146F01C13F014FEADF847
S2140270504000701D13F00FFE012FADF842002046CF
S21402706040F0E0800FF0BCFC0546204613F0E4F941
S2140270700D3502232D1A0093214643460820EAB214
S2140270800BF072FD002800F0CA8020460FF0ADFC1F
S214027090012F83469DF84D3040F0DC8000252F46B8
S2140270A043F001038DF84D3016AE3388022B4DD1D6
S2140270B0F1782046023108F065F81B2846D1F178AF
S2140270C02046033108F05EF819283FD1F1782046B1
S2140270D0043108F057F84A2838D14FF0050AF178FB
S2140270E020460131514408F04DF8F178059051449C
S2140270F0204608F047F8059B00EB032083B200F019
S2140271003F02932B059240F095800023F7782146A4
S21402711002375744FFB23A4600930CA80F2313F0E7
S214027120A3FE07F10F01204611F09AFA07F11101AA
S2140271300546204611F094FAADF84200059B02334C
S21402714053445FFA83FA33795345C8D806360DF1AD
S2140271507603B342A9D19DF84D20C5F3C03363F33D
S214027160410220468DF84D200FF0D1FB8DF84400E9
S21402717020460FF0C1FB8DF8450020460FF0C1FBFC
S2140271809DF83230BBF1190FC3F3C3028DF84720C6
S214027190DDF833208DF84600CDF84E20DDF8372096
S2140271A0CDF8522094BF00229DF83E208DF848204C
S2140271B003F003028DF84A209DF84D20DB0963F3A5
S2140271C08202694B8DF84D201B78022B56D1BDF8F2
S2140271D040600FF0B3FD864250D108A810F01AF8AE
S2140271E0BBF1190F47D908220DF14E0108A8F4F792
S2140271F06FFE00283CD1B9F5004F02D0B9F5624FB8
S2140272000DD140F6FF7325F440459D4207D100227A
S21402721008210DF14E000FF002FD00283ED01FB0EF
S214027220BDE8F08F0FF0DCFB0546204613F004F9AC
S21402723007351EE7412B81D1F178204602315144B1
S21402724007F0A0FF494B1B78C3F1B30318448DF82F
S214027250490073E76FF30003F01D8DF84D3013F00D
S2140272600AFD0CA90546204610F026F80B2772E701
S21402727000F058FDBFE700F055FDD0E7B9F5004F26
S21402728002D0B9F5624FCAD140F6FF7325F44045E5
S2140272909D42C4D1BBF1190FC1D9B8E7BBF11A0F91
S2140272A006D007F11F0142462046C9B20EF05BF92E
S2140272B02F4C304D637BDBB12B78012B1DD1012384
S2140272C023730CAB029314AC94E803000090ADF861
S2140272D0041098E80F00FFF799FC90B194E80300B9
S2140272E00090ADF8041098E80F00FFF7A7FD08E03D
S2140272F0FCF7BAFE0028DFD0E1E703F0FD03042B1B
S214027300DDD02B78012B01D0042B88D11A4BDDF867
S2140273104E001B78DDF852108DF82230BDF8403052
S214027320ADF820309DF84D30C3F340038DF823307E
S2140273309DF8313003F00F038DF82C309DF848305D
S2140273408DF82D3009AB03C30C4B1B681BB14146AD
S21402735008A8984763E79DF946209DF8451008A8B7
S2140273600DF0E8FC5BE700BF756200201A630020A0
S214027370D05600200163002019630020C456002066
S21402738010B513F093FB114B1B78022B1CD1104A3D
S2140273901468A04218D00F4910600A68121B1044E5
S2140273A00D4A086012786AB1013A93403C22534370
S2140273B04FF47A725343984206D9BDE81040032030
S2140273C0FCF766BD0A23F3E710BD00BF7562002016
S2140273D05C48002058480020586C0020064B1B884A
S2140273E0DB0708D50022054B43F82020044A135C2D
S2140273F063F00F0313547047F85B0020AC4600207E
S2140274003A62002008B513F051FB0022024B1860C6
S214027410024B1A6008BD00BF5C4800205848002096
S214027420014B1868704700BF5848002008B50C4842
S214027430FCF734FCFCF772FD80B10A4B0322B3F86A
S214027440681001200EF0AFF84FF47A71064B04482C
S2140274501B885943BDE8084013F0DAB808BD00BFE0
S214027460B06A0020E4550020EC6B0020014B188027
S214027470002070470E6C0020044A054B18701388D3
S21402748023F003031843108000207047F85B0020A7
S214027490596C0020034B1888C0F30E00003818BF42
S2140274A001207047A65B002008B5FFF7F3FF30B156
S2140274B0002004490223044A0880FCF769FC0020E5
S2140274C008BD00BFA65B002027E10100024B18881A
S2140274D0C0F30E00704700BFA65B00200023084AD8
S2140274E001201370074A08491370084B084A1B7894
S2140274F043F0040313800223064AFCF749BC00BF8C
S2140275001663002015630020A65B0020596C00203D
S214027510F85B002027E1010030B5012100240B238F
S21402752085B0104D019400918DF80C308DF80D0049
S2140275300323B5F8680003AA8DF80E4011F049F946
S21402754068B1B5F868100FF074FF40B10522064B1B
S21402755064211A70054B06481C7013F059F805B0E2
S21402756030BD00BFE45500201563002016630020DE
S214027570D06A0020064B1B78033B012B06D8054B2E
S2140275801B781BB9044B1878FFF7C6BF704700BFBD
S2140275907662002014630020586C002010B515484F
S2140275A0FCF77CFB144B1978F9B9144A13787BB1B3
S2140275B0013B1370124B1B78042B02D10846FBF7D3
S2140275C021FCBDE810404FF496710A4813F020B82B
S2140275D00C4A128802F00302022A0AD1BDE81040C1
S2140275E0032201200849FEF7A9BCBDE81040FFF7B8
S2140275F0C1BF10BDD06A00201663002015630020AC
S21402760076620020A65B002000F8FF07084B1A7877
S2140276105AB10223013A93404EF6602253430321A5
S2140276200448B3FBF1F112F0F3BF42F21073F6E72F
S214027630586C0020D06A002070B505461748FCF743
S2140276402DFB0122164B28461A7011F0E6F8411C53
S214027650044689B2284607F095FDA11C064689B263
S214027660284607F08FFD0F4C02232080214600207B
S2140276700D4AFCF78DFB86B9238803F00303022B21
S21402768003D1FFF7BFFEFFF7C1FF23885B0704D5D0
S214027690BDE870400548FFF7C9BE70BDD06A00203D
S2140276A016630020A65B002027E10100B06A0020D6
S2140276B02DE9F0431F4C0546238889B0002B33D0B2
S2140276C01D4E00214FF4807010F03FFE3378DB072A
S2140276D028D50121208812F0E7FE074620880FF001
S2140276E07FF9023013F0C7FA05A98046208811F008
S2140276F07BF93378384613F0020F104B18BF00257B
S214027700B3F8009012F0B4FE0646384612F094FE25
S214027710F6B20290424606212846CDE9009605AB0F
S2140277200DF0C4FA00232380054809B0BDE8F043F3
S214027730FCF7B4BAFE5B002017630020FC5B002057
S214027740F06A002010B5044640F62140FFF7B0FF6D
S21402775001214FF4807010F0F8FD78B10022084B3A
S2140277601C80084B1A7007F085FEBDE81040064BD9
S2140277701880064B0648198812F04ABF10BD00BF93
S214027780FE5B002017630020FC5B0020EE6B0020EF
S214027790F06A0020044A137818B943F00103137004
S2140277A0704743F00303FAE717630020044B1B7885
S2140277B01BB9044A1380FEF707B90020704700BFC2
S2140277C005630020FA5B0020042230B501F0400376
S2140277D087B0002B054614BF012400248DF80C2028
S2140277E08DF80D1004D004A910F0CDFD10B304AB33
S2140277F0CDE9004301210223284603AA10F0E9FF3F
S2140278000446C8B10D4BB3F868100FF033F84FF6C4
S214027810F7739D4209D9322202212046FEF73AF832
S21402782080F00100C0B207B030BD294620460FF0F6
S21402783000FEF5E70120F6E71920F4E7E4550020FC
S21402784010B5FFF731FE04F031FA0FF07EFC00208F
S21402785010F091FD13F01AF808B1FDF729F9204C43
S2140278602378532B12D1032323700023FF221946B9
S2140278700120FEF763FB002012F0D4FC10B10020BA
S2140278800FF0BCF8BDE810400DF091BE062B01D0FB
S214027890212BF0D10120FEF7F5FA4FF6FE700FF01D
S2140278A03CFA4FF6FF700FF055FA0020FEF752FA38
S2140278B00020FEF759FAFEF7E9F900F029FB0DF071
S2140278C079FE2378212B02D1FEF774F9D3E7002044
S2140278D0FCF7DEFA00214FF4004010F026FBCAE760
S2140278E07562002010B50A4C0A48FCF7D7F92378CF
S2140278F0062B02D10120FEF7C5FA2378062B01D00B
S214027900532B03D1BDE81040FFF79ABF10BD00BF4E
S21402791075620020106B00202DE9F047DFF8C0806A
S21402792004460E461746FFF7BFFD98F8005015B9F5
S2140279300220BDE8F087212DFAD0284813F02DFA50
S2140279400028F5D114F0200439463046DFF894A01A
S214027950DFF8949005F00F051BD00DF06FF9012D9E
S2140279608AF80070A9F8006029D1212388F800302F
S214027970FFF766FF0020DCE7212388F80030FFF7D8
S2140279805FFF00214FF6FE70FEF77CFBFEF780FEDF
S214027990F0E70DF052F9012D8AF80070A9F80060A0
S2140279A0EAD0062321464FF6FD7088F80030FFF72E
S2140279B00BFF40F22621094812F02AFEE1E7532384
S2140279C021464FF6FD7088F80030FFF7FDFE40F2C4
S2140279D02621024812F01CFECCE700BF106B0020E6
S2140279E07562002018630020106C0020F8B50D4662
S2140279F00646511C284607F0C5FB044628460EF0EC
S214027A00EFFF0546023013F036F9154B07461B7892
S214027A10022B02D0043B012B21D8124B1B685802C2
S214027A2001D5A1061BD5620619D50F4BB3F86830EF
S214027A30B34214D16B781B070DD5284610F02AFFE7
S214027A40FCF7A4FD58B1314604F020000122BDE83F
S214027A50F840FFF761BF0FF054F9B842F3D0F8BD13
S214027A607562002064480020E455002073B5044681
S214027A700D4613F0EEF9FF28034625D0134A127876
S214027A804AB1134A32F81020520404D510F064FCAE
S214027A90002002B070BD184610F06FFC694606461C
S214027AA010F071FC40B1FCF7E7F928B1002302227E
S214027AB06946304605F0DCF8204645F0400102B043
S214027AC0BDE87040FFF780BE0120E2E77162002049
S214027AD0A05B002038B505460EF082FF0446284615
S214027AE010F09BFE411C89B2284607F04BFB42066B
S214027AF00DD563781B070FD5204610F0CBFE014646
S214027B00002013F0A4F9BDE8384010F025BC034865
S214027B10BDE83840FFF7E6BE38BD00BF106B002058
S214027B2038B54FF6FF75A842044617D00FF006F98F
S214027B30A04213D04FF6FD72094B198891420DD917
S214027B40084A1288AA4201D0A24207D11C804FF4EA
S214027B507A71BDE83840044812F05ABD38BD00BFFD
S214027B60F66B0020126C0020F047002008B504488F
S214027B70FCF794F84FF6FF72024B1A8008BD00BF5E
S214027B80F0470020F66B002037B505460C46082362
S214027B9069460120064AFCF7FBF815B19DF8063047
S214027BA02B700CB1009B2360BDF8040003B030BDFF
S214027BB025E1010007B508238DF80600ADF804108C
S214027BC0009269460020034AFCF7E2F803B05DF82B
S214027BD004FB00BF25E10100024A13780BB1013B0A
S214027BE0137070476662002008B50FF0B3F80021E4
S214027BF04FF6FF72054B08461A80FEF7DBF8BDE823
S214027C00084040F616400DF0D3B800BFF66B0020D1
S214027C1008B5FCF743F80A4B1B78023B032B08D83F
S214027C204FF6FE73074A108898424FF6FF7301D14B
S214027C30138008BD9842FCD0BDE80840FFF7D4BFC9
S214027C4075620020F66B002010B5084B1B78042BDB
S214027C500AD00FF056F8002104460846FFF794FFB4
S214027C60231A5842584110BD0020FCE776620020D5
S214027C70F0B5002689B00546CDE90566ADF81C606C
S214027C8010F0CBFD0A23024604462946009605A8B4
S214027C9013F0EAF89DF815309DF814701F2B27D8BC
S214027CA003A80FF0B7FA08220DF1160103A8F4F79D
S214027CB00FF90646E0B9092F1CD1FFF7C5FFB8B188
S214027CC0144B1B78A3B1144B1A884FF6FD739A42D5
S214027CD00ED9124C124A23780433DBB22370127880
S214027CE0013AB3EB820F03DD58B20BF01BF9267094
S214027CF009B0F0BD0A34E4B22146284607F042FA3B
S214027D000FF01BFB611C284610F0AAFCFFF708FFC9
S214027D10EEE700BF6C6C0020F66B00206662002067
S214027D20576C002038B5134B1B78033B012B20D928
S214027D30114B4FF6FF711B78ABB1104D2B888B425F
S214027D4017D10EF0FBFF4EF6602104460C4812F0E7
S214027D505FFC4FF6FE7322462B800021BDE83840BA
S214027D6009200FF0F8BA074A13888B421CBF01336A
S214027D70138038BD766200206C6C0020F66B002003
S214027D80F0470020A25B002008B50448FBF786FFF8
S214027D90BDE8084000210846FBF734B8306B0020E7
S214027DA010B5044661B1FF210EF0BBFD002120464E
S214027DB00EF0BDFD0EF0FEFC014620460EF0BDFDA7
S214027DC02146BDE810400022014812F0BEBF00BFA7
S214027DD0025C00202DE9F0410D46174604460EF0DF
S214027DE0FFFD06782846FCF74DF9294680462046D0
S214027DF00EF040FD0EF085FFA84206D12046012176
S214027E00FFF7CEFF0120BDE8F0812846B8F1000F4B
S214027E100AD0FCF7B9F950B9144B3A462046BDE8E9
S214027E20F0411978FDF736BD10F0B1FAF3E706F027
S214027E300306012E08D00EF064FF002322462946D0
S214027E4002F042FA0028D9D120460EF0CFFC4305B4
S214027E5005D52046BDE8F04100210FF044B8204683
S214027E6010F080FAB0FA80F04009CCE7566C002099
S214027E7010B586B0044610F0D0FC104B02461868C7
S214027E8019790290D3F805005B7A01328DF8143026
S214027E9000238DF80C1004902146009392B205231D
S214027EA004A812F0E1FF052204A902A8F4F710F8CC
S214027EB0B0FA80F0400906B010BD00BFF099040089
S214027EC008B511480EF049FE104B1B78012B06D858
S214027ED0FF2010F01AFAFDF7B1FB10F035FAFDF7A5
S214027EE03BF801F091FCFFF7F9FA10F00EFE07F0EE
S214027EF0F1FDFDF749FD07F03DFB0CF0A1FEBDE8E4
S214027F00084002F0D3BC00BFAC560020336200200B
S214027F1008B5F0F75DFDFF2803D0094B1B78012B4F
S214027F2006D9002010F0F1F9FDF788FB10F00CFAE4
S214027F30FDF712F801F068FCBDE8084002F0B6BC96
S214027F4033620020064B1878112806D000F0FD0098
S214027F50A0F141035842584170470120704700BFC4
S214027F60756200202DE9F8430446FDF70FFB18B1B1
S214027F7000263046BDE8F8834FF6FF78184BB3F874
S214027F8068104145F4D020460EF074FC154B0221D1
S214027F9020461A88FDF77EFC06460028E8D02046D2
S214027FA00EF01EFD90F807900546043012F063FEB0
S214027FB007460EF0A6FE494602463846FDF7FEFA8A
S214027FC0A81C12F058FE404502D12046FFF7BAFB25
S214027FD02B789B07CDD101212046FFF7E1FEC8E7AB
S214027FE0E4550020005C0020F8B507460EF0F8FCC9
S214027FF00546043012F03FFE0646A81C12F03BFE71
S2140280000446304612F025FF3046FCF73BF82B7844
S2140280109B0701D10EF075FEAB790BB90320F8BDB4
S2140280200EF06FFEA0420CD10EF06BFE0446094B1A
S214028030214638461A78FFF7CDFE0028EED00020FB
S214028040EDE7054B1B78052B1CBF044BB3F86840C5
S214028050EDE700BF005C002076620020E4550020B9
S2140280602DE9F041064610460D4610F0D6FBA0F16B
S2140280701004E7B256FA84F42146EA1B04F10E0015
S214028080F3F72CFC2823DFF84480F35598F80030E9
S214028090637301F0CDFB611C024601200DF09FFACE
S2140280A008220949601DF3F719FC98F800000FF042
S2140280B098FF05F10E0130463B460022C9B201F098
S2140280C069FC1220BDE8F081F86200207062002090
S2140280D02DE9F04F87B004460EF082FC0646204695
S2140280E00EF0E1FB0746301D12F0C5FD8146B01CBE
S2140280F012F0C1FD384696F807A012F0B3FE3378A8
S2140281009A075FD12146042001F04CFD002859D081
S214028110204610F082FB0146204607F033F883071C
S21402812050D1204610F079FB0146204607F02AF887
S21402813010F00303039345D12046FFF799FE00286B
S21402814040D0204610F03FFC451C204612F090F925
S214028150EDB205F10A0B83455DDA304A04AB1068CE
S214028160516803C3691C204607F00CF8294680466E
S214028170204607F007F800EB082059461FFA80F859
S214028180204606F0FFFF8346039B2146AA1C009367
S21402819004A8082312F068FE20460EF084FB5A4616
S2140281A041460DF00EFA0122404604A90FF04FFA9E
S2140281B088BB022007F032FC013003D1404604A9F6
S2140281C0F0F7CEFC0EF09DFD48453A46514607D1E3
S2140281D00EF09FFFF8B907B0BDE8F04F0FF0EBB90D
S2140281E048460EF096FFB0B90D4B1B781BB93946C0
S2140281F048460FF0F6F83A4651464846FDF7DEF98D
S21402820048B1317811F0030105D1204607B0BDE828
S214028210F04FFFF7C5BD07B0BDE8F08FDCD5030011
S2140282206C62002038B5114D2B78023B012B18D812
S2140282300DF0C9F90446B0B9FFF7A2F82B78032B64
S21402824007D12346FF2221460120FDF777FE0120B3
S21402825038BD21462046FAF7D5FD003818BF012062
S214028260F6E71720F4E70220F2E700BF7562002067
S2140282702DE9F74305460E4614460EF0C1FA0C28C1
S21402828028464AD10EF0ACFB0922002112F014F85F
S21402829000F11001C9B2284606F074FF042813D074
S2140282A07C282BD0012840F0AC8046B91321284602
S2140282B010F0D6F903B0BDE8F0430EF04BBD03B0A4
S2140282C0BDE8F043FDF7DCBC5B4B1B78022B40F0AD
S2140282D0988046B9FFF7FAF8C3070AD5FFF792F86F
S2140282E0002C08BF3F26304603B0BDE8F0430CF032
S2140282F0C3BCFFF7CFF80028F0D0F1E7284612F00B
S214028300B7F80446284612F097F802463046E1B21D
S21402831003B0BDE8F0430CF0ADBC0EF061FB804646
S214028320043012F0A8FC074608F1020012F0A3FC83
S2140283304FF6F773984204460CD8404A1388013326
S2140283409BB213800BB93E4A13801EB13C4A138877
S2140283500133138098F8009009F00309B9F1010F70
S2140283601DD1284610F059FA0146284606F00AFFA3
S2140283700B2809D00D2807D0042842D1284603B07E
S214028380BDE8F043FFF7A6BB2E4B1B78042B38D173
S2140283900021084603B0BDE8F043FAF733BDB9F151
S2140283A0000F2ED13146284603F05EFD4EB34FF63F
S2140283B0F7739C4225D898F80160204616F004060A
S2140283C022D10FF0B2FF054620467DB10FF0DFFF47
S2140283D0034600BB0C220090214638460FF0CFF928
S2140283E00C22002339462046009308E00FF0CFFF08
S2140283F00346C8B9144A00901278214638460FF050
S214028400BEF903B0BDE8F0830FF0C1FF034678B9AA
S2140284100B220090F1E706223346214638460096A4
S2140284200FF0ADF90622DCE72B4600950622E4E7BC
S2140284304B46CDF80090F9E775620020AA5B002053
S214028440A85B0020766200208D6C00202DE9F04F9C
S21402845005888BB0044628460EF0C2FA074604305A
S21402846012F009FC8146B81C12F005FC05A98046EC
S214028470284610F01CFA284610F0CFF901460646A8
S214028480284606F07FFE3B78824603F00303012B64
S2140284900CBF83464FF0FF0B12F003FBE3880190FC
S2140284A002930EF02EFCFB7900904846039300F0F0
S2140284B081FF002876D1404600F07CFF002840F07D
S2140284C08880FDF72BFB8046FBF7CEFD10B9FFF741
S2140284D039FD30B1A8F104085FFA88F8B8F1020F46
S2140284E01BD90BF0FD03042B00F0B380FFF72AFD27
S2140284F020B10AF0030ABAF1010F0ED0FBF70EFD07
S21402850028B9714B1B7803F00F03062B68D16F4B0B
S2140285102846B3F868100EF0ADF9BBF1010F63D12F
S21402852028460EF091F94FF6FF73984240F091807C
S21402853000233146284607AA0FF0FFFE074600280A
S21402854042D042799DF82530934209D9711D2846BA
S21402855089B206F02BFEA37823F00F030233A37032
S2140285600CF067FB7E23B0FBF3F202FB130303F56A
S2140285708073A3809DF8263013F0180F0AD0A378D4
S2140285801B0707D1009B4B4504D048467A7905A9BC
S2140285900CF084FB9DF82700003818BF01200BB0B2
S2140285A0BDE8F08F28460EF01BFA023012F063FB8D
S2140285B04FF6F773984207D9039B2BB92846FFF765
S2140285C057FC00287FF477AFA37823F00F03A3703D
S2140285D008E0404612F046FC00287FF472AFF3E74C
S2140285E02823A3800020DAE7BBF1020F54D101232F
S2140285F0314607AA28460FF0A0FE80460EF081FB01
S214028600BDF8223098421FD1B8F1000FDCD001220B
S214028610B8F80230314628460FF08DFE2C4A137801
S2140286200133DBB2FB711370B8F80230BDF81E20BE
S2140286309A421FBFA37823F00F030233A3704FF4AE
S214028640C873A3800120AAE7184612F00BFC002884
S214028650DAD128460EF0F8F812F0A4FB012808BF7B
S2140286601C4BA27809BF1B78FA2303EB830303EBA8
S214028670830302BF9B00FA339BB21209A4D1DDE941
S2140286800121521A92B293429ED30CF0D2FA00F013
S2140286901F001030A080D5E7BBF1030FD9D1009B95
S2140286A04B45D6D1711C284689B206F06BFD0C28C4
S2140286B0CFD1FCF7FFFD4FF6FF7398420146C8D0B4
S2140286C028460EF0D7F8C4E775620020E45500206D
S2140286D073620020656C00202DE9F04105460C46C9
S2140286E00EF08EF8082802D10120BDE8F081201D88
S2140286F012F0C1FA0646284694F807800EF0D3F820
S214028700074628460EF072F8010612D5184B1B785B
S214028710042B0ED1174B1B78022B0AD1164BB3F83B
S21402872068204FF6FF739A4203D000210846FAF7F4
S21402873069FB124B1B78002BD6D1A01C12F09BFAB9
S2140287404FF6F773984202D86378DA070DD5237886
S2140287509B070AD13A46414630460EF0DAFC80F0D4
S2140287600100C0B200F00100BFE70120FAE700BF37
S2140287707662002075620020E45500201D6300200A
S2140287802DE9F04F9DB004460EF03AF80546204615
S2140287900EF036F8082869D14FF400432046ADF8AB
S2140287A05030ADF85C4011F063FEBDF85C20A0F1DD
S2140287B01005EDB210461023002100950FF03DFF84
S2140287C0294617A80FF011FF204611F035FE0AF0D1
S2140287D0BFFB002321461A460C2000930AF0C4F978
S2140287E098B3204611F028FE14A902461020FBF783
S2140287F079FF0501204611F01FFE14A9024640200B
S214028800EDB2FBF76FFF10B120460CF01BFA2046C4
S21402881011F012FE14A902468020FBF763FFB8B9D6
S2140288209DB1102517A805F067FF2046BDF85070C9
S21402883011F01EFE0646204611F0FEFD2946009067
S214028840F3B2384617AA0CF093FA1DB0BDE8F08FC3
S214028850BDF8503017A8ADF85E40ADF85C300CF0AD
S214028860AAFE0028DCD145F08005DBE720460EF0A4
S21402887007F8B0F5006F40F0058120460EF013F8B9
S2140288800646042D40F0018120460DF0AFFF80F42D
S2140288900060C0F3C02000223146400012F0B4F956
S2140288A0944B1A78022A0DD0FFF74CFB50B902F00F
S2140288B0FD03312B06D0043A012A03D98E4B1B78CE
S2140288C0002BC2D02146022001F06CF90590002848
S2140288D0BBD02046ADF846400EF082F80446BDF8FE
S2140288E046000DF0E0FF0646201D12F0C4F9A31C58
S2140288F083461846039312F0BEF912A90746BDF83E
S21402890046000FF0D4FF63780690BDF8460094F850
S214028910008008930FF081FF6378054608F003088D
S21402892030460C93FBF7AEFBB8F1010F0CBF0323E6
S21402893002230E93714B08BF4FF00B091E8023785B
S21402894018BF4FF00A0903F03C03082B0D907FF482
S2140289507CAFBDF8460011F08BFDA8427FF675AFDE
S214028960B8F1010F03D023789B077FF46EAF644BF8
S214028970B3F86830B3420DD1624A634BB2F90010C5
S21402898093F90030002900F0A58001EB0313A3EB56
S214028990211313804FF0010AA5F11003DBB20A93EC
S2140289A08DF8453010224846BDF84610CDF800A096
S2140289B00DF145030AF0D8F800283FF446AF089BAD
S2140289C013F00203099300F00981504B1B78002B29
S2140289D03FF43BAFBDF8469048460FF01EFF00231B
S2140289E007904846CDE917331993ADF868300DF075
S2140289F05AFF079B039003F10E01484689B20FF017
S214028A00DFFE002870D000234946079A009317A875
S214028A100E2312F029FA50460DF15D010CF0EDFD21
S214028A209DF869300B9004939DF85C30282B5BD13F
S214028A300DF16100FBF7AAFD0F90002854D10498AF
S214028A400FF0CFFA0F9B002866D1314B049A1B78A1
S214028A50D31A1C0648D404F059F950453CD112F0FA
S214028A6025F82C4E0546346824B104F055F92C1B23
S214028A70844239D30023FF2219461846FDF75EFAD0
S214028A80356031E04FF6FD76FBE64FF6FF70301AA2
S214028A9018BF012000223146400012F0B5F80C2D16
S214028AA00DD12146012001F07DF800283FF4CDAE1D
S214028AB0214600201DB0BDE8F04FFDF7D3BF2DB90B
S214028AC020461DB0BDE8F04FFEF79CBA042D7FF499
S214028AD0BCAEE5E61B025CE704F018F9022803D1F7
S214028AE004F0F6F80028BAD000221920039912F0F2
S214028AF08BF8AAE6756200201D6300201E5C00202B
S214028B00E4550020F25B00201A6300207162002008
S214028B1070620020F456002010214846079ACDF8CD
S214028B2000A00FF0AEF80028DED0BB4B049A1B78EC
S214028B30934240F0AA8003990DF1610214A811F045
S214028B4037FE012114A8FBF7F5FA824648F2030124
S214028B5014A8FBF763FBBAF1000F03D0082114A890
S214028B600CF0EEFC48460FF076FE03990DF161001C
S214028B70FCF72AFCFE288246B6D0FF280AD10398C4
S214028B8012F056F9FF28824600F087800DF1610147
S214028B90FCF7F4FAA04B049A1B78934200F0A380E9
S214028BA050460B99FCF7F6FB00283FF44EAE5046B3
S214028BB00B99FCF701FC237898070FD148460FF073
S214028BC02CFE0146484606F0DDFA00F003000128B6
S214028BD004D103980DF16101EFF7C2FFBDF846001C
S214028BE00DF004FE010440F18580204612F043F8A1
S214028BF040F4007189B2204612F03FF800224FF48A
S214028C000041BDF846000DF0E2FDDDF814900123A8
S214028C1010220093BDF846100E980DF1450309F098
S214028C20A3FF00283FF411AE032866D1204612F0B7
S214028C3022F840F4007189B2204612F01EF830463F
S214028C4012F010F9002840F0B680DDF81490B8F162
S214028C50010F40F0B6800320BDF8461000F0A2FFD8
S214028C60002840F0AE802946BDF8460006F08AFA93
S214028C700F2801467FF6E9AD4FF6F7739F423FF69F
S214028C80E4AD30460EF01AFCDFE55046049903F0D8
S214028C9085FA00287FF44FAF26E7237803F0030314
S214028CA0012B08D148460FF0B8FD0146484606F0AB
S214028CB069FA082892D0594B1A78594B1B789A426F
S214028CC009D20DF161010398FCF70CFA039812F031
S214028CD0AFF882465EE7A01C11F0CDFF4FF6F773A1
S214028CE09842EED900E75046FCF7CEFB00283FF448
S214028CF057AF5CE74FF0000989E7304612F0B2F84A
S214028D000028A4D0099B002B57D1B9F1000F52D1ED
S214028D10B8F1010FBDF846009DD0294606F032FA9A
S214028D208246DFF8089199F80030002B54D00DF0F7
S214028D30E8FF87427FF489ADB8F1010F7ED1BAF120
S214028D40070F75D8BAF1050F7FF67FAD354B1B7846
S214028D50022B02D0043B012B03D899F80030002BDB
S214028D6041D00C9B9A0640F1B4800D9B002B40F03C
S214028D70AC80304612F06DF8FF2840F0A6805E45C3
S214028D807FF463AD069B002B00F09D8012AB46F28B
S214028D9004020124ADF85C200193214602233046EA
S214028DA0009417AA0FF015FD00283FF44EAD214699
S214028DB00EF099F849E5DDF8149030460FF0CFFA38
S214028DC045E72946BDF8460006F0DCF9099B8246CF
S214028DD013B9B9F1000FA4D0124B1B78022B02D0A4
S214028DE0043B012BBDD8304600F0E4FA8146002849
S214028DF07FF42BAD0DF085FF864225D10A4BB3F8E2
S214028E0068400DF07EFF4B4601460D222046CDF807
S214028E1000900EF0B4FC18E5706200206F6200202D
S214028E20666C002075620020E45500207162002006
S214028E30AAF10E03DBB2012B88D906E50AF003037A
S214028E40012B7FF402AD81E7304612F00BF858B9D9
S214028E500DF074FF4FF6FF73984205D011F016FD21
S214028E6010B93046FCF7E4F8304611F0FBFF88B143
S214028E700DF064FF4FF6FF7398420BD011F006FD1B
S214028E8040B9B8F1010F02D1BAF1060F02D030464E
S214028E900FF064FA069BA3B91946012258460EF053
S214028EA0D6FB814600287FF4D0AC20460FF0F2FCB9
S214028EB04A46014638460EF0CAFB00283FF451AF38
S214028EC0C3E412A9E9E7069B61E7637823F020036F
S214028ED063704FF6FC739F423FF4B7AC4FF6FD73D8
S214028EE09F4204D1B34B1B78042B3FF4AEACA3795C
S214028EF00BB1013BA37163785B0727D50023584665
S214028F0017AA14A917930FF00AFA1798F0B10FF0E0
S214028F10FFF98146384611F09CFF179A01461379ED
S214028F2003F03000102806D003F00C0008281CBFFF
S214028F3023F00C031371137903F03303202B05D1AE
S214028F40FF2903D0012248460FF0F1F9304611F00E
S214028F5080FFFF281EBF0022974B43F82020089B65
S214028F6003F001094FF6F7739F4200F2F980B9F158
S214028F70000F40F00181314658460EF032FA0DF0ED
S214028F80C0FE874200F0C680384611F06BFF00280C
S214028F9041D0B8F1010F27D1BAF1010F17D14A46D5
S214028FA02946BDF846000FF0C5F9384611F05AFFBB
S214028FB0824B1B78002B72D1584611F053FF0028C3
S214028FC066D1384611F04EFF002861D13DE438469E
S214028FD011F048FF50B3BAF1030F27D12946BDF866
S214028FE046000EF004FC30E4384611F03BFF3846EB
S214028FF00FF0CDF9002847D0002339465846BDF871
S214029000462001F061F900283ED00021BDF8460056
S214029010FEF7C6FE19E4384611F024FF18B1B8F17F
S214029020010FD8D0E3E7B8F1010FE0D1634B1B780C
S214029030002BC1D0BAF1050F31D10DF062FE8DF8CA
S2140290405C000DF05EFE000A8DF85D000123022230
S21402905017A90DF14600FAF775FD00287FF4F5AB67
S214029060691C89B2BDF8460006F07AF80378013327
S21402907003706378590715D40DF043FE834522D05A
S214029080002239461C2032E54C4B1B78002B93D02D
S214029090B8F1010FCED063785A0714D502E0637890
S2140290A0580718D5BDF8464020460FF078FB411CFD
S2140290B089B2204606F054F80378B8F1010F03F19E
S2140290C0FF33037004D0BDF84600FEF78DFF09E0BB
S2140290D0BAF1050FD0D0BDF84600FEF785FFBAF10B
S2140290E0030FCDD00228CBD10021584617AA0FF085
S2140290F019F930B10379468003F03C0343F040038C
S214029100037100232E4A00933946584612780EF011
S21402911036FBB5E7B8F1010F7FF477AF0AF1FF33FC
S2140291200C2B00F2868001A252F823F08D910200E9
S2140291308D910200DD8F0200A3910200C59102000C
S2140291404B880200E9910200F991020005920200A2
S214029150059202004B8802001B9202002792020030
S214029160B8F1010F71D0B9F1000F08D1BDF8460071
S214029170FEF7AEFFFFF769BBB8F1010FCED0237A38
S21402918003F00303012B7FF460ABEFE7AAF10203BF
S2140291905A422946BDF846005A410FF0CBF8FFF76F
S2140291A054BB2A465846BDF84610FEF71FFCFFF78A
S2140291B04CBB00BF76620020AC4600206A6C0020E2
S2140291C08D6C0020691CBDF8460089B205F0DAFFF6
S2140291D00235EDB20246BDF846305846009512A951
S2140291E006F0D4FDFFF731BB01200A9ABDF84610FF
S2140291F0FDF71AFBFFF729BBBDF846000FF0A0F8F3
S214029200FFF723BBBDF84600FEF732FDFFF71DBB96
S214029210BDF84600FEF72CFDA8E7BDF84600FEF7AF
S2140292200BFAFFF712BBBDF846000CF0BEF9FFF7CB
S2140292300CBB2B4622465046BDF846100CF08BF966
S21402924000287FF402AB51461BE50AF1FF330C2BD4
S2140292503FF6FBAA01A252F823F000BF8D9102004E
S2140292608D910200DD8F0200A3910200C5910200DB
S2140292704B880200E9910200F99102001192020065
S214029280119202004B8802001B92020027920200F3
S21402929010B5002111480DF007FC0446E8B10DF0A8
S2140292A02BFB0F4B187020460DF02BFB0D4B187046
S2140292B020460DF02CFB0C4B187020460DF02CFBB4
S2140292C00A4B1860012011F0F5FB2046FFF758FA0A
S2140292D0BDE81040002011F0EDBB10BDD05B0020B1
S2140292E01B6300201A63002019630020EC5600203E
S2140292F070B5144E044633680D46BBB10DF080FAC5
S2140293000C2813D120460DF06BFB092200210446DF
S21402931010F0D2FF235C042B08D10B4C25B10B4B6B
S21402932022781B789A4203D300232370002070BD54
S2140293300748316811F06CF9237801200133237055
S214029340F5E700BFF05600201C6300208C6C00205E
S214029350306B0020014B93F901007047F25B00204E
S214029360014BB3F868007047E455002070B500243E
S2140293700D4D2C70EFF706FAE6B2B04208D800227E
S2140293800A4B1A700A4B198801B11A80012070BD67
S214029390304611F064FDC30748BF2B7804F1010480
S2140293A044BF01332B70E5E76E620020676200203F
S2140293B0A45B002038B50B4B05461B7873B101330E
S2140293C05C08094B188811F037F8002330F8132090
S2140293D0AA4205D00133DAB2A242F7D3002038BD42
S2140293E00120FCE767620020A45B002030B505463A
S2140293F085B008460C4611F02EFDFF280CD00EF064
S214029400DBF8012200210346CDE901120092214633
S2140294102A460720FCF7F6FB284611F01AFDFF281D
S21402942004460FD011F01BFDC2070DD5204611F0E1
S21402943016FD830708D40B4A32F8143043F48063CF
S21402944022F8143005B030BD0EF0B6F80122002125
S2140294500346CDE90112009207202A46FCF7D2FB0A
S214029460F0E700BFA05B00204FF6FA72431E9BB2E5
S214029470934270B504462AD8FFF79CFF38BB194BB7
S2140294801B78042B23D0204611F0D2FCFF2801D0F3
S214029490FBF7FEFC20460EF03DFF08B10EF034FF4F
S2140294A02046114E03F0ACFE20460BF0F5FB317859
S2140294B00E4D69B1288810F0BFFF054601461E22F0
S2140294C00230F2F70BFA2C8033781E2B07D970BDC8
S2140294D0202011F025F828800028EBD1F7E7023388
S2140294E03370F4E77662002067620020A45B0020F7
S2140294F0044A13782BB1013BDBB213700BB9024A54
S2140295001380704767620020A45B00200148FAF7C8
S214029510D5B800BFA45B00202DE9F0478046174669
S2140295200D468CB061B903AE00211B4811F007FC52
S2140295304FF000090446DFF860A01CB920461DE083
S2140295400E46F1E70022214624233046CDF800904D
S21402955011F08AFC082241463046F2F7B9FCA8B957
S214029560337C9BB96FB945B92A4621460A480DF0A5
S214029570BAFA0A4A1388013B138001200CB0BDE8F0
S214029580F0873B88B28953405B06ECD521465046AD
S21402959011F0F9FB0446D0E7065C0020045C0020CC
S2140295A0024B1888003818BF01207047045C002060
S2140295B02DE9F04330488DB0FAF770FB11F076FAD9
S2140295C02E4D2B68C41A4FF47A73B4FBF3F4A4B28C
S2140295D014B111F06BFA2860294F4FF6FF763B88DC
S2140295E0DFF8A080ADF80A3000233B8000210DF1A1
S2140295F00A000DF059FA054658B9224B1B882BB1C2
S2140296004FF47A711C48714311F002F80DB0BDE8B0
S214029610F0834FF0000924234A462946CDF80090ED
S21402962003A811F021FCBDF81A30A34294BFDB1A3E
S2140296301B1B9BB2ADF81A3063B9BDF818301B0677
S21402964002D508980BF095FDB8F80030013BA8F853
S2140296500030CBE79E4228BF1E4601234A462946D3
S214029660009303A8242311F0FFFB4A4629463846F6
S21402967011F06BFBBAE700BF90470020F8560020B7
S214029680065C0020045C0020F0B504462E4A8DB02D
S2140296901068516801AB03C3A378012B4FD1162281
S2140296A000210DF11A00F2F7C7F8D4F82110D4F809
S2140296B01D0003AB03C32388190644BF62680892E1
S2140296C0DA050BD5221D08AE04F1140735461068DC
S2140296D05168083203C5BA422E46F7D1ADF81830A3
S2140296E013F0040318BFA3690593EFF763F800238A
S2140296F0ADF81A00082201A903A88DF81C30F2F76B
S214029700E7FB18B106A903A80EF0F1F900222421FE
S21402971003A80DF080F9044698B10020FFF748FF31
S21402972000222146094811F010FB094A002013883E
S21402973001331380FFF73CFF00200DB0F0BD02207E
S214029740FBE71920F9E700BFDCD50300065C002022
S214029750045C0020F7B5044600200E46FFF728FFFB
S214029760104B1B88A34202D8212003B0F0BD002173
S2140297700D4811F0E4FA002501460B4F0029F3D0FC
S214029780A54208D10024242322463046009411F034
S2140297906BFB2046E9E7384611F0F5FA013501463B
S2140297A0ECE700BF045C0020065C00200148F9F7E5
S2140297B085BF00BF065C0020014B1888704700BFBB
S2140297C0045C002070B50C4611460E4A23781278C7
S2140297D0064613F0200542EA0302227018BF611DF6
S2140297E00822F2F77BF8002D0CBF05200D20D4F8D6
S2140297F00130B3602378337303F01803082B08BFD5
S214029800013070BD71620020042307B501200DEB04
S2140298100301054AFAF7BCFA019B044A1B031360CC
S21402982003B05DF804FB00BF63E511005448002056
S21402983010B5064C2368C3F30B0313B90448E3F7C9
S21402984033FC2068431C236010BD00BF5448002030
S21402985063E51100014B1868704700BF54480020AA
S21402986007B50020054B064A186004230DEB0301DA
S2140298700190FAF78DFA03B05DF804FB5448002015
S21402988063E511007FB511230A4A012001A9FAF700
S2140298907FFA094B9DF814201A70084B1B780BB1FF
S2140298A0052B05D10BF0C4F9012007B05DF804FBC7
S2140298B00020FAE779EB0100706200207162002056
S2140298C02DE9F04F0646CBB08846008801211746A0
S2140298D010F0EAFD2E4B3A463188ADF8160006A87F
S2140298E00EF0A4F90DF1280B5A464146C4193088E9
S2140298F00EF026F9E4B208EB0003A34208BF0446C2
S21402990005464FF004091CBFA4EB0804E4B2234644
S2140299105A460121CDE900090BEB050ACDF808B03D
S2140299202D1B06A8EFF776FBEDB20BEB04030093B4
S214029930019523465A46414630880EF02FF9348860
S2140299403946204605F01EFC394600F0F80220464D
S21402995005F02CFC0121308810F0A6FD01234A46B2
S214029960514680B10DF11600FAF7ECF801210446D3
S214029970BDF81620308810F0ABFDB4FA84F040092A
S2140299804BB0BDE8F08F3046FAF7DCF80446F4E751
S214029990F86200202DE9F04FC9B004468846924688
S2140299A0C118224A04A81F46FFF70CFF4FF004090D
S2140299B0C519EDB208AB0293A5EB0A0BA8EB0A0396
S2140299C05FFA8BFBA8EB0506DBB2F6B204EB0A02E3
S2140299D0009301215B46CDF8049004A8EFF71AFB2A
S2140299E006F590730DEB03025A44A2F580721368D3
S2140299F008A844F80830E35D324623F00703E3552F
S214029A002C442146F2F7A8F808ABCDE9019308AA40
S214029A1000230121009604A8EFF7FCFA32462046FE
S214029A2008A9F2F799F849B0BDE8F08FF86200206D
S214029A30F8B506460EF0C7FF811C054689B23046C9
S214029A400EF0BEFEF0B1EDB12946304605F09AFBA7
S214029A501228074616D80C4B691C1C5C89B2304685
S214029A6005F090FB2C44052FE4B205D1052809D851
S214029A70064B1B5C1C44E4B221463046BDE8F84067
S214029A800EF09EBE0020F8BD329A04002C9A040006
S214029A90F8B505460EF0C1FE044628460CF0A0FFB7
S214029AA0A11C074689B228460EF08AFE00283ED040
S214029AB0002C3CD02146284605F064FB0646611C75
S214029AC0284689B205F05EFB0F2E30D8194B9B5DF7
S214029AD0E118731E89B2092B0ED8DFE803F00905D8
S214029AE00D0D120D0D181E1EC40644BF083189B294
S214029AF0820601D5083189B22846BDE8F8400EF044
S214029B005FBE7B78DB0612D501EB4001F3E700F07F
S214029B101F0000EB40000144EDE71F2805D8092E80
S214029B200ABF4000022080B2F5E7C828E4D0002031
S214029B30F8BD00BF459A0400F8B506460CF050FF83
S214029B4009220021054610F0B7FB00F11004284652
S214029B5011F091F8E4B207462146304605F012FBB2
S214029B600546304610F084FCBA05A0EB0403DBB2CF
S214029B700AD47C2D0AD0082D0AD8064A505D98428F
S214029B808CBF00200120F8BD1220F8E70320F6E77C
S214029B90FF20F4E7569A0400014B1878704700BF7E
S214029BA08E6C002038B5114B04461B7808469BB9CC
S214029BB0012038BDA24205F101050FD103EBC10316
S214029BC05B6898470028F3D11E2022464FF6FF71A5
S214029BD011F01AF80020ECE70025054BE9B213F85D
S214029BE03120002AE6D11446EEE700BF8E6C002034
S214029BF0FC9904004FF6FF7307B502220DF1060129
S214029C000348ADF80630E3F78BFA03B05DF804FBC1
S214029C10603202E0002307B5ADF80430134B9842D9
S214029C2021D10B88DA0703D5232003B05DF804FBA5
S214029C309B0748BF4FF47F434FF002020C480DF1DA
S214029C40060148BFADF80430E3F73EFA4FF6FF735D
S214029C50BDF806209A42E7D10222054801A9E3F799
S214029C605FFA0020E1E72120DFE700BF1FD1BACA72
S214029C70603202E0002313B50222038004460DF18F
S214029C8006010F48E3F720FA2D2801D0112805D146
S214029C904FF6FF73ADF80630FFF7ACFF9DF80630BF
S214029CA0BDF806201BB1238843F001032380002061
S214029CB0FF2A82BF238843F00203238002B010BD2E
S214029CC0603202E0034B1B78002B14BF4420562060
S214029CD00E307047716200202DE9F04F8DB0179C50
S214029CE006468946CDE90223BDF85870D588ADF8F8
S214029CF016103CB9EC0605D500970BF0CAF80DB065
S214029D00BDE8F08FC5F380242B054FEA043448BF24
S214029D1044F40064A80511D544F080040A2E00F22B
S214029D206981DFE816F09A002F00170037006701F6
S214029D306701370010009A0037009E00E90548BF09
S214029D4044F04004EAE74FF001084FF0020B4FF0F0
S214029D50000A14E008A95FFA89F00EF0A3F9DDF80C
S214029D602500DDF8291006AB03C3A44B33F81930DF
S214029D70ADF816304FF00008C3460DF1180A002F52
S214029D805DD125E006AA0DF116015FFA89F003F00F
S214029D9017FAEFE74FF6F773994540F22B8115F461
S214029DA0026F40F02781964B1B78022B03D0043BB0
S214029DB0012B00F2218147BB032E4FF001080CBF96
S214029DC04FF00C0B4FF0080BBA4624F4C074A4B242
S214029DD08C4B18884FF6FF73984206D08A49FAF7DA
S214029DE067FB10B124F48054A4B2039B3846009358
S214029DF0BDF81620534644F4027105F0EBF9ADF8AF
S214029E002000002838D1192079E7384610F030FBB8
S214029E100246FFF757FF032E08BF0138824201DDD4
S214029E2038206CE7032E4FF001080CBF4FF00C0BE6
S214029E304FF0080B4FF0000A24F4C074A4B2029B41
S214029E401B889BB91A4639460620009308F0AFFED7
S214029E500028BDD140F6014051E74FF00008C34646
S214029E6075E74FF001084FF0030B70E70023394601
S214029E701A4607200093E9E74FF6FF73614A1188F6
S214029E8099421CD00CF0ACFD03465E4A04301188A1
S214029E90039310F0F2FE5D49039B097814F4805F89
S214029EA0D9715949574A1FBF086898604868D860F0
S214029EB04FF6FF7313804FF0FF330B604B6059462B
S214029EC0029A08A805F03AFA00289CD0504C23784B
S214029ED0002B3CD1A7B1384610F0CAFA0746BDF8A7
S214029EE0200010F0C5FA23780744002B14BF122274
S214029EF00022EB1003F0040317443B44842B8FDC50
S214029F0015F400570AD0BDF8204020460CF06EFC2F
S214029F1040F4806189B220460CF053FCA6F1080397
S214029F20012B05D801221021BDF820000CF04FFCB1
S214029F30179BBDF8204043B32046BDF816100CF020
S214029F4099FCBDF82030179A00201380D7E6AA069F
S214029F50C0D56B0103F020030A2E14BF43F00103A1
S214029F6063F07E03DBB2B8F1000F08D00021524640
S214029F70009108A800F082FE0028ABD0BFE61A4681
S214029F80514608A80DF07DFFF6E720460EF045FC88
S214029F90179B024621460420009308F008FE00287C
S214029FA03FF458AF0A2E18D84FF4D963F340DB07B4
S214029FB013D5072E0AD00A2E08D0BDF820000DF0C1
S214029FC020FA80F00100C0B2800098E608A80BF0E4
S214029FD0CFFA0028F1D0042091E617B125F040050B
S214029FE0ADB22B463146BDF820005FFA89F201F089
S214029FF07DFE84E6012082E6162080E6D45A002002
S21402A00075620020146C00208F6C002028630020EC
S21402A01071620020F7B50F469DF828100446DDE968
S21402A0200B061D46F1B94FF6FF739C421CBF174B39
S21402A0301C804FF000041CBF154B1A70BDF824009C
S21402A04005F012FA00232A46CDE9004339460620D7
S21402A0509DF82030FFF740FE10B90EB1AB7A337090
S21402A06003B0F0BD78B14FF6FF739C421FBF074B9B
S21402A0701C80074B1A7000220CF0CDFC0446002808
S21402A080DCD11920ECE72120EAE700BF146C00209F
S21402A090286300202DE9F04788469DF828100746D9
S21402A0A016461D469DF820A0BDF824900B9839B19F
S21402A0B058B300220CF0AFFC044610B9192025E074
S21402A0C00C464FF6FF739D421FBF114B1D80114B6E
S21402A0D083F800A04FF6F7739E4208D80E4B4FF651
S21402A0E0FD761A784FF6FF73002A18BF1E464846BA
S21402A0F005F0BAF900233A46CDE90843314643460D
S21402A100BDE8F0470320FFF7E7BD2120BDE8F08752
S21402A110146C002028630020326200202DE9F047EC
S21402A12086B09DF838600546DDE90FA80C4617464E
S21402A1309946B6BB374B1B78022B1DD125BB4FF673
S21402A140F7739C4214D80026484605F08DF9002382
S21402A1503A46CDE900632146FF232846FFF7BCFDB9
S21402A16038B9B8F1000F04D0BB7A88F8003000E0A6
S21402A170012006B0BDE8F087043B012BDED9084675
S21402A1800BF0F3F910B31DB3022D31D1EEF7F4FA4A
S21402A190A042EDD9204B33F814204FF6FD739A42B5
S21402A1A019E0BAF1000F32D01A4B1B78022B05D1F8
S21402A1B0FFF788FDB042E6D23820DAE7043B012BEF
S21402A1C0F6D908460BF0D1F90028F1D11620D0E7CF
S21402A1D04FF6F7739C42CBD8002EB4D031460022FD
S21402A1E050460CF018FC06460028ADD11920C0E7F0
S21402A1F0012DBDD104AA0DF10E01E0B202F0E0FF7E
S21402A200064B1B78A342B3D9BDF80E20C5E7212022
S21402A210AFE700BF75620020D45A0020606C0020B1
S21402A22030B5104B87B005460C461868596803AA25
S21402A23003C298680C4910609A88DB8852BA23F0E9
S21402A2404003ADF812300023CDE90043ADF81020EC
S21402A250FF23098803AA0720ADF80E50FFF73CFD3E
S21402A26007B030BD125C00201E5C002038B50C46DC
S21402A2701146124A124D108022682A6062686A608D
S21402A280A268AA60E288500616D5EA88520613D556
S21402A29061B1002218460CF0BEFB014650B1608840
S21402A2A0FFF7BEFF0522074B1A7038BD08460EF0B0
S21402A2B0F5F9F2E71920F5E70220F6E71E5C002022
S21402A2C0125C0020386300202DE9F04F074689B063
S21402A2D0104615461C468A460EF09FFA0146284648
S21402A2E004F050FF064628460CF07AFB043010F0C5
S21402A2F0C2FC80460CF005FD804550D0B2074ED118
S21402A300DFF8AC80284605A9B8F800B00EF06CFB62
S21402A3109DF81930A8F8007003BBBDF81430EBB9ED
S21402A32028460CF05DFB023010F0A5FC4FF6F773E2
S21402A330984294BF4FF000094FF0010901230134FF
S21402A340E4B22A463846CDF8009005A9039303F0F6
S21402A35001FC039B40B901339C421ED20020A8F8A0
S21402A36000B009B0BDE8F08F022CF8D1012BF6D16F
S21402A3700C4A0D4BA3F800A01378591C11700B4A17
S21402A3807F3B16F00C01137007D1BDF81A305B063E
S21402A39003D5BDF81600FFF743FF0223D1E70020DE
S21402A3A0DFE700BF73620020146C002028630020E1
S21402A3B01E5C00202DE9F04FABB00F46ADF81E0034
S21402A3C00CF00EFB00F1020A0646504610F053FC53
S21402A3D0BDF81E40054620460EF01FFA01462046EE
S21402A3E004F0D0FE814600F00308301D10F043FC56
S21402A3F0414C20800CF085FCA8422DD04FF6F77316
S21402A4009D4229D87378DA0726D428460DF0BFFF76
S21402A41030B101232946BDF81E202088FFF754FFDD
S21402A4200CF06FFC344B1B8883420FD1BDF81E40E4
S21402A43020460EF0F2F90146204604F0A3FE10F084
S21402A4400C0103D1BDF81E0001F00EFD00222B4BBD
S21402A4501A602BB0BDE8F08F2949BDF81E000EF039
S21402A460C3FA2849BDF81E000EF021FA0028254B33
S21402A47008BF0023214ABDF81E0013600CF03CFA08
S21402A480214B1870BDF81E000CF03BFA1F4B1870DB
S21402A490BDF81E000CF040FA1D4B186000238DF824
S21402A4A02230002F3AD0164BDB889B0636D5194B46
S21402A4B01B689D071ED4B8F1010F14BF082318238A
S21402A4C00DF12202009200220DF11E00114600F04C
S21402A4D0D5FB18B3B8F1010FA2D10F4B1B78112B85
S21402A4E09ED10DF06DFD00289AD140F61D40FBF777
S21402A4F00FFB95E70823E3E71E5C002000570020C9
S21402A500125C0020206300201B6300201A630020D8
S21402A510EC5600206448002075620020504610F079
S21402A520AAFB8246BDF81E000FF0A2FFA0F110059E
S21402A530EDB22A4631460AA8F1F70EFBFF238DF844
S21402A5402F304FF6F7739A4540F2DF80B8F1010FCD
S21402A55000F0E780B8F1020F00F04681B8F1000F74
S21402A5607FF45EAFA44DBDF81E00EB88ADF8240064
S21402A57004930CF035FABDF82460074630460EF018
S21402A5804CF90146304604F0FDFD8DF82300B81C58
S21402A5907E7810F070FB07460CF0B3FB06F001065F
S21402A5A0B4F8009003906C88002E7FF439AF4FF613
S21402A5B0F77A4246494657458CBF0620082010F0D7
S21402A5C023FBBDF824B058460EF027F9594602463A
S21402A5D043460420CDF8008008F0C6FA5745834665
S21402A5E00AD8B5F90620EB88002A05DB580603D5FB
S21402A5F041462046FFF714FEBBF1000F3FF410AFB2
S21402A6002B88002B5AD16B79002B57D14FF6F77354
S21402A6100DF126019F42BDF8240094BF4FF0000BB7
S21402A6204FF0010B0DF09DFDDFF8D8A100F1FF38C9
S21402A630BAF800301FFA88F10593EB88BDF82600B9
S21402A640069304F09FFD069B049901900093224610
S21402A6505B460598C1F340110AF094FF00283FF4C8
S21402A660DFAE042306200093BDF82610624B5FFA85
S21402A67088F208F079FA00283FF4D2AE48F20203D4
S21402A6806A889A4205D1BDF82410BAF8000000F094
S21402A69025FF594D09AA29460DF123000AF070FF3D
S21402A6A0034600287FF4BCAE2104BAF80000BDF8C9
S21402A6B0242060D5234629460DF068FD9DF82330F8
S21402A6C04D4D03F00C030C2B75D128890DF029FD96
S21402A6D000283FF4A5AE039B002029894B4514BFF2
S21402A6E00226032602F044FC444B18704FF6F7731A
S21402A6F09F42BDF8240075D8A4F138025342534154
S21402A70032463D4904F036F88AE6B8F1020F6BD0BD
S21402A710394BB3F90630002B26DAB8F1010F7FF475
S21402A7201DAF0CF0EEFA238883423FF479AE052083
S21402A730BDF81E10FFF736FA00283FF471AE2E4A17
S21402A740D3885B0607D50023CDE900330A20FF2312
S21402A7502188FFF7C1FA3A469DF822302188BDF8D3
S21402A7601E0002F01DF85BE629460AA800F070F803
S21402A7700028D2D054E60221DFF88C8088F8001038
S21402A7802946CDF800B003F0E5F9132C96D0EB88F5
S21402A7905D0493D41A4B1B78D80703D598F800208B
S21402A7A0022A8BD099077FF53BAE98F80030012B32
S21402A7B07FF436AE82E700222B79124800936B793B
S21402A7C01146008802F0FCFB0C4B18709DF82330F3
S21402A7D003F00C03082B89D1039B4B4514BF0426B8
S21402A7E0052683E701238BE74846BDF81E2002496B
S21402A7F001F0AEFA14E600BF125C002037630020B8
S21402A800366200201E5C00202963002010B500215D
S21402A81008480CF049F9044650B101460420FFF7F7
S21402A820C1F928B12046BDE810400121FFF7C2BD9C
S21402A83010BD00BF025C0020034BFF211A780348BC
S21402A8409200F0F7F9BF00BF616C00201C450020A3
S21402A85070B5451804464FF0FF31AC4212D1104B8A
S21402A86010481A7805460023934211DB0E4C2078D6
S21402A870431CB3FBF2F602FB163345F82010237096
S21402A88000200CE014F8010BE1F79EFD0146E4E718
S21402A89050F8044BA14201D00133E5E7012070BD18
S21402A8A0616C00201C4500202A630020042307B5A3
S21402A8B001200DEB0301054AF9F76AFA019B044AE7
S21402A8C01B03136003B05DF804FB00BF23E1110015
S21402A8D0FC560020014B1868704700BFFC5600204B
S21402A8E0014B1868704700BFFC56002010B5064C96
S21402A8F02368C3F30B0313B90448E2F7D5FB2068B9
S21402A900431C236010BD00BFFC56002023E111004B
S21402A9102DE9F04F93B003930023DDE91C790693EB
S21402A92099F8003083460DA804930E4615460AF0A1
S21402A930B7FA99F8003013F003043ED0039B0DF1EA
S21402A940250A8DF824300022082138460CF067F9D3
S21402A950002870D028880CF043F899F800301C07BD
S21402A9604CBF0430023010F086F907A98046F9F78A
S21402A9709FFB9DF824300446980633D5288806F1B6
S21402A9800D010DF01DFFA8B10023009338460823E1
S21402A9902988721D10F068FA99F8003003F018033F
S21402A9A0182B4AD1B8F1000F47D0A94BB3F868303C
S21402A9B0434542D040F60A4327E02888711D0DF031
S21402A9C0FFFE0028F6D0009405233246298809A8FF
S21402A9D010F04AFA9DF824300DF1240A03F0180309
S21402A9E00393B0E714BB39464046F9F761FD0028E9
S21402A9F0D2D099F800309907DCD04023224621466F
S21402AA0040460DF06AFC40F6094399F8002012F021
S21402AA10030440F0F780288803930BF044FF224695
S21402AA2001461A2010F0F0F8039BEBE007AB03CBCD
S21402AA3038607960B0E74FF6FF780AF086FD044684
S21402AA4020B104213846F9F74FFB04461E9B002B23
S21402AA505AD009231E990DA88DF834300AF09AFBB5
S21402AA60209B0BB1209B0693039B002B40F08E800D
S21402AA700DA8EEF731FB99F800309A0700F098809F
S21402AA80FFF734FF5146024601200AF0A8FD99F866
S21402AA9000309B0710D5594628880DF06BFF0BF146
S21402AAA0090350FA83F35FFA83FB594628880DF0B0
S21402AAB038FF00EB0B06F6B299F8003013F0C20F1F
S21402AAC00AF104030DD09DF82420624942F02002C8
S21402AAD08DF824200A68CAF804204A685A600AF1E7
S21402AAE00C03012209A800921B1A324629889BB23F
S21402AAF010F0BAF9324659462846FEF7E1FE00281B
S21402AB0000F0A48000237DE01F9B5BB19E460DF102
S21402AB10340CBEE80F00ACE80F00DEF80030CCF8CC
S21402AB2000309DE7049B594603F0200328880493CF
S21402AB3004F028FB10F0030F0CBF0123002305933B
S21402AB40049B059A003B18BF012342EA4303009385
S21402AB500DAA06AB38461F9900F0FEFA049A034681
S21402AB6082B1002880D0059B0DAA0093384606AB1A
S21402AB701F9900F0F1FA034699F8002022F020020D
S21402AB8089F80020002B3FF46FAF3EE7039B102BA3
S21402AB9006D1BDF8363043F00103ADF8363067E72C
S21402ABA0039B182B4FD1BDF8363043F00203F4E76F
S21402ABB001200DF125010AF020FD99F800308246A9
S21402ABC013F0040F288821D1069B1BB3002C35D026
S21402ABD00BF069FE00220146162010F015F884B12B
S21402ABE07FB14FF6FF7398450BD000230DA91A4686
S21402ABF038460AF0E0FB394640469DF835200AF012
S21402AC00BAFC0123184613B0BDE8F08F002CDFD142
S21402AC10104F01E0002CDBD1002332460093594648
S21402AC203B460DF02EF800283FF4C4AE002C3FF44D
S21402AC3069AF069A0AF10103136063E71B6853457E
S21402AC40C6D80124E8E740F60A43DBE71923D9E72A
S21402AC50E4550020F8620020002307B5054A06489E
S21402AC60136004220DEB02010193E2F759FA03B0D6
S21402AC705DF804FBFC56002023E111002DE9F04F9D
S21402AC800446B1B000888DF82F3016468A460DF07D
S21402AC90C4FD0146814620880DF043FE00EB0908FC
S21402ACA020880DF090FE00239DF82F505FFA88F85A
S21402ACB015F001070790ADF8363008D101460DF1C0
S21402ACC0360220880DF036FD08B1ADF8367016B99A
S21402ACD0CDE90E660EAEFEF763FC18B145F0200510
S21402ACE08DF82F500023CDE9033302930DF12F0385
S21402ACF0CDE900632246534641464846FFF708FE22
S21402AD000546002800F043819DF82F3013F0010716
S21402AD1046D1B44A23F02003106851688DF82F30CC
S21402AD2010AB03C3184600F0FBF90546FEF744FDD8
S21402AD30BBB2984200F2B7803A9B13B100233A9A0C
S21402AD401370BDF83630CBB1012120880FF0ACFB72
S21402AD5027880546002800F04F81012138460FF06B
S21402AD60A3FBBDF83670054638460FF081FB00237C
S21402AD7000903A46194628460DF05FFC0023CDE9BE
S21402AD80033302930DF12F03CDE9006322465346A7
S21402AD9041464846FFF7BCFD0546002800F0F7800E
S21402ADA09DF82F3003F01103102B40F003818E4BD9
S21402ADB01B78432B40F0FE808C4B1B685B0640F1F1
S21402ADC0F980208808F105010DF0FAFC8346002878
S21402ADD000F0F0804146208804F0D4F9844B10F04D
S21402ADE0200F08BF1E4612A800F09AF90822314624
S21402ADF012A8F1F76DF8002800F00E81314612A86D
S21402AE000AF082FB012326AE00933246002314A9E1
S21402AE1012A800F0A1F9002840F0CC8012AB0DF188
S21402AE202F07CDE90360029000932246534641461F
S21402AE3048460197FFF76CFD002800F0EF80BDF84A
S21402AE409A30102043F0080318AA14A9ADF89A30D5
S21402AE500CF0EEFD002840F0AD8012ABCDE90360A9
S21402AE60CDE9017000932246534641464846FFF715
S21402AE704FFD0546002840F09D8018AB4FF49071B8
S21402AE80002012AA00F0D4F84FF0005100200DF076
S21402AE904CF8BBF1000F00F08C804FF08051002080
S21402AEA00DF043F885E018AB14AA26A9F8B20AF00A
S21402AEB0D7FA002840F09480082210A927A8F1F7B4
S21402AEC007F88346ADB19DF8A53013F0020F08933C
S21402AED00FD0082212A927A8F0F7FAFF48B9089B54
S21402AEE0590706D53A9B13B101233A9A137008956F
S21402AEF007E03A9B002B61D1BBF1000F70D1002313
S21402AF0008930DF1740C14AB0FCB8CE80F00BDF850
S21402AF103630CBB1012120880FF0C6FAB4F800B063
S21402AF2000284FD0012158460FF0BEFABDF8362051
S21402AF308346104609920FF09BFA00231946099A97
S21402AF40009058460DF079FB2A4B0DF1740B0493D2
S21402AF50002303930DF12F03CDE9006322465346E7
S21402AF6041464846CDF808B0FFF7D2FC002837D154
S21402AF70002D33D012AA5B464FF482714FF4005074
S21402AF8000F056F8089B13B126A80AF084F8174B6F
S21402AF901B689A070DD4FEF703FB50B1114A18AB93
S21402AFA01068516803C3002226A918A80CF063FD96
S21402AFB068BB0025284631B0BDE8F08F00233A9AD8
S21402AFC0137099E7BDF836200A90104609920FF0E2
S21402AFD04FFADDE9092307990090B2E72A46CAE745
S21402AFE00137A3E6DCD50300756200206448002022
S21402AFF04E56002060480020BDF836B058460FF086
S21402B00037FA2B4600905A4638460799B4E626A9E0
S21402B01018A80CF06CFDC6E78346F3E614AB2DE7E2
S21402B02001461A230120014AF8F7B2BE24E10100C4
S21402B030F0B5164691B0074609A80D461C46FFF71E
S21402B040EFFF3EB1336845F04005CDF82630736811
S21402B050CDF82A301B4B1A6822EA070242EA05019B
S21402B06019604B040DD5BDF824200B0A03F4E24305
S21402B070C9B222F4E3420B4322F07F021343ADF837
S21402B08024301A230020104A09A9F8F781FEB4B129
S21402B09004A809F005FF02236A468DF8103015460B
S21402B0A0234604F11006144618685968083303C488
S21402B0B0B3422246F7D1294604A80AF06BF811B02B
S21402B0C0F0BD00BF6448002024E1010047F2FF10F3
S21402B0D0044B196841F48042014041F480411A60F1
S21402B0E00CF023BF6448002000B589B0FEF7CAFB07
S21402B0F001A8FFF795FF0948BDF80420016813026E
S21402B10021F0FF0103F4E2030B43D2B2134343F4EC
S21402B1108043036009B05DF804FB00BF644800206A
S21402B12010B50C4B0446186888B0830706D54FF056
S21402B130FF3323600120636008B010BD10F04000AA
S21402B140FAD001A8FFF76CFFDDF806302360DDF8C1
S21402B1500A30EFE7644800202DE9F04F99B08146A7
S21402B1600C461E4617469DF88880A2B1154628460C
S21402B17009F096FE18F0020B0FD004B911AC6B461C
S21402B1802246294648460AF049F90EB100233360A2
S21402B19019B0BDE8F08F0CADE9E76B462946484684
S21402B1A004AA0AF008F96B7808F00108FF2B25D0EC
S21402B1B000287AD154B104AB08AF1A4603CABA4281
S21402B1C020606160134604F10804F6D126B16A785D
S21402B1D0374B03EB82033360B8F1000F01D1002036
S21402B1E0D6E7BDF80030D906F9D418204FF6FF711D
S21402B1F06A780FF009FD40F60E40C9E7DFF8B8A0FE
S21402B200DAF800302EB19A0756BF2A4AC6F800B0BE
S21402B210326003F03003102B01D0202B1ED111A870
S21402B220FFF7FEFE082248460DF14601F0F750FEF3
S21402B23028B1DAF8003003F04403402B0ED0B8F100
S21402B240000F0ED108A80CF074FE02232B70C4B9AE
S21402B250002FC4D0281DFFF763FFC0E740F60A4060
S21402B26096E7DAF80030DB03ECD508A80CF061FEAE
S21402B27002232B70BCB9002FB7D0281DFFF750FF52
S21402B280B3E7002608AB0CAF1A4603CABA422060E0
S21402B2906160134604F10804F6D1281DFFF740FF4B
S21402B2A0002E9CD0A1E70126ECE72D2070E700BF18
S21402B2B078440020604800206448002049B9084BC2
S21402B2C0197849B14EF66023594328B105480FF064
S21402B2D09FB941F28831F8E70248F8F7DFBC00BFB1
S21402B2E034620020B047002070B586B00546F8F7F5
S21402B2F0C3FD10B9022006B070BD01A8FFF710FF0B
S21402B30006460028F6D08DB92E4B1C6814F00204AF
S21402B31006D02D4B1B78112BECD12C4BB3F8684082
S21402B3204FF481630221ADF80C3023E02846F9F78A
S21402B3302DF90028DED1234B1C6814F0020406D037
S21402B340214B1B78112BD5D1204BB3F8684008222D
S21402B350294601A8F0F7BCFD0028E1D04FF402739D
S21402B36000260A21ADF80C302B68CDF80E306B683B
S21402B370CDF81230002203A80BF04DFB024608B9A6
S21402B3801920B8E70F4B196801F03003102B17D0BD
S21402B390202B14BF01230323490001F004010B43B1
S21402B3A02046002100F0F4FF0028E9D00021012009
S21402B3B0FFF784FF16B10122054B1A7000209AE7A8
S21402B3C00323E9E76448002075620020E455002064
S21402B3D01F63002030B500251D4C85B0CDE9005511
S21402B3E0F8F75CFC23784BB31A491B480A780078B6
S21402B3F0904223D90132012B0A700ED12A464FF40D
S21402B400A071284602F0BEFAC0B2B8B941F288313D
S21402B41012480FF0FDF805B030BD022B09D12846C0
S21402B42002A9F9F745F80028EED102A8FFF75CFF5B
S21402B430EAE7032B02D101F065F9E5E700210846A9
S21402B4402170FFF73BFF0421684609F097FCE2E70C
S21402B4502B6300202C630020976C0020B04700204E
S21402B46070B5194A194D04465168106886B02E7890
S21402B47001AB03C31EB10224204606B070BDF8F726
S21402B48045FD0228F7D103A800F0E8FD082201A92D
S21402B4900DF10E00F0F71CFDA0B10D4B32464FF435
S21402B4A0A07130461C7002F06DFA04460028E3D103
S21402B4B00123084A41F2883107482B7013700FF0B7
S21402B4C0A7F8D9E72324D7E75F9A04002B63002066
S21402B4D0976C00202C630020B0470020F0B50C4685
S21402B4E000219BB02B4F0646492207A80691F0F78B
S21402B4F0A3F93B78012B34D19EBB0DF10E012046F9
S21402B5000CF02FFE0546BDF80E000EF0B1FF441BF0
S21402B510E4B2BDF80E1023462A46009606A80FF09F
S21402B520A3FC304604A9F8F7C3FFD0B9CCB19DF806
S21402B5301920B2B9BDF8233003F47E43B3F5285F71
S21402B5401ED3B3F5385F0ED31349BDF80E000B6851
S21402B55043F400030B60294609F0F0FF18B10423F8
S21402B5603B701BB0F0BD01220C4B04A81A70FFF70B
S21402B570BBFE41F288310A480FF04AF80223EFE791
S21402B58011463A70FFF79AFE1E2104A809F0F6FB50
S21402B590E7E700BF2B630020644800202C630020EE
S21402B5A0B0470020014B1870704700BF2C63002084
S21402B5B0014B1878704700BF2B630020014B1870B0
S21402B5C0704700BF2B6300202DE9F04F04464088E9
S21402B5D091B00E298846ADF81A0074D094F80890F7
S21402B5E0A7790BF0FDF909A90546BDF81A00E67918
S21402B5F00DF0FAF9BDF81A000BF0F8F8430542BF51
S21402B600BDF82A3043F40053ADF82A30E379D80661
S21402B61042BFBDF82A3043F48053ADF82A30BDF855
S21402B6202A30990613D5022F52D10CA9207A0CF093
S21402B63039FDDDF83500DDF8391007AB03C307AA7C
S21402B6400021042300910DF11A00FFF717FB0121D8
S21402B650BDF81A000EF028FF022F824644D1454B51
S21402B66033F81950B8F1000F79D0BDF82A305A06CF
S21402B67075D54FF6FB72954271D83F4AB2F86820EC
S21402B680AA426CD0DB0502D528460CF051FEBDF866
S21402B6902A30D80463D5002F33D1BDF81A000BF038
S21402B6A0A5F8C10663D548F23403BDF826209A42AF
S21402B6B009D1324E3078FF2805D003222946FCF7FE
S21402B6C02BF9FF2333700023236011B0BDE8F08FFF
S21402B6D0012F01BF237A2A4A03EB430302EB8303BB
S21402B6E014BF00229A1CABE7012F05D10C2303FBE3
S21402B6F009F3234AD55AB5E7A81C0FF0BCFA05464B
S21402B700B0E7284601F07CFDBDF81A000BF06EF893
S21402B710C206C8D46389504605930EF0A9FE834636
S21402B72050460EF089FE059B02905FFA8BF04A4661
S21402B730394601900093404609AB09F0B7FAB8F1D2
S21402B740000F14BF0B20092016F0030218BF02F1E7
S21402B750FF32294618BFD2B20FF056FAA3E7BDF859
S21402B7601A000BF043F8C3069DD4002FD2D1A94687
S21402B770D0E700BFD45A0020E45500209B6C00207E
S21402B780145A002038B500240F4B104D2A78A242D6
S21402B79005D8C2B9BDE838400D48F8F77FBA5988CF
S21402B7A069B9013AD2B2A2422A70EFD0121B1846E9
S21402B7B003F110011201F0F791F80346E6E70134AF
S21402B7C01033E4B2E2E738BD7C4400202F63002049
S21402B7D0506B002070B51A4B1A4A1D780023DCB253
S21402B7E0A54200D870BD144666880133864202F12F
S21402B7F01002F4D1E379A588E16003F040028DB926
S21402B800CAB123F00403E3710BF0EAF8037803F0FD
S21402B8107F03037021880029E4D1BDE870400A48FE
S21402B8200EF0F6BE00216580A180002AE9D1BDE8AF
S21402B8307040FFF7A7BF2046FFF7C6FEF7E700BF38
S21402B8402F6300207C440020506B00202DE9F04737
S21402B850044686B040880F4615460BF0C1F8A37919
S21402B8608046082B52D8DFE803F0052E18515151B6
S21402B8705151050002300FF0FEF9002D4ED06946F8
S21402B880F8F716FE002841D1684601F063FDB0FACB
S21402B89080F0400906B0BDE8F08702A9207A0CF0D5
S21402B8A001FC6B466E46DDF80D00DDF81110334ADA
S21402B8B003C3237A32F81390314AD05C75B131460D
S21402B8C00CF014FCE6E7237A2E4903EB430301EB64
S21402B8D0830231F82390907A961CEFE74FF6FB7AB4
S21402B8E0D14515D930460CF04BFD4FF6FF73984202
S21402B8F0054615D00146304601F09EFC554508D94E
S21402B900E379DA060ED440F62243E3600020C1E76C
S21402B9104D46294608F102000FF0AFF90120B9E7BB
S21402B9204D46EDE74FF6FC78454512D103F00C0381
S21402B9300C2B1CD1DFB130464FF6FD7101F07CFCBA
S21402B94040F61F412046E160FFF73EFEFFF71AFF72
S21402B950DCE74FF6FD739D4209D1002330461946B7
S21402B9601A4602F0DBF84146304601F065FCE37900
S21402B97043F00C03E37140F62343C6E7D45A002093
S21402B9803B620020145A002073B5044640880E46D7
S21402B9900BF026F802300FF06EF909F0E6FD18B14A
S21402B9A0A11C201D09F0E6FDE6B1E5790135EDB2F0
S21402B9B0E57115F0400514D0ECF7D8FE01220546D5
S21402B9C000212046FFF742FF18B1394B1B882B4453
S21402B9D09DB2384B1B78042B01BF354B1B885B1975
S21402B9E09DB22580002231462046FFF72FFF20B366
S21402B9F060880AF0F5FFE2792F4922F00C03E37122
S21402BA000B7805460133DBB20B70C3712B4BA61CB9
S21402BA101B780BB3E37998061ED52949097871B1CC
S21402BA2059060CD592070AD5002204231146304641
S21402BA300092FFF723F910B1E06002B070BD002259
S21402BA400123114630460092FFF718F920B1E37938
S21402BA5043F00303E371EFE7304609F089FD00285F
S21402BA60EAD16088FCF7C0FA0328E6D8DFE800F0DF
S21402BA70020D1D19E37943F00403E3711B06DCD5BE
S21402BA80104B1A78104B1A70D7E740F62443E3603F
S21402BA90E37943F00803E3712B7803F07F032B70FE
S21402BAA0CBE740F62543E360C7E740F62643FAE7CE
S21402BAB0EE6B002076620020736200207162002026
S21402BAC0986C0020396200202E6300202DE9F74F83
S21402BAD006460EF0E6FF5F4B0546B3F80090188068
S21402BAE05D4BA0EB09041B78A4B2A34298BF0023C7
S21402BAF04FF000084FF6FF7788BF1B1B564A88BFD9
S21402BB00DBB21370DFF864B1A9EB00030093534B6A
S21402BB105FFA88F2197891420ED80EB1FFF732FE1C
S21402BB204FF6FF739F4200F08E8039464C4803B0B2
S21402BB30BDE8F04F0EF06CBDBBF80220002A3CD0E8
S21402BB40484B9BF807201878BBF800A0042818D0AA
S21402BB500020BAF1000F08BFA2462044504523D267
S21402BB60BBF80010009B1944ABF80010002E4ED014
S21402BB7002F04802482A4AD100215846FFF704FF3D
S21402BB8045E00192F8F704FC30F01003019ADFD189
S21402BB90FBF746FC344B019AB3F800C08445D7D96C
S21402BBA0ACEB000080B2D4E702F00C00042807D108
S21402BBB00022ABF800200BF1100B08F10108A6E7F3
S21402BBC0510602F0030C02F008000ED528B3BCF1B1
S21402BBD0030F25D1DEB1DBF80C105846002908BF4A
S21402BBE04FF44261FFF7F0FC11E040B3BCF1010FE5
S21402BBF025D11206EED44FF4C862ABF800209BF8AB
S21402BC00072022F0030242F002028BF80720BBF85C
S21402BC100020974228BF1746CDE703208445D9D295
S21402BC2013060ED50C4B1A780AEB0200844208DA89
S21402BC304A44521B0AEB0201ABF80010E7E7012068
S21402BC40ECE7012199E7064803B0BDE8F04FF8F7A4
S21402BC5025B800BF085C00202E6300202F6300205A
S21402BC60506B002076620020EE6B00207C440020A1
S21402BC70F8B500250A4E0B4F3378ECB2A34204D82F
S21402BC80BDE8F8400848F7F719BD07EB0414A01CF6
S21402BC90F7F714FD201DF7F711FD0135ECE700BF9D
S21402BCA02F6300207C440020FE5B002070B5002439
S21402BCB00B4D0C4E2B78A34208D81B1BDBB22B7005
S21402BCC06BB9BDE870400848F7F7E8BF06EB04100A
S21402BCD040F621410134FFF777FCE4B2EAE770BD93
S21402BCE02F6300207C440020506B0020F8B5154ED0
S21402BCF0DFF858E035789EF800E0134FAE454FEA7D
S21402BD00051C07EB051419D0002503F4835343EAF8
S21402BD101323A1712272E371608027F80C50A5806C
S21402BD2003F0A8FB40F60243E360337860810133F8
S21402BD3028463370FFF7CAFE2846F8BD40F6034091
S21402BD40FBE700BF2F6300207C4400205F6C0020CE
S21402BD502DE9F04F344B0D461C78174685B05CB97A
S21402BD60B1F90680DFF8C890DFF8C8A0DFF8C8B0DF
S21402BD7099F80030A34202D805B0BDE8F08F0AEB6E
S21402BD800416B08800B9708801A90CF02DFEAA7AB4
S21402BD909DF80E309A4244D1B8F1000F0FDA297A94
S21402BDA09DF80C202B89914209D820480078084437
S21402BDB0824236DA521A1B0A1341D90731D538465F
S21402BDC00CF001FEBDF80A3004469A0602D5EB884E
S21402BDD09B06D1D5F37903F00C03042B08D17088A7
S21402BDE0F9F786FD00237288194618460CF0C2FA47
S21402BDF000213046FFF7E8FBFFF7C4FC38460EF09A
S21402BE0037FB844208D2337A01228BF80030294667
S21402BE100023384602F0AEFCB8F1000FACDA00247C
S21402BE20A6E70134E4B2A3E72D6300205E6C00208F
S21402BE302F6300207C4400203763002008B50EF0F4
S21402BE4030FE074B1B88C01A80B2B0F5807F05D93A
S21402BE50BDE80840002103480EF0DABB08BD00BF6B
S21402BE60085C0020506B00202DE9F04788B004469D
S21402BE700D460CF0D2FC0146204603F083F910F082
S21402BE8003035FD110F00C0F06D12946204608B0F6
S21402BE90BDE8F047FFF79EBC20460AF0A7FCC306A3
S21402BEA038D420460CF0B9FC0146204603F06AF965
S21402BEB0064620460AF094FD804602300EF0DBFE6F
S21402BEC005A9074620460CF08FFD06F00C0698F8EA
S21402BED001300C2E0CBF4FF003094FF0060901216A
S21402BEE013F0010F204618BF4FF003090EF0DCFADC
S21402BEF0174B80461B88A3420FD1B5FA85F040093E
S21402BF00FBF748FC20460AF09FFC00220146072069
S21402BF100EF07AFE08B0BDE8F08703F0ABFA824670
S21402BF2040460EF0A5FA064640460EF085FAF6B2F0
S21402BF3002903A4649462846CDE900A605AB08F0E7
S21402BF40B5FEDFE7012BE5D110F00C0FE2D19CE73E
S21402BF50FE5B0020002210B5094B1C78094BD1B2BB
S21402BF608C4201D8002010BD197A814202D19979FB
S21402BF70022902D010330132F1E70120F3E700BFB5
S21402BF802F6300207C4400200146002210B5084B97
S21402BF901C78084BD0B2844201D8002010BD187A13
S21402BFA0884202D198790128F8D010330132F1E79D
S21402BFB02F6300207C440020002210B40A4B1C7819
S21402BFC00A4BD1B28C4203D85DF8044BFFF7DABBBA
S21402BFD0197A814205D19979012902BF0021198077
S21402BFE0598010330132ECE72F6300207C44002096
S21402BFF0024B1878003818BF012070472F630020C4
S21402C000044B1B6813F0300F03D0202130200BF0B6
S21402C0108CBF704764480020002310B504460849C8
S21402C0201A4601EA00414FF07F60FFF701F8E30786
S21402C03003D5002130200BF078FF002010BD00BF92
S21402C04000007207044B5B8823F4784323F08D03C9
S21402C05003800020704700BF6448002008B5002215
S21402C0600346C3F80220C3F806200B4A02301268C1
S21402C070D1B212F0200F18BF41F0100119809307B9
S21402C08001D4FFF74DF8054B1B78023B032B8CBF00
S21402C0901720002008BD00BF6448002075620020FB
S21402C0A038B505460C46FDF7EDFB98B10E4B1878F1
S21402C0B078B10E4B1B681A040FD58CB113F0420FE1
S21402C0C000D17DB103F44073B3F5407F0CBF00206E
S21402C0D0232038BD40F60840FBE740F60B40F8E761
S21402C0E02046F6E72320F4E7716200206448002029
S21402C0F0F0B504468DB007A80D46164608F0D0FEE9
S21402C1001022002103A8EFF797FB5CB1234603AC8D
S21402C11003F11007224618685968083303C2BB4267
S21402C1201446F7D1012703A986EA070307A88DF864
S21402C1301C708DF81D3009F01EF880EA070401A86D
S21402C140E4B2EDF727F8B6B101A88DF80650EDF780
S21402C1504DF864B1002303A907A88DF81D3009F035
S21402C16019F80C4B1B78432B01D1F9F7DBF80A4B75
S21402C1701D700DB0F0BD01A88DF80750EDF736F82A
S21402C180002CF6D003A907A88DF81D7009F002F856
S21402C190EFE700BF7562002070620020F0B501254F
S21402C1A093B007460DA80C4608F07AFE05A90DA81E
S21402C1B0ADF8345009F009F801A8ECF7EBFF09A92D
S21402C1C00DA88DF835509DF8066008F0FEFF0DA804
S21402C1D09DF8075008F08FFF70BB731BDBB2802BF5
S21402C1E028D91FB1A64225D0A54223D105A90DA85C
S21402C1F008F0D0FF03A8ECF7CDFF03A88DF80F6078
S21402C200ECF7F4FF0122294609A8FFF771FF0AF0AE
S21402C21072FF01214FF400700CF097F8FDF71AFB3D
S21402C220B0F1004F01D9FDF71BFB044B187808F05C
S21402C230A3FD012013B0F0BD0020FBE770620020D2
S21402C24070B50E46144605460320FFF7B7F946F0CA
S21402C25004022946204608F0F7FF0022014B1A6026
S21402C26070BD00BF60480020F0B587B0078805465D
S21402C2701022002102A8EFF7DFFA3E4B1B78002BB4
S21402C28076D1BC055ED407F08403842B63D00022EB
S21402C290394C11461046FFF72BFF17F4045F276050
S21402C2A005F102061CD0B9040AD5304602F09CFA03
S21402C2B000284ED1236823F4005343F4807323608E
S21402C2C030460BF0AEFE002842D108F0E7FD18B962
S21402C2D0236843F480332360236843F020032360FB
S21402C2E022680DF1060042F400432360FFF7AAFE1F
S21402C2F012F4805FBDF8063031D043F02003ADF86B
S21402C30006302168334611F0400218BF05F12302B9
S21402C3104FF07F60FEF78CFEBDF80630DA0703D5D5
S21402C320002130200BF001FE23689B0506D5012272
S21402C33095F8221005F11200FFF7DAFE00200F4BE7
S21402C340186006E005F112000BF06BFE00289AD08A
S21402C350292007B0F0BDB80799D52320F9E723F0C6
S21402C3602003ADF80630FDF77BFAFEF775FCC8E74A
S21402C3700220EEE775620020644800206048002034
S21402C380024B1868C0F30050704700BF6448002094
S21402C3902DE9F04F064689461046002189B015461B
S21402C3A0984602F0EFFE102807460AD86A4B034169
S21402C3B0DB0706D4C8F340049DB9002009B0BDE8E7
S21402C3C0F08F664B1C78002CF6D0FFF7D9FF0028BA
S21402C3D00CBF4FF4F0744FF4D074FC4004F0010428
S21402C3E0EAE74FF0000A18F0010F53465246294674
S21402C3F04FF00500CDF800A00CBF4FF0080B4FF42D
S21402C400027B06F0D4FB0028D7D0C823324600931E
S21402C41059465346284602F0DDFEADF80E000028C7
S21402C420CBD018F0080A4AD14FF6F773A7F10F02DD
S21402C430D2B29E428CBF09230123012A01D843F0BF
S21402C4404003474A8DF810301378591C11708DF846
S21402C4501130002C4FD09DF81030052F43F02003EA
S21402C4608DF8103033D03F4B1D78002D5AD04FF642
S21402C470F77300259E424FF00F0248D9012304A904
S21402C4800DF10E00F7F75EFB002896D1002C4DD179
S21402C490BAF1000133463A4618BF0121BDF80E0034
S21402C4A0CDF8009009F06BF8ADF80E00002884D0A5
S21402C4B018F0040F4DD031460AF0BBFF7EE749461E
S21402C4C00DF10E000BF066FF0028ADD175E70121D5
S21402C4D0BDF80E000DF0E8FF012102F053FE012325
S21402C4E0834013F0620F1CD11E4B1B78E3B14FF64C
S21402C4F0F7731825BEE71B4B25461B780222002B36
S21402C500BCD04FF6F7739E42B8D8052FB6D0BAF114
S21402C510000FB3D19DF8103043F040038DF8103071
S21402C520ACE710250F22A9E71825FBE7BAF1000FA2
S21402C5300AD002234A46009029460DF10E00FEF765
S21402C5409DFB0028A4D038E741235246CDF800A030
S21402C550F2E70AF056FF31E79FFEFEFF7162002007
S21402C56072620020656200202DE9DF431E46144BEE
S21402C57080461B680F469B0791460A9C1BD42046A2
S21402C58014B108F0E6FFC0B20622CDE902403B46EF
S21402C5900020CDE900890B490CF0BFF8024650B1E5
S21402C5A00021002E0CBF01230323084604B0BDE879
S21402C5B0D043FFF7EDBE002004B0BDE8D08300BF35
S21402C5C064480020564D04002DE9F04F8DB0814698
S21402C5D08A461F4693469DF85C803AB903A8FEF742
S21402C5E09FFDB0BB00200DB0BDE8F08F15460022BF
S21402C5F0232110460AF00FFAADF80A000028F1D0FF
S21402C6000DF01AFF0523044618F0100F00F8023B3F
S21402C610677020D011220021EFF70EF904F11306FD
S21402C620032F4FF0080237D159463046EFF756F936
S21402C630C8F3801306F10905337208F086FF002856
S21402C6403ED000232B706B700123033505F8013CA6
S21402C65036E003ADCBE7012610221699EFF73EF936
S21402C66006FA07F313F0620F02D104F11206D7E7B7
S21402C67007A808F015FC05A88DF81C60ECF78AFDE3
S21402C6809DF8162018F0200F9DF8173008BF1346A5
S21402C69004F11306A374C3E751463046EFF71EF9BA
S21402C6A0012306F10802121B28460093BDF80A1061
S21402C6B0082392B20EF0D8FB042F06F11005BCD068
S21402C6C02D1BA9B20DF10A000BF08FFF002889D1AD
S21402C6D018F0040F0BD048460EF0BBFBFF281FBF16
S21402C6E0074A32F8103023F4804322F810304346CB
S21402C6F051464846BDF80A20FFF74AFE73E700BFD8
S21402C700A05B002070B5032690B08DF80760F7F79F
S21402C710B3FB18B90224204610B070BD02AD2846FD
S21402C720FEF7FEFC0028F5D01B4B1C6814F0020432
S21402C730F0D140F20F43194AADF82430136804A82A
S21402C740CDF826305368CDF82A3008F0A9FB95E8D4
S21402C750030005AB83E80300062304A88DF81D300A
S21402C7608DF81060ECF7B8FC01210DF12E020DF1E8
S21402C7700700ECF709FC22461A2109A80AF04BF931
S21402C780024608B91924C6E7012329462046FFF7C0
S21402C790FFFD0028BFD1F5E764480020F8620020BC
S21402C7A02DE9F04F04460D46002191B01F2208A83D
S21402C7B09B460791EFF740F820460CF02EF801460C
S21402C7C0204602F0DFFC8DF8110020460AF008F938
S21402C7D09DF81130467899068146C6F340062046F3
S21402C7E048BF46F002060CF0EEF8804620460DF0F2
S21402C7F03FFE0022A0EB0803DBB2232B28BF232335
S21402C80000922146424607A80EF02EFB00283AD197
S21402C810A24B9DF81C701B789DF81DA0B3B3FFF7C2
S21402C820AFFD00280CBF4FF4F0734FF4D073FB40FB
S21402C830DA072BD5B30729D4082F22D1BAF1040F71
S21402C84021D1FBF77FFBF0B9012342460093214634
S21402C85005200DF1110306F087F9A0B1053F0D2F53
S21402C86011D8DFE817F024001000AF01BC01C501A3
S21402C870100010001000100010001000CB01F9018B
S21402C880F901052F07D011B0BDE8F08F102F05D1A2
S21402C890BBF1000FF7D0FBF755FBD5E7FBF752FBD2
S21402C8A00028D1D0052FCFD0112FCDD0EBE7BAF18B
S21402C8B0050FE8D8204609F0F6FF029009F10200BB
S21402C8C00EF0D9F982460DF11200FFF7BBFB0123E9
S21402C8D09DF81D8003FA08F313F0620303932DD02C
S21402C8E0BDF812309D0722D5B407CCD5FBF72AFB3C
S21402C8F00DF11E000BF095FBB8F1030F04469DF8F0
S21402C9002EB02FD10DF12F050AF0FBF9824540F02B
S21402C9103181032EB7D19DF836100DF11E02003973
S21402C92018BF01210DF12E0008F034FEABE7FBF72D
S21402C93009FB0028DCD1002EA5D0D9E7FBF702FBC5
S21402C94068B10DF11E000BF06CFBB8F1030F044644
S21402C9504FF0000B40F082800DF12E05D4E7002E3A
S21402C96091D0EEE74E4B1B6898072AD5FF22082186
S21402C9700DF137000AF053F9814610BB0346014613
S21402C9800DF137020220FEF753FB0AF0BAF9824590
S21402C9900DF137070DF12F0523D04FF6F7739A45A1
S21402C9A040F2ED800022082128460AF038F90028D5
S21402C9B000F0E580002259460DF11E00FFF798FBB5
S21402C9C061E70DF137070DF12F0538460BF0D5FA62
S21402C9D0002848D00AF095F9824540F0CC804FF006
S21402C9E000092846F7F7D2FD002800F0C480B8F107
S21402C9F0010F5BD0B8F1040F7FF445AF0BF0E0FAFD
S21402CA0010B1032E7FF43FAF002C7FF43CAF3A46C2
S21402CA1002210DF11E00FFF713FC224B1B7863B1B7
S21402CA20FFF770FEFEF7C4FD022806D10120FEF7CE
S21402CA30B9FD01210846FEF741FC1B4B1B78022B71
S21402CA4020D10321384608F099F9FEF7B1FD0146D8
S21402CA5000287FF418AFFEF731FC14E70DF1360715
S21402CA600DF12E05B1E7104B1B78432B7FF40BAF6D
S21402CA70B8F1010F7FF407AF0AF043F982457AD185
S21402CA80C146AEE7412B7FF4FEAE054B1B68590547
S21402CA907FF5F9AEF9F73EFEF5E600BF71620020BB
S21402CAA0644800201F630020756200206C4D2B78BE
S21402CAB0022B22D02B78412B3FF4E5AE3CB9FBF794
S21402CAC041FA594602460DF11E00FFF711FBFBF72D
S21402CAD039FA00283FF4D7AE0BF072FA614C98B1DF
S21402CAE023681B0502D42B78432B0DD1B0070BD439
S21402CAF040F61A40F9F70CF8C5E60BF061FA002882
S21402CB00D8D0B207D6D4BEE6206810F0020002D112
S21402CB1002990BF014FC2B78112B16D123685905B9
S21402CB2013D50020FEF7E0FB044600287FF4ABAEE8
S21402CB300AF055FB40F61C40F8F7EAFF214620466D
S21402CB40FEF7BCFBF8F7F0FF9DE6B20701D5FFF74C
S21402CB5057FAB9F1000F9DD008F0A0F918B94FF4B2
S21402CB6080310BF0E2F900223F4B38461A600BF098
S21402CB70FBF98FE70027039B002B7FF40EAF4FF6DF
S21402CB80FF73284605A9ADF814300AF0ADF820B1B7
S21402CB9028460AF08AF8ADF814004FF6FF73BDF87F
S21402CBA0140098423FF46FAE002C0CBF04231523EA
S21402CBB001930DF11E0300933A4643462946FFF7BA
S21402CBC003FD60E60DF11D00F7F7E0FC00283FF4D8
S21402CBD05AAE022229460020FAF79EFE53E6F307D3
S21402CBE07FF551AE3246284607A90BF0D2FB4AE63D
S21402CBF09DF81D100120FFF7D1FA44E6184B1B786A
S21402CC00022B20D1002D7FF43EAE05A8FEF788FA4F
S21402CC1000283FF438AE154B1D709DF81D30002BD2
S21402CC2014BF64246524FEF7C3FC032806D12846F5
S21402CC302946FEF743FB2846FEF7C0FC214605A818
S21402CC4008F09CF81FE6043B012BDBD9284608F0C7
S21402CC508CFC0028D6D116E6204608F088FC12E6A0
S21402CC607562002064480020604800201F63002090
S21402CC702DE9F34105460E46174698460BF0A0F9F5
S21402CC80044640B101233A4631462846CDF8008094
S21402CC90FFF76AFC04460BF093F930B1FFF770FB1E
S21402CCA078B10A4B1B689B010BD400233A463146E7
S21402CCB02846CDF80080FFF757FC002C0CBF044630
S21402CCC0012404F0010002B0BDE8F08164480020AF
S21402CCD070B58AB005A808F0E3F8022301AA154643
S21402CCE08DF81430084B03F110061446186859687C
S21402CCF0083303C4B3422246F7D1294605A808F0F2
S21402CD003AFA0AB070BD00BF679A0400014B187861
S21402CD10704700BF996C0020014B1888704700BF0F
S21402CD20166C00204FF6FF732DE9F04399428046B9
S21402CD300D4685B00BD000274FF6FD791C4EEBF75B
S21402CD401BFDFCB2A0420BD84FF6FF701DE0F7F7B2
S21402CD501DFC0028EFD005B0BDE8F04309F0D1BFB6
S21402CD6036F814304B4517D8694620460BF05EF964
S21402CD70082241460DF10500EFF7AAF84FF6FF73B9
S21402CD8060B99D4204D136F8140005B0BDE8F083C0
S21402CD9026F814500BF024F90137D0E79D42FBD059
S21402CDA036F81430AB4208BF26F81490F4E700BFFA
S21402CDB0D45A00202DE9FF4706460F4600254FF6B7
S21402CDC0FD79DFF83C80DFF83CA0EBF7D5FCECB24F
S21402CDD0A04202D804B0BDE8F08738F814304B45BC
S21402CDE00CD8694620460BF021F9082231460DF18F
S21402CDF00500EFF76DF808B90AF804700135E4E7A4
S21402CE00D45A00203B620020014B33F810007047D2
S21402CE10D45A0020F0B5064600250D4F85B0EBF734
S21402CE20ABFCECB2A04201D805B0F0BD37F8143026
S21402CE30B3420BD1694620460BF034F99DF8003018
S21402CE40022B1CBF4FF6FD7327F814300135E6E7B8
S21402CE50D45A002030B585B004460D46EBF78CFC5C
S21402CE60A0420FD9084B33F814204FF6FD739A42AE
S21402CE7008D8694620460BF015F929460DF105003B
S21402CE80FFF750FF05B030BDD45A002030B585B04C
S21402CE900446EBF771FCA04219D92046FFF75AF870
S21402CEA00546B0B9694620460BF0C0F89DF800303A
S21402CEB02BB1694620468DF800500BF0D5F84FF698
S21402CEC0FF720020044B23F8142005B030BD282042
S21402CED0FBE740F60440F8E7D45A00202DE9F0417B
S21402CEE00B7805460E461BB9BDE8F041FFF7CEBFEC
S21402CEF0EBF742FCA84231D92846FFF72BF878BB5D
S21402CF00374617F8058B4FF6FF713846FFF70AFFCC
S21402CF100446384600F01EFAB0FA80F04009B8F12E
S21402CF20000F15D0B8F1030F15D04FF6FF724FF66B
S21402CF30FD73944208BF1C460B4B314623F815403E
S21402CF400A4B585528460BF08FF80020BDE8F081B2
S21402CF504FF6FF74F0E74FF6FE74EDE72820F5E78C
S21402CF6040F60440F2E700BFD45A00203B6200209D
S21402CF702DE9FF410D4604464FF6FE780F4F0E0A86
S21402CF80EBF7FAFBA04204D8FF24204604B0BDE823
S21402CF90F08137F8143043450CD1694620460BF031
S21402CFA045F89DF80520EBB29A4203D19DF806306B
S21402CFB0B342EAD00134E4B2E2E700BFD45A00201A
S21402CFC02DE9F04F0C461746984600254FF6FD7B96
S21402CFD087B09DF840A0DFF85C900190EBF7CCFBA1
S21402CFE0EEB2B04201D8FF2616E039F816205A45AE
S21402CFF01ED8304602A90BF019F83FB99DF8092051
S21402D000424515D19DF80C20524511D144B939F844
S21402D0101620019B9A420BD1304607B0BDE8F08F2E
S21402D020082220460DF10D01EEF752FF0028F3D03C
S21402D0300135D3E7D45A002010B514460AF0F6FF9D
S21402D0402046BDE8104008220149EEF747BC00BF63
S21402D050F86200202DE9FF470746154608460822D3
S21402D06024491E46EEF734FF044600283FD14FF609
S21402D070FF7ADFF88490EBF77FFB5FFA84F880454F
S21402D0800BD385B3384605F030FE01250C9B18708D
S21402D0900120357004B0BDE8F08739F818305345E2
S21402D0A01FD0694640460AF0C1FF7A789DF80130E3
S21402D0B09A4216D17A88BDF802309A4211D13A794C
S21402D0C09DF804309A420CD108220DF10501781D14
S21402D0D0EEF7FEFE28B9002DD7D1404605F020FE19
S21402D0E0D3E70134C7E7FF2005F01AFECEE700209B
S21402D0F0D0E700BFF8620020D45A0020F0B5002521
S21402D100154E164F85B0EBF737FBECB2A04201D8AE
S21402D11005B0F0BD694620460AF088FF9DF800304B
S21402D120032B06D90023694620468DF800300AF004
S21402D1309BFF9DF8002062B14FF6FD734FF6FE711D
S21402D140032A08BF0B4626F81430002301353B5548
S21402D150D9E74FF6FF73F6E7D45A00203B62002069
S21402D160F8B50E4604464FF6FF770C4B0C4D1B786F
S21402D17003EB430305EB8305A54202D800242046B1
S21402D180F8BD2388BB4206D008223146A01CEEF723
S21402D1909FFE0028F3D00C34EEE700BF606C002040
S21402D1A0145A0020044BFF211A78044802EB42026C
S21402D1B09200EEF741BB00BF606C0020145A0020BC
S21402D1C0F8B504460C4B0D461B781046A3420DD903
S21402D1D00C27022117FB04117C43084E0822314417
S21402D1E0EEF77CFB335B00202B80F8BD0023136038
S21402D1F053604FF6FF73F6E7606C0020145A002067
S21402D20038B504464FF6FD75FFF704FE0022084BBC
S21402D2101878084BD1B2884200D838BD33F80C1CB7
S21402D2200132A14208BF23F80C5C0C33F2E700BFC0
S21402D230606C0020205A002070B505460E4608464F
S21402D240FFF7DEFF31462846FFF76CFD2946064803
S21402D250FFF786FF00B970BD044624F80C6B0AF08F
S21402D260BFFE29462046F3E7145A002010B50822CE
S21402D27086B023490446EEF72BFE20B906B0BDE879
S21402D280104009F03EBD082220461E49EEF720FE59
S21402D29020B91D4BB3F8680006B010BD002301226A
S21402D2A021464FF6FF700093FFF78AFEFF2806D04E
S21402D2B0164B33F810004FF6FB739842ECD903A8CE
S21402D2C0FEF7CCFE58B9BDF80C305B0607D508222F
S21402D2D021460DF10E00EEF7FBFD0028DCD02146BC
S21402D2E00B48FFF73DFF40B14FF6FB724FF6FF7358
S21402D2F00088904288BF1846CEE74FF6FF70CBE70D
S21402D300F86200204E560020E4550020D45A002031
S21402D310145A002070B5002204464FF6FB760846E3
S21402D3200A4B1D780A4BD1B28D4201D8002009E083
S21402D3301988B14207D8A14205D10822991CEEF7F6
S21402D340CDFA012070BD0C330132ECE7606C002090
S21402D350145A002037B5014605460E48FFF700FF6F
S21402D360044640B1807A29460AF0C0FE80F00100E9
S21402D370C0B203B030BD03460090012229464FF6E4
S21402D380FF70FFF71DFEFF2816BF034B2046185CF2
S21402D390E9E700BF145A00203B6200202DE9F34162
S21402D3A0224B04461B780F468342154638D9FEF7B1
S21402D3B0EBFDB8BB4FF6FD739D421D4E0ED004EB3F
S21402D3C0440326F823504FF6FF739D421FD1204692
S21402D3D0FEF7F2FD002002B0BDE8F0810DF1060175
S21402D3E0384609F081FC4FF6FF72BDF80630384623
S21402D3F0934218BF1D460C236343F55206EB0308FF
S21402D400FFF7A8FFB0FA80F0400988F80A000C235C
S21402D41003FB0460082239460230EEF75FFAD9E7CA
S21402D4202820D8E740F60540D5E700BF606C00200C
S21402D430145A002038B504460D46FFF7BBFC2146B9
S21402D4400448FFF78DFE00B938BD857221460C30C0
S21402D450F7E700BF145A00200023074A1370074A52
S21402D4601370074A118801B11380064B1A880AB155
S21402D47000221A80704700BF31630020306300200C
S21402D4800E5C00200C5C00202DE9F04F3C4C1D4643
S21402D490238887B00746884610469DF840605BB9E9
S21402D4A052B10BF0BBF820804FF4FA61354807B052
S21402D4B0BDE8F04F0DF0ACB8DFF8D890B9F80040F0
S21402D4C0002C49D020460CF0D3FFC0F34706204676
S21402D4D00CF0B2FFDFF8C0A00296BAF80030DFF810
S21402D4E0BCB00193BBF800300446009300222B46E2
S21402D4F0012025490BF011F9ADF81600E8B1012517
S21402D50004EB4606B4420DD1BDB9BDF81630A3B140
S21402D5102A464146384600F06FF9ABF80050AAF8A2
S21402D52000500AE0012321461A460DF11600F6F7CE
S21402D53009FB023405460028E4D00023134AA9F862
S21402D54000301378013BDBB21370002BACD107B06E
S21402D550BDE8F04FFFF780BF0D4C237823B90DF0DE
S21402D56095F908B901232370324629460520F7F7B4
S21402D5700DFA0028EBD1207007B0BDE8F08F00BF8F
S21402D5800E5C0020706B00205C4D040031630020AE
S21402D590306300200C5C0020A85B0020AA5B002001
S21402D5A030B5154D87B02C889CB923464FF4A0722F
S21402D5B048F2380103A80AF075FE21462046FAF71B
S21402D5C0E3FA22460D4B009403A9FFF75DFF07B06E
S21402D5D030BD204609F004FA04300DF04CFB03A9D6
S21402D5E0044628880BF000FA0023009320462A8877
S21402D5F003A900F0AFFAEAE70E5C002000F8FF0786
S21402D60037B5002001A9FAF7BFFA0D4C0146237878
S21402D6100C4D7BB10C4B019A1878FAF7CBFA2078AE
S21402D620F8F74CFC002323702B700848F6F736FBFD
S21402D63003B030BD2B78002BF7D0FFF7B1FFF4E72D
S21402D640336300203163002032630020706B0020B9
S21402D65008B50548F6F732F80448F6F72FF8BDE89D
S21402D66008400348F6F72AB80E5C00200C5C00203F
S21402D6700A5C00202DE9F04F89B089460446CDE9C0
S21402D68005239DF84870139E30B316F801ABBAF125
S21402D690000F23D00AF1FF34A400E4B23146012081
S21402D6A007F0ABFFC00E1BD1DFF838B131460120C0
S21402D6B007F0A3FF9BF8005034442279BDB1002F37
S21402D6C047D180234846CDE90277CDE900773E4A26
S21402D6D0059900F091F83CE08246DFE75446DDE724
S21402D6E01B28ECD93146012007F087FFE7E7DFF871
S21402D6F0F880FF2A00EA08080BD14246E379A179AE
S21402D700607901EB032189B209B0BDE8F04FFAF760
S21402D71051BA2E4909688B070AD5FE2A35D101234C
S21402D7200135EDB2202D4FEA43030AD1FF250AE068
S21402D730294628460792FAF727FA4845BFD1079A9C
S21402D740EBE79845ECD1224B1B78FF2B04D0AB427B
S21402D75004D009B0BDE8F08FFF2DFAD0294600208C
S21402D760F4F7B2FF0028F4D09BF800306479002B5F
S21402D770EFD1FFF771FE17484FF410510CF048FF37
S21402D780154B8BF800501C70E3E7052A97D8BAF1C0
S21402D790010F94D8B8F1000F91D0002FD9D1737928
S21402D7A0002BD6D00D49098821B9082B28BF08239B
S21402D7B00B490B70434648461292DDE9051209B042
S21402D7C0BDE8F04FFFF760BE5C4D040064480020E1
S21402D7D09A6C0020706B0020326300200E5C0020E2
S21402D7E0316300203363002000F8FF07014B1880E6
S21402D7F0FFF7D6BE0C5C00200CB42DE9F04F8BB0C0
S21402D80014AA0E4652F8041B07460992002940F055
S21402D8108F80BDF85400ADF82200002800F0A180E9
S21402D82033794FF6F778002B40F0868047458CBF59
S21402D8304FF009084FF008084C4B1C78FF2C40F0BC
S21402D8408380B6F90230002BA9BF494B347A1C7884
S21402D8500134A2BFE4B21C7044F08004DFF81CB1AD
S21402D8602246002101F0A2FC9BF80030BDF82200FF
S21402D870002B6CD0DFF808A14FF00009BAF8003090
S21402D88007930CF0F5FD0546BDF822000CF0D4FD1A
S21402D890EBB2CDE90193FF23CDE9030900932246BB
S21402D8A0334639460798FCF7B5FB4FF6FF73054635
S21402D8B08BF80090AAF80030382D33D1324639461C
S21402D8C040460DF1220307F058FE00284BD04FF6D3
S21402D8D0F7739F4226D8B6F902307088002B21DAF9
S21402D8E048F204022349244B4FF00008904214BF2A
S21402D8F08946994609F005FA494603468A220120D6
S21402D900CDF800800AF009FF814658B1224641460A
S21402D91001F04CFCFF23324639464046CDE90098DA
S21402D920FCF7DAF928460BB0BDE8F04F02B07047B4
S21402D93001200AF0CFFE6EE7002347458CBF4FF06A
S21402D94006089846337177E7FF221A7086E7CDE914
S21402D95000033246FF2339464046FCF7BDF905462A
S21402D960AAE71925DEE70546DCE700BF9C6C002027
S21402D970356300206D4D0400624D040034630020C0
S21402D980105C002070B54FF400330024054616469E
S21402D99088B0ADF81A100DF10F0204A90593ADF880
S21402D9A01840ADF81C4004948DF80F4007F0C4FDF3
S21402D9B09DF80F3028460193049B044A009305A95C
S21402D9C03346FFF719FF08B070BD00BF664D04006E
S21402D9D030B54FF48035002487B00395BDF8285043
S21402D9E0CDE900128DF81030074A034603A9BDF8A8
S21402D9F02C008DF81140ADF81250ADF81440FFF728
S21402DA00FBFE07B030BD00BF724D0400B1F1006FDF
S21402DA102DE9F04314462CBF392238228BB01D461E
S21402DA204FF00003ADF81E204FF480022CBF4FF0DB
S21402DA3001099946FF2C0646ADF81C300892ADF84F
S21402DA4024304FEA11471FFA81F80FD109F06AFC19
S21402DA50B9F1000F19D1154ACDE902054346304601
S21402DA60CDE9007407A9FFF7C7FE1AE0FE2C0AD11B
S21402DA7009F058FC0130C0B209F05FFCB9F1000FA2
S21402DA8012D00B4A02E0E8B2F8E70A4ACDE90305EB
S21402DA9001233046CDE90174CDF8008007A9FFF7CF
S21402DAA0ABFE0BB0BDE8F083034AD5E76A4D04002F
S21402DAB0704D0400694D0400714D04004FF4981235
S21402DAC04FF0806310B586B0CDE903230023ADF88E
S21402DAD0143009F016F90446F8F796FA054B019049
S21402DAE00093054A234603A94FF6FD70FFF784FE0E
S21402DAF006B010BDF8620020764D040008B5064B4D
S21402DB001B78022B02D0043B012B03D8FFF7D6FF6B
S21402DB10002008BD0220FCE77562002030B5002414
S21402DB204FF4806587B0CDE900128DF81030084AB0
S21402DB30034603A94FF6FD708DF811400394ADF825
S21402DB401250ADF81440FFF757FE07B030BD00BFC5
S21402DB507A4D04002DE9F04F99B00E4605460CA901
S21402DB601046CDE90A329DF888700AF0FAFABDF836
S21402DB703090804648460CF07BFCB6F902300446EC
S21402DB80002BB6F806A0B6F802B004DA00228D4BD7
S21402DB901A70002049E048460CF06AFC4045F5D36E
S21402DBA0A4EB0804E3B2002F18BF4FF4A07A152B9B
S21402DBB0099328BF15230024013308F1FF32494692
S21402DBC0DBB292B2009412A80DF04EF96FEA4B4304
S21402DBD06FEA53437C499DF8482008684968ADF8C7
S21402DBE03E300DAB03C3ADF84040ADF83C40ADF857
S21402DBF042A0ADF84420BBF1000F24D10DF149003C
S21402DC00F6F7C4FCA0B109F07CF85C4680460DF13C
S21402DC1051060DF149030A9A96F80090012A2CD172
S21402DC204FB384F0010404F0010019B0BDE8F08F90
S21402DC300DF149000AF0A4FB4FF6FF74011B4C429B
S21402DC4080464C41E3E7BBF1010F57D1BDF849804E
S21402DC5009F057F880450AD040460DA90AF093FB12
S21402DC6080F00104E4B20DF14B060DABD3E7574B3F
S21402DC700DF14B06CFE70A9CD5E75FB344BBB9F17B
S21402DC80010F25D830D109F03CF809F03AF82246BF
S21402DC90804671784D4B029100210120CDE900812A
S21402DCA04B490AF03AFDADF8320088B124BBB9F10F
S21402DCB0010F0CBF0D210C210DF132000AF095FC6C
S21402DCC0024628B92846BDF832300FA9FFF794FD60
S21402DCD00120AAE7B9F1010F04D1002CD3D081228A
S21402DCE07178D8E7002CFAD1B9F1010F94BF00225F
S21402DCF001227178D201CEE70C21DDE70A9B002BC8
S21402DD007FF447AF7388342B4BD1099B092B7FF4E2
S21402DD1040AF002F7FF43DAF9DF951603A46B410F4
S21402DD2008210DF1490004F0200408F078FFA0B1A4
S21402DD30284B1B78012B3FF42CAF274A274BB2F80F
S21402DD4068201B68AA421DD0DA001BD5C8232846C5
S21402DD50234A0FA9FFF750FD1BE70DF14900F6F71E
S21402DD6015FC0028E4D10DF149000AF009FB4FF634
S21402DD70FF739842EAD02146F9F778FE0346002858
S21402DD80E4D1E4E75B0201D5002E08DA0023284638
S21402DD90134A0FA9FFF730FD124B1C70F9E68D23CC
S21402DDA0D5E7099BCDE905A204930DF14903CDE918
S21402DDB0028331462846CDE900790B9B0FAA00F074
S21402DDC03DF8E6E629630020DCD50300F862002071
S21402DDD07E4D040076620020E45500206448002050
S21402DDE0C60204009B6C0020024B187840F08000AC
S21402DDF0704700BF35630020014B18800020704733
S21402DE001E6C00204FF6FF71034602881B798A4279
S21402DE1017BF074901200A8041881EBF054A002015
S21402DE201180FF2B1EBF044A00201370704700BFEC
S21402DE301A6C0020186C0020366300202DE9F04F83
S21402DE40A1B09946BDF8AC302D9F0D939DF8B03029
S21402DE5004460E93BDF8BC3038460F939DF8C0308A
S21402DE604E88884615469DF8A8B010930CF003FF1E
S21402DE70112E824671D808F044FF504576D0062E01
S21402DE8010D14FF6FD72924526D0BBF1000F10D18D
S21402DE9000228023CDE900A229462046BC4AFFF78D
S21402DEA0ABFC06E0BBF1000F03D1032E07D8012E10
S21402DEB009D80022B74B1A7021B0BDE8F08F043E95
S21402DEC0022EF6D8E4E7802329462046B24ACDF849
S21402DED000A0FFF791FCECE7B04B1B785E074CD432
S21402DEE008F00FFF0026034632460120A849009696
S21402DEF00AF013FC3B79ADF866000F930028DBD0DE
S21402DF00DDE90E320D9803EB42090CF0B1FA5FFA26
S21402DF1089F909F105085FFA88F88045CCD24146AE
S21402DF200D9801F02FF9109008EB40080D980CF0B0
S21402DF309FFA8045C0DADDE90F321343DBB2002BCD
S21402DF4040F03482BBF1000FB6D1D84642460421D7
S21402DF50BDF8660001F02AF974E1904A3A2E12786A
S21402DF6012D948F23B039E4207D013E08B4A12783E
S21402DF7050070BD5321F022A08D8B8F8063043F4E9
S21402DF808043A8F8063097E71B2E1DD8B21E91B222
S21402DF9013295FD9109B494602930F9B3046CDE961
S21402DFA000B30E9A234607F0CEFA0F2884D1012238
S21402DFB0784B1A70794B1B789B0740F12783BBF18D
S21402DFC0000F7FF479AFD8E7A6F11C011E29E1D82D
S21402DFD001A050F821F000BF23E6020095DF020000
S21402DFE095DF0200B9DE020095DF020011E40200AE
S21402DFF011E4020095DF020095DF020095DF0200C1
S21402E00095DF020095DF020095DF020095DF020031
S21402E01095DF020095DF020095DF020095DF020021
S21402E02095DF020095DF020095DF020043E402005E
S21402E03043E40200F5E5020095DF020095DF0200E8
S21402E04017E6020095DF020073E6020089E6020088
S21402E05097E60200132A9DD801A151F822F000BFCC
S21402E060B1E0020041E102005FE1020077E2020055
S21402E070E1DE020095DF020095DF020095DF020076
S21402E08095DF020095DF020095DF020095DF0200B1
S21402E09095DF020095DF020095DF020095DF0200A1
S21402E0A095DF0200BBE3020095DF02004FE60200A6
S21402E0B000231A938DF866300DF1660322460E99F8
S21402E0C0484600931AAB07F038FA08F01AFE0646DE
S21402E0D0EAF75EFB162894BF4FF002094FF02209BA
S21402E0E0F7F792FF2E4B0746B3F800A0FBF7EAFDC0
S21402E0F02C4B80464FF6FF70B3F800B00AF0F8F8E3
S21402E100294B9DF866201988244B1B7813F00203CE
S21402E1101CBF264B1B780B921A9ACDE90701CDE954
S21402E120093240232946CDE9019320460023CDE952
S21402E130058BCDE9037A1E4A0096FFF75DFBBBE628
S21402E14008F0DFFD1B4B1C4A1B88CDE92A0300237F
S21402E1502946204621B0BDE8F04FFFF74DBBBE78FA
S21402E1601AA9731EDBB2EF2B304627D9F22E25D022
S21402E17005F015FD822608F0C4FD00232946CDE9E8
S21402E1800003034A33462046FFF736FB94E600BFF9
S21402E190624D0400296300206D4D040036620020A3
S21402E1A01E6C00201A6C0020186C002036630020BB
S21402E1B0844D04001C6C0020914D040005F0EFFC19
S21402E1C0002856D008F09DFD9DF86C209DF86E1034
S21402E1D00492BDF86A2049000392BDF86820C9B2CD
S21402E1E0CDE901629DF86D2003465200D2B2083294
S21402E1F00A44009201200022C6490AF08EFA9DF8CF
S21402E2006D30ADF866008DF8633000283FF454AEEA
S21402E2104FF0000801230DF163011A460DF1660066
S21402E220F5F790FC074600287FF446AE9DF863306B
S21402E230FAB293420CD89DF86E308DF86330B8F17E
S21402E240000F02D0BDF8663036E04FF00108E1E775
S21402E2504146304605F0A5FC0123ADF864000222D3
S21402E26019A90DF16600F5F76DFC01370028DDD01F
S21402E27022E683267FE708F044FD064605F0B0FC5A
S21402E2803346009000220120A3490AF046FA0028ED
S21402E2903FF412AE00273E46ADF8680005F0A0FC3B
S21402E2A05FFA87F840450DD832460421BDF868006B
S21402E2B000F07CFFBDF86830002229462046FFF7B2
S21402E2C09BFAF9E5404605F068FCFF288DF86600E3
S21402E2D00BD0012301361A460DF166011AA8F6B2D2
S21402E2E0F5F730FC00287FF4E7AD0137D6E7504655
S21402E2F0B7F8029005F051FCFF288DF8640000F094
S21402E300E2811AA905F04BFCBDF868304B4507D0F0
S21402E3104FF6FF72914540F0D681190400F1D38181
S21402E3209DF86D3012930E9B0533DBB213930F9B51
S21402E330149300234FF0000911934B4613E01793F2
S21402E3404900139BC9B219440D9889B20AF088F99C
S21402E3504FF0000A179B159012995FFA8AF28A42CA
S21402E36016D309F10109149A5FFA89F19142E6D3AC
S21402E3709DF86E201292169A1392002B40F0958109
S21402E380119B002B40F09F81109B14930123D1E731
S21402E39011999DF86400179305F003FC159A179BD4
S21402E3A00AF1010A824208BF0123D5E709F10609EC
S21402E3B05FFA89F3B046169386E1BD1C294650469D
S21402E3C0BC7A06F043FC01222946504609F03FF982
S21402E3D0504609F0A1FF284609F0D2FF3A88824249
S21402E3E007D04FF6FF72904203D00CF032FD09F0D0
S21402E3F0B3FF84F00804C4F3C00421462846FFF79E
S21402E40019F82146284621B0BDE8F04F07F0C4B8F7
S21402E410BBF1000F7FF450AD12073FF5AEAD3346A9
S21402E4203A462946204601F08FF900287FF444AD8B
S21402E430842329462046394A21B0BDE8F04FFFF72B
S21402E440DBB90F9897F8008009F00EFD0021074609
S21402E450204601F0E3FC312EA7EB0007FFB240F0A6
S21402E460D5804FF0000A012053465246CDE9008A75
S21402E4702B490AF052F9ADF8660000283FF41CADAD
S21402E480162251461AA8EDF7D7F91AA808F0C2FEC6
S21402E4904FF0FF33DFF894B0CDE91C339BF80090C1
S21402E4A0B9F1000F02D14FF0010A55E01D4E337943
S21402E4B06F2B02D90026324625E050461CA9F6F7F5
S21402E4C03DFF0028F6D0184BB6F80090B3F8683037
S21402E4D0B9F1000F2CD1003B18BF01235B0143F0BA
S21402E4E004038DF87A3002238DF87B3073881B0A7A
S21402E4F049461EA88DF87D300CF0BFFBB8F1000F20
S21402E50065D0002601220221BDF8660000F04EFE0C
S21402E51032461CE5954D0400624D0400C602040016
S21402E5209D4D04006C5B0020E45500206F620020C5
S21402E530B3EB090318BF01235B0143F005038DF813
S21402E5407A3002238DF87B300F238DF87C30CDE7AE
S21402E5500AF1010A5FFA8AFA0AF1FF36F6B2304683
S21402E5600CF07DFCC307F3D59BF8003019EB030FC4
S21402E57004D009F101095FFA89F9E9E7584B1CA9A9
S21402E58018783044C0B2F6F7D9FE002892D030464A
S21402E59009F0F3FE814630460CF061FCC0070FD44A
S21402E5A016238DF87A304F4B1B780133DBB20F2BD4
S21402E5B028BF0F238DF87C304B4B33F8163096E786
S21402E5C030460CF04CFC8107EAD41223E9E7BDF88A
S21402E5D066000BF04DFF1630B84292DC012316227D
S21402E5E01AA90DF16600F5F7ADFA00287FF464ACBF
S21402E5F0012660E712073FF5C0AC3B462246294695
S21402E6000F9801F0F9F800287FF456ACBBF1000F22
S21402E6107FF452AC0CE7BBF1000F7FF44DAC8023C5
S21402E62007E708F06EFB50457FF446ACB81CF5F7DA
S21402E630ADFF00283FF440AC08F063FB064608F046
S21402E64060FB2A4B2A4ACDE92A03334680E5384640
S21402E6500CF011FB09F04CFE00283FF42DAC2A907A
S21402E660002329462046234A21B0BDE8F04FFFF793
S21402E670C3B84B462A4621460020CDE92AB721B028
S21402E680BDE8F04FFEF7F6BF4B462A46214601206C
S21402E690CDE92AB7F3E75B464A46294620462A973B
S21402E6A021B0BDE8F04F06F07CBF012319A91A4637
S21402E6B00DF16600F5F746FA00287FF4FDAB08F187
S21402E6C001085FFA88F8013605F08AFA5FFA86FAD8
S21402E6D050453FF60CAEB8F1000F3FF433AC35E4CC
S21402E6E0666C00201E6300209E5B0020F8620020FD
S21402E6F0A24D04006D4D0400F8B5164B04461D8865
S21402E700154B20F8025B196879B10822EDF7E6F896
S21402E710124B0C201B78124EA372124B1978002350
S21402E720DAB2914205D8FF2209E0C4F8021041602D
S21402E730EEE7013300FB03F7F75BAF42F0D10A4B7B
S21402E740E2721B782373094B1B786373084B1B68B2
S21402E7502361F8BD1E5C00200057002037630020AE
S21402E760085A0020606C00201B6300201A630020F9
S21402E770EC560020F0B589B006460C4615460AF05F
S21402E78022F90DF10A020146304609F0D3FF144F72
S21402E7900346F0B901223A702288BDF80A102AB15F
S21402E7A002460090072004F0DFF990B103A8FFF7B5
S21402E7B0A3FFBDF80A000BF05BFE0646BDF80A0092
S21402E7C00BF03AFE21460090F3B2284603AA06F062
S21402E7D067FA0023034A3B70136009B0F0BD00BF1E
S21402E7E03863002000570020142230B58BB005464F
S21402E7F00DEB02011548DEF767FC10BBBDF81430BE
S21402E800DA0720D413F0060FC3F3410208BFC3F39E
S21402E81041220F4B0DF116019C5C68462246EDF72D
S21402E8209BF9BDF8263004F128026A4402F8283C17
S21402E83002341B0A02F8273C69462A46E0B209F06F
S21402E840F7F80BB030BD2320FBE700BF703214E0B0
S21402E8507F9A040010B58AB0ADF826200022CDE9D2
S21402E860052204920CAA02924FF6FF720446AC21CD
S21402E87001200192064A039004FB012260320092B4
S21402E8804CF620010DF1260209F086FD0AB010BDF5
S21402E890E455002010B54FF6FF741E4A8AB0B2F84F
S21402E8A06800B2F85E10A042ADF82600B2F85C30FE
S21402E8B04FF6FD70ADF8241018D081424FF00000DC
S21402E8C094BF48F660014CF66001CDE90500CDE93B
S21402E8D00300CDE9010094BF09AA603200920DF14F
S21402E8E02602042009F058FD0AB010BD81424FF0FE
S21402E8F000008CBF603209AA00928CBF4CF66041C1
S21402E90048F66041CDE90500CDE90300CDE90100F6
S21402E910014AE6E7E45500204E56002000B50E4BAD
S21402E9200022B3F85E308BB0ADF824304FF6FF739A
S21402E930CDE90522CDE90322CDE9012209AA0092FA
S21402E9404FF400610DF126020720ADF8263009F0DB
S21402E95023FD0BB05DF804FBE4550020202A10B519
S21402E960144614D8012A04D10C88B4F5004418BF02
S21402E9700124620030B10748ECF7B0FF064B0020D6
S21402E9801C7010BD0548ECF7A9FF054BF7E72120E0
S21402E990F7E700BF205C002039630020605C00209F
S21402E9A03A6300202DE9F047104617460CF063F94B
S21402E9B0DFF814A1DFF814919AF8003099F80020D5
S21402E9C00546134302D10020BDE8F08710F44068E4
S21402E9D000F0400619D186BBB0F5804F5CD24FF4EA
S21402E9E0807400239AF80000344AD9B288425DD86F
S21402E9F0002399F80000324AD9B28842E3D932F8A5
S21402EA00021B0133A142F7D155E0F81C0CF033F992
S21402EA104FF6FF73984214BF0124022486B10526DE
S21402EA2005F44043B3F5004F44F0080424D0B5F58E
S21402EA30804F23D244F4807420E044460326EFE756
S21402EA40B5F5804F4FF00506F4D3B8F5406F14BF06
S21402EA5002200820304438440CF00DF9194B05F416
S21402EA604045B3F85C3083420CBF44F0080444F0DF
S21402EA700404B5F5004F01D144F08004B8F5006FE8
S21402EA800ED1B8190CF0F7F80E4BB3F85E3083428D
S21402EA90A7D144F01004A4E7444603260220D9E78F
S21402EAA0B8F5406F08BF44F020049AE732F8021B1C
S21402EAB00133A14299D1012086E700BF605C0020A5
S21402EAC0205C0020E45500203A63002039630020D1
S21402EAD02DE9F04F104685B0164698460CF0CBF856
S21402EAE05D4F00F00803B7F85C10044600F0070913
S21402EAF0F01C02930391B7F85EB00CF0BCF806F176
S21402EB00050A054650460CF0B6F803464FF6FF7067
S21402EB10854218D00399A1EB050CDCF1000545EB04
S21402EB200C056D004FF6FF718B420ED145F00405C1
S21402EB300BF0ACFE029B6BB1B9F1000F11D0422074
S21402EB4005B0BDE8F08F0125ECE79B4508BF45F010
S21402EB500805EDE7B9F1030FF1D8DFE809F0021B6B
S21402EB60795D0BF093FE08B9A807E8D524F00804EF
S21402EB70A4B2B4F5004F05D0B4F5624F02D0B4F596
S21402EB80404FDCD10025294697F8A820002007F040
S21402EB9005FF3CE0D7F88030E3B90021324608464C
S21402EBA0FFF700FFD8B948F6410224F038039BB2BB
S21402EBB09342C4D10A2D49D0062DC0D197F877309A
S21402EBC0023B012BBBD8F3F745FD0028B7D140F630
S21402EBD0040505E04146304698470028DDD0082562
S21402EBE0E20648BF45F08005A30648BF45F48055B7
S21402EBF005F00C03042BC6D1F01D0CF03CF897F878
S21402EC00A8303246009341462B4607F09CFE08B3D6
S21402EC100E9B1880002093E7A90705D14FF6FF73D5
S21402EC20B7F85C209A428AD104F44063B3F5006FC9
S21402EC300AD0B3F5406F82D1082250460749EDF755
S21402EC4047F900287FF47BAF0C25C9E70425C7E700
S21402EC50432075E7192073E7E45500204456002048
S21402EC60034B1A781AB1FF2A04BF00221A707047A3
S21402EC703C63002070B5084C084E2378F55C1DB145
S21402EC803E2107480BF019FFFF2223782846F2544C
S21402EC900023237070BD00BF3B6300203C6300204E
S21402ECA0A64D0400034B044A1B78D05CFF3818BFFD
S21402ECB0012070473B6300203C6300200023074A84
S21402ECC007491360074A1360074A1360074A116030
S21402ECD00121074A1170074A136070471057002037
S21402ECE0238503000C57002008570020906B002055
S21402ECF09D6C0020185700200E2A70B50C4606465A
S21402ED001546194603D9FFF7D9FF502070BD0128D2
S21402ED1007D10020F3F7B8FCB0B1FFF7CFFF2120F0
S21402ED20F4E780220021224B1A70224B1960224BF4
S21402ED301B684BB134200BF0F3FB204B188018B93C
S21402ED40FFF7BCFF0120E1E724F0FF6323F4FF2373
S21402ED501BB1FFF7B3FF4F20D8E774B92046F3F78D
S21402ED60ADFC0124032510F0800F43B21BBF00F058
S21402ED701F039C409C4044F078440020104B24F033
S21402ED8078441E700F4B10491D70104B1C60104BC0
S21402ED901870104B1A68F4F71FF818B1FFF78EFFB9
S21402EDA00420B3E79DF810200B4B1A70AEE700BFA5
S21402EDB03D6300201457002008570020A05C002066
S21402EDC04263002040630020BDF002001857002076
S21402EDD041630020105700203E6300207FB5244B7D
S21402EDE000251A7801232348234903FA02F2007801
S21402EDF01A440A60ADF80E5020B3984236D11F4C22
S21402EE001F4B20781B680DF10E0198471D4EBDF86A
S21402EE100E20307092B11C4B2946009328460223DE
S21402EE200195F4F713F83278237822B1012A12BF3B
S21402EE301B230133DBB2237004B070BD013818BF48
S21402EE400120F0E778235A43013A0A6008220F4964
S21402EE500BF0ACFA0B49094A0978137821B101295B
S21402EE6012BF1B230133DBB21370E5E71846E3E754
S21402EE7040630020426300201C57002041630020AC
S21402EE80906B00209D6C0020F9F0020019A8030088
S21402EE90024B1868003818BF012070470857002038
S21402EEA037B505461C460BF0F1FC68B974B1084B41
S21402EEB01A60084B0A461C60012329460093032366
S21402EEC0FFF71AFF03B030BD4D20FBE72520F9E718
S21402EED0045700200C57002013B504460BF0D6FC4E
S21402EEE058B962B1074B1A6001230A4600932146BD
S21402EEF00323FFF701FF02B010BD4D20FBE72520DC
S21402EF00F9E700BF085700202DE9F0410446DDE985
S21402EF1006861D469DF820700BF0B8FC88B99EB197
S21402EF20A2B10B4B01201A600A4B0A46C3F80080B6
S21402EF30094B21461E602B460697BDE8F041FFF7B7
S21402EF40DBBE4D20BDE8F0812520FBE72120F9E756
S21402EF50906B0020105700200C5700200148F4F751
S21402EF60ADBB00BFA05C00202DE9F0410020F3F706
S21402EF70A1FE114B114C1E68114B20881D68114BC7
S21402EF80114FD3F8008010B13978F4F771FD0020E4
S21402EF903870FFF793FEF4F7ABF90EB14046B04770
S21402EFA03DB12088A84700232380BDE8F0410BF03E
S21402EFB0FFBDBDE8F08100BF0C570020A05C00201A
S21402EFC0085700201857002043630020F8B52F4842
S21402EFD0F4F764FE2E4B187830BBF3F76FFB2D4F19
S21402EFE006463B6803B32C4B2C4D1C6824B195F99E
S21402EFF000301A461946A047294B1B6883B1294C94
S21402F0002378312B0CD8284B18880BF015FA237866
S21402F0105A1C22702A78C25423785A1C2270C6546C
S21402F02080232B7000233B60204C23781A2B22D897
S21402F0301F4A1278012A09D100211E4A156825FAAC
S21402F04003F0C007DAB20ED501B122700020F3F742
S21402F05035FB2178884212D10022174B1A70FFF72F
S21402F060BDFE40B9F8BD0133D8B21A284FF00101EF
S21402F070E5D90A442270BDE8F840FFF775BF0020C4
S21402F080F3F72EFB0028E7D0F5E700BF946B0020CD
S21402F0904263002014570020045700203D630020DE
S21402F0A00857002043630020A05C00204163002034
S21402F0B09D6C0020185700203F63002008B50B4BBC
S21402F0C0187880B90221F3F7CDFA094B1B782BB1D9
S21402F0D000214FF6FF720846F3F7A6FABDE808408D
S21402F0E00448FFF773BF00210846ECE7426300209E
S21402F0F03E630020946B002038B5144B0C461D78F6
S21402F100012D21D181B90846F3F7D8FA104A05FA3B
S21402F11000F013680F4923EA0003136020462A46CC
S21402F120BDE838400BF042B90B4A13780133DBB224
S21402F130022B137004D9BDE838400848FFF746BFD3
S21402F140FFF74CFE0028F6D138BD00BF4263002010
S21402F1501857002019A803003F630020946B002074
S21402F16038B50C4605460BF083F9A04203D82D218C
S21402F17003480BF0A2FC28460BF05EF9204438BD8B
S21402F180BA4D040070B506460D460BF055F9044616
S21402F19048B130460BF06CF9A84203D83521024834
S21402F1A00BF08BFC605D70BDBA4D040070B50C466A
S21402F1B0064615460BF05CF9A04203D83E210448E9
S21402F1C00BF07BFC30460BF037F900B1055570BDED
S21402F1D0BA4D04002DE9F0438FB007460C4615469B
S21402F1E01E469DF85880F8F755F920B1F4F796FEBA
S21402F1F008B144F400544D4B1B7813B924F4007440
S21402F200A4B2200509D546B9284604A9F5F750F94F
S21402F210002846D024F40064A4B2ADF81840ADF835
S21402F2201A5007F06EFD424BADF81C00B8F1000F05
S21402F23002D01A78424501D293F800803D4AE10591
S21402F240137848BF0DF1210103F10103DBB21370FD
S21402F25058BF08A922058DF81E808DF81F3006D5E6
S21402F2603368083141F8083C736841F8043CE3040B
S21402F27007D5314A0831136841F8083C536841F80B
S21402F280043C0DF11808A1EB08005FFA80F9002192
S21402F29048460BF045F9064628B900200FB0BDE8EF
S21402F2A0F08304AEB9E70BF0C7F841464A46ECF7DE
S21402F2B053FC30460BF0DCF8804630460BF0BCF8C8
S21402F2C00023024600934FF6FF7004235FFA88F18C
S21402F2D007F039FBADF80E000028DED040F201132D
S21402F2E01C421AD14FF6F7739D4216D80BF0C0F89F
S21402F2F00DF10E010446284600F090FDBDF80E0002
S21402F3000BF0B6F8E4B2A04207D9BDF80E0007F03B
S21402F31067FB437843F004034370BDF80E003A4699
S21402F32001210BF0D5F8BDF80E00B7E77162002098
S21402F3305A6C002073620020F8620020F0B508299B
S21402F340D58889B028D00C2926D0AE0424D405F05E
S21402F35040030B43424C267816B105F020042343A3
S21402F3602FB2002FB8BF43F08003032920D1122307
S21402F370AC068DF80430937A10D48DF805300DF172
S21402F380060401A9621A012392B2F4F7DBFBB0FA73
S21402F39080F0400909B0F0BD0B46DBE732228DF85B
S21402F3A005308DF80420002EE9D00DF11304E8E7AD
S21402F3B00C298DF804300ABF138953798DF805306D
S21402F3C0548805BF1B0A8DF806308DF805300DF1FE
S21402F3D0070318BF0DF106031C70240A5C7014881C
S21402F3E002399C70240ADC70147901291C7111D828
S21402F3F0917A002F597131DA022112899971DA71E4
S21402F400120A03F109041A72002EBAD0AB06B8D556
S21402F4100534B6E7A9071AD4002F0CDA117A51B1CF
S21402F420917A59711189127A03F1080492B1022273
S21402F4309A71D971E8E70B4C217801F1010C84F836
S21402F44000C091729C1D002F5971DDDAEAE7917AAD
S21402F4509C1DF8E70122090A9A71EAE79C1DD3E788
S21402F4607162002072620020014B1880704700BF54
S21402F470A25C0020014B1888704700BFA25C0020E7
S21402F4802DE9F84307460BF011FB05461B480BF027
S21402F49084FC1B4B60B31C683C1B2C44A4B20022A9
S21402F4A0184BDFF868901B78174D03EB830399F827
S21402F4B0006005EB43055FFA82F846450AD9AB8839
S21402F4C005F10A00A34216D90A23B21A29465A435C
S21402F4D0ECF704FA013689F80060AC80B8F1000F48
S21402F4E003D1394605480BF093F82846BDE8F88361
S21402F4F03C461D60D3E705460132DCE7B46B0020CC
S21402F50020570020446300203A5B00204563002019
S21402F5101FB5154A154C1378013BDBB213706168B0
S21402F520206801AA03C221891180114A1278D218D2
S21402F53005D00A2320465A43E118ECF7CFF99DF886
S21402F54006301B070DD0BDF80C00FFF799FF0346E7
S21402F5508288ADF8082001AA03CA1288186059608A
S21402F5601A8104B010BD00BF446300203A5B00203D
S21402F57045630020002108B5084B09481970094B5D
S21402F5801970094B1A7802EB82025200ECF754F912
S21402F590BDE808400548F4F781BB00BF456300207C
S21402F5A03A5B002044630020646C0020B46B0020A9
S21402F5B0F8B50024084D094F094E3B783178E2B27F
S21402F5C00B449A4204F1010400DBF8BD2846F4F726
S21402F5D075F80A35F1E700BF3A5B00204563002064
S21402F5E04463002010B5064C207828B1054807F081
S21402F5F023FF10B1034B188810BDFFF789FFF3E70E
S21402F600446300203A5B002008B50A4A0346107895
S21402F61060B1094A1088984209D121B9937810330B
S21402F62023F00F039370FFF773FF012008BD00203D
S21402F630FCE700BF446300203A5B00202DE9F74F49
S21402F64000260BF033FADFF8F890B24699F800700D
S21402F650B3463A46DFF8EC801FFA80FEB8F800C0E0
S21402F660344CAEEB0C039BB201932378324D0093DD
S21402F67003EB830305EB4303ACEB0E0C5FFA86FE4B
S21402F680BE4515D3BAF1000F01D0009B2370BA42D3
S21402F6902AD3002F37D00A222378C8F8000002FBAC
S21402F6A003532648998803B0BDE8F04F0AF0B0BF6E
S21402F6B0B3F804E001998E4512D84FF0010A00997A
S21402F6C093F802E001310EF1FF3EC9B2013AA3F807
S21402F6D004B083F802E00091D2B20A330136CDE7D5
S21402F6E0E644A3F804E0F8E789F800204AB10A22C3
S21402F6F02378C8F8000002FB0353104899880AF0E2
S21402F70087FF237813B903B0BDE8F08FFFF76AFFCF
S21402F71006460028F5D007F097F80146304607F06F
S21402F72088FE20B100212888FFF76EFFE9E740F641
S21402F7300241F8E7446300203A5B0020B46B0020E5
S21402F74045630020205700202DE9F04192F80880FA
S21402F7501F4608F1FF33DBB2EF2B05460E46144672
S21402F76088B00BD982238DF80E30314628469DF894
S21402F7700E30204AFEF740F8012037E00E22002124
S21402F78004A8ECF759F8B4F809308DF81180ADF8F2
S21402F7901230E37A03F07F02032A08D0012B24D129
S21402F7A003238DF81030A389ADF815300EE0032B35
S21402F7B014BF022301238DF81030E368CDF815300C
S21402F7C02369CDF81930237D8DF81430A7F1210175
S21402F7D04A420DF10E034A41009321460DF10F03F2
S21402F7E004A8FDF737FC0028BFD1002008B0BDE80A
S21402F7F0F08100BFC60204002DE9F04F00241D78F8
S21402F80095B0CDE902010492234622460120CDE9B5
S21402F8100054404908F081FFADF81E00F8B1A34637
S21402F820264627460DF120090DF1380AE8F7A4FF0F
S21402F8305FFA84F8404516D83A460221BDF81E0003
S21402F840FFF7B4FC32460421BDF81E00FFF7AEFCFB
S21402F850DDE903100022BDF81E30FDF7CDFF0120C2
S21402F86015B0BDE8F08F4A4640460AA9FDF7E4FB0C
S21402F8709DF8282022B12DB1013DEDB20137FFB22D
S21402F8800134D3E7BBF1000FF8D199E803009DF8E5
S21402F89029308AE803008DF84030BDF82A30032A62
S21402F8A08DF841304FEA13238DF8423017BF0323F9
S21402F8B001238DF843309DF82C30DDF83110DDF849
S21402F8C02D0014BF8DF84C308DF8433011AB03C3B6
S21402F8D002980CBF4FF00E084FF0150808F0C4FA55
S21402F8E00590BDF81E000AF0C3FD059900EB08035B
S21402F8F099420BDB0123424651460DF11E00F4F7F6
S21402F90021F90028ABD10136F6B2B7E74FF0010B6A
S21402F910B4E700BF9D4D040038B505460D4B0E48B2
S21402F9201C88F4F7A7F9012D0CD10C4B1C88FA2180
S21402F930614358B1884209D28408012C204638BF58
S21402F940012038BD022D08BF0224F0E702480AF063
S21402F9505FFEF2E7365B002050470020345B002053
S21402F960012208B5054B06481A7000210AF050FE1F
S21402F970BDE808400020FFF7CFBF00BF5C62002052
S21402F980504700201E4B73B51A8802F108039BB23B
S21402F990012B02D81B4B1B7823B902B0BDE870407E
S21402F9A0F4F77CB90024184B184D1C70184B1C70C9
S21402F9B02B787BB14FF6FC73164E009322462346F5
S21402F9C02146308808F076FC4FF6FD732C703380A3
S21402F9D001200FE0104B1046197807F028FD00288A
S21402F9E0F6D10C4B1A884FF6FD739A42F0D00123DB
S21402F9F002202B7002B0BDE87040FFF78DBF00BF3B
S21402FA00385B00205C6200205F6200205D6200209E
S21402FA105E620020325B002060620020012808B58A
S21402FA200AD002280CD020B9084B18700848F4F700
S21402FA3035F94FF0FF3008BDBDE80840FFF790BF2C
S21402FA400020BDE80840FFF767BF00BF5C620020E9
S21402FA505047002002280CD859B1064A13780133C1
S21402FA60DBB21370044A12789A4202D80220FFF7D9
S21402FA70D5BF70475E6200206162002038B5A0F6EE
S21402FA801343012B04460D4615D80E4A137801334C
S21402FA90DBB213700C4A12789A420CD84FF6FD72FB
S21402FAA00A4B00201988914201BF00221D80084B94
S21402FAB01A70FFF731FF29462046BDE8384005F0A8
S21402FAC0F3B800BF5F62002062620020325B002053
S21402FAD05D62002000234FF6FD71054A1370054A49
S21402FAE01370054A1180054A1370054A1370704751
S21402FAF05F6200205E620020325B00205D620020B2
S21402FB005C62002030B5094B02461B7833B1084BC5
S21402FB10084C19780023D8B2884201D3FF2004E0AB
S21402FB20013334F823509542F5D130BD636C002082
S21402FB3064620020125B00200022FF21044B05486D
S21402FB401A70054B1970054B1A789200EBF774BEC3
S21402FB5064620020165B002063620020636C002053
S21402FB60F7B58DF807100DF10701044603F068F8A3
S21402FB70234B1D78002D41D02046FFF7C3FF214EB0
S21402FB80FF283178204B05D1204A107885422DD99E
S21402FB90451C1570884219D01C4A1B4D92F800C0AD
S21402FBA00022D7B2BC450CD92F4697F803E00132A3
S21402FBB0864505F10405F4D102B203EB8202D2783F
S21402FBC0FA7002B203EB8202D170307002B203EB1B
S21402FBD0820123F82240FF228A709DF80720FF2A1E
S21402FBE002D003EB8203987003B0F0BD0A461046BB
S21402FBF003EB8202D278FF2AF9D1CBE7FF20F3E7A4
S21402FC00636C002063620020165B002064620020A2
S21402FC102DE9F843FFF776FFFF28044669D04FF632
S21402FC20FF72354F03B2DFF8DC80344E27F823200C
S21402FC3098F80050A54202D10020BDE8F883337838
S21402FC4020B28100A34207EB800090F803E010D0B8
S21402FC500023294A5FFA83F94D45944606D99CF853
S21402FC6003900133A14502F10402F3D18CF803E0BC
S21402FC7001E086F800E0013DEDB22A1BD2B2043163
S21402FC8092003944EBF72AFE88F800503378FF2BAF
S21402FC9004D0A34224BF03F1FF33337000214FF692
S21402FCA0FF70154BCAB2AA420CD300234FF6FF715F
S21402FCB0134ADCB2AC42BBD2013332F8230088428C
S21402FCC0F7D1B5E79A78A2420BD11880DA78FF2AE4
S21402FCD004D0A24224BF02F1FF32DA7001310433AB
S21402FCE0E0E7FF2AF2D0A24224BF02F1FF329A7066
S21402FCF0ECE72D20A1E700BF165B00206362002020
S21402FD00125B002064620020F8B51C4B05461B7887
S21402FD10084673B3FFF7F6FEFF28044629D02846A6
S21402FD20FFF7F0FEFF2806D0154B164E1A78002372
S21402FD30D9B2914218D3FF212846FFF711FFFF28B8
S21402FD40014616D00546104F23B207EB830237F85A
S21402FD5023009678FFF704FFA84208BFFF25FF2E70
S21402FD60214608D12846F8BD013316F823108142F1
S21402FD70DED1FF25F6E73446E6E700BF636C0020D7
S21402FD8064620020145B0020165B00202DE9F0411F
S21402FD9080460E461F46002386B001A814469DF8EC
S21402FDA030508DF80330FEF7A7FCADF804802EB174
S21402FDB03368CDF806307368CDF80A3038460AF054
S21402FDC03BFB0DF103034219214601A804F078FF1C
S21402FDD09DF8033093B931464046E8F7C1FE0E4B14
S21402FDE01B785BB10B2C09D8FF214046FFF7B8FE03
S21402FDF0064605EB4404E4B2A54202D106B0BDE8CD
S21402FE00F0812946384608F02BFC3146FFF7A8FE5B
S21402FE1002350646EDB2EFE7636C002000232DE9BB
S21402FE20F3470DF107028DF8073004460E4602F03E
S21402FE30F2FE9DF80730054663B92046FFF762FEDC
S21402FE4004465EB130880AF013FB5FFA80F8FF2C96
S21402FE5045D10025284602B0BDE8F087B046F6E751
S21402FE6001320C2AF5D02DB207EB8505AD78FF2DB1
S21402FE70F6D112F0FF0AECD04FEA4A050235EDB28F
S21402FE80002EE7D0304605EB080108F0AEFB00284E
S21402FE90DFD1524641463088FFF788F90AF1FF3231
S21402FEA008F1010108F102093088D2B2C9B25FFA3C
S21402FEB089F9FFF77BF924B207EB8404A478FF2CB8
S21402FEC0C8D023B2494637F82320308808F0D8FB3A
S21402FED00028BED109F102095FFA89F9EBE7254647
S21402FEE00022014FBFE700BF165B002008B5D5F71A
S21402FEF0B7FDD5F77FF900F04AFAD6F7D5FEBDE88A
S21402FF000840D4F723BF10B5044601880120D5F770
S21402FF1065FEE3880BB9C823E38010BD37B50446F7
S21402FF20D5F76AFE658885420ED8A188E2888142A6
S21402FF3005D3431B5343491BB3FBF1F39AB280B27A
S21402FF4040EA024003B030BD0022F8E770B50C4626
S21402FF50088800F04BF994F84430054683420FD0E7
S21402FF6004F11C06304600F07CF984F8445000F098
S21402FF707CF9618BA0643046BDE8704000F06CB935
S21402FF8070BD38B5044690F844108378826CCB1A5C
S21402FF9059425941D4F744FFE37893B1257985B99C
S21402FFA000F063F90346A268218A04F11C009C1A39
S21402FFB08C4236BF52182946D11ABDE8384000F0A6
S21402FFC04BB938BD09B100F0FDB800F005B938B537
S21402FFD08388044603B3E3780088A17804F10C050D
S21402FFE0A3B10023B1FA81F1E3704909FFF7EAFFF2
S21402FFF04FF6FF72A388218993421CBF03F1FF3399
S214030000A3802846BDE8384000F026B90123E370F4
S214030010FFF7D8FFE188F4E738BD10B504468178CA
S2140300200088FFF7CFFF0123E3700023A38010BDF2
S21403003010B581780446B1FA81F100884909FFF7C3
S214030040C1FF0023E370A38010BDFFF7F1BF70B5B7
S2140300500446054600262B4655F8040B10B11B1B19
S2140300600C2B00DD70BD237C8680002BF3D0637CD5
S21403007013B1FFF7D2FFEEE7FFF7DAFFEBE7FFF781
S214030080E6BF70B5044605464FF6FF762B4655F891
S214030090040B10B11B1B0C2B00DD70BD8388B34211
S2140300A0F4D04FF4FA724FF6FF731146D4F70CFFF1
S2140300B0ECE709B100F086B800F08EB810B5044638
S2140300C0C0600830D5F7FCFE21792088B1FA81F1AB
S2140300D04909FFF7EEFFA37943B121796088B1FAA6
S2140300E081F1BDE810404909FFF7E3BF10BD00F0FA
S2140300F0A9B80346184613F8012B8A4201D0002AF2
S214030100F8D1704710B53B2104460068FFF7F1FFAE
S2140301100022034603F8012B2068236010BD10B5A8
S21403012040B1421E0A24002012F8013F303BD9B2E8
S214030130092900D910BD04FB0030F5E708B500F027
S2140301407EF808B540F2BA4200211020D5F7C4FC69
S21403015041F2E823584340F6FF7300F2FF70B0FB0A
S214030160F3F080B208BD50F80C3C23B150F8041CE1
S21403017030F80E0C18477047084619B1FF211030A7
S21403018002F070BC704773B505460E466DBA14464A
S214030190D5F7CCFDADF804507EB1012C04D0032C6A
S2140301A009D00022012101E02246022101A8D7F747
S2140301B08BFF02B070BD0022F7E7042132460DEB39
S2140301C00100F4E707B540BAADF8040001A8D7F775
S2140301D0AFFF03B05DF804FB07B540BAADF8040003
S2140301E001A8D7F7D1FF03B05DF804FB002307B5DA
S2140301F040BAADF804000DF1030101A88DF80330F1
S214030200D7F7EEFF9DF8030003B05DF804FB007814
S21403021000F0DF03552B07D0642807D0663818BFD5
S2140302204FF0FF30C0B2704701207047032070477D
S21403023018B12D280CBF012002207047704708B55F
S21403024002F002F808B500F083F8BDE8084004F0B1
S21403025005BD50E9023018470A460830FF2102F070
S214030260F8BBFF21083002F005BC08B50AF07DFC98
S214030270BDE8084009F094B913B500240DF1070052
S2140302808DF8074003F09CFC40B99DF8070003383F
S21403029003288CBF0020012002B010BD2046FBE7D8
S2140302A02DE9F041044600274FF00C0E8F4202DB87
S2140302B00020BDE8F0812078904204D1002594F810
S2140302C00780454502DB01370C34EFE70EFB05F6E6
S2140302D0D4F808C00CEB06003CF806609E42E8D053
S2140302E00135EEE7F0B585B005460E461746D5F759
S2140302F03DFE0446A0B131462846D5F7EFFD837888
S2140303003A46002BA36831460293A3782846019306
S2140303104FF0000300930CBF80234023E4F7BCFE9A
S21403032005B0F0BD08B51288D5F720FE50B10279A6
S214030330BDF80C309A4207D881680298EBF7CEFADC
S214030340002008BD8620FCE78920FAE7D5F712BF10
S214030350002004F0FFBC08B504F064FD002814BFB9
S2140303600320002008BD10B50446FFF785FF20B123
S2140303702046BDE81040DFF7D5BD10BD08B5FFF732
S2140303807BFF18B1BDE80840DFF7BEBD08BD704768
S21403039008B502F043FAFFF7A9FDD5F757FF642027
S2140303A0DFF7D0FD6420DFF7BDFD02F039FAD4F79E
S2140303B0FBFC08F04FFDF8E7642230B542F21075F7
S2140303C0418AB0F87E305143848A681A834202FB1E
S2140303D004F40AD2A3420AD91B1B02FB03F02144EE
S2140303E06D1AB0FBF5F0C0B230BD1046FCE7002036
S2140303F0FAE710B589B1632911D86424828A438A3F
S214030400624304FB0323C3F51C53103301FB03F0C1
S214030410B0FBF4F0104480B210BD0846FCE742F28D
S2140304201070F9E738B5037B0446002B36D0FFF788
S2140304301CFF217BE289022903D1238A002B18BFE4
S2140304401A466423534342F210721FBFD4F88450F3
S214030450401B5043B0FBF3F20129B4F8883017D1A0
S214030460134442F21072934228BF13469BB2A4F879
S2140304707E302046FFF7A0FFA37D83420ED0A075F3
S214030480082260784FF48171BDE83840FFF72ABF31
S214030490934201D39B1AE9E70023E8E738BD10B57A
S2140304A00446B430FFF7DDFE04F1DC00BDE810407F
S2140304B0FFF7D7BE037BC189022B03D1038A002B28
S2140304C018BF1946642342F20F724B43DC30934243
S2140304D098BF6421FFF7C0BE10B50446FFF7A2FF1E
S2140304E0237B23B12046BDE81040FFF7E3BF10BDD2
S2140304F010B504464FF6FE71D6F748F8B4F88030C8
S2140305002046A4F87E30FFF757FFA37D834208D02A
S214030510A075082260784FF48171BDE81040FFF79C
S214030520E1BE10BDF8B50E460446154600F18C072D
S2140305303846FFF796FE29463846A4F87C60BDE8A1
S214030540F840FFF789BEF8B504460D46FFF78DFE63
S2140305504FF6FE71A36F8D42227BA0EB030717D1E4
S21403056062B94FF6FF75B4F87C30AB4205D004F1A0
S2140305708C00FFF776FEA4F87C50F8BDC72F1BD877
S214030580C8331A1A29462046BDE8F840FFF7CABF03
S214030590B4F87E60AE422CBF02260126B24211D1C9
S2140305A04FF6FF76B4F87C30B34205D004F18C00E6
S2140305B0FFF757FEA4F87C6029462046BDE8F840BE
S2140305C0D5F7E4BFC72FDBD9002AF5D02046D5F7E9
S2140305D0DDFFC822D6E74FF6FF73994201D0FFF737
S2140305E0B2BF70474FF6FF72B0F87C10A0F87C20BD
S2140305F0FFF7F1BF42F21071FFF7A5BF0021FFF727
S214030600A2BF4FF6FE71FFF79EBF4FF601739942E6
S21403061010B5044603D14FF6FE71FFF794FF638AC5
S2140306202046322B84BF32236382A38A322B84BFB5
S2140306303223A382BDE81040D6F74EB8032910B57F
S21403064004462BD0007B30B9012903D002290CBF06
S2140306500120FF2010BD032A07D8DFE802F00208B6
S214030660101401291CD002291FD0FF20F2E700290D
S214030670FBD1B4F85C20012A12D0022AF4E704293D
S2140306800ED00529F0E7042914D0052914D0002933
S214030690EBD1B4F85C20111F0129ECD80220D9E76E
S2140306A05A1E534253415800D4E7022B0CBF022074
S2140306B00120CFE70020CDE70120CBE730B587B098
S2140306C005460C46D5F744FD012820D11CB1611E12
S2140306D04B424B4158006B784FF480728DF80430D0
S2140306E04FF48273ADF806304FF48173ADF80830DB
S2140306F001238DF80B30002385F8900001A8CDE97F
S21403070003238DF80A408DF81430D5F759FD07B04A
S21403071030BD41680346C978027B99B98168C978B8
S21403072099B9002A08BF0321D6F714B99B7B002B7F
S2140307300CBF01210221F7E79B7B002B0CBF022194
S2140307400121F1E7012AF1D17047012AF4D170475C
S214030750042910B5044604D831B1BDE81040D6F7D5
S2140307607DB905290DD010BD037B5522002B08BF8C
S2140307700321A0F85C1040781221FFF7B3FD204652
S214030780EBE743681A8A83681A82E6E70123037352
S2140307900378013343734FF44073C3810323037415
S2140307A00023A0F85C3080F89030704738B50446D4
S2140307B00D4601B945890123E373FFF756FDFA2277
S2140307C002FB050020612089BDE838405043FFF74F
S2140307D0CABD10B50446806BD8B1E278022A04D0AD
S2140307E0636B5B7972B984F83C3094F83C306BB138
S2140307F0FFF713FC60784FF60272BDE8104006213F
S214030800FFF770BDB3FA83F35B09ECE7FFF710FC61
S214030810F0E710BD10B50446406BD4F7BDFB204689
S214030820BDE81040FFF7D5BF10B50446406BD4F7BC
S214030830D7FB2046BDE81040FFF7CBBF10B50446F4
S214030840406BD4F7F3FB2046BDE81040FFF7C1BF6B
S21403085010B50446002206214078FFF743FDA3782F
S214030860022B01D0FF2B04D12046BDE81040D6F75B
S21403087057BC10BD4FF60273994210B5044601D11A
S214030880FFF7A7FFE378022B02D02046FFF7A1FF6E
S2140308902046BDE81040D6F743BC10B5D0F8A440B8
S2140308A07CB103791BB14079D6F7FAFC48B9A38823
S2140308B03BB932222046BDE8104001231146D4F747
S2140308C003BB10BD10B50446FFF7E7FFA2782379F4
S2140308D082B913B12046D6F709FD2046D6F746FD62
S2140308E003236078A4F86C305522BDE8104012212B
S2140308F0FFF7F8BC012B02D12046D6F7F7FCA37905
S214030900012B02D12046D6F731FD0123E9E710B5C6
S21403091083780446ABB9FFF7C0FFA3788BB9237976
S21403092013B12046D6F702FD2046D6F763FD04230F
S2140309306078A4F86C305522BDE810401221FFF70A
S214030940D1BCB4F86C30022B0DD02379032B02D123
S2140309502046D6F7CBFCA379032B02D12046D6F745
S21403096005FD0023E4E72046D6F786FDF9E78278FF
S21403097083685AB9DB78002B14BF03230423A0F83B
S2140309806C30552212214078FFF7ACBC1A7922B995
S214030990DB78003B18BF0123F1E70223EFE77FB5BF
S2140309A000239E6A0446B6F5804F0D460CD201A876
S2140309B0D6F70EFF039B5B0506D529462046336C08
S2140309C004B0BDE87040184704B070BD00239B6AAE
S2140309D0B3F5804F05D21B6BB3F5804F01D29B68EE
S2140309E018474FF4817070471FB500239A6AB2F513
S2140309F0804F04D340F2011005B05DF804FB126B80
S214030A00B2F5804FF6D2012201A8CDE902338DF864
S214030A100420D6F7DDFE039BDB03EBD5029B1A0E01
S214030A20E8D0012A03D1C3F307430A2BE2D90023F4
S214030A309B6A1B6B1B6C9847DEE708B50AF04CFAFB
S214030A40B0FA80F0400908BD134610B542B103431F
S214030A509B0707D10AF044FAB0FA80F0400910BDAC
S214030A600120FCE70020FAE70023036070470368D1
S214030A700B600160704710B538B132B129B100235D
S214030A800139D45C14B90023037010BD8B42FAD22B
S214030A9000F8014B0133F4E7034638B100208142E6
S214030AA004D01A5C02B970470130F8E770474FF07C
S214030AB0FF31FFF7F1BF70B50C461646054660B129
S214030AC05AB151B1FFF7F3FF844206D9211A3246D1
S214030AD02844BDE87040FFF7CEBF70BDFEE7FEE7D3
S214030AE000239A4200D1704710B550F8234041F8CE
S214030AF0234001339A42F8D110BDD7F7C9BA4369E8
S214030B00426CD91C143AB1FBF2F103EBC10003307B
S214030B10B0FBF2F00230704738B505460C46FFF7D7
S214030B20EEFF6A6CE31D143AB3FBF2F3013304EBF6
S214030B30C30402FB004038BD38B505464469214668
S214030B40FFF7EAFF6A6CE31D143AB3FBF2F30133D3
S214030B5004EBC304204438BDF7B507460E4600250C
S214030B607C6CA819644280EA06031C4003D02C461A
S214030B70204603B0F0BDFB6B01225B6901A99847D1
S214030B80019B0133F4D10435EAE770B505460C46FC
S214030B90D9F754F8EB6B2046BDE87040DB6818477E
S214030BA070B50025044686B00562E369AB4202D8F9
S214030BB0206A06B070BD666C2068E36B05225B692D
S214030BC001A906FB0500984701A800F023FC00F0E6
S214030BD046FC10B1236A013323620135E5E738B5D5
S214030BE00446456C006804F1400305FB0101E06B15
S214030BF000F042FC05462046FFF7D2FF284638BDE4
S214030C00F0B50546002687B0EC69013CB44203D82C
S214030C100C46204607B0F0BD01B14C1E6F6C286829
S214030C20EB6B05225B6901A907FB0400984701A843
S214030C3000F0F0FB00F013FC0028EAD12146013651
S214030C40E2E7F0B504460D46466CE36B006887B0F2
S214030C5005225B6901A906FB0500984701A800F079
S214030C60D9FB00F0FCFB20B101A800F0AAFB07B0FB
S214030C70F0BD29462046FFF7C3FF0646676C20688B
S214030C80E36B05225B6901A907FB0600984701A8E9
S214030C9000F097FB431CEAD0B54238BF0130E6E7C5
S214030CA02DE9F0434FF6FF79D0F8248004460E462C
S214030CB0C84514BF45460025002787B0E369BB42F5
S214030CC002D807B0BDE8F083E26B2368606CD2F805
S214030CD014C000FB0530052201A9E04701A800F077
S214030CE099FB022806D0C8450CD1721C294620461B
S214030CF0FFF775FFE3690135B5FBF3F2013703FB35
S214030D001255DBE729462046FFF79BFFB0F1FF3F6E
S214030D1014BF024632460132E8E70368F0B5CC1A40
S214030D20436C0646B4FBF3F4002587B0F3693768D3
S214030D305A1E9542706C08D3706C336800FB0430FF
S214030D4007B0BDE8F04000F095BB0134B4FBF3F206
S214030D5003FB1244F36B05225B6901A900FB0470D5
S214030D60984701A800F056FB00F079FB0028E3D172
S214030D700135DBE710B423F0030422449B070A443F
S214030D80436C18BF04325B4281EA0204234203D059
S214030D905DF8044BFFF7C1BF10465DF8044B704780
S214030DA02DE9F041D0E90A369E42044686B028D1A2
S214030DB01422C369456802FB1355284606B0BDE8EE
S214030DC0F0812068676C331AB3FBF7F3E26B07FB1B
S214030DD00300D2F8148001A90522C04701A800F039
S214030DE019FB012804D0636C1D44013B3340ED1A04
S214030DF031462046FFF791FF0646A36AB342E0D189
S214030E00DBE70025F9E708B508301346D1E90012F9
S214030E10D8F79AFE012008BD13B50C4600212176AB
S214030E200093616813462246D7F788FA18B1E37D24
S214030E3003B1A07EA075A07D02B010BD73B51646A3
S214030E4000F108050C46284609680DF1070200F074
S214030E5098F9032E06D16368834203D12846216896
S214030E6000F076F9012002B070BDD01E009B42420E
S214030E704241187E824211D11A688A420ED85A68B5
S214030E808A420BD35A6901325A61D3E9030282427A
S214030E903FBF986840F8221001321A61012070475C
S214030EA010B5032A029C07D1A26A5340626C5242D1
S214030EB0134201D100F04CF9012010BD08B5C368F8
S214030EC000209847BDE80840D8F7C0BE012814BFE5
S214030ED00420022070B5002442431C70CC7D101DF4
S214030EE002F002024CB91AB1012220F003001A7074
S214030EF000F108034868184470BD1AB1012220F0B7
S214030F0003001A7000230C7E01F12005DAB2A24218
S214030F1001D30020F0E735F833205E1C824206D961
S214030F2001EBC30300F10802D8691044E4E7334633
S214030F30801AEBE773B5054690F842601C463046C8
S214030F400DF10303FFF7C2FFEB6B012E5B690DD1B7
S214030F50324601A998479DF8033013B1BDF8063011
S214030F600193BDF80430236002B070BD0122214610
S214030F7002B0BDE870401847F0B50546002448683F
S214030F80EB6B87B00E4601225B69029402A9083018
S214030F909847274695F84230012B40F0AC80632CE7
S214030FA000F2AB80612C08D805AB224631462846B2
S214030FB0FFF7C0FF9DF814305BB305AB22463146FE
S214030FC028468DF81070FFF7B5FF95F84230012BD1
S214030FD0059B7FD14FF6FF72934256D0082205A990
S214030FE004A800F063FA059B9DF81010C3F30722CC
S214030FF091424AD1DBB2029A1A44029245E0DCD00F
S21403100005AB224631462846FFF794FFBDF8143059
S214031010D2E795F84230012B39D1612C2ED82246DF
S2140310203146284603ABFFF785FF3146284604AB17
S214031030621CFFF77FFF3146284605ABA21CFFF76D
S21403104079FF102208230DEB02010DF107008DF83E
S214031050073000F02BFA102205A90DF1070000F067
S21403106025FA039BDAB24AB99DF80720B2EB132F91
S21403107004D1DDE9043203EB0243029395F84230D0
S214031080012B14BF012302231C44013482E7302CB6
S214031090F4D822463146284603ABFFF74BFF3146CA
S2140310A0284604AB621CFFF745FF102320220DEBF6
S2140310B003010DF107008DF8073000F0F7F9039BE5
S2140310C09AB2002ADAD19DF80720B2EB134FD5D196
S2140310D0049BD2E70133D8D0102205A90DEB0200FA
S2140310E000F0E4F9059B9DF81010C3F30742914204
S2140310F0CBD19BB27FE7312C81D9029807B0F0BDE4
S21403110013B500240194049C0094D7F7F3FD02B0B2
S21403111010BD13B501240194049C0094D7F7EAFD8F
S21403112002B010BD00234FF0FF3230B544689C4236
S21403113002D10023037230BD016801EBC30541F8F9
S21403114033206A600133F2E7C0E90012FFF7EABF13
S2140311500023F0B545689D4210D00468DF0054F8BC
S214031160332004EBC306B2F1FF3F08D0C2F31302E9
S214031170914204D14FF0FF33E3517360F0BD013366
S214031180E9E70023F0B545689D4202D14FF0FF30F2
S2140311900EE00468DE0054F83340671C09D0C4F33D
S2140311A01307B94205D1240D1470036833445868F5
S2140311B0F0BD0133E8E7704770B594002246054654
S2140311C00E4609F08DFE431C0AD058B92246314616
S2140311D02846EAF77DFE002814BF3D20002070BD98
S2140311E06E20FCE77120FAE713B5044601A8D9F789
S2140311F0ABFD9DF8063023804FF480736380D9F7E8
S214031200B1FD6060002002B010BDD9F721BD08B55E
S214031210D9F712FD002008BD10B5044644EA0103C1
S21403122013F00303084609D1934201D1002010BDF1
S21403123054F8231040F823100133F5E721469200B3
S214031240EAF78AFCF2E710B5044609F045FE431CAC
S21403125010D088B9D9F786FD234620F00300204432
S214031260984201D1002010BD53F8042B0132F7D069
S2140312703E20F8E76E20F6E77120F4E7704713B5D3
S2140312800023044601461B220DF107008DF80730A4
S21403129000F00CF922689DF80730B3EBD26F0CBF51
S2140312A00120002002B010BD13B5002304460146FA
S2140312B020220DF107008DF8073000F0F7F80DF146
S2140312C007001A22211D00F0F1F862689DF8073026
S2140312D0B3EB926F0CBF0120002002B010BD006874
S2140312E0431C584258417047006810F07E0F0CBFED
S2140312F0C0F3C160002070470068C0F3D310704786
S214031300006800F07F0001288CBF00200120704792
S214031310036813F07E0F14BF042008207047036889
S21403132013F07E0F03D1406820F07C40704713F023
S21403133078001CBF03F07F03D81F7047006800F0D7
S2140313407F007047032809D0022803D1C1F10201A8
S214031350C8B2704700290CBF07200020704737B576
S214031360054601F10C044369694601222046984765
S214031370BDF80030012201932046AB6901A99847C6
S21403138003B030BD37B501F10C0443690122694649
S2140313900546204698474FF6FF72009B99B2914246
S2140313A00DD16FF30F0343F4254343F0A5030193D5
S2140313B001222046AB6901A9984703B030BD00203F
S2140313C0FBE737B5044600251B22011D0DF1070078
S2140313D08DF8075000F06AF860689DF80720B2EBB6
S2140313E0D06F03D120F0784003B030BD0DF1070075
S2140313F01B2204F108018DF8075000F057F8A06887
S2140314009DF80730B3EBD06F01D1C043EAE74FF046
S214031410FF30E9E74BF29A22036810B5B2EB134F9D
S214031420044613D19BB2012B13D1FFF7CAFF013039
S2140314300CD04FF6FF72E068B2EB104F4FEA104342
S21403144009D180B2C01A18BF012010BD236801332A
S21403145003D00420F9E70220F7E70320F5E7012885
S2140314608CBF002001207047033801288CBF002062
S21403147001207047143070472DE9F0410546984621
S214031480036908460E4617469847044638B9434646
S2140314903A4631462846D8F749FC044618B1314641
S2140314A02846FFF75CFF2046BDE8F0811F2A0B683D
S2140314B09EBF4FF0FF3191408B43590801F05531E1
S2140314C05B1A03F033319B0803F033330B44017884
S2140314D003EB13130A444FF0013103F00F334B436E
S2140314E0A2EB13620270704708B507F05BFBBDE81A
S2140314F008400021D8F724BD02210320D8F71EBFD9
S214031500704770477047704770B5054614460E46D9
S21403151009F0D1F92B685C4034405C402C60BDE890
S214031520704009F0C3B910B5002422B1032A0CD0C9
S2140315300360047110BD11F4000218BF4FF07F4220
S21403154021F07F4313430C0EF2E721F0FF03CCB2E6
S214031550EEE730B5012400F5805345685C60CB7830
S2140315604A785B0443EA02230A7813438A78120410
S21403157002F480321343C0F89830EB075CBF00F5E3
S2140315800050446030BD70B501260C46054600F594
S21403159000535E600B78497803F0070343EAC10300
S2140315A0E17843EA0123A178090101F030010B43F6
S2140315B00367C36AA17923F48B3323F4807343EA66
S2140315C001432179090201F4E0610B4361790903C0
S2140315D001F480510B43C3621146FFF7BAFF05F5CA
S2140315E080535E60E37903B1EE6070BD08B50A6FA1
S2140315F0C96F02F00702FFF796FF08BD13B504464E
S21403160001A8D9F7A1FB042C04D8DFE804F00616DA
S21403161003101300002002B010BD40F29C4040F2BD
S214031620BA439DF80520012A08BF1846F3E740F69B
S214031630B830F0E74FF41660EDE740F2E240EAE731
S2140316404FF050234FF400321A6770474FF0B04301
S2140316505A6812B19A6A002AFAD1704770B50546DD
S21403166014460E4609F027F92B685C4034405C406C
S2140316702C60BDE8704009F019B90122417803785F
S2140316808A4030214B4342F2100103F1A04303F595
S21403169070335A50704721FA00F2D20730B503462A
S2140316A000F0FC040FD500220132D2B2042A02D184
S2140316B04FF0FF3008E0831803F00303234421FAB6
S2140316C003F5ED07F0D4184630BD00207047002020
S2140316D070470020704700207047012070470120A4
S2140316E070470F207047EBF70DB9002307B5CDE918
S2140316F00033012369464FF0FF308DF8023004F0C3
S21403170058FB03B05DF804FB0020704710B508B91A
S214031710212010BD0029FBD0036813F0704205D1C9
S214031720C3F30E030B607BB10020F2E703F05044D3
S214031730B4F1004F05D0B2F1304F02D0B2F1404FB2
S214031740E6D103F07F03EDE74368002BE0D00B60A0
S214031750EAE737B50C46054610B9212003B030BD7D
S2140317600029FAD0002301A90193FFF7CFFF002831
S214031770F4D12968019A11F0704102F1030222F0B4
S214031780030201D12260E9E7AD68B1F1004FC5F36A
S2140317908033C5F3403504D103EB4503534323603D
S2140317A0DCE7B1F1204F01D12B44F7E7B1F1304F1D
S2140317B0FAD0B1F1404FF7D0CFE737B50C46054620
S2140317C0002800F08780002900F0848000230B6047
S2140317D0036803F070430B60C26822B1032A79D111
S2140317E043F080630B60AB689A0149D403F08073BF
S2140317F0EA680AB9002B6DD1226822F040721343BF
S2140318002360EA68032A05D12A69F62A62D962F3B5
S21403181017432360AB681B0442BF236843F40043AB
S2140318202360EB68032B1FBF23682A6862F30E034B
S21403183023602B68AA68002B2ADB12F4C84F49D111
S2140318402B6803F0704303F10043B3F1804F05D2D6
S214031850530542BF236843F480632360002328466E
S21403186001A90193FFF752FF40B92B6813F07042AA
S2140318701FD12368019A62F30E03236003B030BDC1
S21403188003F04073B3F1407F18BF4FF00073AFE728
S214031890500402F4005105D4E1B1236843F4005325
S2140318A02360CDE7236843F4804323600029C7D031
S2140318B0F3E703F05043B3F1004F05D0B2F1304FD6
S2140318C002D0B2F1404F05D1019B5A1E236862F342
S2140318D00603D2E72120D1E738B131B101234B60AB
S2140318E04FF0005300208B6070472120704737B5B8
S2140318F00C46054608B9212016E00029FBD0012333
S2140319004B60C368A3B901A90193FFF722FF58B937
S214031910019B6A699A4209D32A69002AEBD022609E
S21403192043F000530020A36003B030BD1D20FBE747
S214031930032BE0D10023F5E7436813B941607047F2
S2140319405B685A68012AFBD159607047FFF7DCBE13
S21403195008B5FFF7D9FE002814BF6FF092000020E9
S21403196008BD1346428870B50732072A0C464FEA6D
S214031970D20101D0A14222D146680588202218460A
S2140319800021E9F759FF360A0346DEB9BCB141F236
S2140319900102954205D0B5F5885F02D0B5F5905F94
S2140319A002D100205C6070BDB5F5105F0DD1182C18
S2140319B003D0202C01D0102C01D11C60F1E76FF06E
S2140319C08600F0E76FF08B00EDE76FF08500EAE73F
S2140319D0F0B51C46436806461B0A0F46154689B0F3
S2140319E035D122462946FFF7BCFF68B9EB1C23F026
S2140319F00303C4E90307636145B920220021204697
S214031A00E9F71AFF6FF0860009B0F0BD0146202201
S214031A106846E9F711FF6A4629463046FFF7A1FFF5
S214031A200028EAD12368009A9A42E6D16368019AAD
S214031A309A42E2D1A368029A9A42DED1A369069A31
S214031A409A42DAD1E369079A9A42DDD0D5E76FF076
S214031A508B00D9E7D9F7C0BCD9F7DABD70470020A9
S214031A60704700207047C3681944836853F8210001
S214031A7030F8023B13607047012310B580F88830B6
S214031A800378044653B100F061FA21462046D9F79D
S214031A90B1FE2046BDE8104000F04DBA10BD38B583
S214031AA00D460446D9F78EFE6B682046C4F8B0325E
S214031AB0A96800F096F94FF0FF332046C4F8B43215
S214031AC0FFF7CDFF38BDD0F8B43210B50133044666
S214031AD001D0002010BD00F0BCFAC4F8B4020130F7
S214031AE0F7D194F8B80280F00100F3E708B5D9F708
S214031AF0A5FE08BD0A7801382D2A0ABF0122002256
S214031B008918D9F7F7BE07281BD8DFE800F0060ABE
S214031B100D10131504170120704700220820D9F76B
S214031B20E9BE00221020FAE700222020F7E708206B
S214031B30FFF7E0BF1020FBE72020F9E70846D9F7B8
S214031B403BBF002070472DE9F74307280C46DDE925
S214031B500A7690461D4608D8013806280AD8DFE8D4
S214031B6000F01D27303A44574A00212850D003B0CE
S214031B70BDE8F083002220461146E9F729FE3368C4
S214031B80C0B205EB83013A6845F82300013348F8F1
S214031B90221033603B6801333B60E8E700222046AF
S214031BA01146E9F715FE336880B205EB8301EAE7D1
S214031BB0002220461146E9F70BFE336805EB830146
S214031BC0E1E7002220461146E9F7B0FF336840B24A
S214031BD005EB8301D7E7002220461146E9F7A6FF67
S214031BE0336800B205EB8301CDE700222046114699
S214031BF0E9F79CFFE1E7002389461E461D468DF85C
S214031C00063019F8013F7D2B06D125702D0A657025
S214031C103B6848F82340BDE7202BF2D006F00102CC
S214031C20013612B98DF80430EBE71022002101A823
S214031C308DF80530E9F77AFF631901359870ADB270
S214031C40DFE72DE9F04F9B46002385B08B458146A1
S214031C5088469246CDE902336BDC1A461E4619F8CF
S214031C600340212C09D81F2C04D8103C072C98BFFE
S214031C70012200E001260133F1E7FF2CFBD15B4490
S214031C8036B1013B43450ADD2B2005B0BDE8F08F96
S214031C9062B1013B4345F7DC3546374602E0002593
S214031CA02F462E46454504DB0020EEE79845F3D045
S214031CB0EAE75D453BDB19F80730202B18D109EB23
S214031CC007035B78FF2BDFD1CEB920465AF82510E1
S214031CD0FFF719FF78B303AB019302AB00932046DB
S214031CE0DDE90E235AF82510FFF72DFF0135D9E756
S214031CF0212B0ED109EB07035B78FF2BC4D1029B84
S214031D005AF825200E99012641F823200133029321
S214031D10ECE7A3F11004072C02D91C460137D3E7DE
S214031D2009EB07035B78FF2BAED1E4B2CCE70624BE
S214031D30CAE72120A9E72620A7E72DE9F04F0746A3
S214031D400E4615469846044685B0DDF84490DDE910
S214031D500FAB206808B3DAF80020D8F800108A42E0
S214031D601BDA0E9B53F82210D6F7C6F848BBDAF8F0
S214031D7000200132CAF800206268117BFE291BD1BD
S214031D800E9B1068012100932A464346CDE902B90B
S214031D90CDF804A0FFF7D1FF04462B7843B999F892
S214031DA000302BB97EB101233C4689F800302B70F6
S214031DB0204605B0BDE8F08F01238BF800302B706A
S214031DC0EBE70C34C5E73446F2E710B50446236860
S214031DD003B910BD237A13B92046D9F723FE0C3472
S214031DE0F5E710B541B10A7932B901249C300C717C
S214031DF0FEF73DFE204610BD0020FCE72DE9F0412E
S214031E00BAB005460AAA084603A900F05FF90446D5
S214031E10B0B90DF10A0301930DF10B038DF80A0017
S214031E2000930AAA284604AB03A9D9F7ABFF9DF88B
S214031E300A20B2B19DF80B2048B12AB1D9F7F2FDBA
S214031E4020463AB0BDE8F081FFF7BFFFF8E7D5F8C4
S214031E509C50002DF4D0A86808B1FFF7B6FF2D6894
S214031E60F7E700B346681AAB06F10C082AAF0193EE
S214031E704046049B039900970AAAFFF7E2FE04462E
S214031E800028DDD1039B05A8CDE90637049B0595FD
S214031E90CDE90838DBF73EFA05A83368984705A866
S214031EA000F03FFDCCE72D24CAE710B50446AC305E
S214031EB0E9F7BEFB04F1AB031A180020934200D1E6
S214031EC010BD13F8011F0029FAD00A2908BF0130F4
S214031ED0F4E70023F0B50B6013600646D0F8AC02B7
S214031EE078B196F8AC0060B1012406F1AC07D6F8D9
S214031EF0AC02844210D306F1AC00B3F5007F10D3D6
S214031F000120F0BD0D6801350D60156801351560BB
S214031F10F85C01330A2802D0B3F5007FF2D301340C
S214031F20E5E7C15C0A29EBD00029E9D01168013343
S214031F3001311160E1E710B50021D0F88C2004468A
S214031F40E9F77AFC0023C4E9243310BD73B50446CD
S214031F5000F1AC0580212046FEF79EFD4FF400718C
S214031F6006462846FEF798FD0136C0F50070864201
S214031F7020461FD8E9F75CFB06462846E9F758FBD8
S214031F8001362946421CA819E9F7A8FC2046E9F7BA
S214031F904FFB214602462846E9F7DEFD2046E9F7D1
S214031FA047FB0A23204480F8AC300023C4F8AC3245
S214031FB002B070BDFFF779FF01AAC4F8AC02694608
S214031FC02046FFF786FF0022009B234483F8AC20BD
S214031FD0C0E773B50D460446FFF767FF6B1C19D1C0
S214031FE0D4F8AC3213B1013BC4F8AC32002520461A
S214031FF0E9F71EFBA84215D82046FFF79CFFD4F846
S214032000AC322BB16946204601AAFFF762FFA0B99E
S21403201002B070BD012DFBD1D4F8AC328342F7D2A7
S2140320200133E1E7082000F023F8202000F020F831
S214032030082000F01DF80135D9E7009D04F1AC0631
S214032040019BAB42E4D9715D2046D9F7C9FF013540
S214032050F6E707B500200DF1070100F0E7F820B911
S2140320609DF8070003B05DF804FB4FF0FF30F9E777
S21403207010B5C1B20446002000F0C8F800280CBF13
S21403208020464FF0FF3010BD0FB407B504AA52F830
S214032090041B00200192DAF73FF9002003B05DF835
S2140320A004EB04B0704710B54C1C0B460119045DD5
S2140320B0222C03D07B2C01D05C2C05D1D21A1844D9
S2140320C0E9F70CFC012010BD0020FCE72DE9F047E2
S2140320D0054691468846E9F7ABFA2A46064613466E
S2140320E0197801322029FAD0C9F800305C1B012385
S2140320F06FF0404AC8F80030A64201D8002014E02A
S2140321002F5D29197B2F12D0222F2ED1D8F800301D
S214032110621C53442A4449F82320012C09D911F898
S214032120013C13F0DF0F04D02120BDE8F0877D27A4
S214032130F3E701342B5DBB4209D12B195B7813F00F
S214032140DF03F1D1222F00D12B550134D4E75C2BCA
S21403215007D1324621462846FFF7A5FF0028E3D0DD
S214032160013E0134A642E5D8DEE75C2F08D13246AD
S21403217021462846FFF797FF0028D5D0013EE4E71F
S214032180202FE2D10022631CB3420A70DDD2EA1884
S214032190EB5C202BD9D0D8F800300F2B05DC49F8A0
S2140321A023200133C8F80030CFE71E20BDE700F038
S2140321B000B800207047D5F78DBE70B50C4615469F
S2140321C010B9DAF79DF838B143682BB12A46214691
S2140321D0BDE8704000681847232070BDF7B50D466C
S2140321E016461C4638B9DAF78BF804B901AC20B9A1
S2140321F0232003B0F0BD03B901ACC768002FF7D0A6
S2140322002346324629460068B847F2E707B5012257
S2140322108DF807100DF10701FFF7CFFF03B05DF848
S21403222004FB0B4601461846FFF7F0BF00230122C6
S214032230FFF7D4BF08B508F039FCFA23B0FBF3F078
S21403224080B208BD0420704740F20160DAF74EB949
S2140322507047012070470020704749BA89B280EA68
S2140322600103C3F303125340180380B258405B01C3
S21403227003F4FF535840704708B5DAF703FD58B127
S214032280A0F15903042B06D8042B04D8DFE803F087
S2140322900404040304005C2008BDDAF74BBE704751
S2140322A0F8B50C468D18073552421540A5F10807B8
S2140322B00646384600F0DFF9A188381B628801EB32
S2140322C0E00189B2A2EBE00225F8041C25F8062CEF
S2140322D0A288C310AAB1A4EBC202B2F802C0D1808E
S2140322E003EB0C015180E28892B1D31A9BB204EB44
S2140322F0C20425F8023CA380B3680344B36038469F
S214032300F8BD15F8082C42F0020205F8082CEAE797
S21403231025F8022CF0E72DE9F04F4FF0000887B0C0
S2140323209946531C109B0546174614BF14460824AB
S214032330CDF81480002B00F0C580C3F80080002978
S21403234000F0C28042688A4240F2BE80073121F024
S214032350070608F0BDFA05AACDE9008282463A468A
S2140323604B463146284600F08AF9059F834607B157
S21403237030B9504608F0A7FA192007B0BDE8F08F29
S214032380B7F8028029694FEAC802C0EBC8080139CA
S214032390B8F1270F29617AD9B9F1000F51D18642D6
S2140323A006F1080848D0224639462846FFF778FF44
S2140323B004460590059B9844404600F05CF9059951
S2140323C006F10F004A88C308A2EBD002A8F8022041
S2140323D0CA88A8F80430002A30D0D31A9BB201EB7F
S2140323E0C202A8F8063093808B88F608A380B8F854
S2140323F004303A46E380414600232846668000F0D0
S214032400A6F9AB680833AB60237843F00103237067
S2140324102B6901332B616288AB68504603EBC2031A
S214032420EA68AB60934288BFEB6008F04CFA109BF7
S214032430083400201C60A0E73C46BBE7A8F806204B
S214032440D2E707EB08042046039200F014F90BF1D9
S2140324500703DB080599638008F10703DB08A380FD
S214032460CB8893B1DB00039AD81D821A5A44C2F371
S214032470CF020B44E2809A80A38808F1FF384FEA24
S214032480D808A1F80280CB80BBE7E380F4E7B9F174
S214032490010F1BD107F10803B3FBF4F204FB12335D
S2140324A0B3B1224639462846FFF7FAFE0446237898
S2140324B03A4643F00103237021460123284600F0E1
S2140324C046F9A8E7222058E7212056E78642E8D1B6
S2140324D03C46ECE707B500224FF0FF3101AB019213
S2140324E0DAF788F9019803B05DF804FB2DE9F74F96
S2140324F004460D46002900F0AB80D0E9056808F0D5
S214032500E7F915F8087C35F8061CFB07009000D59C
S21403251031B9009808F0D7F9012003B0BDE8F08F71
S214032520A368D4F8109035F804ECA3EBC10B09F1BB
S2140325300103A5F1080C4A1CC4F808B02361BEF1D8
S214032540000F7BD0ACEBCE03D888B3F802A0019083
S214032550187807F00207C00765D4002F64D10198E6
S214032560A0EB0A07012F69D18A1CABF10807524476
S214032570C4F81090A76035F802ECBEF1000F61D0E6
S214032580D4E900700CEBCE0A07EB0009CA4559D212
S2140325901CF83EC057461CF0010C15D1AEEB0101EA
S2140325A0012911D1BAF80210AAF802C001310A446F
S2140325B0BAF80610002943D00AEBC107216901398E
S2140325C02161A1680839A16015F8081C013A21F0B9
S2140325D0010105F8081C002125F8061C5A801A7804
S2140325E061F300021A707FB3C3F107023A44C2F3E1
S2140325F0CF02DA80BA804EB3B34227D37288002A5A
S21403260008BF1E46B8F1000F06D0434504D8B8F8F5
S2140326100220002A18BF43460098C4E9056308F061
S21403262052F9002079E74FB115F8087C724427F079
S214032630020705F8087C00279F809CE763469AE715
S2140326400F46BBE70027BFE7DF80D4E71E46D9E780
S214032650222062E710B50446DAF7E4F82146BDE81F
S2140326601040FFF743BFFFF7F5BF0846FFF732BF3B
S2140326700846FFF7F8BF0023036043607047F0B5D2
S214032680D0E90554561C08BF0822002B4FF0000063
S21403269008BF2C46DDF818C0CCF80000002C37D055
S2140326A09DF814706588FF0007EBC505C2F1000EA0
S2140326B02078C00708D51BBBE088A0B104EBC00494
S2140326C0658807EBC505F3E78D42F4D363B904F1D8
S2140326D00806B6FBF2F002FB106670180EB1A842AD
S2140326E0EAD8CCF80040F0BD082A0FD06088013045
S2140326F004EBC000461A06EA0E06801B8542F0D29B
S214032700A0880028EFD0A4EBC004D9E70846E8E782
S2140327102046E8E703460069C0B10AB951B91A680A
S21403272010460378DB0711D531B9C3885BB100EBDC
S214032730C300F6E79A69F3E7012904D1838823B136
S214032740A0EBC300EDE700207047184670472DE95D
S214032750F041D0E90554074688461646ABB1954284
S21403276000D00ABB424600213846FFF7D3FFB442E7
S214032770054600D02EB9424601213846FFF7CAFF68
S2140327800446C7E90554BDE8F081954208D08D425A
S21403279028BF0D46B44205D0444538BF4446F0E74B
S2140327A00D46F7E74446ECE79442EAD1E3E770B513
S2140327B000261C46C3E90001C3E90266C3E9050017
S2140327C01E611A775E62FFF756FF23690139C9084F
S2140327D0013341802361A36830460833A360E3686E
S2140327E00833E36070BD002307B5684600938DF891
S2140327F00430D7F793FF03B05DF804FB10B508F079
S2140328005AF8044606F060FA2046BDE8104008F081
S2140328104DB870474FF4C870DAF764B8DAF716B9EC
S21403282000F01CB87047704708B503F001F903F0D1
S21403283009F903F010F903F01FF9BDE8084003F0A7
S2140328402EB9704708B503F0EEF803F0EDF803F081
S214032850ECF803F0ECF8FFF7F4FF08BD08B503F057
S2140328601FF903F01EF903F01EF9BDE8084003F054
S21403287021B97047012070472DE9F34112F0010595
S2140328800446884622D110F0030525D12F46520868
S214032890BA4209D1D8F7D0F90026B74204EB86002E
S2140328A008D1D8F7D5F911E054F8273001330CD105
S2140328B00137EDE7042258F826300DEB02010193A9
S2140328C008F00EFB30B1D8F7C3F93D25284602B011
S2140328D0BDE8F0810136E0E70125F7E77047B0F180
S2140328E0006F0FD300F07843B3F1006F0CD000F005
S2140328F06040B0F1404F09D0B0F1604F14BF0420E0
S214032900032070470020704701207047022070475D
S214032910002070471AB111B180B2DAF70BBB212041
S214032920704701F056BEE3F735BCFFF78DBCD0E920
S214032930023253F8223000211878E3F77DB8704747
S21403294002F08CB901F0DABDC3688268013BDBB2E2
S21403295052F823305B78652B02D10020E5F7BCBB29
S2140329606E2B01D10120F9E7662B01D10220F5E792
S214032970704710B5D0E90232044653F8223018786F
S21403298002F046FAE368A268013352F82330BDE842
S2140329901040187802F03ABA10B50446C0B2DBF716
S2140329A097FC200ABDE81040DBF792BCD0E9023260
S2140329B053F822301878DBF793BD02F0E1B9E4F759
S2140329C089B808B501F0B8FEBDE80840E5F772BA65
S2140329D0D0E9023253F82230186801F0ABBE00206B
S2140329E0E5F76EBB0120E5F76BBB0221DBF70EBDF7
S2140329F00321DBF70BBD0521DBF708BD08B5014650
S214032A000C20DBF7DFFCBDE80840DBF76DBC08B540
S214032A1001460020DBF7D6FCBDE80840DBF764BCC4
S214032A2007B5C2688368043253F8223001211B8835
S214032A300DF10602ADF806300023DCF76BFA03B09F
S214032A405DF804FB08B508F045F8BDE80840F1F763
S214032A50EFBC10B51446DCF779FD2146BDE81040FF
S214032A6007F0D6BD08B5DCF771FDBDE808400021C8
S214032A7007F0CEBD08B5DCF769FDBDE80840F1F701
S214032A800DB908B5DCF762FDBDE8084008F085B966
S214032A9008B5DCF75BFDBDE80840F1F7EBB8704717
S214032AA0704708B508F016F8FFF7FAFF03F065F865
S214032AB0BDE80840DCF796BD70470120704701204B
S214032AC0704708B5DCF72AFE00280CBF0420012057
S214032AD008BD70472DE9F34104460D4616461F46CA
S214032AE0DDF8208008F08EF83B463246294620461D
S214032AF0CDF8008003F043F83B463246294620468D
S214032B00CDF80080FFF7E5FF02B0BDE8F04101F025
S214032B1060BD2DE9FF4704460D4616461F46BDF821
S214032B2030809DF83490DDF838A008F06BF83B460B
S214032B30324629462046CDE9019ACDF8008000F0BA
S214032B40FDFF04B0BDE8F04701F043BD704708B58C
S214032B5008F058F803F016F8FFF7F8FFBDE808404A
S214032B6001F037BD012070472DE9F74304460D46B3
S214032B7016461F469DF8289008F044F83B46324612
S214032B8029462046CDF80090FFF7ECFF80463B46EB
S214032B90324629462046CDF8009002F0F4FF01F0B5
S214032BA018FD404603B0BDE8F083012070472DE9C9
S214032BB0F74304460D4616461F469DF8289008F030
S214032BC021F83B46324629462046CDF80090FFF7CB
S214032BD0ECFF80463B46324629462046CDF8009019
S214032BE002F0D2FF01F0F5FC404603B0BDE8F083E7
S214032BF0F8B504460D4616461F4608F003F83B464E
S214032C0032462946204602F0C0FFBDE8F84001F0F0
S214032C10E0BC00207047F8B504460D46164607F09C
S214032C20F1FF324629462046FFF7F3FF07463246B2
S214032C302946204602F0AAFF01F0CBFC3846F8BD31
S214032C4038B504460D4607F0DDFF2946204602F058
S214032C509EFFBDE8384001F0BCBC10B5044607F043
S214032C60D1FF204602F094FF2046FDF76FFBBDE838
S214032C70104001F0AEBC704738B504460D4607F069
S214032C80C1FF2946204602F095FF29462046FFF756
S214032C90F2FFBDE8384001F09CBC704770B50446AF
S214032CA00D46164607F0AEFF32462946204602F08A
S214032CB083FF324629462046FFF7EFFFBDE8704004
S214032CC001F087BC704738B504460D4607F09AFFF7
S214032CD02946204602F072FF29462046FFF7F2FFF8
S214032CE0BDE8384001F075BC704738B5054607F0B7
S214032CF089FF284600F0EFFE04460146284601F009
S214032D00ABFF01F066FC204638BD38B504460D46D9
S214032D1002F056FF29462046FFF7E6FF38BD704708
S214032D2038B5054607F06EFF2846E3F7DFF9044695
S214032D300146284601F08EFF01F04BFC204638BDC5
S214032D4038B504460D4602F03CFF29462046FFF7F9
S214032D50E6FF38BD704710B5044607F053FF20461C
S214032D6002F030FF2046FFF7F5FFBDE8104001F004
S214032D7030BC704738B504460D4607F043FF294676
S214032D80204602F021FF29462046FFF7F2FFBDE862
S214032D90384001F01EBC704770B504460D46164613
S214032DA007F030FF32462946204602F00EFF324631
S214032DB029462046FFF7EFFFBDE8704001F009BC47
S214032DC0704738B504460D4607F01CFF29462046D3
S214032DD002F0FCFE29462046FFF7F2FFBDE8384026
S214032DE001F0F7BB704738B504460D4607F00AFFF7
S214032DF02946204602F0EBFE29462046FFF7F2FF5F
S214032E00BDE8384001F0E5BB704710B5044607F04F
S214032E10F9FE204602F0DCFE2046FFF7F5FFBDE88C
S214032E20104001F0D6BB704710B5044607F0EAFE23
S214032E30204602F0CEFE2046FFF7F5FFBDE8104021
S214032E4001F0C7BB7047704770B504460D4616467B
S214032E5007F0D8FE32462946204602F0BDFE32462B
S214032E6029462046FFF7EFFFBDE8704001F0B1BBEF
S214032E70704710B5044607F0C5FE204602F0ADFEC7
S214032E802046FFF7F5FFBDE8104001F0A2BB7047F0
S214032E9038B504460D4607F0B5FE2946204602F02F
S214032EA09DFE29462046FFF7F2FFBDE8384001F0B5
S214032EB090BB704770B504460D46164607F0A2FE53
S214032EC032462946204602F08BFE324629462046E5
S214032ED0FFF7EFFFBDE8704001F07BBB70472DE9BD
S214032EE0F34104460D4616461F46DDF8208007F0DC
S214032EF089FE3B46324629462046CDF8008002F03E
S214032F0070FE3B46324629462046CDF80080FFF742
S214032F10E5FF02B0BDE8F04101F05BBB0E20704751
S214032F200E20704738B5044607F06CFE2046FFF7C0
S214032F30F7FF0546204602F055FE2046FFF7EEFF54
S214032F4001F047FB284638BD002070470020704735
S214032F5038B5044607F056FE2046FFF7F7FF05464A
S214032F60204602F040FE2046FFF7EEFF01F031FB5D
S214032F70284638BD704708B507F044FE02F034FE15
S214032F80FFF7F8FFBDE8084001F023BB00207047B9
S214032F907047704708B5DCF793FC00280CBF042085
S214032FA0012008BD70470B68DA7B1AB9DB7C0BB9C6
S214032FB0DCF7AABC8120704708B5DCF7BDFCBDE88A
S214032FC00840DCF7C7BC7047DCF7B6BCDCF7C2BC0E
S214032FD0082808D84FF48B73C34013F0010F0CBFB7
S214032FE0212000207047212070470121DCF7A4BD73
S214032FF00221DCF7A1BD0421DCF79EBD0821DCF726
S2140330009BBD1021DCF798BD08B500F026F808B183
S214033010002008BDDCF7E0FD0028F9D1DCF7EEFD63
S2140330200120F6E7152808B503D1BDE80840DCF70C
S214033030D9BD01F089FE60B9E2F7ACFB032806D1DF
S21403304000F009F828B9BDE80840FFF7DDBF0028FF
S214033050EBD008BD7047002070470020704708B5C6
S214033060DCF7B2FFFA23B0FBF3F008BD0321DCF76D
S214033070DBBF01207047D0E9023253F822301878BC
S214033080DDF7DAB90868C37B1BB9C37C0BB9DDF778
S21403309003BA81207047D0E9023253F822301878F9
S2140330A0DDF73CBA704730B50546044615F8100BF5
S2140330B085B0029565691D44CDE900250B46A21D22
S2140330C0618801F023FE05B030BD704710B492F856
S2140330D00A4192F8053103EB04230B8100235DF8C4
S2140330E0044B1A4601F010BE1FB50446084671B1DC
S2140330F02178FF290BD0238B029363690193237CEA
S21403310000936288A31DE3F70DF8FF23237004B032
S21403311010BD0868C37B73B9C37C032B0BD8DFE8E9
S21403312003F002080406DDF7F9BCDDF729BDDDF779
S21403313059BDDDF707BD81207047704770470020F3
S2140331407047137810B5032B0CD15479CBB29C423D
S21403315008D19379B3EB112F04D153781B1A584235
S214033160584110BD0020FCE77FB505460E460024F7
S2140331706946E0B201F076FD28B96A46314628462C
S214033180FFF7DFFF18B90134202CF1D1002004B07B
S21403319070BDFFF7E9BF0868C37B9BB9C37C052BEB
S2140331A010D8DFE803F0030D070B0905DDF7BEBDF6
S2140331B0DDF7FABFDDF754BEDDF7A6BFDDF724BFA4
S2140331C0DDF7F6BD812070470020704730B5102527
S2140331D087B001AA00210195FEF745FC04462A465E
S2140331E0002102A8E8F728FB2A46214602A8E8F7AA
S2140331F075FB012102A8DEF7B5F907B030BDDEF78F
S21403320043B97047FFF7FDBF0B68DA7B5AB9DB7C1F
S214033210012B04D0022B04D02BB9DEF7C7BDDEF793
S214033220D1BDDEF7DBBD81207047002307B5012142
S21403323001A80193D4F7A6FC08B9D4F7DFFA012056
S21403324003B05DF804FB08B502F030FA052803D096
S214033250003818BF012008BD0220FCE77047D0E9FC
S214033260023253F822301878003818BF0120E0F7EE
S21403327035B9E0F739B9002070470020704770472A
S214033280FF207047FF2070470020704700207047DC
S21403329000207047704706207047DFF7DDBB0868DD
S2140332A0E0F7B6B870B50D46044600212846164624
S2140332B001F074F9324620800221284601F06EF9A7
S2140332C0324660800421284601F065F90023A36096
S2140332D0E3606060082070BD034641B181424FF051
S2140332E0640005D94343B3FBF1F0C0B27047084608
S2140332F07047E0F707B9E0F7FDBEE1F705B8B0F5AC
S214033300807F05D0A0F500735842584140017047AE
S2140333100820704730B599B00D4669461446E0F765
S21403332057FF30B915B1BDF802302B600CB10D9BB9
S214033330236019B030BD2DE9F04788B00E4690469D
S21403334004A905AA07461D46FFF7E4FF044638BB53
S21403335028800DF10C09DDE904A39A4520D2062244
S21403336051463846CDF8009006ABE0F74DFFD8B986
S214033370039B062B18D12A88DDF81A3042450ED255
S214033380BDF8181026F832102A8806EBC2025360DE
S2140333902A885344013206332A800493DBE7F7D99D
S2140333A0204608B0BDE8F0870124F9E72DE9F0438D
S2140333B08FB00F46904601A9002204469946FFF7B0
S2140333C0A9FF18B101200FB0BDE8F08306222046FE
S2140333D00DF1020302A9FFF7AEFF0028F2D105465E
S2140333E00246BDF80210019CEEB28E42EAD20EAB44
S2140333F003EBC60656F82C3C36F8306C0634BE4251
S21403340017BFE418012213460022013522B1C8F87B
S2140334100040C9F80030D6E71A46E5E770B5002441
S214033420012602F01DF9E5B2C26806FA05F59542D3
S214033430234604F10104F4D3D8B270BD70B586B048
S214033440E0F714FD00F11006E6F780F800240546C1
S214033450142201A9301902F00AF91CB99DF80430A8
S214033460FF2B16D0002303F118026A4412F8142C1B
S214033470FF2A06D11C44601E90FBF5F080B206B00E
S21403348070BD2B44DBB2132BEDD91434B4F5826F25
S214033490DED14FF0FF30F2E7E0F71EBB07B504229C
S2140334A00DEB020102F0E3F8019803B05DF804FBAC
S2140334B037B5054608460C46FFF7F0FFA84206D088
S2140334C0042220460DEB02010195E6F791F803B0BE
S2140334D030BD07B50B460092002102460120E0F7F7
S2140334E08DFB03B05DF804FB08B50121E0F7BEFAD7
S2140334F0BDE80840E6F728BAE0F7FCBD08B5FFF7D5
S214033500F3FF002008BD08B513460A4601461846D1
S214033510E0F708FC80F00100C0B208BD0020704749
S214033520704708B1E0F706BF704730B4DDE90245DF
S2140335301DB1029430BC00F0C6B930BC70471F28DA
S21403354004D8142200F5A030D9F7BEBD70471F2853
S21403355004D8142200F5A030D9F7E2BD7047152829
S21403356008B505D1FFF7DCFFBDE80840E1F728B84A
S21403357008BD10B5142486B02246002101A8E8F73A
S2140335805BF92023224601A94FF4A03001F078FC12
S21403359006B010BD0020704713B500230C461A462C
S2140335A00146CDE90033E0B2E1F7CEFD02B010BD2F
S2140335B013B500231446019001220093E0B2E1F70D
S2140335C0C3FD02B010BDD0E9023253F822301868AA
S2140335D0E1F732BF194491420ADC4218002003B9CE
S2140335E0704712F8011D013B01EB0020DBB2F6E742
S2140335F0002070472DE9F04F4FF0000A85B0019385
S21403360081460F4615465346019A11785FFA8AF2A9
S214033610914203D8002005B0BDE8F08F019909EB6D
S214033620050801EB4202517892F802B011F040040B
S214033630009101F03F061BD0AC19BC42D4BF002456
S214033640012433466400A20740F18880009B1B06D2
S21403365040F192800E9B324603EB0B000021E8F705
S214033660EBF83D4600231D44ADB20AF1010ACBE751
S214033670042E07D866B1B31E022B0BD8DFE803F07F
S214033680122130003E2E37D03F2E5BD03D2E4BD03E
S2140336900320C0E7BD4234BF002401240126640092
S2140336A03346D0E7AB1CBB4250DC02233A462946DE
S2140336B04846FFF78FFFADF80A0002230DF10A080C
S2140336C0C1E7EB1CBB4243DC03233A462946484684
S2140336D0FFF780FF0390042603230DF10C08B2E7DF
S2140336E02B1DBB4236DC04233A4629464846FFF7E1
S2140336F071FF03900423F0E77A1E95422CDA022327
S2140337003A4629464846FFF765FF4FF6FF7380B2F1
S21403371098420EBF0223023083B25C19A742B4BF9D
S2140337200324012404268EE7BD4215D298F8003000
S214033730FF2B0CBF01230133EC18BC42CCBF032480
S2140337400124EFE70124042600237CE73446B4E78C
S2140337500224C0E70224CDE70324E3E70E9A02EB34
S2140337600B0014B142F80B807DE7324641460093C6
S214033770E8F7F2F9009B76E702204CE710B514460B
S21403378086B018811A460A9B0291CDE903430123AA
S2140337900193099B014600930320BDF82030E1F70F
S2140337A00FFF06B010BD1FB500240294079C0194BA
S2140337B0BDF818400094FFF7E1FF04B010BD2DE9F3
S2140337C0F0410E461746054686B098B391B38AB3C2
S2140337D04FF0000802A95FFA88F001F043FA0446A6
S2140337E040B99DF80830032B08D008F10108B8F15A
S2140337F0200FEFD1204606B0BDE8F0819DF80920E2
S2140338002B799A42F1D1BDF80A206B889A42ECD103
S2140338109DF80C30BDF80D006B7128812B462246AF
S2140338204FF6FF71CDE90067FFF7BDFF0028DCD038
S2140338300446DFE72124DDE710B586B00A9C04942E
S2140338409DF824400394BDF8204002940124CDE95A
S214033850003413460A4601460620E1F7B1FE06B0D9
S21403386010BD1FB504460846194600230094CDE94B
S2140338700123079BBDF81820FFF7DEFF04B010BD39
S214033880F0B5022805460E4614461F468BB00AD1ED
S21403389006A9F0B201F0E6F998B99DF8193023713C
S2140338A09DF81C306371119B224604930023CDE9D7
S2140338B002330193109B3146009328463B46E1F7BB
S2140338C07FFE0BB0F0BD13B500240194049C009456
S2140338D0FFF7D6FF02B010BD2DE9F0450646884631
S2140338E014469A46002701258BB006A9F8B201F0C4
S2140338F0B9F920BB9DF81830012B19D19DF8192072
S21403390033799A4214D1BDF81A2073889A420FD19C
S2140339109DF81C3032467371B9B2CDE9030ACDE97E
S2140339200100434602200094E1F74AFE054610B91B
S2140339300137202FD9D128460BB0BDE8F0850546C0
S214033940F9E70023FFF7C8BF10B50446E2F716FCF5
S2140339500021631E04F10F0213F8010FFF2808BFAE
S21403396019709342F8D10023237410BD00207047CA
S21403397070B506461D46E2F775FA044608B92120D7
S21403398070BD3046E2F73CFD0028F8D0A0682A4612
S214033990FF21FFF75EF89DF81030002063719DF855
S2140339A01430A371ECE713B59DF81040CDE900344D
S2140339B013460122FFF7DCFF02B010BD08B5E2F79D
S2140339C051FA28B18068FF21FFF754F8002008BD9C
S2140339D02120FCE70122FFF7F1BF1FB50B466A461D
S2140339E00146184601F034F96A460823002032F8E7
S2140339F0021B013B13F0FF0380EA0100F7D1012805
S214033A0038BF012080B205B05DF804FB2DE9F04F06
S214033A1087B0DDE9109B05468846484619461F468B
S214033A201446BDF848609DF84CA0FFF7D6FF042D5A
S214033A300346ABF800001AD8022D1DD9042D07D073
S214033A404FF2F222A188914222D1E28891071FD534
S214033A50E17A0022CDE9013720463346CDE90392C9
S214033A60CDF800A001F043F907B0BDE8F08F6A1F58
S214033A70012A11D92120F7E700224146CDE9119208
S214033A8028462246109707B0BDE8F04F01F03EB92E
S214033A904FF6FF760C21DCE7052D0ED10023E17AE5
S214033AA00022CDE90137CDE9039200912346524621
S214033AB04146304601F00EF9D6E74FF2F222A188CE
S214033AC0914204D1E288920701D5E17AE8E74FF6FE
S214033AD0FF760C21E4E7F0B585B00546E1F782FEF4
S214033AE048B16B88B3F5006F05D1681D05B0BDE816
S214033AF0F04000F0EEBC284600F004FD0446C8B9CA
S214033B00E7B26946384601F0ADF878B99DF800602B
S214033B1066B92946384601F0A9F820B140F60443B1
S214033B20984207D08C26304605B0F0BD0134202CD1
S214033B30E6D1F7E78D26F6E7E2F73AB82DE9FF4731
S214033B4004460D460146184617461E46BDF8308005
S214033B509DF83490DDF838A0DCF720FED0B9214676
S214033B60284601F021F933463A4629462046CDE950
S214033B70019ACDF80080E2F7BFF833463A46294665
S214033B802046CDE90D9ACDF8308004B0BDE8F04765
S214033B9001F0F7BF04B0BDE8F087E2F757BAE2F7E3
S214033BA00FBAE2F733BA10B5044601F009F9082252
S214033BB001462046BDE81040E7F790BE01F002B983
S214033BC0002101F0FFB801F011B900207047202052
S214033BD07047EFF70DBDEFF757BDF2F701B8704723
S214033BE0E2F780BB70B506460C46154600F04CF867
S214033BF050B13CB135B1204600F0D6FC013080B25E
S214033C00A84200D9002070BD304600F043F840B10A
S214033C10002CF7D0012DF5D9204600F0CAFC02305F
S214033C20EDE73046E2F7BEFAEAE7F8B5BDF8185016
S214033C3010B3967855B9D478A6F14107012F07D863
S214033C40621ED2B200F0CFFD0020F8BD2C46F3E78B
S214033C50433E012E04D8A21E92B200F0DCFDF3E729
S214033C60D27813B90DB1AA4206D811B9E7F7E4FD25
S214033C70EAE7E7F733FEE7E78920E6E74138032874
S214033C808CBF002001207047413801288CBF0020DC
S214033C9001207047433801288CBF0020012070475D
S214033CA000207047002070470388B3F57C4F01D38C
S214033CB0FFF7F8BF0846FFF7F3BF10B54A88048836
S214033CC0A2420DD1037B0C79234009D0B2F57C4F79
S214033CD008D3FFF7E7FF0B891B1A5842584110BD5C
S214033CE00020FCE70120FAE738B50D88D488A54202
S214033CF00AD10388B3F57C4F08D2FFF7D5FF1389A3
S214033D001B1A5842584138BD0020FCE70120FAE749
S214033D102DE9F04715460446B8B149B1EAB1002685
S214033D204FF0140AB04690F80490F3B2994501D8C0
S214033D3000240AE027680AFB06773846FFF7BDFF2C
S214033D40013628B13C46A5F800802046BDE8F0873A
S214033D507B8943441FFA83F8E7E71446F5E72DE922
S214033D60F0470E4615460446B8B149B112B30027CC
S214033D704FF00C0AB846B0F80890BBB2994501D884
S214033D8000240AE06368324620460AFB0731FFF741
S214033D90ABFF28B10C46A5F800802046BDE8F087A7
S214033DA00B79013713F0300F02BFCB7843441FFA69
S214033DB083F8E2E71446F0E72DE9F04186B00D46B6
S214033DC01446984604AA05AB03A90646E2F7C0FACA
S214033DD040B30DB1049B2B6034B3049D039829466E
S214033DE0FFF762FF2B88074602467188307800F09B
S214033DF04FFBD8B1297911F010030BD0EB782A4684
S214033E00CDE900433B4671883078FCF78BFA06B061
S214033E10BDE8F0812A4620460599CDF80080FFF7D5
S214033E2004FFF4E78620F2E72046F0E77E20EEE77D
S214033E301FB51C460023ADF80A20BDF818208DF8E0
S214033E400400ADF80610ADF80C2069461A4601A822
S214033E5000938DF80840FFF7AFFF009804B010BD3D
S214033E60F0B587B00E4605AB04AA03A90446E2F7ED
S214033E706FFA08B3049D03982946FFF715FF2B88AE
S214033E80074602466188207800F004FBB0B1297922
S214033E9011F0100108D000963B462A466188207828
S214033EA0D2F73AF907B0F0BD009101232A4631460E
S214033EB00598FFF7BAFEF5E78620F3E77E20F1E7DD
S214033EC02DE9F041064600254FF014080779E8B2BD
S214033ED0874201D800241AE008FB05F0D6F800C094
S214033EE00CEB00043CF8000081421AD132B1802A60
S214033EF010D194F90CC0BCF1000F12DAB0F57C4F68
S214033F0005D32046FFF7CEFE834200D04BB92046AA
S214033F10BDE8F081402A04D194F80CC01CF0400F91
S214033F20ECD10135D3E70121E2F74EB908B51346C4
S214033F300022E2F777FA003818BF012008BD08B55B
S214033F4013464022E2F76EFA003818BF012008BD78
S214033F5008B513468022E2F765FA003818BF012039
S214033F6008BD08B540220023E2F75CFA003818BF04
S214033F70012008BD08B580220023E2F753FA003873
S214033F8018BF012008BD0023E2F74CBA0021E2F770
S214033F90B9BA10B504460121E2F7B4FA2046BDE8E3
S214033FA0104001F022BE7047F8B516461F469DF82E
S214033FB01820BDF81C300546E2F734FA78B1042120
S214033FC0E2F71EFB044650B1284600F00EFB3A46C5
S214033FD031462846A047BDE8F84000F0FABAF8BDD7
S214033FE02DE9F74F1E46DDE90C9B07468846144627
S214033FF0BDF838302AB3B9F1000F22D00EB392F8C9
S21403400004A099F80020504612F0080F0CBF802237
S21403401040226188E2F706FA98B10821E2F7F0FA3F
S214034020054670B1504600F0E0FA33462246414654
S2140340303846CDE9009BA84703B0BDE8F04F00F033
S214034040C8BA03B0BDE8F08FF8B5BDF818701646C9
S2140340501A463B460446E2F7E5F9E0B177B9022192
S214034060E2F7CEFA0546B0B1204600F0BEFA314676
S2140340702046A847BDE8F84000F0ABBA1021E2F7A7
S214034080BFFA054638B1204600F0AFFA3A46314645
S2140340902046A847EEE7F8BD73B5BDF818401646A8
S2140340A01A4623460546E2F7BDF9B8B1C4B920213E
S2140340B0E2F7A6FA044670B1284600F096FA099B82
S2140340C03146009328469DF820309DF81C20A047D3
S2140340D0044600F07EFA204602B070BD8624FAE756
S2140340E00024F8E72DE9F04186680446007800F0DE
S2140340F07CFA002514273279EBB29A4203D8BDE83E
S214034100F04100F066BA7B4332682078D15A02EB5E
S214034110030800F0C1F901214046E2F771FA0346AD
S21403412008B1207898470135E5E72DE9F04F1C469E
S21403413089B09DF84C30BDF8488001939DF8503007
S214034140924602932246434607460D46E2F76AF92D
S2140341508DF814700646ADF816508DF81840ADF875
S2140341601AA0ADF81C8018B9012009B0BDE8F08F7D
S21403417005A9FFF7A2FD0028F6D000252F46A8467E
S2140341802C4634E00C231FFA85F903FB09F9318822
S2140341907368B1F57C4F33F8092003EB090B1AD388
S2140341A033F8090050452CD3019BA3422DD900F0C8
S2140341B0B8F99BF80200E2F7CFFE029B43B19BF8E7
S2140341C0043013F0010F0CBF05200720E2F7C4FEEE
S2140341D00134A4B219E0ADF81A205946304605AAB0
S2140341E00393FFF781FD039B0028D9D1013532895C
S2140341F0ABB29A42C6D804EB0800C31B58425841D8
S214034200B3E708F101081FFA88F80137BFB2EDE7F4
S21403421010B5012488B006949DF83C4005949DF89B
S214034220384004949DF8344003949DF8304002943B
S2140342300B9C0194BDF828400094E2F725FB08B0D8
S21403424010BD2DE9F04786B0BDF83880DDF83C9008
S2140342509DF840A0CDF80080CDE9019A04460D46AE
S21403426016461F4600F012F9B8B1431EDBB2012B07
S21403427010D800230122811E48424841CDE904326A
S214034280CDE902A03B46324629462046CDE90089C1
S214034290FFF7BEFF06B0BDE8F0870120FAE730B5AA
S2140342A00024012587B0CDE9044503959DF82C50DD
S2140342B002950A9DCDE90045FFF7AAFF07B030BD7A
S2140342C030B50024012587B0CDE9044503959DF854
S2140342D028500094CDE901354023FFF799FF07B036
S2140342E030BD10B5012486B0CDE904440024039400
S2140342F09DF828400294099C0194BDF82040009440
S214034300FFF786FF06B010BD1FB5089C03949DF803
S2140343101C400294069C019400240094E2F7B0FB30
S21403432004B010BD70472DE9F84F022907468846AA
S2140343300C9D04D84FF0000A5046BDE8F88F1BB119
S2140343400429F7D942F004023A702BB303247B7096
S2140343501B0ABB70E3F7AAFE4FF000099DF828304E
S214034360385504F1020A01343B550B9A5FFA89F378
S214034370D45C002CE0D0732C10D82E464C2C56F868
S21403438004BB3DD0532C15D0622C45D1AC8805F127
S214034390080600231A4616E00124DBE7A4F175039A
S2140343A0032BC7D8763C2E1D022C52D8DFE804F028
S2140343B0565A58006A6805F1080694B2D2B2B2F1AA
S2140343C0FF0318BF01230AEB040119448845B1DB38
S2140343D050461946002947D153441FFA83FA5CB165
S2140343E0BBF1000FA6D0224607EB0A005946E7F7B3
S2140343F0B3FB54441FFA84FA354609F10109B4E7BE
S2140344004FF6FF736A6805F1080694B222469C428B
S21403441014BF02230023D6E76C2C05D1584600F0C0
S214034420C8F8841CA4B2B4E7732C04D1584600F031
S214034430BBF8441CF6E7A4F13003DAB2092A01D824
S2140344409CB2A6E7A4F14103062B3FF673AF373CB5
S214034450E8E7012300242A68A346B4E70223F9E722
S2140344600323F7E70423F5E700F1010C01393A5477
S214034470C9B2120A1FFA8CF0ACE70020E2F7F4BCCC
S2140344800022E2F711BD0023E2F724BD01207047A6
S21403449001207047012070477047002070470020B6
S2140344A070470020704700207047002070470020A8
S2140344B0704770470E2070470020704700207047F3
S2140344C000207047002070477047FF2070470E207B
S2140344D0704784207047704700207047704700205D
S2140344E07047002070470020704700207047002068
S2140344F07047002070470020704770470E207047B3
S21403450000207047002070470020704770477047B0
S2140345100E20704770470020704781207047704711
S214034520704738B50546C0B2E2F716FD0446280ABA
S214034530E2F712FD14B1002808BF0024204638BD58
S214034540F8B50546C0B2E2F707FD0446C5F30720F3
S214034550E2F702FD0746C5F30740E2F7FDFC064611
S214034560280EE2F7F9FC24B12FB136B1002808BFB4
S21403457000242046F8BD3C46FBE73446F9E710B472
S214034580CC18944203DC5DF8044BFFF723B80020F5
S2140345905DF8044B70470423FFF7F1BF08B5022309
S2140345A0FFF7EDFF80B208BD0078FF2808BF0020A4
S2140345B0704708B502220021FFF7F0FF4FF6FF739E
S2140345C0984208BF002008BD003818BF01204000ED
S2140345D070470020704708B5FFF7A5FCFF284FF08B
S2140345E0FF3018BF0020C0B208BD08B5FFF7F3FFC1
S2140345F0FF280CBF2120002008BDF8B506460C4650
S21403460015461F4600F011F810B12544AC4200D100
S214034610F8BD3946304614F8012BE2F78FFDF5E76F
S214034620014600220220E2F719BD0120704737B584
S2140346300546E0F7A3FF044601950CB981201CE06C
S214034640237823B12046E0F7A1FF0446F5E72B685D
S21403465062685B889A42F5D1A368EA7B99B272B125
S2140346602A8A9142EED16A7DB2EB134FEAD100203B
S214034670E36801A998478128E4D003B030BD4FF61C
S214034680FF72EEE72DE9F84304460F469046994637
S2140346900BB3012A1FD80C20E7F7D4FA064610B945
S2140346A01920BDE8F8831020E7F7CCFA18B930468E
S2140346B0E7F7D0FAF4E70123002547EA08477060D6
S2140346C00570C0F80C904460876033803046E0F78E
S2140346D04DFF2846E5E72120E3E738B5044643685F
S2140346E008460D469847B4F90830002B02DB2B78B2
S2140346F0042B06D1002320466360BDE83840E3F769
S214034700AFB838BD30B54FF48A5587B0ADF816202C
S2140347100DF116041A46029543B100230122CDE992
S2140347200033234600F01EFA07B030BD019401247F
S2140347300094F7E7FFF7EBBEFFF7BEBE0020704717
S21403474008B500F001FB20B900F048FB08B9E0F714
S21403475005F9FFF7D2FEBDE80840FFF7DBBE0020F1
S214034760E3F7E6BC0021E3F783BD0022E3F742BD8F
S2140347701FB5D2880B4612F0200F4FF6FD7114BFFB
S21403478049245224ADF80610510544BF083CE4B250
S214034790110544BF083CE4B2120444BF023CE4B231
S2140347A0032805D8DFE800F0020F161CADF8063024
S2140347B0BDF80600FFF789FEFF281CBF241AE4B2E3
S2140347C0204604B010BD02AA0DF10601D8B200F0CF
S2140347D079FAEDE7D8B200F047FAADF80600E7E756
S2140347E0013CE4B2E4E7F8B5064617460D4681B148
S2140347F00C78FF2C0BD00846FFF7D6FEB84228BF2E
S2140348003846C4B22246691C701CE7F767F8347052
S214034810F8BD0C46FBE770B5044615460E4611B9BF
S2140348204170017070BD0B78FF2B05D14B78FF2BC1
S21403483002D103704370F5E73046FFF7BAFEA8428D
S21403484028BF284685B22A46B11CA01CE7F746F8BF
S21403485025702D0A6570E5E7F0B523B9013A531CB8
S2140348602FD1002020E0042AFBD800231C46551E27
S2140348706E1C1AD1042A10D00121D200501E01FA50
S21403488000F020421EBF914049420C4318421EBF0F
S2140348904FF0FF3101FA02F213439C421EDCB4BF11
S2140348A04FF0FF30002040B2F0BD40B1465DEF0050
S2140348B0BE4034434E5D013DBE403343D8E7064613
S2140348C0F5E78C5C38B90346A34202F1FF32C6D241
S2140348D04FF0FF30E8E7835CA342F5D90120E3E716
S2140348E0283807288CBF0020012070471D2810D0C9
S2140348F004D840B11C2804D0552070471E38012820
S214034900FAD81A2901E00B390F298CBF552000204D
S21403491070470829F9E7002000217047F7B59DF88E
S21403492020400546082C104619469DF8246036D8C4
S214034930002213462C44AC4208D106F0FD04382C62
S2140349400ED10096FFF7E7FF03B0F0BD14F8017D24
S2140349501B0243EA12631202BA1843F10003EAE7A2
S214034960392E10D107EE100A07EE902AB4EEE77A36
S214034970F1EE10FACCBF77EE677A77EEC77A0021AE
S21403498017EE900AE0E7824273EB010403D2801A23
S21403499061EB0301D8E7101A63EB0101D4E70020AB
S2140349A00146D1E738B5C36814461944836853F8FB
S2140349B021501AB12846E6F73BFE2070284638BD3C
S2140349C02DE9F3411C4616460DF107029DF82050CB
S2140349D0FFF7E8FF9DF807308046A34288BF8DF8AF
S2140349E007409DF807700DB1E41BE5B22A46002187
S2140349F03046E6F721FF3A4641467019E6F76EFF62
S214034A00384602B0BDE8F0812DE9F3411D4616464F
S214034A1001AA9DF82040FDF726F8019B80469D429B
S214034A2038BF0195019F04B1EC1B22460021304696
S214034A30E6F702FF3A4641463019E6F74FFFF8B26B
S214034A4002B0BDE8F08173B50024154601AA1E46E0
S214034A500194FDF708F8019B072B0AD92146CCB22F
S214034A6016B1C4F10704E4B2425C013108292A55A1
S214034A70F5D1D8B202B070BD1FB5030A8DF80E305B
S214034A800323009303AB8DF80D0000F0BBF805B0CD
S214034A905DF804FB1FB58DF80F100421030A8DF88B
S214034AA00E30009103AB8DF80D0000F0ABF805B0A7
S214034AB05DF804FBF0B589B016689DF83C50CDF858
S214034AC009608DF811305668BDF83830012D109FF7
S214034AD0BDF84440CDF80D60ADF812308DF8145093
S214034AE014D0032D19D13B68CDF815307B68CDF86B
S214034AF019309DF848308DF81D3016230093BDF805
S214034B004C2002AB00F07EF809B0F0BD8DF81540DE
S214034B10240A0F238DF81640F0E70120F4E71FB5AB
S214034B200446084611461A4602238DF80D100093D4
S214034B30214603AB00F066F804B010BD10B514466A
S214034B401A460B6886B0CDF80D304B683421CDF885
S214034B5011300A23009303AB8DF8154000F052F88A
S214034B6006B010BD2DE9F041B6B014461D46064604
S214034B700F469DF8F080E3F79FFD03AA8DF80C001F
S214034B801046330A8DF80F703F0A8DF80E308DF8F5
S214034B900D602B468DF810708DF8114005EB44051B
S214034BA0AB4202F102021FD16200D2B2931DDBB206
S214034BB03D99D8336B44073203F8CC8C01EB480598
S214034BC0D3B250FA82F2A94202F1020212D103EBE7
S214034BD04803009006213046BDF8F820DBB2E3F721
S214034BE075FD36B0BDE8F08133F8021B1171090A72
S214034BF05171D5E731F8024B02F8024C240A02F849
S214034C00014CE0E72DE9F0411C4605460E461746E3
S214034C109DF81880E3F750FD207043463A46314628
S214034C2028460694BDE8F041E3F750BD00207047E0
S214034C307047D7F7B3BD70477047704770477047E4
S214034C4000207047704770470020704770477047D2
S214034C5002F0EEBEFEF774B8FEF757B803F031BAAB
S214034C60F8F714B903F01EBAF8F7CEB8F8F736B962
S214034C70F8F7F0B8FEF71EB9FEF76DB8FEF77AB888
S214034C80F4F768BBF4F76CBBF3F7CCBAF2F7EEBBFA
S214034C90F2F7F2BBEFF7C6B8FEF7B7B8FEF77CB885
S214034CA0FDF718BFFEF79FB8FEF78BB830B4BDF814
S214034CB008409DF80C50CDE9024530BCFDF729BFEE
S214034CC0FDF796BFF8F77CBAE3F750BDF8F742BB9B
S214034CD0F7F78EB970B49DF80C40BDF810509DF8E8
S214034CE014600394CDE9045670BCF5F793B970B419
S214034CF09DF80C40BDF810509DF814600394CDE960
S214034D00045670BCF5F7C6B9F5F7B0BA10B49DF8FB
S214034D10044001945DF8044BF5F700BA10B49DF80F
S214034D20044001945DF8044B01F073BF01F073BFB8
S214034D30FDF7A2BFFDF7B2BFFDF7C5BFF1F7FEB89B
S214034D40F1F740BFF1F712BFF0F724BF02F09FBAA6
S214034D50F1F7C8BA02F0E1BAF1F728BCF0F7FABFE8
S214034D60F1F736BFF1F7B8BEF1F7CEBEEFF70EBEDA
S214034D70FEF7B5B8FEF768B8FEF77BB8FEF788B857
S214034D8000F00BBC00F004BCF7F768B9F4F772BF89
S214034D90F7F742B9F7F768BAF4F73CBFEFF72EB860
S214034DA0F6F75EBBFFF745BFFAF754BEFEF7E3B868
S214034DB0FDF753BFFEF738B801F001BDE3F734BC87
S214034DC0EFF7E0BBEFF7DAB801F09BBF01F06BBF7C
S214034DD0EFF728B9EFF766BBEFF76ABBEFF796B8BE
S214034DE0E3F73EBCE3F750BCE3F728BCEFF744B861
S214034DF0E3F72EBCF9F706B801F053BF01F01ABF6C
S214034E00EFF740B8EFF7A8BBEFF788B8E3F7CCBCEB
S214034E10E3F7C4BCF8F7FABDF8F7E6BF03F05DBAEC
S214034E2003F063BAF8F76ABEF8F7E6BF00F063B9B3
S214034E3000F0A1B900F0C9B900F0A0BA00F010BBA9
S214034E4000F079BAE4F7A6B900F0E6B900F013BAB1
S214034E5000F026B810B51C4601F0C2FD05F00BFFA6
S214034E600023C0F340202370400010BD002208B585
S214034E700B461146FFF7EEFF023818BF012008BDA8
S214034E800020704770470020704770470020704727
S214034E9070470E2070470120704770470120704707
S214034EA014220021E6F7C8BC704770B505460C46C9
S214034EB08AB0252200210DF10300E6F7BDFC6B68DE
S214034EC0CDF81D30AB68CDF82130234601AC03F195
S214034ED01006224618685968083303C2B3421446BC
S214034EE0F7D101236A7B8DF8023012F0040F0CBF52
S214034EF04FF480734FF4A073110748BF43F48063E5
S214034F00ADF80030930748BFBDF80030684644BF8D
S214034F1043F00803ADF80030F4F7B6FB0AB070BDF3
S214034F2030B5427B0D46D10704468BB007D5407893
S214034F3001A9F4F70FFCD8B12D200BB030BD9307B1
S214034F40FAD5C2F3800310074FEA8313ADF8023095
S214034F5044BF43F48063ADF80230BDF80220201D41
S214034F600AB10DF1020201A902F07FFD0028E3D089
S214034F7001AB03CB9DF81430A1602373BDF810304A
S214034F806060590642BF627B42F0040262735A05B0
S214034F9042BF627B42F0080262731B0742BF637B19
S214034FA043F0020363732B4606AC0AAD224603CADC
S214034FB0AA4218605960144603F10803F6D100208C
S214034FC0BBE7F0B504460D4693B0252200210DF14C
S214034FD02300E6F731FC636804F1040CCDF83D309A
S214034FE0A36809AECDF841302B4605F110073246CB
S214034FF018685968083303C2BB421646F7D105231F
S2140350008DF82230637B5B0103F40073ADF8203028
S2140350106378FF2B1AD1002360461A4601A900F0D5
S214035020CAF99DF80530FF2B0DD1002301A91A46B6
S214035030184600F0C0F99DF80530FF2B03D11C2657
S214035040304613B0F0BD9DF80530637000206178DC
S21403505008AA00F09BFA06460028F1D1607801A959
S21403506000F02FFA2B4603AD2A4618685968083312
S21403507003C2BB421546F7D1637B6078DB0648BFA5
S2140350809DF81C3001A944BF63F07F038DF81C30E4
S21403509000F02EFAD4E710B504468AB02422002185
S2140350A001A8E6F7C9FB637B590744BF4022ADF866
S2140350B010201A0742BFBDF8102042F48062ADF8F4
S2140350C01020DB070FD5607801A9F4F743FB10B176
S2140350D02D200AB010BD01AB03CB637B606043F0A9
S2140350E00203A160637304A9201D02F0C0FC00281C
S2140350F0EED00020EDE71FB5694600F066F80028FD
S21403510018BF2D2005B05DF804FB73B50D46144695
S2140351100646E3F76DFC6B881A071AD52246314616
S214035120102002F085FC2046E3F762FC6B88D90763
S21403513017D50023224601210DF107008DF807300D
S214035140E3F722FF6B88002B0CBF2120002002B060
S21403515070BDDE06EAD522460821281DE3F714FFB4
S214035160E1E79A0701D50223E4E75B07EAD50323C1
S214035170E0E70F2070471FB50C46694600F025F898
S214035180102221466846E6F7A3FEB0FA80F04009EF
S21403519004B010BDB8B1B1B14388A3B90378013BDD
S2140351A0082B10D8DFE803F00507090B0F0F0F0FC6
S2140351B00D00E3F7EBBDE3F745BEFFF776BEFFF75B
S2140351C000BFE3F7D3BF2120704738B50D4609B3B8
S2140351D000B30378013B082B1AD8DFE803F0050D6C
S2140351E01013191919191600E3F708FE0446284682
S2140351F002F01EFE204638BDE3F744FEF6E7FFF74F
S2140352008FFEF3E7E3F774FEF0E7E3F7B9FFEDE7A6
S2140352102124ECE72124EDE770B586B0064601A805
S2140352200C461546FFF73CFE04238DF804301CB1EC
S2140352302068616802AB03C3294601A88DF80560A0
S214035240FFF7A8FF06B070BD70B586B0044601A888
S2140352500D461646FFF724FE0323206861688DF883
S214035260043002AB8DF8116003C3294601A8FFF78B
S21403527091FF06B070BD0022FFF7E6BF30B5437B53
S214035280044613F001020D468BB007D0407801A9FF
S214035290F4F760FA70B12D200BB030BD9B07FAD53A
S2140352A0ADF8022001A90DF10202043002F0DDFB85
S2140352B00028F0D000210E22A81CE6F7BDFABDF8A0
S2140352C010302B80039BAB60BDF81230AB819DF88A
S2140352D01430237301AB03CB6060A1600020DBE7CF
S2140352E070B5437B0446DB070E468AB003D42D25F0
S2140352F028460AB070BD6946407800F045F9054671
S2140353000028F4D1DDF81D300E226360DDF821306D
S2140353100146A360637BB01C43F002036373E6F7A6
S2140353208BFABDF80030069A43F004033380059BDE
S214035330B2607360DCE70B4610B50446102200210A
S2140353401846E6F779FA2278032A09D0042A0DD0FC
S214035350022A11D101462046BDE81040E3F776BF86
S21403536001462046BDE81040FFF788BF01462046A9
S214035370BDE81040FFF7B4BF262010BDF8B50746BA
S21403538008460C4616461D46FFF78AFD042323707F
S214035390637B314643F00103204667706373FFF770
S2140353A014FF08B12D20F8BD29462046FFF7C3FF9A
S2140353B00028F8D0F6E7F8B5054608460C461F461B
S2140353C01646FFF76DFD0423237025B108222946F0
S2140353D0E018E6F783FA637B43F0020363734EB980
S2140353E032460121284600F0DAF8FF28607007D11C
S2140353F02D20F8BD31462046FFF7E7FE0028F7D1FB
S214035400637B43F0010363730DB90020F1E7002FBC
S214035410FBD039462046FFF78EFFF6E7F8B50C4675
S2140354200746084616461D46FFF73AFD0323204661
S214035430394600F8043B0822E6F750FA637B314608
S21403544043F0020320466373FFF7BFFE08B12D2027
S214035450F8BD29462046FFF76EFF0028F8D0F6E78A
S214035460F8B5074608460C4616461D46FFF718FDD0
S21403547003232370637B314643F0010320466770A2
S2140354806373FFF7A2FE08B12D20F8BD2946204618
S214035490FFF751FF0028F8D0F6E718B18022012164
S2140354A000F07DB8FF207047002307B51A4619465B
S2140354B00093F5F751FEB0FA80F0400903B05DF8AB
S2140354C004FB0B4610B519220446FF211846E6F7DF
S2140354D0B3F97E2C01468CBF04F5C43004F5833043
S2140354E04FF01902BDE8104088BFAD30D7F7ECBDCA
S2140354F07E2888BF00F5C4304FF0190294BF00F52C
S2140355008330AD30D7F70CBE30B589B00D46FFF704
S214035510C4FFFF2804460DD001A9FFF7D2FF286871
S214035520696801AB03C3204601A9FFF7E1FF00202A
S21403553009B030BD2D20FBE7704770470020704749
S21403554070470F2070470F207047002070470F20CA
S2140355507047002070470020704784B08DE80F0026
S214035560002004B0704770477047002070477047AC
S214035570002070477047002070470120704770472F
S21403558000207047012070470E2070470E2070479A
S2140355900E2070470020704770470E207047FF208C
S2140355A070477047704700207047704770477047D2
S2140355B00020704770470020704700207047002087
S2140355C07047704770470020704700207047704749
S2140355D0002070470020704770470020704710B5C2
S2140355E00024E3B210B9C3F10303DBB20134042C85
S2140355F0CA544FEA1222F4D110BD10B50B784C787A
S2140356008A78C97828B910462246044608461946B9
S214035610034642EA012043EA042343EA004010BD5E
S2140356207047E3F7C7BE08B5D2F7EAF9002814BFF8
S2140356308620002008BD08B5D2F7B2FB003818BF95
S214035640012008BD08B5D2F76BFB003818BF012050
S21403565008BD08B5D2F7F0FB003818BF012008BD17
S21403566008B5E3F787FFBDE80840E3F735BF70B535
S21403567004460D461646E3F77DFF0420E3F71EFFB8
S214035680324629462046FFF7DDFF04460220E3F7AD
S21403569015FF204670BD08B5E3F76CFFBDE808406C
S2140356A0D2F722BBE4F79EBAE4F77EBA08B5E4F76E
S2140356B07BFA20B1BDE808400020E4F7B3BB112015
S2140356C008BD10B5044608B1E4F78EFC2046BDE8D5
S2140356D01040FCF7C8BF10B50446006A10B1616AF3
S2140356E0FFF7EFFF0020C4E9080010BD38B50546F4
S2140356F0FFF7F1FF2B7E0446012B0ED0023B012B56
S2140357000ED8EB69012B18BF6FF0960428220021F0
S2140357102846E6F791F8204638BDEB69002BF2E7FA
S2140357206FF09604F2E718220021E6F785B8704773
S2140357302DE9F84F9846DDE90B490D9B15469A0768
S21403574006460F4623D02A460A9B03EB040A144454
S214035750A24220D10D9B9B0705D5A2EB050AD14596
S21403576005EB0A0420D82046BDE8F88F43463946A1
S2140357702020B0470AF1010ACA450AEB0B02F5D30B
S214035780A9EB04024C4588BF00222A44DCE7A24664
S214035790A5EB040BF0E702F1010B434639461AF872
S2140357A0010DB0475A46D3E74346224639462020E2
S2140357B0B0470AF1010AD2E72DE9F047DDE90D7695
S2140357C016F0020F9DF82880DDE90854DDE90BCEBC
S2140357D01FD106F001094FB1B9F1000F06D0B8F199
S2140357E0000F02D116F00C0F00D0013F4FF0300A25
S2140357F004E0202C04D005F804A001347445F8D343
S214035800B9F1000F05D04FF03009A74201D9202C7B
S2140358102DD116F0100F1FD016F4806F2CD15CB369
S214035820744501D0BC4227D1B4F1010E23D0BCF19C
S214035830100F46D1023C16F0200F28D1202C28D07A
S2140358404FF0780C05F804C00134202C21D04FF01B
S214035850300C05F804C00134202C1AD0B8F1000F20
S21403586023D04FF02D0C05F804C0013412E005F8E0
S21403587004900134C9E77446BCF1100FDBD0BCF1C9
S214035880020FE2D1202C04D04FF0620CDAE7202C72
S21403589008D12024CDE90A76CDE90854BDE8F047BF
S2140358A0FFF746BF4FF0580CCCE716F0040F02D0B4
S2140358B04FF02B0CD7E716F0080FEBD04FF0200C69
S2140358C0D1E7BCF1020F7446C1D1DDE72DE9F04301
S2140358D091B0189D1A9E1D9F0DB927F010077C05E1
S2140358E000D515B317F0200F14BF4FF0410E4FF03D
S2140358F0610EAC4600250DF12008AEF10A0EBCFB86
S214035900F6F906FB19C95FFA89F4B9F1090F94BFD2
S21403591030347444E4B2B44508F8014B05F101058C
S214035920BCFBF6F401D3202D10D11C9C06970594DE
S2140359301B9CCDE903649DF86440CDE9015408AC93
S2140359400094FFF739FF11B0BDE8F083A446D6E70D
S2140359502DE9F04F95B0269ECDE90A23DDE91E74A6
S214035960DDE9229B57EA040308BF26F010067205FA
S214035970CDE9080102D557EA040337D016F0200F05
S21403598014BF4123612300250DF1300AA3F10A0851
S21403599021464A465B463846E5F7E2FBD2B2092A79
S2140359A094BF303242444F45D2B274EB0B0405F138
S2140359B001050AF8012B01D3202D14D1259B069649
S2140359C00593249BDDE90801CDE903939DF8803018
S2140359D0CDE901530CAB0093DDE90A23FFF7ECFE98
S2140359E015B0BDE8F08F07460C46D1E70025E5E77E
S2140359F008B100F014B8704710B1D1E90031184768
S214035A00704738B5441E14F8015F25B90A2000F024
S214035A1006F8284638BD284600F001F8F3E70146A5
S214035A200020FCF7F3BB70477047EDF7FBBD7047EC
S214035A3008B5FCF7BCFBD1F7E3FFBDE80840D4F795
S214035A40F3B8704708B5D2F723FBFBF756F8BDE863
S214035A500840E3F78FBD08B5FBF778FFE4F7F8FADD
S214035A60FBF752FEE4F796FEE4F782FEE4F704FE45
S214035A70BDE80840D7F702BB08B5D5F719FBFBF717
S214035A8032FED5F721FBFBF730FED9F709FDD9F730
S214035A90AFFDD9F7B7FEBDE80840D9F7D5BD7047C7
S214035AA07047E4F70FBE08B5FCF7CCFFBDE8084027
S214035AB0FCF7F7BF704707B50022034611460120DF
S214035AC00092D8F767FE03B05DF804FB07B50092B3
S214035AD00B46027D81898068FDF78CFD003818BF70
S214035AE00120C00103B05DF804FB08B50020E0F711
S214035AF0D9F90020E1F76AFF0020DAF763F80020FF
S214035B00DAF7FAFA0020DAF7F9FC0020DAF7E6FF0C
S214035B100020DBF70FFD0020DEF73EF80020DEF75F
S214035B20A9FD0020DFF79EFBBDE808400020DFF755
S214035B3089BC08B50120FDF73FFA0120DAF7A2F980
S214035B40BDE808400120DAF7C9BF08B50220E0F730
S214035B509DFA0220DFF790FC0220E2F745FA0220C6
S214035B60FFF7A2FD0220FDF7C7FC0220DEF782FD49
S214035B70BDE808400220DFF729BFDAF7C7BAFDF70A
S214035B80DBBF704770477047704770477047704772
S214035B9010B50446DFF734FE2046FDF743FA2046E9
S214035BA0DBF7DAFF2046DCF72DFF2046BDE8104082
S214035BB0FDF7D5BCFDF7F0BCFDF7FABCDFF75CBB21
S214035BC070477047FDF752BA704770477047704783
S214035BD07047704705F015B870477047DFF7E6BBA8
S214035BE0704770477047704770477047D0F7E0B903
S214035BF0FEF77DBC704700207047FEF77ABCFEF7C1
S214035C0083BC7047431E012B03D9031F58425841D8
S214035C1070470120704700F021BC4FF4D07200217A
S214035C20E5F70ABE70B50446E7F7DEFE0546A8B9F3
S214035C30A169F1B1238AD3B1204604F11002E7F734
S214035C4081FD38BBE16919B3638AA3B1204604F129
S214035C50120200F0CAFA78B1054603E00023A361F6
S214035C602361E361002328466361236270BDA0615C
S214035C70E8E72082E6E7E361216A0029F2D0A28AF8
S214035C80002AEFD02046E38ABDE8704000F06FBAE2
S214035C906182F1E76582E561DEE711B9D0F8DC10D1
S214035CA021B1CB6813B18B68D88970474FF6FF7064
S214035CB07047E6F77DBF10B50C461146E6F79EFF24
S214035CC0E8F7CCF9012801D1002010BD002CF7D14C
S214035CD00520FAE700F0CFB900F0E3B970B500236A
S214035CE02425D0F8DC00C4689C4201D1212070BD75
S214035CF0826805FB0322D6898E4202D8128A8A421C
S214035D0001D20133F0E70020F1E7F8B506460D4669
S214035D10E6F7EAF9D8B94FF6FF734FF0240CEF68AD
S214035D20C1B28F4208D81C4621463046E6F792FB9E
S214035D3000F09AFB2046F8BDAA680CFB0122D48922
S214035D409C4202D2002CEFD023460130E8E7002421
S214035D50F0E7C08D70470A7838B505461046FFF75A
S214035D6051FF60B14C782046FFF74CFF38B1224311
S214035D70530704D42846BDE83840E7F78BB92120FB
S214035D8038BD10B504460878FFF73CFF58B14A788B
S214035D901046FFF737FF30B1042A04D02046BDE88B
S214035DA01040E7F795B9212010BD00F0E8B8E7F7F3
S214035DB0F7BC084600F008BBE7F736B838B5044624
S214035DC00D4600F08EF850B129462046E6F742FB12
S214035DD030B929462046BDE83840E6F7EDBF0E2029
S214035DE038BD70B516460C4604F065FD31460546CB
S214035DF02046EAF7CFF90446284604F057FD204626
S214035E0070BD00F032B970B5044600200E4600F0AF
S214035E1027FBD4F8F0503DB1002331462046AC466C
S214035E20BDE870401A4660472B460122314620469D
S214035E30E7F75AFA284670BD38B5044648880D4633
S214035E4000F00EFBD4F8F0302BB929462046BDE807
S214035E503840E7F757B9022038BD00F003BB00F01F
S214035E603CB9E6F777BEE9F76FB970B5BDF81060D1
S214035E70054606B16BB1334428469BB200F077F96A
S214035E80044620B91EB13146284600F0ABF9204639
S214035E9070BD2124FBE7E8F7DDBCC0F8EC1000205A
S214035EA07047E7F769BB00F05EB910B4BDF804406D
S214035EB001945DF8044B00F09FB80B4610B51446EA
S214035EC01846A1689288E5F747FEE168034631B1B4
S214035ED0A0886288121A92B21844E5F73DFE0020A5
S214035EE010BD0346408A18B1188A003818BF01202F
S214035EF070470846E9F734BA00F0ECBA00F0EABA9D
S214035F00E9F740BC084708B5E6F76CFEC0B208BD23
S214035F10022A01D800F0E2B921207047022A01D8EC
S214035F2000F0EDB921207047022A01D800F0F9B934
S214035F3021207047E8F780B90846E8F79BB900F0D8
S214035F4018BA00207047002070477047D0F8943086
S214035F5003F06003402B0DD0602B03D0203B584248
S214035F605841704749B10B68012B06D9486940F080
S214035F700100704740F20110704700207047F7B5E4
S214035F8004461046D4E954C7DDE908268CEA020520
S214035F9087EA06010540194085EA0C057940C4E9FD
S214035FA05451002523F4004106EA010320F00100C2
S214035FB043F40073024043F00203CDE90055EAF7C9
S214035FC0B3FF94F824309A0713D5D4F854319B05BD
S214035FD00FD54FF48811204600F058FB94F8243070
S214035FE0024665F3410384F8243020460B46E6F761
S214035FF0CDFD002003B0F0BDF0B587B01C461746B4
S214036000BDF830601AB90024204607B0F0BD002B57
S214036010F9D00029F7D001AAE8F71CFC0028F2D033
S214036020BDF80630A2199A42BDF80850C4BF9B1BA0
S2140360309CB2B54212D90399AD1BADB23144A54209
S2140360400391ADF808500DD22A463846E5F784FD8D
S2140360500499621B7819E5F77FFDD5E70499761B4B
S2140360603144049122463846F5E70846EAF732B843
S2140360700220E9F77DBB08B5D0F8E4304BB11A68C7
S214036080022A06D993F825204AB1186AB0FBF2F023
S21403609008BD4FF446624C210020E6F73DFA002087
S2140360A0F6E7D0F8E42008B57AB11368022B0CD9CA
S2140360B0536A13F47F4FC3F3072106D0126ADBB289
S2140360C053438B42B3FBF1F006D2002040F67F42E7
S2140360D04C21E6F721FA002008BD0346D0F830012C
S2140360E00860B3F8343100208B80704790F8303165
S2140360F00C2B14BF90F82B00FF20704738B50C46C6
S2140361004FF400610546EBF7B3FF70B17CB195F829
S2140361101E3173B94FF480724FF480712846EBF743
S21403612093FF003818BF012038BD2202F4E7224649
S214036130F2E70020F8E74FF48071EBF799BF08B554
S2140361404A024FF40071EBF77FFF002008BD08B545
S2140361508A024FF48061EBF777FF002008BD4FF407
S2140361600071EBF785BF062300208B717047B2F5ED
S214036170805FF8B50F460646154619462ED89A424E
S2140361802CD33F2A26D9B2FA82F40122C4F11F0384
S214036190DBB29A4092B2AA422CBFC4F11904C4F1EE
S2140361A01A04E2B20124931DDBB29C40A4B2AC42B3
S2140361B012D096F8F5309BB9012096F8243060F398
S2140361C0C71386F824303846E8F758F900203762B4
S2140361D0B582F8BD0022ECE70020EEE72120F8E7C1
S2140361E00E20F6E70846E8F769B970B505460E4689
S2140361F0144602B313883F2B1DD9B3FA83F3C3F1B6
S2140362001901C9B2062901D8192B12D0062928BFAD
S214036210062101238A1DD2B2934030462380E8F735
S21403622055F923882846EE616B82E8F7D9F90020F2
S21403623070BD0021EDE72120FAE710B514460846A5
S2140362400121E9F71DFE2046BDE810400121E9F7CC
S21403625017BEF8B504460E46174604F02CFB3A461E
S214036260054631462046EAF7C9F80446284604F0B0
S2140362701DFB2046F8BD0220704703207047E9F750
S2140362806FBA10B50023E7F7EFFC044608B9EBF73F
S21403629069F8204610BD704770B505460E4614468D
S2140362A000F0E3F831462846FFF72FFD00F0DDF84F
S2140362B0230704D50B2C9CBF24F00804A4B2214664
S2140362C02846E6F795FC00224FF400312846EBF704
S2140362D0BBFE002070BD8021EBF7CABE7FB5531C02
S2140362E005AAADF81410029202210022DBB2CDE912
S2140362F000211146EBF7C6FE07B05DF804FB7FB539
S214036300531C05AAADF81410029204210222DBB234
S214036310CDE9002100220121EBF7B4FE07B05DF8BA
S21403632004FB1FB5531C029100220821CDE900216E
S2140363300122DBB21146EBF7A5FE05B05DF804FBC0
S21403634007B591F82830009391F82B3091F829205F
S21403635091F82A10E7F736FF03B05DF804FB10B593
S2140363600446E6F73FFC01462046BDE81040E6F744
S2140363703FBC002914BF21200020704738B50546CE
S21403638010460C46E7F7A4FFD5B1D5F8E030BBB10D
S2140363905B69ABB1421ED2B2FD2A13D90A68013239
S2140363A004BF6FF001020A600A68FF281A6007D16B
S2140363B06268013202D16FF00102626062685A605D
S2140363C0002038BD0128F2E738B50546EAF73EF85F
S2140363D004460021A878E7F7E3FF204638BD2DE9F9
S2140363E0F74F01251C469DF8303006460193036897
S2140363F0174603F0070306339D4005F1FF380B46A7
S214036400A1B1416804EA080BA5EB0B0A41F0005959
S214036410524509EB0B0114D952461846E5F79CFB87
S21403642049467A1B5A445044E5F796FB019B2BB129
S2140364303C4448EA050804EA0804F46003B0BDE8EF
S214036440F08F1846F0E737B5002514460095FFF79A
S214036450C6FF204603B030BDE7F7B6BD0020704741
S21403646000207047002070477047704730B54900DA
S2140364700446056812B102291FD90339C90395B921
S214036480E1B1B1FA81F3C3F12003C3F10F00012890
S21403649038BF012003F01F03D940A94201D90138B0
S2140364A04908216030BDB5FA85F339B1B1FA81F2F6
S2140364B09B1A002BE9DC0F20EFE700210F20F0E703
S2140364C0012805D9023818BF4FF0FF30C0B2704715
S2140364D00120704708B5E9F79DFABDE80840E9F7DB
S2140364E0C1BA38B50446FFF7F5FF0546FFF7F2FFD6
S2140364F0431BA342FAD338BD38B50D460446E9F725
S21403650089FA35B1844200D90139204601F00301E6
S21403651038BD844238BF0131F7E708B50121FFF7DC
S214036520EBFFBDE80840E9F79DBA0B0C23F4805354
S214036530B3F5284FF7B50D468FB2064699B216D077
S2140365404AF60103994214D04AF60203994212D03E
S214036550B1F5204F14BF04240324D6F8E0300BB162
S214036560196851B9D6F8DC3093B928680EE00024D0
S214036570F3E70124F1E70224EFE7234668463A46A9
S214036580E9F7CCFADDE90003002BEBD103B0F0BD4D
S21403659019680029E9D0234668463A46E9F7BEFA61
S2140365A0DDE90003002BE0D1F0E702F003BB0204B1
S2140365B0C0F3891307D56FEA83536FEA935313F532
S2140365C0007F18B206D0A3F1C8006FF4FF73984299
S2140365D0B8BF184670474FF0384359699A6903F5B0
S2140365E000530A405A6170470E207047EBF7AEB867
S2140365F0EBF7ACB8EBF7AAB8EBF7A8B808B50846BC
S214036600EBF7CAFC08BDEBF7A1B8022070470220DF
S21403661070470020704701207047002070470E2007
S214036620704700207047E7F719BD08461146012258
S214036630FFF741BB70B505460C4611461A46EBF705
S2140366405DFD06682B462046B446BDE870406047AD
S21403665010B5EBF753FDBDE8104083681847FFF706
S21403666010BEE7F723BCFFF7A9BBE7F72DB970B554
S21403667004460D4616464FF4881100F01CF83246C1
S21403668029462046BDE87040E7F742BE38B50546C2
S2140366900C4604F010F9D5F890301C40D5F88C3031
S2140366A02343C5F88C3004F001F9211E18BF0121DD
S2140366B00020490238BD38B504460D4604F0FBF801
S2140366C0D4F890301D40D4F88C3023EA0505C4F87E
S2140366D08C5004F0EBF8284638BD38B504460D4612
S2140366E04FF48811FFF7E7FF29462046BDE83840F8
S2140366F0E7F736BE73B50D7806460C4635B3042366
S2140367008DF804302379304601A98DF80530FFF75C
S21403671038FB0546B8B92278A37952BB8DF8043006
S214036720E379304601A98DF80530FFF714FB0546DB
S21403673048B923783BB161883046E6F7E3FE01218A
S2140367403046FFF7DBFC284602B070BD2946FFF74C
S214036750D5FC29463046FFF7F2FC29463046FFF7BC
S214036760F6FC2378002BCAD123798DF8043063799D
S214036770C9E702228DF80420D3E7FFF7E0BCFFF752
S214036780EEBC0020704710B50446EBF751FD2146DA
S2140367900020ECF7A1FBBDE81040002000F02BB969
S2140367A070470120704708B5EDF7C4F980F0010083
S2140367B0C0B208BD4FF0FF30FFF79EBB7047002006
S2140367C0704710B50C4603F037FE048010BD38B58D
S2140367D00C46154603F030FE03881DB11C43A1B2D8
S2140367E0018038BD23EA040189B2F9E708B503F04E
S2140367F023FE008808BD08B503F01EFEC07808BD5A
S21403680008B503F019FE008800F00C0008BD08B5B3
S21403681003F012FE008800F00C00031F5842584194
S21403682008BD38B5054603F007FE04462846FFF7BD
S214036830EEFF30B904F1100004F01DFA00F44060D6
S21403684038BD4FF40060FBE738B5054603F0F4FDAA
S21403685004462846FFF7DBFF014648B910342046B6
S214036860042203F029FD2044BDE8384004F003BAAF
S214036870A08838BD10B50C4603F0DEFD848010BD3D
S21403688038B5054603F0D8FD04462846FFF7BFFF94
S21403689030B904F1100004F0EEF900F4404038BDBE
S2140368A04FF40060FBE738B5054603F0C5FD044624
S2140368B02846FFF7ACFF014648B9103420460622A7
S2140368C003F0FAFC2044BDE8384004F0D4B9A088AD
S2140368D038BD38B5054603F0AFFD04462846FFF736
S2140368E096FF014608B1201D38BD10340622204607
S2140368F003F0E2FC2044F7E708B503F09DFD007AB9
S21403690008BD08B503F098FD90F9090008BD08B561
S21403691003F092FD807A08BD08B503F08DFDC068CC
S21403692008BD10B50C4603F087FD047210BD10B504
S2140369300C4603F081FD447210BD10B50C4603F0FF
S2140369407BFDC46010BD2DE9F8430F468046002149
S21403695007F110001646994603F0E2FD0446D0B14F
S21403696003F06AFD0546204603F082FD0021024639
S2140369702846E4F761FF00232046AB7049F0040184
S214036980FFF71FFFA5F804802EB13A46314605F1FE
S2140369901000E5F7E1F82046BDE8F883F8B50546AC
S2140369A00F461020002103F0BBFD0446B0B103F0F0
S2140369B043FD0646204603F05BFD002102463046B3
S2140369C0E4F73AFF002339462046B370FFF7F9FE93
S2140369D025B12A460121204603F07AFD2046F8BD5C
S2140369E008B503F029FD103008BD08B503F040FDD7
S2140369F01038C0B208BD0020ECF796B908B5ECF71E
S214036A00F1FB002008BD4088C0F30C00033080086B
S214036A1040000430704770B50E46054611463046B2
S214036A2003F07EFD044635B128B103F005FD32467A
S214036A302946E4F753FF204670BD0088B0FA80F07D
S214036A404009704738B505880022044604F07DF9EE
S214036A5005B1258038BDF8B507460D4600880021E8
S214036A60164603F021FDB042044605D129463846B2
S214036A70BDE8F840FFF7E6BF0021204603F014FD0B
S214036A80B04205D02046002103F00EFD0446F3E78E
S214036A902A462046002103F01BFD32462846BDE861
S214036AA0F840002103F014BDF8B5058807467DB10C
S214036AB0CCB22146284603F0F7FC8542064609D1A8
S214036AC000233B8000222146304603F001FD354675
S214036AD02846F8BD214603F0E7FC21460246284631
S214036AE003F0F6FCEEE72DE9F04707888246884672
S214036AF014465FB3384603F0BBFC3D460646E4B295
S214036B002146284603F0D0FC4045814616D121464F
S214036B1003F0CAFC21460246284603F0D9FC474543
S214036B2004D1454508BF0025AAF800500022214697
S214036B30404603F0CDFC3046BDE8F0878742FAD0E6
S214036B4003F096FC30444D4686B2D9E73E46F2E75C
S214036B5000220123C0E900237047F8B50446012745
S214036B60002603F0B5FE23683BB903F0ACFE002213
S214036B706368012B0ED16360F8BD1D691F61266033
S214036B8003F0A1FE012DF2D02B462D691E61012DC7
S214036B90FAD1E6E719691A610B46EAE7036823B9EF
S214036BA04068012803D0EDF765B8002070474FF022
S214036BB0FF307047F8B5054603F078FF0123064615
S214036BC00027A8602B7303F083FE2B6802467BB175
S214036BD01C692169A1420CBF2F6019612761104609
S214036BE003F071FE012C08D0204663689847EAE755
S214036BF06C68012C04D103F066FE00232B73F8BDEA
S214036C006169711AB1F1004FF5D821696960236192
S214036C10E5E70220704702207047002070470144D2
S214036C20884201D10120704710F8013B9342F7D008
S214036C300020704770B50146064692B00020EBF779
S214036C4023FD044670B9FDF7F1FF054601466A4683
S214036C502046ECF75FF86A46294620468DF8026020
S214036C60ECF70EFB204612B070BD00B593B0FDF7EF
S214036C70DDFF6A4601460020ECF74CF89DF902005A
S214036C8013B05DF804FB00B593B0FDF7CFFF6A467B
S214036C9001460020ECF73EF89DF8000013B05DF8BF
S214036CA004FBEBF7FBBF012070477FB54FF6FF7180
S214036CB001AAEDF751FA20B1BDF80C0007B05DF854
S214036CC004FB4FF6FF70F9E708B51046EEF70AFA2D
S214036CD0BDE80840EEF7C4BA704770477047704780
S214036CE0704770477047704738B54FF6FF750D808D
S214036CF00C46F6F7BBFA2080A8420CBF2D200020D6
S214036D0038BD002100B593B06A460846ECF702F892
S214036D10BDF8060013B05DF804FB002110B592B071
S214036D2004466A460846EBF7F5FF00216A4608461E
S214036D30ADF80640ECF7A4FA12B010BD002100B57A
S214036D4093B06A460846EBF7E5FFBDF8040013B0B8
S214036D505DF804FB002110B592B004466A46084667
S214036D60EBF7D8FF00216A460846ADF80440ECF777
S214036D7087FA12B010BD70472DE9F04F87B00C4666
S214036D8091460746FFF73CFD0546661C304603F072
S214036D9072FF042D40F090803846FFF721FE0378FB
S214036DA0092203F00303012B14BF0223032301214B
S214036DB02046039303F080FA092200210546204665
S214036DC003F07AFA21788DF817000139002220465D
S214036DD089B2FFF720FE04EB09088346F0B14FF0B3
S214036DE0010A2A460146CDF800A003980DF11703C1
S214036DF0FBF7DDFE0228054626D1584603F038FB8E
S214036E0000222070C0B2431E00929BB252465946DF
S214036E10304604F029F82378534423703846FFF7A6
S214036E20E5FC020424D498F8013021789B071FD58B
S214036E300139A1EB09013A464046C9B2F1F710F908
S214036E4023781844207013E020B92070284607B032
S214036E50BDE8F08F032809D1404603F00CFF20F469
S214036E60007189B2404603F008FFD7E70428D5D15E
S214036E700125002220462178FFF7CDFD074600288E
S214036E80E4D04FF000080146434601224046CDF8C1
S214036E900080FBF78CFE022819D1384603F0E8FA87
S214036EA0C2B2013A207093B2394601223046CDF879
S214036EB0008003F0D9FFC9E780F0800520F080004A
S214036EC081B23046C5F3C01503F0D7FED1E70028DC
S214036ED0BCD12070BAE708B50020FFF764FC80F049
S214036EE00100C0B208BD0A4608B501460020EDF70A
S214036EF081FBB0FA80F0400908BD0020ECF7F4BA35
S214036F0000210846EBF798BF0020FFF74ABC70B590
S214036F10044603F0B0FE042200210646204603F092
S214036F20CBF9204403F0A7FE0322054600212046A2
S214036F3003F0C2F9204403F09EFE4FF6FF730540AC
S214036F40ADB29D4214D1F30712D506220021204686
S214036F5003F0B2F9204403F08EFE0446EDF7BCFBC3
S214036F60844214BF02240624EDF7B0FB204070BD14
S214036F702046FBF7EDFFC400E4B2F5E708B5FFF7DC
S214036F80C6FF003818BF012008BD0120704710B5A2
S214036F900446FEF71DFB08B9FEF71CFB03050FD4DA
S214036FA00C231B2B01D1002009E020FA03F1C907AB
S214036FB003F1010206D5DBB2E31A5842584110BD6D
S214036FC00B23F9E71346ECE710B50C46098819B905
S214036FD00846F7F7A3FC2080012010BD08B510462D
S214036FE01A4600F08CFABDE8084003F0E2BD70B51F
S214036FF004460D46164692B06A46EBF78BFE6A4683
S214037000294620468DF81F60ECF73AF912B070BD9A
S21403701010B50C46EDF73CFF2046BDE81040EDF7F3
S2140370204DBE0129F8B505460C461DD003291ED0D2
S214037030052920D0072922D0002600240027012076
S214037040EBF7BAFD304485421DDA0320EBF7B4FDB7
S2140370502044854219DA0520EBF7AEFD3844854215
S214037060B4BF07200520F8BD6FF00406E5E76FF010
S21403707004040526E2E700266FF00407DFE7002492
S21403708005272646DBE70120EDE70320EBE738B1CB
S2140370904379490023F00C0301F00C010B434371C1
S2140370A0704710B5044678B141794088490801F025
S2140370B006010131000AFFF7B4FF024601462046E7
S2140370C0FFF7E5FF104610BD0722FBE738B50D4670
S2140370D0EDF7CCFE044608B9002038BDFFF7E1FF04
S2140370E0002DFAD1237913F00703F5D0984238BF61
S2140370F01846C0B2F1E7EEF7C7B80022EEF7EAB9D2
S2140371000021012208B5EEF7E5F9401A18BF012061
S21403711008BD38B51546FFF7F0FF0446284603F0CA
S21403712087FE84B1FF2804D0626822FA00F3DB07E7
S21403713001D5012038BD0123834013436360E37800
S2140371400133E370F5E72046F4E7EEF71DBC10B510
S21403715003F072F900F11004204603F08CFD20F4CE
S214037160007189B22046BDE8104003F086BD2DE9C4
S214037170FF411546019101218DF80D301B0A8DF84C
S2140371800E309DF82C308DF80C008DF80F30284605
S2140371900423009103AA9DF828809DF830709DF87B
S2140371A0346001F016FB044670B12946FFF762FB14
S2140371B0B8F1000F02D12046FFF7C9FF2FB146B939
S2140371C03146204601F0D0F80024204604B0BDE83E
S2140371D0F081002220461146EEF75CFBF4E74FF4FD
S2140371E07A70EEF7B1BC08B5ECF758FDBDE8084079
S2140371F00020EEF7AFBD00B58BB06846EEF780FC17
S214037200009BBDF8060004A90693EEF71FFC0BB01F
S2140372105DF804FB1FB504466846EEF771FC02AB47
S21403722003CB2060616004B010BD1FB5062304467F
S2140372308DF80C30EEF7E8FE00238DF80D00CDE94F
S214037240003301210223204603AA01F0C2FA04B048
S21403725010BD38B5002208210546FFF7E0FC0446BA
S21403726098B9FFF74EFD22464FF6FF71EFF724F964
S2140372702846297CEEF79EFD287C6A69E989F0F7A3
S21403728099FCEEF70FFD204638BD0120FCE770B5EC
S2140372900C4605460120EFF79BFC237B4BB1FFF71B
S2140372A030FD014623462A46BDE870400120EFF72D
S2140372B021B94FF6FE71F5E7F8B50E460746FFF718
S2140372C08FFB054603F0D7FC00F44040B0F5404F73
S2140372D014BF0022062202F10A03EB5C0B325C00A9
S2140372E004F00E045B08144403F0380338461C44C9
S2140372F0FFF77BFB844208D2001BC2B20F2A28BFCB
S2140373000F2230462919E4F727FC2046F8BDECF790
S214037310C5BC40F62740F0F7CBB9FF224FF6FF7106
S214037320F0F7FABA07B500210DF10700F0F72CFCC9
S2140373309DF8070003B05DF804FB13B5044601A9E6
S2140373400020F0F721FC019A01462046F0F732FCB4
S214037350204602B010BDF0B50F46002187B00446A4
S21403736008461646F0F710FC012305460DF10A0001
S2140373708DF808408DF80930FFF74CFF092C1DD116
S21403738031460DF1120003F078FC05AB002102AA8A
S2140373909B1A2846CDE90011DBB2642101F019FAE5
S2140373A00546E0B1092C15D1F0F74EFC044688B12A
S2140373B02846F0F75DFC204607B0F0BD31460DF1D8
S2140373C013008DF812704FF6FF7503F056FC0DF19F
S2140373D01503DBE7284600F014F80446EBE70446FB
S2140373E0E9E738B504460D4603F03CFD40B1AC4230
S2140373F006D0204603F02DFDBDE8384000F0ACBFB4
S21403740038BD10B50446FFF7EBFA023003F033FC41
S2140374104FF6F7739842204603D9BDE81040F0F7BD
S214037420A1BDF0F7E1FDB0FA80F0400910BD0120E0
S21403743070470022F0F7CEBC70B504460088FFF70D
S214037440CFFA0546043003F016FC0646A81C03F0E4
S21403745012FC054603F025FB3046F1F7ABFF30B9C7
S2140374602846F1F7A7FF10B1284603F0FBFCA378E4
S214037470002023F00F03A37070BD70B50546FFF719
S214037480AFFA0646284601F0C8F901462846F7F73C
S21403749079FE04462846FFF7D7F94FF6F773984266
S2140374A008D8337803F00303012B05D1A31E5842F3
S2140374B0584170BD0120FCE70020FAE741F2033390
S2140374C030B585B00D46ADF808300446FFF719FC15
S2140374D08DF80A00FFF715FC0021000A8DF80B0053
S2140374E005232046CDE9001102AA8DF80C5001F0C1
S2140374F070F910B12146FFF79CFF05B030BD2DE9AA
S214037500F041044617460D46E1B13F294FF0000609
S21403751000D135462046FFF773F9082814D1012118
S214037520204602F0C1FF064602F0A2FF044630469C
S21403753002F082FF3B4601462A46E0B2BDE8F04130
S214037540FDF718BC0126E5E72046FFF759F9024682
S21403755030B9BDE8F0414FF6FF71012003F054BB8C
S2140375602046FFF75EF9B0F5006F0ED12046FFF711
S2140375706BF94FF6FF739842014617D0002D0CBFE8
S21403758003200520002203F03FFB29462046EEF7A2
S21403759039FA68B929462046F1F7AAFE40B93246B9
S2140375A029462046BDE8F041F0F762BE0120E9E730
S2140375B0BDE8F0817047704737B54FF6F675FDF7AF
S2140375C038FB431E9BB2AB420446F8D8EDF74EFC9D
S2140375D00028F4D169462046ECF76AFF0028EED06F
S2140375E0204600F09AFE0028E9D12046FFF788FDE2
S2140375F00028E4D12046F1F7DDFE0028DFD120463F
S21403760003F030FC0028DAD12046FDF71DFB0028E6
S214037610D5D1204603B030BD73B504460E46F1F708
S214037620C9FE054688B92046F1F71EFF21462B46BC
S2140376300D224FF6FD70009500F0A1F83146204666
S21403764002B0BDE87040F1F7D1BE02B070BDF7B529
S21403765004460D461746FFF754FB0646002D3FD05B
S2140376604FF6FB739C423BD82046F1F7A3FE08B1C6
S214037670A64235D02046F1F79DFE10B1012003B097
S214037680F0BD2046FDF7E0FAC0B1A642F6D0F4B14D
S21403769069462046ECF70CFF0246C0B90821684647
S2140376A0FFF7BDFA98B9082269462846E4F710FCA6
S2140376B068B129462046FFF7AFFFDFE7A642E6D1CB
S2140376C02846ECF763FF10B900F03DFED6E73FB15E
S2140376D021462846EDF770FD21462846F5F7ACFD12
S2140376E00020CCE737B5054614460C2914D8DFE846
S2140376F001F02C132C131313071313131324240052
S2140377006946ECF7D5FE18B901216846F5F792FEEF
S21403771041202946F8F7B2F9D4B12046FFF760F9BD
S214037720023003F0A8FA4FF6F773984210D92046B2
S21403773003B0BDE83040F0F7CBBC40F6144040F64B
S21403774013430B2908BF1846E3E700F0EDFDE3E714
S21403775003B030BD1FB50346084603218DF80D3030
S2140377608DF80C1001230021ADF80E20CDE9003171
S21403777003AA042301F02DF805B05DF804FB2DE9F8
S214037780F34106460F4614461D469DF82080FFF734
S214037790B8FAB04207D100222146384602B0BDE807
S2140377A0F041FFF79FBF3A4631462046FFF7D2FF28
S2140377B0ADF8060060B10D2C05D100224FF6FF711F
S2140377C0282003F021FA35B9BDF80600FFF719FEA5
S2140377D002B0BDE8F0810123424629460DF10600BA
S2140377E0ECF7B0F9BDF80630002BEDD1F0E7F7B5AE
S2140377F00C460546FFF7F4F8611C06462846F7F7DD
S214037800C1FCA11C0746284600F02AFF0146044691
S2140378103846FDF747FA0D2F34D12046F1F7CAFD57
S21403782078B1301D03F027FA04462846F679FFF7A9
S2140378303AF831460246204603B0BDE8F040FFF76B
S21403784068BCB01C03F017FA4FF6F773984202D9D8
S2140378502846F0F73DFC2046F1F706FEFFF751FAFF
S214037860A04205D1002003B0BDE8F040FFF7A2BE5A
S2140378706B46B068F16803C369462046F1F7B6FD68
S21403788003B0F0BD2A463946204603B0BDE8F040B3
S214037890FFF728BF14220021E3F7CEBF2DE9F04FF0
S2140378A011F00F0704460E4615468FB05CD1012033
S2140378B0E1F740FC09A8FDF7F3FA092309A88DF8B8
S2140378C02430FDF7F1FA09A8E1F706FC01A909A897
S2140378D0FDF77BFC26F00F08A84404F1100904F119
S2140378E00F0A454511D1236901A93344236109A829
S2140378F0FDF750FC0020E1F71DFCB6F1005F28BF42
S214037900272738460FB0BDE8F08F05AA23469646CC
S2140379109446186859680833ACE803004B4562463A
S214037920F6D12B46224605F1100B53F8041B5B4594
S21403793042F8041BF9D1714609A8FDF72BFC09A8E8
S214037940E1F7CAFB224621460120E1F7AFFB013DE2
S214037950631E13F8012F15F8011F534582EA01022F
S2140379601A70F6D15D46BCE70227CAE7F0B517469C
S21403797085B005460C46102200216846E3F75CFFF7
S214037980BFB3C4B30F2C04F00F0608D924F00F04BA
S2140379903A4621462846FFF781FF40BB2744324636
S2140379A039466846E4F7D8F880222F6906F11003B3
S2140379B037446B44B7F5005F03F8102C2F61C6F10C
S2140379C010061AD3062E1FDDFB001A0E8DF80A20AA
S2140379D01A0C5BBA8DF80B20ADF80C306A461021F2
S2140379E02846FFF75BFF00202B69103B2B6105B091
S2140379F0F0BD3E46D8E72646D6E7022E04DDFB005A
S214037A005BBAADF80E30E9E76A4610212846FFF761
S214037A1045FF2B691022A3F11004002168462C6150
S214037A20E3F70AFFB7F5005F4FEAC403CDD2E7E7F3
S214037A3070B50E46054686B001A81446FFF72AFF22
S214037A403246294601A8FFF791FF2246054601ABB9
S214037A5005AE1C4603CCB44210605160234602F1C7
S214037A600802F6D1284606B070BDF1F755BD0A46A2
S214037A700021F1F751BDF0B58BB00C4601A9F1F723
S214037A804BFD054680B325220021E01CE3F7D4FE18
S214037A900123A3700E23BDF810702380FA0510D5BA
S214037AA023464FF4877206AE23F8042B0DF1280CF9
S214037AB0324603CA624518605960164603F1080346
S214037AC0F6D13B0605D5238843F080032380069B27
S214037AD0636001AB03CB039BC4F81D00C4F82110FD
S214037AE0A361F2F7FDFE606128460BB0F0BD30B52A
S214037AF005460C4687B001A8FDF7D2F928686968E1
S214037B0002AB03C39DF8113043F002028DF8112037
S214037B1074B12288510644BF43F006038DF8113032
S214037B20530542BF9DF8113043F008038DF811301A
S214037B3001A8FDF7B0FAB0FA80F0400907B030BDEF
S214037B402DE9F3410F460546164602F091FC4FF029
S214037B500008C41BE4B2294623463A463046CDF80D
S214037B60008003F081F90121284602F09DFC88B1CC
S214037B700121284602F098FC074602F079FC0546E8
S214037B80C3B2424630193946CDF8008003F06CF98B
S214037B902544ECB2204602B0BDE8F0812DE9F04F53
S214037BA085B00C46054691461F464FF0010ADDF8A0
S214037BB038809DF83CB002F05BFC22463B462946E3
S214037BC00646CDF800A0484603F04EF9514628462F
S214037BD002F06AFC3C4418B35146284602F064FCA3
S214037BE0F6B2B442814610DAE7B2F31BDBB2404684
S214037BF022462946CDF800A003935F4403F034F9E8
S214037C00039BBF1B984407F0FF0B012300220E9330
S214037C1049465B46404605B0BDE8F04F03F024B93D
S214037C205B4622462946CDF838A0F3E72DE9F04116
S214037C30002686B0074608460C4615469846CDE904
S214037C40026604968DF8146002F012FC411BCBB258
S214037C500D2B28BF0D232A462146009602A803F0C3
S214037C6003F9424602A93846F1F7ACFD0646294613
S214037C7020469DF80820F7F799FA304606B0BDE887
S214037C80F0812DE9F04F0E46CBB00121054617468D
S214037C901C4602F009FC23463A462946814606A8B6
S214037CA0FFF7C4FF0DF1280A00EB070B52463146D7
S214037CB028465FFA8BFBFFF743FFB34503D200204A
S214037CC04BB0BDE8F08FABEB06085FFA88F808F117
S214037CD004039842F3DB331F18440423C4B201930E
S214037CE0A31BDBB20093524643460021CDF808A0FF
S214037CF006A8E1F78FF90028E1D1A4EB0B040AEB01
S214037D000803E4B25246284631460093019443469C
S214037D10FFF744FF39462846F7F734FA394600F0AA
S214037D20F8022846F7F742FA0121284602F0BCFB80
S214037D30002818BF4D462846ADF8165002F098FBAB
S214037D40011FC9B20DF1160000F04FFC0120B7E782
S214037D502DE9D841064600F060FD411C044689B271
S214037D60304600F02DFD98B394B321463046F7F71E
S214037D7009FA00F00C03042B074629D000F0030889
S214037D80B8F1020F00D11BBB384600F0B0FD3B062E
S214037D900444A4B216D5611C304689B200F010FD27
S214037DA0B0B121463046F7F7EDF9B8F1010F0146B9
S214037DB000F003030CD0032B0AD0384600F0A6FDD0
S214037DC003199CB221463046BDE8D84100F0F8BC02
S214037DD00020BDE8D881F8B5064600F0E0FC05466D
S214037DE004463046FEF7FCFD43785B0718D5AC1C0B
S214037DF0A4B22146304600F0E3FCB8B1294630462B
S214037E00F7F7C0F90746691C304689B2F7F7BAF99F
S214037E101FB1874201D8FF2808D104EB4704A4B258
S214037E2021463046BDE8F84000F0CABC0020F8BD45
S214037E3013B5044601A8F1F71DFFBDF80430DA07B1
S214037E4010D49B0707D410220021204602B0BDE8B9
S214037E501040E3F7F1BC224621461020FFF7E8FD69
S214037E600028F0D102B010BD024608B5F1F72AFF8C
S214037E70510544BF0838C0B2130544BF0838C0B222
S214037E8008BDF0B5D30705460C468BB04AD5008827
S214037E9000F0C3FC00230646029314B9CDE903445D
S214037EA003AC002208212046FEF7B9FEA8B12888B5
S214037EB0FEF796FD023002F0DEFE21460746ECF79B
S214037EC0F7FA50B1002240231146384600F005FA6F
S214037ED040F6094528460BB0F0BD31462888F7F72B
S214037EE051F910F0030F0CBF01260026F1F758FBDB
S214037EF046EA4000C0B200900021204602AB05AA25
S214037F00F3F72AF90546F1F74BFB0028E2D0002DDC
S214037F10E0D000212046009602AB05AAF3F71CF931
S214037F200546D7E740F60A45D4E700231A46F3F793
S214037F307FB830B58BB005AD04462846FCF7B0FFD6
S214037F400223284601A98DF81430FDF73EF923468F
S214037F5001AA144603CCAC4218605960224603F1CA
S214037F600803F6D10BB030BD08B500230246194608
S214037F701846F3F75DF8012008BD37B50446684692
S214037F80F3F7CEF8054648B1082221466846E3F7DC
S214037F909FFFB0FA80F0400903B030BDFF220821EE
S214037FA02046FEF73CFE034628B106212846FFF787
S214037FB0BCFF0120F0E722460146F3F739F8F8E75D
S214037FC007B56846F3F7ACF810B16846FDF76CFAE8
S214037FD000F0010003B05DF804FB0120F3F776BD63
S214037FE0704730B50124054689B003A8FCF758FF4F
S214037FF001A88DF80C40E1F7CDF89DF806209DF812
S2140380000730AA4209D0AB4209D103A88DF80D4028
S214038010E1F762F8012009B030BD0024F5E700203F
S214038020F9E700221021FEF7FABD70477FB50D462B
S21403803000F582300D22694600F58070D5F744F8C6
S2140380406B462A4602AE1C4603CCB442106051600F
S214038050234602F10802F6D12068106023791371D3
S21403806000236B7304B070BDF0B585B06A46054651
S2140380700B46164601F10807144618685968083374
S21403808003C4BB422246F7D118680D2220601B7931
S21403809005F582303146237100F58070D5F740F838
S2140380A005B0F0BD38B504460D46E0F765FBA042C3
S2140380B005D920462946FFF7B9FF002038BD2820FA
S2140380C0FCE730B5002485B08DF80040E0F754FB9C
S2140380D0E5B2A84204D8F5F711F8002005B030BD84
S2140380E069462846FFF7C0FF0134EFE738B5044674
S2140380F0002002F0ACFEFF2805460FD002F0AFFECC
S21403810010F0010009D0284602F0A9FE400840EA14
S214038110C17080F0010000F0010038BD04F00100DA
S214038120FBE70146F8B506460020F4F721FFFF28D3
S21403813001D00120F8BDE0F70FFB00240546871C9D
S214038140E0F70EFBE3B2984201D80020F2E735F8D9
S2140381502430B34203D117F82430002BE9D101347D
S214038160EEE738B50D460121044602F09DF930B11D
S2140381700121204602F098F92880012038BD2046C8
S2140381802C8000F020FC0130C0B2F7E72DE9F04761
S21403819088B00746894610460DF10A011D469046EB
S2140381A0FFF7DFFF4FF0000ABDF80A6004463046CB
S2140381B0CDE905AACDF81BA002F05AF9031BDBB2E2
S2140381C00B2B28BF0B2322463146CDF800A005A86B
S2140381D002F04AFE48F21F039D4243D00BD885F4B3
S2140381E00043012B15D923464246494628460097A5
S2140381F0FDF7A7F933E048F23A039D42F3D1FEF7C1
S21403820080FDB8422BD02246414605A8FDF7CAF9A1
S21403821025E09DF8143013BBBDF81D40DDF81500AE
S214038220DDF8191003AB03C3204603A9E0F798FC57
S2140382300122204603A9FFF70AFAA74206460ED0F4
S214038240012103A8F5F7F6F848F201039D4206D18B
S2140382502EB9334632463946204600F058FC08B05D
S214038260BDE8F0879DF81450002DF8D12F469DF8F1
S21403827015800234EAB24245F1D2D200D2B2224489
S2140382800823314692B2009703A8CDE9037702F09C
S214038290EBFD03A800F074F802F0DBFD00F05CF8D9
S2140382A00135E7E710B50024418084800480C2804E
S2140382B0038110BD13B5BDF81040CDE9003400238B
S2140382C0F5F786FB02B010BD13B5BDF8104001905C
S2140382D00094F5F77DFB02B010BD07B500930123AC
S2140382E0FFF7F2FF03B05DF804FB0123F5F716BCB6
S2140382F038B50546EFF7A8FC0446E0F749FAA401AB
S21403830044EA4020284038BD704770470020704735
S214038310FF207047002070477047002070474FF6D5
S214038320FF70704700207047704700207047704703
S2140383300020704770470020704700207047704742
S21403834070470020704770477047002070474FF60D
S214038350FF70704717207047704770477047704725
S2140383607047704701207047012070470020704710
S214038370002070477047704770474FF6FF7070478E
S2140383804FF6FF70704700207047002070470020AC
S21403839070477047002070472DE9F04F002785B0DF
S2140383A081460C467E2039469846BDF83CB09DF87B
S2140383B044A0BDF84C500192ADF80E7002F0B0F830
S2140383C00646002800F0AA8002F036F839467E22D8
S2140383D0E3F732FA304602F02FF80090304602F008
S2140383E02BF8B9F1FF0F0CBF274644F003073B0AEF
S2140383F014F44062077043705FD14FF00808C31C43
S214038400184642460199E3F769FA034604F44044E2
S214038410434484B1790606D419464FEA1B2201F871
S21403842002BB5A700B46B4F5004F56D0A4F5404233
S21403843054425441E400224618460E99E3F74EFA96
S214038440009A03462044A0EB02085FFA88F89DB121
S2140384504FF47C521A53841C284601F0EDFF8346E2
S214038460284602F005F8C5B22A4659462046E3F7E1
S21403847073FB60190235EDB2B9F1FF0F2FD05246E8
S214038480109900F8019BE3F767FB08F101015AFA1C
S21403849081F129443046EBF7EBFA0C210022FF006A
S2140384A007F0800710463943FEF778FAADF80E005A
S2140384B0E8B9002005B0BDE8F08FB2F5006F80F88C
S2140384C003804FEA182880F8048000F1050314BFE0
S2140384D04FF008084FF0020892E70224ABE708EBD8
S2140384E00A0129443046EBF7C3FA0821D6E730469B
S2140384F001F0A2FF0446304601F0BAFF012302460C
S21403850021460DF10E00EBF71DFB0028D1D101210A
S214038510BDF84820BDF80E0001F0DAFFBDF80E00E6
S214038520C8E710B50C46098821B90846F6F7F6F9E8
S214038530208008B1012010BD0220FCE72DE9F0479A
S21403854080460F460646002402F1FF39BC4202D29B
S21403855019F8015F25B9A6EB080080B2BDE8F087DD
S2140385609A46A5F13102012A5AF8041B10D832465E
S214038570322D02F8011B06D10134A4B2A74232D32E
S2140385800912B21C7170013453461646A4B2DDE7D5
S214038590342D0CD10334BC42DDDA0B0A3170737010
S2140385A00B0C090EB370321DF170A4B2EBE7A5F104
S2140385B03302062A0DD8303DADB22B19BB42CADAB8
S2140385C02A463046013CE3F789F915FA84F4721912
S2140385D0EBE7A5F14102062A01D8373DECE79D8873
S2140385E003F1080AE9E71646B5E770B505460088BD
S2140385F00C4601F03DFFA04228880AD201F038FF5E
S2140386000023221A19462846BDE8704092B2EBF7BB
S21403861099BA2146EBF72CFA002070BD38B505460B
S21403862001F00AFF0446284601F022FF0022014615
S2140386302046BDE83840FEF7EEB9F8B516460C46B8
S2140386401D46BDF8187001F0F7FE0444304601F0ED
S214038650F3FE3A4641192046BDE8F840E3F73EB933
S21403866070B50C46013189B20646F6F78BFD2146F6
S21403867005463046F6F786FD00EB052080B270BD52
S2140386801FB50123ADF80C2000930A4602230146CA
S21403869003A802F0E9FB05B05DF804FB0FB437B599
S2140386A0069D0021A8B201F03BFF044601F0C4FE7C
S2140386B02CB1002207AB0193D1B28D4205D82046D8
S2140386C003B0BDE8304004B0704753F8041B815430
S2140386D00132F1E773B504460D46402000211646E5
S2140386E001F01EFFADF8060001F0A6FEBDF8063049
S2140386F013B9002002B070BD402133462A462044F9
S214038700FFF71CFF211889B20DF10600FFF76DFF76
S2140387100028EED1BDF80600ECE70EB403B503AAB5
S21403872052F8041B0192FFF7D5FF02B05DF804EB85
S21403873003B070472DE9F7430F46012181461646DD
S21403874001F0B2FE054658B1FFF768FF308088B9DE
S214038750284601F08DFE68B1192003B0BDE8F0830A
S214038760484601F085FEFF2FA0EB0704E4B214D0C1
S21403877014B934800020F0E72A4621462846FEF73F
S2140387804AF980460028E7D03B464A4629460094E5
S214038790FFF753FFA6F80080ECE70120DDE708B5F6
S2140387A0FEF71EF9437803F001001A074CBF10309A
S2140387B00830DB0644BF0830C0B21030C0B208BD74
S2140387C010B50C4601F054FEA04234BF0020012031
S2140387D010BD7FB514460091024641F2092141F6C9
S2140387E009209DF820601D46002E18BF0146099BF0
S2140387F00020F6F7EFFCADF80E0010B9002004B029
S21403880070BD01232A4621460DF10E00EBF79AF9B7
S2140388100028F3D1BDF80E00F1E738B50546FFF79B
S214038820BEFF0446284601F023FE631C9BB2834228
S2140388300FD82846FEF7D4F843785B0707D52146BA
S2140388402846F6F79FFC013004EB4004E4B22046CA
S21403885038BD0024FBE71FB5ADF80E0001F008FE97
S2140388600446BDF80E00FFF7D8FF00F10E03DBB297
S214038870BDF80E200146E01A80B200901046FFF7BE
S214038880DCFEA4F10E0189B20DF10E00FFF7ADFE7A
S21403889004B010BD4278034612F0080006D0D20793
S2140388A002D403F10800704703F10900704737B597
S2140388B005460C46FEF794F8437813F0100212D0E0
S2140388C09CB103F001021B074FF0000329460093F7
S2140388D020464FF0080354BF1832203202F0C4FA81
S2140388E0012003B030BD1046FBE72046F9E700F051
S2140388F00303012B08D0C30606D400F00C000C2893
S21403890014BF08200920704702207047034611F061
S214038910030005D003F00303022B14BF0220032039
S2140389207047F8B50C46064601F0A2FD631C834269
S21403893002D900252846F8BD21463046F6F722FC24
S2140389400746FFF7D4FF3B060546F3D504443046F7
S21403895001F08EFDA4B2631C9BB28342E9D8214684
S2140389603046F6F70FFC01463846FFF7CFFF28449C
S214038970C5B2DFE770B506460D46FFF7D2FF0446DD
S21403898010B90024204670BD29463046F6F7FAFB98
S2140389908206F7D5304601F06BFD2544ADB26B1C5D
S2140389A09BB28342EDD829463046F6F7EBFB00F040
S2140389B01803082B14BF05340634E4B2830644BFF9
S2140389C00834E4B2DEE738B50546FFF726FF04466B
S2140389D008B9002038BD01462846FFF7CBFF00281C
S2140389E0F7D02044C0B2F5E72DE9F04387B005463B
S2140389F00C46FDF7F5FF804602F03DF9074628468C
S214038A00FFF70BFF064601462846FFF78AFF0022BC
S214038A10034600922946324602A802F025FA9DF83C
S214038A20086006F00C030C2B06F003090BD0B9F113
S214038A30010F59D0F10657D49DF809300DF10A05F8
S214038A400020637107E0FF230DF10900637102F054
S214038A5012F90DF10B05208198F80130DA0704D5D9
S214038A6008F1020002F007F92081B9F1010F5FFA5D
S214038A7089F83DD0F3063BD4284602F0FCF8608024
S214038A80A81C02F0F8F8053515F8013C2080237180
S214038A902B78B006A37206F0400348BF43F02003CA
S214038AA0390627D543F40073F80448BF43F48063BC
S214038AB0390548BF43F400633206E38011D56A786C
S214038AC012F003020DD06FEA43436FEA5343A978CB
S214038AD0B8F1020FE3800B4611D1EB7841EA03218C
S214038AE0218107B0BDE8F083FF230DF10905A7E751
S214038AF0FF23CCE77A0648BF43F48073D4E7012A02
S214038B0004BF0B029BB22381EBE7F7F715B80BB153
S214038B10F7F77EB80AB9F7F7F7B8FF21F7F720B8E3
S214038B20431C08BF0020E4F73DB90000034B586818
S214038B30C0F30800003818BF0120704700ED00E0BE
S214038B40014B1868704700BFB8660020084B1B6FC0
S214038B5003F00703022B04D0032B05D0012B05D00B
S214038B60FEE7044B18687047034BFBE70348704760
S214038B7000800050B8660020C0660020002D31013A
S214038B8008B5FFF7E3FF054B1B6FC3F30133013350
S214038B90B0FBF3F0024B186008BD00BF0080005026
S214038BA0B46600200048704700B4C4040048704709
S214038BB0002D3101014B1868704700BFC0660020C6
S214038BC0174A9368C3F304430C2B0AD8DFE803F071
S214038BD00B0909090909072119091B1D1F0011485B
S214038BE0704700207047936803F04073B3F1807FAB
S214038BF011D0B3F1007F10D0002B0B4818BF002014
S214038C0070470A4870470A4870470A4870470A4838
S214038C1070470A4870470A4870470A48704700BFBB
S214038C200040015A405DC60000093D00C0EA21012C
S214038C3080BA8C010048E801005A62020024F4005E
S214038C4080841E0040420F00014B1868704700BF27
S214038C50BC66002007B500F065FC6A4600F0C2FC5F
S214038C6018B14721034801F028FFDDE9000103B0EE
S214038C705DF804FBB7B703000229F8B596BF104B9F
S214038C8000245C5C012805460E4608D0022809D05D
S214038C9008B944F002040B4B1F6837B9F8BD44F01B
S214038CA00804F8E744F02004F5E77B681A681442E2
S214038CB003D0314628465B6898473F68EDE700BF18
S214038CC02A5204000C3E002038B5104D2B78ABB169
S214038CD00F4C23781BB100F031FA002323700020D9
S214038CE001F0FEFE0B4C50B100F07AFA002301218E
S214038CF020782B70FFF7C0FF0123237038BD0122B5
S214038D00054B1A702278054B1A70F7E7D45C0020DF
S214038D10D25C0020D95C0020D55C0020D65C002005
S214038D200E490B78FF2B01D198B170470BB990B958
S214038D307047002814BF0122FF2213440B7060B152
S214038D40074B1B78012B08D9064B1B782BB9FFF76B
S214038D50BBBF1A46F1E70122EFE77047D85C002055
S214038D60D95C0020D55C002010B501F0A4FD064BAD
S214038D7004461B781BB1BDE8104001F097BDFFF712
S214038D80A3FF2046F7E700BFD15C002002282DE9A9
S214038D90F04147D029480378FF2B41D1002941D120
S214038DA01A461344DBB2037000293BD0244E3278B4
S214038DB0012A37D9002B3ED001F07DFD214F044612
S214038DC03B780BB3204D2B781BB901222A701F4A20
S214038DD01370DFF87C8098F8003023B100F0AEF90A
S214038DE0002388F80030204601F060FD012001F0E2
S214038DF077FE01F060FD2B7804461BB100F0F0F916
S214038E0000232B7000233B70204601F04FFD012406
S214038E103078A04206D02146FFF72EFF347001E0DB
S214038E2013B931B9BDE8F081002914BF0122FF222E
S214038E30B7E70122B5E70224EAE700BFD85C0020C3
S214038E40D95C0020D45C0020D15C0020D55C0020D7
S214038E50D25C00202DE9F04385B0EFF3108572B69F
S214038E60AFF3008001F011FF002800F09280624EFD
S214038E70624F337823B10020FFF752FF002333708D
S214038E80387878B903A900F01DFB044650B95C4B4B
S214038E90039A1B689A4200F284800120FFF740FF82
S214038EA0012333703B78002B40F09980554B1B7899
S214038EB0002B00F091804FF00208534CDFF86891C6
S214038EC02078404507D099F8003013B94146FFF79C
S214038ED0D3FE84F80080B8F1020F0FD1DFF82481A7
S214038EE098F8003053B9494B1B7823B900F020F9A2
S214038EF00122474B1A70012388F80030207800F0CF
S214038F00F7F899F8003013B1424B1B782370AFF390
S214038F100080284601F0DFFDEFF3108572B63E4B66
S214038F201A7852B100221A703A4B20781B7898426E
S214038F3003D101212170FFF79FFE384800F082FA23
S214038F4001F0B7FE8046002893D12E4F3B789BB1A5
S214038F5089F80000DFF8B89099F800301BB100F0EC
S214038F60EDF889F80080002001F0BAFD002839D01A
S214038F7000F036F900233B70337823B10020FFF767
S214038F80CFFE0023337000212078FFF775FE002301
S214038F902370AFF30080284605B0BDE8F04301F028
S214038FA09ABD1F4BD3F8008000F048F9039B80441A
S214038FB09845BFF472AF00F03BF98200039942F084
S214038FC0020292B2CDE900422346164AA1EB0801FB
S214038FD0124801F087FD65E700F09CF86BE74FF059
S214038FE001086AE7012000F083F8284601F073FDC4
S214038FF0EFF3108572B6B6E7D35C0020D85C00208A
S214039000143E0020D45C0020D95C0020D75C0020EE
S214039010D25C0020D65C0020CF5C0020183E0020E7
S214039020103E0020698D0300D55C002010B501F0CA
S21403903042FC0022054B1C781A7001F037FC00F046
S21403904005FBE4B22043C0B210BD00BFD05C0020D5
S21403905038B501F030FC094B05461B78012B04D8C4
S21403906001F024FC0024204638BD054B1C6800F0A4
S214039070E5F80444284601F019FCF4E7D95C00201F
S214039080103E00201549164A0B6F10B503F0070370
S2140390901360144A144C9269032B02F00200C2F3C5
S2140390A04002227017D0D1F8203103F00703022BB9
S2140390B011D0D1F8803203F001030C4A137048B183
S2140390C043B9064BD3F8003103F00303591E4B4252
S2140390D04B41137010BD0123EFE700BF0080005023
S2140390E0743E002000C00150DE5C0020DF5C0020E0
S2140390F0012805D00238012808D80020D1F7EEBA97
S214039100034A136923F00403136130BF704700BF9B
S21403911000ED00E0044B054AD3F8203103F00703C3
S2140391201360F8F7EFB900BF008000507C3E0020C4
S2140391300122014B1A707047DD5C0020F8B51F4B07
S2140391401B78002B39D01E4C2378B3B91D4B9A6D70
S214039150D10302D5DA6D92072FD49B6DDB072CD48F
S21403916001F003FD184B194A1860136F23F0070329
S21403917043F003031367FFF703FD01F0F6FC124BFE
S214039180134D1B68134EC01A2B78134F56F8232023
S21403919046F82300111A3A681048521A0A213A6010
S2140391A00932B2FBF1F20133DBB20260B3FBF1F238
S2140391B001FB12332B7000232370F8BDDF5C002005
S2140391C0DC5C002000C000506C3E00200080005095
S2140391D0DB5C0020443E0020403E00203C3E002056
S2140391E008B5F8F790F90D4A0D49136F096823F08F
S2140391F007030B4313670B49D2F82031096823F0A2
S21403920007030B43C2F82031074B1B7813B1012227
S214039210064B9A62BDE80840FFF7B2BC00800050D8
S214039220743E00207C3E0020DF5C002000E00050FF
S214039230014B1878704700BFDF5C0020054B187899
S21403924018B1054B186800EBD000044B1B68184494
S214039250704700BFDF5C00203C3E0020703E0020CD
S21403926008B50D4B1A7892B100221A700B4A136F89
S21403927023F0070343F001031367D2F8203123F0EA
S214039280070343F00403C2F82031FFF779FC0122F9
S214039290034B5A6708BD00BFDD5C0020008000500A
S2140392A000E000500D490B68A0B10022A3B1834231
S2140392B003D1836822B90B6003E01A469B68F5E77F
S2140392C0936083680BB9002070475A6941690A4462
S2140392D05A61F8E72220704702207047883E002034
S2140392E010B501F05EFC0A4C0A4B19682368C31AD2
S2140392F009B9206010BD002BFBD04A699A423ABFD9
S2140393009B1A0022D21A4A6128BF00238968EFE716
S214039310843E0020883E002038B5154D2B682BB3BD
S2140393205B69B3B1134A022014681C4400F088FA40
S214039330204600F047FA00220F492B680A70012ADC
S21403934005D823B1D88880070AD501230B700020DF
S21403935038BD022000F074FA022000F093FAEAE720
S2140393609B68002BF3D058690244E8E72220EFE716
S214039370883E0020843E0020E15C0020C38870B550
S21403938004460D463BB9FFF763FE8542064602D206
S214039390F9F734FA35460E4A656113689BB91460CB
S2140393A0A3600FE02D1A986819466561034618B145
S2140393B05869A842F6D941B18C60A36013B15A69C3
S2140393C0521B5A6170BD0021F2E71460F5E700BF37
S2140393D0883E002070B516469DF81420C0E9033673
S2140393E00271049ABDF818300260002204460D4646
S2140393F08260C38006BB01F0D4FB2844A0613DB95C
S214039400E368656113B120462168984796B13546EF
S21403941001F051FA0646FFF763FF29462046FFF799
S214039420ADFF074B1B68A34201D1FFF775FF30461C
S21403943001F03CFA002070BD01F0B3FB3044DDE7D9
S214039440883E0020F8B50546D0B101F034FA06464A
S214039450FFF746FF0B4B28461F68FFF723FF04461C
S21403946020B1304601F022FA2046F8BDAF42F8D1CB
S214039470FFF752FF2228F4D1022000F0EDF9F0E7BF
S2140394802224F1E7883E002038B50C460546A8B1ED
S214039490A1B100230B7001F01BFA0121084B1B68D6
S2140394A033B901F010FA002038BD9D4204D1217073
S2140394B02278002AF9D0F4E79B68F1E72220F3E745
S2140394C0883E0020F8B506460F4601F001FA00254F
S2140394D00446124B1B6823B9204601F0F4F91B20FF
S2140394E011E05A691544DA88B2420DD101F059FBEE
S2140394F00B4E3368C01AA8420AD3002320463B60AB
S21403950001F0E1F90020F8BDFF2EEFD09B68E2E7FB
S21403951001F047FB33682B441B1AEFE7883E002015
S214039520843E002070B501F0D3F9064601F039FBFE
S214039530084B044601201D6801F023FB18B101F017
S21403954030FB04460135304601F0BDF92046294676
S21403955070BD00BF903E0020014B1868704700BFE7
S2140395608C3E0020F8B50C4B05461B680E4683421E
S2140395700FD3002440F2E7302146084B4FF47A72AB
S2140395801F680023E5FB0701E1F7EAFD306020468C
S214039590F8BD2120FCE700BF803E00208C3E002063
S2140395A00F4B10B51A689AB14FF47A71531E1342D3
S2140395B0A0FB01010ED1B2FA82F2C2F11F04531CC2
S2140395C0D243E04001FA03F3184321FA02F20243BE
S2140395D0104610BD0023E1F7C3FD0246F8E700BFBF
S2140395E08C3E002038B5164B14468342154B8B41F0
S2140395F023D3154B1A6802B34FF47A75A0FB050301
S21403960005FB0131531E134211D1B2FA82F3C3F1A3
S2140396101F055A1CDB4301FA02F2E84021FA03F362
S21403962010431843E940C4E90001002038BD002375
S214039630E1F796FDC4E90001F7E72120F6E700BF4E
S214039640EFA7C64B378941008C3E002010B501F0CA
S2140396503FF9034B1C7801F036F9E4B2204610BDFF
S214039660E05C002008B5084B1B7803F0FF004BB105
S21403967001F07BFA054B1B689B69C01A02288CBF56
S2140396800020012008BD00BFE15C0020883E0020CA
S214039690C2072DE9F843044607D5474A1368013342
S2140396A01360FFF71DFEFFF737FEA30740F1818027
S2140396B001F00EF94FF0000805464646FFF710FE88
S2140396C03E4F3C680CB16369A3B100223C4B012EAC
S2140396D01A7003D118F0020F18BF1E70FFF71CFE96
S2140396E0222802D1022000F0B7F82846BDE8F84346
S2140396F001F0E9B823465A693AB91A7921799142B1
S21403970088BF1C469B68002BF5D1284601F0DBF882
S214039710D4F81080B8F1000F3FD001F042FAA269E6
S214039720851AEB17454573F1000337DB23691344AA
S214039730A36101232269CAB1C3B9A38BB8EB050899
S21403974033B1E28B13449BB2B3F57A7F1CD2E38327
S21403975001F0BEF8054641462046FFF70FFEA36913
S214039760226928461344A36101F0ADF8E36813B1F8
S214039770204621689847B4F8068001F0A9F8013618
S2140397800546FFF7ADFD9CE7A3F57A73E383A3696C
S21403979018F1FF38013BA361DAE7454601F098F874
S2140397A081462046FFF77EFD484601F08CF80023ED
S2140397B0C0E7BDE8F88300BF903E0020883E002047
S2140397C0E05C002010B5044601F075F84FF0B04297
S2140397D0936A1907FCD4136A116C5269120704D4EE
S2140397E0CA1A032A01D899420ED1E21A022A98BF4E
S2140397F0DC1CB4F1FF3F38BF013C4FF0B0430822F6
S2140398001C6403F580539A6101F050F8054A1378F7
S2140398103BB14FF0B041CB6B43F00203CB63002365
S214039820137010BD236C002007B5044B01A91879EB
S21403983001F0E7F8019803B05DF804FB68500400F4
S21403984000F001038207034A48BF43F0080393610D
S214039850704700BF00100058820700F001030AD5C6
S2140398600121064A43F0080311704FF0B041CA6B5A
S21403987022F00302CA63024A93617047236C0020F6
S21403988000200058830742BF0822014B5A617047E5
S2140398900010005873B502AB164603E906000446EB
S2140398A000F052FF0546204600F05EFF9DF80020BC
S2140398B08DB1202C33780ED8012B2ED84FF6FF759A
S2140398C02D4803EB4313234430F81310A94202D068
S2140398D0013120F81310294B294E33F8141036F8AB
S2140398E01400814232D34FF6FF75A9424FF00105AB
S2140398F002D0013123F8141004F0FD01092927D101
S214039900998AB68A0A44B242B4BF9A829E8233F8D0
S2140399101430834227D202B070BD022BDBD14FF640
S214039920FF704FF6FF75144B33F81410814218BFBF
S214039930013104F1210018BF23F8141033F8101076
S214039940A9421CBF013123F81010C4E70025D0E755
S2140399501D2CDCD1598F8E18864203DA01390A444E
S2140399605A87D4E75887002DD5D1204602B0BDE8E4
S214039970704001F031B900BFE8580020C0590020FC
S2140399806C59002038B50D46044600F0A1FF064A80
S21403999013889BB22DB123431380BDE8384000F0F3
S2140399A092BF23EA0403F7E7C65B00200022034BBB
S2140399B001214FF480701A70FFF7E4BFF2620020B3
S2140399C008B5054B1868FCF72EFE00F00300C31E0F
S2140399D05842584108BD00BFE055002038B504463C
S2140399E001F098F90C4B05461978187981420FD087
S2140399F0631E082B0CD8DFE803F0050D0B0D0B0DCB
S214039A000D0D0D0000220146044B1868FCF709FEF5
S214039A10284638BD0022F7E7516C0020E0550020A9
S214039A2038B54FF0FF300C46FFF77AF80A4B054679
S214039A301868FFF775F8641B241A20B210F1630F39
S214039A4006DB10F1240F05DA64308000C0B238BD9F
S214039A500020FCE7FF20FAE7E055002008B5134B8B
S214039A601B78062B04D040F62101114801F025F897
S214039A70104B1B881B0704D440F622010C4801F048
S214039A801CF80D4B2A201978FFF7A8FF00210820A1
S214039A90FFF778FF0222094B1A70094B1868E8F79C
S214039AA077FBBDE8084001F084B800BFF2620020EF
S214039AB0DA4C0400C65B0020EF620020806C0020B6
S214039AC0E055002010B50E4C236823B940F6A34199
S214039AD00C4800F0F2FF2068013001F0CCF800F0EB
S214039AE0070003280AD1246809220121204600F032
S214039AF0E3FB205C031F5842584110BD0020FCE7DF
S214039B00D0550020DA4C040038B50C4640B100218D
S214039B100420FFF737FF01F04CF8012C1DD038BDA9
S214039B20244B1B889B07F6D50129234A2FD111788E
S214039B3069B30139C9B2117011B92020FFF722FFAA
S214039B4000210220FFF71EFF04221C4B00211C48A5
S214039B501A7000F05DFD01F02CF81A4C20680130F5
S214039B6001F089F800F44060B0F5006F1FD1246857
S214039B7001210422204600F09FFB204401F07BF8DD
S214039B800146BDE838400022202001F03DB8002100
S214039B900D4D02201170FFF7F5FE2B78FF2B04D036
S214039BA040F29961094800F088FF2C70B3E74FF63E
S214039BB0FF71E6E7C65B0020F1620020F262002038
S214039BC0C8690020D0550020816C0020DA4C0400C0
S214039BD038B5134C05462388580709D5FFF7F0FE1A
S214039BE001460720FFF7FAFEFF210120FFF78CFF4F
S214039BF0238899070BD50B4B284619788A1F5142A1
S214039C005141FFF7EBFE01210020FFF77DFF23887C
S214039C101B0703D5BDE83840FFF720BF38BD00BF9C
S214039C20C65B0020F2620020F7B5124CD4E900654B
S214039C3086EA020C85EA03070CEA000C0F405CEA8E
S214039C40070E15D086EA0C067D40C4E90065CDE90B
S214039C5000230B46084902460868FCF7A6F838B105
S214039C604FF4FD71054803B0BDE8F04000F025BF92
S214039C7003B0F0BDA8150020E0550020DA4C040020
S214039C8008B50A4B1B88DB0604D440F64701084890
S214039C9000F013FF00211020FFF774FE002000F0F1
S214039CA06BFBBDE8084000F084BF00BFC65B002026
S214039CB0DA4C04002DE9F04F5706804614461D463D
S214039CC091B005D5FFF77CFE01460120FFF786FE1F
S214039CD0EE0403D500212D20FFF780FEA00224D535
S214039CE04046FCF74CFD0146F8B94020FFF74AFE14
S214039CF040460AA9FCF720F9B8B99DF83030022B84
S214039D0040F0D980BDF8280001F0A3F8FF2808D159
S214039D104046FCF70FF940B901214020FFF732FE19
S214039D2003E001F09AF80028F2D1A10305D5FFF766
S214039D3047FE01460320FFF751FEE20104F080765A
S214039D4040F1C080854B1B889B072DD5844E306819
S214039D50FCF787F840BB834B834F18703B78FF2B89
S214039D6004D040F25761814800F0A7FE4FF0000987
S214039D7000210220FFF706FE87F800907C4F3B7811
S214039D80062B07D101210820FFF7FCFD49462820B2
S214039D90FFF724FE3B78052B06D100212B20FFF787
S214039DA01DFE3068E8F7F4F900F003FF220717D525
S214039DB06B4F0321386805AAFCF76DF8064620B9F1
S214039DC040F2C961694800F078FE9DF81430072B0D
S214039DD000F0D080FFF7F4FD01460420FFF7FEFDF8
S214039DE0E10505D5FFF7ECFD01460420FFF7F6FD78
S214039DF014F4863F05D0FFF7E3FD01460220FFF784
S214039E00EDFDA20113D5FFF7DBFD01460820FFF7A2
S214039E10E5FD00210420FFF7B5FD554B1B78012B0C
S214039E2003D14F4B1868E8F7B3F900F0C2FE14F0FD
S214039E30084F09D0FFF7C4FD01460720FFF7CEFD04
S214039E40FF210120FFF760FEA30009D5FFF7B8FD49
S214039E5001460620FFF7C2FDFF210120FFF754FE4F
S214039E60A70705D53D4B1B881E0701D5FFF7F6FD53
S214039E706C0603D500210A20FFF7B0FD280602D59D
S214039E800120FCF78DFCE90540F1858140460AAACE
S214039E9005A9FCF7C4FB9DF81430222B00F06D8156
S214039EA000F28281152B40F26A8140F60A112F4890
S214039EB000F003FE6FE1032B7FF437AF0AA800F030
S214039EC0C4FF30E705F0020756EA07030DD0284B18
S214039ED026201978A1F1060EDEF1000141EB0E01F2
S214039EE0FFF77CFD0121304611E004F0805656EA68
S214039EF007030FD01E4B26201978A1F1060CDCF1C0
S214039F00000141EB0C01FFF769FD02213846FFF71C
S214039F10FBFD4BE704F0884151EA060309D0144BD6
S214039F20272019788F1F79427941FFF757FD0221C1
S214039F30D9E705F008030B4302D02320FFF74EFDB5
S214039F40680703D500212420FFF748FDE9077FF5BE
S214039F502DAF00212520FFF741FD27E7C65B002034
S214039F60E0550020F1620020816C0020DA4C0400EA
S214039F70F2620020314638680AAAFBF792FF20B146
S214039F804FF4DA619E4800F098FDBDF81630386845
S214039F9002330AA9ADF82C30FBF785FF20B140F257
S214039FA0DF61974800F089FD0023009331460423C0
S214039FB0386804AAFBF779FF042804D040F2E4616A
S214039FC08F4800F07AFDDFF8589299F80030C3BB4B
S214039FD00DF1110000F04FFE00F00700022830D10B
S214039FE0FFF7EEFC01460920FFF7F8FC854B1B78CC
S214039FF0062B23D1844B9DF813201B789A421DD140
S21403A0009DF8353023B940F2FA617D4800F055FDDE
S21403A0100DF1110000F02FFEC0F300163146292083
S21403A020FFF7DCFC00210820FFF7ACFC774B1E7023
S21403A030FFF748FD10B93868E8F7AAF800F0B9FD4D
S21403A040CEE6BDF816000121083080B200F068FAAB
S21403A050039030B9FFF7B4FC01460420FFF7BEFCBB
S21403A060ECE700F0E9F905AA014606463868FBF76F
S21403A07024FF99F800A0BAF1000F22D106F1010BD4
S21403A080584600F0F8FD83065AD53868FCF777FB88
S21403A0900746FFF795FC05370146F8B2FFF79EFC27
S21403A0A0584600F0E8FD00F007000328584F2DD06F
S21403A0B001210420FFF766FC4FF0FF30FBF71CFF7F
S21403A0C0386000225349BDF816300978F718F15462
S21403A0D09DF83630BB709DF83730FB700A9B190E1F
S21403A0E03971190C7971FB71190A99F80030B97135
S21403A0F023B9737892B343F020037370002000F003
S21403A10069F97870039800F071FA97E7012109223C
S21403A110304600F0D1F8305C01210428C9D1FFF79E
S21403A12031FC4FF0FF30FBF7E7FE3B4B38601B88F4
S21403A1305806C6D551464020FFF724FC0122C1E746
S21403A140FFF73EFC01460920FFF748FC2D4B1B7822
S21403A150012BB6D13868E8F71BF8B2E723F02003E3
S21403A160CBE701227E33DBB202FA03F313F00A1FB6
S21403A17031D113F0011F3FF498AE27202CE00122C3
S21403A18002FA03F3254A1A402ABB13F0041FF4D13C
S21403A190DA077FF58AAEAB052FD50121802011B0F3
S21403A1A0BDE8F04FFFF7EEBB652B1AD8622B12D82B
S21403A1B0452B0CD8422B0ED8352B06D8322B0AD873
S21403A1C0252B08D9322BD8D06FE6422BFBE7552B2D
S21403A1D005D8522BF7D92620FFF7FAFCDBE7622BCC
S21403A1E0F1E7952B3FF661AE812BBAD8722BC4D01C
S21403A1F0733B022B3FF659AEEDE711B0BDE8F08F87
S21403A200DA4C0400F2620020EE620020806C00202C
S21403A210CC550020826C0020C65B00203A00380034
S21403A220F5620020024B1878B0FA80F040097047B8
S21403A230F262002008B5064B4FF0FF311868FCF7B2
S21403A24014FA0028B8BF033040F3870008BD00BFE8
S21403A250E055002008B5074B1868FBF73BFD30B107
S21403A260054BB3FBF0F083B20BB1184608BD0120D3
S21403A270FCE700BFE055002040420F0038B5102031
S21403A2800C460121FFF77EFB064B1D68FFF7E2FF36
S21403A290012200FB04F1044B2846FCF7CBF900200F
S21403A2A038BD00BFE0550020819C0300014800F044
S21403A2B004BC00BFF44C0400032A70B5144602D84D
S21403A2C02C4B985C70BD81F0010519B90D2A07D196
S21403A2D0FF20F7E70D2A03D100780538C0B2F1E76F
S21403A2E0084400F0C8FCC5F1040110F440660246B9
S21403A2F0C9B209D1042C0846E4D0052C16D112F0B5
S21403A300400F18BF0846DDE7C5F10603042CD8B294
S21403A310D8D0B6F5006F03D1C5F10805E8B2ECE76F
S21403A320B6F5406FE9D1C5F10E05F7E712F44041E3
S21403A33007D1062CC6D0072CC4D0082C13D1013065
S21403A340CCE755065CBF831CD8B2062CBAD0B1F551
S21403A350004F02D1831CD8B2EDE7B1F5404FEAD1E6
S21403A36000F10803F7E7130744BF0530C0B20C2C0F
S21403A370A8D9ADE7C8980400AC2370B5094C0546C8
S21403A38003FB00435E6D26B940F2FD31064800F03C
S21403A39094FBAC2303FB0544002363653346BDE807
S21403A3A070401847E4550020314D040010B40C46A5
S21403A3B01146AC22064B02FB0033586D20B95C6590
S21403A3C05DF8044BFFF75ABF02205DF8044B704755
S21403A3D0E4550020AC22034B02FB003393F8A8009D
S21403A3E0704700BFE455002028B1034B1B68C01A12
S21403A3F04010013080B27047A456002030B1044BA1
S21403A40000F100401B68013803EB4000704700BFB3
S21403A410A4560020064B1B68834206D8054B1B68D0
S21403A420834294BF0020012070470020704700BF7E
S21403A430A4560020A056002010B5044608B90020F4
S21403A44010BD00F075FC20B940F2CD41074800F07E
S21403A45034FB2046FFF7D2FF0028F0D00388DB0B3F
S21403A46014BFD0F80A000830EAE700BF084D04001E
S21403A47010B508B9002010BDFFF7C0FF044600F072
S21403A4804EFC20B94FF49D61064800F016FB002CE5
S21403A490F0D02388DB0B0ABF60882089C0F30C004A
S21403A4A0E9E700BF084D040038B5FFF7A7FF0D46E0
S21403A4B0044650B100F033FC20B940F24151034842
S21403A4C000F0FBFA023534F8150038BD084D0400D9
S21403A4D070B5FFF793FF0C4616460546B0B100F07D
S21403A4E01EFC20B940F24D510C4800F0E6FA304607
S21403A4F0FFF784FF00F013FC20B940F24E510748E3
S21403A50000F0DBFA023425F8146070BD40F25251B5
S21403A510BDE87040014800F0D0BA00BF084D040003
S21403A5202DE9F8430746884600F069FB20B940F258
S21403A5308E512A4800F0C1FAFC1CA408284B64007C
S21403A5400434B7F5005F1E68A4B204D340F29551F5
S21403A550224800F0B2FA00F0BBF9224981460B68A4
S21403A5607BB9214B1D68761BC6F34F06B44227D929
S21403A5700025484600F0A7F92846BDE8F843FFF74C
S21403A58033BFB8F1000F11D0174A15685A1BC2F330
S21403A5904F029442ECD81448620005EB440404606E
S21403A5A0B8F1000F0FD113440B600CE0F61AC6F394
S21403A5B04F0676B940F2A651084800F07EFAD7E770
S21403A5C005EB44041C6000236F80AB80EB802B807C
S21403A5D0CFE7B442CCD8044A1568DCE7084D04003C
S21403A5E0A856002090560020A056002038B50546F1
S21403A5F000F06EF9044629460448002200F0A5FB45
S21403A6002046BDE8384000F05EB900BFCC5B0020B2
S21403A61082684B4B2DE9F0419A4204460E46056884
S21403A62015D121B140F21311464800F046FA00F066
S21403A6304FF923691BB92B682BB924612C60BDE83D
S21403A640F04100F040B91A6922611C61F6E700F098
S21403A6502DFA8046FEF76AFA20B14FF49571394811
S21403A66000F02BFA6FF000439E4221694BD22B7BFE
S21403A67008EB0602002B4DD0AB6893424AD1531C1D
S21403A680002949D06169994242D01EB9521AB2F1E3
S21403A690004F3DD9636123696E689C4203D19D21B7
S21403A6A0284800F00AFA2F460023B4420BD0002BAA
S21403A6B041D172696169891AB1F1004F32D83269A2
S21403A6C0374694422CD12269BD420CBF6A603A6178
S21403A6D07BB92669B44203D1B8211A4800F0EDF9D4
S21403A6E03B46012E05D062697169521AB2F1004FDA
S21403A6F023D99D420BBF6B681A69236122610CBF85
S21403A7006C601C6104E0434431B162699342C1D179
S21403A710BDE8F0811346B3E76A6822616C60B9E767
S21403A7201646C6E7A8EB0202B2F1004FC7D93B466E
S21403A73037463669B9E71F46F9E733463669D0E741
S21403A740693C02001C4D04000823064A12F8011B4C
S21403A750814205D0013B13F0FF03F7D1184670473B
S21403A76001207047799904000823064A12F8011B52
S21403A770814205D0013B13F0FF03F7D1184670471B
S21403A780012070477199040010B508220749044652
S21403A790E1F79EFBB0FA80F04FF6FF73228940097B
S21403A7A040009A4208BF40F0010010BD8A99040099
S21403A7B030B504460D4685B002B9084A106851689C
S21403A7C001AB03C301AB03CB20602046ADF80C50AE
S21403A7D01B886160238105B030BD00BFDCD5030054
S21403A7E0002270B50A4B1C780A4BD5B2AC4202D88D
S21403A7F000200C7008E01E880132864205D30D70D7
S21403A8001B881B1A5842584170BD1233EDE700BF30
S21403A8106F6200206C5B002010B5164B187860B191
S21403A820154C2368CBB14FF4707200201349FFF721
S21403A830BDFD2368013B236010BDFFF7FBFC1049F9
S21403A840104A91F90040136884420B4C03F101034C
S21403A85013602368B8BF087053B90B4800F09DFA1D
S21403A8600028E9D1BDE8104001460748FFF7D0BEEF
S21403A8700822DAE7426300201C57002019A80300C9
S21403A8803D63002014570020946B0020054B1B6883
S21403A8902BB9054B1868003818BF012070470120F4
S21403A8A0704700BF0C5700200857002010B962B647
S21403A8B0BFF36F8F7047EFF3108072B67047302385
S21403A8C083F31188704780F31188BFF36F8F704747
S21403A8D0EFF31180302383F311887047002070470D
S21403A8E04FF4004070474FF47A7070470122417866
S21403A8F003788A4030214B4341F2100103F1A04311
S21403A90003F570335A507047B0F5802F24D010D813
S21403A910B0F5003F22D006D828B3B0F5803F14BF69
S21403A920012048207047B0F5403F14BF01202C207B
S21403A9307047B0F5302F13D008D8B0F5E02F11D0FC
S21403A940B0F5202F14BF012010207047B0F57F0FFD
S21403A95014BF0120062070474B2070472A207047FB
S21403A960112070472120704708B570B100F022F817
S21403A9704FF098435A6CD202FCD5586D10F47020F1
S21403A98004D0BDE80840FFF7BFBF212008BD08B5C7
S21403A99028B128220021E0F74FFF002008BD212020
S21403A9A0FCE7036A042B9FBF00EB83020133D160ED
S21403A9B003627047036A052B14D84FF09842116C54
S21403A9C0C902FCD504339B0013650168103B116074
S21403A9D04168116050F8081F11604FF09842034415
S21403A9E0984200D1704750F8041F1160F8E7836857
S21403A9F013B9816070475B685A68012AFBD15960B6
S21403AA00704709B100F008B822207047012100F012
S21403AA1046B8002100F043B870B506460D46FFF76A
S21403AA2057FF04461D2E37D8DFE806F00F18361CEE
S21403AA301E203622243636362628362A2C2E303644
S21403AA4036363634363636363632FEF77FF8002656
S21403AA5028602046FFF737FF304670BD0120CFF74A
S21403AA60D7FBF4E70320FAE70420F8E70C20F6E721
S21403AA700220F4E70620F2E70720F0E70820EEE7D7
S21403AA800520ECE70920EAE70A20E8E70D20E6E7D9
S21403AA901020E4E70B20E2E700202126D8E7002079
S21403AAA0704708B5FEF7D6F880B208BD08B5FEF7BE
S21403AAB0D1F808BD704742DE704738B504460D46E8
S21403AAC000F008F8FFF7FBFE29462046BDE83840AD
S21403AAD0FFF7F1BF704710B962B6BFF36F8F7047C9
S21403AAE0012070472DE9FF410D4616461F460446D2
S21403AAF0A8B14FF00008C0F81C80FEF7A3FCBDF811
S21403AB002C30424602939DF828302946CDE900733F
S21403AB1020463346FEF75EFC04B0BDE8F0812220F3
S21403AB20FAE7F0B51F46002387B00D4616460446DF
S21403AB308DF81730A8B1C3610DF11701FEF7A4FC19
S21403AB409DF817207AB9BDF83430294602939DF84C
S21403AB5030302046CDE900733346FEF73BFC07B0A2
S21403AB60F0BD2220FBE70320F9E738B5FFF7B0FE78
S21403AB70054600F016F804462846FFF7A4FE2046CE
S21403AB8038BD4FF0B04301285B6904D0022805D1D5
S21403AB90C3F3C000704703F00100704700207047FE
S21403ABA070474FF0B0439A6A1207FCD4186A70478E
S21403ABB0704708B5FFF7FCFF00F01DF808BD10B599
S21403ABC0FFF779FE012104460846FEF7DFF8204624
S21403ABD0BDE81040FFF76ABE10B5044600F012F851
S21403ABE02046FAF7F7FF2046F8F72CF9BDE81040A1
S21403ABF0F9F7EFBC704708B5FFF7FCFF08BD012067
S21403AC00704770470020704730B589B00446ADF8EA
S21403AC1006108DF81020FFF797FD05462046FFF730
S21403AC20A3FD03469DB1BDF80600ABB900F0BAF824
S21403AC30FF2808BF00200DF10F038DF80F001A46FA
S21403AC40204604990593FEF725FE09B030BD00287B
S21403AC50F5D00DF10603F2E700F0A4F8FF2808BFCD
S21403AC600020BDF806308DF80F00ADF81A308DF8C9
S21403AC70180006ABE3E7008870470170090A4170C5
S21403AC807047012070470120704738B5DFF714FD81
S21403AC900446D4F743FD051E18BF2546D4F710FE19
S21403ACA0041E18BF2C46FFF7ECFF002818BF2046EB
S21403ACB038BD38B5FEF7BAF90446F7F7C3FA0428E1
S21403ACC01ED002284FF0000508BF0124F8F762F9EA
S21403ACD0042817D0022808BF0124F7F7F2FE042839
S21403ACE012D0022808BF0124FFF7CDFF04280DD099
S21403ACF0022808BF0124002D18BF0024204638BDB3
S21403AD000125E3E70125E8E70125EDE70024F5E75C
S21403AD10FF20704708B5FFF7FBFF002008BD08B506
S21403AD2020B1FFF777FB00F0010008BD0120FAE72A
S21403AD3008B5FFF763FBBDE80840FFF7F0BF0088E0
S21403AD4010B1C9B2FFF7B0BB70472DE9F041B0F8B8
S21403AD50008006460C46D5B2B8F1000F11D029463E
S21403AD604046FFF7A1FB2246074629464046FFF723
S21403AD70AFFB3A4629462046FFF7AAFB3480BDE8D8
S21403AD80F0810F46F5E703461B8808468B4202D040
S21403AD900021FFF789BB002070470069003818BF01
S21403ADA00120704700207047F8B506460D46FFF7AA
S21403ADB0EBFC0328044621D02846FFF7E5FC0328CE
S21403ADC007461BD010F0020318D1A0070DD5F907CC
S21403ADD016D401233C43E20704D431892A899142DD
S21403ADE018BF002303F00100F8BD082229463046A9
S21403ADF0E1F76EF8B0FA80F35B09EBE70020F3E7C0
S21403AE001846F1E770B50D4600210646FFF797FF93
S21403AE10044630B1FFF710FB01462846FFF7C4FF90
S21403AE2008B1204670BD21463046FFF7ACFFEFE77A
S21403AE3007B50DF10701FFF7D3FC20B19DF8070016
S21403AE4003B05DF804FBFF20FAE700207047FF20FD
S21403AE507047FF207047FF20704700207047002090
S21403AE6000217047002070472DE9F843074608463F
S21403AE70154688461C469DF82090FFF7DDFA4619CE
S21403AE80A4B19EB14046FFF7F3FA254485420FDC92
S21403AE902246B9F1000F06D131463846E0F71EFDCB
S21403AEA00020BDE8F88339463046F7E72120F8E767
S21403AEB01D20F6E700000000000000000000000070
S21403AEC0F8B500BFF8BC08BC9E467047F8B500BF8F
S21403AED0F8BC08BC9E4670475FF800F07564002017
S21403AEE05FF800F011650020446576696365207499
S21403AEF0797065206368616E676520646574656351
S21403AF007465643A202564202D3E2025640D0A00CE
S21403AF1050726573732064657465637465640D0AA3
S21403AF20004D756C74692070726573732064657464
S21403AF3065637465643A2025640D0A0052656C6582
S21403AF406173652064657465637465640D0A004CFB
S21403AF506F6E6720707265737320646574656374BF
S21403AF6065640D0A0072656C61795F73746172744F
S21403AF705F6C61746368696E675F70756C73653A5E
S21403AF8020616E6F746865722070756C73652069D6
S21403AF9073206163746976650D0A0072656C617966
S21403AFA05F6F6E0D0A0072656C61795F6F66660D82
S21403AFB00A0072656C61795F746F67676C650D0A6A
S21403AFC00057726974696E6720636F6E66696720DF
S21403AFD0746F206E763A2025730D0A0053697A65DE
S21403AFE03A2025640D0A004661696C656420746F17
S21403AFF0207772697465204445564943455F434F3D
S21403B0004E4649475F4441544120746F204E562CA8
S21403B010207374617475733A2025642E2028627930
S21403B0207465733A202564290D0A00737563636596
S21403B0307373210D0A004661696C656420746F2082
S21403B04072656164204E565F4954454D5F444556CC
S21403B0504943455F434F4E4649472C207573696EF7
S21403B060672064656661756C7420636F6E666967D6
S21403B07020696E73746561642C20737461747573D0
S21403B0803A2025642E202862797465733A20256455
S21403B090290D0A005573696E6720636F6E666967CC
S21403B0A03A2025642063686172732066726F6D0DA3
S21403B0B00A25730D0A0072636F31797A62313B5445
S21403B0C053303034462D4C49444C3B424130753B5B
S21403B0D0534230753B4944303B425443313B4D3B2E
S21403B0E0004E6574776F726B20737461747573208A
S21403B0F06368616E67656420746F2025640D0A00BB
S21403B1004D616E75666163747572657220746F6FD8
S21403B110206269670D0A004D6F64656C20746F6F5B
S21403B120206269670D0A00496E697469616C697A01
S21403B130696E67205A696762656520776974682057
S21403B14025642073776974636865732C20256420EF
S21403B15072656C6179732C20256420636F76657243
S21403B1602073776974636865732C20256420636F86
S21403B170766572730D0A00436F6E666967207061A9
S21403B18072736564207375636365737366756C6C3D
S21403B190790D0A00726561642076657273696F6E55
S21403B1A020666F726D206E6577206C6F63617469BD
S21403B1B06F6E0D0A004661696C656420746F2077B4
S21403B1C072697465206C6173745365656E56657237
S21403B1D073696F6E20746F204E562C2073743A205A
S21403B1E025640D0A004F6C642076657273696F6E72
S21403B1F03A2025640D0A0043757272656E742076D4
S21403B200657273696F6E3A2025640D0A00524553C2
S21403B210455420414C4C210D0A0068616C5F6770F1
S21403B220696F5F63616C6C6261636B3A2065787407
S21403B23069206C696E6520256C642073746174756F
S21403B2407320256C750D0A0068616C5F6770696F03
S21403B2505F63616C6C6261636B3A206E6F2066722B
S21403B26065652045585449206C696E65730D0A0060
S21403B2702F686F6D652F72756E6E65722F776F729E
S21403B2806B2F747579612D7A69676265652D73779F
S21403B290697463682F747579612D7A696762656569
S21403B2A02D7377697463682F73696C6162735F7457
S21403B2B06F6F6C732F73696D706C69636974795FF4
S21403B2C073646B2F2E2E2F2E2E2F7372632F73699C
S21403B2D06C6162732F68616C2F7A69676265652E8D
S21403B2E0630044726F7070696E67206F6C64204FE2
S21403B2F0544120696D6167652C2063757272656EB3
S21403B30074206F66667365743A20256C750A00555B
S21403B3106E6B6E6F776E20636F76657220636F6DEC
S21403B3206D616E643A2025640D0A00556E6B6E6F70
S21403B330776E20636D642025640D0A00427574746D
S21403B3406F6E2070726573732064657465637465CD
S21403B350642C20627574206E6F20627574746F6E31
S21403B36020697320707265737365640D0A004275F5
S21403B37074746F6E206C6F6E6720707265737320C3
S21403B38064657465637465642C20627574206E6FDF
S21403B39020627574746F6E206973206C6F6E6720FD
S21403B3A0707265737365640D0A004E6F20636F7663
S21403B3B065722073776974636820636F6E66696766
S21403B3C020696E204E562C207573696E672064655F
S21403B3D06661756C74730D0A0041747472696275E4
S21403B3E07465206368616E6765642C2065703A2017
S21403B3F025642C20636C75737465723A2025642C5F
S21403B40020617474723A2025640D0A00506F6C6CC8
S21403B41020636F6E74726F6C3A2073656E64696E28
S21403B4206720636865636B2D696E0D0A005A434C8B
S21403B4302061637469766974792C20656E7465720D
S21403B440696E67206661737420706F6C6C0D0A00FA
S21403B450506F6C6C20636F6E74726F6C3A20636807
S21403B46065636B2D696E20726573706F6E73652CE2
S21403B47020666173743D25642C2074696D656F7551
S21403B480743D25640D0A00506F6C6C20636F6E74F8
S21403B490726F6C3A206661737420706F6C6C2073E5
S21403B4A0746F700D0A00506F6C6C20636F6E74724D
S21403B4B06F6C3A20736574206C6F6E6720706F6CC8
S21403B4C06C20696E74657276616C3D256C750D0A29
S21403B4D000506F6C6C20636F6E74726F6C3A2073DF
S21403B4E065742073686F727420706F6C6C20696E5D
S21403B4F074657276616C3D25640D0A00506F6C6C42
S21403B50020636F6E74726F6C3A20636865636B2D8D
S21403B510696E20696E74657276616C2077726974E1
S21403B52074656E3D256C750D0A00506F6C6C206358
S21403B5306F6E74726F6C3A20696E76616C69642004
S21403B540636865636B2D696E20696E7465727661D8
S21403B5506C2C20726576657274696E670D0A0050EE
S21403B5606F6C6C20636F6E74726F6C3A20666173D7
S21403B5707420706F6C6C2074696D656F75742077BA
S21403B58072697474656E3D25640D0A00506F6C6CA9
S21403B59020636F6E74726F6C3A20666173742070EA
S21403B5A06F6C6C2074696D656F75742C2073776986
S21403B5B0746368696E6720746F206C6F6E672070A3
S21403B5C06F6C6C0D0A00556E6B6E6F776E204C6554
S21403B5D076656C4374726C20636F6D6D616E643A4E
S21403B5E02025640D0A00556E6B6E6F776E204F6EC6
S21403B5F04F666620636F6D6D616E643A2025640D39
S21403B6000A00496E646578206174207772697465F0
S21403B61020617474723A2025640D0A004E6F2073FD
S21403B620776974636820636F6E66696720696E2046
S21403B6304E562C207573696E672064656661756C5B
S21403B64074730D0A00496E76616C69642072656CCA
S21403B65061795F696E64657820256420696E204E83
S21403B660562C20726573657474696E6720746F2038
S21403B67064656661756C740D0A003E2000556E6B3A
S21403B6806E6F776E206572726F7200496E70757496
S21403B690206275666665722069732046554C4C00B9
S21403B6A04D6178696D756D206E756D626572206F7C
S21403B6B06620617267756D656E7473206578636561
S21403B6C0656465640054686520617267756D656EB0
S21403B6D074206973206E6F7420666F726D61747464
S21403B6E0656420636F72726563746C7900496E6378
S21403B6F06F727265637420617267756D656E742010
S21403B7007479706500496E636F7272656374206E38
S21403B710756D626572206F6620617267756D656E02
S21403B7207473004E6F20636F6D6D616E6420666F79
S21403B730756E640075696E74380061646469746953
S21403B7406F6E616C002A00756E6B6E6F776E007796
S21403B750696C6463617264006865786F7074007303
S21403B7607472696E676F70740075696E7433326FC6
S21403B77070740075696E7431366F70740075696E17
S21403B78074386F70740068657800737472696E67D6
S21403B7900075696E7431360075696E743332002E27
S21403B7A02E2E200068656C70000A25730A25732503
S21403B7B0730025732008002F686F6D652F72756EF2
S21403B7C06E65722F776F726B2F747579612D7A6938
S21403B7D0676265652D7377697463682F747579611D
S21403B7E02D7A69676265652D7377697463682F734D
S21403B7F0696C6162735F746F6F6C732F73696D70BE
S21403B8006C69636974795F73646B2F706C617466BB
S21403B8106F726D2F736572766963652F6C656761EA
S21403B82063795F68616C2F7372632F626173652D32
S21403B8307265706C6163656D656E742E63002F6848
S21403B8406F6D652F72756E6E65722F776F726B2FC5
S21403B850747579612D7A69676265652D7377697486
S21403B86063682F747579612D7A69676265652D73D0
S21403B87077697463682F73696C6162735F746F6F43
S21403B8806C732F73696D706C69636974795F736425
S21403B8906B2F706C6174666F726D2F736572766949
S21403B8A063652F746F6B656E5F6D616E616765723E
S21403B8B02F6C65676163792F7372632F736C5F7484
S21403B8C06F6B656E5F6D616E616765722E63002FC9
S21403B8D0686F6D652F72756E6E65722F776F726BFC
S21403B8E02F747579612D7A69676265652D7377693B
S21403B8F07463682F747579612D7A69676265652D3F
S21403B9007377697463682F73696C6162735F746FAE
S21403B9106F6C732F73696D706C69636974795F7389
S21403B920646B2F706C6174666F726D2F73657276BD
S21403B9306963652F746F6B656E5F6D616E616765B6
S21403B940722F6C65676163792F7372632F736C5FF5
S21403B950746F6B656E5F6D616E7566616374757229
S21403B960696E672E630043757272656E7420436F4B
S21403B9706E6669673A202530780053657420434322
S21403B98041206D6F646520746F2025643A2025304E
S21403B9907800656E61626C65640064697361626CED
S21403B9A06564006F757428636C69656E7429006935
S21403B9B06E202873657276657229004D46472053BC
S21403B9C07472696E673A2025730041707042756918
S21403B9D06C646572204D464720436F64653A203099
S21403B9E07825303458006E6F6465205B00416464CC
S21403B9F06974696F6E616C20696E746572666163E3
S21403BA00657300202025643A200070616765205B1B
S21403BA1025645D206368616E205B25645D20707716
S21403BA2072205B25645D006E6F74206163746976B3
S21403BA3065006572726F7220307825303858007052
S21403BA40616E4944205B3078253034585D206E6F34
S21403BA5064654944205B3078253034585D2000788F
S21403BA6070616E205B307800706172656E74494455
S21403BA70205B3078253034585D20706172656E74B3
S21403BA8052737369205B25645D006E6F6465547939
S21403BA907065205B005365637572697479206C6505
S21403BAA076656C205B253032585D006E6574776F63
S21403BAB0726B207374617465205B253032585D2089
S21403BAC0004275666665722062797465733A20254E
S21403BAD064202F20256400457020636E743A202569
S21403BAE064006570202564205B656E64706F696E04
S21403BAF0742025732C206465766963652025735D41
S21403BB0020006E776B205B25645D2070726F66691C
S21403BB106C65205B3078253034585D206465764943
S21403BB2064205B3078253034585D20766572205B60
S21403BB303078253032585D0020202020257320637E
S21403BB406C75737465723A2030782530345820004B
S21403BB504E776B20636E743A202564006E776B20F5
S21403BB602564205B25735D005072696D61727920D0
S21403BB702870726F290020206E6F64655479706593
S21403BB80205B3078253032585D002020736563755E
S21403BB907269747950726F66696C65205B307825BC
S21403BBA03032585D0045502025643A202573200026
S21403BBB04572726F723A2020556E6B6E6F776E20E9
S21403BBC0656E64706F696E742E00456E61626C6597
S21403BBD0206576656E7420646562756720696E6697
S21403BBE06F20696E20436F726520434C4920636F54
S21403BBF06D706F6E656E74006F6E6C7920636F6F19
S21403BC007264696E61746F72732063616E20666F0F
S21403BC10726D0A006A6F696E203078253038580ACC
S21403BC20006C6561766500257320307825303258C0
S21403BC300A0072656A6F696E0072656A6F696E44A0
S21403BC4069666644657669636554797065006578E8
S21403BC50742E2050414E2049443A20004E574B2024
S21403BC606F70656E3A20257520736563004E574BDB
S21403BC7020636C6F7365640066696E64206A6F691F
S21403BC806E61626C653A20307825303258006669FA
S21403BC906E6420756E757365643A2030782530328D
S21403BCA058004368616E67696E6720746F20636827
S21403BCB0616E6E656C2025643A20307825303258E4
S21403BCC000696E76616C6964206E6574776F726B5B
S21403BCD020696E6465780053686F72742049443A2D
S21403BCE0203078253034582C2045554936343A20B0
S21403BCF0002C2050616E2049443A20307825303499
S21403BD00580053746172746564206D756C74692D84
S21403BD1070687920696E7465726661636500466152
S21403BD20696C656420746F20257320257320307832
S21403BD3025303258005465726D696E6174656420EF
S21403BD40257320307825303258004B6565702061A6
S21403BD506C69766520737570706F727420656E619A
S21403BD60626C65642E006661696C656420746F207E
S21403BD70736574206B65657020616C697665206DEC
S21403BD806F64652E007375636365737366756C6C99
S21403BD90792073657420746865206368696C642011
S21403BDA074696D656F7574206F7074696F6E206D3E
S21403BDB061736B2E006661696C656420746F207313
S21403BDC0657420746865206368696C642074696DA3
S21403BDD0656F7574206F7074696F6E206D61736B19
S21403BDE02E00646973636F766572004D61746368D1
S21403BDF0202573792066726F6D203078253034588D
S21403BE002C206570202564004E574B2041646472D5
S21403BE1065737320726573706F6E73653A2030783E
S21403BE20253034580049454545204164647265739E
S21403BE307320726573706F6E73653A200053657274
S21403BE40766963652025737920646F6E652E0023FB
S21403BE502020747970652020206E776B20206C6F0D
S21403BE606320202072656D202020636C757320206C
S21403BE70206E6F6465202020657569002020256488
S21403BE802020202030782530345820203078253064
S21403BE9034582020307825303458203078253034F4
S21403BEA0582000736C5F7A69676265655F676574BF
S21403BEB05F62696E64696E67204572726F723A20BC
S21403BEC03078253038580A002564206F66202564AC
S21403BED02062696E64696E677320757365640065B6
S21403BEE06E61626C6564207072696E740064697357
S21403BEF061626C6564207072696E740061646420AC
S21403BF006C696E6B206B6579004552523A2043612B
S21403BF106C63756C617465642043524320646F657B
S21403BF2073206E6F74206D61746368004552523AD5
S21403BF3020496E7374616C6C20436F6465206D7565
S21403BF40737420626520382C2031302C2031342C39
S21403BF50206F7220313820627974657320696E20F1
S21403BF606C656E677468004552523A204145532DFE
S21403BF704D4D4F2068617368206661696C65643A4D
S21403BF802030782530325800536574206A6F696E06
S21403BF90696E67206C696E6B206B657900736574D8
S21403BFA02062696E642025643A2030782530327822
S21403BFB000454D50545900554E494341004D324FAC
S21403BFC04E45004D554C5449003F20202020004943
S21403BFD06E646578204945454520416464726573FF
S21403BFE0732020202020202020204E574B496E64AB
S21403BFF065782020496E2046432020202020545474
S21403C0004C28732920466C6167202020204B6579D5
S21403C010202020200025642020202020002020250A
S21403C020642020202020202000202025303858207F
S21403C030200020307825303458202000496E64656F
S21403C0407820494545452041646472657373202012
S21403C05020202020202020496E2046432020202018
S21403C060205479706520204175746820204B6579CB
S21403C070002D20202020200025632020202020259E
S21403C08063202020202000696573005741524E49E3
S21403C0904E473A202052454144494E47204F4620BA
S21403C0A04B45592056414C5545532044495341422C
S21403C0B04C4544204259204D464720544F4B454E4D
S21403C0C0004E574B204B6579002573206F757420FF
S21403C0D046433A202530385800257320736571206F
S21403C0E06E756D3A20307825303258002573206FF0
S21403C0F075742046433A202530387800544320256B
S21403C1007320002573205461626C650025642F2517
S21403C1106420656E747269657320757365642E009A
S21403C1205472616E7369656E74204B65790025647D
S21403C13020656E7472257320636F6E73756D696EFA
S21403C14067202564207061636B657420627566667C
S21403C150657225732E0057494C4C0057494C4C20AA
S21403C1604E4F540054727573742043656E74657233
S21403C17020257320616C6C6F77207472757374203E
S21403C18063656E7465722072656A6F696E73207577
S21403C19073696E672077656C6C2D6B6E6F776E2098
S21403C1A06B65792E005365742074696D656F7574BD
S21403C1B020666F722054727573742043656E7465BF
S21403C1C0722072656A6F696E73207573696E672075
S21403C1D077656C6C2D6B6E6F776E206C696E6B205B
S21403C1E06B657920746F202564207365636F6E64B6
S21403C1F0732E004552524F523A20002573737461D2
S21403C200636B206D75737420626520646F776E2E82
S21403C2100052656164696E6720416C6C6F77656474
S21403C2200048617368696E67206F6E6C7900736C83
S21403C2305F7A69676265655F6B65795F736574745A
S21403C240696E67735F743A2030782530345800205F
S21403C250205065726D697373696F6E733A20257328
S21403C260004572726F723A204661696C6564207489
S21403C2706F2067657420636F6E6669672C2073741E
S21403C280617475733A2030782530385800466169F2
S21403C2906C65643A20307825303858004D73673A19
S21403C2A020636C7573203078253034582C20636DEA
S21403C2B064203078253032582C206C656E20256437
S21403C2C0006275666665723A2000454D4245525FC8
S21403C2D000257353454355524954595F4C455645BB
S21403C2E04C3A2025303258002573657261736520F9
S21403C2F06B65792025643A203078253038580063FA
S21403C3006D64206E6F74206275696C74007372635B
S21403C31020657020253032782C20636C75732025B9
S21403C3203034780073656E64696E6720746F206DB1
S21403C330756C7469636173742062696E6400257337
S21403C3403A2065703A2025642C20636C3A203078B6
S21403C350253034582C20617474723A203078253096
S21403C3603458002C207376723A2025630025733ADE
S21403C37020726561643A20307825303278002C20AC
S21403C3807376723A2025632C2064747970653A209C
S21403C39030782530325800417267756D656E7420AB
S21403C3A0617420696E6465783A2025642069732079
S21403C3B06F7574206F662072616E676500436F6DDC
S21403C3C06D616E6420616C72656164792062756963
S21403C3D06C742E202043616E6E6F74207365742018
S21403C3E04D464720737065636966696320636F64AF
S21403C3F06520666F7220636F6D6D616E642E004DEF
S21403C400464720436F64652053657420666F722029
S21403C4106E65787420636F6D6D616E643A20307854
S21403C4202530345800557365204E6578742053655F
S21403C4307175656E63652053657420666F72206E32
S21403C44065787420636F6D6D616E643A203078256D
S21403C4503032580044697361626C652044656661D6
S21403C460756C7420526573706F6E736520536574B4
S21403C47020666F72206E65787420636F6D6D616ED3
S21403C480643A20307825303258004552523A2072AA
S21403C490656164696E672061747472696275746538
S21403C4A02025303278004552523A206174747269FE
S21403C4B0627574652073697A6520256420746F6FCE
S21403C4C0206C6172676520666F72206275666665AA
S21403C4D072004572726F723A206174747269627583
S21403C4E074652049442030782530345820726570AE
S21403C4F06F727461626C65206368616E676520693C
S21403C500732073697A65202564422C206275742033
S21403C51025644220656E74657265640A006E6F203A
S21403C520636D64004572726F723A20434C49205320
S21403C530656E64206661696C65642C20737461742F
S21403C54075733A20307825303858004572726F720A
S21403C5503A2020455549363420617267756D656EFD
S21403C5607420697320656D70747920616E64206C25
S21403C5706F6F6B7570206279206E6F646520494417
S21403C580206661696C65642E0047726F757000558E
S21403C5906E696361737400556E62696E64202573F9
S21403C5A020257330782530325800526571756573CF
S21403C5B0743A20005A444F2073696D706C6520648A
S21403C5C0657363207265712025303278005A444FB4
S21403C5D0206E6F6465206465736320726571202521
S21403C5E0303278005A444F206D6174636820646566
S21403C5F07363207265712025303258005573696E57
S21403C60067206D79206C6F63616C2045554936341D
S21403C61020666F722064657374204555493634204E
S21403C620696E2062696E64696E67005A444F2062C1
S21403C630696E6420726571202530327800636C75EC
S21403C64073746572206C696D6974207265616368C2
S21403C650656400696E76616C696420706167653A2B
S21403C660202564206F72206368616E6E656C3A20C5
S21403C6702564004368616E6765206368616E6E6556
S21403C6806C207374617475733A2030782530327871
S21403C690006475726174696F6E206D7573742062C1
S21403C6A06520696E2072616E67652030202D203507
S21403C6B000636F756E74206D7573742062652069F0
S21403C6C06E2072616E67652031202D2038007363FB
S21403C6D0616E207374617475732030782530325818
S21403C6E0006E6574776F726B207570646174652075
S21403C6F073657420737461747573203078253032D3
S21403C70058004163746976652045502072657175DB
S21403C710657374207374617475733A2030782530AA
S21403C7203258004C5149205461626C652072657121
S21403C730756573743A203078253032580042696E36
S21403C74064696E67205461626C65207265717565F5
S21403C75073743A20307825303258004C656176651C
S21403C76020257330782530325800506F7765722055
S21403C77044657363726970746F722025733078250D
S21403C780303258005573696E67206D79206C6F637D
S21403C790616C20455549363420666F722064657394
S21403C7A07420455549363420696E20756E62696E6D
S21403C7B064696E6700526F757465205461626C65B8
S21403C7C0202573307825303258002F686F6D652F1B
S21403C7D072756E6E65722F776F726B2F74757961D3
S21403C7E02D7A69676265652D7377697463682F743C
S21403C7F07579612D7A69676265652D7377697463E8
S21403C800682F73696C6162735F746F6F6C732F73D9
S21403C810696D706C69636974795F73646B2F70728A
S21403C8206F746F636F6C2F7A69676265652F6170CB
S21403C830702F6672616D65776F726B2F636F6D6DA8
S21403C8406F6E2F736C5F7A69676265655F73797362
S21403C85074656D5F636F6D6D6F6E2E6300457874E0
S21403C860656E64656420526573657420696E666FD1
S21403C8703A203078253034582028257329002F682D
S21403C8806F6D652F72756E6E65722F776F726B2F75
S21403C890747579612D7A69676265652D7377697436
S21403C8A063682F747579612D7A69676265652D7380
S21403C8B077697463682F73696C6162735F746F6FF3
S21403C8C06C732F73696D706C69636974795F7364D5
S21403C8D06B2F70726F746F636F6C2F7A6967626504
S21403C8E0652F6170702F6672616D65776F726B2F3F
S21403C8F0636F6D6D6F6E2F7A69676265655F6170D2
S21403C900705F6672616D65776F726B5F736C65657A
S21403C910702E630053746179206177616B652077AD
S21403C92068656E206E6F74206A6F696E65643A2060
S21403C930257300466F7263656420737461792061A2
S21403C94077616B653A202020202020202020202598
S21403C9507300466F7263696E672064657669636504
S21403C96020746F2073746179206177616B65004171
S21403C9706C6C6F77696E672064657669636520748F
S21403C9806F20676F20746F20736C656570002F6867
S21403C9906F6D652F72756E6E65722F776F726B2F64
S21403C9A0747579612D7A69676265652D7377697425
S21403C9B063682F747579612D7A69676265652D736F
S21403C9C077697463682F73696C6162735F746F6FE2
S21403C9D06C732F73696D706C69636974795F7364C4
S21403C9E06B2F70726F746F636F6C2F7A69676265F3
S21403C9F0652F6170702F6672616D65776F726B2F2E
S21403CA00636F6D6D6F6E2F7A69676265655F7374AA
S21403CA1061636B5F736C6565702E630052583A20D2
S21403CA205265736574546F466163746F72794465B7
S21403CA306661756C747343616C6C6261636B0065ED
S21403CA407A737020636F756E74657273206661699E
S21403CA506C656420257500657A737020526573656E
S21403CA6074205468726573686F6C64206572726FA5
S21403CA707220257500657A73702053657420546898
S21403CA80726573686F6C64206572726F72202575A9
S21403CA90002575292025733A20257500536574747F
S21403CAA0696E67205468726573686F6C6420636F81
S21403CAB06D6D616E64003F3F3F004D6163205278A9
S21403CAC0204263617374004D61632054782042638F
S21403CAD0617374004D6163205278205563617374EB
S21403CAE0004D6163205478205563617374004D6173
S21403CAF06320547820556361737420526574727989
S21403CB00004D616320547820556361737420466139
S21403CB10696C00415053205278204263617374005D
S21403CB20415053205478204263617374004150533C
S21403CB302052782055636173740041505320547813
S21403CB402055636173742053756363657373004183
S21403CB505053205478205563617374205265747261
S21403CB6079004150532054782055636173742046EE
S21403CB7061696C00526F757465204469736320495C
S21403CB806E69746961746564004E65696768626F8F
S21403CB9072204164646564004E65696768626F72FB
S21403CBA02052656D6F766564004E65696768626FCF
S21403CBB072205374616C65004A6F696E20496E6417
S21403CBC069636174696F6E004368696C64204D6FB6
S21403CBD076656400415348204F766572666C6F77BE
S21403CBE000415348204672616D65204572726F722C
S21403CBF000415348204F76657272756E20457272F7
S21403CC006F72004E574B204643204661696C75721F
S21403CC106500415053204643204661696C75726532
S21403CC200041534820584F66660041505320556EC6
S21403CC30617574686F72697A6564204B6579004E16
S21403CC40574B2044656372797074204661696C752E
S21403CC507265730041505320446563727970742083
S21403CC604661696C75726573005061636B65742009
S21403CC7042756666657220416C6C6F6361746520ED
S21403CC804661696C757265730052656C617965649B
S21403CC902055636173740050687920746F204D418A
S21403CCA043207175657565206C696D6974207265BE
S21403CCB06163686564005061636B65742056616CDC
S21403CCC069646174652064726F7020636F756E7437
S21403CCD0004E574B207265747279206F76657266C4
S21403CCE06C6F7700434341204661696C75726573C8
S21403CCF00042726F616463617374207461626C6571
S21403CD002066756C6C00505441204C6F205072693D
S21403CD1020526571005054412048692050726920A2
S21403CD2052657100505441204C6F20507269204464
S21403CD30656E6965640050544120486920507269E5
S21403CD402044656E69656400505441204C6F205042
S21403CD50726920547820416272740050544120480E
S21403CD6069205072692054782041627274004164CD
S21403CD70647265737320436F6E666C6963742053C5
S21403CD80656E740043534C20527820736368656461
S21403CD90756C65206661696C6564000D00446562A8
S21403CDA07567207072696E742067726F75702025C0
S21403CDB0730A0057726F6E6720706172616D6574D7
S21403CDC065720A005363686564756C65206D6F76DB
S21403CDD065206E776B0025732025643A2025640052
S21403CDE04D6178206D6F7665206C696D697420726D
S21403CDF0656163686564206E776B2025643A202539
S21403CE006400456E642044657669636520506F6CE4
S21403CE106C20496E666F726D6174696F6E00454D66
S21403CE204245525F454E445F4445564943455F5429
S21403CE30494D454F55543A20202020202020256474
S21403CE4000506F6C6C20636F6D706C657465642046
S21403CE5063616C6C6261636B3A2025730020204328
S21403CE60757272656E7420506F6C6C20496E7465B3
S21403CE707276616C20287173293A202020256C6411
S21403CE800020204C6F6E6720506F6C6C20496E74C8
S21403CE90657276616C20287173293A202020202041
S21403CEA020256C6400202053686F727420506F6CCA
S21403CEB06C20496E74657276616C20287173293A0A
S21403CEC02020202020256C6400202057616B6520DD
S21403CED054696D656F757420287173293A20202074
S21403CEE0202020202020202020256C64002020578E
S21403CEF0616B652054696D656F7574204269746D46
S21403CF0061736B3A202020202020202020307825B3
S21403CF1030385800202043757272656E7420417055
S21403CF2070205461736B733A202020202020202029
S21403CF302020202030782530385800202043757272
S21403CF4072656E7420506F6C6C20436F6E74726FD4
S21403CF506C20202020202020202020257300202045
S21403CF6044656661756C7420506F6C6C20436F6EFD
S21403CF7074726F6C20202020202020202020257310
S21403CF8000466F7263696E67206465766963652021
S21403CF90746F2073686F727420706F6C6C00416CD2
S21403CFA06C6F77696E672064657669636520746F56
S21403CFB0206C6F6E6720706F6C6C00534C5F5A4921
S21403CFC0474245455F41465F4C4F4E475F504F4C87
S21403CFD04C00534C5F5A49474245455F41465F53B1
S21403CFE0484F52545F504F4C4C00706F6C6C206E21
S21403CFF0776B2025643A203078253032580046690E
S21403D0006E6420616E642042696E6420496E6974A2
S21403D0106961746F723A20436F6D706C6574653A1C
S21403D020203078253032580053746172742074614E
S21403D030726765740046696E6420616E6420426997
S21403D0406E64205461726765740025733A202573F5
S21403D0503A2030782530325800467261676D656E27
S21403D060746174696F6E2052582077696E646F77A7
S21403D0702073697A652073657420746F20256400B5
S21403D0802F686F6D652F72756E6E65722F776F7270
S21403D0906B2F747579612D7A69676265652D737771
S21403D0A0697463682F747579612D7A69676265653B
S21403D0B02D7377697463682F73696C6162735F7429
S21403D0C06F6F6C732F73696D706C69636974795FC6
S21403D0D073646B2F70726F746F636F6C2F7A6967EC
S21403D0E06265652F6170702F6672616D65776F720A
S21403D0F06B2F706C7567696E2F667261676D656EF0
S21403D100746174696F6E2F667261676D656E7461A4
S21403D11074696F6E2E630052583A204164644772F6
S21403D1206F7570526573706F6E7365203078253037
S21403D13032582C203078253034580052583A20562E
S21403D14069657747726F7570526573706F6E736536
S21403D150203078253032582C203078253034582C1F
S21403D16020220052583A2047657447726F75704DF7
S21403D170656D62657273686970526573706F6E73FE
S21403D18065203078253032582C20307825303258B8
S21403D1902C00205B3078253034585D0052583A20F6
S21403D1A052656D6F766547726F7570526573706FF3
S21403D1B06E7365203078253032582C203078253031
S21403D1C034580065705B253032585D2069645B25F2
S21403D1D03034585D00436C656172696E6720616C1C
S21403D1E06C2067726F7570732E004552523A204654
S21403D1F061696C656420746F206372656174652071
S21403D20062696E64696E6720283078253032582943
S21403D210004552523A2042696E64696E6720746113
S21403D220626C652069732066756C6C004552523AD1
S21403D2302077726974696E67206E616D65207375F9
S21403D24070706F727420253032580052583A20415D
S21403D250646447726F7570203078253034582C20FC
S21403D260220075760052583A205669657747726FE2
S21403D27075702030782530345800757673007669DB
S21403D28065775F67726F75700047726F7570733A74
S21403D290206661696C656420746F2073656E642014
S21403D2A0257320726573706F6E73653A2030782528
S21403D2B0303258006765745F67726F75705F6D65AF
S21403D2C06D6265727368697020726573706F6E73D2
S21403D2D0650064656661756C745F726573706F6E06
S21403D2E073650052583A2047657447726F75704DE0
S21403D2F0656D6265727368697020307825303258C0
S21403D3002C007575620047726F7570733A206661FC
S21403D310696C656420746F2073656E642025733AA8
S21403D320203078253032580052583A2052656D6FB7
S21403D330766547726F75702030782530345800450F
S21403D34052523A204661696C656420746F206465A6
S21403D3506C6574652062696E64696E672028307830
S21403D36025303258290072656D6F76655F67726F78
S21403D37075700052583A2052656D6F7665416C6C35
S21403D38047726F7570730052583A2041646447724F
S21403D3906F757049664964656E74696679696E6708
S21403D3A0203078253034582C2022006164640043F2
S21403D3B068616E6E656C206E6F742076616C69644E
S21403D3C03A202564005072696D61727900257320D6
S21403D3D06D61736B206E6F77203078253038580078
S21403D3E05365636F6E64617279004D61736B206E73
S21403D3F06F742076616C69643A20256400707269E4
S21403D4006D617279007365636F6E6461727900256E
S21403D410733A20536574202573206D61736B2074F3
S21403D4206F20307825303858005374617475730054
S21403D43025733A2025733A004368616E6E656C2047
S21403D4406D61736B3A002020202028312920307824
S21403D45025303858205B0020202020283229203011
S21403D4607825303858205B0053746174653A203051
S21403D4707825303258202825732900437572726543
S21403D4806E74206368616E6E656C3A202564005482
S21403D4906F74616C20626561636F6E733A202564F6
S21403D4A0004A6F696E20617474656D7074733A20F8
S21403D4B02564004E6574776F726B207374617465B0
S21403D4C03A203078253032580053746F7000257335
S21403D4D02053746F702E2020436C65616E696E67EF
S21403D4E02075702E0042726F616463617374696E97
S21403D4F067207065726D6974206A6F696E00547276
S21403D5007573742063656E746572206C696E6B2028
S21403D5106B657920757064617465207374617475C6
S21403D520730025733A205741524E494E473A2073AB
S21403D5306C5F7A69676265655F7365745F696E6958
S21403D5407469616C5F73656375726974795F73740C
S21403D550617465206661696C65642E20436F6E7422
S21403D560696E75696E6720776974686F757420696C
S21403D5706E7374616C6C20636F64652E0045727203
S21403D5806F723A20696E7374616C6C20636F6465A6
S21403D590207365747570206661696C65642E204916
S21403D5A07320616E20696E7374616C6C20636F64A4
S21403D5B06520666C6173686564206F6E746F207493
S21403D5C06865206465766963653F00D0D1D2D3D49D
S21403D5D0D5D6D7D8D9DADBDCDDDEDF00FFFFFFFFE9
S21403D5E0FFFFFFFF005A6967426565416C6C69611E
S21403D5F06E636530390025733A2069737375696EF7
S21403D60067207363616E206F6E20257320636861E5
S21403D6106E6E656C7320286D61736B2030782530D1
S21403D62038582900257320697320616C726561641C
S21403D6307920696E2070726F677265737300537416
S21403D640617274004578616D696E696E6720626504
S21403D65061636F6E206F6E206368616E6E656C200B
S21403D660256420776974682070616E496420307879
S21403D67025303458005468697320626561636F6EA1
S21403D680206973206E6F742070617274206F662039
S21403D6907468652063757272656E74206368616E64
S21403D6A06E656C206D61736B202830782530385892
S21403D6B0292E2047657474696E67206E657874201A
S21403D6C0626561636F6E2077686F73652063686158
S21403D6D06E6E656C206269746D61736B206973206E
S21403D6E07365742E004572726F723A202573206339
S21403D6F06F756C64206E6F7420617474656D7074DE
S21403D700206A6F696E3A20307825303258004E6FA3
S21403D71020626561636F6E73206C656674206F6E3E
S21403D7202063757272656E74206D61736B2E204D67
S21403D7306F76696E6720746F206E657874207374D5
S21403D740617465002573206A6F696E696E672030A1
S21403D7507825303458206F6E206368616E6E656C72
S21403D7602025640025732053746174653A2025735D
S21403D770004572726F723A20257320636F756C646E
S21403D780206E6F742073657475702073656375728D
S21403D7906974793A20307825303258004572726FB2
S21403D7A0723A205363616E20636F6D706C657465A7
S21403D7B02068616E646C65722072657475726E653E
S21403D7C06420307825303258002573207363616EE9
S21403D7D020636F6D706C6574652E20426561636FA0
S21403D7E06E732068656172643A2025640025732091
S21403D7F0737461636B20737461747573203078255A
S21403D800303258002573206E6574776F726B206A0A
S21403D8106F696E65642E00257320747279696E676E
S21403D820206E657874206E6574776F726B2E004E6B
S21403D8306F6E65005363616E205072696D61727915
S21403D840204368616E6E656C7320616E6420757329
S21403D8506520436F6E66696775726564204B6579EC
S21403D860005363616E205072696D6172792043685C
S21403D870616E6E656C7320616E64207573652049F6
S21403D8806E7374616C6C20436F6465005363616EE2
S21403D890205072696D617279204368616E6E656CA3
S21403D8A07320616E64205573652043656E747261E0
S21403D8B06C697A6564204B6579005363616E20500A
S21403D8C072696D617279204368616E6E656C732050
S21403D8D0616E64205573652044697374726962755A
S21403D8E0746564204B6579005363616E20536563EA
S21403D8F06F6E64617279204368616E6E656C732027
S21403D900616E642075736520436F6E666967757212
S21403D9106564204B6579005363616E205365636FBE
S21403D9206E64617279204368616E6E656C73206104
S21403D9306E642075736520496E7374616C6C204346
S21403D9406F6465005363616E205365636F6E646135
S21403D9507279204368616E6E656C7320616E642015
S21403D9605573652043656E7472616C697A656420CD
S21403D9704B6579005363616E205365636F6E646114
S21403D9807279204368616E6E656C7320616E6420E5
S21403D990557365204469737472696275746564208F
S21403D9A04B6579005363616E205072696D617279BD
S21403D9B0204368616E6E656C7320616E64205573D8
S21403D9C06520416C6C204B6579732028696E7374EF
S21403D9D0616C6C20636F64652C2063656E74726182
S21403D9E06C697A65642C20646973747269627574F1
S21403D9F0656429005363616E205365636F6E6461CB
S21403DA007279204368616E6E656C7320616E642064
S21403DA1055736520416C6C204B6579732028696EBD
S21403DA207374616C6C20636F64652C2063656E741D
S21403DA3072616C697A65642C2064697374726962B6
S21403DA407574656429004F6E2F4F66662073657480
S21403DA502076616C75653A202530325820253032A1
S21403DA6058004552523A2072656164696E67206FAA
S21403DA706E2F6F66662025303258004F6E2F6F6606
S21403DA806620616C72656164792073657420746FB7
S21403DA90206E65772076616C756500546F67676CDA
S21403DAA065206F6E2F6F66662066726F6D20253059
S21403DAB0325820746F2025303258004552523A208F
S21403DAC077726974696E67206F6E2F6F666620259E
S21403DAD030325800496E7374616C6C6564205479F7
S21403DAE07065202842617365293A202030782530F6
S21403DAF03258004361706162696C69746965733A90
S21403DB00202020202020202020202030782530347C
S21403DB105800426F6F746C6F61646572205665724D
S21403DB2073696F6E3A2020202020307825303458D1
S21403DB300053656375726520426F6F746C6F616422
S21403DB406572204B65793A20202020202000426F02
S21403DB506F746C6F6164696E67206661696C656477
S21403DB602100446F776E6C6F6164206661696C6533
S21403DB70642E0044656C6574696E67206661696C23
S21403DB80656420646F776E6C6F61642C20737461B8
S21403DB907475733A2030782530325800496D6167C2
S21403DBA06520646F6573206E6F7420636F6E746197
S21403DBB0696E20616E205570677261646520496DD9
S21403DBC061676520546167202830782530345829EA
S21403DBD02E20536B697070696E672075706772616B
S21403DBE064652E00457865637574696E6720626F99
S21403DBF06F746C6F61642063616C6C6261636B2E1F
S21403DC00005374617274696E672045424C207665D2
S21403DC1072696669636174696F6E0045424C20667B
S21403DC2061696C65642076657269666963617469A7
S21403DC306F6E2E0045424C207061737365642076C8
S21403DC406572696669636174696F6E2E0025736910
S21403DC506E67204F544120636C69656E742073743D
S21403DC60617465206D616368696E650073746F70B7
S21403DC7070004572726F723A204E6F20696D61674D
S21403DC806520617420696E646578202564004E6F94
S21403DC907420737570706F727465642E00436C69BC
S21403DCA0656E7420696D616765207175657279208C
S21403DCB0696E666F004D616E75662049443A202092
S21403DCC02020202020202030782530345800496D2D
S21403DCD061676520547970652049443A20202020E6
S21403DCE03078253034580043757272656E7420564A
S21403DCF0657273696F6E3A20203078253038580085
S21403DD0048617264776172652056657273696F6ED7
S21403DD103A20004E410051756572792044656C6166
S21403DD2079206D733A2020202020202020202020D8
S21403DD3020256C64005365727665722044697363AC
S21403DD406F766572792044656C6179206D733A202D
S21403DD50256C6400446F776E6C6F61642044656C59
S21403DD606179206D733A2020202020202020202552
S21403DD706C640052756E205570677261646520444A
S21403DD80656C6179206D733A202020202020256C55
S21403DD9064005665726966792044656C6179206D06
S21403DDA0733A2020202020202020202020256C6469
S21403DDB000446F776E6C6F6164204572726F7220D9
S21403DDC05468726573686F6C643A20202564005546
S21403DDD07067726164652057616974205468726560
S21403DDE073686F6C643A202020202564004F5441EA
S21403DDF020446F776E6772616465733A2044697373
S21403DE0061626C6564004F544120446F776E67729D
S21403DE10616465733A20456E61626C656400426FA7
S21403DE206F746C6F61642073746174653A20257334
S21403DE3000496E76616C696420455020256420771E
S21403DE4068656E20747279696E6720746F207365D7
S21403DE506E64204F5441206D6573736167652E00B1
S21403DE6053656E64696E67205570677261646520DA
S21403DE70456E6420726571756573742E0025733A5A
S21403DE8020696E76616C696420636D644964203032
S21403DE907825303258004572726F723A20204661F8
S21403DEA0696C656420746F2073656E64204F5441FB
S21403DEB020636F6D6D616E64203078253032582C88
S21403DEC0207374617475733A2030782530325800A5
S21403DED053657276657220756E6B6E6F776E2C2047
S21403DEE066616C6C696E67206261636B20746F2079
S21403DEF0646973636F766572792E004D6178696D18
S21403DF00756D207175657279206572726F727320F4
S21403DF1068697420282564292C20737461727469D7
S21403DF206E672073656172636820666F72206E6524
S21403DF3077204F5441207365727665722E0A00412E
S21403DF4070706C79696E67207570677261646500BE
S21403DF5025733A20696E76616C6964206F66667312
S21403DF6065742063757272656E7454696D652830C6
S21403DF70782530385829203E2075706772616465AD
S21403DF8054696D652830782530385829004F544138
S21403DF9020436C75737465723A20776169742066E2
S21403DFA06F72202564207300525865642074696D6F
S21403DFB0654F75742030782530385820732C204DE3
S21403DFC041582074696D654F757420307825303854
S21403DFD0582073004D6178696D756D207570677292
S21403DFE0616465207265717565737473206D616411
S21403DFF065202825642920776974686F75742072F4
S21403E0006573706F6E73652066726F6D20736572CD
S21403E0107665722E00557067726164696E6720615B
S21403E0206E79776179004F54412053657276696340
S21403E0306520646973636F7665727920707265769E
S21403E040656E746564202D20616E6F74686572203A
S21403E050697320616C726561647920696E207072E1
S21403E0606F6772657373004661696C656420746FCD
S21403E07020696E6974696174652073657276696375
S21403E0806520646973636F766572792E004F544119
S21403E090205365727669636520446973636F76659A
S21403E0A0727920696E2070726F67726573730043AE
S21403E0B06C69656E742076657269666963617469F6
S21403E0C06F6E206661696C65642E005369676E61C6
S21403E0D07475726500437573746F6D007061737346
S21403E0E06564004641494C4544004E6F207369679A
S21403E0F06E617475726520766572696669636174AC
S21403E100696F6E20737570706F72742C20617373F1
S21403E110756D696E6720696D616765206973206F29
S21403E1206B61792E00257320766572696669636173
S21403E13074696F6E2025733A203078253032580084
S21403E1404D6178696D756D206E756D626572206FB1
S21403E1506620646F776E6C6F6164206572726F728F
S21403E1607320726561636820282564292C20616208
S21403E1706F7274696E672E004F544120436C75733B
S21403E1807465723A2073657474696E6720494545F1
S21403E190452061646472657373206F66204F544133
S21403E1A020636C7573746572005061727469616C78
S21403E1B02066696C6520646F776E6C6F6164206699
S21403E1C06F756E642C20636F6E74696E75696E6707
S21403E1D02066726F6D206F666673657420307825CF
S21403E1E030385800466F756E642066756C6C7920FF
S21403E1F0646F776E6C6F616465642066696C652016
S21403E200696E2073746F7261676520287665727312
S21403E210696F6E20307825303858292E00466F7582
S21403E2206E642066696C6520696E2073746F726114
S21403E2306765207769746820646966666572656ECB
S21403E240742076657273696F6E20283078253038AF
S21403E2505829207468616E2063757272656E742027
S21403E26076657273696F6E202830782530385829A2
S21403E2700046696C6520696E2073746F726167650A
S21403E2802069732073616D652061732063757272F4
S21403E290656E742072756E6E696E6720766572732E
S21403E2A0696F6E202830782530385829004E6F2045
S21403E2B0696D61676520666F756E6420696E20738D
S21403E2C0746F726167652E004F54412053657276F2
S21403E2D069636520446973636F7665727920756E2A
S21403E2E0626C6F636B65640049676E6F72696E6715
S21403E2F0207365727665722066726F6D206C6F6F21
S21403E300706261636B20616464726573730049674E
S21403E3106E6F72696E6720307825303458204F54FC
S21403E320412073657276657220696E20736561722B
S21403E3306368206F662054430053657474696E6780
S21403E340204F54412053657276657220746F2030D7
S21403E35078253034580044656C6179696E672025EA
S21403E36064207365636F6E6473206265666F72659F
S21403E370207374617274696E67204F544120636C16
S21403E38069656E740054696D656F7574207761698D
S21403E39074696E6720666F72206D65737361676557
S21403E3A02E00426164204F544120636F6D6D616E91
S21403E3B0643A20307825303258004F544120636F3A
S21403E3C06D6D616E642030782530325820746F6F1F
S21403E3D02073686F727420286C656E202564203C59
S21403E3E0206D696E20256429004F544120636F6DAC
S21403E3F06D616E642066726F6D20756E7265636FF5
S21403E400676E697A65642073657276657220307804
S21403E410253034582E20204D79204F5441207365E3
S21403E420727665723A2030782530345800496D612B
S21403E4306765204E6F7469667900476F7420756E42
S21403E44065787065637465642025732E2020537485
S21403E45061727420646973636F766572792E0064E3
S21403E460656661756C74004F54413A206661696C49
S21403E470656420746F2073656E642025732072654F
S21403E48073706F6E73653A203078253032580049C2
S21403E4906D616765206E6F7469667900476F7420D7
S21403E4A0756E65787065637465642025732E202009
S21403E4B049676E6F7265642E004F54413A20446577
S21403E4C06661756C7420726573706F6E7365206613
S21403E4D06F7220496D616765206E6F746966792C6B
S21403E4E02073746174757320307825303258004970
S21403E4F06D616765206E6F7469667920636F6D6DF5
S21403E500616E6400257320756E69636173742C20D5
S21403E5107175657279696E6700496E76616C6964B8
S21403E520002573202573207061796C6F61642074F5
S21403E530797065203078253032580025732025738E
S21403E5403A206F7574206F662072616E6765206A65
S21403E55069747465722025640025732025733A2038
S21403E5607061796C6F6164206C656E677468206493
S21403E5706F65736E2774206D617463682074797099
S21403E580652030782530325820282564203C202505
S21403E59064290025732025732064756520746F2015
S21403E5A06E6F6E2D6D61746368696E67206D616E44
S21403E5B0756661637475726572204944002573201D
S21403E5C025732064756520746F206E6F6E2D6D61E4
S21403E5D0746368696E6720696D6167652074797016
S21403E5E065204944002573202573206475652074CF
S21403E5F06F206D61746368696E67206669726D77F4
S21403E6006172652076657273696F6E0025732025C7
S21403E610732C2052782764204A6974746572202804
S21403E620307825303258292C205069636B65642076
S21403E6304A69747465722028307825303258290068
S21403E6405175657279206E65787420696D616765AA
S21403E65020726573706F6E73650025732072657420
S21403E66075726E6564203078253032582E20204E21
S21403E6706F206E657720696D61676520746F20640F
S21403E6806F776E6C6F61642E00257320746F6F2036
S21403E69073686F727420282564203C202564290043
S21403E6A025733A204E657720696D61676520697327
S21403E6B020617661696C61626C6520666F722064A6
S21403E6C06F776E6C6F61642E002573206973206EFE
S21403E6D06F74207573696E67206D7920696D616745
S21403E6E06520696E666F2E004552524F523A204E91
S21403E6F065787420496D61676520697320746F6F50
S21403E7002062696720746F2073746F7265202830E7
S21403E7107825303858203E20307825303858290060
S21403E72025732072657475726E65642073616D65FA
S21403E7302046696C6556657273696F6E2061732037
S21403E74063757272656E746C7920696E7374616C2E
S21403E7506C65642E004F544120446F776E67726178
S21403E7606465732044697361626C65643A20466924
S21403E7706C6556657273696F6E20626568696E6450
S21403E7802063757272656E7420696E7374616C6C47
S21403E7906174696F6E005374617274696E67206486
S21403E7A06F776E6C6F61642C2056657273696F6E3B
S21403E7B020307825303858004572726F723A2046FA
S21403E7C061696C656420746F2064656C657465208C
S21403E7D0696D6167652E004572726F723A204661F5
S21403E7E0696C656420746F206572617365206F6C55
S21403E7F0642074656D7020646174612E00496D61D8
S21403E800676520626C6F636B20726573706F6E73DF
S21403E81065004F54413A20496D616765426C6F63EA
S21403E8206B5265706F6E736520636F6E7461696E8D
S21403E8307320696E76616C6964206F7220696E63FB
S21403E8406F6D706C657465206461746100557064E7
S21403E8506174696E67204D696E20426C6F636B202E
S21403E8605265717565737420506572696F642074A0
S21403E8706F202564206D7300446F776E6C6F616440
S21403E8802064656C6179206279207365727665729F
S21403E890202564206D7300446F776E6C6F6164206F
S21403E8A061626F727465642062792073657276653F
S21403E8B0722E0053657276657220646F65736E27D9
S21403E8C07420737570706F72742070616765207240
S21403E8D06571756573742C206F6E6C79207573691A
S21403E8E06E6720626C6F636B2072657175657374F7
S21403E8F02E005365727665722072657475726E6546
S21403E900642027756E737570706F72746564206308
S21403E9106C757374657220636F6D6D616E64272EFC
S21403E92000556E6B6E6F776E20257320737461745B
S21403E930757320636F646520307825303258002560
S21403E940732068617320646174612073697A65203B
S21403E9502825642920736D616C6C65722074686168
S21403E9606E2061637475616C207061636B657420DF
S21403E97073697A6520282564292E0025732065721D
S21403E980726F723A204578706563746564206F66AB
S21403E99066736574203078253038582C2062757479
S21403E9A020676F74203078253038582E202049672A
S21403E9B06E6F72696E6700257320696E666F2064DA
S21403E9C06964206E6F74206D61746368206D7920AE
S21403E9D0657870656374656420696E666F2E2020A3
S21403E9E044726F7070696E672E004661696C656469
S21403E9F020746F20777269746520746F2073746F48
S21403EA0072616765206465766963652100446F7784
S21403EA106E6C6F6164005570677261646520656E25
S21403EA206420726573706F6E7365005365727665E6
S21403EA30722061626F7274656420757067726164B8
S21403EA40652C207374617475733A203078253032E0
S21403EA5058004572726F723A2025732068616420ED
S21403EA60696E76616C69642025733A200066696C6A
S21403EA70652076657273696F6E00416464696E67BC
S21403EA80202564206D732E2064656C617920666F83
S21403EA907220696D6D65646961746520757067724F
S21403EAA06164652E00436F756E74646F776E2074B1
S21403EAB06F20757067726164653A202564206D73F4
S21403EAC0002053746174653A202020257300205774
S21403EAD0616974696E6720666F7220726573706F02
S21403EAE06E73653A20257300204E6578742045764C
S21403EAF0656E742054696D65723A202564206D73C3
S21403EB00002043757272656E7420446F776E6C6F67
S21403EB106164204F66667365743A20307825303812
S21403EB2058202825642525290025733A206661691F
S21403EB306C65642070617273696E67204F54412060
S21403EB40636D6420307825303258004F544120449A
S21403EB50656661756C7420726573706F6E7365207D
S21403EB60746F20636F6D6D616E6420494420307846
S21403EB70253032582C2073746174757320307825D1
S21403EB8030325800496D61676520626C6F636B2095
S21403EB90726571756573742074657374206F6E6C1B
S21403EBA07920776F726B73207768656E2073746154
S21403EBB0746520697320424F4F544C4F41445F5352
S21403EBC0544154455F4E4F4E450052616E646F6D1F
S21403EBD02044656C6179206265666F726520737484
S21403EBE061727400446973636F766572696E672039
S21403EBF04F54412053657276657200476574204F03
S21403EC0054412053657276657220455549004F621C
S21403EC107461696E206C696E6B206B657900517543
S21403EC20657279696E67204E65787420496D6167F1
S21403EC306500446F776E6C6F6164696E6720496D1B
S21403EC4061676500566572696679696E6720496D06
S21403EC506167650057616974696E6720666F722025
S21403EC6055706772616465206D65737361676500CF
S21403EC70436F756E74646F776E20746F205570677C
S21403EC80726164650057616974696E6720746F20EA
S21403EC907570677261646520766961206F75742D7F
S21403ECA06F662D62616E64206D656368616E69735D
S21403ECB06D0025733A202564252520636F6D706CDF
S21403ECC065746500496D61676520256400202045ED
S21403ECD052524F523A20436F756C64206E6F742005
S21403ECE06765742066756C6C20686561646572215F
S21403ECF00020204865616465722056657273696FEB
S21403ED006E3A2030782530345800202048656164F8
S21403ED106572204C656E6774683A2020256420620D
S21403ED20797465730020204669656C6420436F6EB2
S21403ED3074726F6C3A2020307825303458002020C7
S21403ED404D616E75662049443A20202020202020FD
S21403ED50307825303458002020496D61676520548B
S21403ED607970653A202020202030782530345800EA
S21403ED70202056657273696F6E3A2020202020206B
S21403ED8020203078253038580020205A696762657D
S21403ED90652056657273696F6E3A20307825303475
S21403EDA05800202048656164657220537472696E4A
S21403EDB0673A20202573002020496D61676520533C
S21403EDC0697A653A2020202020256C6420627974B5
S21403EDD065730020205365637572697479204372E6
S21403EDE065643A202030782530325800202055704C
S21403EDF0677261646520446573743A20202000209E
S21403EE00204D696E2E204857205665723A202020E2
S21403EE10203078253034580020204D61782E204845
S21403EE2057205665723A20202020307825303458F3
S21403EE30002020546F74616C20546167733A202558
S21403EE406400202020205461673A2030782530342F
S21403EE5058002020202020204C656E6774683A20D6
S21403EE60256C64004572726F723A20436F756C644A
S21403EE70206E6F74206F627461696E207461672000
S21403EE80696E666F2066726F6D20696D6167652EA9
S21403EE90000A256420696D6167657320696E204FDB
S21403EEA054412073746F726167652E00496D616704
S21403EEB0652064656C65746525732E004572726FF4
S21403EEC0723A2020436F756C64206E6F74207265EF
S21403EED0616420626C6F636B3A2030782530325859
S21403EEE02E0A005374617274696E672065726173CB
S21403EEF0652066726F6D206F666673657420307862
S21403EF002530385820746F20307825303858004321
S21403EF106F756C64206E6F74207374617274204511
S21403EF205241534521202830782530325829004550
S21403EF304550524F4D20457261736520636F6D7067
S21403EF406C657465002F686F6D652F72756E6E65E0
S21403EF50722F776F726B2F747579612D7A6967627A
S21403EF6065652D7377697463682F747579612D7A77
S21403EF7069676265652D7377697463682F73696C57
S21403EF806162735F746F6F6C732F73696D706C69F6
S21403EF90636974795F73646B2F70726F746F636FDA
S21403EFA06C2F7A69676265652F6170702F66726170
S21403EFB06D65776F726B2F706C7567696E2F6F74E4
S21403EFC0612D73746F726167652D73696D706C65FF
S21403EFD02D656570726F6D2F6F74612D73746F720C
S21403EFE06167652D656570726F6D2D706167652D40
S21403EFF065726173652E63002F686F6D652F72757A
S21403F0006E6E65722F776F726B2F747579612D7ABA
S21403F01069676265652D7377697463682F7475799C
S21403F020612D7A69676265652D7377697463682FE6
S21403F03073696C6162735F746F6F6C732F73696D42
S21403F040706C69636974795F73646B2F70726F7425
S21403F0506F636F6C2F7A69676265652F6170702FB7
S21403F0606672616D65776F726B2F706C7567696E0C
S21403F0702F6F74612D73746F726167652D73696D7D
S21403F080706C652D656570726F6D2F6F74612D736F
S21403F090746F726167652D656570726F6D2E6300A0
S21403F0A04F54412053696D706C652053746F7261C1
S21403F0B0676520454550524F4D207761726E696EE5
S21403F0C0673A20636F756C64206E6F74206765748F
S21403F0D020736C6F7420696E666F20666F72207380
S21403F0E06C6F7420256420286572726F72203078E6
S21403F0F025303258292E2044656661756C74696E16
S21403F1006720746F20737065636966696564206140
S21403F110646472657373206F6666736574730053F5
S21403F120746F72616765204472697665723A20204F
S21403F13020202020202020202020204F5441205310
S21403F140696D706C652053746F7261676520454501
S21403F15050524F4D20506C7567696E00526561645E
S21403F160204D6F64696679205772697465205375FC
S21403F17070706F72743A20206E6F00534F432042B4
S21403F1806F6F746C6F6164696E6720537570706F10
S21403F19072743A2020202079657300426F6F746C76
S21403F1A06F616465722053746F726167652053756F
S21403F1B070706F72743A2055736520666972737443
S21403F1C020736C6F7400536C6F7420746F207573A8
S21403F1D0653A2020202020202020202020202020C8
S21403F1E0202025640043757272656E7420446F7721
S21403F1F06E6C6F6164204F66667365743A202020D8
S21403F200203078253038580045424C2053746172BC
S21403F21074204F66667365743A20202020202020D1
S21403F2202020202030782530385800454550524F4E
S21403F2304D2053746172743A202020202020202011
S21403F24020202020202020307825303858004545BF
S21403F25050524F4D20456E643A2020202020202017
S21403F26020202020202020202020307825303858C9
S21403F27000496D61676520496E666F20537461723D
S21403F280743A20202020202020202020203078259B
S21403F29030385800536176652052617465202862C1
S21403F2A07974657329202020202020202020202008
S21403F2B0307825303858004F6666736574206F665D
S21403F2C020646F776E6C6F6164206F666673657417
S21403F2D0202020307825303858004F6666736574D2
S21403F2E0206F662045424C206F66667365743A202D
S21403F2F0202020202020307825303858004F66669E
S21403F300736574206F6620696D6167652073746129
S21403F31072743A2020202020203078253038580078
S21403F320736C5F7A69676265655F61665F6F746158
S21403F3305F73746F726167655F6472697665725F27
S21403F340726561645F63622829206661696C65641F
S21403F3502100426164206D61676963206E756D628A
S21403F360657220696E2066696C653A2030782530B0
S21403F37032582030782530325820307825303258AD
S21403F38020307825303258004261642076657273E7
S21403F390696F6E20696E2066696C6520307825304B
S21403F3A03458004572726F723A2072656164416E1A
S21403F3B06456616C696461746553746F72656449FD
S21403F3C06D616765282920747269656420746F20EF
S21403F3D072656164206D6F72652064617461207468
S21403F3E068616E20697420636F756C6420686F6C47
S21403F3F0642E00736C5F7A69676265655F61665F3A
S21403F4006F74615F73746F726167655F6472697648
S21403F41065725F726561645F6362282920464149AD
S21403F4204C454421004C617374206F6666736574A3
S21403F43020646F776E6C6F616465643A203078255C
S21403F4403038580053746F72616765204D6F64756A
S21403F4506C653A204F54412053696D706C65205398
S21403F460746F7261676520506C7567696E00496DCD
S21403F470616765732053746F7265643A2020256450
S21403F480206F6620310A00253032583A0065702016
S21403F4902530325820636C7573202530345820612C
S21403F4A074747220253034582073767220256300D6
S21403F4B0206D6667202530325800207265706F72A3
S21403F4C074206D696E2025303458206D61782025B0
S21403F4D0303458207270742D63686720253038588E
S21403F4E00020726563656976652066726F6D2025F8
S21403F4F030345820657020253032582074696D6585
S21403F5006F7574202530345800636C656172007221
S21403F510656D6F766500636C656172696E67206CF6
S21403F520617374207265706F72742074696D6520E0
S21403F5306F6620616C6C20617474726962757465A1
S21403F540730074657374696E672074696D696E679A
S21403F550206F6620766172696F7573207265706FAF
S21403F5607274696E67206F7065726174696F6E730B
S21403F570002D2D2D2D2D2D2D2D2D2D2D2D2D2D2DE0
S21403F5802D2D2D2D2D2D2D2D2D2D2D2D2D2D2D2DA3
S21403F5902D2D2D2D2D2D2D2D2D2D2D2D2D2D2D2D93
S21403F5A0002D2D7461626C65207265616473202D75
S21403F5B02066756C6C207461626C652D2D00726517
S21403F5C073756C74203D202564206D73002D2D69A2
S21403F5D06E6974202F207363686564756C65207488
S21403F5E069636B2D2D2D002D2D6C6F616420636F69
S21403F5F06E66696775726174696F6E2064656661AD
S21403F600756C74732D2D002F686F6D652F72756E74
S21403F6106E65722F776F726B2F747579612D7A69A9
S21403F620676265652D7377697463682F747579618E
S21403F6302D7A69676265652D7377697463682F73BE
S21403F640696C6162735F746F6F6C732F73696D702F
S21403F6506C69636974795F73646B2F70726F746F10
S21403F660636F6C2F7A69676265652F6170702F66AA
S21403F67072616D65776F726B2F706C7567696E2F2D
S21403F6807265706F7274696E672F7265706F7274CD
S21403F690696E672E6300524541445F5250545F4380
S21403F6A0464700726561645F7265706F7274696E57
S21403F6B0675F636F6E66696775726174696F6E0004
S21403F6C05265706F7274696E673A206661696C651D
S21403F6D06420746F2073656E6420257320726573CF
S21403F6E0706F6E73653A2030782530325800455275
S21403F6F0523A2072656164696E6720636C75737431
S21403F70065722030782530345820617474726962CB
S21403F710757465203078253034583A203078253093
S21403F7203258004552523A207265706F7274696E91
S21403F73067206F66204C4F4E4720737472696E675E
S21403F74020617474726962757465207479706520BB
S21403F7506E6F7420737570706F727465643A20638D
S21403F7606C75737465722030782530345820617454
S21403F7707472696275746520307825303458005287
S21403F78065706F7274696E6720456E747279204671
S21403F790756C6C202D206372656174696E67206ECC
S21403F7A06577207265706F7274004346475F5250E8
S21403F7B05400202D20646972656374696F6E3A2560
S21403F7C03032582C20617474723A25303458002035
S21403F7D02020747970653A253032582C206D696E76
S21403F7E03A253034582C206D61783A253034580049
S21403F7F02020206368616E67653A002020207469C4
S21403F8006D656F75743A2530345800636F6E66699C
S21403F810677572655F7265706F7274696E670020D4
S21403F82054434C4B2075706461746520616C72653B
S21403F83061647920696E2070726F677265737300F6
S21403F8404D616E75616C2054434C4B20757064613A
S21403F8507465206661696C65642E25730053746154
S21403F8607274696E6720757064617465207472754E
S21403F87073742063656E746572206C696E6B206B9F
S21403F88065792070726F6365737300557064617475
S21403F89065205443204C696E6B204B657900204EDF
S21403F8A06577206B65792065737461626C6973682C
S21403F8B065643A00204572726F723A005061727442
S21403F8C06E65723A20005A434C20676C6F62616C17
S21403F8D020636C757374657220636F6D6D616E64FF
S21403F8E07300646972656374696F6E006469736339
S21403F8F02D636F6D2D67656E00646973632D636F8B
S21403F9006D2D726563006578706563742D7265701E
S21403F9106F72742D66726F6D2D6D650075777269E3
S21403F9207465006E7772697465007265706F7274C1
S21403F9302D726561640073656E642D6D652D612D92
S21403F9407265706F727400437265617465732061CB
S21403F95020676C6F62616C20646973636F7665728F
S21403F96020636F6D6D616E6420666F7220746865C8
S21403F970206173736F6369617465642076616C7567
S21403F98065732E00636C757374657249641F6174C6
S21403F9907472696275746549641F6D61784E756D1E
S21403F9A0626572546F5265706F72741F004372659E
S21403F9B061746573206120676C6F62616C20736588
S21403F9C06E64206D652061207265706F72742063AB
S21403F9D06F6D6D616E6420666F722074686520615A
S21403F9E073736F6369617465642076616C756573A0
S21403F9F02E00636C757374657249641F6174747248
S21403FA00696275746549641F6461746154797065CD
S21403FA101F6D696E5265706F727454696D651F6DE4
S21403FA2061785265706F727454696D651F72657084
S21403FA306F727461626C654368616E67651F00432D
S21403FA40726561746573206120676C6F62616C20F8
S21403FA5072656164207265706F7274696E67206385
S21403FA606F6D6D616E6420666F72207468652061C9
S21403FA7073736F63696174656420636C757374650F
S21403FA80722C2061747472696275746520616E6489
S21403FA90207365727665722F636C69656E74206475
S21403FAA06972656374696F6E2E00636C7573746533
S21403FAB07249641F61747472696275746549641F60
S21403FAC0646972656374696F6E1F00476C6F626169
S21403FAD06C207265706F7274696E6720636F6D6DEC
S21403FAE0616E6400656E64706F696E741F636C7517
S21403FAF07374657249641F617474726962757465A0
S21403FB0049641F6D61736B1F00437265617465738F
S21403FB10206120676C6F62616C207265616420638C
S21403FB206F6D6D616E64206D6573736167652074B8
S21403FB306F20726561642066726F6D20746865203D
S21403FB40636C757374657220616E6420617474727D
S21403FB506962757465207370656369666965642E8A
S21403FB6000636C757374657249641F61747472699B
S21403FB706275746549641F0043726561746573201A
S21403FB806120676C6F62616C2077726974652063AD
S21403FB906F6D6D616E64206D657373616765207448
S21403FBA06F20777269746520746F207468652063AC
S21403FBB06C757374657220616E6420617474726907
S21403FBC0627574652073706563696669656400634E
S21403FBD06C757374657249641F61747472696275B7
S21403FBE0746549641F747970651F646174611F00CE
S21403FBF04372656174652061206578706563742D52
S21403FC007265706F72742D66726F6D2D6D65206DE3
S21403FC106573736167652077697468206173736FB2
S21403FC206369617465642076616C7565732E006321
S21403FC306C757374657249641F6174747269627556
S21403FC40746549641F74696D656F75741F0043722C
S21403FC5065617465206120446973636F76657220FD
S21403FC60436F6D6D616E64732047656E6572617474
S21403FC70656420636F6D6D616E64207769746820B8
S21403FC806173736F6369617465642076616C75650F
S21403FC90732E00636C757374657249641F737461A5
S21403FCA07274436F6D6D616E6449641F6D61784352
S21403FCB06F6D6D616E6449641F00536574732074C1
S21403FCC0686520646972656374696F6E20666F7217
S21403FCD020676C6F62616C20636F6D6D616E647319
S21403FCE02C2065697468657220636C69656E742080
S21403FCF0746F20736572766572206F7220736572F7
S21403FD0076657220746F20636C69656E742E00537B
S21403FD10657473206120666C616720736F20746856
S21403FD20617420746865206170706C6963617469BE
S21403FD306F6E206672616D65776F726B2057494CE4
S21403FD404C204E4F5420726573706F6E6420746F30
S21403FD5020746865206E657874205A434C206D6560
S21403FD607373616765207468617420636F6D657370
S21403FD7020696E206F7665722074686520616972EB
S21403FD802E0053657473206120666C616720736F61
S21403FD90207468617420746865206170706C696390
S21403FDA06174696F6E206672616D65776F726B2022
S21403FDB057494C4C20726573706F6E6420746F20C5
S21403FDC0746865206E657874205A434C206D65739D
S21403FDD073616765207468617420636F6D65732053
S21403FDE0696E206F76657220746865206169722E6D
S21403FDF00053657473207468652044697361626C8C
S21403FE00652044656661756C7420526573706F6E09
S21403FE107365204672616D6520436F6E74726F6CF6
S21403FE202062697420746F2075736520666F722074
S21403FE30746865206E65787420636F6D6D616E649B
S21403FE402069662074686520636F6D6D616E64203B
S21403FE506973206E6F7420616C72656164792062C9
S21403FE6075696C742E0064697361626C65446566BB
S21403FE7061756C74526573706F6E73651F0053659E
S21403FE8074732074686520666C616720746F2075D0
S21403FE9073652074686520696E6372656D656E743C
S21403FEA065642073657175656E6365206E756D6236
S21403FEB065722066726F6D20746865206672616D68
S21403FEC065776F726B20666F7220746865206E6547
S21403FED078742072617720636F6D6D616E642E0097
S21403FEE07573654E65787453657175656E63651FC6
S21403FEF000436C6920636F6D6D616E6420746F20C0
S21403FF0063616C6C20736C5F7A69676265655F61B9
S21403FF10665F7365745F74696D652066756E63747A
S21403FF20696F6E20646F63756D656E7465642069B2
S21403FF306E2061662E680075746354696D651F00D4
S21403FF4053657473207468652074776F20627974C0
S21403FF5065206D616E756661637475726572207374
S21403FF6070656369666963206964656E746966694A
S21403FF70657220746F2075736520666F72207468CF
S21403FF8065206E65787420636F6D6D616E6420699D
S21403FF90662074686520636F6D6D616E6420697397
S21403FFA0206E6F7420616C72656164792062756976
S21403FFB06C742E006D666753706563696669634982
S21403FFC0641F006E6F742000534C5F5354415455A6
S21403FFD0535F4E4554574F524B5F5550203078254C
S21403FFE03034580054727573742043656E746572AA
S21403FFF020455549206861732025736368616E67E1
S21404000065642E00534C5F5354415455535F4E451C
S21404001054574F524B5F444F574E00534C5F535404
S214040020415455535F4E4F545F4A4F494E45440022
S214040030534C5F5354415455535F5A4947424545C0
S2140400405F4E4554574F524B5F4F50454E45443ACA
S2140400502025642073656300534C5F535441545504
S214040060535F5A49474245455F4E4554574F524B96
S2140400705F434C4F5345440025733A202573006470
S214040080697374726962757465640063656E74720C
S214040090616C697A656400466F726D002573696EDB
S2140400A067206F6E2063682025642C2070616E497B
S2140400B06420307825303458004572726F723A20C6
S2140400C044657669636520646F6573206E6F74207B
S2140400D0737570706F7274202573206E6574776FF5
S2140400E0726B20666F726D6174696F6E004A6F6919
S2140400F06E00496E76616C69642053656375726937
S21404010074792050726F66696C653A2030782530B1
S214040110325800704A6F696E20666F72202564201C
S2140401207365633A20307825303258004C696D691F
S21404013074696E67206475726174696F6E206F6689
S214040140207065726D6974206A6F696E2066726FBE
S2140401506D20666F726576657220283235352920E3
S214040160746F203235340052583A205A444F2C20AB
S214040170636F6D6D616E64203078253034582C20A2
S2140401807374617475733A2030782530325800538E
S214040190696D706C650052583A2025732044657367
S2140401A0632052657370004D61746368002C204DA3
S2140401B06174636865733A202564004465766963F0
S2140401C06520416E6E6F756E63653A203078253013
S2140401D034580052583A20494545452041646472D3
S2140401E065737320526573706F6E73650052583A68
S2140401F02041637469766520455020526573706F9C
S2140402006E73652C20436F756E743A202564004E19
S2140402106F6465002C204D6174636865733A203002
S214040220782530345800737461636B207665722EBB
S214040230205B25642E25642E256400202573206209
S21404024075696C642025645D005A444F005345006C
S214040250484100436C757374657200476C6F626145
S2140402606C0025737478203078253038582C20009C
S21404027050726F66696C653A20257320283078259D
S214040280303458292C20436C75737465723A2030C8
S21404029078253034582C2025642062797465732CB4
S2140402A000205A434C20257320436D642049443A69
S2140402B0202564005072652D52656C656173650077
S2140402C0416C706861203100416C706861203200B6
S2140402D0416C7068612033004265746120310042CD
S2140402E06574612032004265746120330047410022
S2140402F0526573657420696E666F3A2030782530CF
S214040300325820282573290064656C65746520625C
S214040310696E64696E673A2025303258202530327B
S21404032058000102030405060708090A0B0C00011D
S2140403300101010101010101010101005752495463
S21404034045204552523A20002573657020253032E8
S2140403505820636C75732025303458206174747289
S2140403602025303458206E6F7420737570706F7249
S214040370746564002573696E76616C6964206461D3
S2140403807461207479706500257361747472206ECC
S2140403906F74207772697461626C650057524954B1
S2140403A0453A206E6F2077726974652C206A7573DF
S2140403B0742061207465737400524541443A206188
S2140403C074747269627574652073697A6520746FD3
S2140403D06F206C6172676520666F722063616C6C57
S2140403E0657200636C6E7400737276720052570006
S2140403F0524F00202052414D20200020746F6B6520
S2140404006E200065787465726E2000454E44504F29
S214040410494E54202530325800636C7573202F20C3
S21404042073696465202F2061747472202F206D66B2
S2140404306720202F74797065286C656E292F2072CA
S21404044077202F2073746F72616765202F20646194
S21404045074612028726177290025303458202F20B3
S2140404602573202F2025303458202F2000202F20BD
S2140404702530325820282530325829202F2025733D
S214040480202F202573202F2000556E737570706FF3
S21404049072746564004F544120524541443A2065C5
S2140404A0703A25303258206369643A25303458202F
S2140404B061747469643A25303458206D736B3A2538
S2140404C0303258206D66636F64653A2530345800C0
S2140404D0524541443A20636C757320253034582CB9
S2140404E020617474722025303458206661696C6506
S2140404F064202530325800524541443A20636C75D6
S2140405007320253034582C206174747220253034BE
S214040510582C20646174614C656E3A20253032583C
S2140405202C204F4B0028256329253032582530329D
S2140405305825303258253032582530325825303236
S2140405405825303258253032580064697361626C1D
S21404055065002573642C2064726F7070696E672062
S21404056065702030782530325820636C75732030DF
S214040570782530345820636D64203078253032581E
S2140405800047656E657261746564005265636569EB
S21404059076656400446973636F76657220436F6D95
S2140405A06D616E647320726573706F6E7365202858
S2140405B0636F6D706C6574653A202563292C20255D
S2140405C073204944733A200030782530325820008E
S2140405D05F45585400524541445F415454520057B5
S2140405E0524954453A20636C75732025303458209C
S2140405F061747472202530345820004641494C20DA
S214040600253032580057524954453A20746F6F20AB
S21404061073686F727400444953435F4154545200E4
S214040620257325733A20636C75732025303458007F
S21404063053766320446973633A20002573576169CF
S21404064074696E672025642073656320666F722064
S214040650646973636F7665727920746F20636F6D57
S214040660706C65746500537461746520636F727290
S2140406706573706F6E64696E6720746F2074686546
S214040680207468652072657175657374206E6F7466
S21404069020666F756E640A002573636F6D706C65F3
S2140406A074652E0A00257353657276696365204463
S2140406B06973636F76657279205374617465206C10
S2140406C0696D69747320726561636865640A0025E0
S2140406D073496C6C6567616C2062726F61646361F8
S2140406E0737420616464726573732C2072656D6123
S2140406F07070696E6720746F2076616C6964206F11
S2140407006E652E0025734661696C656420746F20DF
S21404071073656E64206D6174636820646973636FC7
S214040720766572793A20307825303258002573532E
S21404073074617274696E6720646973636F76657238
S2140407407920666F7220636C7573746572203078D6
S214040750253034580025734661696C656420746FCF
S2140407602073656E642073696D706C6520646573B0
S21404077063726970746F7220726571756573743A0A
S214040780203078253032580025734661696C6564DC
S21404079020746F2073656E64204945454520616466
S2140407A0647265737320726571756573743A20306C
S2140407B078253032580025734661696C6564207468
S2140407C06F2073656E64204E574B206164647265B7
S2140407D0737320726571756573743A2030782530AA
S2140407E03258004572726F723A2025732062616433
S2140407F02073696D706C65206465736372697074C8
S2140408006F72206C656E6774682E0025734D657371
S2140408107361676520746F6F2073686F7274002548
S214040820734D65737361676520746F6F2073686FAB
S214040830727420666F72206E756D2E20656E6470FD
S2140408406F696E74730025734D6174636825732035
S214040850666F756E642066726F6D2030782530344E
S214040860582E004572726F723A20257320696E7690
S214040870616C6964206C656E677468202825642042
S214040880213D2025642920666F72204163746976B1
S2140408906520456E64706F696E7420726573706F40
S2140408A06E7365002573676F74206163746976657B
S2140408B020455020726573706F6E736500555443FF
S2140408C02074696D653A2025642F25642F256420DD
S2140408D025643A25643A25642028253038582900AA
S2140408E028556E6B6E6F776E20636C75732E205B67
S2140408F03078253034585D29000D0A542530385890
S2140409003A005258206C656E2025642C20657020B1
S214040910253032582C20636C75732030782530349B
S214040920582000206D66674964202530345800201E
S21404093046432025303258207365712025303258BE
S21404094020636D642025303258207061796C6F61A5
S214040950645B004261736963004F76657220746855
S214040960652041697220426F6F746C6F6164696EB2
S21404097067002573525820706B7420746F6F207351
S214040980686F72743A202564203C20256400257321
S214040990525820706B74206D616C666F726D65645E
S2140409A03A202564203C2025640020204861766592
S2140409B020526F7574657220537570706F72740070
S2140409C02020456E6420446576696365204F6E6C0E
S2140409D079002020456E61626C65640020204469BD
S2140409E07361626C6564004572726F72207265741E
S2140409F072696576696E6720696E666F20666F72C7
S214040A00206C69627261727920494420256400254D
S214040A1073206C69627261727925732070726573D3
S214040A20656E74005A69676265652050726F00428D
S214040A30696E64696E6700536563757269747920BC
S214040A40436F7265005365637572697479204C69E7
S214040A506E6B204B6579730043424B452031363329
S214040A604B310043424B4520445341205369676E43
S214040A70004543430043424B4520445341205665BA
S214040A8072696679005061636B65742056616C699F
S214040A9064617465005A4C4C0043424B452032381E
S214040AA0334B3100454343203238334B3100434205
S214040AB04B4520636F7265004E4350004D756C7451
S214040AC069206E6574776F726B00456E68616E633D
S214040AD0656420426561636F6E205265710043420F
S214040AE04B45203238334B312044534120566572EF
S214040AF0696679004D756C74692D50414E002F68F7
S214040B006F6D652F72756E6E65722F776F726B2FB1
S214040B10747579612D7A69676265652D7377697472
S214040B2063682F747579612D7A69676265652D73BC
S214040B3077697463682F73696C6162735F746F6F2F
S214040B406C732F73696D706C69636974795F736411
S214040B506B2F70726F746F636F6C2F7A6967626540
S214040B60652F737461636B2F636F6E6669672F738B
S214040B706C5F7A69676265655F636F6E66696775E1
S214040B80726174696F6E2E63002F686F6D652F72C5
S214040B90756E6E65722F776F726B2F747579612D13
S214040BA07A69676265652D7377697463682F7475EF
S214040BB079612D7A69676265652D737769746368F0
S214040BC02F73696C6162735F746F6F6C732F7369D4
S214040BD06D706C69636974795F73646B2F70726F80
S214040BE0746F636F6C2F7A69676265652F737461BF
S214040BF0636B2F6672616D65776F726B2F616573B9
S214040C002D6563622E63002F686F6D652F72756E97
S214040C106E65722F776F726B2F747579612D7A6992
S214040C20676265652D7377697463682F7475796177
S214040C302D7A69676265652D7377697463682F73A7
S214040C40696C6162735F746F6F6C732F73696D7018
S214040C506C69636974795F73646B2F70726F746FF9
S214040C60636F6C2F7A69676265652F737461636B53
S214040C702F73656375726974792F7A69676265651F
S214040C802D73656375726974792D6D616E61676520
S214040C90722D6E6F2D7661756C742E6300457272BC
S214040CA06F723A20204661696C656420746F207206
S214040CB06561642066726F6D20454550524F4D2025
S214040CC061742030782534582C20737461747573DD
S214040CD03A20256400454550524F4D20496E6974AC
S214040CE069616C697A65643A20256300454550520B
S214040CF04F4D20427573793A202563005061727413
S214040D0069616C20576F72642053746F72616765F3
S214040D1020436F756E743A202564004164647265DE
S214040D2073733A2030782534582C205061727469D5
S214040D30616C20576F72643A203078255800636FD0
S214040D406E6669726D656400617373756D656400C3
S214040D500A454550524F4D20496E666F004E6F74DB
S214040D6020617661696C61626C6520286F6C6465CD
S214040D707220626F6F746C6F6164657229005061D3
S214040D807274204465736372697074696F6E3A2076
S214040D90202020202020202020257300436170611D
S214040DA062696C69746965733A20202020202020CB
S214040DB020202020202020307825325800506167DB
S214040DC0652045726173652074696D6520287329F2
S214040DD03A2020202020202564005061727420458B
S214040DE0726173652074696D65202873293A202022
S214040DF0202020202564005061727420457261739F
S214040E00652074696D6520286D73293A202020209A
S214040E102020256400506167652073697A65202860
S214040E206279746573293A2020202020202020200F
S214040E30256C00506172742073697A652028627983
S214040E40746573293A202020202020202020256C39
S214040E5000576F72642073697A6520286279746516
S214040E6073293A20202020202020202025642028B2
S214040E7025702900454550524F4D20696E69743AD5
S214040E802030782558002F686F6D652F72756E6E4A
S214040E9065722F776F726B2F747579612D7A696717
S214040EA06265652D7377697463682F747579612D2F
S214040EB07A69676265652D7377697463682F7369E9
S214040EC06C6162735F746F6F6C732F73696D706C93
S214040ED069636974795F73646B2F7574696C2F70BA
S214040EE06C7567696E2F706C7567696E2D636F6DB0
S214040EF06D6F6E2F656570726F6D2F656570726F9E
S214040F006D2E6300556E61626C6520746F20626F8F
S214040F106F7420696D61676520617420736C6F74EB
S214040F2020256C640A00536C6F74204D616E6167F3
S214040F306572206661696C656420746F20657261F1
S214040F40736520736C6F740A004D61782072656156
S214040F5064206C696D69742073657420746F202531
S214040F60642062797465730A0041646472657373FD
S214040F7020202020202020202020446174610A00A4
S214040F80307825346C7820202020202020307825C6
S214040F90780A004661696C656420746F2072656126
S214040FA0642066726F6D20666C6173680A00536C09
S214040FB06F7420256C640A20204164647265737320
S214040FC020202020203A20307825346C580A20200F
S214040FD04C656E6774682020202020203A203078E4
S214040FE025346C582028256C64206279746573292E
S214040FF00A002020547970652020202020202020FC
S2140410003A20004E6F2047424C2070726573656E1E
S214041010740A005A69674265650A00546872656115
S214041020640A00436F6E6E6563740A00426C7565ED
S214041030746F6F74680A00426C7565746F6F7468B9
S214041040206170706C69636174696F6E0A004D4349
S214041050550A004F7468657220283078256C582924
S2140410600A00202056657273696F6E2020202020A7
S2140410703A203078256C580A00202043617061625B
S214041080696C69746965733A20307825346C580A3B
S21404109000202050726F6475637420494420203AFF
S2140410A02000307825582000536C6F74204D616EF4
S2140410B0616765723A206661696C656420746F20A6
S2140410C0696E697469616C697A6520626F6F746CA5
S2140410D06F6164657220286572726F72203078259D
S2140410E03478290A0056657273696F6E20202020B2
S2140410F0203A2025640A00506172742020202020A3
S2140411002020203A2025730A004361706162696CCE
S21404111069746965733A20307825780A00506172DC
S214041120742073697A652020203A20256420420AB8
S21404113000506167652073697A652020203A20256F
S2140411406420420A00576F72642073697A6520200F
S214041150203A20256420420A00536C6F74732020C2
S21404116020202020203A2025640A004661696C6508
S2140411706420746F20726561642066726F6D2073DC
S214041180746F7261676520666C6173682028657287
S214041190726F72202564290A00496E76616C696450
S2140411A020736C6F7420256420286D617820736C1E
S2140411B06F74202564290A004661696C656420748E
S2140411C06F2067657420696E666F20666F72207381
S2140411D06C6F742025640A00536C6F74204D616E26
S2140411E0616765723A20736C6F74207772697465F0
S2140411F0206661696C7572652E204164647265733D
S21404120073206F66667365742028256429202B2056
S2140412107772697465206C656E6774682028256427
S214041220292067726561746572207468616E207423
S2140412306F74616C20736C6F74206C656E67746871
S21404124020282564290A00536C6F74204D616E6152
S214041250676572207761726E696E673A20736C6F89
S21404126074202564206C656E6774682028256429BC
S214041270206E6F7420616C69676E656420746F20DD
S214041280706167652073697A6520282564292E2095
S21404129054686520656E7469726520736C6F74207B
S2140412A077696C6C206E6F7420626520657261735A
S2140412B065642E0A00536C6F74204D616E61676519
S2140412C0723A206661696C656420746F2065726189
S2140412D0736520256420627974657320696E2073B3
S2140412E06C6F742025642061742061646472657375
S2140412F07320307825347820286572726F72203017
S214041300782578290A00457261736564202564206F
S214041310627974657320696E20736C6F742025641B
S2140413200A004661696C656420746F2073657420D6
S214041330736C6F7420746F20626F6F7420286572EC
S214041340726F72203078253478290A004661696CF9
S214041350656420746F20736574206C697374206FE1
S2140413606620736C6F747320746F20626F6F7420C2
S214041370286572726F72203078253478290A004600
S21404138061696C656420746F20676574206E657788
S214041390206C697374206F6620736C6F747320748A
S2140413A06F20626F6F7420286572726F72203078B7
S2140413B0253478290A00426567696E6E696E67206F
S2140413C0696D6167652076657269666963617469CB
S2140413D06F6E2E2E2E002E6661696C6564212028A1
S2140413E04572726F72203078253478290A002E7080
S2140413F061737365642120426F6F74696E6720732E
S2140414006C6F742025640A00666E692B00666E692C
S214041410006E616E00666E692D006C696273006210
S21404142073656E6400726573657400726177007329
S214041430656E645F6D756C7469636173740073655F
S2140414406E642D7573696E672D6D756C7469636152
S21404145073742D62696E64696E670074696D657372
S214041460796E63006765742D7074692D72616469A2
S2140414706F2D636F6E66696700636F6E6669672DAE
S2140414806363612D6D6F6465006576656E747300C5
S2140414907365637572697479007A69676265655FF6
S2140414A07072696E7400706C7567696E006E657430
S2140414B0006B657973006F7074696F6E00706C757D
S2140414C067006368616E67656B6579006368616E63
S2140414D067656B007A646F007072696E742072655B
S2140414E06C6174656420636F6D6D616E64732E0049
S2140414F061747472005A646F2072656C61746564FA
S21404150020636F6D6D616E64732E00726F75746503
S21404151000706F776572006D676D742D6C7169006D
S2140415206D676D742D62696E64006E6F646500731A
S214041530696D706C65006965656500756E62696ED7
S21404154064006E776B2D757064006F75742D636C14
S2140415502D6C69737400696E2D636C2D6C697374DD
S214041560005A646F20696E2D636C2D6C6973742049
S21404157072656C6174656420636F6D6D616E64730F
S2140415802E005A646F206F75742D636C2D6C69730E
S214041590742072656C6174656420636F6D6D616E32
S2140415A064732E005A646F206E776B2D75706420FA
S2140415B072656C6174656420636F6D6D616E6473CF
S2140415C02E007363616E2D6368616E2D6D61736B9F
S2140415D0007363616E006368616E506700636861E0
S2140415E06E005A646F20756E62696E642072656C54
S2140415F06174656420636F6D6D616E64732E00752F
S2140416006E6963617374006368616E67656B6579A0
S2140416102072656C6174656420636F6D6D616E64C1
S214041620732E006C696E6B004F7074696F6E207257
S214041630656C6174656420636F6D6D616E64732E92
S2140416400072656769737465720064697363006920
S2140416506E7374616C6C2D636F64650062696E648E
S214041660696E672D7461626C65007072696E742DA4
S21404167072782D6D73677300617073726574727916
S2140416800041505320726574727920666C6167203D
S214041690666F72636520636F6D6D616E647300457B
S2140416A06E61626C65732F44697361626C65732046
S2140416B07072696E74696E67206F66205278206D4A
S2140416C0657373616765732E00656E61626C650091
S2140416D042696E64696E67207461626C6520726527
S2140416E06C6174656420636F6D6D616E64732E0047
S2140416F05365637572697479206B657973207265B6
S2140417006C6174656420636F6D6D616E64732E0026
S21404171064656C657465004E6574776F726B2072D1
S214041720656C6174656420636F6D6D616E64732EA1
S21404173000666F726D0072656A6F696E2D64696605
S214041740662D6465766963652D74797065006578C1
S2140417507470616E69640069736F70656E0062729E
S2140417606F61642D706A6F696E006368616E676589
S2140417702D6368616E6E656C00696E6974006368DB
S214041780616E67652D6B6565702D616C6976652D78
S2140417906D6F64650074696D656F75742D6F707414
S2140417A0696F6E2D6D61736B006D756C74692D7049
S2140417B068792D7374617274006D756C74692D701C
S2140417C068792D73746F700066696E64006E657454
S2140417D0776F726B2066696E6420636F6D6D616EE1
S2140417E064732E006A6F696E61626C6500756E754F
S2140417F073656400736C6F742D6D616E61676572DA
S21404180000636F756E7465727300656E642D64652F
S214041810766963652D737570706F72740066696E91
S214041820642D616E642D62696E6400667261676D14
S214041830656E746174696F6E0067726F7570732D70
S214041840736572766572006E6574776F726B2D734E
S21404185074656572696E67006F74612D626F6F746C
S2140418606C6F6164006F74612D636C69656E7400DF
S2140418706F74612D73746F726167652D636F6D6D20
S2140418806F6E006F74612D73746F726167652D657A
S2140418906570726F6D0069646C652D736C65657038
S2140418A0007570646174652D74632D6C696E6B2DA0
S2140418B06B6579007570646174652D74632D6C694D
S2140418C06E6B2D6B65792072656C6174656420633C
S2140418D06F6D6D616E64730074696D6572006E6F12
S2140418E07700436F6D6D616E647320746F20636F51
S2140418F06E74726F6C2069646C696E672F736C65A6
S2140419006570696E67206F66207468652064657606
S21404191069636500666F7263652D6177616B650048
S2140419206177616B652D7768656E2D6E6F742D6AB1
S2140419306F696E6564007265706F7274696E672095
S21404194072656C6174656420636F6D6D616E64733B
S2140419502E00636C6561722D6C6173742D726570F4
S2140419606F72742D74696D6500746573742D746973
S2140419706D696E67006F74612D73746F726167654D
S2140419802D656570726F6D2072656C617465642078
S214041990636F6D6D616E64732E0077697065006F9A
S2140419A074612D73746F726167652D636F6D6D6FEF
S2140419B06E2072656C6174656420636F6D6D616E14
S2140419C06473007072696E74496D61676573007242
S2140419D0656C6F61640073746F726167652D696E00
S2140419E0666F00646174612D7072696E74006F7442
S2140419F0612D636C69656E742072656C61746564D0
S214041A0020636F6D6D616E64732E00766572696611
S214041A107900626C6F636B2D746573740070616714
S214041A20652D72657175657374007570677261648F
S214041A30652D726571756573740064697361626C93
S214041A40652D646F776E67726164657300656E6199
S214041A50626C652D646F776E677261646573006F80
S214041A6074612D626F6F746C6F61642072656C6153
S214041A7074656420636F6D6D616E6473006E657467
S214041A80776F726B2D7374656572696E6720726505
S214041A906C6174656420636F6D6D616E64732E0093
S214041AA07072652D636F6E666967757265642D6BFB
S214041AB065792D736574006D61736B2072656C6156
S214041AC074656420636F6D6D616E642E0073756259
S214041AD074726163740067726F7570732D736572C8
S214041AE07665722072656C6174656420636F6D6DD3
S214041AF0616E64732E00667261676D656E746174E0
S214041B00696F6E2072656C6174656420636F6D6DB9
S214041B10616E64732E007365742D72782D77696E0A
S214041B20646F772D73697A65006172746966696398
S214041B3069616C2D626C6F636B2D64726F70004606
S214041B40696E6420616E642062696E642072656CDE
S214041B506174656420636F6D6D616E64732E0069D5
S214041B606E69746961746F7200656E642D6465765F
S214041B706963652D737570706F72742072656C611D
S214041B8074656420636F6D6D616E64732E00706F90
S214041B906C6C2D636F6D706C657465642D63616C1D
S214041BA06C6261636B00666F7263652D73686F7237
S214041BB0742D706F6C6C00656E61626C655F747911
S214041BC0706500737461636B00617070007A636C97
S214041BD0006C65676163795F61665F6465627567FB
S214041BE000636F756E746572732072656C617465DC
S214041BF06420636F6D6D616E64732E007072696E1F
S214041C00742D636F756E7465722D747970650073C8
S214041C10696D706C652D7072696E74007072696E91
S214041C20742D7468726573686F6C6473007365747E
S214041C302D7468726573686F6C640072657365747E
S214041C402D7468726573686F6C64730073656E6474
S214041C502D72657175657374007365637572697446
S214041C60792072656C6174656420636F6D6D616E56
S214041C706473007365742D616C6C6F772D74727564
S214041C8073742D63656E7465722D72656A6F696E02
S214041C902D7573696E672D77656C6C2D6B6E6F771B
S214041CA06E2D6B6579007365742D616C6C6F772D82
S214041CB074727573742D63656E7465722D72656ABD
S214041CC06F696E2D7573696E672D77656C6C2D6BF9
S214041CD06E6F776E2D6B65792D74696D656F75748F
S214041CE0007365742D6B65792D72657175657374F3
S214041CF02D706F6C696379006D66672D746F6B6504
S214041D006E0061707300536563757269747920613F
S214041D1070732072656C6174656420636F6D6D61A9
S214041D206E64732E004765742F736574204D4647A2
S214041D3020746F6B656E2E00656E64706F696E74CA
S214041D402072656C6174656420636F6D6D616E648A
S214041D50732E00656570726F6D207574696C697496
S214041D60792072656C6174656420636F6D6D616E55
S214041D70647300536C6F74204D616E6167657220E6
S214041D8072656C6174656420636F6D6D616E6473F7
S214041D9000626F6F742D736C6F7400657261736587
S214041DA02D736C6F74006578742D666C6173682D82
S214041DB0696E666F00736C6F74732D696E666F0060
S214041DC05072696E74732074696D652E0050726962
S214041DD06E7473206174747269627574652E004340
S214041DE06C6561727320746865205A444F206C6970
S214041DF07374206F6620636C69656E742028696E40
S214041E002920636C7573746572732E004164647361
S214041E1020636C75737465727320746F20746865C0
S214041E20206B6E6F776E20636C69656E742028690C
S214041E306E2920636C757374657273206F6E2074DC
S214041E40686973206465766963652E00436C656112
S214041E50727320746865205A444F206C697374202A
S214041E606F6620636C69656E7420286F757429200C
S214041E70636C7573746572732E00416464732063B7
S214041E806C75737465727320746F20746865206B48
S214041E906E6F776E20636C69656E7420286F757438
S214041EA02920636C757374657273206F6E20746872
S214041EB06973206465766963652E0053656E647382
S214041EC020616E20757064617465206368616E6E4F
S214041ED0656C20726571756573742E006368616E37
S214041EE06E656C1F0053656E647320616E2075709A
S214041EF064617465206368616E6E656C20706167EA
S214041F0065207265712E2054686520737461636B56
S214041F102073656E6473206E776B20656E68616EE1
S214041F2063656420757064617465207265712066EB
S214041F306F72206E6F6E2D7A65726F2070616765A2
S214041F402E006368616E6E656C1F706167651F00A6
S214041F50506572666F726D7320616E20656E657271
S214041F606779207363616E2E007461726765744EC0
S214041F706F646549641F7363616E44757261746946
S214041F806F6E1F7363616E436F756E741F004272CB
S214041F906F616463617374732074686520494420B8
S214041FA06F6620746865206E6577206E6574776F3B
S214041FB0726B206D616E6167657220616E6420616C
S214041FC06374697665206368616E6E656C732E0053
S214041FD06E776B4D676549641F6368616E6E656CEA
S214041FE04D61736B1F00506572666F726D7320616E
S214041FF06E20656E65726779207363616E206F6EFE
S21404200020676976656E206368616E6E656C206D08
S21404201061736B2E007461726765744E6F646549F4
S214042020641F7363616E4475726174696F6E1F73A7
S21404203063616E436F756E741F6368616E6E656C64
S2140420404D61736B1F0053656E64732061206E656B
S21404205074776F726B206164647265737320726543
S214042060717565737420666F72207468652067697D
S21404207076656E20494545452061646472657373D0
S2140420802E00696565651F00526571756573747306
S21404209020616E204945454520616464726573730A
S2140420A0206261736564206F6E20612067697665BF
S2140420B06E206E6F64652049442E006E6F64654919
S2140420C0641F0053656E647320612073696D706CC1
S2140420D0652064657363726970746F7220726571CB
S2140420E07565737420666F72207468652073686FF4
S2140420F07274206164647265737320616E64206513
S2140421006E64706F696E7420737065636966696562
S214042110642E00646573741F746172676574456E1B
S21404212064706F696E741F0053656E64732061205B
S2140421306D6174636844657363726970746F7273F7
S2140421405265717565737420746F207468652067B2
S2140421506976656E2064657374696E6174696F6E02
S21404216020776974682074686520676976656E20D0
S21404217070726F66696C652E006E6F646549641FC5
S21404218070726F66696C651F0053656E64732061B8
S214042190206E6F64652064657363726970746F7211
S2140421A0207265717565737420746F206120676989
S2140421B076656E20746172676574206465766963FB
S2140421C0652E007461726765741F0053656E6473D0
S2140421D02061205A444F2042696E6420636F6D6DFF
S2140421E0616E6420746F206120646576696365207F
S2140421F073706563696669656420696E20746865D2
S21404220020636F6D6D616E6420617267756D656EB7
S21404221074732E0044657374696E6174696F6E1FFF
S214042220536F7572636520656E64706F696E741F94
S21404223044657374696E6174696F6E20656E64704C
S2140422406F696E741F636C757374657249441F728C
S214042250656D6F746545554936341F6465737445FA
S214042260554936341F0053656E647320616E2061D1
S214042270637469766520656E64706F696E74207227
S21404228065717565737420746F2074686520646561
S2140422907669636520776974682074686520676961
S2140422A076656E2073686F72742049442E005365F9
S2140422B06E647320616E20756E62696E642072654A
S2140422C0717565737420666F72206120756E69631C
S2140422D06173742062696E64696E6720746F20741B
S2140422E068652074617267657420646576696365E1
S2140422F02E007461726765741F736F757263652050
S21404230065756936341F736F7572636520656E6410
S214042310706F696E741F636C757374657249441FBD
S21404232064657374696E6174696F6E4555493634B5
S2140423301F64657374696E6174696F6E20656E647C
S214042340706F696E741F0053656E647320616E202F
S214042350756E62696E642072657175657374206645
S2140423606F722061206D756C74696361737420628A
S214042370696E64696E6720746F2074686520746182
S21404238072676574206465766963652E007461728D
S2140423906765741F736F7572636520657569363477
S2140423A01F736F7572636520656E64706F696E74F3
S2140423B01F636C757374657249441F67726F75701A
S2140423C0416464726573731F0053656E64732061A1
S2140423D0205A444F204D616E6167656D656E7420AA
S2140423E04C6561766520636F6D6D616E6420746FF5
S2140423F02074686520746172676574206465766904
S21404240063652E007461726765741F72656D6F76FE
S214042410654368696C6472656E1F72656A6F696E7F
S2140424201F0053656E64732061205A444F204D4745
S2140424304D542D42696E64202842696E64696E6745
S214042440205461626C652920526571756573742029
S214042450746F20746865207461726765742064659F
S214042460766963652E007461726765741F737461A0
S2140424707274496E6465781F0053656E64732061D8
S214042480205A444F204D474D542D4C514920284C3A
S2140424905149205461626C652920526571756573D3
S2140424A07420746F20746865207461726765742084
S2140424B06465766963652E0053656E6473206120D7
S2140424C05A444F20506F776572204465736372696F
S2140424D070746F72205265717565737420746F2002
S2140424E074686520746172676574206465766963D0
S2140424F0652E0053656E64732061205A444F207223
S2140425006F757465207265717565737420636F6D7D
S2140425106D616E6420746F207468652074617267E0
S21404252065742E007461726765741F696E646578DD
S2140425301F00696E6465781F65756936341F696E99
S2140425407374616C6C436F64651F00696E646578B0
S2140425501F65756936341F6B65791F005443206CFC
S214042560696E6B206B65792072657175657374206E
S214042570706F6C6963791F417070206C696E6B2094
S2140425806B6579207265717565737420706F6C69FC
S21404259063791F00426F6F6C3A20616C6C6F772012
S2140425A074727573742063656E7465722072656ADE
S2140425B06F696E207573696E672077656C6C2D6B1A
S2140425C06E6F776E206B65791F0070726F66696C2C
S2140425D06549641F636C757374657249641F00747F
S2140425E0617267657449641F00456E61626C657349
S2140425F0207072696E74696E67206F662052782048
S2140426006D657373616765732E0053657473207408
S21404261068652062696E64696E67207461626C65C1
S21404262000696E6465781F636C75737465721F6CDD
S2140426306F63616C45701F72656D6F746545701FBE
S21404264065756936341F00436C656172732074685F
S214042650652062696E64696E67207461626C652EBB
S214042660005072696E7473207468652062696E64C3
S214042670696E67207461626C6520746F2074686587
S21404268020636F6D6D616E64206C696E652E004309
S2140426906C6561727320616C6C2073656375726916
S2140426A07479206B6579732E0044656C65746520B7
S2140426B074686520737065636966696564206C690F
S2140426C06E6B206B657920696E6465782E00507297
S2140426D0696E747320616C6C2073656375726974BB
S2140426E079206B6579732E005465726D696E61741A
S2140426F0657320746865206D756C74692D5048592F
S21404270020696E746572666163650055736564203E
S214042710746F207374617274206D756C74692D50B7
S214042720485920696E74657266616365206F7468C3
S2140427306572207468616E206E61746976652061C6
S2140427406E6420666F726D20746865206E6574779B
S2140427506F726B2E2054686520737461636B2075EA
S2140427607365732073616D652050616E49642061E2
S21404277073206E617469766520726164696F206E79
S2140427806574776F726B2E00706167651F6368618E
S2140427906E6E656C1F706F7765721F6F7074696FED
S2140427A06E734D61736B20284269742030203D207F
S2140427B0526F757465727320616C6C6F7765642CE8
S2140427C0204269742031203D2042726F6164636147
S2140427D0737420616C6C6F776564291F0041747490
S2140427E0656D70747320746F206368616E6765200E
S2140427F0746865206368696C642074696D656F75B8
S21404280074206F7074696F6E206D61736B20746FC3
S2140428102066696C746572206F757420756E6465C5
S21404282073697261626C652076616C7565732028C5
S214042830652E672E206E6F206D6F7265207468613A
S2140428406E20332064617973292E0074696D656F78
S2140428507574206F7074696F6E206D61736B1F00E2
S2140428605377697463686573206265747765656E0B
S21404287020646966666572656E74206B6565702093
S214042880616C697665206D6F64657320737570700E
S2140428906F72746564206279206120726F75746546
S2140428A0722E004B65657020616C697665206D6FCD
S2140428B064651F005072696E7473207468652063C3
S2140428C0757272656E74204E6F64652049442C20C0
S2140428D045554936342C20616E642050616E20497B
S2140428E0442E00496E697469616C697A6573206167
S2140428F0206E6574776F726B3B2074686973206909
S214042900732061207465737420636F6D6D616E64EB
S214042910207573656420666F722074632D73776107
S214042920702D6F75742074657374696E672E00530A
S21404293065747320746865206E6574776F726B2097
S214042940696E646578207573656420627920616CAD
S2140429506C2066757475726520434C4920636F6DF0
S2140429606D616E64732E20204265666F7265206505
S2140429707865637574696E67206120434C492063EB
S2140429806F6D6D616E642C20746865206672616D6F
S21404299065776F726B2073776974636865732074E8
S2140429A06F2074686973206E6574776F726B2E205F
S2140429B02041667465722074686520636F6D6D616E
S2140429C06E642066696E69736865732065786563EE
S2140429D07574696E672C20746865206672616D650F
S2140429E0776F726B207377697463686573206261AE
S2140429F0636B20746F207468652070726576696FE7
S214042A007573206E6574776F726B2E20205468651C
S214042A1020434C4920757365732074686520736180
S214042A206D65206E6574776F726B20696E64657869
S214042A3020756E74696C20746865206465766963B5
S214042A406520726573657473206F722069742069DB
S214042A5073206368616E676564207468726F756757
S214042A6068207468697320636F6D6D616E642E00F0
S214042A70417474656D70747320746F206368616E3E
S214042A80676520646576696365206F766572207471
S214042A906F206120646966666572656E742063687B
S214042AA0616E6E656C20676976656E20696E20744B
S214042AB06865206368616E6E656C20617267756D0B
S214042AC0656E742E00546865206368616E6E656C6E
S214042AD020746F206368616E676520746F1F0066DC
S214042AE0696E64556E7573656450616E49640066FC
S214042AF0696E644A6F696E61626C654E6574776F61
S214042B00726B005065726D697473206A6F696E69C2
S214042B106E67206F6E20746865206E6574776F72BA
S214042B206B20666F72206120676976656E206E750D
S214042B306D626572206F66207365636F6E647320C2
S214042B40414E442062726F616463617374732061E2
S214042B50205A444F204D676D74205065726D697419
S214042B60204A6F696E696E67207265717565737445
S214042B7020746F20616C6C20726F75746572732E8E
S214042B8000412073696E676C6520627974652069FC
S214042B906E6469636174696E6720686F77206C6F12
S214042BA06E6720746865206465766963652073685B
S214042BB06F756C642068617665207065726D6974E3
S214042BC0206A6F696E696E67207475726E6564201C
S214042BD06F6E20666F722E20412076616C756520BC
S214042BE06F662030786666207475726E73206F6E1A
S214042BF0207065726D6974206A6F696E20696E64F0
S214042C006566696E6974656C792E1F004368656332
S214042C106B73206E6574776F726B20706A6F696E63
S214042C20207374617475732E00577269746573200B
S214042C3074686520657874656E6465642070616E7A
S214042C4020494420666F722074686520646576693E
S214042C5063652E0065787470616E69641F00526542
S214042C606A6F696E7320616E206578697374696E25
S214042C7067206E6574776F726B20696E20612073AF
S214042C806563757265206F7220696E73656375720D
S214042C9065206D616E6E65722077697468206120A8
S214042CA0646966666572656E7420646576696365D4
S214042CB020747970652E00426F6F6C65616E206EAD
S214042CC06574776F726B206B657920617661696CC9
S214042CD06162696C6974791F4368616E6E656C2005
S214042CE06D61736B1F416E20656E756D65726174E0
S214042CF0696F6E20696E6469636174696E672074B7
S214042D0068652064657669636520747970652074E7
S214042D106F2072656A6F696E2061732E5468652031
S214042D20737461636B206F6E6C7920616363657086
S214042D30747320534C5F5A49474245455F454E4499
S214042D405F44455649434520616E6420534C5F5AA0
S214042D5049474245455F534C454550595F454E44A7
S214042D605F4445564943452E1F0052654A6F696EB7
S214042D70732061206E6574776F726B2E00426F6FDE
S214042D806C65616E206E6574776F726B206B657907
S214042D9020617661696C6162696C6974791F436845
S214042DA0616E6E656C206D61736B1F004C65617699
S214042DB065732061206E6574776F726B2E00547590
S214042DC0726E73207065726D6974206A6F696E69BD
S214042DD06E67206F6E20666F722074686520616D62
S214042DE06F756E74206F662074696D6520696E64F5
S214042DF06963617465642E00412073696E676C654F
S214042E00206279746520696E6469636174696E67AB
S214042E1020686F77206C6F6E672074686520646521
S214042E20766963652073686F756C6420686176657F
S214042E30207065726D6974206A6F696E696E6720AA
S214042E407475726E206F6E20666F722E2041207627
S214042E50616C7565206F66203078666620747572BE
S214042E606E73207065726D6974206A6F696E20696E
S214042E706E646566696E6974656C792E1F004A6FA8
S214042E80696E732061206E6574776F726B206F6E47
S214042E90206120676976656E206368616E6E656C76
S214042EA02C2077697468206120676976656E2054E3
S214042EB05820506F77657220616E642050414E2012
S214042EC049442E00546865206368616E6E656C2004
S214042ED06F6E20776869636820746F206A6F696E06
S214042EE020746865206E6574776F726B1F4F6E650D
S214042EF02D62797465207369676E65642076616CEB
S214042F00756520696E6469636174696E67207468A8
S214042F106520545820506F77657220746861742059
S214042F2074686520726164696F2073686F756C6479
S214042F302062652073657420746F1F546865205082
S214042F40414E204944206F6E207768696368207478
S214042F506F206A6F696E20746865206E6574776F7B
S214042F60726B1F00466F726D732061206E657477F6
S214042F706F726B206F6E206120676976656E2063C2
S214042F8068616E6E656C2C207769746820612067B2
S214042F906976656E20545820506F77657220616E8E
S214042FA0642050414E2049442E00546865206368CE
S214042FB0616E6E656C206F6E207768696368207436
S214042FC06F20666F726D20746865206E6574776F07
S214042FD0726B1F4F6E652D62797465207369676E18
S214042FE065642076616C756520696E6469636174D6
S214042FF0696E672074686520545820506F77657230
S21404300020746861742074686520726164696F2036
S21404301073686F756C642062652073657420746FC2
S2140430201F5468652050414E204944206F6E207717
S2140430306869636820746F20666F726D20746865B3
S214043040206E6574776F726B1F005468697320690D
S2140430506E6974696174657320612054434C4B2017
S2140430607570646174652070726F636564757265EB
S2140430702E00537065636966792074686520616DF7
S2140430806F756E74206F662074696D6520746F208A
S21404309077616974206166746572206F6E6520546A
S2140430A0434C4B20757064617465206F7065726163
S2140430B074696F6E20636F6D706C657465732062DF
S2140430C065666F726520626567696E6E696E6720F5
S2140430D061206E65772054434C4B20757064617490
S2140430E065206F7065726174696F6E2E0054686532
S2140430F020616D6F756E74206F662074696D65202F
S2140431006265747765656E2073756273657175653F
S2140431106E742074727573742063656E74657220A1
S2140431206C696E6B206B6579207570646174657369
S21404313020696E206D696C6C697365636F6E647369
S2140431401F00536574206F7220636C656172207370
S214043150746179206177616B65207768656E206E8F
S2140431606F74206A6F696E656400536574206F72AD
S21404317020636C65617220666F7263652061776197
S2140431806B6500446973706C61792074686520739C
S2140431906C6565702073746174757300464F5220B5
S2140431A054455354494E4720505552504F53455357
S2140431B0202D206761746865722074696D696E6776
S2140431C0206D65747269637320666F722072657011
S2140431D06F7274696E67207461626C65206F7065C7
S2140431E0726174696F6E732E00436C65617273202E
S2140431F0746865206C617374207265706F727420D5
S21404320074696D65206F6620617474726962757482
S21404321065732E00416464732061206E65772065B3
S2140432206E74727920746F20746865207265706F8E
S2140432307274207461626C652E00546865206C6F2D
S21404324063616C20656E64706F696E742066726F5D
S2140432506D20776869636820746865206174747289
S2140432606962757465206973207265706F7274651F
S214043270641F54686520636C757374657220776880
S2140432806572652074686520617474726962757409
S21404329065206973206C6F63617465641F54686588
S2140432A0204944206F6620746865206174747269CE
S2140432B062757465206265696E67207265706F72E8
S2140432C07465641F3020666F7220636C69656E7463
S2140432D02D736964652061747472696275746573AC
S2140432E0206F72203120666F722073657276657265
S2140432F02D7369646520617474726962757465738C
S2140433001F546865206D696E696D756D20726570F1
S2140433106F7274696E6720696E74657276616C2C60
S214043320206D6561737572656420696E20736563CC
S2140433306F6E64732E1F546865206D6178696D75B1
S2140433406D207265706F7274696E6720696E74653D
S2140433507276616C2C206D65617375726564206984
S2140433606E207365636F6E64732E1F546865206DDC
S214043370696E696D756D206368616E676520746F2C
S214043380207468652061747472696275746520744B
S2140433906861742077696C6C20726573756C742030
S2140433A0696E2061207265706F7274206265696E42
S2140433B0672073656E742E1F0052656D6F76657395
S2140433C020616E20656E7472792066726F6D20744B
S2140433D06865207265706F7274207461626C652E05
S2140433E00054686520696E646578206F662074688A
S2140433F065207265706F727420746F206265207227
S214043400656D6F7665641F00436C65617273206139
S2140434106C6C20656E74726965732066726F6D20BD
S214043420746865207265706F7274207461626C656E
S2140434302E005072696E747320746865207265700D
S2140434406F7274207461626C652E005769706573C0
S21404345020616C6C206461746120696E20746865F8
S2140434602073746F72616765206465766963652E80
S214043470005072696E74732061726269747261724C
S21404348079206279746573206F6620746865204FAE
S214043490544120696D616765206F6E206469736BA3
S2140434A02E0054686520696E646578206F66207403
S2140434B0686520696D61676520746F207072696E37
S2140434C0742069747320646174611F546865206F86
S2140434D0666673657420696E746F20746865204F21
S2140434E0544120696D61676520746861742077694A
S2140434F06C6C206265207072696E7465641F00507F
S21404350072696E747320696E666F726D6174696F2A
S2140435106E2061626F7574207468652073746F72B0
S214043520616765206465766963652E0052656C6F15
S2140435306164207468652073746F726167652064C3
S21404354065766963652E0044656C657465732074DE
S214043550686520696D6167652061742074686520FC
S21404356073706563696669656420696E6465782E40
S2140435700054686520696E646578206174207768F5
S21404358069636820746F20626567696E2064656C81
S2140435906574696E672074686520696D6167651F68
S2140435A0005072696E74732074686520696D616773
S2140435B065732E00456E61626C6573204F5441201E
S2140435C0646F776E6772616465732E004469736115
S2140435D0626C6573204F544120646F776E67726126
S2140435E06465732E0053656E647320616E20557097
S2140435F06772616465456E6452657175657374209F
S214043600746F20616E204F54412073657276657224
S2140436102E0043616E206265207573656420746FA6
S2140436202064796E616D6963616C6C79207475725F
S2140436306E206F66662073656E64696E67207061BF
S2140436406765207265717565737473206F6E207478
S214043650686520636C69656E7420736964652C20E4
S2140436606966207468652073657276657220646F77
S21404367065736E277420737570706F727420746827
S214043680697320666561747572652E00426F6F6C8F
S21404369065616E2076616C7565207475726E696EF0
S2140436A067206F6E20283129206F72206F6666208F
S2140436B028302920746865207061676520726571FA
S2140436C07565737420666C61671F0053656E64735A
S2140436D020616E20696D61676520626C6F636B2084
S2140436E07265717565737420666F722061206669F1
S2140436F06C652074686520736572766572207368DD
S2140437006F756C64206E6F7420686176652E202059
S21404371054657374206861726E657373206F6E6C83
S21404372079202874657374206361736520392E3597
S2140437302E36202D204D697373696E672046696C9A
S2140437406529005072696E747320696E666F726DB7
S2140437506174696F6E206F6E20746865206375727D
S21404376072656E74207374617465206F6620746865
S21404377065204F544120636C69656E7420646F77CE
S2140437806E6C6F61642E0053746F7073207468657A
S214043790204F5441207374617465206D61636869B9
S2140437A06E652E0053746172747320746865204FBE
S2140437B0544120636C69656E74207374617465206B
S2140437C06D616368696E652E205468652073746144
S2140437D07465206D616368696E6520646973636FE0
S2140437E07665727320746865204F54412073657241
S2140437F07665722C207175657269657320666F72C2
S214043800206E657720696D616765732C20646F7719
S2140438106E6C6F6164732074686520696D6167659A
S2140438207320616E6420776169747320666F7220FA
S2140438307468652073657276657220636F6D6D615A
S2140438406E6420746F20757067726164652E005014
S21404385072696E747320746865206D616E75666136
S2140438606374757265722049442C20496D616765DE
S21404387020547970652049442C20616E6420566576
S2140438807273696F6E20696E666F726D6174696FAC
S2140438906E20746861742061726520757365642097
S2140438A07768656E2061207175657279206E65781B
S2140438B07420696D6167652069732073656E742072
S2140438C0746F2074686520736572766572206279F9
S2140438D02074686520636C69656E742E005065728A
S2140438E0666F726D73207369676E61747572652096
S2140438F0766572696669636174696F6E206F6E209F
S21404390074686520696D61676520617420746865F4
S2140439102073706563696669656420696E6465789A
S2140439202E0054686520696E64657820617420777B
S2140439306869636820746F20626567696E207665BF
S21404394072696669636174696F6E206F6620746855
S2140439506520696D6167651F00426F6F746C6F61E7
S21404396064732074686520696D61676520617420DE
S2140439707468652073706563696669656420696E3A
S2140439806465782062792063616C6C696E67207464
S2140439906865204F544120626F6F746C6F616420B9
S2140439A063616C6C6261636B2E0054686520696E9B
S2140439B064657820617420776869636820746F2072
S2140439C0626567696E20626F6F746C6F6164696E9E
S2140439D0672074686520696D6167651F00507269A9
S2140439E06E747320696E666F2061626F75742074DE
S2140439F0686520696E7374616C6C656420626F6FB1
S214043A00746C6F616465722E0053756274726163C0
S214043A1074732061206368616E6E656C2066726FD5
S214043A206D206569746865722074686520707269B3
S214043A306D617279206F72207365636F6E64617254
S214043A4079206368616E6E656C206D61736B206FA0
S214043A506620746865206E6574776F726B2D737458
S214043A60656572696E6720636F6D706F6E656E74E0
S214043A702E00546865206368616E6E656C206D6107
S214043A80736B20746F207375627472616374207430
S214043A906865206368616E6E656C2066726F6D1F64
S214043AA0546865206368616E6E656C20746F20735D
S214043AB07562747261637420746865206D61736BDB
S214043AC02066726F6D1F0041646473206120636812
S214043AD0616E6E656C20746F20656974686572200B
S214043AE0746865207072696D617279206F722073D4
S214043AF065636F6E64617279206368616E6E656C6F
S214043B00206D61736B206F6620746865206E657423
S214043B10776F726B2D7374656572696E6720636F59
S214043B206D706F6E656E742E0054686520636861F0
S214043B306E6E656C206D61736B20746F20616464B7
S214043B402061206368616E6E656C20746F1F546814
S214043B5065206368616E6E656C20746F20616464B2
S214043B6020746F20746865206D61736B1F00536545
S214043B707473206569746865722074686520707251
S214043B80696D617279206F72207365636F6E64610C
S214043B907279206368616E6E656C206D61736B2E3E
S214043BA000546865206368616E6E656C206D617391
S214043BB06B20746F2073756274726163742074680A
S214043BC065206368616E6E656C2066726F6D1F5447
S214043BD068652076616C756520746F207365742043
S214043BE0746865206368616E6E656C206D61736BC6
S214043BF020746F2E1F0053657473207468652070DC
S214043C0072652D636F6E66696775726564206B6591
S214043C107920736F207468617420746865206A6FF5
S214043C20696E696E67206465766963652063616E94
S214043C3020656E74657220746865206E6574776F8F
S214043C40726B2E00536574732074686520707265F9
S214043C50636F6E66696775726564206B65791F00AD
S214043C6053746F707320746865206E6574776F7212
S214043C706B207374656572696E672070726F636516
S214043C8073732E0053746172747320746865206EA7
S214043C906574776F726B207374656572696E6720DE
S214043CA070726F636573732E0041206D61736B20B1
S214043CB06F66206F7074696F6E7320666F7220690A
S214043CC06E6469636174696E6720737065636966A0
S214043CD06963206265686176696F722077697468C3
S214043CE0696E20746865206E6574776F726B2D73C9
S214043CF074656572696E672070726F636573732E80
S214043D001F00446973706C6179732074686520635E
S214043D10757272656E7420737461747573206F6641
S214043D2020746865206E6574776F726B2073746593
S214043D306572696E672070726F636573732E0043D5
S214043D406C65617273207468652067726F75707332
S214043D50207461626C65206F6E20657665727920CA
S214043D60656E64706F696E74005072696E74732049
S214043D70696E666F726D6174696F6E2061626F75CD
S214043D80742074686520636F6E74656E7473206F38
S214043D9066207468652067726F757073207461623C
S214043DA06C652E004172746966696369616C6C792E
S214043DB02064726F70732074686520626C6F636B26
S214043DC0206E756D62657220646566696E65642032
S214043DD0627920746865207061737365642061720B
S214043DE067756D656E74206F6E6C79206F6E636593
S214043DF02C20616E64207468656E20616C6C6F772D
S214043E00732069742075706F6E20612072657472F9
S214043E10792E0054686520626C6F636B206E756D36
S214043E2062657220746F2061727469666963696181
S214043E306C6C792064726F7020746F20666F726386
S214043E40652061207265747279202D207365742054
S214043E50746F203078464620746F206469736162FC
S214043E606C651F00536574732074686520726563FF
S214043E70656976652077696E646F772073697A65FD
S214043E802E2020427920646566696E6974696F6EB7
S214043E9020696E2074686520536D61727420456EC7
S214043EA0657267792070726F66696C652069742024
S214043EB06D7573742062652073657420746F203189
S214043EC020627574207468697320616C6C6F7773F4
S214043ED020697420746F206265206368616E67656C
S214043EE0642E00546865206D6178206E756D626579
S214043EF072206F662074686520626C6F636B732033
S214043F007265636569766564206265666F726520AE
S214043F10616E204150532061636B2069732067658E
S214043F206E6572617465641F004D616B6573207401
S214043F30686973206E6F6465207374617274206997
S214043F4064656E74696679696E67206173206120A2
S214043F5074617267657420666F722062696E646944
S214043F606E67207769746820616E20696E6974696B
S214043F7061746F72206E6F64652E005468652065E8
S214043F806E64706F696E74206F6E207768696368FC
S214043F9020746F20626567696E20746865204669C0
S214043FA06E64696E6720616E642042696E64696E31
S214043FB067207461726765742070726F63657373CB
S214043FC01F004D616B65732074686973206E6F649F
S214043FD0652073746172742074686520696E6974F0
S214043FE06961746F722070617274206F66207468E1
S214043FF0652066696E64696E6720616E6420626916
S2140440006E64696E672070726F636573732E0054F6
S214044010686520656E64706F696E74206F6E2077B5
S2140440206869636820746F20626567696E207468C7
S214044030652046696E64696E6720616E6420426915
S2140440406E64696E6720696E69746961746F722044
S21404405070726F636573731F00536574732077689B
S21404406065746865722074686520434C4920666FE1
S2140440707263657320746865206465766963652079
S214044080746F2073686F727420706F6C6C2E00549B
S21404409068652076616C756520696E646963617411
S2140440A0696E672077686574686572207468652031
S2140440B06465766963652073686F756C64207368DD
S2140440C06F727420706F6C6C1F0053657473207766
S2140440D068657468657220746865206465766963CB
S2140440E0657320706F6C6C20636F6D706C6574659F
S2140440F0642063616C6C6261636B2066756E6374C6
S214044100696F6E20697320656E61626C65642E004B
S2140441105468652076616C756520696E64696361B0
S21404412074696E672077686574686572207468655C
S214044130206465766963657320706F6C6C20636FAA
S2140441406D706C657465642063616C6C6261636B2E
S2140441502066756E6374696F6E20697320656E6180
S214044160626C65641F00446973706C6179732074B3
S214044170686520737461747573206F66207468654F
S21404418020456E64204465766963657320706F6CA1
S2140441906C696E672E00456E61626C652F64697388
S2140441A061626C6520646562756720606C65676132
S2140441B0637920617070206672616D65776F726BCB
S2140441C020646562756760207072696E7420747905
S2140441D070652E00456E61626C652F64697361625A
S2140441E06C651F00456E61626C652F64697361625D
S2140441F06C6520646562756720607A636C60207005
S21404420072696E7420747970652E00456E61626CF6
S214044210652F64697361626C6520646562756720E6
S2140442206061707060207072696E74207479706555
S2140442302E00456E61626C652F64697361626C65FD
S2140442402064656275672060636F726560207072B3
S214044250696E7420747970652E00456E61626C65B3
S2140442602F64697361626C6520646562756720609B
S214044270737461636B60207072696E7420747970F5
S214044280652E0053656E64732061207265717565D2
S214044290737420666F72204F544120636F756E747A
S2140442A06572732E0052657365747320616C6C209E
S2140442B07468726573686F6C64732076616C756578
S2140442C07320746F203078464646462E0053657435
S2140442D0732061207468726573686F6C64207661FD
S2140442E06C756520666F72206120706172746963F4
S2140442F0756C61722074797065206F6620636F75C3
S2140443006E7465722E0054797065206F6620636F34
S214044310756E7465721F5468726573686F6C64207A
S21404432056616C75651F005072696E7473207468EC
S21404433065207468726573686F6C6473206F66209A
S214044340616C6C2074686520636F756E7465727337
S2140443502E00436C6561727320616C6C20636F750C
S2140443606E7465722076616C7565732E0050726982
S2140443706E747320616C6C20636F756E7465722046
S21404438076616C7565732E005072696E7473207452
S21404439068652076616C7565206F6620746869733D
S2140443A020706172746963756C617220636F756ED8
S2140443B07465722E0054686520636F756E7465723A
S2140443C0207479706520746F207072696E741F0093
S2140443D05072696E747320616C6C20636F756E74B2
S2140443E065722076616C75657320616E6420636CFB
S2140443F065617273207468656D2E00536574204D74
S214044400464720746F6B656E2C2043414E4E4F54C6
S21404441020424520554E53455420425920434C498A
S2140444202E005072696E74204D464720746F6B657B
S2140444306E2E005072696E7420616374697665200E
S2140444406576656E74732E0044697361626C6520CC
S21404445074686520656E64706F696E7420666F722A
S214044460205A434C206D657373616765732E00454F
S2140444706E64706F696E7420696E6465781F00459B
S2140444806E61626C65732074686520656E64706F17
S214044490696E7420666F72205A434C206D65737380
S2140444A0616765732E005072696E7420737461744C
S2140444B07573206F6620656E64706F696E74732EF4
S2140444C00053686F77732074686520766572736925
S2140444D06F6E206F662074686520736F66747761EC
S2140444E072652E005365742074686520636F6E666B
S2140444F0696775726564203830322E31352E342063
S214044500434341206D6F646520696E20746865209E
S214044510726164696F2E2053656520646F63756DE0
S214044520656E746174696F6E207265676172646922
S2140445306E67205241494C5F494545453830323113
S21404454035345F4363614D6F64655F742E004120AC
S2140445505241494C5F494545453830323135345F20
S2140445604363614D6F64655F742076616C75651F87
S2140445700052657475726E732050544920726164DB
S214044580696F20636F6E66696720696E666F726D09
S2140445906174696F6E20746F2064657465726D69EA
S2140445A06E652074686520504859207479706520BB
S2140445B06265696E6720757365642062792052416E
S2140445C0494C2E2072657475726E2076616C756522
S2140445D020697320656E756D205241494C5F4945CC
S2140445E045453830323135345F50746952616469F8
S2140445F06F436F6E6669675F7420652E672020526E
S21404460041494C5F494545453830323135345F5071
S21404461054495F524144494F5F434F4E4649475FB2
S21404462032503447485A203D203078303055205296
S21404463041494C5F494545453830323135345F5041
S21404464054495F524144494F5F434F4E4649475F82
S21404465032503447485A5F414E54444956203D2010
S2140446603078303155205241494C5F4945454538EC
S21404467030323135345F5054495F524144494F5FBC
S214044680434F4E4649475F32503447485A5F434F7C
S2140446904558203D203078303255205241494C5FF1
S2140446A0494545453830323135345F5054495F52B8
S2140446B04144494F5F434F4E4649475F3250344763
S2140446C0485A5F414E544449565F434F4558203D2F
S2140446D02030783033550053656E64732061207241
S2140446E0656164206174747220666F7220746865F4
S2140446F02074696D65206F6620746865206465762D
S214044700696365207370656369666965642E20490C
S214044710742073657473206120666C616720736F00
S214044720207768656E2069742067657473207468E2
S2140447306520726573706F6E736520697420777276
S21404474069746573207468652074696D6520746F78
S21404475020697473206F776E2074696D65206174A8
S21404476074722E0049641F737263456E64706F69B9
S2140447706E741F64657374456E64706F696E741F1F
S214044780005768656E2073656E64696E672075737E
S214044790696E6720612062696E64696E672C207397
S2140447A070656369666965732077686574686572A1
S2140447B02061206D756C7469636173742062696E20
S2140447C064696E672073686F756C64206265207513
S2140447D07365642E007573654D756C7469636173D7
S2140447E07442696E64696E671F0053656E64732055
S2140447F061207072652D6275666665726564206DEB
S214044800756C746963617374206D65737361676531
S21404481020746F206120676976656E2067726F75F5
S214044820702049442066726F6D2061206769766542
S2140448306E20656E64706F696E742E0067726F7595
S2140448407049641F7372632D656E64706F696E744D
S2140448501F00437265617465732061206D65737310
S2140448606167652062792073706563696679696E2D
S2140448706720746865207261772062797465732E88
S21404488020557365207468652073656E6420636FB5
S2140448906D6D616E6420746F2073656E6420746839
S2140448A065206D657373616765206F6E6365206947
S2140448B07420686173206265656E20637265617436
S2140448C065642E2045783A2072617720307830303F
S2140448D03046207B303020304120303020313120AB
S2140448E032322033332034342035357D2073656EE0
S2140448F064732061206D65737361676520746F202F
S214044900636C7573746572203135202830783030C6
S214044910304629206F66206C656E677468203820E0
S214044920776869636820696E636C75646573207460
S2140449306865205A434C206865616465722E00439E
S2140449406C757374657249641F446174611F005208
S214044950657365747320746865206E6F64652E00D5
S2140449605772697465732061206D6573736167653A
S2140449702E00456E64706F696E741F436C75737495
S21404498065722049441F41747472696275746520A7
S21404499049441F4D61736B1F4461746120747970C0
S2140449A0651F4461746120627974651F00526561F5
S2140449B064732061206D6573736167652E00456EB0
S2140449C064706F696E741F436C75737465722049E6
S2140449D0441F4174747269627574652049441F31BA
S2140449E020696620736572766572206469726563F1
S2140449F074696F6E2C203020696620636C69656E5E
S214044A007420646972656374696F6E1F0053656E03
S214044A1064732061206D6573736167652E00446559
S214044A207374696E6174696F6E1F536F7572636514
S214044A3020656E64706F696E741F44657374696E66
S214044A406174696F6E20656E64706F696E741F00A2
S214044A50536F7572636520656E64706F696E741F3C
S214044A60004C69737473207768696368206F707488
S214044A70696F6E616C206C6962726172696573201D
S214044A806F662074686520737461636B2061726559
S214044A9020696D706C656D656E746564206F6E203C
S214044AA074686973206465766963652E005072695C
S214044AB06E747320696E666F726D6174696F6E20B2
S214044AC061626F757420746865206E6574776F72A2
S214044AD06B2073746174652C20636C7573746572D3
S214044AE0732C20616E6420656E64706F696E7473D7
S214044AF02E006F66667365741F005072696E747359
S214044B0020696E666F726D6174696F6E20666F726F
S214044B1020616C6C20617661696C61626C652073DF
S214044B206C6F74732E005265616473207261772013
S214044B30646174612066726F6D20666C61736820B0
S214044B4073746F726167652E004164647265737373
S214044B5020746F20726561641F4E756D62657220E5
S214044B606F6620627974657320746F207265616461
S214044B701F005072696E747320666C6173682073CC
S214044B80746F7261676520696E666F726D617469B1
S214044B906F6E2E00457261736573207468652073AA
S214044BA0706563696669656420736C6F7420494434
S214044BB02E0053746F7261676520736C6F74206E79
S214044BC0756D6265721F00426F6F7473207468653A
S214044BD020696D61676520696E207468652073704E
S214044BE06563696669656420736C6F742049442E36
S214044BF000434C4920696E7374616E636520657862
S214044C00616D706C650064756D6D795F696E737443
S214044C10005A434C20636F6D6D616E64730062616D
S214044C2073696300676C6F62616C006D66672D6301
S214044C306F6465007573652D6E6578742D73657184
S214044C4075656E636500782D64656661756C742D94
S214044C507265737000746573742D726573706F6E0D
S214044C6073652D6F6E00746573742D726573706F43
S214044C706E73652D6F6666005A434C2062617369D5
S214044C806320636C757374657220636F6D6D616EFB
S214044C906473007274666400436F6D6D616E6420A5
S214044CA0746861742072657365747320616C6C201B
S214044CB06174747269627574652076616C75657367
S214044CC020746F20666163746F7279206465666110
S214044CD0756C742E005241494C006C6F7765722DCA
S214044CE06D61632D7261696C2D3830322E31352E2C
S214044CF0342E63006C69627261696C2E6100756E95
S214044D00636C61696D6564006275666665722D6DB7
S214044D10616E6167656D656E742E63006576656E9B
S214044D20742D71756575652E63007A6967626565AD
S214044D302D75707065722D6D61632E63006E6569E6
S214044D406768626F722E63006173736F6369617460
S214044D50696F6E2E6300313832317300313432326B
S214044D6031003132310032730031323231313200A7
S214044D703132323131003238310038313100313895
S214044D8032313100313231313132313232323173F3
S214044D900031323200313231313232310031313188
S214044DA03100323238006D61632D6D756C74692D77
S214044DB06E6574776F726B2E63006C6567616379DA
S214044DC02D7061636B65742D6275666665722E63FD
S214044DD000000000000002000000000000000000C8
S214044DE0BA040000000002000000000000000000FA
S214044DF0BA040000000102030E312E312E332D3288
S214044E0031633930383537000100000203030100EE
S214044E1006000000000003000000000013B779FA43
S214044E20C925DDB7ADF3CFE0F1B614B80102000032
S214044E3000000000FFFFFFFF01000000010000006B
S214044E400000000000000000000000000000000059
S214044E500000000000000000000000000000000049
S214044E60000000000000000000000000033F1F00D8
S214044E700F1203000B120300E9110300B71103001D
S214044E804712030019120300B91103002C00000096
S214044E90020202030000000001020000000801B440
S214044EA0444F04000008015A004F04000008004064
S214044EB0BC4E040000000000000000000000FCFEE1
S214044EC0FFFF000000000000FFFF000000000000DD
S214044ED0FFFF000000000000FFFF000000000000CD
S214044EE040001806F4D200002C00B0023DBE0000BC
S214044EF01700F2000C7C00000C0041009E420000EB
S214044F006400FCFEFFFF000000000000FFFF00003E
S214044F10000000005A00F306A554FEFF2100A3017A
S214044F20A1FEFFFF1100A600832700000A0061000F
S214044F30DC26000006003B00F820000003001500F5
S214044F40AD130000C800FCFEB4008B087BC0FBFF5A
S214044F504D00E402E756FFFF2C00A20183EBFFFF9F
S214044F601A000301B31A00001100A300552900001B
S214044F700A005E005A28000006003A0021220000BB
S214044F8004001800731600003B0304007DB60300FB
S214044F907DB603007DB603007DB603007DB6030030
S214044FA07DB603007DB603007DB603007DB6030020
S214044FB07DB603007DB603007DB603007DB6030010
S214044FC07DB603007DB603007DB603007DB6030000
S214044FD07DB603007DB603007DB603007DB60300F0
S214044FE07DB603007DB603007DB603007DB60300E0
S214044FF07DB603007DB603008BB603007DB60300C2
S214045000A0B603007DB603007DB60300C5B6030054
S2140450107DB603007DB603007DB603007DB60300AF
S214045020EDB603007DB603007DB603007DB603002F
S2140450307DB6030005B703007DB6030023B703005F
S2140450400B0000000B0000000200000000002020FF
S21404505000000000030000008C8C3C0000000000F0
S21404506000000000000000000000005812000000CD
S21404507000000000FFFFFFFFFFFFFFFFFFFFFFFF33
S214045080554E4B00474F200042544C00474F3200C9
S214045090474F3300474F3400474F3500474F3600DD
S2140450A0474F3700474F3800474F3900474F4100B6
S2140450B0474F4200474F4300474F4400474F450081
S2140450C0474F46004A4D5000424452005550520045
S2140450D042544D004D534D0046544C00554E4B0023
S2140450E0474F200042544C004241440046544C0072
S2140450F0465243004F54410044534C004241500032
S21404510055504700544D450046415500545A4600F4
S214045110554E4B0050494E00454D3400554E4B00FD
S21404512048562000554E4B00455850004C574D00ED
S214045130554E4B005242540044534C00454D3400E7
S214045140554E4B0041535400554E4B00564659009D
S214045150494E4800554E4B004C434B0058544C00A7
S2140451604F424600554E4B00485244004D454D00B4
S214045170425553005553470044424700444D4100AE
S21404518056435400554E4B005550200052502000B4
S214045190415030004150310041502000445020001E
S2140451A0444543008050040084500400DC5004004E
S2140451B0105104001C510400245104003051040012
S2140451C04051040048510400545104006451040042
S2140451D084510400554E4B004649420042544C004C
S2140451E04558540050575200574447002053570020
S2140451F0435253004653480042414400464C540030
S21404520042524F000104010303060105010501098A
S2140452100600060B0000070B050B0000000000004C
S214045220000000000400E40C0A0001041001000061
S2140452300005000200000300C0540400BC5404002F
S214045240A8540400A4540400A05404009C5404006D
S2140452508A5404007A540400605404005854040029
S2140452604E5404004C5404003454040031540400D6
S214045270295404001854040008540400F653040087
S214045280DC530400D4530400C8530400C45304007D
S214045290C0530400B2530400A75304008E53040002
S2140452A075530400195304001853040008530400EB
S2140452B0E0520400D5520400D4520400C052040044
S2140452C000000000000000000000000000000000D5
S2140452D0000000000F0000000000000000000000B6
S2140452E000000000000000000000000000000000B5
S2140452F000000000000000000000000000000000A5
S2140453000000000000000000010000000000000093
S21404531000000000000000000F0000000000000075
S2140453200000000000000000000000000000000074
S2140453300000000000000000000000000000000064
S2140453400000000000000000000000000000000054
S2140453500000000000000000000000000000000044
S2140453600000000000000000000000000000000034
S2140453700000000000000000000000000000000024
S2140453800000000000000000000000000000000014
S2140453900000000000000000000000000000000004
S2140453A000000000000000000000000000000000F4
S2140453B000000000000000000000000000000000E4
S2140453C00000000000000000FFFFFFFFFFFFFFFFDC
S2140453D0FFFF0000000000000000000000000000C6
S2140453E000000000000000000000000000000000B4
S2140453F000000000000000000000000000000000A4
S2140454000000000000000000000000000000000093
S2140454100000000000000000000000000000000083
S214045420000000000000000000FFFFFFFFFFFFFF7A
S214045430FF9C0000FF0000000000000000000000C9
S2140454400000000000000000800000000000FFFFD5
S214045450FFFFFFFFFFFFFFFF00000000FFFF00004D
S2140454600000000000000000000000000000000033
S21404547000000000000000000000FFFFFF00000026
S2140454800000000000000000000000000000000013
S2140454900000000000000000000000000000000003
S2140454A000000000000000000000000000000000F3
S2140454B000000000000000000000000000000000E3
S2140454C0FC030101010101010101010101010101C6
S2140454D001000000000000010020000000000001A0
S2140454E00100002002041104040211101A080A0222
S2140454F01801081110111A080A04020D0B19195C78
S2140455000110280B01140000000000000000000039
S2140455100000000000010101010101000101010178
S2140455200101010000010101000100010100000069
S2140455300000000000000000000000000001000061
S21404554000000000000000000000000001FF010051
S21404555023E1010075E4010063E2010063E5010054
S21404556062E1010079EB010064EE010024E1010030
S21404557025E1010026E1010027E1010028E1010000
S21404558029E101002AE10100000001008000010079
S21404559000010100800101000002010080020100F8
S2140455A020E201000003010000050100800501005F
S2140455B0000601002C890100800601000007010096
S2140455C001E5010002E50100000801008008010071
S2140455D00040010086321010FFFFFFFFFFFFFFFFB1
S2140455E0B1BF0300B7BF0300BDBF0300C3BF0300C2
S2140455F0C9BF0300567777777777777777777777A4
S214045600777777775A6967426565416C6C69616E2E
S214045610636530395A6967426565416C6C69616EC9
S214045620636530394E574B205374656572696E67EF
S214045630000095969595950507090D000000000055
S21404564000010203040600002FD80300CAEB03007F
S214045650E4EB0300FBEB03000EEC03001EEC03007C
S21404566032EC030044EC030054EC030070EC03003B
S21404567085EC03000208010D0D0101011201000072
S214045680FFFFFFFFFFFFFFFF000000000000000019
S2140456900109050100020000000000031EF1EE0BE4
S2140456A0B0560400C6F803003B030400FE000000E6
S2140456B0E2F803001058040000000000ECF80300B1
S2140456C00058040000000000F9F80300F057040036
S2140456D00000000006F90300E05704000000000084
S2140456E024F90300CC570400000000001CF9030052
S2140456F0B85704000000000023F90300A457040070
S2140457000000000031F90300945704000000000074
S214045710A3F7030080570400000000002AF90300E2
S214045720705704000000000036F903005C570400BC
S21404573000000000E2BD03004C5704000000000017
S214045740000000000000000000000000FD29030027
S21404575047F9030084F90300010100FF7DEC000013
S214045760ADF90300F2F90300010100010107FF008F
S21404577039EC00003FFA0300AAFA0300010100FF17
S21404578079EB0000CBFA0300E4FA03000001010001
S214045790FF0000000F2A030009FB030061FB03005F
S2140457A00101FF00F729030078FB0300CFFB030089
S2140457B001010207FF000000F129030078FB030043
S2140457C0CFFB030001010207FF000000EB290300E2
S2140457D078FB0300CFFB030001010207FF00000073
S2140457E02DEB0000F0FB03002FFC0300010101FF7A
S2140457F0CDEA00004EFC030093FC0300010000FF0A
S21404580089EA00004EFC030093FC0300010000FF3D
S21404581011EB0000BAFC0300C0FA030000FF00000E
S214045820E52903000FFD0300DB270400FF0000004A
S214045830DF29030082FD0300DB270400FF000000CD
S21404584069EA0000F1FD030066FE030000FF0000A5
S21404585041EA00007EFE0300E0FE030000FF0000B5
S214045860D1290300F1FE030037FF030002FF000006
S21404587009EA000040FF0300B4FF030001FF000034
S21404588000000000B402040011000000C00204007E
S21404589012000000C802040013000000D002040036
S2140458A021000000D802040022000000DF020400E9
S2140458B023000000E6020400AA000000ED02040033
S2140458C0FF00000000000000FFFFFFFFFFFFFFFFD8
S2140458D00000000000000000000001080109020AA0
S2140458E0030B040C050D060E070F0810011801190A
S2140458F0021A031B041C051D061E071F082001218F
S214045900022203230424052506260727082801293E
S214045910022A032B042C052D062E072F08300131EE
S214045920023203380239043A08E004E104E204E8E7
S21404593002E902EA04F008F110000000000000008A
S21404594004050000A459040002000F00CC5904000A
S21404595002000F00F459040002000F001C5A040051
S21404596002000F00445A040002000F006C5A0400A0
S21404597002000F00945A040002000F00BC5A0400F0
S21404598002000F00E45A040002000F000C5B04003F
S21404599002000F00345B040002000F005C5B04008E
S2140459A002000F0000000000845B040003000000F7
S2140459B0400000000000000019000000A85B04007E
S2140459C004000F008000000000000000000000003B
S2140459D0845B040003000000400000000000000098
S2140459E019000000A85B040004000F0080000000FB
S2140459F00000000000000000845B040003000000B8
S214045A00400000000000000019000000A85B04002D
S214045A1004000F00800000000000000000000000EA
S214045A20845B040003000000400000000000000047
S214045A3019000000A85B040004000F0080000000AA
S214045A400000000000000000845B04000300000067
S214045A50400000000000000019000000A85B0400DD
S214045A6004000F008000000000000000000000009A
S214045A70845B0400030000004000000000000000F7
S214045A8019000000A85B040004000F00800000005A
S214045A900000000000000000845B04000300000017
S214045AA0400000000000000019000000A85B04008D
S214045AB004000F008000000000000000000000004A
S214045AC0845B0400030000004000000000000000A7
S214045AD019000000A85B040004000F00800000000A
S214045AE00000000000000000845B040003000000C7
S214045AF0400000000000000019000000A85B04003D
S214045B0004000F00800000000000000000000000F9
S214045B10845B040003000000400000000000000056
S214045B2019000000A85B040004000F0080000000B9
S214045B300000000000000000845B04000300000076
S214045B40400000000000000019000000A85B0400EC
S214045B5004000F00800000000000000000000000A9
S214045B60845B040003000000400000000000000006
S214045B7019000000A85B040004000F008000000069
S214045B8000000000000020012000000008000000C3
S214045B9004004221300000001C5C040000FF4200A8
S214045BA030000000000000000000F0084000000084
S214045BB03D5C04000100230440000000455C040032
S214045BC0060030014000000000000000FDFF210236
S214045BD04000000001000000190000041900010143
S214045BE0190002041900030119000504190006012E
S214045BF01900070404004100E50C010006004100FA
S214045C000532030019008100D5290100190084001B
S214045C106134010000800000000000000643555374
S214045C20544F4D000000000000000000000000007B
S214045C3000000000000000000000000000FFFFFF5E
S214045C40FFFFFFFFFFFFFFFFFF0004010401040145
S214045C500401040104010401040104010401040113
S214045C600401FFFFFFFFFFFFFFFFFFFFFFFFFFFF34
S214045C70FFFFFFFFFFFFFFFFFFFF00010203040516
S214045C80060708090A0B1F1C1F1E1F1E1F1F1E1FA8
S214045C901E1F07021F012F0037013F005701DF02B6
S214045CA0E700FF0200000000000000000000000003
S214045CB000000000000000000000000000000000DB
S214045CC00000000000000000530904001900000052
S214045CD059090400FFFF000000000000240A040025
S214045CE02F0A04003B030400370A0400450A040094
S214045CF03B030400580A0400630A0400710A040003
S214045D00750A0400850A040037D90300950A0400BE
S214045D10990A0400A40A0400AE0A0400B80A04009F
S214045D20BC0A0400CA0A0400DE0A0400F40A0400DA
S214045D3000800000000000000000000000000000DA
S214045D40FFFFFFFFFF0000000000000039B801005D
S214045D50000000000000F03F0000000000002440A7
S214045D6000000000000059400000000000408F4082
S214045D70000000000088C34000000000006AF840ED
S214045D800000000080842E4100000000D012634111
S214045D900000000084D797410000000065CDCD4187
S214045DA0B0DC03000C740400000000001A140400A5
S214045DB0FC730400000000001F140400EC730400CD
S214045DC00000000020140400DC730400000000003F
S214045DD031F90300C87304000000000024F903002E
S214045DE0B47304000000000025140400A473040027
S214045DF0000000002B14040094730400000000004C
S214045E002F14040084730400000000003E140400F1
S214045E1074730400000000005B1404006473040040
S214045E200000000064140400547304000000000022
S214045E3079140400447304000000000072EA0300AE
S214045E40347304000000000089140400F472040093
S214045E50000000008F180400506A040000000000D0
S214045E603C080400106A04000000000090140400BB
S214045E7050690400000000009914040054680400EB
S214045E8000000000A6140400FC63040000000000E8
S214045E90C20A0400D462040000000000AD1404002A
S214045EA0D462040001000000B114040094620400EB
S214045EB000000000B614040058610400000000004E
S214045EC06FB703005861040001000000A614040024
S214045ED0FC63040000000000BD140400FC6304001E
S214045EE001000000C2140400246104000000000045
S214045EF0CC1404002461040001000000D41404003F
S214045F00545F040000000000E7BE0300205F0400A6
S214045F100000000000000000000000000000000078
S214045F20305F0400D81404003B030400FE000000A5
S214045F30F0140400F86A0400000000006419040069
S214045F40E86A0400000000000000000000000000F2
S214045F5000000000645F0400F51404003B03040022
S214045F60FE0000000B150400786C0400000000001E
S214045F7011150400686C04000000000017150400E6
S214045F80586C04000000000020150400486C04004F
S214045F900000000021BC0300386C04000000000070
S214045FA02BBA0300006C04000000000039C3030091
S214045FB0EC6B0400000000002A150400DC6B0400EF
S214045FC00000000026BF0300CC6B040000000000A5
S214045FD02F150400BC6B04000000000036150400F6
S214045FE0AC6B040000000000D2CD03009C6B0400E0
S214045FF0000000003B150400F060040000000000F0
S2140460004215040098600400000000004A150400CD
S21404601064600400000000005615040030600400AC
S2140460200000000000000000000000000000000067
S21404603040600400611504003B030400FE000000F9
S214046040ABD30300186B04000000000009F503003E
S214046050086B0400000000000000000000000000C0
S2140460600000000074600400821504003B03040072
S214046070FE000000ABD30300386B040000000000F1
S21404608009F50300286B040000000000000000006F
S2140460900000000000000000A8600400A41504002E
S2140460A03B030400FE000000C2150400886B0400D5
S2140460B000000000B31A0400786B0400000000001F
S2140460C0D1150400686B040000000000D615040017
S2140460D0586B040000000000DD150400486B040043
S2140460E000000000000000000000000000000000A7
S2140460F000610400E21504003B030400FE000000F7
S2140461006DD30300246C040000000000FF15040097
S214046110106C0400000000000000000000000000F6
S2140461200000000034610400071604003B0304006A
S214046130FE00000023160400B86C040000000000F3
S214046140C20A0400A86C040000000000000000005E
S2140461500000000000000000686104002816040027
S2140461603B030400FE00000041160400686D0400B2
S214046170000000002ED00300586D0400000000004C
S2140461804A160400486D04000000000023160400AC
S214046190986C0400000000004F160400886C04008D
S2140461A0000000005C1604005462040000000000B6
S2140461B06A1604002062040000000000781604003A
S2140461C0E06104000000000090140400506904001C
S2140461D000000000000000000000000000000000B6
S2140461E0F0610400811604003B030400FE00000076
S2140461F0634C0400386D040000000000744C040076
S214046200286D0400000000005FE40300186D04001D
S2140462100000000000000000000000000000000075
S214046220306204009F1604003B030400FE000000D6
S214046230C9160400886D0400000000004A05040026
S214046240786D04000000000000000000000000005C
S2140462500000000064620400D01604003B0304003F
S214046260FE000000E7BE0300BC6D04000000000052
S21404627009F50300AC6D040000000000B31A040026
S214046280986D0400000000000000000000000000FC
S21404629000000000A4620400F01604003B0304009F
S2140462A0FE000000E7BE0300EC6D040000000000E2
S2140462B010170400DC6D04000000000009F503005C
S2140462C0CC6D040000000000000000000000000088
S2140462D000000000E4620400171704003B030400F7
S2140462E0FE00000031170400206F040000000000C8
S2140462F0F9D40300106F04000000000064170400C3
S214046300006F04000000000021BC0300F06E0400CF
S2140463100000000032BC0300E06E04000000000031
S21404632036170400D06E0400000000004E17040068
S214046330C06E04000000000057170400B06E04008E
S214046340000000005E170400A06E040000000000B9
S2140463506A170400706E040000000000B31A0400FC
S214046360606E04000000000079170400506E0400FC
S214046370000000001EE50300406E0400000000005C
S2140463807E170400306E0400000000009517040019
S214046390206E040000000000A91704000C6E040020
S2140463A000000000B9170400FC6D040000000000A3
S2140463B0C8170400C86304000000000000000000C2
S2140463C00000000000000000D8630400CD1704009D
S2140463D03B030400FE000000E4170400906E040073
S2140463E000000000ED170400806E040000000000AA
S2140463F00000000000000000000000000C64040020
S2140464003B0304003B030400FE000000F4170400F2
S214046410906A04000000000001180400D468040018
S214046420000000000A1804001468040000000000BD
S2140464301D180400E0670400000000002B18040088
S214046440AC670400000000003918040078670400F4
S2140464500000000047180400E06604000000000086
S21404646058180400B866040000000000651804000C
S214046470186604000000000070180400C0650400DC
S2140464800000000083180400986504000000000063
S21404649015F8030034650400000000009618040094
S2140464A0F464040000000000A1180400C0640400A2
S2140464B000000000000000000000000000000000D3
S2140464C0D0640400B41804003B030400FE0000007B
S2140464D0D8180400406F040000000000DE18040012
S2140464E0306F040000000000000000000000000000
S2140464F00000000004650400E21804003B030400E6
S214046500FE0000001BD50300706F040000000000AE
S21404651014190400606F0400000000002019040031
S214046520506F04000000000000000000000000009F
S2140465300000000044650400361904003B03040010
S214046540FE000000E7BE0300D46F04000000000055
S21404655009F50300C46F0400000000000FF50300F3
S214046560B46F040000000000ABD30300A06F040067
S2140465700000000052190400906F040000000000A0
S21404658069190400806F0400000000000000000089
S2140465900000000000000000A8650400751904004F
S2140465A03B030400FE0000009A190400E46F040094
S2140465B000000000000000000000000000000000D2
S2140465C0D06504009F1904003B030400FE0000008D
S2140465D0C3190400347004000000000010170400FF
S2140465E02470040000000000CF1904001470040096
S2140465F000000000D6190400047004000000000027
S214046600E3190400F46F040000000000000000001A
S214046610000000000000000028660400EE190400D4
S2140466203B030400FE0000005C180400E470040051
S214046630000000000B1A0400D470040000000000E0
S214046640B0DC0300C470040000000000DEEB0300AE
S214046650B470040000000000C3170400A470040013
S214046660000000001BD50300947004000000000026
S214046670121A040084700400000000001D1A0400AE
S21404668074700400000000002A1A040064700400F9
S214046690000000003A1A04005470040000000000D1
S2140466A04D1A0400447004000000000000000000BE
S2140466B00000000000000000C86604005F1A040022
S2140466C03B030400FE000000B0DC0300F47004008A
S2140466D000000000000000000000000000000000B1
S2140466E0F06604007D1A04003B030400FE0000006C
S2140466F01BD503006471040000000000DEEB0300F9
S2140467005471040000000000C31704004471040020
S21404671000000000A01A0400347104000000000009
S214046720CC150400386704000000000000000000D8
S214046730000000000000000048670400B71A0400C8
S2140467403B030400FE000000B31A04002471040096
S21404675000000000ABD30300147104000000000026
S214046760CD1A0400047104000000000000000000BC
S214046770000000000000000088670400D61A040029
S2140467803B030400FE000000E7BE0300847104001F
S2140467900000000009F50300747104000000000006
S2140467A0000000000000000000000000BC670400B9
S2140467B0F61A04003B030400FE000000161B040047
S2140467C0A471040000000000291B04009471040056
S2140467D000000000000000000000000000000000B0
S2140467E0F06704003F1B04003B030400FE000000A7
S2140467F05F1B0400C4710400000000002ED00300D8
S214046800B471040000000000000000000000000056
S2140468100000000024680400691B04003B03040015
S214046820FE0000001BD50300F47104000000000005
S2140468308E1B0400E471040000000000A61B040084
S214046840D4710400000000000000000000000000F6
S21404685000000000646804003B0304003B030400DB
S214046860FE000000B71B04007C6804000000000063
S2140468700000000000000000000000008C68040017
S2140468803B0304003B030400FE000000C31B04009B
S2140468904472040000000000B30A040034720400CA
S2140468A000000000C91B040024720400000000005D
S2140468B0CD1B04001472040000000000D11B040069
S2140468C00472040000000000000000000000000045
S2140468D000000000E4680400E11B04003B0304001D
S2140468E0FE000000E7BE0300C472040000000000BF
S2140468F0FC1B0400B4720400000000000F1C04001B
S214046900A47204000000000009F503009472040059
S214046910000000001C1C0400847204000000000038
S2140469202D1C040074720400000000003B1C0400CC
S21404693064720400000000004C1C0400547204003E
S214046940000000000000000000000000000000003E
S21404695060690400591C04003B030400FE000000A8
S214046960731C0400E86C040000000000A61C04006D
S214046970D86C040000000000E11C0400C86C04008D
S21404698000000000F81C0400DC690400000000009D
S214046990021D0400A86904000000000000000000B6
S2140469A00000000000000000B8690400061D040092
S2140469B03B030400FE000000634C0400086D040062
S2140469C000000000744C0400F86C04000000000092
S2140469D0000000000000000000000000EC69040055
S2140469E0251D04003B030400FE00000046D00300FF
S2140469F0E472040000000000B31A0400D472040019
S214046A00000000000000000000000000000000007D
S214046A10206A0400381D04003B030400FE00000046
S214046A20E7BE03002473040000000000C916040037
S214046A3014730400000000004A05040004730400F4
S214046A40000000000000000000000000000000003D
S214046A50606A0400531D04003B030400FE000000AB
S214046A60E31904003C740400000000001BD5030076
S214046A702C74040000000000B0DC03001C74040046
S214046A8000000000000000000000000000000000FD
S214046A90A06A0400731D04003B030400FE0000000B
S214046AA0911D04008C740400000000009B1D04006B
S214046AB07C74040000000000A61D04006C7404002E
S214046AC00000000031F903005C74040000000000BC
S214046AD0B51D04004C740400000000000000000013
S214046AE00000000000000000C3290300C01D0400CD
S214046AF03B030400FF000000BF290300CD1D040073
S214046B003B030400FF0000007DF10000DF1D0400CD
S214046B103B030400FF00000019F100000C1E0400F3
S214046B20D425040001FF00007DF100004C1E040083
S214046B303B030400FF00000019F100007A1E040065
S214046B40D425040001FF0000B1F10000BB1E0400C0
S214046B50DC1E040000FF0000B1F10000E51E040086
S214046B60421F04000000FF002DF20000501F040026
S214046B70691F0400010001FF99F200008E1F040043
S214046B80D01F04000102FF002DF20000E61F0400DF
S214046B901520040001000102FF000000A9EF000018
S214046BA0462004008220040007FF0000C9EF00000E
S214046BB088200400BB20040001FF0000DDEF000075
S214046BC0C3200400132104000100FF0039F0000074
S214046BD028210400792104000101FF000DF00000C3
S214046BE089210400C321040001FF00008DF0000089
S214046BF0CB21040014220400010000010707FF0053
S214046C00C9F2000066220400BB20040001FF000055
S214046C10C9F30000AE220400F222040001070001BA
S214046C200700FF00212A0300472304008D230400E5
S214046C300107000101FF000051F30000C92304000E
S214046C4004240400010000FF21F3000022240400B1
S214046C50662404000100FF00F1F200007924040019
S214046C60662404000100FF0099F30000B824040021
S214046C70C321040001FF000009F40000F32404000B
S214046C80242504000100FF0039DD00003B03040056
S214046C9032250400000707FFDDDC00003B03040088
S214046CA04B250400000707FFE9E100003B0304004E
S214046CB05725040007FF0000E9E100003B03040039
S214046CC05725040007FF0000732903003B03040054
S214046CD05C2504000000FF00C5E100003B0304003F
S214046CE045FC030001FF00008DE100003B030400A7
S214046CF09425040000FF0000BDDC00003B030400F4
S214046D003B030400FF000000BDDC00003B0304005E
S214046D103B030400FF000000492903003B03040072
S214046D203B030400FF000000492903003B03040062
S214046D303B030400FF000000492903003B03040052
S214046D403B030400FF0000008DDC00003B0304004E
S214046D50CA2504000101FF0079DC00003B0304009F
S214046D60DF25040001FF0000452903003B0304005F
S214046D703B030400FF00000041DC0000A7160400EB
S214046D803B030400FF00000041DC0000E92504008A
S214046D903B030400FF000000C1DD00000A260400D7
S214046DA0212604000001000007FF0000412903001B
S214046DB0472604003B030400FF0000003DDB000000
S214046DC0612604003B030400FF000000BB29030007
S214046DD08F2604003B030400FF000000AD290300D7
S214046DE0A92604002B25040000FF0000BDE40000D3
S214046DF0CE2604003B030400FF00000011DA000066
S214046E00E82604003B030400FF000000A5D90000A8
S214046E100B2704008827040000000310FF0000006E
S214046E2081DA0000DD2704004B28040001FF00007F
S214046E3055DA000060280400A328040000FF0000C0
S214046E4069D90000B42804003B030400FF000000D6
S214046E503F290300E32804003B030400FF0000006E
S214046E6045D900002F2904002B25040000FF00004C
S214046E7011D90000702A0400C52A040000FF00008F
S214046E80F5D80000DF2A04003B030400FF000000DE
S214046E90D9D80000EF2A04003B030400FF000000DA
S214046EA02F290300032B0400812B040000FF00009D
S214046EB0A9D800000C2C04003B030400FF000000CB
S214046EC065D80000292C0400542C040007FF000099
S214046ED025D800005E2C0400B72C0400000500FF33
S214046EE0DDD700006A2D04007D2D04000002FF009B
S214046EF0B9D70000AC2D04003B030400FF000000DB
S214046F002F290300BE2D0400F82D040000FF000006
S214046F104DD700007E2E0400C42E0400000301FF9B
S214046F203DD70000642F0400AA2F0400000301FFCD
S214046F30D95201004A3004003B030400FF0000005D
S214046F40C735030072300400ED30040002FF000071
S214046F50E9F7000042310400DB27040000FF0000CC
S214046F60B5F700006A310400DB27040000FF0000C8
S214046F7065F70000833104003B030400FF000000B3
S214046F80E54401009C3104003B030400FF000000BC
S214046F90BD440100E93104003B030400FF00000087
S214046FA049440100143204003A320400000101008E
S214046FB0010102FF21440100B9330400E133040057
S214046FC000FF000001440100083404003B030400F1
S214046FD0FF00000049430100323404003B03040070
S214046FE0FF000000993403004B3404003B03040004
S214046FF0FF0000001938010071340400A2340400B4
S2140470000002FF00FB320300FF3404003B030400CD
S214047010FF000000F73203002C3504003B03040095
S214047020FF000000CD370100473504007135040029
S21404703000FF00008D350100A13504003B03040069
S214047040FF00000009210100B43504003B030400DE
S214047050FF000000F1200100CC3504003B030400CF
S214047060FF00000073320300E53504003B03040010
S214047070FF0000005F320300123604008C36040062
S21404708000FF000099340100CB3604003B030400E3
S214047090FF00000089330100433704003B0304006B
S2140470A0FF000000AD1F0100873704003B03040007
S2140470B0FF000000911F0100A43704003B030400F6
S2140470C0FF000000092001004F3804003B030400C1
S2140470D0FF000000FD1F0100DD3804002239040013
S2140470E000FF0000C91F010059390400AA39040032
S2140470F000FF0000F51D0100DD3904003B03040019
S214047100FF0000008D120100093A0400723A0400E0
S2140471100000FF008D120100C73A0400293B04005A
S2140471200000FF002D1301006E3B0400A13B040089
S2140471300002FF00CD310300F63B0400443C04008B
S21404714007FF000061140100603C04003B030400D8
S214047150FF00000075120100843C0400A93C0400F2
S21404716000FF000081130100023D04003B030400FD
S214047170FF000000450C01003F3D04003B030400F3
S214047180FF0000000D0C0100693D04003B030400F1
S214047190FF000000A5300300A43D0400133E0400D5
S2140471A000FF000069050100643E0400E33E04009D
S2140471B000FF000097300300293F04007B3F0400D3
S2140471C000FF000077300300C23F04000F400400B5
S2140471D000FF000031FE0000594004008F40040008
S2140471E003FF000069FE0000CA40040010410400CA
S2140471F003FF000019FD0000664104003B03040081
S214047200FF0000000330030096410400D44104004C
S21404721000FF0000FD2F0300E4410400D4410400F5
S21404722000FF0000F72F03000B420400D4410400C3
S21404723000FF0000F12F030032420400D441040092
S21404724000FF0000EB2F03005A420400D441040060
S21404725000FF0000C72F0300834204003B03040022
S214047260FF000000CD2F0300A54204003B030400EA
S214047270FF00000069FA0000CD4204000643040043
S2140472800001FF0095FA0000274304003B030400B6
S214047290FF000000C92F0300524304003B03040010
S2140472A0FF00000051FA00006D4304003B03040095
S2140472B0FF0000000DFA000088430400B5430400F4
S2140472C000FF0000F5F90000D04304003B0304006F
S2140472D0FF0000003DE20000FB4304003B03040003
S2140472E0FF0000003DE20000224404003B030400CB
S2140472F0FF0000002DD70000334404003B030400C5
S214047300FF000000F9D60000484404006F4404005F
S21404731000FF0000F9D600007F4404006F44040018
S21404732000FF000091D60000A64404003B030400BE
S214047330FF00000027290300C14404003B030400A7
S214047340FF000000EDD20000E44404004E450400B3
S21404735000FF0000CDD20000714504003B0304008A
S214047360FF000000B5EE0000D746040064470400A2
S214047370010000FF99ED000081470400D547040092
S21404738000FF0000CDED0000EA4704003C4804007E
S2140473900100FF0039ED0000524804003F49040094
S2140473A00107FF002B2903004F4904003B03040098
S2140473B0FF00000099E600006049040072490400DA
S2140473C0000101000007FF0091E50000AD4904003C
S2140473D0BE49040000010100FF000000CDED0000DE
S2140473E00D4A04001E4A0400010000FF09E50000DF
S2140473F00D4A0400504A040000FF0000798501008D
S214047400614A04003B030400FF00000021D300008F
S214047410AD4A04003B030400FF00000023560300AB
S2140474203B0304003B030400FF00000041930100FB
S2140474303B0304003B030400FF0000000593010027
S2140474403B030400F24A040002FF0000B19A010064
S214047450FA4A04003B030400FF0000003D9A0100C2
S214047460264B0400494B04000200FF00A556030007
S214047470724B04003B030400FF000000199A01004D
S214047480944B0400B24B040002FF0000F199010083
S214047490C74B0400B24B040002FF000001000000CA
S2140474A0CC4D00200000000000000000FFFF00009C
S2140474B0A72F03000000000003000000FFFF0100E8
S2140474C0853003000000000004000000FFFF0100F8
S2140474D0133103000000000004000000FFFF00005A
S2140474E0973103000000000006000000FFFF0000C4
S2140474F0093203000000000019000000FFFF01002D
S2140475009F320300CD1B0400FC680020000000002E
S2140475100000000000000000000000001E4C0400F4
S2140475208875040000000000244C0400A0560400E3
S214047530000000002B4C04007058040000000000FB
S214047540641904006058040000000000344C040071
S2140475505058040000000000464C04004058040044
S21404756000000000554C04003058040000000000E1
S214047570664C0400205804000000000000000000D0
S214047580000000000000000098750400784C040019
S2140475903B030400FE000000934C0400B075040096
S2140475A000000000000000000000000000000000D2
S2140475B0B75A0300984C04003B030400FF03010081
S2140475C001013F040201003F040202003D040202DE
S2140475D0003D0401020001020003010002023D0412
S2140475E00201000202020100020200000020202024
S2140475F0202020202020282828282820202020205A
S2140476002020202020202020202020202088101029
S2140476101010101010101010101010101004040485
S2140476200404040404040410101010101010414143
S2140476304141414101010101010101010101010131
S2140476400101010101010101101010101010424245
S2140476504242424202020202020202020202020201
S21404766002020202020202021010101020000000A1
S2140476700000000000000000000000000000000001
S21404768000000000000000000000000000000000F1
S21404769000000000000000000000000000000000E1
S2140476A000000000000000000000000000000000D1
S2140476B000000000000000000000000000000000C1
S2140476C000000000000000000000000000000000B1
S2140476D000000000000000000000000000000000A1
S2140476E00000000000000000000000000000000091
S2140476F000000000A001000080130020000210001B
S2140477006852002020150020000002080000000037
S214047710FFFFFFFFFFFFFFFFFFFFFFFF000000006C
S2140477200000000000000000000000000000000050
S214047730000000002000000089C6010010000000C0
S21404774069C70100000000010000010100010101F9
S21404775020C001B80000000000000000FFFFFFFF8B
S214047760FFFFFFFFFFFFFFFFFFFFFFFFFFFFFFFF20
S214047770FFFFFFFFFFFFFFFFFFFFFFFF0001020207
S2140477800303040506080C0C0C0001020304070797
S214047790C8C8C8C8C8C8C8C8C8C8C8C8030404086D
S2140477A00808080800B801B802B800B090930400AE
S2140477B07893040003040408080500000000000091
S2140477C0000000000000000000000000EA060000C0
S2140477D048704C0F44700E0E30707E1302989A1741
S2140477E03870340F34705A0F307048102C704810AC
S2140477F02870D0112470E81120703E0F1C7090126F
S21404780018700C1314703A0FB110086001D80A717E
S21404781004B87F78020C7E78641000C6881F00A027
S2140478201DB8707803B018600F3027B30F330111FA
S214047830C04806987C0229B0086001D8087109DDA2
S214047840047109BB11101660A048086004100112E8
S214047850FF3221500860D048086000880698381423
S21404786000C4441F00A000BA03DF107109DF0672CB
S214047870029836031DB8507800A044132814411506
S2140478808110086002D8147110880698201900C068
S21404789014C000B80698861B0091069892020160F0
S2140478A0B83020D806711EBC637C784D5412F03272
S2140478B040DE0472404804DB08720DDD0C72044B93
S2140478C0EF3014480698F20400C4E0400054441212
S2140478D0086201322140087C811140D91C72B11221
S2140478E03032CF4A013AB1DA107208D8067104D899
S2140478F00871804C237C5670684C441200C4A41E45
S21404790000A04414413AF3240164415C412A0475FE
S21404791080B800C46040005481D8367140D90472DF
S214047920237C084B0698F20404BA1CB9767900C185
S214047930204001B835797F216121007906B906A96E
S21404794001D8067102981002804C307C02986402BA
S21404795008D86A7100C1544000B8141110D95E7179
S214047960584C441280BDA26DFF25784C4412FC226C
S214047970513A2814104C00C20CC101B82412281421
S214047980086228140862281408622814304C304C04
S21404799000C11C4000B814111814086100C5284022
S2140479A001B85415FF35047110491814B04C44122C
S2140479B008620132067102980401804C08D80C71E2
S2140479C007BA24D8047106BA187004D80C7101BA20
S2140479D040D80E7102BA0A7005BA20D8047203BAE7
S2140479E0204C4411C04C18140861181491113831F5
S2140479F011429111186110D90472EF3200C1084087
S214047A0001B8141110311E6111422814A111086125
S214047A10181406986C1B181400C1084001B81411F9
S214047A201861FF31181400C1448001B814111814E9
S214047A30086118143088024806989403009308DBFB
S214047A40047101F800A027B00F3000A01088B1110F
S214047A50186180D90A7100C1884000B808110091E5
S214047A6000A000C4684000B8441000A000C08840CD
S214047A70005004118261041082601050F07200A05D
S214047A80541550451271069802050698920407B8D4
S214047A90707802B841781EBA5B7A5C7A5D7A00C266
S214047AA020C001B8241206982A1900C5481F00A051
S214047AB05415511400C3FF010000313D09647F349E
S214047AC006989C02015851280475015841280E75E1
S214047AD08111086102D90472FF0FCC7007B872785E
S214047AE000F8EBBD00C0441F00A00411113D10D9DE
S214047AF01271FF33186300C1781002B8381107B941
S214047B007479581000A0069892020D300472044846
S214047B1009DC0472084800C11CC101B8141100C372
S214047B20D01E00A0911504351A7218131CBB08D871
S214047B3004716C7B04D804716A7B1DBB2F7C5B7B51
S214047B401670044B18131CBB08D804716F7B04D83A
S214047B5004716D7B217C0C30026006987E040698C6
S214047B60C40B00B8B111186140D9067202985804C3
S214047B7001BC00C2084001B800DC0A712415026585
S214047B80604A0A702C4A241508654C4A043508D9FC
S214047B900471202400C13C1F00A0141200DC3271C2
S214047BA020D8067101B80C70F0DA0C720CDB087180
S214047BB002B806988604482400C3384101B8341332
S214047BC08F7B0E7102B9911308DB047203B9287017
S214047BD07C4914111110FD300DDC1C7200C0A01E6F
S214047BE000A0041080D8107100C0448001B80410AE
S214047BF0E5200475804900C3884000B8FFB801201A
S214047C0011410871014118130824014200C128409B
S214047C1000B8141101411C655141911520351E65AB
S214047C20514118132813481300C3844000B8341075
S214047C3003D81671073005DC1071B1108F780A72FC
S214047C4000C384C40350217B1DB8507800B800C11B
S214047C503C1F00A014121C602150F0300152281161
S214047C6000A04024076400C0FFFF0100013C17B0D9
S214047C70022001584028067518AC01EC00A02088A4
S214047C8000C020C001B8041217B4211304123052E5
S214047C90F8711964402400C35C1F00A0341014114A
S214047CA00698F60D1961009211592129067600BB33
S214047CB011590698D60D8762313B0472215A412A1F
S214047CC000A000C2686000B8B8B91F610D49181258
S214047CD000A0308801B9116100C30000C0FF311054
S214047CE0312800BC002D0C75115418AC01EC312D54
S214047CF0F470196451134155312C009300A000C34D
S214047D00C00FFEFF50B2313A014250AA00A00698B6
S214047D103E07FFB0867808715CB86B786E7800C250
S214047D20548001B800C0D81F00A004100812B8225E
S214047D30217A237A52B8417801B80C6021A809B890
S214047D4019604CA800C0FFD1C1FF4FB2013A00C071
S214047D50002E300001424FAA24B86E78ACB9FFB0AA
S214047D6004D804714CB923A90698A80500C013903A
S214047D70010006982E0500A00698020519B814609E
S214047D80FFB28C620F32826A214006982E0549BCE7
S214047D9021B952B849B207DE2A7105DE0871627C41
S214047DA0607C1D0C6179677864786B786278657896
S214047DB063786078617C010C010C6878020C697841
S214047DC06C78020C00C22C8001B8277A287A267AAE
S214047DD06A78050C41790A0CB11040D806710298ED
S214047DE0BA06784A2B7A327A584A247A00C40001B2
S214047DF01100404A00C0108400000812508800C5D4
S214047E0084100100FBAD10BD01BB8A6B21B9FAA931
S214047E10C44A1812217A227A00C0341F00A0041023
S214047E20FCA88264411030300129F9A9F8ADFBB0F2
S214047E308260FBA80330A0652110044820EC237A56
S214047E400410037A184A2411DC4A01580029241025
S214047E5004753150F8B1115081632A715140314094
S214047E600812FCB18461FCA90F310E7117B01128F9
S214047E7017B111591028FA76C44AF9B11812217AA2
S214047E80227AA07000950812F8A800C20C8001B8E7
S214047E90207A844A00B80812020CA44A087A020C13
S214047EA021B84178784A0B7A127A00C2C81F00A01B
S214047EB0FFB008D80472184A241000DC0A7140A8DF
S214047EC00422241041A806989C0200C2481F00A061
S214047ED02410015100C4FF0100004139115008125A
S214047EE000A006983E0700BC00C20C8001B8217AA8
S214047EF052B84978020C4878020C49B8417852AC1A
S214047F0021AC204A087A067A077A49AC00A059B808
S214047F1040785AB101D9FC72427857B8407858B1C3
S214047F2001D9FC72427800A000C20C8001B8217A04
S214047F30227A21B8547852B8BC4A2411997912711D
S214047F4007B915614CA9617800BB03BC0C641470B6
S214047F5009B919614CA9417801BB126300C4002E0B
S214047F60300000C0FFD1C1FF4FB1013941414FA9D4
S214047F70E44AC8B8081224AB4CB823A80698A80547
S214047F8000C004900100FFB1867904710848069881
S214047F902E0500C08009004040A809B8FFB108D9E2
S214047FA0047103B853A8B11004D80C7156BB607B97
S214047FB057BA627A607A02D80C7156BB607B59BA9B
S214047FC0627A607A04B86E783DB8607800C0563835
S214047FD0000000C1B08001B814119979087200C07D
S214047FE0D604000000C124C000B814119F7904729E
S214047FF008484CA82EB8FFB108D906714AA80470E0
S2140480004BA80FB834A800C00C5E000046B201426C
S21404801046AA00C12C4001B8141108610631087143
S21404802000B90698501106983E14B11101D90E7184
S2140480300698921B02D906720698A00C0698381465
S21404804051140698920406982A110698641700A0FC
S21404805006984E1701D80A711CB85B7807B875786D
S21404806000B84CA84AA84BA800C0F321FFFF46B1AD
S214048070013946A904B86F7800A0FABC1964415CBB
S214048080512C00C0581F00A00410012C0675069839
S21404809092040698780FB110186005D8327140BA69
S2140480A006980E1404B86578911004D816711CB896
S2140480B06E7800C0684000B82178069878110140B0
S2140480C00A721DB8427806984A1402985E0B1DB8C8
S2140480D0717804B86C7841B8427863784478FFB114
S2140480E004D906720298CA0900C004900100FFB1C0
S2140480F086790471084806982E0500C32C1F00A034
S21404810000C274C000B82414481300BC48121C4BA8
S2140481101C4A2414481300BC4812084B584A24141A
S214048120481301BC48124ABA447A427A4BBA447A93
S214048130427AFFB086780472617A4CBA647A657AB9
S2140481403DBA607A4DB942B83FBB5B7966796179CE
S214048150020C6479050C63796079050C627965799B
S2140481605A7900C2340102B8241305B819603140A4
S214048170081242B86A78020C4A78020C40BCFFB275
S21404818008DA06714ABA06704BBA627A657A677A72
S214048190667A6A79667B0298A40A00C32C1F00A03C
S2140481A000C274C000B8241448131C4B1C4A241480
S2140481B048133FBC48121C4A00BC4812084B444AA9
S2140481C02414481301BC48124ABA647A627A4BBA39
S2140481D0647A627AFFB3867B0472617A4CBA647AF4
S2140481E0657A3DBA607A01D94E71647800C17080B0
S2140481F001B800C08000080008110698860B42B833
S21404820061784DB97F797E796A7868786278020CED
S2140482107B790F0C7A79140C7479417860787579C7
S214048220050CFFB208DA06714AB804704BB86578D4
S21404823001BC1664407002D93C710698860B42B89D
S2140482404DB96878407841787F797E797B790F0CD0
S2140482507A79140CFFB208DA087171794ABA067092
S21404826070794BBA7279657A6A78020C4A78050C8A
S21404827001BC1664020C417940790C0C00C04C0118
S21404828002B848100698F20400C4784000B8007C8F
S21404829000C0A01E00A0041180D93271911104D927
S2140482A02C727F2021200411FD310DDD207200C0C8
S2140482B0448001B80411E521147600C0244001B8B6
S2140482C004118A790871207C104C207C2AB86278C4
S2140482D0511400C0581F00A00410012C17B001113F
S2140482E08768015841280E7605218769415C412D2F
S2140482F0112D06700698920442B84DBB7C7B6478B8
S214048300020C29B8687851144044067506989204FD
S21404831042B844782AB84278FFB101D90C7100C13A
S214048320548001B8CBB80811911004D8147100C059
S214048330A01E00A0041080D8067107B8537800F871
S21404834007B800C1CC1E00A000C220C001B8241289
S2140483502811777800F8B1109478387106989C0242
S214048360E4B911591128067600B80C70A0B9115951
S21404837001290475A0B8826000C3C01F00A034138E
S214048380012B341000C3FFFF00FF42B13139114006
S21404839042A800A01DB09178FA7142B86478020C25
S2140483A000BA29AA00C4548001B842B84DB900C323
S2140483B0C04001B83413977B047240EC020C447836
S2140483C05C7953AA0A0C281442B84DB9FFB301DBF2
S2140483D02671244C00C3FF0FFF01381454794078EB
S2140483E041785579020C5B795A79140C5F795E7979
S2140483F04A784278347002DB147152795179507994
S214048400020C5B795A795F795E791E7004DB1A7107
S21404841000C4FF07000000C3342102B848133FBB62
S214048420467B020C5B795A793DBB407B4CBB447B54
S214048430457B00C3301F00A03414403C207100C0AC
S21404844068C000B8481028131C4B1C483414481045
S2140484502813144B44483414481028134AAA4BAA29
S21404846004B86D781DB851785CB84B784E7800A087
S21404847000C074C000B80411108800B91810684809
S2140484800411108801B90B6118102C4804111088C7
S214048490008800C1231C000018104AB864784BB842
S2140484A06478260C28B000C1FFFF0FF0113871B9AC
S2140484B00B61114028A828B97379747900C210108A
S2140484C0303045AA54790E0C00C0E84001B80411B7
S2140484D000C23030101045AA0E0C04100088108814
S2140484E00698620D0091009020888F618F60069830
S2140484F0620D0090886A21400112906A035800C1F8
S2140485003F3F00001138FFBC0224412811380142C5
S21404851045AA28B953794AB844784BB844780090A9
S2140485200091181000912C481810009168481810F3
S21404853000A09168436091694361115B012B112887
S21404854041603128315B00BA302806763128204A4B
S2140485504163302806763128104A4163302806766F
S2140485603128084A4163302806763128044A416394
S214048570302806763128024A416330280476014AB8
S21404858000A0115910D906710860086008D9047152
S214048590086004D90471046002D90471026001D928
S2140485A00471016000A000BA01D806710148112ABE
S2140485B01F61016001D8F6720138F67200A000C28D
S2140485C020C001B8241211592129127300210E71FA
S2140485D000C238C001B824120121212900A002B02B
S2140485E020D8147100C0B01E00A0041002B945794A
S2140485F006987613EA7003B09F78087200B806A847
S21404860000F806983E0700C5641F00A05088044D75
S2140486101CBC00C0B41E00A0811101D91E71407C90
S214048620009501150C4D5088044DFFBB1863315B53
S21404863004110698EE0D3129F8750698681A541533
S2140486400698921B01D90872069858070670069871
S214048650F4071CBB547B06984E1701D80672029882
S2140486601A0FFFB901211038F67281129B7AF07145
S21404867000C2448001B8241400C0C01E00A0041028
S21404868001130020041040500C7200B90698280FFD
S21404869018B90A7018B90698280F00B900B80698D1
S2140486A01E0F704A08B806981E0F00C2284000B86D
S2140486B014B806981E0F00C2EC4001B80CB8069811
S2140486C01E0F202210B806981E0F108830880698B1
S2140486D05807009300910698280F00C0C41E00A0F7
S2140486E00412FFB9012121411810009500F8312821
S2140486F011280410081200A004B831281128F8B173
S214048700181000A0069880080E700698C40B0698E9
S214048710800806987212069812079112211900C052
S2140487202C4001B80A78097800F810B901BA0698FE
S214048730041406982A110698641700C5641F00A03E
S21404874081109D78FC7200F8911203321CB900C3A4
S214048750A01E00A0341300C4B04000541DB84278D4
S214048760707903DE067144783A707179A11020D8C6
S21404877006710298541080DB1C7102D8187205B872
S2140487800814A11010300248081400B808149110F8
S214048790086008141DB86278A11000DC06765179CA
S2140487A000BA06984E1701D82272911120311D6125
S2140487B0911004D80E7200C1501F00A0141101D9E4
S2140487C00A71208806985011009200C1204000B813
S2140487D001DB1871084C03DE0471904C441400C38A
S2140487E0FF1F0000413BFF233811944900C3384162
S2140487F001B83413086380DB0C7103BA1862069858
S2140488003C100870186206983C100C4908790979DF
S21404881014102140081100A000BD0698760210B975
S21404882003DC047100B901BA0698041402D906716F
S21404883000404E7203B118610F3106987811FFD8C4
S2140488402872811008D8187106DD0A710698760217
S21404885003DC0C720698BC1106984A140C7006DDEC
S21404886010710698C211487020B804A806DD10726C
S214048870069880080698120701F840B804A800F87D
S21404888000C0A01E00A00413086301DB227191102F
S2140488900111186111381DB910D80871447902986D
S2140488A0541002DBFA72A11328DBF47203BD069897
S2140488B01E11069880081DBA7F7A0698F20400C531
S2140488C0681F00A00698760200BA03DC1672044DF0
S2140488D0A11002D804711C4D00C10CC101B8069841
S2140488E0AE045415212D06983E050298AA08911048
S2140488F0015503355150011900A000C14C1F00A0BA
S214048900141001D8427101480860FE200E758110CB
S21404891020D8087100C1501F00A0141101D9287175
S21404892000C02C4001B80412215108610F311861AF
S2140489301152281000C0084001B8041191122151A8
S21404894020311152211900A0811380DB067201B870
S21404895000A000C314C001B8341006302E726C4B4D
S21404896034121C4B3410186002302072811080D8E8
S214048970DE713410014A08620460803021508C484D
S2140489800A717F234D233410013000A000BD0698E1
S2140489901E111CB847784578437802B8447800A07E
S2140489A0069880080698BC1100C5741F00A05415CC
S2140489B006983E050298AA08B1138F7B0A7200C374
S2140489C084C40350017B06983E1400C1384101B8A4
S2140489D014118F790E7100C1B84000B800BA069819
S2140489E03C1050BA06980E1406987811FFD84A71AF
S2140489F0911004D84872811008601CD8407220D99F
S214048A0038721112FF3221513471802180211114E1
S214048A1000C0D81E00A00413FFBA3151113A2151E8
S214048A2011531DB938107B7940440E7200B900C248
S214048A30AC1E00A01812067004B8607806983814A5
S214048A4000F800B900C2A44000541812644A0AB9D7
S214048A5018121CBA507A517A1DB942795F7900A06F
S214048A600698760207DC1072911000200A750698A4
S214048A7072120298660F0698120701B9911004D86C
S214048A80047100B910BA0698041400BA0040347190
S214048A9000C0A01E00A00411086101D9127104D9F7
S214048AA0E2728110086001D8DA711DB8647800C1DA
S214048AB01CC101B80698AE0401B81160002A0476F9
S214048AC000BA00C5781F00A05415212D069872120E
S214048AD00698580700C57C1F00A000F800BC81114A
S214048AE008D9167280D9207201B910BA06980414EF
S214048AF000400E7101BC10700698BC1106984A140A
S214048B0020B804A800F80698721281110231127176
S214048B1000B900C2144000541812244A02B91812AC
S214048B200698BC1100C5801F00A054150698F01ABC
S214048B300298AA080411012114711CBA737A04203D
S214048B4004122811042004110121F47200A00698CE
S214048B50F20401F806984E1701D81671FFB90121E0
S214048B6010380E7281109B78087104B9677900F882
S214048B70911010D8287100C51CC101B8541106986C
S214048B80EE0D00C5C81E00A054155129EA7507B895
S214048B9076781DB8447801B804A800F8B1101860B7
S214048BA010D82E7100C05040005400C3084000B8CE
S214048BB03114984C44113411086101D9FA714412E5
S214048BC02810086228100862281008622810E87026
S214048BD00298B00206989202113804721E6202BB12
S214048BE000C1D81E00A0141120390C72911210DA9C
S214048BF00672417B00A006983E1400C2A01E00A088
S214048C00241220DA0472617B1CBA527A00A01CBAC1
S214048C10727A811204DAFC7200A01CB86B7800C069
S214048C20684000B82F7800A006984E1701D83A710D
S214048C3000C22C4001B82410036091112031015168
S214048C40383111501D6008121DB9457900C24480A0
S214048C5001B8241200C0C01E00A004101820002072
S214048C60041020500471657910631EB9637900B945
S214048C7002EC00CD114502EC00CC01DB087100BB10
S214048C800298D61803B841110731FA211C7606213A
S214048C90911210DA087102DD10721E7020B8069860
S214048CA0B20D3038147208B806987E0400C02C4002
S214048CB000B82978207800F8056020D80671029854
S214048CC00C1602EC00CA05B823DA187104DBDA7154
S214048CD020DAD67110DAD2721EB8617800B801DADA
S214048CE0067202EC00C8911110D9267100C1B81E94
S214048CF000A014111150FF300C720761A11011501E
S214048D0002300A7180DB0A720AB89E701DB97C793B
S214048D101860911111402111C031114001191EB87B
S214048D20411108D90471667820D904726578A110B7
S214048D3002D80672C0DA1E711EB8273123DD087207
S214048D4010DB1072607825DD0A7121DD087208DBFD
S214048D500471627803B8411107310872A1152035F1
S214048D60AA7102DD2072A11120D9A07102D916724F
S214048D70CCDA9872411140D9927206B8054D5A72EF
S214048D800298AE1421114049C0D94C71A031411546
S214048D904035026551410461086308DA1E7204DA3C
S214048DA036721049A1150235067110DB0E720134B5
S214048DB00A7108DB22711EB86778CC3211101A309B
S214048DC00ADC0872CCDE0471FD3100C00D0F0C0DF8
S214048DD0216001D85C7207B80298D81400BA411111
S214048DE008D90C7102EC00CA05B830DAEC72073404
S214048DF0F031036101DA0471014900C0F300A3E312
S214048E00216001D8D27100C09814406821604030B7
S214048E10014440DA0471204C04320262204A1110E4
S214048E2006301F60014218311D6111420298F61483
S214048E30204A00C0051708502160113001422088DE
S214048E40FFBB0DDA507100C1DE1B250180BC04DABD
S214048E50107208DA0A7200C120841000E024A024EC
S214048E6008634143026401DA06711E49024B00C0DE
S214048E70201F00A008633810BC2002DA127101B962
S214048E801159A11380DB087100C100FCFF01181002
S214048E900298621800C4A01E00A0441080D87C71FA
S214048EA00092D0DA06710DDA0C711EBD437DEFBD5B
S214048EB00698140304620DDA8672A11105D95C7152
S214048EC000C24040005424121424281401D9067207
S214048ED002D9327140D91E7102EC00CA2110183230
S214048EE00471FA2220D804720822FE22087502ECC5
S214048EF000C8F87001D90E7102EC00C802D90672D7
S214048F0004DC187200C0A01E00A004101D6001D866
S214048F1006711EB8647807B873780298D61800C02D
S214048F20A01E00A0041080300A7100C0C41E00A059
S214048F30041000A006984E1701D82E71911010D870
S214048F4028728110A0D8227203B084781C7200C1E3
S214048F502C4001B814100DBA487A697A6B7A081155
S214048F601CB87B7807B8757800A0641000C6881F04
S214048F7000A0C3B806987C0200C4441F00A014BA1C
S214048F80281400B8011AB1108F780A7200C084C47D
S214048F900350017891101030011905BA06980E1482
S214048FA002D9067101B804A800C0A01E00A00413CC
S214048FB00698641180DB0671029858141DBA7C7AF0
S214048FC001DB6A7100C2241F00A024111114FF34AF
S214048FD002EC00C8FF24FA7608610698C20D046104
S214048FE011380F3004611114011141100698C20D96
S214048FF001D8087203B80298D8140C4A01DB22710F
S214049000241011281128041202300471106200C0C2
S214049010FFFF0000213800C2204000B8FF200812DD
S214049020411008600698C20D01D87C7120BC10332C
S214049030767100BB00C1201F00A01415C021112C9E
S214049040511218620F320E71408851140698FA189D
S21404905041430094511208651C620F320E7141118F
S21404906051140698FA181C6441430865513B00C124
S214049070DC1E00A01411111231100F30127100BA48
S214049080056101D80471114201600FD8F4723110E1
S21404909003601E30047201B8003A087204B80298DD
S2140490A0D8140298C41600C0384101B804118F7948
S2140490B014717F20692004110861303110DD0671B7
S2140490C01DBA637A0698120300F830885088FF3475
S2140490D0087102ECFF24F87002EC00CD141059500D
S2140490E001440421FF22F2720F4C0095009300A065
S2140490F000C1A81E00A0141100A030880698421BC8
S2140491008111086102D906720298061A1CBB557BA7
S214049110086120D906710298F6190088A110186013
S2140491200698201908211415FC251EBB5C7B5D7B64
S21404913000C1084001B814110731FE21307608D862
S2140491402A725113FC23341304DB20711863FF3393
S214049150315B00C110C000B81411086180490C715D
S214049160FF31302954751EBB7B7B10707B7B7C7B68
S21404917000DD04717D7B01BB3815EC25541300DF3C
S2140491805471042505DF547154152111208806985E
S214049190EE0D009251293E7500C1084001B8141125
S2140491A002DB0C710731315B31292A760C7004DF3F
S2140491B00872016180D91E720698201900C010C07A
S2140491C000B80698861B069820191411FFD96072F9
S2140491D002984C1A0090009300A05415A11118612F
S2140491E010D9A672082508D8A071082510D89A7137
S2140491F0208821110698EE0DFC255412112AF82514
S21404920054110C2520D80871F02554111025202956
S21404921004762159181500920298B81907B971797D
S214049220811010D80A711CB8447802B841781CB969
S214049230747904B9677900F88110A0D808711CB94C
S214049240497900A0086002D8FA7106982019108897
S21404925006983E14106210DA087108211415F025D9
S214049260541100C20020FEFF202912750698921B96
S21404927001D90A72069880080698120700941CBB47
S21404928041100C2006986413411108211410069806
S21404929064133128441111120861FF31FF32012290
S2140492A01052107218611814042444130424381439
S2140492B00C701861214118140824081402983814F4
S2140492C04044147100C1AC1E00A0141551131C6355
S2140492D00FDB0C72196506980205411500A000C341
S2140492E0784000B83413807B0672069812070698F6
S2140492F03E1408BB51140698B01A4415FC255415A0
S21404930000C3784000B83413807B047100A0029830
S2140493103E051CB900C3A01E00A03413086308DB76
S2140493201A718113A0DB0671497910706979086394
S21404933002DB087204B9677900F800A0811108619D
S21404934002D910711CB97579069820191411FF31C9
S21404935000A0FFB900A0041008211411F42108117C
S21404936000A08111106110310E7106982019082191
S2140493701411F821141100A0D09504000000000078
S214049380A8930400010000000000000000F0490259
S214049390D095040000000000CC93040001000000F7
S2140493A00000000000F04902F09304004063598F67
S2140493B0404B4C000B000B001A00FF7F9069002006
S2140493C0000000007298040000000000E09404000E
S2140493D04063598F404B4C000B000B001A00FF7F74
S2140493E0906900200000000070980400000000004F
S2140493F0FC1F0103D09704001CC0011000F80700EE
S2140494001CC001301402080050C00100874130041B
S21404941024400601070062003870000000000000C7
S214049420000000030068010F40B8244058400101C2
S214049430FC006900804005012363E0119BC34A7465
S214049440F003000003800000BE0A0000E0400101B3
S21404945033000000F0400401590B00006404830745
S2140494608813C83A90200A0028410101001E000013
S2140494703C410B0100148C00141A21282E343B4264
S214049480495043557698BA0C28690000010000003C
S2140494900721286414171A002004C869A1203A0971
S2140494A03C42010129000000A080020170780300FC
S2140494B0D5C00000A8800111F0010000A880013189
S2140494C00542CB01AC800111F0010000AC800131F3
S2140494D005228D00B080010100030002FFFFFFFF9C
S2140494E0FC1F0103209804001CC0011000F80700AC
S2140494F01CC00130F502080050C001008741300C42
S2140495002440060107C052000000000000000000CE
S21404951000000003000000000000000058400101A5
S2140495206402FF00804005014B01A0089BC34A74F7
S214049530F00300000000000000000000E04001010D
S21404954033000000F04004010000000064048307B8
S2140495508813C83A9C200A00284101010310000021
S2140495603C410B0100000000000000000000000069
S21404957000000000000000000000000001000000E1
S21404958000000000000000000000000000000000D2
S2140495903C42010100000000A08002017078030034
S2140495A0D5C00000A8800111F0010000A880013198
S2140495B00542CB01AC800111F0010000AC80013102
S2140495C005228D00B080010100030002FFFFFFFFAB
S2140495D00C400200018014007F400000204002007E
S2140495E000000000000000003040070000000000FB
S2140495F00000000000000000000000000000000062
S21404960000000000A0070000504001000000000019
S2140496105C4002000000000000000000A8400100BA
S21404962007000000B440040000400000FF4C0000A7
S21404963000410000FF4D000008C0010000000000CB
S21404964020C00110FF00000020C0013000430000CD
S21404965024C00400EC80B3034375A8020000000095
S2140496602E02000054C003000E2D09E65406070817
S214049670D1B6020064C00800043000004020100682
S214049680C8F248181FE8F600BD4B721511A318055A
S21404969010325476980A000088C0010000000000CA
S2140496A00800010104070000180001010000000082
S2140496B020000101088400001C4002011000000084
S2140496C020F913045C400501410800000100000075
S2140496D0B0070800A700000000000000944007013F
S2140496E00101103050707F7F000000000000000071
S2140496F0000000000000000000000000E44001013B
S21404970000000000EC4001017DA8D98B0041020155
S21404971000612000B75635120C410301F9541200BB
S2140497202030042988BB40002441010100000000C9
S214049730304103016406660C0C010000E853FA008D
S2140497406841030164048307881382000000000054
S21404975030420301000000000000000E000000007C
S21404976044420101000000001080010103000000D3
S21404977038800201114910000100000088800101B0
S214049780000000009C800101EB400200B48001014F
S2140497903700000188000202000C00044C000000A0
S2140497A09400010200040000D00002020E00000033
S2140497B090029608E40001023D094204F400010206
S2140497C0000000001801010260005102FFFFFFFFC5
S2140497D0120000006666660000000000849804001C
S2140497E07498040000000000001A9A00005A6202EE
S2140497F080841E000420FE00114950020000000070
S214049800000000000000000000000000000000004F
S214049810B1841E00000000000000000000000000EC
S21404982012000000666666000000000084980400CB
S21404983074980400000C0000001A9A00005A620291
S21404984080841E000420000011495002000000001D
S21404985000000000000000000000000000000000FF
S214049860B1841E000000000000000000000000009C
S21404987005040000E1190000E119000000000000E2
S21404988000000000193F0106041001000001010653
S214049890001027000009000000000000000000007F
S2140498A0CDCF01007DCF010089CF010079D0010022
S2140498B0716003000B6603000F6603001366030063
S2140498C0176603001B6603000001030464EE010030
S2140498D01000000024E101001A00000079EB0100EA
S2140498E01100000075E401001100000063E511009A
S2140498F00400000023E111000400000025E101003B
S2140499000800000026E101000A00000027E101002B
S2140499100200000000000000000000007D9A040021
S214049920779A0400000000007E9A04003B5D040061
S21404993000000000355D0400375D040000000000F0
S214049940395D0400559A0400839A04003C5D0400C3
S214049950365D0400000000003A5D040070990400BF
S214049960335D0400345D0400385D0400325D040099
S214049970000203040508090A0B0001020304051D7E
S2140499802000B40108020200AA00FFFFFFFFFFFF49
S214049990FFFFFFFF79830300E52C020061580200F5
S2140499A0B1F50200715B0200DF6C0300E16C03009A
S2140499B0E36C0300E56C030071BC02000D95020025
S2140499C051D602005DEF020081490200D96C030003
S2140499D0AD970200DB6C0300853D0200DD6C0300DE
S2140499E0D9550300794202004F2B03000000000003
S2140499F0001300000000000000000000010000004A
S214049A00399B020002000000D77D0300030000001B
S214049A10919A020004000000517D03000500000036
S214049A20319A020000000000000000000023001B22
S214049A302200FF00000000000C09020200000000E3
S214049A401C1A0B0303FF06080402020204020A0B94
S214049A50030302030480FF0204FF0101010108005E
S214049A60000000000000005A6967426565416C6C9E
S214049A7069616E6365303980008F8E8C80808006C5
S208049A80080C108035
S20C049A8458B2FB7F010000004C
S210049A8C989A040080650020CA010000BF
S214049A980000000000000000FFFF000001000000B6
S214049AA800000000000000000000000000000000A5
S214049AB80000000000000000000000000000000095
S214049AC80000000000000000000000000000000085
S214049AD80000000000000000000000000000000075
S214049AE80000000000000000000000000000000065
S214049AF80000000000000000000000000000000055
S214049B080000000000000000000000000000000044
S214049B180000000000000000000000000000000034
S214049B280000000000000000000000000000000024
S214049B380000000000000000000000000000000014
S214049B480000000000000000000000000000000004
S214049B5800000000000000000000000000000000F4
S214049B6800000000000000000000000000000000E4
S214049B7800000000000000000000000000000000D4
S214049B8800000000000000000000000000000000C4
S214049B980000000000000000000100000000F001C2
S214049BA8080000000810002001002301040000003B
S214049BB810100020060030010100000014100020D8
S214049BC8FFFFFFFFC0EA2101C0EA21010080000070
S214049BD800F04902C866002000600B000080000000
S214049BE8BC360020C8000000FE000000000000008C
S214049BF8704E040018100020FFFFFFFF24520400D4
S214049C083300000035F6000033000000912F0300EF
S214049C18B6CA0300BACA0300C7CA0300D4CA0300F4
S214049C28E1CA0300EECA030001CB030013CB03000A
S214049C3820CB03002DCB03003ACB03004FCB030005
S214049C4862CB030074CB030089CB030098CB0300D4
S214049C58A9CB0300B8CB0300C8CB0300D4CB0300BE
S214049C68E1CB0300F1CB030003CC030012CC0300C2
S214049C7821CC03002ACC03003FCC030054CC0300B9
S214049C8869CC030089CC030097CC0300B6CC030048
S214049C98D1CC0300E4CC0300F1CC030006CD0300CA
S214049CA815CD030024CD030036CD030048CD0300AC
S214049CB85BCD03006ECD030084CD030000000000D6
S214049CC80F000000BBCF0300D2CF0300FF00000044
S214049CD80000000000000000000000000000000073
S214049CE80000000000000000000000000030E70448
S214049CF800C818032FD8030034D8030061D803001B
S214049D088CD80300BAD80300E8D8030017D9030090
S214049D1844D9030074D90300A4D90300F4D9030072
S214049D28FFFFFFFF00F80300FFFFFFFF000004002B
S214049D3800000400005C26052C68002006000000CD
S214049D48A4740400000000000100190001000000CB
S214049D58A44200200100190001000000A4420020CB
S214049D680100190001000000A442002001001900A7
S214049D7801000000A44200200100190001000000B0
S214049D88A44200200100190001000000A44200209B
S214049D980100190001000000A44200200100190077
S214049DA801000000A4420020010019000100000080
S214049DB8A44200200100190001000000A44200206B
S214049DC80100190001000000A44200200100190047
S214049DD801000000A4420020B04600200000000055
S214049DE800000000A05D0400CC4D0020E0680020C0
S214049DF88C500020064C04000600000000000000FA
S214049E080000000000000000047504001C7504002F
S214049E18114C04003B030400FE00000010690020F7
S214049E28000000009C500020045100206C510020C3
S214049E380000000000000000000000000000000011
S214049E480000000000000000000000000000000001
S214049E5800000000000000000000000000000000F1
S214049E68000000000000000000000000035C03007F
S214049E78F0760400FFFFFFFF475F0300435F03001D
S214049E88FFFFFFFF4B5F0300FFFFFFFFF9FA010028
S214049E98FFFFFFFFFFFFFFFFFFFFFFFFFFFFFFFFC1
S214049EA8FFFFFFFFFFFFFFFF0000000020A10700E1
S214049EB800000000B59C030000000000000000003D
S214049EC80000000000000000000000000000000081
S214049ED80000000000000000AC560020F522020036
S214049EE8693C02003B030400000000000000000078
S214049EF80000000000000000AC5600208D29020077
S214049F08000000003B0304000000000000000000FE
S214049F180000000000000000AC560020B533020024
S214049F28693C02003B030400000000000000000037
S214049F380000000000000000FE4C0400AC560020A0
S214049F480D4E0200000000003B0304000000000061
S214049F58000000000000000000000000AC560020CE
S214049F6811570200000000003B0304000000000034
S214049F78000000000000000000000000AC560020AE
S214049F886D670200000000003B03040000000000A8
S214049F98000000000000000000000000B80B0000ED
S214049FA8AC5600204D6B0200000000003B03040082
S214049FB80000000000000000000000000000000090
S214049FC8AC5600202D740200000000003B03040079
S214049FD80000000000000000000000000000000070
S214049FE8AC5600209D750200000000003B030400E8
S214049FF80000000000000000000000000000000050
S21404A008AC56002013730300000000003B03040052
S21404A018000000000000000000000000000000002F
S21404A028AC560020E5780200000000003B0304005C
S21404A038000000000000000000000000000000000F
S21404A048AC560020897D0200000000003B03040093
S21404A05800000000000000000000000000000000EF
S21404A068AC560020DB7F0300000000003B0304001E
S21404A07800000000000000000000000000000000CF
S21404A088AC56002001D60200000000003B03040082
S21404A09800000000000000000000000000000000AF
S21404A0A823850300AC560020CDEF0200693C02006D
S21404A0B83B0304000000000000000000000000004D
S21404A0C800000000AC5600203DF602000000000028
S21404A0D83B0304000000000000000000000000002D
S21404A0E800000000FFFFD007B80B0000FFFFFFFFCB
S21404A0F8CEFAEFBEFFFFFDFFFDFF0C002C01001E8D
S21404A1082C0140068000FFFF04F8FFFF0C00000047
S21404A118000000004000FDFF2C019C000000FFFF2B
S21404A128FDFFFFFFFFFF60EA8000800010C1CDAB93
S21404A138640A0101FFFFFFFFFFFFFFFFFFFFFFFFAA
S21404A148FFFFFFFFFFFFFFFFFFFFFFFFFFFFFFFF0E
S21404A158FFFFFFFF01FF05FFFFFF0101FFFF0201ED
S21404A168FFFF640250FF0F0208031E050216010AC9
S21404A1780C052007051001010F080101010104FF61
S21404A188030101FF0C01FF405AB47F015040300020
S21404A198FFFFFF0B03FF050B01030105020201FF86
S21404A1A8FFFFFFFFFFFFFF010102FFFFFF010000A3
S20C04A1B8BD4C0000954C0000AC
S804007F5923
