S01B00006275696C642F72656C656173652F7A69676265652E73333714
S2140060000810002079A0000099E80000B12B0300DA
S214006010B12B0300A1E80000A9E80000B12B0300A3
S214006020B12B0300B12B0300B12B0300B12B0300EF
S214006030ADE800000C6D0400B12B0300B12B03008B
S214006040B12B0300B12B0300B12B0300499B0000CA
S214006050B12B0300B12B0300B12B0300B12B0300BF
S214006060B12B0300B12B0300B12B0300B12B0300AF
S21400607019EE0000B12B0300B12B0300B12B030077
S214006080B12B0300B12B0300B12B0300B12B03008F
S214006090B12B0300B12B0300B12B0300B12B03007F
S2140060A0B12B030045A4000025A40000B12B03007B
S2140060B0B12B030089310200B12B0300ED3B020037
S2140060C0D1830300CD830300C9330200E7830300B6
S2140060D0D5830300BD3B0200D98303002D3C02009C
S2140060E099420200951F0200993C0200B12B030062
S2140060F0B12B0300B12B0300B12B0300B12B03001F
S214006100B12B0300B12B0300B12B0300B12B03000E
S214006110B12B0300B12B0300B12B0300B12B0300FE
S214006120B12B0300B12B0300B12B0300B12B0300EE
S214006130B12B0300B12B0300B12B0300B12B0300DE
S21400614082B030BF074BD3F8F030DB0704D500230E
S2140061500193019B052B01DD02B07047019B0133C3
S214006160F6E700BF00ED00E0F0B5114A114C124E04
S21400617000F00105E3695F0713D40DB9334213D16C
S21400618003EA00078F4207D10B4A1A40002A14BFC1
S2140061906FF001000020F0BD013AEBD16FF0020075
S2140061A0F9E74FF0FF30F6E76FF00100F3E700BFC6
S2140061B08096980000000350020001000B4B70B55B
S2140061C0D96911F480310DD101244FF48072084E44
S2140061D0084DF46020462C641A61FFF7C5FF34644E
S2140061E0EC6070BD6FF00100FBE700BF00000350DD
S2140061F000100350002003504FF4003238B50F4B08
S2140062000F4C9A6641F671330122E569E3630D4B44
S2140062100021DA60022360612120236105F48035C5
S214006220FFF7A2FF10B92120FFF79EFF0122064BC1
S214006230DA600DB10023E36338BD00BF0090005064
S21400624000000350001003500020035070B5134C9C
S2140062506061E3695B071ED40E4656F8043B8D1852
S214006260A361AE420BD10423002121202361FFF756
S2140062707BFF58B9BDE870402120FFF775BF0821A5
S2140062800846FFF771FF10B10423236170BD56F86E
S214006290043BA361E5E74FF0FF30F7E7000003504B
S2140062A02DE9F84315464FF40032184B89469A6696
S2140062B041F6713203F51C33DF69DA6301220646C4
S2140062C003F58053DFF84C8007F48037DA6055B961
S2140062D0284601220E4BDA601FB10022A3F50053B8
S2140062E0DA63BDE8F88306F5005404EA0804A41B44
S2140062F0AC4228BF2C46494622463046FFF7A6FF4A
S2140063000028E6D12644A1442D1BE0E7009000506B
S20C0063100020035000E0FFFF2F
S2140063182DE9F04F4FF0FD0BC9B09A460DF11B0959
S2140063289DF8503108AFCDF80C90CDF808B001971D
S214006338059303890446009383790E469046418860
S2140063488288407812F08EFC054650B10090A388EB
S214006358002062883A4912F0C9FF284649B0BDE8CD
S214006368F08F99F800002FF03DFB38B12846A38837
S2140063786288344912F0BAFF8D25EEE75A46394648
S21400638899F800002FF0D6FA8346002851D0529B81
S2140063981BB1BDF84C3198424BD8002399F80090B1
S2140063A80793A9F14102012A5FFA8BF123D83846F0
S2140063B80139254ADFF898C05FFA81FE734513DB7A
S2140063C8059B04210792C3B907AF18221F489FED03
S2140063D81A7B02FB060420460A460830394684ED36
S2140063E8027B17F0D7FD11E010F8011F013351406A
S2140063F80CFB01F2E2E7059B33B123464A463846D2
S214006408009610F0B1FBA8E70829DED9B8F1000F0E
S21400641801D088F80090BAF1000F01D0AAF800B0B1
S214006428529B002B99D05A46184608A917F0B2FD79
S21400643893E7012591E700BF000000000000000078
S214006448D81504000D160400C59D1C818010002078
S21400645893010001000000002DE9F04F93B0CDE94C
S2140064680A32DDE91C530E9353EC102BCDE90801D4
S214006478104619468DED060B1E9E17F015F880B1CE
S214006488DDE906014FF0FF32C54B17F035F840B985
S214006498DDE906014FF0FF326FF4801317F00EF8AF
S2140064A870B1DDE908019DED060B0E9B1E96CDE941
S2140064B81C53DDE90A3213B0BDE8F04F00F088B986
S2140064C80022DDE90601002316F0F8FF002800F098
S2140064D83381DDE906A303F1004BCBF30A5016F42B
S2140064E88063A0F2FF3008BF06250F9316F00AFD5A
S2140064F89BA3D3E9002316F06FFD9BA3D3E90023E3
S21400650816F0B4FBCBF31304894644F07F5180465B
S2140065180022A44B504641F4401116F0A5FB94A364
S214006528D3E9002316F058FD02460B464046494676
S21400653816F09CFB16F0EAFF044616F0E3FC8EA362
S214006548D3E900238046894616F046FD0022964B7E
S21400655816F08CFB16F0DAFF89A3D3E9002307466A
S2140065684946404616F038FD80463846894616F0B5
S214006578C9FC85A3D3E9002316F02EFD02460B4678
S2140065884046494616F070FB02460B46CDE90C23FA
S21400659816F022FDDDE90C2380468946104619468A
S2140065A816F064FB0022CDE91001804B40464946B0
S2140065B816F03CFE00227E4B16F058FB02460B46B1
S2140065C84046494616F032FE00227A4B16F04EFB3D
S2140065D802460B464046494616F028FEDDE90C23DF
S2140065E88046894600204FF0804116F03DFB024663
S2140065F80B464046494616F039FB02460B46DDE98F
S214006608100116F013FE07F2FF3700226A4B16F049
S2140066182DFB00223B0516F0DFFC52465B46804603
S214006628894616F069FF002840F08980CDE90C8974
S21400663804F16303C62B8CBF0527042731051BD539
S21400664853A3D3E900235046594616F04BFF0028BB
S2140066587FD051A3D3E900235046594616F02EFFA3
S214006668002876D00027A542C6BF2C1B04F1FF35AC
S21400667800253C4646F480660E9B9F422CBF4FF092
S2140066880008A3EB070816F0020903D0002F18BF6E
S2140066984FF000083CB1DDE90C235046594616F089
S2140066A8C5FD82468B46DDE906010022002316F06A
S2140066B805FF10B10BF100439B46DDE9080126F4FF
S2140066C80063CDE90183DDE90A324BEC10AB009597
S2140066D800F07EF802465FB3DDE9091316F0200FD6
S2140066E800F10105089E0CBF65204520B047DDE98E
S2140066F808010523002205930A23002CCDE902325F
S21400670807F1FF374FEAD473B8BF64422A460193AD
S21400671804970A9B009431F095F80246B9F1000FE9
S21400672806D00B9BC41A0B9B1A190E9BA34245D87E
S214006738104613B0BDE8F08FDDE906ABCDE60022C3
S214006748404649461A4B16F071FD013CCDE90C014E
S2140067586EE7002D90D00F9B002B8DD0013D8BE768
S214006768FB799F501344D33FB3C8608B288AC63F33
S21400677861436F63A787D23F71A379094F930A4095
S2140067881655B5BBB16B0240EF39FAFE422EE63F0E
S2140067982D431CEBE2361A3F0000000080842E4191
S2140067A8FFFFEF7F0000F83F0000E03F00002C40AE
S2140067B800002440000018400000F03F2020DDE9DB
S2140067C80913089DA8470134ADE700BF0000000084
S2140067D82DE9F04F5BEC10AB97B0CDE90501DDE98C
S2140067E82058CDE90723504652465B465946229F15
S2140067F816F05AFE70B90323CDE902870193AA4B17
S2140068080093DDE90501DDE9072330F04DFF17B0F9
S214006818BDE8F08F4FF0FF326FF4801350465946AC
S21400682816F04CFE28B10423CDE9028701939F4B4E
S214006838E6E74FF0FF32504659469D4B16F05CFE91
S21400684868B19C4A07F00403002B08BF03229A4B42
S2140068581CBF13460422CDE902870192D0E75046B2
S2140068688DA3D3E90023594616F046FE38B98CA303
S214006878D3E900235046594616F020FE68B1DDE9F4
S2140068880723DDE905014BEC10ABCDE92187209500
S21400689817B0BDE8F04FFFF7DFBD002200235046D3
S2140068A8594616F00BFE002800F091805B465246CB
S2140068B80020002116F0D8F9012382468B4609935A
S2140068C817F4806400F08580092D40F28580002446
S2140068D830210EABA5F109020134202C03F8011B68
S2140068E8A5EB040901D09442F6D15946504616F055
S2140068F80DFE724B054603EBC90393ED007B8DED49
S2140069080A7B16F0FFFA02460B465046594616F022
S214006918ABF9DDE90A2316F05FFB02460B46CDE924
S2140069280C2316F01BFE064616F0DCFA02460B464B
S214006938DDE90C0116F098F902460B46CDE90C2362
S21400694800225F4B16F0D8FD002848D001363046A6
S21400695816F0C8FA02460B46DDE90A0116F0B8FD3D
S21400696808B100260135B9F1000F45D1284616F0C2
S214006978C9FA02460B465046594616F075F90022E3
S2140069884F4B16F09BFD10B9E90700D501350A21D3
S2140069980EAB1A19202C0AD095FBF1F001FB105506
S2140069A8303502F8015B013405460028F2D107F0BD
S2140069B80302012A55D1B8F1000F52D0099A12B92C
S2140069C817F00C0F01D008F1FF38302240E009908C
S2140069D876E74FF0060988E7A946002485E70022EF
S2140069E8DDE90C01364B16F069FD0028BBD10EB167
S2140069F8F007B8D50136B6E70A210EAB1A19202CCF
S214006A080DD0B6FBF1F001FB1063092E03F130033D
S214006A1809F1FF3904F1010402F8013B11D83021CD
S214006A28A1440EAA202CB2D04C4504F101030AD189
S214006A3804F158020DEB02042E2204F8202C1C4602
S214006A48A5E70646DBE7A1541C46EBE71A550134D2
S214006A58444506D2202CF9D1CDE9028701940EAB25
S214006A68CEE6202CF8D0099B3BB12D2204F1580322
S214006A786B4403F8202C0134EEE77A0704D504F1BA
S214006A8858032B226B44F4E73B07E5D504F158037B
S214006A9820226B44EDE700BF0000000065CDCD4125
S214006AA80000000065CDCDC1FB320400FF320400B3
S214006AB8FFFFEF7FF2320400F7320400007C040088
S214006AC80000E03F0000000070B58EB02C220021C8
S214006AD803A817F0CFF864234FF002320893CDE9E5
S214006AE805230B2301218DF834305B4B8DF81010ED
S214006AF81D880D4040F0A980084634F013FF0A228E
S214006B08564B574C1A704FF42873ADF812304FF0A6
S214006B18FF332360534B54491B8820460B82534B44
S214006B28534A1B68CD828B61524B0D621B884B8281
S214006B38514B1B68CB611DF077F920B14FF41B71E0
S214006B484E4835F01CFF0521206831F0E3FC20B1E3
S214006B5840F27D21494835F012FF206816F040F8CB
S214006B68474B2068196831F04FF80C2535F042FB82
S214006B786843099035F03EFB68430DEB0501079026
S214006B88206817F013FD20B140F295213B4835F0F8
S214006B98F6FE25681FF072FD00220146284631F0F1
S214006BA8ABF820B140F29721344835F0E8FE40F2C1
S214006BB80353344D344E2B80052396F90000AB70F2
S214006BC87F2801D11DF018FC3378EB7035F012FBE6
S214006BD800EB80008000A88035F00CFB0023C00086
S214006BE84FF0FF31E880AB604FF0FF3018A3D3E9D1
S214006BF8002334F0E9FF2549206831F036F820688C
S214006C0802A931F02EFD20B14FF434711B4835F03F
S214006C18B6FE042220680DEB020130F0CAFF0428F5
S214006C2804D040F2D721154835F0A9FE01A9012065
S214006C3830F08BFB07F070FE01201EF061F82CF098
S214006C48A1FD1EF087F81DF06FFB0EB070BD00BFEB
S214006C580A0020FF42030000265B0020576200203F
S214006C6840550020A09504004C690020A895040013
S214006C7855B903009E950400A4950400C46B04004F
S214006C888C66002034550020206C0020C9B903000B
S214006C980348044B834202D0034B03B1184770479E
S214006CA84C6C00204C6C002000000000064B074986
S214006CB8C91A891048BF0131491003D0044B0BB1DB
S214006CC801481847704700BF4C6C00204C6C0020E9
S214006CD80000000010B5064C237843B9FFF7D8FF2C
S214006CE8044B13B10448AFF300800123237010BD92
S214006CF8B815002000000000C0D0040008B5044BFA
S214006D081BB104490448AFF30080BDE80840CDE74E
S214006D1800000000BC150020C0D00400A3F5803A8F
S214006D28704700BF154B002B08BF114B9D46FFF759
S214006D38F5FF00218B460F461148124A121A16F024
S214006D4899FF0C4B002B00D098470B4B002B00D01C
S214006D5898470020002104000D000B4817F0D0FAD1
S214006D6816F060FF200029002BF08EFB17F0B6FA0D
S214006D7800000800000000000000000008100020C6
S214006D8808100020AC62002071E3010007B501215D
S214006D9820200DF1070201F05DF858B10223012109
S214006DA820200DF107028DF8073001F063F803B0D4
S214006DB85DF804FB9DF807100229F8D0022209485E
S214006DC815F03AFE022301210DF1070220208DF866
S214006DD8073001F04FF82BF0B1FA4FF4FA6000F0E4
S214006DE881FEE4E7D0CD030038B502F02DF901F0B6
S214006DF8CFF9012805D001F0CBF9022801D001F01F
S214006E08EDF9064D2B783BB901F0C2F90128044686
S214006E1802D12BF01CFB2C7038BD00BF045C002090
S214006E2810B5044600882BF05DFAA37884F8440071
S214006E38834202BF0123E3702371074B04F11C0051
S214006E48C4E9073401F05CF8224620880349BDE807
S214006E58104000F099BF00BF832003004D200300B8
S214006E6870B5C37804460D461646002B34D1D1B10A
S214006E78214815F0E1FD0123E370E36CA6600BB131
S214006E88E06D9847E368F61A63699E4221D2217E30
S214006E981A480131C9B2217615F0CEFDA36D13B19B
S214006EA8217EE06D9847E5702BF05BFA15B32379E1
S214006EB803BBA268238A801A83421BD80123104882
S214006EC8237115F0B9FD236DA3B1E06DBDE87040E0
S214006ED8184701232376E6E70029E4D1094815F088
S214006EE8ABFD636DE660E5702571002BDBD0E06DC9
S214006EF89847D8E770BD00BFF8CD030009CE030059
S214006F0837CE030024CE030070B51E468388044699
S214006F180D46C18002810BB1868070BD81780088DD
S214006F282BF0CCF80123E370064BA680C4E90334A3
S214006F380C34204600F0E4FF29462046BDE87040A1
S214006F482BF006BACF20030010B501790446B1FA33
S214006F5881F1008849092BF028F921796088B1FA6F
S214006F6881F149092BF021F9034B1A68A24204BFA4
S214006F7800221A6010BD00BFD4150020F8B543796A
S214006F880446ABB100880E4F0E4E3B6804F1080568
S214006F9813B10D4B1B786BB121792BF006F90B4B0F
S214006FA83C6028463178A360BDE8F8402BF0D0B99D
S214006FB84088E8E7064815F03FFD064BF1E700BFB6
S214006FC8D4150020C86B0020055C0020516F000017
S214006FD84DCE0300856F000010B50446E0B10F489B
S214006FE815F02AFD01236371A37953B92179208806
S214006FF82BF0DBF8236B7BB1606B0121BDE81040FA
S21400700818472046FFF7A0FF04F108002BF0A5F963
S2140070182046FFF7B3FFEDE710BD00BF83CE0300A1
S21400702810B50446F8B1104815F006FD0023637144
S214007038A3796BB921792088B1FA81F149092BF037
S214007048B4F8236B7BB1606B0021BDE8104018478D
S2140070582046FFF779FF04F108002BF07EF920465A
S214007068FFF78CFFEDE710BD8ECE030010B5044683
S21400707868B1074815F0E0FC637920461BB1BDE807
S2140070881040FFF7CDBFBDE81040FFF7A5BF10BD05
S2140070989ACE030010B50E4C0E48214615F0CCFCCF
S2140070A882210D4815F0C8FC82210220A21E00F09D
S2140070B8E1FE014630B134F8022C0848BDE810401D
S2140070C815F0BABC0648BDE8104015F0B5BC00BFC0
S2140070D886560020A9CE0300C4CE0300CFCE0300F8
S2140070E813CF030038B5114C82212246022000F047
S2140070F8B1FEA51C014688B122880D4815F09CFCF7
S2140071082A460C4B03F12C0153F8040B8B4242F829
S214007118040BF9D11B7813702C23238035F8021C36
S214007128054A0648BDE8384015F086BC8456002057
S2140071381ECF03009ECF0300865600207CCF030098
S214007148034B1B781BB18B4201D82BF0F7B870475E
S214007158C96B002010B5044601460E4815F06CFCB5
S214007168012C11D10C4B0D481A884FF6FF739A4222
S2140071781EBF0022094B5A742AF0FDFF02F0BAF827
S214007188BDE8104001F08CBF0448BDE810402AF066
S214007198F4BF00BFCBCF03007C6B0020186600202E
S2140071A870B500241A4D1B4E3378A3421BDC00240E
S2140071B8194D1A4E3378A3421BDC0024184D194E7D
S2140071C83378A3421BDC00F0E3FF012816481CD1E5
S2140071D82AF0D1FF02F08EF801F062FFBDE8704099
S2140071E8124800F0F5BF2846FFF71AFE013460354E
S2140071F8DAE728462AF0A5FF01343435DAE72846C8
S2140072082AF0D8FF01343835DAE72AF0B6FFE5E782
S2140072183C2300200B5C00205C2700200C5C002030
S2140072280C2100200A5C0020186600205D71000012
S2140072382DE9F04F87B0FFF755FFB44B05A8059327
S2140072482AF0DCFF054616F011FCB14CC2B21F2A24
S214007258627004D9AF4815F0EFFB00F037FC2946FA
S214007268A01C16F097FE05A82AF0C8FF054616F0DB
S214007278FDFBC2B21F2A84F8212001D9A648EAE7F6
S214007288294604F1220016F085FE05A82AF0B6FF66
S2140072983226044600272578002D40F0A1809F4C12
S2140072A8FFF77EFF2378DFF8B4A2DFF8B4829C4F9E
S2140072B800939AF8003098F800203978994815F025
S2140072C8BBFB3A7898F800109AF800005318034465
S2140072D8DFF884B220782C4603445846DBB2AA422C
S2140072E800F31A83012B38BF01238F4E02933246D0
S2140072F8002335464FF482714FF6FF740298013327
S214007308984213705180948002F10C02F6DC874B89
S21400731885497F48AB6001F017F8E879AB68DFF875
S214007328349200EB400003EB800000F0DDFDEB79C3
S214007338B9F800200133A242EB7103D07A497C48A1
S21400734801F004F94FF6FF73B9F800207649D21A0F
S21400735818BF0122774801F0E3FD4FF00009734C8F
S2140073683A784A4500F3E08200264FF00C09724A44
S214007378DFF8B4B198F800003978B04200F3E88234
S21400738846180C21002501FB06B19AF80000942344
S214007398A8426A4A00F3FA820C253E784FF4827AAD
S2140073A8002798F80030DFF8BC811E44064405FB29
S2140073B806B5DFF8B4B1594B1B78BB4200F3F98227
S2140073C80299594800F01EFE059B50491A468B4202
S2140073D840F006835A4807B0BDE8F04F15F02CBBBE
S2140073E8532D0FD163784C2B40F05D81A378502B3A
S2140073F840F059810122534B1A7005A82AF0FEFE68
S214007408044648E74C2D0ED16378502B40F0CD80CB
S214007418A378303B092B00F2C880A01C2AF0FBFE9C
S214007428494B1870E9E7442D13D16378303B092B94
S214007438E3D8601C2AF0EFFE444B454A197800232F
S21400744886B2994202F16002D7DD22F8466C013313
S214007458F7E7422D0CD16378542B40F08780A01CA8
S21400746800F0E0FC3B4B188018462AF0C8FDC4E73D
S214007478582D33D8412DC0D9433D152DBDD801A36D
S21400748853F825F08D78000003740000037400009C
S2140074980374000003740000037400000176000003
S2140074A80374000003740000B3750000F77400004E
S2140074B803740000037400000374000003740000E3
S2140074C833770000AF7600000374000003740000F2
S2140074D80374000003740000A9770000692D8CD19E
S2140074E8601C2AF098FE80B22AF024FF85E70C4B31
S2140074F8012019780023184A994202F1A8027FF75A
S2140075087CAF02F8A60C0133F6E700BF86560020CB
S2140075182C650020EACF030001D00300065C00209B
S214007528095C002011D00300A016002018170020C0
S21400753850160020D8150020601D0020A41B00202F
S21400754861D00300055C0020C86B00200B5C00209F
S2140075583C2300207C6B0020601E0020075C002077
S214007568085C00200021002098180020601C00F00D
S21400757859FC0546E01C2AF0C6FE012102462846AC
S2140075882AF07DFE6021B048B04C03785943621853
S21400759865524FF4FA6111824FF448715161AC4953
S2140075A8568311650133037027E7601C00F03AFC28
S2140075B800224FF034088146A64F11462AF05FFE97
S2140075C83878A54D08FB00F325F80390EA18E37809
S2140075D81046693B18BF012393702AF0B2FD0021BC
S2140075E89E4A3B785160012103FB08550B443B70CB
S2140075F815600F46117400E7601C00F013FC0022AB
S214007608114681462AF03BFE3422924DDFF8488226
S214007618287802FB00F328F8039008EB0301E378C8
S2140076280846693B18BF01238B702AF08AFD8C4AEE
S21400763800231046916B31BB00EB831034232A7865
S21400764802FB03838363874A00231046D2F8A410FC
S214007658F9B9A82202FB030034232A7802FB038325
S214007668C0F8A4305FB97D4A3B46114652F8040B71
S214007678A8B93422287800FB028241F823202B7808
S21400768801332B70B9E60133042B02F14002D1D145
S214007698D9E70133042B02F1A802D7D1E2E7013378
S2140076A8042BE3D1EBE7601C00F0BCFB8046E01C33
S2140076B82AF029FE0121024640462AF0E0FD602114
S2140076C86148624D0278DFF8B4C151436B1825F85B
S2140076D801804FF448711982596163495E83996540
S2140076E8E178A824642904BF012199709CF8003029
S2140076F8DFF870E15C430EEB04010EF804304FF43B
S21400770800744C8003240C718C7102EB420405EB68
S214007718441532240133DBB201324B718D6081F897
S214007728A04002708CF8003067E6601C00F07AFB18
S21400773800224FF0380A8146DFF83C8111462AF0CD
S2140077489EFD98F80030494D0AFB03F325F8039090
S2140077584FF00109EA1882F80490E37873B1E01C48
S21400776800F060FB0022044611462AF088FD98F8CF
S21400777800300AFB03535C8083F806903C48384A7E
S21400778803789901535498F8001002EB8314C1EB60
S214007798C10205EBC2054A1C656388F8002001E7AC
S2140077A8601C00F03FFB8046E01C00F03BFB0546F3
S2140077B8601D2AF0A8FD04460246012140462AF02C
S2140077C85EFD2246284601212AF059FD60204FF426
S2140077D8487CDFF874E01D4A9EF8003000FB03F48E
S2140077E822F80480DFF880801119A1F810C0C1F8CB
S2140077F814C04E83C1F85880591CC9B2484314189F
S214007808A4F810C0C4F814C06683C4F8588094243A
S2140078181552184D981C8EF800002878DFF860C0BE
S214007828444303EB430301EB41010CEB040E02EB6C
S214007838431302EB41120CF80400CEF80430CEF8DD
S214007848082001302870D8E50B5C00203C23002077
S214007858EF2103000C5C00205C270020186600203F
S214007868601D0020601E0020497100000C210020C9
S214007878085C0020075C00200A5C0020095C0020E9
S214007888A41B0020601C00F0CDFA8046E01C00F027
S214007898C9FA00220546114640462AF0F0FC0022A6
S2140078A83824114628462AF0EAFC5248524A0378F9
S2140078B84FF0000E04FB03FC22F80C804FF0010882
S2140078C802EB0C0181F806E081F8048003EB08015E
S2140078D8C9B24C4302EB040C15539C1C04704FF4BD
S2140078E88274464D8CF806E028788CF80480444369
S2140078F8DFF810C1C3EBC303C1EBC1010CEB040EE8
S21400790802EBC30302EBC1020CF80400CEF8043005
S214007918CEF80820404495E7467901358E4284BF64
S21400792804714471A830DAE4B9F1000F06D016F8ED
S214007938052C02EB420204EB8204B460314658463A
S21400794801F0ACFE09F101090BF1A80B0C3607E5AE
S21400795871180AD0481E09FB00B0C07900EB400039
S21400796804EB800409FB01B08460104609FB015152
S214007978039201F051FC39782148314409FB015142
S21400798801F0B8F9039A01364032F3E4F54218BF1D
S21400799811F8050C03911EBF00EB400004EB8004B1
S2140079A88C6003FB052001F0B5F8039901350C310E
S2140079B8EBE4F74218BF15F8053C29461CBF03EB55
S2140079C8430304EB83040AFB07B018BFAC6000F05F
S2140079D853FF2946404601F08DF901370C35EAE495
S2140079E813F8011D00297FF4F0AC3B2102F8011CB6
S2140079F8EBE400BF0A5C00200C210020065C002097
S214007A08002100209818002007B5012121200DF13B
S214007A18070200F01FFA18B99DF80720024B1A70E3
S214007A2803B05DF804FB00BFC96B002007B5064B22
S214007A388DF80700187001210DF10702212000F0CB
S214007A4819FA03B05DF804FBC96B002007B50221DC
S214007A5801200DF1060200F0FDF938B9044814F0CB
S214007A68EBFFBDF8060003B05DF804FB0020FAE75C
S214007A787ED0030007B50221ADF806000DF1060218
S214007A88012000F0F7F9014610B1034814F0D4FFBE
S214007A9803B05DF804FB00BF9FD0030010B5FFF7E6
S214007AA8D5FF04460146074814F0C6FF01210648DC
S214007AB814F0C2FF24B9BDE810400120FFF7DABF72
S214007AC810BD00BFCFD00300E1D0030008B50448BE
S214007AD814F0B2FF00F0DEF92AF030FC2AF02BFC96
S214007AE8F7D0030038B50446084D094B28462B60E6
S214007AF800F006FA002C18BF21462846BDE8384094
S214007B0808BF4FF496712AF023BC00BF60280020F7
S214007B183D2203002DE9F043394D93B008AC0746E3
S214007B28894690460FCD0FC40FCD00260FC495E8A2
S214007B3803000323012584E80300324C3248CDE9CC
S214007B480366CDE905668DF80E300796029534F083
S214007B58B0FE2E4834F0ADFE32462D4920468DF84C
S214007B68176005F03BF9334632462A498DF8190066
S214007B78009020468DF82390CDF82C808DF8216053
S214007B8805F046F90A9020468DF8097005F0A6F823
S214007B98204608AA05A905F061F902AA204603A905
S214007BA82BF06EFD4FF400721B4B5A62194BE560C2
S214007BB8626A920510D46BB94FF40072164B1148DE
S214007BC85A6205F08BF8114834F076FE002013B0A0
S214007BD8BDE8F083013BEBE7002BEDD0094908A888
S214007BE82BF081FD4FF400720B4B06485A6205F0E5
S214007BF875F8064834F060FEBDF82000E7E700BFD9
S214007C08BC6C04000040005A0C6F0400086F0400A7
S214007C1880841E0040420F000060005A0122034B79
S214007C281870034B1980034B1A7070470E5C0020BF
S214007C38846B00200D5C0020F8B5454B1B780BB90B
S214007C480020F8BD434B1B78012B03D1BDE8F84054
S214007C582AF0F3BA404B1C884FF6FF739C42EFD0CD
S214007C683E4834F026FE0023260AE4B21A46214689
S214007C78304604F0F3FF012E354604F0010335D0F4
S214007C8815D9B51E012DDBD8002B0BBF4FF4807518
S214007C984FF080754FF470614FF070610BBF01278D
S214007CA84FF480370F204FF470202D4B11E0002B37
S214007CB80BBF4FF480754FF080754FF470614FF02E
S214007CC870610BBF01274FF480370F204FF47020E8
S214007CD8244B1A6802401CD0BA421AD01A680A40C6
S214007CE832D11A6822EA01022A4316E0002B0BBF9B
S214007CF84FF480754FF080754FF470614FF07061E7
S214007D080BBF01274FF480370F204FF47020164B17
S214007D18DFE71A6822EA00023A431A602AF08DFA68
S214007D28054600288CD0083644EA06102A46032161
S214007D38C0B2FFF7EFFE40F6FF73684300F2FF702D
S214007D48B0FBF3F080B27CE795427FF479AFC8E7E2
S214007D580D5C00200E5C0020846B00200C6F040075
S214007D6828C3035020C3035024C3035010B5044C43
S214007D78237823B9034834F09CFD0123237010BDF3
S214007D88105C00200C6F04002DE9F0431F4C85B0F2
S214007D98074688469146FFF7E9FF23781BB902F0A5
S214007DA803FA012323707BBAADF80C303022002387
S214007DB8174E02FB03F4315DA51901BB01233355A9
S214007DC84FF0FF3304F1100012493044AB606F8067
S214007DD8C5F80480C5F80C9009F0DEFC04F108012B
S214007DE8042231440C4B009503A802F0B3FAA968A4
S214007DF802460A4814F020FE05B0BDE8F0830133B9
S214007E08102BD6D1064814F017FEF5E70F5C0020B5
S214007E1888280020672203007922030004D1030083
S214007E2832D1030080B10278A2F14103032B0BD8AC
S214007E3840783038C0B2082806D8054B134413F8E3
S214007E48413C40EA032070474FF6FF70704700BF7A
S214007E58E46C040008B50B4642B1014604480068C5
S214007E6803F0C0FBBDE808402AF05EBA022008BD51
S214007E788466002008B50B4642B1014604480068EF
S214007E8803F038FDBDE808402AF04EBA022008BDC7
S214007E9884660020F0B50026124F8DB0FF230093AD
S214007EA80A223346386802A92BF08FF9C0B102AB14
S214007EB81D4603EB800404E055F8043BB34228BF94
S214007EC85E1CAC423868E9D9296803F099FE002898
S214007ED8F2D02D28F0D00DB0BDE8F0402AF024BA34
S214007EE80DB0F0BD8466002028B1034B0360034B39
S214007EF84360002383607047190000032C66002047
S214007F08FF2307B50021044A0093083009F0C8FB90
S214007F1803B05DF804FB00BF532303000B46044977
S214007F28024608680349097808B12AF035BA704746
S214007F38942B0020125C0020F7B50C4618B12921B6
S214007F48194834F01CFD246823685E795F8830463B
S214007F583946FFF7E3FFF0B18568E5B1A089227DD1
S214007F683946904291BF0020801AA36880B294BF19
S214007F7803469B18E27C00903046A8470138032841
S214007F8803D8DFE800F0080F0B0D002420462EF07B
S214007F9891FA204600E0812003B0F0BD8024F5E782
S214007FA89324F3E78724F1E75AD10300F8B515467A
S214007FB80D4A044610680D4A0B46117850B1224601
S214007FC82AF0EAF9034628B100210C27C678B14200
S214007FD801DB0020F8BD07FB01F45A681019125B94
S214007FE8AA42F7D00131F2E7942B0020125C002059
S214007FF808B5034B1B6803B19847002008BD00BFAF
S214008008902B00202DE9F74F04460D460026454BD9
S214008018454F1860454B197033010021F85C01364E
S21400802810F00EFC0C2EF7D10C2D28BF0C254FF0A7
S214008038000901953C4EDFF800A13D4DDFF8FC80B5
S214008048019B4B4502DC03B0BDE8F08F23784FF068
S214008058000B337063887380A388B380A379C6F84F
S2140080680880B371E379C8F8005088F804304FF0F8
S2140080780003A768A8F80630E3795B450ADC012107
S21400808816F8100B10F0DCFB08F1080809F10109D6
S2140080980C34D5E74FF0000338886B812880FB78CE
S2140080A84FF0000C2B81BA78C5F804A0002A00927D
S2140080B80CBF802240222A7379680AF10C026345B5
S2140080C813DC03EB43030AEB830ABB6843B1009A4D
S2140080D84FF6FF71B2FA82F2164B52092EF07AF971
S2140080E814350BF1010B0C37C6E7B1F800E00CF1BC
S2140080F8010C22F80CEC91F802E00C3202F816ECAF
S21400810891F804E00C3102F815EC11F809ECBEF110
S214008118010F14BF4FF0100E4FF0110E02F814ECBA
S214008128CDE700BF942B0020EC420020125C002014
S21400813898310020417F0000982B0020183400203A
S214008148014B1860704700BF8C2B0020014B18604D
S214008158704700BF902B002070B5128805460E4663
S214008168FFF724FF044670B102790499806815F079
S214008178D3FD064B1B680BB9002070BD3146284658
S21400818822889847F8E78620F7E700BF8C2B002060
S21400819808B50FF0F1FB022806D0012806D0044BDC
S2140081A818784000C0B208BD0120FCE70220FAE7B4
S2140081B8115C0020054B10B51C682CB1FFF7E8FFD2
S2140081C82346BDE81040184710BD00BF882B002086
S2140081D8014B1860704700BF882B0020034B1A78A5
S2140081E81AB901221A700BF027BC7047115C0020E0
S2140081F80022024B1A70FFF7DDBF00BF115C00209B
S21400820837B50446002836D00FF0B6FB022834D11E
S21400821860892EF0B1FCE079237A003818BF012077
S214008228012B637A08BF40F008000BB140F010003D
S21400823863890BB140F00400257CA188A2790DB1B2
S214008248E36893B90F4B10F0D7FE2178084610F074
S2140082584FFF2DF0BAFF044610F008FF7CB1002847
S2140082680CBF0020032003B030BDCDE90035064B17
S21400827810F0C2FEE9E70220F5E70120F3E7204602
S214008288F1E700BF25220400EEF1030008B50DF063
S21400829831FD014630B1044814F0CEFBBDE8084075
S2140082A80EF0CCB808BD00BFCCD10300034B044A7F
S2140082B85B7C012103201370FFF7DCBD18660020E5
S2140082C8135C002010B50446FFF7F0FFB4F57F4FA7
S2140082D80BD100240F4B1A8813449C70FEF7DAFE65
S2140082E82046BDE81040FFF7FDBB4FF601739C42E1
S2140082F804D1BDE81040084829F025BF4FF60273A0
S2140083089C4205D1BDE81040044B1878FFF78EBB99
S21400831810BD00BF8456002018660020C96B0020D8
S21400832810B5074C012122460320FFF793FD28B914
S2140083382378044A003B18BF0123537410BD00BFBE
S214008348135C002018660020F8B5564B564C1A8861
S2140083584FF6FF739A4218BF03234FF0080218BF60
S2140083682370524B30251A7032225A70DA70DA713E
S21400837835229D705D7139251A724FF400129D7171
S2140083884B4D3626C5644B4D426405654A4D012261
S21400839885654A4D1E71C565494D86184566494D21
S2140083A8C6678566484D494E0567494D80F848209A
S2140083B84567202580F8785080F8845000F121051C
S2140083C8C0F88850434D80F85420C0F88C5080F888
S2140083D8602080F86C20C0F8806080F89020C0F894
S2140083E89440C0F8B8303C4B3C4CC0F8BC30022334
S2140083F8C0F898403A4C80F8C030C0F8A4400F2423
S214008408384B80F8A840C0F8C430374B374CC0F813
S214008418C8308223C0F8AC40354C80F8CC30C0F861
S214008428B0400924334B344DC0F8D030334B80F875
S214008438B440C0F8D4302C7C314B80F89C20C0F86F
S214008448A00080F8D820C0F8DC3044B12D4B80F866
S214008458E420C0F8E03005F11103C0F8E8304FF02A
S214008468000CCA798E6802EB42039F00443006EB84
S214008478830326F807C0586001200D349870DC7016
S2140084881318CB71FFF7C0FAFFF74AFFFFF780FE15
S214008498012806D12B7C23B1BDE8F840164829F000
S2140084A852BEF8BD7C6B0020CA6B0020145C00200E
S2140084B8FD6C040001002000FC6C04000200200093
S2140084C8FB6C040003002000FA6C04000500420060
S2140084D80400420007003000FDFF210012001001D2
S2140084E800404200F86C040000FF4401E86C0400F9
S2140084F806004200845600201866002002FF20016D
S214008508C96B002001FF100113B504460D4829F079
S21400851881FD6422C0F30F43637083B2B3FBF2F3AA
S214008528A07823702022012129F058FFA078212264
S214008538012129F053FF0449201D02B0BDE8104070
S21400854829F006BF7C6B0020E09304000B7870B51A
S21400855883704CF61E0303804FF02013C36201237A
S21400856880F8303080F83C30C3180364124B044659
S21400857843640223114A80F84830114B8263C3646F
S2140085884063CA798D6802EB420305EB830004F169
S2140085982C0646600B4E45F8236000238360531C68
S2140085A8CB71094B201DC4E90134FFF7A9FC20460E
S2140085B8BDE87040FFF7A8BFFDFF2100210020009E
S2140085C8FE6C04000100010311850000F8B54FF6A3
S2140085D8FF73994204460E4609D0B0F87E308B42A7
S2140085E805D04FF6FE729142037B01D10BB9F8BD58
S2140085F8EBB1204629F0CFFF204629F08FFF4FF633
S214008608FE739E4213D1A068FEF70AFD6068FEF767
S21400861807FD29F0A6FE00232373A0674FF47F42C8
S21400862860784FF48171BDE8F84029F0D7BEB4F8F9
S2140086387E50237BB5422CBF02250125AB4218D0BD
S214008648D4E90107637B13B13B4607461846012D5C
S21400865841D1FEF7C1FC3846FEF7E2FC29F081FE60
S2140086684FF47F42A0674FF481716078257329F034
S214008678B5FEE389A4F8806004F1B4060BB9238A32
S2140086887BB3B4F87E30A4F8883029F06AFE012D52
S214008698B4F87E30B4F88020C4F8840038D1D31AF1
S2140086A8022DE18903D1208A002818BF01465943C4
S2140086B86423594342F21073B1FBF3F10AB19A42AC
S2140086C801D101F6B831304629F042FE2046BDE811
S2140086D8F84029F06BBFFEF7A3FC3846FEF77CFC93
S2140086E8BCE742F21072012D08BF1346A4F87E308C
S2140086F814BF0023642360784FF48171A3750822A1
S21400870829F06CFE3046BDE8F840024929F020BE44
S2140087189B1AC5E7E0930400094A437B0C211370B3
S214008728C3895380038A9380438AD380838A1381BC
S214008738B0F87E30538100781130C0B2FFF79ABB8C
S2140087480657002038B5044600780D4D11302A46E5
S2140087580C21C0B2FFF77EFB80B92B7820466373E6
S2140087686B88E381AB882382EB8863822B89A3829C
S2140087786B89A4F87E3029F09BFEA07538BD00BF33
S21400878806570020024B53F8200029F0BABF00BF56
S2140087987834002010B50446052923D8DFE801F010
S2140087A803080C222210204629F0A0FF002010BD46
S2140087B8204629F09FFFF9E7204629F09EFFF5E7B7
S2140087C8E18911B9218A0029F0D082B17BB11178EC
S2140087D864290ED8204629F088FE0146204629F04E
S2140087E876FFE3E7044814F027F90120DFE70320C3
S2140087F8DDE70220DBE700BFF9D1030010B4054C23
S214008808114654F820001A46BDF804305DF8044BAB
S214008818FFF7C0BF7834002000234FF0967210B5DB
S214008828C0E903233222044682750F4A8382C26750
S214008838C0F88430A0F888308367A0F880308C3081
S214008848FFF75EFB094B04F1B400C4E92334FFF7D5
S21400885857FB074B04F1DC00C4E92D34FFF750FB47
S214008868044BC4E9373410BDFFFF8813E526030020
S214008878F1250300D925030038B504460B78294AA4
S21400888843700D4642F82300FFF7C6FF2046FFF761
S21400889859FF4FF44013A3610123237784F8283047
S2140088A884F8343084F8403004F10D0363641E4BBA
S2140088B81E4AA364022322621D4A84F84C30626270
S2140088C804F11602E2621B4A84F85830226304F167
S2140088D80C02A263184A84F86430E26304F10E02BC
S2140088E82265164A84F87030626504F11002E26563
S2140088F8134A04F11403226604F11202A266114A0E
S2140089086367E266EA79A86802EB420300EB830134
S21400891818344C600C4C40F823400C4B8B60531CAE
S214008928EB7138BD7834002002FF21011D5C002061
S2140089380800200000FF300001FF100103FF21019E
S21400894804FF210105FF2101020101080588000036
S21400895810B44FF48274427B0C48013A012904FB98
S214008968020006D0022908D059B95DF8044B29F050
S214008978BDBE5DF8044B29F0BDBE5DF8044B29F07A
S214008988BCBE03485DF8044B14F056B8981800208F
S21400899815D20300B0F85C302DE9F0418B4204464E
S2140089A80E4639D0437B077C93B31C4A12789A420A
S2140089B82ED34FF482751A4A013B05FB032390F821
S2140089C80F801B7B424629F0B5FEB845054601D107
S2140089D8FF281FD13A463146204694F8903029F0B1
S2140089E8A9FE2F460546552212216078A4F85C6039
S2140089F829F0F4FCFF2F03D039462046FFF7A8FFDE
S214008A08FF2D09D029462046BDE8F04129F0D2BE00
S214008A18FF25DFE70746E6E7BDE8F081065C0020AD
S214008A289818002041688268C978D27849B112B18E
S214008A380321FFF7AFBF837B002B0CBF0121022168
S214008A48F7E72AB1837B002B0CBF02210121F0E750
S214008A58014813F0F1BF00BF26D20300037BD3B151
S214008A684368DA7812B18268D278A2B91B7933B132
S214008A78837B002B0CBF04210521FFF78BBF83687F
S214008A881B792BB1837B002B0CBF05210421F4E74F
S214008A98014813F0D1BF704758D20300084A437BF9
S214008AA805211370837B5370C37B9370037CD3704C
S214008AB8037B137100780E30C0B2FFF7DBB900BF36
S214008AC81E5C002038B5044600780C4D0E302A4649
S214008AD80521C0B2FFF7BEF920B1BDE83840084806
S214008AE813F0AABF2B7863736B78A373AB78E37322
S214008AF8EB7823742B79237338BD00BF1E5C0020E7
S214008B0894D20300024B53F8200029F09DBE00BF04
S214008B18A0340020F8B504460B78424A43700D4648
S214008B2842F82300404E29F0ADFEFFF7CBFF6268FF
S214008B38A3683E483E49D6641165D4655065C3E9C6
S214008B481410DE64DC654FF0987302266361012317
S214008B5804F10C01E16137491032216204F10D017C
S214008B68A16235492376E16204F10E016163334957
S214008B7884F82430A16304F10F012164304984F895
S214008B883030616404F11001E1642E4984F83C3009
S214008B9884F84830216584F85460A265E879A968A5
S214008BA800EB400201EB820704F1140CC7F804C07E
S214008BB84FF4817C244F41F82270C218D2B202EBDF
S214008BC8420241F822C001EB820700227A601F4A5F
S214008BD884F8703022661E4A84F88830A2661D4AD9
S214008BE81D4BE2661D4AC4F88C3062671C4A83191E
S214008BF8A26704F15C02C4F88020DBB2194A03EBD2
S214008C084303C4F8842084F8646084F87C6001EB2D
S214008C18830260345460144A033041F82320E87114
S214008C28F8BD00BFA03400202D8A000013280300DA
S214008C38658A0000010020010200100103003001CF
S214008C48040030010500210101FC01064A0021004C
S214008C58006D040051001000026D0400036D04004E
S214008C68550021006F0018001200010470B50D466B
S214008C780646144613460A4601461A4813F0DCFE12
S214008C8825B92046BDE87040FFF71CBB072D05D167
S214008C9821463046BDE8704000F0C4BC4FF601439C
S214008CA89D4205D121463046BDE87040FFF72ABFF1
S214008CB8062D05D121463046BDE8704000F066BA5C
S214008CC8B5F5817F05D121463046BDE87040FFF7EF
S214008CD859BD202D04D12046BDE8704000F0ECB800
S214008CE870BD00BFC3D203000148FFF729BA00BF12
S214008CF8758C00004FF4C01330B503600123037170
S214008D08074B8C688360CA7902EB420304EB830541
S214008D186860044844F82300531CCB7130BD00BF7C
S214008D28046D0400040001010368064A0C21136060
S214008D384368536003891381438922205381FFF7D0
S214008D4899B800BFC834002010B50368044686B03A
S214008D58FBB1114813F070FEA37B104A8DF804305F
S214008D684FF48273ADF806300123CDE902230023C1
S214008D7801A804938DF81430FFF742FA204661895B
S214008D8829F090FD2046FA2150F8143B594329F063
S214008D98DFFA06B010BD00BFF6D2030020000001BF
S214008DA810B5064C236843B1054813F045FE206805
S214008DB8BDE81040418929F075BD10BDD4340020A7
S214008DC817D3030070B5364910460C68BDF8102056
S214008DD8002C5ED003285CD8DFE800F0021E27458A
S214008DE8002B5AD0022A58D91D78B3F80160291EDC
S214008DF818BF012132462B4813F01EFE2DB131460E
S214008E08204629F04FFD002070BDE573FA20636800
S214008E18584329F024FBF6E7234813F00DFEE37BBE
S214008E28002B38D00023E373F0E7002B35D0032A55
S214008E3833D91D681D48294613F0FEFD1C4B2A1F12
S214008E489A4201D90220DFE723680BB19D42F9D880
S214008E5823899D42F6D3E37B6560B3B9FA2068435D
S214008E6829F0FDFA11E0002BCED0012ACCD91D88B6
S214008E781048294613F0E0FD002DE3D063689D42B4
S214008E88E0D8E37B2581002BE8D12046FFF74CFF8E
S214008E98B9E70120B8E70420B6E70320B4E700BF27
S214008EA8D43400203AD3030071D3030090D30300D0
S214008EB8FCFF6D00BBD3030038B5154B1C6834B3F4
S214008EC8F0B92168134813F0B7FD23683BB1626810
S214008ED8934204D2104813F0AFFD6368236004F190
S214008EE81405284629F039FA236823B1FA212846BA
S214008EF8594329F02DFA2046BDE83840FFF714BF3D
S214008F08032804D16189054813F096FDF3E738BDB8
S214008F18D4340020E6D3030014D4030049D4030055
S214008F2870B53E4B0D46044609781860002A6FD186
S214008F3801231A46A1730021E1730121A1814FF490
S214008F486151C4E900132823354E22810C2132468C
S214008F5822206381FEF77EFF60B9D6E900230AB1B6
S214008F689A4207D3318999429FBFC4E9002373897F
S214008F78218163812B4B2C4AE363042384F8403019
S214008F8884F84C30E3182365284BA26463650223F3
S214008F9804F10802E265264A84F85830226604F18D
S214008FA80A02A266234A84F8643084F8703004F112
S214008FB80C03E26663676464EA79A86802EB420316
S214008FC800EB830104F13C064E601B4E40F823601C
S214008FD8FA261A4B1A488B60531CEB71FFF7B6F843
S214008FE8208904F11405704329F039FA618920466E
S214008FF829F058FC134B2846C4E90534FEF780FFD1
S214009008216849B128467143BDE8704029F0A0B9E7
S2140090184FF4F07302228DE770BD00BFD4340020F1
S214009028C8340020000023010100230002002100AC
S21400903803002101FDFF210020000105CD8D000061
S214009048A98D0000518D0000134B10B51C680CB399
S214009058E37BEBB129F085F92369C01A002809DB00
S2140090680E4813F0E9FC0023FA20E37363685843BC
S21400907829F0F5F9E37B5BB12489FA235C4329F0F0
S214009088F9F9A04206D02046BDE8104029F0E7B915
S2140090986468F2E710BD00BFD434002076D403001D
S2140090A838B50024044D55F8040B08B129F00DFC1A
S2140090B801340A2CF7D138BDD8340020042908B565
S2140090C80AD172B16BB113781BB929F029FC0020BC
S2140090D808BD29F01BFCFAE7034813F0ADFC012095
S2140090E8F6E70320F4E700BFB0D4030010B4054C3D
S2140090F8114654F820001A46BDF804305DF8044BB3
S214009108FFF7DCBFD83400200229024608B50ED087
S21400911804D839B9104629F003FC06E04029F9D0EE
S214009128412907D1104629F0F1FB002008BD29F097
S21400913801FCFAE7024813F07FFC0120F6E700BFBF
S214009148D0D4030010B4054C114654F820001A4633
S214009158BDF804305DF8044BFFF7D6BFD8340020BE
S214009168426B094B52791A7082785A70C2789A7094
S214009178826B12B190F83C20DA700078042109302E
S214009188014AC0B2FEF776BE235C0020024B53F8B5
S214009198200029F0EBBB00BFD834002038B50446C1
S2140091A80078084D09302A460421C0B2FEF752FE60
S2140091B830B96B78A370AB78E370EB7884F83C3002
S2140091C838BD00BF235C002038B504460078114D32
S2140091D809302A460421C0B2FEF73CFEC8B9A37877
S2140091E82A78022B0CD004D863B9204629F098FBBD
S2140091F801E0FF2B0AD02046BDE8384029F065BBC1
S214009208002AF2D1204629F081FBF4E7002AF9D19A
S214009218EBE738BD235C0020F8B504460B78284AEF
S2140092280D4642F823004370FFF7B8FF636B254AE4
S2140092385C631A632046FFF7C7FF204629F045FB04
S2140092484FF4801363600123626BA66B0532E260FD
S2140092581D4A23722261A21C2375A26166B11B4AAD
S21400926884F82030E261E21C6262194A84F82C30E5
S21400927804F13C03A26223630627EA79A96802EB95
S2140092884203002E21F8237001EB83000CBF022353
S2140092980423C370012383700E4B04348360531C6D
S2140092A84460DBB20C4C03EB430341F8234001EB6C
S2140092B8830000234360094B02328360EA71F8BDDD
S2140092C8D8340020512903000340300101FF300143
S2140092D802FF10014D91000008000100F590000003
S2140092E828B1034B1B78834234BF00200120704707
S2140092F8085C002070B500250A4C0B4E3378AB424C
S21400930800DC70BDD4F8A42042B123791BB1607983
S214009318FFF7E6FF10B9104628F006FF0135A83417
S214009328ECE700BF601E0020095C002008B5427903
S21400933801461046FFF7D4FFA8B1CB780A48013A91
S214009348042B00EB82100ED8012B08D81BB9BDE8F9
S214009358084029F0DBBABDE8084029F0E1BABDE8C4
S214009368084029F0E7BA08BD601D002008B5427914
S21400937801461046FFF7B4FFA8B1CB780A48013A71
S214009388042B00EB82100ED8012B08D81BB9BDE8B9
S214009398084029F0C5BABDE8084029F0B7BABDE8C4
S2140093A8084029F0C7BA08BD601D002010B586B071
S2140093B80446FEF7EDFE012830D1E278042A2DD8BF
S2140093C8DFE802F013323403030061790846FFF73A
S2140093D887FF58B31648032A00EB811050F80C3C58
S2140093E858791DD1003818BF012063784FF4807271
S2140093F88DF804304FF48273ADF806300623ADF8C6
S214009408083001238DF80B3000238DF80A0001A8D8
S214009418CDE903238DF81430FEF7F2FE06B010BD32
S214009428B0FA80F04009E0E70020DEE70220DCE73B
S214009438601D002010B586B00446FEF7A9FE012878
S21400944830D1E278042A2DD8DFE802F0131332036D
S214009458030061790846FFF743FF48B31548032A17
S21400946800EB811050F80C3C5B791DD11A1E18BF12
S214009478012263788DF80A208DF804304FF4827341
S214009488ADF806300623ADF8083001234FF4807295
S2140094988DF80B30002301A8CDE903238DF814308E
S2140094A8FEF7AEFE06B010BDB3FA83F25209E0E747
S2140094B80222DEE7601D002010B586B00446FEF7DF
S2140094C867FE012812D16378094A8DF804304FF4F4
S2140094D88273ADF806304FF48073CDE9022300237B
S2140094E801A804938DF81430FEF78AFE06B010BD66
S2140094F80800070110B586B00446FEF749FE0128A5
S21400950820D16278104B8DF804204FF4827294F8BC
S214009518A01094F8A10059701870ADF806200493AE
S2140095284FF480720223094901A88DF81430CDE95A
S2140095380212FEF765FE94F8A130013B18BF01231E
S21400954884F8A13006B010BD275C0020080005018D
S21400955810B58378044603B30379022B0AD14279FF
S2140095681046FFF7BDFE28B10C48013A00EB821002
S21400957829F0E0F9A379022B02D12046FFF716FF5F
S2140095882046FFF7B7FF02236078A4F86C30552210
S214009598BDE81040122128F021BF10BD601D002034
S2140095A84388094A082113808388538083681B8A66
S2140095B8938090F8A03093718379D3710078043043
S2140095C8C0B2FEF757BC00BF1257002038B50D468C
S2140095D804460178114813F02FFA4FF602739D429D
S2140095E80ED10F4B1B782BB963712046BDE8384067
S2140095F8FFF7D6BF62790AB19342F6D20123F3E7A2
S214009608B5F57F4FF1D1204629F02DFAA378022B25
S2140096180CBF01220022A3689A70E6E7ECD4030088
S214009628085C0020024B53F82000FFF7CFBF00BFAE
S2140096380035002038B504460078144D04302A4614
S2140096480821C0B2FEF706FC20B1BDE83840104835
S21400965813F0F2B92B8863806B88E978A380AA8810
S214009668A3681A82AB7984F8A030EB79A371094B0A
S2140096781B780BB9637138BD09B19942FBD9064806
S21400968813F0DAF923780133F4E700BF1257002005
S21400969806D50300085C00202FD50300F8B504465D
S2140096A80B78474A0D4642F823004370FFF7C2FF7F
S2140096B8A268444BD465D364434B02265365434B98
S2140096C8A11C13654FF44013E36001236161E16256
S2140096D83F49103221632265211D3E4AA1633E4858
S2140096E83E49626504F1A002A061E163E265E01C00
S2140096F8611D3B4A206261643A483B492266A21DC6
S2140097082374237784F8283084F8343084F840307B
S214009718A16484F84C6084F8583084F86430606239
S214009728A266E879AA6800EB400102EB810704F11B
S2140097380C0CC7F804C04FF0060C2C4F42F82170EA
S214009748C118C9B201EB410142F821C002EB8107FA
S21400975800217960264F84F880302767254F84F8E3
S2140097689830A767244F254BE767254F84F8746021
S21400977884F88C60C4F89C3004F16C06831CC4F82A
S2140097888470C4F890601F4F1F4EDBB203EB430390
S214009798C4F89460C4F8887002EB8306703474606A
S2140097A808261A4C42F82340C31CDBB203EB4303DB
S2140097B802EB8304043042F823606160E871F8BD68
S2140097C800350020C52903000F2A0300599500001C
S2140097D801FF300104FF20011000300102FF2001C4
S2140097E805FF300100FF300103FF210107000108D3
S2140097F84A002100066D040051001000086D0400A0
S214009808096D0400550021006F00180012000104BD
S21400981800239B6AB3F5C04F03D21968064A9142E3
S21400982803D00023037083607047012202709A6891
S2140098389B694260F7E700BF07B0CD5E024B034A5C
S2140098481A602AF060BB00BF0000002002020FF07A
S21400985873B5534B04461A781AB102221A7002B02E
S21400986870BDCDE900220028F9D001261E7032F01E
S214009878FFFF4C4D4C4B186017F0E0FA2B785BB99D
S21400988802F062FA40B949480823494A494900683B
S21400989801F0A8FE00B92E70474B5A6E62619B6EA7
S2140098A8464AA3614FF40043936603F18843596818
S2140098B8E16143499960196E2160596E6160D3F879
S2140098C87011A160196CE160596C21613D49086C02
S2140098D81864496C5964012151664FF40051916629
S2140098E81A6E560436D53849CA68D407FCD45B6E57
S2140098F85A0434D5354AD36B13F0430FFBD1344B97
S2140099081A68531C31D04FF400139340314A13663B
S2140099180423304C684623664FF48063236610237E
S21400992823664FF4005323664FF0804323664FF4B4
S214009938804301A9636629F0AEF8009B2366019B65
S21400994863662B78002B8AD0194B1A6822665B68E8
S214009958636684E72049CA68D007FCD4C7E71F4A6D
S214009968D36B13F0430FFBD1C9E71D4B1B78002BB5
S214009978CED14FF48072114B5A661A4A52681AB9F9
S2140099884FF40011134A11664FF400725A66164BCC
S2140099985B68002BBCD14FF480020E4B1A66B7E703
S2140099A82A5C00202B5C00204835002084660020B6
S2140099B84C350020007108000080005000900050D0
S2140099C855CEAC0000C00054000004400000024C15
S2140099D85066002000900044000004500000025C1E
S2140099E8295C002000C005500000065070B52C4DBC
S2140099F804462E78012E02D001232B7070BD002855
S214009A08FCD029F06DF801300BD029F069F840F247
S214009A180113984205D0234B234A5E66D368DE07B7
S214009A28FCD4224B22491B6E13F0040F4FF400534C
S214009A3814BF1C4A1F4A9366CA6B12F04302FBD136
S214009A4821681A4B196661685966A168C3F87011CF
S214009A58E168196421695964E169C80748BF9A60D2
S214009A68154B1A6801320DD1144A127852B91449A6
S214009A784968C90748BF1A60124A5268D20744BFE5
S214009A8801221A606269104B5A66A2699A6617F034
S214009A98DDF90E4B186832F0E6FE0023ADE700BF8E
S214009AA82A5C00200090004000000440008000442B
S214009AB80000024C0090005050660020295C0020F0
S214009AC800C00550000006500080005048350020B1
S214009AD870B50024A36AB3F5C04F23D21A68134B97
S214009AE89A421FD1124E337813F0FD0518D14FF461
S214009AF880341048FFF7ACFE032004F0B9FC0E4B88
S214009B080320DC6004F098FC0C4B1C61AB6ADB6934
S214009B18984704460748FFF769FF0CB901233370D6
S214009B28204670BD4FF48174FAE700BF07B0CD5EDB
S214009B38295C00202835002000A00044009000443E
S214009B4813B5204B1B7803B9FEE700231E4CCDE95E
S214009B5800336A4608231D49206801F043FDF8B91A
S214009B681B4AD2F84031D2F840211F2B4FF0010390
S214009B7811D9203A9340019A1A43019208236A465B
S214009B881249206801F0B6FE124B134A1A602AF0F2
S214009B98BAF902B010BD9340009A1A430092EDE756
S214009BA82D28F1D10A4AD2F84031D2F840211F2B8D
S214009BB84FF0010385BF203A93409340019398BF26
S214009BC80093DBE72A5C002084660020007108000A
S214009BD800800044000000200B020FF038B5002576
S214009BE8AB6A0446B3F5C04F10D21B6BB3F5C04F33
S214009BF80CD20748FFF72CFEAB6A20461B6B5B6847
S214009C089847BDE838400248FFF7F0BE38BD00BFA9
S214009C185435002013B50024A36A0190B3F5C04F4D
S214009C2813D21B6BB3F5C04F0FD20948FFF710FECF
S214009C38A36A01211B6B01A89B6998470446044840
S214009C48FFF7D4FE204602B010BD4FF48174F9E742
S214009C585435002070B50026B36A0446B3F5C04FE5
S214009C680D4612D21B6BB3F5C04F0ED20848FFF74D
S214009C78EFFDB36A20461B6B29469B699847044646
S214009C880348FFF7B3FE204670BD4FF48174FAE729
S214009C985435002070B50026B36A0446B3F5C04FA5
S214009CA80D4612D21B6BB3F5C04F0ED20848FFF70D
S214009CB8CFFDB36A20461B6B2946DB6998470446E6
S214009CC80348FFF793FE204670BD4FF48174FAE709
S214009CD854350020F8B50027BB6A0446B3F5C04FD4
S214009CE80D46164611D21B6B7BB10948FFF7B0FD2F
S214009CF8BB6A20461B6B324629465B6A9847044671
S214009D080348FFF773FE2046F8BD4FF40174FAE7E0
S214009D185435002070B50026B36A0446B3F5C04F24
S214009D280D4612D21B6BB3F5C04F0ED20848FFF78C
S214009D388FFDB36A20461B6B29469B6A98470446E4
S214009D480348FFF753FE204670BD4FF40174FAE748
S214009D5854350020F0B50027BB6A0446B3F5C04F5B
S214009D680D461646ADF5177D20D21B6BB3F5C04FD2
S214009D781CD21048FFF76CFDBB6A20461B6B40F2EE
S214009D8851225B6A01A99847044630B10948FFF793
S214009D982DFE20460DF5177DF0BD836A32461B6BF7
S214009DA82946DB6A01A898470446EFE74FF4017492
S214009DB8EFE700BF5435002010B50024A36AB3F5BA
S214009DC8C04F10D21B6BB3F5C04F0CD20748FFF735
S214009DD83FFDA36A1B6B1B6B984704460348FFF7B7
S214009DE805FE204610BD0124FBE700BF54350020C1
S214009DF8F0B58FB0044601A80E461546FFF7EEFEEE
S214009E089DF80C30012B12D1B5F5002F27D8B4F5E4
S214009E18002F24D86319B3F5002F20D821462A46E8
S214009E28304614F0B7F8002420460FB0F0BD0027DF
S214009E38BB6AB3F5C04F15D21B6BB3F5C04F11D232
S214009E480A48FFF705FDBB6A2A461B6B31462046C3
S214009E585B6B984704460548FFF7C8FDE4E740F201
S214009E680244E1E740F20114DEE700BF5435002063
S214009E78F0B58FB0044601A80E461546FFF7AEFEAD
S214009E889DF80C30012B1FD1B5F5002F06D8B4F578
S214009E98002F03D86319B3F5002F13D940F20244F4
S214009EA820460FB0F0BDE258013225D104339D425A
S214009EB8F9D82A463146204600F082F80028EDD028
S214009EC80024EDE70023F2E70027BB6AB3F5C04F8E
S214009ED815D21B6BB3F5C04F11D20A48FFF7B8FC72
S214009EE8BB6A2A461B6B314620469B6B984704463E
S214009EF80448FFF77BFDD3E740F20344D0E740F27F
S214009F080114CDE75435002070B58EB0044601A87C
S214009F180D46FFF763FE9DF80C30012B22D144EA6C
S214009F280503C3F30C03002B33D1B5F5002F04D972
S214009F3840F2024420460EB070BDB4F5002FF7D8A4
S214009F482544B5F5002FF3D8204604F5005400F054
S214009F5829F8AC4202D00028F6D1E9E70028E7D075
S214009F680024E7E70026B36AB3F5C04F14D21B6B8C
S214009F78B3F5C04F10D20A48FFF76AFCB36A294601
S214009F881B6B2046DB6B984704460548FFF72EFDFB
S214009F98D0E740F20444CDE740F20114CAE700BF18
S214009FA8543500204FF4003208B5044B9A6632F058
S214009FB8FFFEB0FA80F0400908BD00BF00900050D0
S214009FC8134610B562B103439B070BD14FF4003418
S214009FD8054B9C6632F0F0FEB0FA80F0400910BDE2
S214009FE80120FCE70020FAE700900050BFF34F8FEF
S214009FF80549064BCA6802F4E0621343CB60BFF318
S21400A0084F8F00BFFDE700BF00ED00E00400FA0533
S21400A01870B5D0B1C9B10E4E431E013913F8014FC1
S21400A0282046325D02F00302012A11F8012F08BF0C
S21400A03804F12000B55C05F00305012D08BF2032A9
S21400A048801A01D1002CE9D170BD0120FCE700BFC1
S21400A0589D9404000348044A0449121A921028F0F2
S21400A068A4BD00BF406100001863000048630020DC
S21400A07808B5154B83F30A8800F030F8FFF7EAFFB7
S21400A088124B13498B4212D30020124B12498B42B3
S21400A09818D3FCF747FE186850F82240586840F86E
S21400A0A82240013298688242F5D30C33EAE7002250
S21400A0B8F8E71C6844F8220001325C68A242F8D32C
S21400A0C80833E4E70022F8E708000020C8D00400B8
S21400A0D8D4D00400D4D00400D4D004004FF40041F7
S21400A0E8134B144A70B59A60D3F88820124D42F480
S21400A0F87002C3F88820114A05F5005491664FF09F
S21400A108FF3222664FF6DF7262660222C3F8D0205C
S21400A118BFF34F8FBFF36F8F4FF44036032004F022
S21400A128A7F90320E66004F087F92E6170BD00BF2A
S21400A13800ED00E000600000008000440090005041
S21400A148054B1860054B1B6F03F00703032B01D163
S21400A15830F0DABC704700BF606600200080005010
S21400A1682DE9F04104464FF001080C250D4E0CB9B8
S21400A178BDE8F08194FAA4F0B0FA80F00F2808FA47
S21400A18800F2C8BF103824EA0204CABF05FB006202
S21400A19805FB0062B4325768002FE8D09168C0B259
S21400A1A8B847E4E77435002008B50C4832F081FB60
S21400A1B8192004F04FF928B1192004F059F919208C
S21400A1C804F03AF91A2004F045F928B11A2004F0E8
S21400A1D84FF91A2004F030F9002008BD0C6F04006F
S21400A1E82DE9F0410E461746054618B30F2923D821
S21400A1F80378DBB1013BDBB2022B19D8104AD35CDB
S21400A2086A78D340DB0717D50E4BD3F81043ACB9A2
S21400A21832F02EFB80463A462846314603F064F86C
S21400A228404632F020FB2046BDE8F0817F23E7E772
S21400A2380023E5E72224F6E72124F4E70224F2E7E0
S21400A2485C6D040000C0035010B5044610B30378D4
S21400A258E3B1013BDBB2022B1AD8104AD35C627812
S21400A268D340DB0718D532F003FB01226178237848
S21400A2788A4030214B4341F2100103F1A04303F515
S21400A28870335A5032F0EFFA002010BD7F23E6E70D
S21400A2980023E4E72220F8E72120F6E75C6D0400B7
S21400A2A810B5044610B30378E3B1013BDBB2022BCA
S21400A2B81AD8104AD35C6278D340DB0718D532F038
S21400A2C8D7FA0122617823788A4030214B4342F23C
S21400A2D8100103F1A04303F570335A5032F0C3FA65
S21400A2E8002010BD7F23E6E70023E4E72220F8E7F6
S21400A2F82120F6E75C6D040038B50D46044618B311
S21400A30811B30378E3B1013BDBB2022B1AD8104A2B
S21400A318D35C6278D340DB0718D532F0A9FA30222E
S21400A3282378534303F1A04303F570335B696278DF
S21400A338D34003F001032B7032F095FA002038BDA5
S21400A3487F23E6E70023E4E72220F8E72120F6E764
S21400A3585C6D04002DE9F0410D4616469846044605
S21400A36800284FD000294DD00178002940D04B1E38
S21400A378DBB2022B3ED8254AD25C6378DA40D20795
S21400A38801D4FF2940D1022E01D9042E3CD132F047
S21400A3986FFA23780746FF2B05D0324620462968F1
S21400A3A802F0E8FF28602B68013309D12378FF2BD9
S21400A3B806D1174B6078D3F8241429F0C7F928601B
S21400A3C829684B1C18D00C23124A03FB0122069B53
S21400A3D8C2F8048093602378FF2B04D001230E4A2A
S21400A3E88B40C2F82434384632F03DFA002007E0A5
S21400A3F87F22C2E70022C0E7384632F034FA2D2022
S21400A408BDE8F0812220FBE72120F9E75C6D040017
S21400A41800C003507435002000D0035008B502F081
S21400A42859FF054B00F0553020F05020C3F82004A3
S21400A438BDE80840FFF794BE00E0035008B502F0F8
S21400A44849FF054B00F0AA3020F0A020C3F82004EE
S21400A458BDE80840FFF784BE00E003502DE9F04F42
S21400A468144605460E469B46C36B87B001225B69B9
S21400A47802A960689847EB6B01225B6903A930461E
S21400A488984702A828F090FF074648B10023A3750E
S21400A49863754FF0FF33A360002007B0BDE8F08F68
S21400A4A803A828F08EFF0123A375237E04EBC303BD
S21400A4B8DE611F846368B3420ED1206003A828F0CB
S21400A4C8A2FF4FF0FF332075A360237D043B022BC9
S21400A4D826D80023A375DFE723681A1A5342534188
S21400A4E8A37503A828F08FFF237D834218BFA7759E
S21400A4F803A828F06AFF074602A828F066FF8742E6
S21400A50818BF002303A818BFA37528F066FF0746E0
S21400A51802A828F062FF87421CBF0023A375D4E771
S21400A52803A828F052FF80B1EB6B022230465B6925
S21400A53804A9984704A828F057FF0346207D032857
S21400A54839D8DFE800F03838040903A8F3E7CC2246
S21400A558237E04EBC3031A8401F06EFC109B18706C
S21400A56803A8277E28F025FF04EBC70787F82200F4
S21400A578237E03A804EBC303B3F8209093F8227055
S21400A58828F023FF804603A828F027FF8246B8F164
S21400A598000F15D0EB6B022230465B6904A998477A
S21400A5A804A828F0E6FE6075637D6BB90023A375E2
S21400A5B84FF0000838E0227E04EBC2021384CBE793
S21400A5C803A828F0C1FEEEE794F81680B8F1000F4D
S21400A5D8EED0B9F1000F09D1DFB10123E375637E30
S21400A5E8002B4FD1012F42D1677614E06B6C06EB37
S21400A5F80A015A4286EA010010421CBF0022A275D0
S21400A6085A1E0A409B1A9945D0D8A37D002BE3D141
S21400A618CEE7E37D43B94FF000084B465246314635
S21400A628284628F00CFCA060A27D12B123694B4492
S21400A63823611A49237E097899422AD90133237659
S21400A648BBF1000F27D032B3E37D23B3B8F1000F78
S21400A65821D1032F1FD0A1684B1C1CD0109B22466B
S21400A668009328460123FFF7F9FEA07513E095F836
S21400A678343063B9EB6A0133CFD1032FCDD1012330
S21400A688A376C8E7012FCFD0032FC4D1F7E79846A3
S21400A698C3E70023A375A07DFFE600BF806D040016
S21400A6A82DE9F04F0E46984600238BB004464FF02F
S21400A6B8FF31104617468DF8133001F0A7FBB6F5A4
S21400A6C8801F20D2314605AA04F1080028F0BEFDF6
S21400A6D8451C014603D1237CBBB92D2010E0384623
S21400A6E801F094FB0122394620460DF1130328F0A9
S21400A6F8F8FB0028EFD09DF8133088F800300020CB
S21400A7080BB0BDE8F08FB01CE5D1E56A691C36D100
S21400A7182046616A28F0D9FA0546B31C18BF0123FB
S21400A728DFF8CC900193636A626C0293236805A9EC
S21400A73802FB053AE36B05225B695046984705A875
S21400A74828F0CDFE28F0F0FE504628F0F8FE4FF030
S21400A758000B824601464B1C05D0636C81EA0A0250
S21400A7685B42134211D02946204628F0AEFA029BD7
S21400A778AB422CD0BBF1000F2CD10546D3E723689B
S21400A788ED1A636CB5FBF3F5C7E7484601F03EFBE8
S21400A7980DF1130349462046019A28F0A2FB03460A
S21400A7A890B1B21C03D0D9F80020B2420CD19DF863
S21400A7B8132003930D4B88F8002049461A6838463C
S21400A7C813F0E8FB039B9B46D9F80810C3E7BBF1D8
S21400A7D8000F82D0B6F5801F91D2314698F8003027
S21400A7E87A6804F1080001F03FFA88E77C6D0400F7
S21400A7F8503D00202DE9F3410446174698460E467C
S21400A808184D816AE36A8B4201D04B1C02D102B014
S21400A818BDE8F081284601F0F9FA012229462046CB
S21400A8280DF1070328F05DFB38B14346294620465C
S21400A8389DF80720B8470028E9D0A9684A1C04D123
S21400A8486968204628F0CEFA0146012EDAD16B68F0
S21400A85881EA0302636C5B421A4218BF4FF0FF316D
S21400A868D0E700BF243D00202DE9F04F4FF0FF331E
S21400A8784FF6FF720025044600F10806C0E90923D2
S21400A8888BB0C362056205633046884628F0AFFC85
S21400A898204628F0EAF960BB2046414628F065FACB
S21400A8A8204628F0E2F960BB5E200BB0BDE8F08FCA
S21400A8B82368E26B606C576900FB0530052205A922
S21400A8C8B84705A828F00BFE012807460CD12946EC
S21400A8D8204628F01BFA012F024600D101322946ED
S21400A8E8204628F0E1F903E028F023FE0028EED100
S21400A8F80135E3699D42DBD3204628F0B6F90028E7
S21400A908CAD000254FF0FF394FF6FF73CA46A8464F
S21400A918C4E90853E36998450AD3A5EB0905012D50
S21400A9282CD84FF6FF72636A93423CD16720BCE787
S21400A9382368E26B606C576900FB0830052205A99E
S21400A948B84705A828F0CBFD834605A828F09EFD45
S21400A9580746584628F0E8FD68B1574538BFC4F89A
S21400A9682480B94528BFB946BD4238BF3D46BA46D9
S21400A978236A0133236208F10108CBE74FF6FF7319
S21400A98800256362E3699D42CBD2676C2068E36B5F
S21400A998052207FB05005B6905A9984705A828F066
S21400A9A875FD0135EEE7E26B676C2068694607FBC4
S21400A9B8030055690522A847684628F067FD626ABD
S21400A9C82368606C4B4D00FB023028F0B8FD4FF052
S21400A9D8FF33A062E3622A466FF00101204605AB0A
S21400A9E8FFF75EFE002846D1AD6829462046E56298
S21400A9F828F017F9206320B92046E16A28F0F2F912
S21400AA08E0622946204628F0EDF90546A36A9D42ED
S21400AA1833D1204628F0D8F800278046B946E3699F
S21400AA2899453CD3B84559D92046616A28F04DF96E
S21400AA380026054604F1400AB74212D8626C23681D
S21400AA48694602FB0539E36B05225B694846984769
S21400AA58684628F01BFD534602464946E06B28F038
S21400AA6870FD2946204628F030F90136B0450546DF
S21400AA78E2D1642019E7A56AB7E72946204628F0F8
S21400AA88D0F8236B2946034407462363204628F05C
S21400AA98A9F90546002FB9D1C4E90B07B6E7636CD8
S21400AAA82568052203FB0955E36B05A95B6928465B
S21400AAB8984705A828F013FD28F036FD58B1284613
S21400AAC828F03DFD0146204628F0ABF8636C143BA1
S21400AAD8984208BF013709F10109A0E7304628F077
S21400AAE886FB002320461946034AFFF783FE00200C
S21400AAF8DBE600BF7C3D0020D92E03002DE9F0419F
S21400AB08036B9046826B07689A4288BF8363426CE1
S21400AB18436A90B002FB0377C36B0E46052201A971
S21400AB285B6904463846984701A828F0D8FC0128EF
S21400AB380146307057D0656CE26B2368606AD2F8BD
S21400AB4814C005FB0030052206A9E04706A828F031
S21400AB58C6FC01284FF0000523D0D4E90A320121AB
S21400AB689342CDE90B458DF834800E958DF83C1050
S21400AB782AD11946204628F035F9236B626C14331F
S21400AB889B1AE06223630C9B53B99DF83C303BB19B
S21400AB98626A616C2368E06B01FB023128F057FC9F
S21400ABA80C9DE36B05225B6901A93846984701A806
S21400ABB828F095FC30702846236BA26B9A4288BF13
S21400ABC8A36310B0BDE8F081237C33B91C490BAAF7
S21400ABD804F1080001F096F8D5E72046194A0BABB1
S21400ABE8FFF708FECFE7237C23BB2246164904F16D
S21400ABF8080001F087F8616A204628F087F8616A3D
S21400AC08421C204628F050F8054620B9236B626C93
S21400AC181344143B23632046A16A28F0E3F823680C
S21400AC28A062C01A636CB0FBF3F06062204628F09E
S21400AC381CF9B6E700232046044AFFF7DBFDDAE7EF
S21400AC48A9B3000025B30000732F03000F2F0300DD
S21400AC5873B50D46D11E4A421C461B7E4A419A428F
S21400AC6826D129682368994222D3636899421FD857
S21400AC78114E0DF107033246FFF712FDC0B9726890
S21400AC886B689A4214D19DF80730DA1E5342534136
S21400AC98227E93420CD1636901336361D4E90323AE
S21400ACA8934205D22968A26842F82310013323612B
S21400ACB8012002B070BD00BF7C3D00202DE9F04F9A
S21400ACC89B4689B09DF848309046514A01931369CF
S21400ACD807465B450D46C0F09580D94653680093F5
S21400ACE8B9F1000F7BD0FB6B01225B6905A90098C0
S21400ACF8984705A828F065FB454B1B68984240F026
S21400AD08848005A828F069FB0428064615D105A8FE
S21400AD1828F06AFB009B04461E44019B002B3ED18C
S21400AD28804512D91C46A8EB00083846009928F03A
S21400AD3859F8A9EB04090090D2E7FB6B02225B697D
S21400AD48009806A9984706A8E2E7A0EB08045C4521
S21400AD5828BF5C46032C4644ABEB040B1DD9FB6BA3
S21400AD68294630465B69A208984724F0030304F096
S21400AD78030A1E441D44DDF80480BAF1000FD4D03F
S21400AD88FB6B012206A930465B699847524628465F
S21400AD9806A913F0FFF85544C7E7A246EBE7824634
S21400ADA800F0030302932B1803930644039BA6EBB9
S21400ADB80A00A3EB0A05029B9A4514D1BAF1000FC4
S21400ADC8B3D0FB6B012206A95B6998475246284612
S21400ADD806A913F09BFA0028DDD04FF0360948463E
S21400ADE809B0BDE8F08FFB6B012206A95B6998479E
S21400ADF80422284606A913F089FA0028EDD1AAF1FC
S21400AE08040AD3E74FF06309E9E74FF06F09E6E76E
S21400AE18A83D00202DE9F0410F4616469846044600
S21400AE2888B060B390F83450FDB1012127F012FFC6
S21400AE3800210E9BCDE90511CDE902379DF83C307F
S21400AE48CDF804808DF81C30237C04968BB90D4908
S21400AE5801AA04F1080000F055FFDDE90553E06B90
S21400AE68002E08BF1D4628F08EF8284608B0BDE814
S21400AE78F0812046044A01ABFFF7BCFCEDE7054627
S21400AE88F3E700BF3D2F030059AC00007FB590F8EC
S21400AE984260044601920DF10B030A4630461149FA
S21400AEA828F079F8012E0546E36B17D132465B6920
S21400AEB803A998479DF80B10039B019A59B19BB2BA
S21400AEC843EA0243012228460393E36B03A99B69DE
S21400AED8984704B070BD62F30F03F3E701229B693D
S21400AEE801A9F5E7A83D00202DE9F04F99B00E46D8
S21400AEF80D920A69416C0B931439D31DB3FBF1F319
S21400AF08013302EBC302036B04469342C0F001828E
S21400AF180023DFF804940893E36A48461946059325
S21400AF2800F074FFD6E9033707930B9B022B4DD12D
S21400AF38CC2F40F0D7810D9B3BB13146204628F0F8
S21400AF4880F8656C1490012044E00120079B656C2E
S21400AF581B68149300F0010000280CBF0423082384
S21400AF68782F0E9349D8059A6B1E1340ED1A3B1D91
S21400AF789D423CD2002F3DD0082D3ED80023042504
S21400AF8806934FF0040A336806990B98C9F8003000
S21400AF98C9F8107028F03BFA4FEA9A030F93059BFE
S21400AFA889F814000393002309930C9304930A93D7
S21400AFB8616C039B4A1E1A408B1A27B35544AB4252
S21400AFC823D8236B5B1A134423632FE1782F656C11
S21400AFD8B9D8F07D0D9B002BBCD0E36B01225B69D2
S21400AFE8706816A9984716A828F0EFF9B4E7002560
S21400AFF80695C6E704250697C3E7012300254FF004
S21400B008080A0693BFE75345DBD3A3EB0A02974229
S21400B018039BB84628BF90469742534428D9012236
S21400B028D9F8101089F817208F4226D10399C9F845
S21400B0380410049299F817200AB399F81810039880
S21400B048CA1C09EBC202506004980131A2F80880B5
S21400B058907289F81810B8F1000F07D00B9A022AD8
S21400B06840F08180099A72B1012209929B46ABE0B2
S21400B078049A002A18BF0322DBE70222D9E7039ABC
S21400B088C9F80420E7E70C9A4244032AEED9E26B93
S21400B0981846956914A901220993A847099B0546ED
S21400B0A80028E1D03D2D40F01E8104F108030393EB
S21400B0B82368059A606CA2EB030ABAFBF0FA00FB59
S21400B0C80A3028F03CFAE16A8046204627F08AFED5
S21400B0D8A26A824200F00F81626CD9F80830511ECD
S21400B0E80B40216B2768891A0B442363089BE06290
S21400B0F8DF1BB7FBF2F7BA4540F0FA80059BB3EBC7
S21400B108080A12D0E36B4FEA9A0241469B699847B1
S21400B1188346E36A059A5344E362236B03989B1AB3
S21400B1284344236328F063F8DA462368616CE06BCF
S21400B13801FB073128F078F9204627F096FD2046CF
S21400B14827F093FE2063BAF1000F00F0D48032692E
S21400B158616CD31D1439B3FBF1F3013302EBC30260
S21400B1689042A5D2BFE00D9A002A77D1B8F1030F16
S21400B1784FEA98026ED9E16B18468D6907991093C5
S21400B188A847109B0546C0B918F0030515D0079ABE
S21400B19828F0030B02EB0B019B444FF0FF3215A877
S21400B1A815922A46109312F0F5FEE26B58469569FA
S21400B1B815A90122A8470546109B9B46079A4244B4
S21400B1C80792002D40F08B80049B16A80193069BDF
S21400B1D8009399F814204346316800F0CDFDE36BE0
S21400B1E80F9A9B69039816A99847039A051E089B09
S21400B1F818BF13460893434652462046039927F03D
S21400B2081EFE236B08F10302A3EB0A0322F00302D7
S21400B2189B1AC9F808002363002D7FF443AF0C9BE4
S21400B228A7EB080743440C93CDF80CB020460399C7
S21400B23827F0D8FD00250390002F7FF4B9AE364AD4
S21400B2483168936804F10800E36252680B9B00F0CB
S21400B2580BFD49E09B46454607999EE79B4606F147
S21400B26820021092F27D7068A2B1002296F818C0EB
S21400B2780A99D5B2AC4511D9109D02F1010E35F8E0
S21400B28832508D4228D90E9806EBC2020144D06986
S21400B298084403E00E9A0A990A441044E26B15A97A
S21400B2A8556901221193A847159A0A9B1392E26BD7
S21400B2B8043395695846012213A90A93A847119B97
S21400B2C8054603EB0802A2EB0B02042A7FF679AFC9
S21400B2D828B90BF1040BC5E77246491BC9E7CDF838
S21400B2E820B088E770252F46384619B0BDE8F08F9D
S21400B2F84FF0000A19E73269616CD31D1439B3FBA5
S21400B308F1F3013302EBC302236B9342BFF404AE9E
S21400B318E9E71C27E8E700BF503D0020032A2DE98F
S21400B328F34106460D4617461C4606D1237A012BDE
S21400B33823D0012002B0BDE8F081DFF860800968FC
S21400B34842460DF10703FFF7ABF960600028EDD120
S21400B3589DF80720237A032AE8D0D8F804106A68EC
S21400B3689142E3D1012B2969D4F80CC007D1726940
S21400B3780CEB0103934202D92074207CDAE70831EB
S21400B3886144E1603B46012229463046FFF7ACFDA2
S21400B39860600028CAD00020CCE700BF7C3D0020B3
S21400B3A82DE9F341089C032A1746266806D1237A16
S21400B3B8012B24D0012002B0BDE8F081DFF8908090
S21400B3C8304642460DF10703FFF76AF96060002829
S21400B3D8EDD12568D8F80400A96AD5F844C04840D5
S21400B3E8CCF100031840227AE1D1012A09D1E2689B
S21400B3F8D8F8103013447269934202D92074207C1E
S21400B408D9E72868EB6A1B1A081AB3FBFCF3B0FBEB
S21400B418FCF083420BD1706CF36A421E1340326B09
S21400B428121A13442846336327F0DCFCE862D8F87F
S21400B4381020E36808321344E36001223B460449BF
S21400B4482068FFF751FD60600028B0D00020B2E702
S21400B4587C3D00202DE9F0410025604B0E46D3F8D0
S21400B468008004461D6018B921252846BDE8F081ED
S21400B47890F8347007B30A6803689A4240F0A380CD
S21400B4884A6843689A4240F09E808A6883689A426F
S21400B49840F09980CA68C3689A4240F094800A6966
S21400B4A843699A4240F08F808A69C36B9A4240F09B
S21400B4B88A804B698361D8E768223946856B12F023
S21400B4C8D9FBD6E90212336804F1080023607368D2
S21400B4D8A5636360336963617369A36127F099FEA6
S21400B4E8B36904F14000E3639B68984720B9676C2A
S21400B4F817B16368B3FBF7F794F84330E761002B9E
S21400B508B2D00023656C2366002D64D0002F62D06D
S21400B5182368B3FBF5F205FB1233002B55D166689A
S21400B528B6FBF5F305FB1363002B4ED1204627F038
S21400B53868FBA369043303449E4248D340F634723A
S21400B5486369CC3B934244D8B5F5805F43D3032167
S21400B558204627F07FFBD4E90001E36B1B68984779
S21400B5680546E36B0220DB689847CDB9414620467E
S21400B578FFF77AF96428054604D141462046FFF7C6
S21400B58873F90546666C5DB9236A2046143E5E4329
S21400B59827F037FBA369043303449E4238BF5A2575
S21400B5A8002D0CBF0123002384F8343007D1D4E9DA
S21400B5B800010B4A13680133136027F0C4FEE06BE2
S21400B5C827F0E1FC51E75D254FE759254DE75A2559
S21400B5D84BE75F2549E75B2547E700BFE0360020D5
S21400B5E8DC3600202DE9FF410C4616461F46054668
S21400B5F880B390F834307BB3B1F5801F2ED2DFF8D5
S21400B6086080012127F026FB2146424628460DF198
S21400B6180F03FFF745F8044670B99DF80F30012B65
S21400B62811D1D8F81030BB4212D1024600903146EC
S21400B6382846FFF743FB0446E86B27F0A4FC2046A1
S21400B64804B0BDE8F081022B14BF2D246024F3E774
S21400B6586324F1E72124F2E71124F0E72924EEE732
S21400B668A83D00202DE9F04385B00C4617461E4637
S21400B6780546DDF8308098B390F8343093B3B1F5CA
S21400B688801F31D2DFF86490012127F0E3FA2146C3
S21400B6984A4628460DF10F03FFF702F8044688B914
S21400B6A89DF80F30012B14D1D9F8102006EB0803AB
S21400B6B89A4213D300904346324639462846FFF747
S21400B6C8FDFA0446E86B27F05EFC204605B0BDE8A8
S21400B6D8F083022B14BF2D246024F3E76324F1E7DC
S21400B6E82124F2E71124F0E72924EEE7A83D0020FC
S21400B6F873B50C461646054630B390F834302BB36F
S21400B708B1F5801F24D2012127F0A4FA2146284645
S21400B718104A0DF10703FEF7C3FF044680B99DF8EB
S21400B7280730032B0CD0022B0CD12846094927F0EA
S21400B73888FC3060E86B27F026FC204602B070BD17
S21400B7482D24F7E76124F5E72124F6E71124F4E72A
S21400B7582924F2E7A83D00202DE9F3411E460023E0
S21400B7680C4617460546336050B390F834304BB352
S21400B778B1F5801F28D2DFF85480012127F06AFA35
S21400B7882146424628460DF10703FEF789FF044680
S21400B798A0B99DF80730032B10D0022B03BF012356
S21400B7A83B600423D8F8103018BF38603360E86B65
S21400B7B827F0E9FB204602B0BDE8F0812D24F6E725
S21400B7C82124F7E71124F5E72924F3E7A83D00200C
S21400B7D873B50446056B27F014FA636E03449D425E
S21400B7E82CBF00230123854294BF00252D1A207CF8
S21400B7F884F85030656584F85800A8B100230C4ECC
S21400B8081A4619462046009627F0DFFC0023054610
S21400B8181A4619462046009627F0E0FCE3682844B6
S21400B828984294BF0020C01AE06502B070BD00BF01
S21400B838FFFF0F002DE9F3471E4643690446B3424F
S21400B848884617469DF828904ED300258DF8075051
S21400B858204627F0D6F9D4F830A082450AD2236AC3
S21400B868B5EB430F06D2002220460DF10701FFF77D
S21400B87845F9B8B39DF80730012B05D100222046BC
S21400B8880DF10701FFF73AF9B9F1030F06D0314673
S21400B898204627F0A6F9256B854227D3144D4FF08E
S21400B8A8FF31284600F0B2FA4B46294600222046C9
S21400B8B8C5E90376C5F80080FFF716FB236E054634
S21400B8C863B12046FFF784FF94F8503013B994F814
S21400B8D858301BB1236E04F150009847284602B032
S21400B8E8BDE8F0870135B3E76225F7E71C25F5E7DD
S21400B8F87C3D00202DE9FF410F4690461E46054632
S21400B90898B390F8343093B3B1F5801F31D21A4CFF
S21400B918022127F09FF92246394628460DF10F03E3
S21400B928FEF7BEFE024678B101234246009339462A
S21400B93833462846FFF77EFF0446E86B27F023FBCE
S21400B948204604B0BDE8F0819DF80F30012BEBD1FE
S21400B9582169B142E8D10093414633462846FFF7AD
S21400B968ADF904460028DFD1E7E72124E8E71124EB
S21400B978E6E72924E4E700BFA83D00202DE9F047C4
S21400B98890F8423086B0012B05460391A1EB0207DA
S21400B99840F0AA80FF2F03D81E464FF0640807E041
S21400B9A80226012B14BF4FF032084FF06408013608
S21400B9B800244FF6FF79DFF844A195F84230012BB2
S21400B9C814BF322364239C4202D35FFA88F40DE046
S21400B9D805AB22465146284627F011FB95F842301B
S21400B9E8012B059B34D14B452DD1E4B295F8423056
S21400B9F8012B14BF32226422121BB24217D3012E27
S21400BA0839D10022012B05978DF8132027D108225B
S21400BA1805A90DF1130027F0AEFD9DF81330059A21
S21400BA2842EA032221462846FFF730FA40B10223AD
S21400BA38324900932846CC23096803AAFFF7FAFE82
S21400BA4806B0BDE8F087DBB203B902340134B4E7C8
S21400BA58591CCAD09BB2002BF8D10134F6E7102245
S21400BA6805A90DF1130027F086FD9DF81330059AF9
S21400BA7842EA0342D6E7039A012B059223D108230C
S21400BA88202205A90DF113008DF8133027F073FD59
S21400BA989DF81320120221462846FFF7F7F995F875
S21400BAA84230611C012BC9B21AD10028BFD12846E2
S21400BAB8BDF81420FFF7EAF90028B8D10234BDF81B
S21400BAC81620E1B2AFE71023202205A90DF11300D6
S21400BAD88DF8133027F04FFD9DF813201204DAE78F
S21400BAE80028A4D1059A9EE7B7F5803F4FF00106D7
S21400BAF8BFF457AF4FF032085AE700BFA83D002002
S21400BB0870B586B00E4605460392A0B390F834305A
S21400BB189BB3B1F5801F32D2022127F09BF831463D
S21400BB282846184A0DF11703FEF7BAFD044618B959
S21400BB389DF81730032B0ED1022331460093284672
S21400BB48CC2303AAFFF776FE0446E86B27F01BFA19
S21400BB58204606B070BD022B0BD10A49284627F0AE
S21400BB6870FA039902468142EFD02846FFF706FF8F
S21400BB78EAE76124E9E72124EAE71124E8E729242B
S21400BB88E6E700BFA83D0020F7B50C461646054672
S21400BB9868B390F8343063B3B1F5801F2BD2022116
S21400BBA827F058F821462846144A0DF10703FEF7F1
S21400BBB877FDC0B99DF80730032B14D0022B14D19B
S21400BBC80E49284627F03DFA471C024639462846BD
S21400BBD8FFF7D4FE044606B13760E86B27F0D3F9C2
S21400BBE8204603B0F0BD2D24F7E76124F5E72124AD
S21400BBF8F6E71124F4E72924F2E700BFA83D002061
S21400BC0830B50C46054685B028B390F8343023B3D3
S21400BC18B1F5801F23D2022127F01CF80DF10F037F
S21400BC28214628460F4AFEF73BFD034688B99DF88D
S21400BC380F20032A0DD003222146009202462846EA
S21400BC48FFF7F8FD0446E86B27F09DF9204605B097
S21400BC5830BD2D24F7E72124F8E71124F6E7292438
S21400BC68F4E700BFA83D00202DE9F043466886B3F8
S21400BC78056898464FF0000CA946AE4655F83C4075
S21400BC880CF1010CC4F31307013401D0B94217D0E4
S21400BC98B4450EF1080EF1D12F46002403E0B44255
S21400BCA807F1080712D055F8343001340133F6D1BD
S21400BCB8C1F3130141EA0851C7E90012BDE8F08351
S21400BCC841EA0851CEE90012BDE8F083B8F1030F47
S21400BCD803D101230372BDE8F083002303E0B342D7
S21400BCE809F10809F5D055F833400133C4F3075471
S21400BCF8032CF4D1C1F3130343EA0853C9E900320D
S21400BD08BDE8F0832DE9F0410646406882B0B8B138
S21400BD180F4690460024336853F8345003EBC403A8
S21400BD28C5F30752C5F31301013506D05B683046E4
S21400BD38CDF80080B84718B1706801348442EAD359
S21400BD4802B0BDE8F08100BF024B1968024B1868C4
S21400BD58FFF780BB646600208466002008B530F0D4
S21400BD687AFD014B186008BDD43D0020014B1868C9
S21400BD7830F06CBDD43D002073B504462248012A35
S21400BD8800EAC1119DF8185023F07C4007D9961E8A
S21400BD98012E28D9073303F07F03194308E09DF8DE
S21400BDA81C300A43DB0603F0C053134343F06041DC
S21400BDB80023C4E900108DF80730B5B120222146CB
S21400BDC80DF1070027F0D7FB1A220DF10700211DF9
S21400BDD827F0D1FB082063689DF8072043EA8263B2
S21400BDE8636002B070BD1143E2E71B220DF1070045
S21400BDF8214627F0C0FB23689DF80720042043EA65
S21400BE08C2632360EDE700BF80FFFF0738B5094B24
S21400BE180D461A680021044611F02CFF00234FF047
S21400BE28FF322383C4E900252361A260E382A37658
S21400BE3838BD00BF7C6D04000138C0B205289ABF23
S21400BE48014B185C01207047816D04002DE9F04114
S21400BE580746154600240E46596888B0490A01293F
S21400BE6822464FEA510104F10104F8D8DC789978A3
S21400BE7824031B88C90201F4006104F480540C43AF
S21400BE88C3F30A035203234492B24FF000089C18E7
S21400BE98274B6FEA0444039325F07843ED4302A941
S21400BEA80DF107001B2202938DF8078027F063FB2D
S21400BEB89DF80720029B02A943EAC2630DF107001A
S21400BEC81B2225F07845049302958DF8078027F005
S21400BED852FB9DF80720029B6FEA144443EAC263AC
S21400BEE805934FF0FF330794069307A9BB69012211
S21400BEF806F110009847BB6905A90446012206F119
S21400BF0808009847BB69404518BF044604A90122A3
S21400BF18301D98470122404518BF0446BB69304685
S21400BF2803A99847404508BF204608B0BDE8F081F9
S21400BF3801009AB2044BD3F88420D206FBD4D3F877
S21400BF488400C0F3811070470040005038B5184B85
S21400BF580546D3F824010C4600F00700062823D827
S21400BF68DFE800F0040A121A1E0E1600012305B1B7
S21400BF78286004B1236038BD2EF0A6FD0523F6E739
S21400BF882EF0A2FD0623F2E72EF0D8FD0323EEE7F7
S21400BF982EF0D4FD0423EAE72EF0CCFD0223E6E7D4
S21400BFA830F06CFC0723E2E700231846DFE700BF03
S21400BFB80080005038B5104B0546D3F800310C46C3
S21400BFC803F00303022B0BD0032B0DD0012B0FD14C
S21400BFD82EF0B4FD032305B1286004B1236038BDF4
S21400BFE82EF0B2FD0823F6E730F048FC0723F2E708
S21400BFF801230020EFE700BF0080005038B5104B43
S21400C0080546D3F820310C4603F00303022B0BD069
S21400C018032B0DD0012B0FD12EF056FD052305B1AD
S21400C028286004B1236038BD2EF088FD0323F6E7A8
S21400C0382EF080FD0223F2E701230020EFE700BF81
S21400C0480080005038B5104B0546D3F840310C46F2
S21400C05803F00303022B0BD0032B0DD0012B0FD1BB
S21400C06830F00EFC092305B1286004B1236038BD02
S21400C0782EF06AFD0823F6E730F005FC0B23F2E7FE
S21400C08801230020EFE700BF0080005038B5104BB2
S21400C0980546D3F860310C4603F00303022B0BD099
S21400C0A8032B0DD0012B0FD130F0EAFB092305B185
S21400C0B8286004B1236038BD2EF046FD0823F6E755
S21400C0C830F0E1FB0B23F2E701230020EFE700BF87
S21400C0D80080005073B50D4600210E4B0191D3F831
S21400C0E88041064604F00304012C09D0022C0CD02B
S21400C0F80C460EB1019B336005B12C6002B070BDD2
S21400C10801A8FFF77BFF0F24F3E72EF013FD01903D
S21400C118EFE700BF0080005038B5104B0546D3F84F
S21400C12840320C4603F00303022B0BD0032B0DD032
S21400C138012B0FD130F0A4FB092305B1286004B108
S21400C148236038BD2EF000FD0823F6E730F09BFB91
S21400C1580B23F2E700231846EFE700BF00800050E5
S21400C16838B5144B0546D3F800020C4600F0070015
S21400C17804281BD8DFE800F003090D111500012379
S21400C18805B1286004B1236038BD30F079FB092377
S21400C198F6E72EF0D9FC0823F2E730F074FB0B2301
S21400C1A8EEE72EF0B1FC0E23800AE9E700231846D6
S21400C1B8E6E700BF0080005010B40D4C0B46D4F8DC
S21400C1C8204204F00304012C0AD0022C0CD008B13B
S21400C1D8002101600BB100221A605DF8044B70471D
S21400C1E85DF8044BFFF70ABF5DF8044BFFF72ABF5C
S21400C1F800800050B0F5207F1FD009D8B0F5007F2A
S21400C20815D003D868B1B0F5C07F0AD000200CE07E
S21400C218B0F5607FFAD10B4BD3F88000C0F301105D
S21400C22803E0084B186FC0F3033001307047054B26
S21400C238D3F89000C0F30460F7E7024B186FC0F31A
S21400C2488020F2E7008000504FF400320E4B014683
S21400C25810B500209A66FFF7CDFF484341F67132C5
S21400C2680A490B4B884294BF00200120DC69DA6338
S21400C2789A6822F4401242EA00529A60E20344BFE7
S21400C2880022DA6310BD00BF00900050005A620218
S21400C298000003505F2898BF094B4FEA501294BF1E
S21400C2A853F82230074B00F01F0029B103F58053DE
S21400C2B8012282401A60704703F50053F8E700BF72
S21400C2C8886D0400608200501FB50021B0F5807F9D
S21400C2D80446019100F0068100F29D80612800F274
S21400C2E895801F2805D8002840F092802EF00CFC78
S21400C2F8DCE0A0F12004412C00F28A8001A353F868
S21400C30824F000BFF5C20000B9C40000F5C2000062
S21400C318B9C40000D9C40000D9C40000D9C40000BC
S21400C328D9C40000B9C40000B9C4000093C4000012
S21400C3384DC400000FC5000019C500004DC400001C
S21400C348B9C40000B9C40000B9C4000019C400008C
S21400C35819C4000019C4000019C4000019C400005C
S21400C36819C40000E3C400006FC40000B9C400008C
S21400C378B9C40000B9C400002DC5000023C50000DC
S21400C388B9C4000019C4000019C4000019C400008C
S21400C39819C4000019C4000019C4000019C400001C
S21400C3A819C4000019C4000019C4000019C400000C
S21400C3B819C4000019C40000F5C2000019C4000022
S21400C3C8F5C20000F5C20000F5C20000D9C400009E
S21400C3D819C4000019C4000019C4000019C40000DC
S21400C3E819C4000019C4000019C4000019C40000CC
S21400C3F819C4000019C4000019C4000019C40000BC
S21400C40819C40000F5C20000F5C2000080284BD011
S21400C418019804B010BDB0F5A06F5ED028D8B0F56E
S21400C428607F50D019D8B0F5007F4CD004D8B0F54E
S21400C438C07F3FF45BAFEBE7B0F5207F38D0B0F5B0
S21400C448407FE5D12EF060FB02464FF42070FFF7E0
S21400C458D1FEB2FBF0F2520833E0B0F5806F37D069
S21400C468B0F5906FD4D1002101A8FFF76FFDCFE794
S21400C478B0F5E06F51D00DD8B0F5C06F43D0B0F529
S21400C488D06F45D0B0F5B06FC2D1002101A8FFF734
S21400C49821FEBDE7B0F5F06F44D0B0F5086FB7D110
S21400C4A801A8FFF787FDB3E72EF014FB0190AFE76E
S21400C4B82EF02AFB02464FF42070FFF79BFEB2FBD5
S21400C4C8F0F20192A4E72EF005FB02462046F4E7B8
S21400C4D8002101A8FFF792FD9AE7002101A8FFF7BF
S21400C4E86BFE95E74FF0E02302911B695B0705D5C5
S21400C4F82EF00AFB0290029B019389E703A902A883
S21400C508FFF7A0FDF7E7002101A8FFF79BFD7FE7EF
S21400C518002101A8FFF724FE7AE7002101A8FFF70B
S21400C528FBFD75E7002101A8FFF7B0FD70E700BF27
S21400C53808B58020FFF7C8FE034B98429EBF4FF40D
S21400C5488032024B1A6708BD005A620200A00050EB
S21400C5581FB503460020B3F5807F01906FD027D81B
S21400C568382B00F082800BD8243B092B0FD8092BD8
S21400C5780DD8DFE803F05F5F5F5F0C0C5A0C36756A
S21400C588522B57D007D83D2B3AD03E2B72D0019865
S21400C59805B05DF804FB802BF9D1394B1B6F03F00F
S21400C5A80703013B032BF2D8DFE803F03D36393B9F
S21400C5B8B3F5D06F54D019D8B3F5A06F55D00AD8B4
S21400C5C8B3F5806F36D0B3F5906FE0D1002001A99F
S21400C5D8FFF7BCFCDBE7B3F5B06F26D0B3F5C06F4A
S21400C5E8D5D1002001A9FFF72DFDD0E7B3F5006FE0
S21400C5F8ECD00AD8B3F5E06F3CD0B3F5F06FC6D1EF
S21400C608002001A9FFF742FDC1E7B3F5086FBED1C8
S21400C61801A9FFF7CFFCBAE705230193B7E7032381
S21400C628FBE70723F9E70223F7E7002001A9FFF74E
S21400C63851FDACE7002001A9FFF7E0FCA7E74FF0A3
S21400C648E02302901B695B0705D52EF05DFA0C23E4
S21400C6580393039BE1E703A902A8FFF7F3FCF8E7B7
S21400C668002001A9FFF77CFD91E7002001A9FFF74C
S21400C678A3FD8CE7002001A9FFF74EFD87E700BF62
S21400C688008000504FF40022034B5A66012203F53F
S21400C69880439A62704700BF0090005070B5044609
S21400C6A88020FFF755FF032800F082804FF4002211
S21400C6B8444B02215A6645F60E03434AC2F88030B8
S21400C6C8424B9962012103F580539962936DD90311
S21400C6D8FCD4D4E900131B0543EA0163E17B94F814
S21400C6E823500B43217B43EA0143617B43EA013332
S21400C6F8A17B43EA811313619169D4E904031B06FD
S21400C70843EA806301F000410B43A17EE07E0B43C1
S21400C718217E43EA0143617E43EA01239361E1698E
S21400C728136A002923F00D0343EA010314BF01210D
S21400C738002143EA800343EAC103136294F82030D9
S21400C74894F82200916A4FEA431332D194F8216094
S21400C75821F0330143EA06130B4343F001039362C7
S21400C7681B49194B9A6D31EA0202FBD1022217497E
S21400C7788A621A659A6D5200FCD41A69A16822F476
S21400C788700242EA01521A614FF000420F4B9A615A
S21400C79818B9022203F580539A6215B901220D4B87
S21400C7A89A6294F824301BB1074B0B4AC3F88020D2
S21400C7B870BD21F0330129430B4343EA40039362DB
S21400C7C8EFE700BF0090005000C0005000D00050B7
S21400C7D80300014000E00050F1A7FFFF014B93F96A
S21400C7E8000070472D5C0020014B1880704700BF82
S21400C7F8866B0020B0F5207F10B50C4642D008D8CE
S21400C808B0F5007F33D003D888B1B0F5C07F0ED01E
S21400C81810BDB0F5607FFBD11F4A4C1ED2F88030A1
S21400C82823F0300343EA0413C2F88030F0E726F01A
S21400C838C0FE26F0CCFE4FF48031184B164A196716
S21400C848136F013C23F4704343EA043313672EF056
S21400C8585BF90446FFF76EFBC0F10201204626F09E
S21400C868B0FE00F035F8BDE81040FFF761BE0A4A92
S21400C8784C1ED2F8903023F0F85343EA0463C2F80B
S21400C8889030C5E7044A4C1E136F23F4806343EACE
S21400C89884231367BCE700BF008000500090005058
S21400C8A808B50121022000F0E1F84FF42070FFF7E8
S21400C8B8A1FC054B187026F07CFE26F088FE4FF487
S21400C8C88032024B1A6708BD2C5C0020009000508E
S21400C8D808B54FF4C070FFF7F7FCBDE808400449F8
S21400C8E8884294BF012102214FF42070FFF782BFCF
S21400C8F880F0FA0238B504462EF006F90546FFF72A
S21400C90819FBC0F10201284626F05BFE0121002033
S21400C91800F0ECF82CB1FFF7DBFFBDE83840FFF776
S21400C92807BE034B4FF420701978FFF763FFF4E750
S21400C9382C5C002010B5224B70B94FF40031214A08
S21400C9481860516602F598325268012A03D11E4AC9
S21400C958D2F800211A6010BD1B68002BFBD01B4ABA
S21400C9685268012AF7D0184A8020C2F80031FFF72B
S21400C978EFFD05281FD14FF4C070FFF73BFC0128D8
S21400C988044604D102214FF4C070FFF733FF072294
S21400C9980F4B1A610122A3F580535A600B4A13699C
S21400C9A8DB07FCD5012CD6D12146BDE810404FF454
S21400C9B8C070FFF71FBF0122064B5A60CBE700BFC7
S21400C9C8D83D0020009000500080005000C0015064
S21400C9D800E0015000D00150044A4178536F23F418
S21400C9E8407343EA01235367704700BF0040005076
S21400C9F810B5044610B10020FFF79CFF124A1369D1
S21400CA0843F0040313612EF0F5FB26F0E5FD0F4B0B
S21400CA185B6E5B0142BF0E4B0E4AC3F820242FF014
S21400CA281AFF30F0CDF92FF011FF26F0D6FD02F0F0
S21400CA38FFF81CB9BDE810402EF066B80120BDE826
S21400CA481040FFF777BF00BF00ED00E00080005001
S21400CA5800E003500000FF0F034A0179D36E23F06D
S21400CA6830030B43D366704700400050F8B50446C1
S21400CA781C4BD3F88420D106FBD4D3F88430C3F3F8
S21400CA8881139C422CD02EF025F8012C064602D1A4
S21400CA98214626F096FD2FF0DEFE4FF00072124B70
S21400CAA807465A66204626F09FFD4FF480630D4DD4
S21400CAB8621E93402B676B6E9A0103D4D5F88430B8
S21400CAC89B060AD538462FF0C1FE022C08D1304600
S21400CAD8BDE8F840002126F074BDD5F88430EAE7B2
S21400CAE8F8BD00BF004000500060005010B50C466E
S21400CAF808B92DF0EFFF074B21461B783BB1064BD4
S21400CB08984204D80120BDE81040FFF7AFBF0220C6
S21400CB18F9E700BF2E5C0020005A62020278034B39
S21400CB28012100201A70FFF7E1BF00BF2E5C00202D
S21400CB384FF0004238B5264B26495A6601224A600D
S21400CB484AF6CD3103F50B235D6C1964154030BBEE
S21400CB589968C9070BD4002401221F4B5A6015B1E7
S21400CB681E4B1F4A1A642BF01BF8204638BD1A497C
S21400CB788A601C4AD96ACC0705D4904201D107249A
S21400CB88EAE70130F6E79042E5D1F8E70132DC6AD9
S21400CB9814F0080406D08A42F8D10724DFE70022FA
S21400CBA81049F4E78A42F8D020220B4B0B495A6208
S21400CBB80122A3F580539A6023460A4A486A8006EB
S21400CBC803D49342E9D00133F8E79342C7D1E4E7A8
S21400CBD8009000500050095000600950004009506D
S21400CBE83254FFFF40420F004FF0004238B5174B53
S21400CBF8174C5A66012203F50C235A604AF6CD33C1
S21400CC08656C2364437893401343124AD363C3780E
S21400CC188178A2689B0043EA011322F0740213434A
S21400CC28A3600279837943EA022323614279C379B0
S21400CC3843EA022363610078FFF77AFFEB0744BFF5
S21400CC48054B23642AF0ACFF012038BD0090005045
S21400CC5800400950004000503254FFFFF8B5044623
S21400CC680D461F4616464AB101238B403021184A06
S21400CC7801FB0022F7B141F21001535004EB4403C4
S21400CC88072D4FF00F014FEA031316D8A80006FA2F
S21400CC9800F281400F48184426F0A7FC4EB901233D
S21400CCA830210B4AAB4001FB042277B141F2100158
S21400CCB85350F8BD42F21001DFE7A5F108008000E6
S21400CCC806FA00F281400448E5E742F21001EFE771
S21400CCD800C0035004C003500CC003500121024694
S21400CCE800F5805310B55960244B2549C360536935
S21400CCF80B40FCD19361C2F89830536913F4401F77
S21400CD08FBD15369D9052DD4936F5BBB53699B053B
S21400CD182AD4D2F8881039BB1046D36FD2F88C3094
S21400CD2826F072FC302391601161D162116213679C
S21400CD38C2F88030134B9A4208D142F26000124B78
S21400CD489064136551659065136651660D4B9A425B
S21400CD5802D1002010290AD10C4B02F5005253626A
S21400CD68936210BD536FCCE7D2F88430CEE701F15A
S21400CD78280443F824000131ECE700BF1200020043
S21400CD88520001000040005A00C002808F330F8016
S21400CD98084608B569B92A20FFF796FAB0B10C4BD1
S21400CDA8984206D90B4B9B68C3F302730133B0FB5A
S21400CDB8F3F0094B00F5742000F23F20B0FBF3F0C7
S21400CDC801387F2828BF7F20C0B208BD0120F0E7C1
S21400CDD8005A62020040005A40420F000B4B10B542
S21400CDE8994228BF19460C461AB92A20FFF76CFA4A
S21400CDF80246631E1344B3FBF4F0A34228BF00F1B7
S21400CE08FF30032828BF0320C0B210BD005A6202B4
S21400CE1810B51048104C002B08BF04468C4228BF9B
S21400CE280C461AB92A20FFF74FFA02469DF8083032
S21400CE3840F2FF300133B2FBF3F2631E1A44B2FB32
S21400CE48F4F3A24228BF03F1FF33984228BF1846DE
S21400CE5810BD00BF80969800404B4C002DE9F04F5F
S21400CE682DED048BB64E0C4687B01546314600228B
S21400CE780746FFF7B3FF94F80580804538BF80461D
S21400CE88384626F0C1FB20795FFA88F850B92A2080
S21400CE98FFF71AFAB042014628BFB0FBF8F1384649
S21400CEA8FFF776FF4FF00009E37822781B0152421D
S21400CEB802F0020203F03003134362780004524281
S21400CEC802F004021343A27800F4FE00524202F075
S21400CED8080213434FEA087202F0E042134318436D
S21400CEE8E3882289B8603B616389DFF860A243EA79
S21400CEF802433B62574502D1B9F1020F08D101231C
S21400CF0807F580577B6007B0BDEC048BBDE8F08F53
S21400CF1800222E788B488C49AC68964218BF01468A
S21400CF2833468A48CDF80080FFF772FF07EB0911F1
S21400CF388B6CA2B223F0435323F41D1323F44053FF
S21400CF4823F01F0306F003041C436B7882424FEA63
S21400CF58830303F01C0344EA0304AB7838BF024695
S21400CF681B03E87803F4E0432343040404F4E024B2
S21400CF7823432C7C4FEA091C640504F4600423430D
S21400CF882C7909F1050B240704F0405423438B64DD
S21400CF988C6C6F49C4F30234013C042C26D8DFE8B5
S21400CFA804F0252503101A00D1F88041240C2EB36E
S21400CFB8C2F309020AEB0B135A6009F1010914358A
S21400CFC898E7D1F88441002EF2D1D1F88C11A4B29A
S21400CFD80914490015E0D1F88441002EE8D1D1F8AB
S21400CFE88C11240C091401EB41010AE0D1F88041A8
S21400CFF8A4B2002EDCD1DFED577A06E0D1F88C110A
S21400D008091407EE901AF8EEE77A01210CF1B44CF1
S21400D0180CF5804C2304DCF8483024F4C046C3F3EF
S21400D028820C0CF1010C01FA0CF107EE101A4FEA0B
S21400D038864648BF46F0004613F01C0FB8EEC79A5F
S21400D048F6EE008A424B4CD1D3F88C110BB208EEA0
S21400D058103AB8EEC88A38EE278A002858D105A8AC
S21400D068039200F013F9DFED3C7A28EE278A039A3C
S21400D0789FED3A7AC7EE097A9FED397A67EE877A96
S21400D088B1EE007AB6F1004F48EE077A0BD09FED66
S21400D098357A06EE104A77EE876ABAEEE86AF0EE58
S21400D0A8477A56EE267AF5EEC07AF1EE10FACBBF3E
S21400D0B8F1EE677A78EEE78A77EEE87AFDEEE87AB8
S21400D0C8C8BFFDEEE77A17EE901AB1F5003F2EDBE3
S21400D0D86FEA56466FEA46461C484FEA0B1146501A
S21400D0E866E7D3F8901169EE286A09B207EE101AB7
S21400D0F8B8EEC77AD3F8881177EE677A0BB208EEDF
S21400D108103A87EEA67AB8EEC88A38EE078AA4E7F9
S21400D118D5ED037ADFED146AF8EE677A87EEA67A1D
S21400D128F7EE046AC6EE877A27EE888AA0E711F536
S21400D138003FAABFC1F3110146F400360E43CBE701
S21400D148005A6202404B4C00809698000040005AF5
S21400D1580080E00F000000003D3B843F0000804355
S21400D168000020440000004900007A444FF40032D2
S21400D178054B9A6641F6713203F51C33DA630122D1
S21400D18803F50053DA6070470090005041F671329C
S21400D1980121064BDA6303F50052D1600022DA63F8
S21400D1A84FF40032A3F518339A6670470000035010
S21400D1B8044B1868421C02BF034AD2F89400186051
S21400D1C8704700BF8866002000400050CB784A7839
S21400D1D810B55B010C7843EA82030A79234343EAD5
S21400D1E802130C22424302F1B0421363012C02BF21
S21400D1F88A78024B43F8202010BD00BFE880035011
S21400D20808B54FF0B0435A6802B960B15B680BB115
S21400D21826F077FA4FF0B04130B10120074B58603E
S21400D22826F06FFAC86008BD26F06BFA0223CB60BA
S21400D23826F067FA0122024B5A60F4E700100058FD
S21400D248002000584FF0B0414B6810B50BB126F0DF
S21400D25858FA01220B4BC4785A608378934043EA05
S21400D268840344782343047943EA0413447943EA5D
S21400D278C4038B60044B5A600378C3F10203CB6087
S21400D28810BD00BF00200058001000584FF4803230
S21400D298064B5A6603F5E6235B69C3F3851282706C
S21400D2A803F03F021B0B427003707047009000505B
S21400D2B8024B1868C0F30740704700BF0080E00FB5
S21400D2C80120034B9B680A3303F01F0398407047FE
S21400D2D80080E00F034BD3F82424D3F82004104032
S21400D2E8704700BF00C003502DE9F8431E4B0546A3
S21400D2F8D3F810334B1E0E2B0E46174690F80090A8
S21400D30844781DD909B34FF000082846D7B12FF046
S21400D318BDFA09EB4903072C4FF00F014FEA031338
S21400D32815D8A400114808FA04F2A140184426F0BB
S21400D338F0F9BEB928468FB1BDE8F8432FF0A6BA73
S21400D3488846E2E726F0F4F9E3E78846E1E7083C92
S21400D358A400074808FA04F2A140E7E7BDE8F84346
S21400D36826F0E6B9BDE8F88300C0035004C00350B1
S21400D3780CC003502DE9F0412B4B1746D3F8102369
S21400D3884A1C06460C46407804D1D3F8241426F0E6
S21400D398DDF90446002C2FDB072C4FF00305327806
S21400D3A82DDC4FEA840805FA08F529461F4802FAD4
S21400D3B808F226F0AEF9294672781D4802F00302F4
S21400D3C802FA08F226F0A5F9012317F0050F194A04
S21400D3D818BF194903FA04F30CBFC2F81034C1F891
S21400D3E8103417F0060F18BF134AC2F81434012376
S21400D3F8104AA340C2F820342046BDE8F081A4F1C4
S21400D40808084FEA880805FA08F529460B4802FA7C
S21400D41808F226F07EF97278294602F003020848D8
S21400D42802FA08F2CEE700BF00C0035000C403505B
S21400D43808C4035000E0035000D0035004C403504F
S21400D4480CC4035070B504462AF0EFFB064630B904
S21400D4580FCC044D0FC594E8030085E8030030465A
S21400D46870BD00BFDC3D002047F6FF739A42F0B55A
S21400D47869D0022969D8364B5B5C012B65D8354DD7
S21400D488DE0005EBC30415F83330A178012B13D161
S21400D4980025E078401AA84202D80844C0B2F0BD79
S21400D4A8431B6668A0EB530336F913609642D4BF55
S21400D4B81D4603F1FF30EEE760680028EFD0B0F9AC
S21400D4C80040944204DBB0F902409442B8BF1446C8
S21400D4D883883544FF2B19BFC8232827B0F90630A0
S21400D4E8B0F90870A3EB04030CBF0122002293FBDB
S21400D4F8F7F36E7813441BB29E4201DD002B01DA67
S21400D508731E1BB24FF47A7C00EBC305EA88AD683D
S21400D5185F1C14FB02521D4622EAE2723BB25C32E2
S21400D5289E42B2FBFCF204DD00EBC307BF889742BD
S21400D538EAD200EBC5039888904228BF1046884276
S21400D54838BF0846AAE7FF20A9E70020A7E700BFDC
S21400D558946D0400DC3D00200229F0B555D82C4B0C
S21400D568585C012851D82B4C04EBC00114F8300045
S21400D5784B6801280FD1C8788C78904294BFC4EBCA
S21400D5880001C4EB0201001BCAB28242C8BF0022D7
S21400D59833F91200F0BD002B37D08878904202D3BA
S21400D5A8B3F90200F6E7CC78B3F900009442F1D953
S21400D5B84C789988013CA1F1FF06714203F10405F5
S21400D5C8E4B2714103F10C07CEB2B44216D805EBAB
S21400D5D8C1014FF47A756A43B1F902404968521A94
S21400D5E804EBD47102EB610292FBF4F29042D1DBB9
S21400D5F8B3F902009042CDDC10B2CBE737F831C061
S21400D6084E1C9445E3D33146DEE70348C2E700BF25
S21400D618946D0400DC3D00200080FFFF08B5044838
S21400D628FFF710FFBDE8084001202AF004BB00BF42
S21400D638986D04007FB51422002101A810F01AFB8B
S21400D648044B01A94FF0FF3002932AF03AFB07B0CB
S21400D6585DF804FB006A18004FF40052034B0020E4
S21400D6689A660322C3F86022704700BF00900050F5
S21400D6784FF40052034B00209A660322C3F8602238
S21400D688704700BF00A000502DE9F04F894691B0C2
S21400D6980DF1300B8246DDE91C6417460021102286
S21400D6A8584698461E9D10F0E5FA1F9BB9F1000FE4
S21400D6B804D16FF0860011B0BDE8F08F002FF8D0C7
S21400D6C80EB9002CF5D11A9A12B91B9A002AF0D175
S21400D6D80DB9002BEDD1209A002AEAD0424A90458F
S21400D6E802D0424A90457CD1BAF80020B2F5105FC5
S21400D6F877D1BAF80220B7EBD20FDAD322F040017E
S21400D708802902D0B2F5807FD3D11CB9209B002097
S21400D7181C60D0E7AE421FD2321995421CD29C42FA
S21400D728C7D831462246284610F0F6FA2F4B2E4622
S21400D738984526D014F00F03BBD1CDE90097CDE964
S21400D7480236CDE90443CDE906540893FFF784FF73
S21400D75850B16FF09200AEE7244A90450FD09C4235
S21400D768E8D96FF08900A6E7684606AA03A90EF06E
S21400D778A7FD0546FFF77CFF0543C7D0E9E79C42AF
S21400D788EFD81B9B0D2B94D101238DF830301A9BB4
S21400D7980DF1310203F10C0153F8040B8B4242F8E9
S21400D7A8040BF9D11B781370012310228DF83F3033
S21400D7B80023CDE90097CDE90A23CDE90236CDE965
S21400D7C80443CDE90654CDF824B00893FFF744FF88
S21400D7D80028BED1684609AB06AA03A90EF098FD34
S21400D7E8C7E76FF0850066E7004440040013C004EE
S21400D7F82DE9F04F91B09046DDE91A45DDE91C6B3E
S21400D8081F468946DDF878A021B96FF0860011B06A
S21400D818BDE8F08F002AF8D00CB9002DF5D116B95E
S21400D828BBF1000FF1D1BAF1000FEED0484B9F4282
S21400D83803D0484B9F4240F087800388B3F5105FBB
S21400D84840F082804388B8EBD30FDED323F0400243
S21400D858802A02D0B3F5807FD7D125B90023CAF82D
S21400D86800300020D3E7102D05D1394B9F42F5D163
S21400D878B44202D343E0B4423ED263199E423BD23E
S21400D8885D45C2D821462A46304610F045FA304B48
S21400D89834469F4238D00D3D5D4532D801238DF879
S21400D8A8303023460DF1310204F10C0153F8040B15
S21400D8B88B4242F8040BF9D11B780D3413704FF4E1
S21400D8C88073ADF83E300CAB102209930023CDE9E7
S21400D8D80098CDE90A23CDE90345CDE90536CDE91B
S21400D8E807530293FFF7B8FEF0B9684609AB06AAD5
S21400D8F803A90EF021FD1FE0164B9F42CBD05D45D5
S21400D90802D96FF0890082E715F00F037FF47DAF28
S21400D918CDE90098CDE90234CDE90453CDE9066592
S21400D9280893FFF799FE10B16FF092006FE768460C
S21400D93806AA03A90EF0D8FC0446FFF799FE04438E
S21400D948F2D1CAF800508CE76FF085005FE700BF99
S21400D958004440040013C00410B54FF42F72002191
S21400D968044610F087F98023C4F88C30054B04F180
S21400D9789C00C4F88430012384F88830BDE8104041
S21400D98825F0D7B864D5030010B5D0F8A0400A46ED
S21400D9988CB926F0DBF8044610B90024204610BDE2
S21400D9A82D2896BF064B074953F82010064A074805
S21400D9B826F012FAF2E7D0F8A4101046A047ECE7D3
S21400D9C81C6E040067D5030002D1030097D6030037
S21400D9D8F8B590F88060044616B100263046F8BDC3
S21400D9E825F0E7FE0028F8D1012384F8803094F863
S21400D9F8883033B1D4F884101F4884F8886026F03D
S21400DA08EBF94FF0FF37D4F8B402421C1FD0C4F825
S21400DA18B47210F0FF052CD0204625F0C7FE294624
S21400DA28204600F0A7FB0028EDD0204625F0CCFEC7
S21400DA3894F888303BB1D4F884100F4826F0CCF917
S21400DA48002384F88830002384F88030C6E726F060
S21400DA58A8F9431CDDD1D4F88C30D4F89420013BC7
S21400DA689A4204DB054A0649064826F0B5F9012617
S21400DA78E9E70126C7E700BF39E8030002D103003B
S21400DA8875D5030097D60300F8B50B780446302BF7
S21400DA980D46164604D14B7803F0DF03582B11D0F9
S21400DAA8284F6A1E12F8011F002934D128460A2278
S21400DAB80FF0D0FF202C03460D4631D1B1FA81F085
S21400DAC840091AE04A1C1F4912F8013F8BB928463C
S21400DAD80FF0CCFF1C4B02382340032B12D1013425
S21400DAE8A41084420AD1A87837288CBF00200120C9
S21400DAF803E0CB5C13F04400E6D1F8BDCCBF0120B0
S21400DB080020FAE7002CB8BF0334B0EBA40FD4BF4C
S21400DB1801200020F1E77B5C13F00400C2D1ECE79B
S21400DB2826B1084302D0013B61F100050122A2405C
S21400DB38013A1A40002D08BF9A420CBF0120002067
S21400DB48DBE700BF9D94040003000080F0B503786F
S21400DB5801467B2B17D10646022400220B4F16F8E7
S21400DB68015F7D2D05D10B5D6BB9D24302F0010034
S21400DB7808E07B5D13F0440002D001320134EEE782
S21400DB88202DFBD0F0BD0020FCE700BF9D940400CC
S21400DB9870B506460D460FF069FF0446304626F077
S21400DBA81BF9044EAC4200D370BD304626F014F97B
S21400DBB80134F7E711DF03002DE9F84F0446022188
S21400DBC85148FFF7E5FF1E212068FFF7E1FF63686D
S21400DBD8586826F001F94D4826F0FEF867683B7B42
S21400DBE8FD2B12D8D7F808804FF0FF3640460FF0C6
S21400DBF83DFF0546DFF81091DFF870A1DFF84CB15D
S21400DC080C3717F8013BFF2B01D1BDE8F88F212B05
S21400DC1818D8212B36D8DFE803F0377274111B1D8D
S21400DC281F213535353535353535232527292B2D0F
S21400DC382F3135353535353535353D33344C002DB2
S21400DC482BD12EE0334C344AFE2B08BF1446F6E799
S21400DC58324CF4E7324CF2E7324CF0E7324CEEE75F
S21400DC68324CECE7324CEAE7324CE8E7324CE6E76F
S21400DC78324CE4E7324CE2E7324CE0E7324CDEE77F
S21400DC88324CDCE7234CDAE7314CD8E726F098F834
S21400DC9801362AE0002DB4D02E4C202B06F10106C2
S21400DCA8AFD002214846FFF773FF1E214846FFF70C
S21400DCB86FFF504626F090F85946204610F030FA86
S21400DCC82549002818BF2146244826F085F83B78C1
S21400DCD8202B02D12B2026F073F8214826F07CF85A
S21400DCE84DB118F806301F2B05D018F806001F2867
S21400DCF801D0AE42CADB054826F06EF881E7194C1B
S21400DD089DE7194C9BE700BF2522040002D10300BB
S21400DD181FD6030031D6030057F203007CD6030053
S21400DD2883D6030074D6030070D6030067D60300B4
S21400DD385DD6030053D6030068D603005ED60300FC
S21400DD4854D6030049D6030042D6030039D603004A
S21400DD581ED6030024D603002FD6030039E8030096
S21400DD68A8D903007BD6030082D603003FF303003E
S21400DD782DE9F04F9BB005468B460024009203938E
S21400DD880FF074FE249F039B04901C6028463C609A
S21400DD980AAA09A926F042F8064658B90A980FF0C2
S21400DDA865FE3446B046039B1860D5F89C3002934F
S21400DDB8029B1BB920461BB0BDE8F08F029BD3F828
S21400DDC80890B9F1000F6CD02E4416F8013B202BB2
S21400DDD811D000260C23734309EB030A59F80330C5
S21400DDE80193002B58D0099B434555DB9AF8082029
S21400DDF82AB1721C39E03B6801333B60E5E73968B5
S21400DE08D5F894200793039B521A1A601AAB03EBB3
S21400DE18880151F8403C01991846059310F040F9DE
S21400DE2806900028E5D101980FF020FEDDE90623CC
S21400DE380146DAF80400D7F800A090F80CC0BCF148
S21400DE48FE0F16D103F1FF3EC64512D0D0F800905B
S21400DE58059801920FF00AFE0AF1010A019A504449
S21400DE682B5C23B1386008F101081646B2E701308A
S21400DE78F6E7D5F894200591A2EB0A028A4220DC40
S21400DE8858460FF0F3FD059901447B290DD95846ED
S21400DE981F4A009924F074FE2B46049A2A4493429B
S21400DEA82CD1029B1B68029382E7DDE900125846D4
S21400DEB824F066FE5846174A0099013424F060FE9E
S21400DEC897E7BCF1FE0F94D1013B434591D1D0F8BA
S21400DED800A0DFF840905AF80C2B22B9049B3B6050
S21400DEE8039B1A60D8E75846009924F049FE4A462C
S21400DEF85846009924F044FE0134ECE713F8011B59
S21400DF080029CCD14FF0200103F8011CC7E700BF59
S21400DF1889D6030011DF03002DE9F047002486B0F8
S21400DF281C60DDE90EA8064689468AF80040116896
S21400DF38154888F8004017461D468DF81740FCF728
S21400DF4867F818B901242B6801332B600020D6F82F
S21400DF589C6036B914B1012388F8003006B0BDE8D5
S21400DF68F087B06868B14B460021CDE902A8CDE934
S21400DF7800750DF1170225F088FD9DF81730002B67
S21400DF88E8D13668E5E700BF8ED603002DE9F047EE
S21400DF980446ADF5447D8022002104A802AF0FF0A8
S21400DFA869FE80222046009703AB04A9FFF7E0FE2F
S21400DFB801283DD104A80FF059FD03993B68461A7D
S21400DFC80B4426EAE6762344054604A8324601446E
S21400DFD818460FF0DFFF00228255D4F89060039BA6
S21400DFE83968D4F890201944B14212DCD4F8941059
S21400DFF8E81A0244C4F89020014404AAC4F894100D
S21400E008D41825182B1B002B0DDC0DF5447DBDE818
S21400E018F087A05C25F0D4FED4F8903001360133A2
S21400E028C4F89030DBE714F8010B25F0C9FEE9E7E1
S21400E038EBDD24AD8022002128460DF5887A0FF006
S21400E04819FE0DF110094FF40072002150460FF02A
S21400E05811FE4FF001084A46002312F8016BA6B9D4
S21400E06804A84AF828300FF001FD2946334698459B
S21400E0781CDB19F8016B0DF5887C5CF8042B8242D2
S21400E0880CD101F8016B0133F1E7202E03F10103EF
S21400E09804BF4AF8283008F10108DEE70DF1100E33
S21400E0A87244D25CB242E8D00022EA54D4F89060B7
S21400E0B8039BB3422FDC23462C4A04A92C4825F0A0
S21400E0C88BFE28460FF0D2FC0646039B3F68F61ADE
S21400E0D81F4426EAE672E01917441D44E11904F1C4
S21400E0E8900399423CD904F19803984238D26A1EA4
S21400E0F881190B1A002B27DD12F8013F00F8013BA7
S21400E108D4F890300133C4F89030D4F89430013302
S21400E118C4F89430EDE7D4F890300136E05C25F08A
S21400E1284FFED4F890300133C4F89030C0E7D4F8E6
S21400E1389020013B0132C4F89020D4F89420013294
S21400E148C4F89420002BF2DC00232E44E355731BFE
S21400E158002B7FF75AAF15F8010B25F031FEF6E7CE
S21400E16829460FF017FF3346ECE700BF64D50300D7
S21400E17893D603002DE9F843D0E9245604460F4603
S21400E188002294F89830012B07D10A2F07D10023D4
S21400E19884F898300020BDE8F88300F29F801B2F93
S21400E1A801D10223F4E70D2F0DD1012384F898300E
S21400E1B80D2025F005FE0A2025F002FE002301208A
S21400E1C8C4E92433E7E74FF00008082F84F898805E
S21400E1D834D1454530DDB5420FD1384625F0F0FD3F
S21400E1E8202025F0EDFD013D384625F0E9FD013EED
S21400E1F804F80580C4E92456CCE7FBDA05F1FF39B4
S21400E208384625F0DDFD04EB0903A6EB0902611983
S21400E21818460FF081FD04F806800146013E48487E
S21400E22825F0DAFD35464D4501DC4D46E2E7082087
S21400E23825F0C6FD013DF6E7ACD0DBE77F2F1CD105
S21400E248002EA7DDB542A5DA6319691C21441846D5
S21400E258721B0FF061FD04F806800146394825F068
S21400E268BBFD0820013E25F0ABFDB542F9D1D4F838
S21400E2789430013BC4F894308CE70A2F98D0092FC5
S21400E28803D12046FFF782FE84E7D4F88C30013BA2
S21400E298B3427FF77FAFB54204EB050805F10109E5
S21400E2A80CDB384688F80070D4F89430C4F89090A0
S21400E2B80133C4F8943025F083FD6BE74146721BA2
S21400E2C804EB09000FF028FD404625F085FD0820E0
S21400E2D8013E25F075FDB542F9DDE2E7022B06D1D1
S21400E2E85B2F01D1032353E784F8982049E7032BD3
S21400E2F87FF450AF413F84F89820032F3FF64AAF8B
S21400E308DFE807F002070A160121204625F009FD76
S21400E31840E74FF0FF31F8E7B542BFF63BAF605D28
S21400E32825F04EFDD4F890300133C4F8903031E72C
S21400E338002D7FF72FAF013D0820C4F89050BAE7AC
S21400E3489CD6030096DA030007B56B46054A1068A4
S21400E358516803C36846FEF747FC002003B05DF823
S21400E36804FB00BFD46E040030B58BB06C46174D66
S21400E3780FCD0FC40FCD0FC495E8030084E8030043
S21400E388134BD3F84C2112031CD5A3F5FE431C8867
S21400E3984FF6FF739C4208BF8C248DF81940FEF791
S21400E3A81DFA204480F308008DF818000948FBF78A
S21400E3B8C7FE6846FEF772F93220FEF715FA002007
S21400E3C80BB030BDD3F85041E4B2E6E7DC6E04008B
S21400E3D80080E00F00F049020028ACBF00F1604062
S21400E3E8064B4FEA0111C9B2ABBF00F5614000F019
S21400E3F80F0080F800131954704700BF14ED00E0B2
S21400E40808B52EF035FA0B4B1A7872B901221A7035
S21400E4182EF029FA6FF0040210460132052152B296
S21400E428FFF7DAFF402AF7D108BDBDE808402EF00E
S21400E4381ABA00BF2F5C0020002807DB0123410919
S21400E448034A00F01F00834042F82130704700BF9F
S21400E45800E100E0054B421153F8223000F01F009F
S21400E46823FA00F0C04300F00100704700E100E026
S21400E478002808DB01224309034900F01F008240F8
S21400E488603341F82320704700E100E010B50446E9
S21400E4982EF0E1F9024B1C602EF0D8F9002010BDD2
S21400E4A8FC3D002010B52EF0D6F9034B1C682EF064
S21400E4B8CDF9204610BD00BFFC3D002038B50C46FF
S21400E4C81546014610B9FFF7EDFF01462B462246D2
S21400E4D803480EF0D3FA0028D4BF3720002038BDF2
S21400E4E87B3F030008B500F017FC18B16A21024804
S21400E4F82EF045FA002008BDA1D6030008B500F0A6
S21400E50849F80C4A536A43F470235362EFF30883BE
S21400E5184FF0CD31084A043B934208D200F070FA17
S21400E528FFF7E0FFBDE808400448FEF78BBF43F856
S21400E5380419F1E700ED00E008000020986D0400DB
S21400E54807B5042200200DEB020129F032FB04284F
S21400E55803D0D72104482EF012FA019800F0DCF90F
S21400E56803B05DF804FB00BFA1D60300082310B56E
S21400E5780C0A41400648C9B241F30002013B02407A
S21400E58813F0FF0382EA5101F6D184EA010010BDB8
S21400E5982083B8ED38B5FEF70BFE044625F0ABF839
S21400E5A8E3072AD401221046114600FA01F3234055
S21400E5B802F1010223D01D4B33F811301C48062BFC
S21400E5C8028844881B4920D14FF20F039C4219D178
S21400E5D8B2F5406F28BF4FF4C0624CF23C330A8055
S21400E5E8438040F201730A889A4201BF124B134ACD
S21400E5F8D2E90001C3E9000115E00021DBE7102A93
S21400E608D2D1DBE74FF4C062E7E740F20725AB421A
S21400E6180AD14FF20F05AC4206D19A4204D14CF209
S21400E6283C320B80428038BD0B80DAE7A0700400CD
S21400E638446300201A570020003E00203C63002058
S21400E648014B1888704700BF1A570020014B1888DE
S21400E658000A70471A570020044B05481B881A0AF8
S21400E668B3F5406F38BF00EB820070471A5700209A
S21400E67870700400044B1888044B020A53F82230C2
S21400E688C0B203EB800070471A57002040700400A1
S21400E69810B504462EF0E3F84FF20F02044B1C8028
S21400E6A85A80BFF35F8FBDE8104025F02CBC00BF32
S21400E6B8446300206D4A2DE9F0416D4B55686D4C5A
S21400E6C85D65516A99656C49D1F80002D865D1F83C
S21400E6D80412586B1966916A10F0040F5966D16ACD
S21400E6E84FF000009966116BD966516B1967D26BAB
S21400E6F8D8645A67D3E90E1218BF11465F4A91428A
S21400E7081A655DD301F12000A04259D88869C5F37F
S21400E71808051864CE69062D5E6455D1584DA84282
S21400E72852D3584DA8424FD205884DF642608542CE
S21400E7384AD11868C3F890005868C3F8940040F2A5
S21400E7480170A242154604D22E680432B6F1CD3FB7
S21400E758F7D00022C3E91E22C3E92022C3E92222F9
S21400E768641BDFF81CC1434DDFF818E19C648D423A
S21400E7782DD8D3E91EC7D3E92065D3E922414FF047
S21400E788000E013AD2B2FF2A3CD1BEF1000F05D0E6
S21400E798C3E91EC7C3E92065C3E92241B3F854306C
S21400E7A8C3F308030C2B3BD8022B54D9DA1E092ACC
S21400E7B851D8DFE802F03157404350505050504D82
S21400E7C80021C3E910112D494FF42060B9E755F828
S21400E7D8044D6445CBD37445C9D2E607C7D5002691
S21400E7E8294F57F8048FA045C1D00136062EF8D118
S21400E7F832B1013AD2B202F11E0643F82640B6E715
S21400E8080522F8E7E0464FF0010EBC4637462E468E
S21400E81825460C464146B4E740F60120BDE8F0819F
S21400E8283B2B18D1194B9B6913F0020F40F2025389
S21400E83818BF1846F2E740F60320EFE740F6042232
S21400E84840F20173B0F5206F0CBF10461846E5E796
S21400E85840F60520E2E740F60722013B4E2B98BF1C
S21400E8681046DBE740F60220D8E700BF00ED00E0E0
S21400E878AC6200200810002000E100E0080000203C
S21400E88818630000A0CD0300206300200080015A12
S21400E89800F00CB800F00AB800F008B800F006B8A7
S21400E8A800F004B800F002B800F000B872B61EF027
S21400E8B8080F09D01EF0040F0DD0DFF850E0AEE8C0
S21400E8C8FF1F6FF002000CE0DFF840E0AEE8FF1F25
S21400E8D86FF00E0005E0DFF834E0AEE8FF1F6FF0DB
S21400E8E806006946EFF309828EE807008646084860
S21400E8F8084C854501D3A54501D384F30888FFF75E
S21400E908D9FE84F30888FFF7C3FE0000AC62002037
S21400E91848000020081000204BF6EF6283B2002B58
S21400E92808BF1346044A000C13804FF6CE2308BFD0
S21400E9381846024B188070478A6B0020886B0020A8
S21400E9480B4BB3F900201888002AB8BF80F0620085
S21400E95842001A80074AB2F9001013880029BCBF83
S21400E96883F4805383F00B03590011805840704796
S21400E9788A6B0020886B002007B5684600F01AF8F6
S21400E988DDE900010022034B03B05DF804EB25F037
S21400E998B6BD00BF083E002007B5009313460A46DA
S21400E9A80146034825F05FFB03B05DF804FB00BF93
S21400E9B8083E00200249034A0160521A4260704726
S21400E9C8506C00200080002000487047083E002059
S21400E9D838B5416004462DF03EFF054621460448FA
S21400E9E824F0AAF82846BDE838402DF02FBF00BF0F
S21400E9F8303E0020014824F09CB800BF303E00207E
S21400EA080222014B1A6770470040005070B52DF07F
S21400EA1822FF174E054617482DF04BFF3378CBB923
S21400EA2800F07AF9044620B128462DF00FFF20465C
S21400EA3870BDFFF7DFFF2EF015F80F4B1C602CF0AB
S21400EA485BFD0E4B0E4A1860536F43F00103536785
S21400EA5825F071FD00F074F825F084FD094B0024BC
S21400EA6818600123284633702DF0F0FEDFE700BF5C
S21400EA783C5C00200C6F0400343E00205C3E002006
S21400EA8800400050383E002038B504462DF0E3FE1E
S21400EA980F4D02462B78FF2B04D1B4B1BDE83840A1
S21400EAA82DF0D4BE1BB9002CF8D0012103E0002CB1
S21400EAB814BF0121FF210B44DBB22B70B3FA83F39A
S21400EAC804495B0910460B70E8E71946F3E700BFF0
S21400EAD8395C0020385C0020054B1B685843054B02
S21400EAE800F5742000F23F20B0FBF3F0704700BF3B
S21400EAF85C3E002040420F0073B50F4E0446337844
S21400EB08834211D000238DF80430430001A88DF805
S21400EB1805300A4DFDF760FF40203CB1FFF7DCFFEB
S21400EB282B68181A2860347002B070BDFFF7D4FF3F
S21400EB382B681844F6E700BFCB6B0020943E0020F5
S21400EB4873B5002401A88DF80440FDF7E7FF2046BA
S21400EB58FFF7D2FF2C4B2D4AD3F8003103F00303FE
S21400EB6813604FF400222A4B5A664FF400325A6656
S21400EB782CF03CFA4FF4C870FFF7AEFF254B264A38
S21400EB881860264913680134E4B20A2C41F8040BCD
S21400EB98F9D1034400EBC00003441360204B214D19
S21400EBA81B7813B3184BD3F8003103F00303022B7A
S21400EBB823D0032B24D0012B17D12BF0BFFF0246FE
S21400EBC898B1194B194EDC6800231946C4F30B0498
S21400EBD8013404EB84040138E4FB06010EF0DEFC85
S21400EBE8FFF77AFF2B6803442B601F20FFF774FF9C
S21400EBF82B6803442B6002B070BD2BF0A5FFDEE740
S21400EC082DF03CFEDBE700BF008000509C3E002055
S21400EC1800900050603E0020643E0020683E0020C1
S21400EC28405C0020943E002000C0015040420F0087
S21400EC380122154B10B55A67144B154C1B7813B3A5
S21400EC4802202DF000FFF0B12CF0DCFCD8B1A36D4B
S21400EC58D90302D5E36D9A0715D40D4B9B6DDB07D8
S21400EC6811D401220B4B1A702DF0E1FEBDE81040BE
S21400EC78094B0A4A1860136F23F0070343F003038F
S21400EC8813672BF041BF10BD00D00050415C002038
S21400EC9800C000503E5C0020903E002000800050DF
S21400ECA80122014B1A707047415C002008B5FFF737
S21400ECB863FEFEF7FDFA01280ED1144B04205A6EA7
S21400ECC84FF480231249520358BF124A4B6601F587
S21400ECD81041086258BF536625F04CFCFFF790FBBE
S21400ECE8FFF732FBFFF740FB0DF012FFFFF78EFE33
S21400ECF800F012F825F03FFCFFF700FC25F04AFC70
S21400ED0828F05BFEBDE8084025F036BC00800050C1
S21400ED180090005000A0005070B52DF0A9FD144ECC
S21400ED2805463478FCB9134B1C60134B1C60134B18
S21400ED381C6000F031F801202CF052FD2CF044FD48
S21400ED480F4B0246186020B928462DF08CFD23206C
S21400ED5870BD234640F2E7310A480EF01FFC0A4B06
S21400ED6818600123337028462DF07DFD0020EFE75C
S21400ED78445C0020B03E0020AC3E0020B83E002098
S21400ED88B43E002018FCFFFFA83E0020014B186880
S21400ED98704700BFA83E00201FB50024194B18680E
S21400EDA89A880290D3F806009B7A00901648ADF829
S21400EDB80C208DF804302DF07CFD02A88DF8084054
S21400EDC88DF80C40FEF73EFA694601208DF80040A3
S21400EDD8FEF7FCF940F2FF320C4B9A615A614FF08D
S21400EDE8B042936A13F00803FBD113620120FEF7C2
S21400EDF807FA0C20FFF73CFB0C20FFF71DFB04B0BE
S21400EE0810BD00BFC9700400046F0400002000583D
S21400EE1810B52DF02DFD4FF0B04304465B695A0639
S21400EE28074A03F0010003F0510348BF40F0020010
S21400EE3853612CF0FDFB2046BDE810402DF013BDB5
S21400EE480020005821282DE9F341054604D82C4611
S21400EE58204602B0BDE8F08100240B4E0B4FDFF8C9
S21400EE6830800023CDF800801A461946386824F00A
S21400EE78ACF98442EBD2222CE9D056F8043BAB42DC
S21400EE88E6D00134EDE700BFE8730400846600208E
S21400EE98FFFF0F002DE9F04F644E654D89B025F051
S21400EEA8C5FB31682868FCF7D5FA0446002827D041
S21400EEB833680024D3E900019A69126890473368DA
S21400EEC804A89B699B689847336802209B69DB689F
S21400EED89847326805985368E7B2B3FBF0F3BB422D
S21400EEE8916904F101044ED8CB680020984733682E
S21400EEF89B695B68984731682868FCF7ABFA044654
S21400EF080027DFF844A1DFF84481DFF84491F4B91C
S21400EF18484B2868DB5D002B00F08380D8F800603B
S21400EF2802AB314603AAFCF717FC2D2807D070B9A8
S21400EF38039B012B0BD031462868FCF761FEDAF8F4
S21400EF48003031461A682868FCF7DAFD04460137AF
S21400EF58222F0AF1040A08F1040809F10109D6D19A
S21400EF68B4FA84F3344A5B0913702B681B7C33B1FC
S21400EF7825F028FB18B1DB2130482DF000FD20468F
S21400EF8809B0BDE8F08F12680B6907FB00209847A8
S21400EF989FE7D8F8003003AA194402AB0191FCF7A2
S21400EFA8DBFB2D28034601992BD0286813B30BF1F9
S21400EFB8010B5FFA8BF18E422868EAD8204BDB5D9E
S21400EFC8002BC4D0F3B27E2B2868C0D8D8F80030FF
S21400EFD803AA06EB030B594602ABFCF7BDFB2D282C
S21400EFE8B5D059462868FCF70BFE013604460028BB
S21400EFF8E8D0ACE7039B7BB999F80020029B9A42BD
S21400F008D5D099F80030DAF800202868FCF772FCAA
S21400F0180028CCD00446D1E70191FCF7F1FD019910
S21400F028EFE7084BA346DE5DC3E700BF6466002033
S21400F03884660020C4730400465C002028D70300BA
S21400F048A27304005E730400D4700400E87304001E
S21400F05880730400F8B51F46214B04461B780D46FE
S21400F068164623B100F47E23B3F50E2F2BD0204688
S21400F078FFF7E8FE2128044614D81A4B53F8201048
S21400F088194B1B78ABB1194B212C18681DD8184B97
S21400F0981B5DD3B13268FCF733FD044650B125F04A
S21400F0A890FA07E0FF2807D93A46314680B224F09E
S21400F0B89CFF00242046F8BD4FF4A9710D482DF09A
S21400F0C85EFC0021DCE70146DAE77F2D08BF002555
S21400F0D83B46324651FA85F1FCF70CFCDDE700BFEB
S21400F0E8455C0020E8730400465C00208466002027
S21400F0F8C473040028D7030008B5520825F064FA3C
S21400F10830B1BDE808404FF49C7102482DF037BC7A
S21400F11808BD00BFB9D703002DE9F743C707054662
S21400F1280E46144604D540F2E31149482DF027FC54
S21400F138E10704D54FF4F27145482DF020FC454B05
S21400F14893F80080B8F1000F20D043F260239D4268
S21400F15808D12246314640480EF01CFF002003B076
S21400F168BDE8F083C5F30B0705F44055B5F5805F99
S21400F17814BF4FF40F204FF40E20234632467F214B
S21400F188384303B0BDE8F043FFF764BF05F47043A7
S21400F198B3F5805F3FD1C5F30B05304A05F17E65B0
S21400F1A8631E2B44934230D82F46DFF8A49007EB13
S21400F1B80408474542D1AA070ED04FF6FF7336F823
S21400F1C8022BA81E43EA024304220DEB0201019318
S21400F1D8FFF792FF0235023CA3070ED0023C24F04C
S21400F1E80103F35A04226FEA03436FEA13430DEB55
S21400F1F8020128190193FFF77FFF002CAED02246A4
S21400F20831462846FFF778FFA8E740F2FD11104878
S21400F2182DF0B5FBC8E705F46043B3F5005F04D1ED
S21400F228C5F30B0505F5FC25BEE740F205210848A1
S21400F2382DF0A5FB6FF00F074546B6E717F8013B1C
S21400F248FF2BB6D04FF4047148462DF098FBB0E774
S21400F258B9D70300455C00208C6B0020FF03E00F45
S21400F26810B500F077F825F0FBF9044618B100F061
S21400F27879F8204610BD00F07BF804460028F6D141
S21400F2880122014B1A70F2E7475C0020054B1B78F9
S21400F29833B1054BC0F3130100221868FCF774BCA1
S21400F2A811207047475C002084660020144B2DE927
S21400F2B8F0411B7805460E461746FBB125F0B7F910
S21400F2C8012805D9841EE4B2012C09D9212412E0AC
S21400F2D83B4631462846BDE8F041002200F052B8C9
S21400F2E800F038F83B4600223146284600F076F80B
S21400F2F8044600F037F82046BDE8F0811124FAE706
S21400F308475C0020124B70B51B7804460D4616461F
S21400F318E3B125F08CF9012805D9831EDBB2012B51
S21400F32808D9212410E0324629462046BDE8704018
S21400F33800F040B800F00EF820463246294625F080
S21400F34891F9044600F00EF8204670BD1124FBE73C
S21400F358475C002008B52DF07EFA014B186008BD02
S21400F368BC3E0020014B18682DF070BABC3E002049
S21400F378024B1968024B1868FCF76CB864660020E4
S21400F3888466002037B505460C46C0F313010848C6
S21400F398ED02006805D5224603B0BDE83040FCF70C
S21400F3A8A7B9009313462246FCF75CF903B030BDB4
S21400F3B88466002030B405461346074A0C46C0F358
S21400F3C813011068EA0203D5226830BCFCF798BB24
S21400F3D8224630BCFCF78EBA84660020F7B5054690
S21400F3E80F4614461E461BB92125284603B0F0BD15
S21400F3F80029F9D025F01BF94BF23462ABB29342E0
S21400F40820D14FF0FF3322466946CDE90033254820
S21400F4183346FFF7E3FF08220546234968460EF001
S21400F42875FF38B933462246694641F2F010FFF7B1
S21400F438D5FF0546002DD8D13246694638460EF027
S21400F448A9FDD2E741F2F01293420FD1174B3119BA
S21400F45808299A6CDB6CC7D8CDE9002332460DEB39
S21400F468040138460EF096FD0025BEE702280BD1AB
S21400F478C5F30C4332199342B6D3C5F30B0104F116
S21400F4887E6432462144ECE7032809D1C5F30C43D1
S21400F49832199342A8D3C5F30B0104F5FC24F0E710
S21400F4A80125A2E7021008C0747404000080E00F6B
S21400F4B810B527F037FB28F00EFCBDE810400346D1
S21400F4C801210220014A02F00BBC00BF50D80300FD
S21400F4D813B5D0E9023253F822301C78204627F0BC
S21400F4E833FB2346009001210220024A02F0F8FB73
S21400F4F802B010BD64D80300014B187826F00CBF84
S21400F508485C0020FF232DE9F04F8FB01122002120
S21400F51808A88DF813300EF0ADFB08A826F0BCF846
S21400F52801210220B04A08AB02F0DAFB41F2490397
S21400F538AE4A0121022002F0D3FB06A826F0DBF92A
S21400F54808A90DF1130026F0E1F902200021A84AC7
S21400F55802F0C6FB002026F010FF10B106A809F03E
S21400F56847FE9DF92A3001210220A24A00939DF801
S21400F5782B3002F0B5FB27F0D1FA831EDBB2FC2B4A
S21400F588054631D8012102209B4A02F0A9FB012436
S21400F5989A4E9B4FDFF8D08223463246002102203F
S21400F5A802F09EFB05A9E0B227F0BAFA034650B16E
S21400F5B8A0F11602012A40F2AA8042460121022042
S21400F5C802F08EFB0CE09DF914303A4601939DF844
S21400F5D816300121009302209DF8153002F080FBBA
S21400F5E80134E3B29D42D7D8BDF8284008F0ECF9BC
S21400F5F823460021834A0090022002F071FB022075
S21400F6080021814A02F06CFB002026F0B6FE10B1FD
S21400F61808A809F0EDFD01217C4A022002F060FBF3
S21400F62827F0D8F9044627F0D3F923460121784A6B
S21400F6380090022002F054FB08F09EFE00210220F3
S21400F648744A02F04DFB9DF81330FF2B65D000215D
S21400F6580220714A02F044FB01216C4A022002F0A3
S21400F6683FFB26F058F9012103466C4A022002F0B7
S21400F67837FB08F081F900210346694A022002F0A8
S21400F6882FFB26F04EF9044626F04DF923460121B5
S21400F698644A0090022002F023FB2DF07DF908F062
S21400F6A813FF01210346604A022002F019FB0025D9
S21400F6B8DFF8B88108F008FFECB2A04233D82DF086
S21400F6C86BF90123594A1946022002F009FB00206B
S21400F6D826F022FE564B574C0093012100230220A9
S21400F6E8554A02F0FDFA236863B1012102201B780F
S21400F6F8524A02F0F5FA2368012102205B78504A44
S21400F70802F0EEFA26F00DFE0FB0BDE8F08F0121EC
S21400F71802204C4A02F0E4FA62E7002102204A4A34
S21400F72802F0DEFA98E7494B204603EB0416D6F8B3
S21400F738089008F083FF8246204608F0CBFE444F28
S21400F74800280CBFC346BB46204608F077FF0AF0E1
S21400F75831FD002808BF4746534600210220CDE960
S21400F76800B73C4A02F0BCFAB37901210293B38889
S21400F778022001937388384A0093337B02F0B0FA6C
S21400F7880026DFF8ECB099F80430F4B2A34203D8A8
S21400F7982DF002F901358DE714235C43D9F8007083
S21400F7A802203A5B07EB040A9AF90C3000922B4ABF
S21400F7B8002132EA230228BF5A461346284A02F096
S21400F7C88FFA002026F0D9FD38B150463C5B26F06B
S21400F7D811F9014620460AF03BFD01210220214A84
S21400F7E802F07EFA0136CEE7A5D80300B4D80300A7
S21400F7F8D0D80300FCD80300D7D80300EDD8030000
S21400F808F4D8030029D9030049D9030093D9030083
S21400F81852D9030074D90300D6F903007FD9030030
S21400F82895D90300ABD90300C1D903003ADA03001F
S21400F83852DA0300B843002046DA030060DA030011
S21400F84874DA030011D9030031D60300EC42002015
S21400F8587CD80300CCD90300ECD9030099D8030060
S21400F86822DA0300252204001CD9030084D80300EA
S21400F8788DD803002DE9F7430025134EDFF858808E
S21400F88808F022FEECB2A04202D803B0BDE8F0832E
S21400F8982701204616F8079008F01CFE0B4A4B4630
S21400F8A8002808BF4246002102200092084A02F0BB
S21400F8B817FAF05D26F03BF801210220054A02F00F
S21400F8C80FFA0135DCE700BFEC420020BE28040032
S21400F8D88FDA030025220400C828040008B58368C8
S21400F8E85A681178C26853F82230A1F1650251426D
S21400F8F85141187808F0A4FF30B9BDE80840012146
S21400F9080220024A02F0ECB908BD00BF9ADA0300EA
S21400F91800210220014A02F0E3B900BFB4DA03006E
S21400F92800210220014A02F0DBB900BFE2DA030038
S21400F93810B5044686B01822002168460EF09AF9DB
S21400F948684626F069FCD4E9022052F8203002EB1B
S21400F95880021B788DF80B30516891F900108DF8ED
S21400F9680A1091680988ADF808106168091A032911
S21400F97807DDD26803F01F03127843EA42138DF8B6
S21400F9880B30684608F0CEF800210346024A0220EB
S21400F99802F0A6F906B010BDFEDA030007B500208F
S21400F9A827F080F800210090034B0220034A02F05B
S21400F9B897F903B05DF804FB0BDB030011DB0300CB
S21400F9C813B5D0E9023253F8221003EB82035B68C2
S21400F9D8087819680023094CA222994208BF2146D4
S21400F9E8C01A18BF012027F051F801210090044BD7
S21400F9F80420044A02F074F902B010BD00F8FF07AC
S21400FA081CDB03002ADC030013B5D0E9023203EB43
S21400FA18820153F82230D1E901141878FF22003801
S21400FA2818BF01202378096827F030F801210090D4
S21400FA38034B0420034A02F053F902B010BD00BF7E
S21400FA4823DB03002ADC030008B5002101230C4A47
S21400FA5826F0A1FE0A4826F001FC0020094909F014
S21400FA685FFC002026F089FC10B1054809F0C0FBB1
S21400FA78BDE8084001210420034A02F031B900BF5E
S21400FA887A61002038DB03002522040010B525F033
S21400FA984CFF034630B1BDE8104001210420054A5A
S21400FAA802F01EB90121BDE810400420024A02F007
S21400FAB817B900BF46DB030057DB030010B526F076
S21400FAC8CFFBBDE81040034601210220014A02F0A0
S21400FAD807B900BF62DB030010B526F093FBBDE84C
S21400FAE81040034601210220014A02F0F9B800BF7F
S21400FAF878DB030037B5D0E90232012453F8223008
S21400FB084FF6FF701D78FE2204FA05F1002327F051
S21400FB1829F82B46009021460420024A02F0E0F815
S21400FB2803B030BD8CDB0300D0E9023253F8223034
S21400FB381B7823B101210220024A02F0D1B8024AFA
S21400FB4813707047ABDB0300485C002007B56846B7
S21400FB5825F0D1FE07F038FF01210346084A0220A7
S21400FB6802F0BEF8684609F043FB08F0A1F9012147
S21400FB780346044A022002F0B3F803B05DF804FB1B
S21400FB88C1DB0300DBDB030037B5D0E9024540687C
S21400FB9854F82530401B0328D8BF002004EB850402
S21400FBA8C8BFE06819786368C8BF00781A78A36881
S21400FBB893F900300090012026F058FF38B901214B
S21400FBC80220084A03B0BDE8304002F089B8064B68
S21400FBD80190009301210220044B054A02F080F8A8
S21400FBE803B030BDECDB0300F4DB0300C80A0400F6
S21400FBF808DC030007B5012026F040FF48B900904E
S21400FC0801210220084B094A02F06AF803B05DF8A1
S21400FC1804FB054B0190009301210220044B054A82
S21400FC2802F05EF8F2E700BFF4DB03001FDC030017
S21400FC38AD36040008DC030008B5D0E9023253F8F4
S21400FC482230187826F0CCFE30B9044A0121BDE8E7
S21400FC580840042002F044B8014AF7E734DC030001
S21400FC6850DC030008B5D0E9023253F82230188871
S21400FC7826F0B4FE30B9044A0121BDE80840042045
S21400FC8802F02EB8014AF7E76FDC03009FDC03009A
S21400FC9873B50378044613F0050F0ED04588062D75
S21400FCA817D1836801215B68174A1B7801938388FC
S21400FCB804200093154B02F013F82378012B20D06C
S21400FCC801210420114B124A02B0BDE8704002F030
S21400FCD807B835B98388012104200E4A02F000F8D7
S21400FCE8EBE7012DE9D186680B49002009F018FBDF
S21400FCF8304609F07DFA29460420084A01F0F0FF4C
S21400FD08DBE702B070BD00BFD5DC0300CCDC030027
S21400FD1827DD0300F2DC03000FDD030025220400C4
S21400FD282DE9F04F00268FB0364D09AC0FCD0FC425
S21400FD382B6801210220344A236001F0D1FF3446A3
S21400FD48DFF8DC9025F0EBFDF5B2A8420BD825F0DD
S21400FD58E6FD23460090012102202C4A01F0C0FF50
S21400FD680FB0BDE8F08F284605A926F023FE034607
S21400FD78002841D19DF81430032B39D904238DF877
S21400FD8814302B4600210220214A01F0A9FF9DF8D5
S21400FD9814300EAA02EB830300214A4653F8143C9B
S21400FDA8022001F09DFF28469DF821A09DF815B079
S21400FDB89DF81870BDF8168026F0FEFD5346CDE96E
S21400FDC8028000210220CDE900B7124A01F088FF20
S21400FDD801340020E4B226F0D0FA18B10DF119006B
S21400FDE809F006FA002102200B4A01F079FF01E02B
S21400FDF8002BC6D10136A5E700210220074A01F0EC
S21400FE086FFFF7E77C74040039DD0300B2DD0300FA
S21400FE18EFD8030066DD030002D103008DDD030082
S21400FE2839E80300C3688268013BDBB252F8233026
S21400FE3802201B78652B14BF00220121044B1BBF30
S21400FE4801211A70034A044A08BF197001F048BF16
S21400FE58F46B0020C9DD0300D7DD0300D0E90232C9
S21400FE6853F822301A88014B1A8070478E6B002090
S21400FE7807B5D0E9023103EB810253F82130526806
S21400FE881988054B0548128800930088012309F055
S21400FE98A3FE03B05DF804FB99FC00008E6B0020FF
S21400FEA8C3688268013BDBB252F823305B78A3F163
S21400FEB8660253425341014A13707047F76B00209D
S21400FEC830B5D0E9023253F8223089B01D780123C4
S21400FED802AA1946044626F05EFC01230093102366
S21400FEE802210DEB0302204626F036FC284604AA1B
S21400FEF802A926F051FE0446002026F03EFA18B164
S21400FF082146044807F0F0FD0020034909F0EEF901
S21400FF1809B030BDE6DD030025220400002330B515
S21400FF288FB00221009309AA1223054626F014FC76
S21400FF3805AA014609A807F0B5FB044698B1232888
S21400FF4805D1134A0121042001F0CAFE09E0212840
S21400FF5801D1104AF6E70346012104200E4A01F0B3
S21400FF68BFFE0FB030BD01232846194603AA26F067
S21400FF7812FC05A903A826F011FE0546204626F021
S21400FF88FCF918B12946054807F0AEFD044AD9E73A
S21400FF98F3DD030016DE030051DE030072DE030005
S21400FFA825220400F0B5D0E9023253F8221003EBFC
S21400FFB882039B6805461F7887B038460E7826F079
S21400FFC8BCF9044608BBD5E9022101238DF80830A0
S21400FFD8194452F8210002EB810200888DF8097056
S21400FFE89268ADF80A00127804218DF80C2028468D
S21400FFF80DF10D0226F0CFFB304602A98DF815400C
S21401000826F0DCFC044626F08CF933460121042050
S214010018024A009401F064FE07B0F0BD87DE0300D3
S2140100282DE9F04101218EB00220274A01F058FE41
S214010038002005AB01AA09A926F0A8FD002504465B
S214010048224E234FDFF898801CB128460EB0BDE833
S214010058F08102202B463246214601F041FE204619
S21401006826F08BF910B10AA809F0C2F83A46002121
S21401007802209DF8303001F033FE4246002102206E
S214010088079B01F02DFE00210220BDF82030114A01
S21401009801F026FEBDF8143000210F4A022001F0B7
S2140100A81FFE013501A826F063F9EDB201210220F1
S2140100B80A4A01F015FE284605AB01AA09A926F049
S2140100C865FD0446C0E700BFB9DE0300FFDE030096
S2140100D807DF0300F5F903001CDF030025220400EF
S2140100E813DF03002DE9F047064698B0C0B925F09E
S2140100F814FC074600250EA826F052FD0121022011
S214010108384A01F0EDFD2C46DFF8E080DFF8E09094
S214010118DFF8E0A0BC4205D3284618B0BDE8F08752
S2140101280127E7E713A826F03BFD002E4CD0022353
S21401013806A913A88DF84C30FE2426F023FD0028C6
S2140101483FD102A913A826F023FD9DF8593043F0A4
S21401015801038DF85930002E3DD123463146022041
S214010168214A01F0BDFD9DF859300AA943F0010363
S21401017813A88DF8593026F00BFD002026F0FDF85F
S21401018810B114A809F034F80C9B4246002102204D
S21401019801F0A6FDBDF82820002112F4007F0CBF4F
S2140101A84C23412312F0100F0CBF6E227922022035
S2140101B800924A4601F094FD06A826F0D9F80135C2
S2140101C8EDB20134E4B2A5E720460AAB06AA13A9A4
S2140101D826F0DAFCB3E752460021022001F080FD42
S2140101E8C1E700BF26DF0300FFDE030013DF0300BD
S2140101F862DF03005BDF030030B5012499B00EA867
S21401020826F0CEFC13A88DF8384026F067FCC0B956
S214010218BDF84C1011EA040513D121460220444AC0
S21401022801F05EFD29460220424A01F059FD2146A9
S21401023802203F4A01F054FD214602203C4A01F0C3
S2140102484FFD06A90EA826F09DFC20B11022FF211D
S21401025806A80DF00FFD04A826F09CFC059B0121BD
S2140102680220354A0093354B01F03AFD9DF81230CD
S21401027801210220324A0093304B01F031FD002162
S2140102882E4B304A022001F02BFD06A826F070F806
S21401029813A826F085FC02230AA913A88DF84C306A
S2140102A826F076FC00283FD10B9B00930121022003
S2140102B8254B264A01F014FD0121234B244A02202E
S2140102C801F00EFD0120FFF70DFF01211E4B214A0B
S2140102D8022001F005FD0020FFF704FF044625F083
S2140102E81CFB23460090012102201B4A01F0F8FC62
S2140102F801211A4B174A022001F0F2FCFFF790FE83
S2140103081749022803461748174A28BF0A460849C4
S21401031828BF01460092CDE9013102200121134A86
S21401032801F0DEFC19B030BD4FF0FF33BDE700BF6A
S2140103382522040075DF0300B3DF0300ABDF0300EB
S214010348C3DF0300520904007F170400D6DF030049
S214010358E6DF0300EDDF0300F6DF03000AE0030033
S21401036871DF0300BCFE03000EFF030018E0030064
S21401037810B5D0E9023253F822301C78201E18BF77
S214010388012026F097FB054A054B0020002C18BFD4
S2140103981A46BDE81040034908F0A8BF45E0030027
S2140103A840E003004EE00300D0E9023210B553F8EE
S2140103B822301C88204626F07FFB2246BDE81040E6
S2140103C80020014908F092BF8FE0030037B50446C4
S2140103D807F0D2FA014638B100200D4A0D4903B09C
S2140103E8BDE8304008F082BFE368A268013BDBB293
S2140103F852F8233008481D780123084A00936C2DCB
S21401040808BF02461023204626F0A6F903B030BDE1
S214010418DDE00300E5E00300DD6B0020CD6B002086
S21401042813B583689A681278672A22D101A826F03C
S21401043855FB0446A8B9BDF80420174908F056FF2D
S214010448BDF80430DA070AD413F0020F134B144A26
S21401045818BF1A461349002008F048FF19E0124A47
S214010468F8E702461149002008F040FF22461049E5
S214010478F1E7C26801A953F8220003EB82035B681F
S21401048800681B68ADF8043026F02EFB04460028E9
S214010498ECD102B010BD00BF18E103000BE1030068
S2140104A8AF0A040039E10300FBE003004BE1030057
S2140104B877E10300034A04491388C85401331380BB
S2140104C8704700BF2A5700204E5C002073B5154DB3
S2140104D801242B78144E13F0040F0CBF02230423B7
S2140104E8124A21461470328802200192EB5C104AA7
S2140104F80093104B5B8801F0F3FB002102200E4AA3
S21401050801F0EEFB0D4B2946009332882346022064
S21401051801F02CFC21460220094A02B0BDE87040D1
S21401052801F0DEBB4E5C00202A5700204D5C0020FF
S21401053886E103001C570020ABE10300CDE1030070
S2140105482522040070B516464FF48A52114B124DF7
S214010558DA805980114B1B881A1E18BF012240EAFF
S21401056882000F4A1278003A18BF012240EA0210A8
S214010578287063B103246B701B0AAB7009F088FE00
S214010588631C2855EE54074B02341C8070BD0124A9
S214010598F4E700BF1C5700204E5C002028570020B7
S2140105A84C5C00202A57002038B5D1E902320C46A7
S2140105B8054653F82230024619880C4B1878FFF77F
S2140105C8C1FFE368A268013352F82330188824F083
S2140105D88BF84DB1E368A268023352F823301878D5
S2140105E8BDE83840FFF766BF38BD00BF495C00204C
S2140105F8F0B50546EB68AA68023352F82330084678
S2140106081C78294685B0FFF7CFFF204625F0DEF98E
S214010618204E214F78B3204625F0E4F90321441CE7
S21401062803AA284623F0C7F83288E4B2C2F1FF03CA
S21401063803991B1B9BB28B4222443CBFC2F1FF03AA
S21401064803930123032100933A449DF80C3028466E
S21401065826F082F8039A022C338804BF0F48110A41
S214010668FA5408BFC15413441C44348005B0BDE88D
S214010678F040FFF72BBF204607F086FE012332889D
S21401068804460093032103463A44284626F064F8B4
S2140106983388E9E72A5700204E5C00204F5C00208B
S2140106A8052307B5012100930220044B044A01F0F3
S2140106B817FB03B05DF804EBFFF79EBDB4E103003A
S2140106C8BBE1030013B5044626F004FA38B1CDE9B8
S2140106D8004001210220034B034A01F001FB02B04E
S2140106E810BD00BFDDE00300D2E10300194B37B5AA
S2140106F81B783BB901210220174A03B0BDE83040F8
S21401070801F0EEBAD0E90232144C53F82230012136
S2140107181D78638802200093114A2B4601F0E0FAFF
S214010728104B25711B78104D63B1012102200F4A29
S21401073801F0D6FA20460E4A298803B0BDE83040B3
S21401074824F0E5BE20460A4A298803B0BDE83040B1
S21401075824F09FBF4D5C0020E9E103001C570020F0
S214010768F7E103004A5C00202A5700200EE2030046
S2140107784E5C00202DE9F041D0E9023253F82210F0
S21401078803EB82035A680C7817889A68DB68B2F814
S2140107980080C6B01D780021304B0220304A0094F4
S2140107A8CDE9017801F09CFA002D0CBF6E23792360
S2140107B8012102202B4A01F093FAFF23002D0DF1A7
S2140107C8170606AD019320460CBF802340234246F8
S2140107D839460296009525F03FFC0446002835D197
S2140107E8307825F0F9F80746B0B1284625F084FD9B
S2140107F81D4BFD28A8BFFD200093234682B20DF1AC
S2140108081901022001F0B2FA01210220174A01F06B
S21401081867FA46B0BDE8F081307825F0E3F860B1B4
S214010828284625F06EFDFD28A8BFFD200E4B82B296
S21401083800930DF11A013B46E3E7307807F0A4FD73
S2140108480B4B0246009329460123DAE70090012163
S2140108580220084B084A01F043FADAE71B1804009D
S21401086828E203004DE20300D32B040025220400EE
S214010878CDE10300D5EA030057E20300D0E90232CE
S21401088853F8221003EB82032DE9F04F5A680F78CC
S214010898B2F800809A68C7B0B2F80090DA681B69A7
S2140108A892F800A01E7800212F4B304A0446CDE965
S2140108B801890220009701F013FABAF1000F0CBF64
S2140108C86E23792301210220294A009606AD01F0FC
S2140108D807FAFF22002128460DF0CCF9304625F00C
S2140108E87BF8834608B30023052100932046FD23A1
S2140108F80DF1190225F030FF2870BAF1000F0CBF70
S214010908802340234A4641463846CDE9005625F01D
S2140109186EFB0146144807F0E7F801210220154A44
S21401092801F0DEF947B0BDE8F08F304625F05AF8F9
S21401093860B1FD2305212046CDF800B00DF11A025D
S21401094825F00AFF85F801B02870D6E705903046ED
S21401095807F01AFD059A0346009205212A46204605
S21401096825F0FAFEC9E700BF0E18040028E20300C6
S21401097868E20300252204002DE9FF471C465B6850
S214010988E5685B1B00255FFA83F803952E46FFF79B
S214010998D9FDEBB298450BD90C9B9B5D282B39D812
S2140109A8202B00F2CB800136F6B2002B40F0C9802E
S2140109B8FFF78CFD04B0BDE8F087132A2FD801A1F4
S2140109C851F822F0930A0100A50A0100B70A0100AE
S2140109D8EB0A0100B9090100B9090100B9090100CA
S2140109E8B9090100270A0100270A0100270A0100A0
S2140109F8270A0100270A0100270A0100270A010021
S214010A08270A0100270A0100270A0100370A010000
S214010A18110B0100A3F13102D1B21329CDD9013648
S214010A28F6B2A3F14102032AC2D8422B6CD06C4F0E
S214010A3800213A88DFF8B0A1C2F1FE039BB2FF2B72
S214010A4828BFFF2301320091DBB22046524469B227
S214010A5825F05EFE3B880AF8030001331844388007
S214010A6811E04FF00409E368A2682B4452F82330DA
S214010A781F68F8B209F1FF39FFF71CFD19F0FF09E5
S214010A884FEA1727F5D1013583E7E368A2682B44B7
S214010A9852F823301878FFF70DFDF4E7E368A268EB
S214010AA82B4452F82330188823F01EFEEBE7E36840
S214010AB8A2682B4452F823301F68B7F1807F09D209
S214010AC8F8B2FFF7F7FCC7F30720FFF7F3FCC7F305
S214010AD80740E0E72B4601210820424A01F000F9C9
S214010AE866E74FF00409E368A2682B4452F82330FE
S214010AF81F68F8B209F1FF39FFF7DCFC19F0FF09A6
S214010B084FEA1727F5D1BEE7294603AA204622F061
S214010B1852FE0021324F344A3B88DDF80C9002EB36
S214010B28030CCAB2914501F1010102D84B443B803E
S214010B38A9E710F802A00CF802A0F2E7242B3FF66A
S214010B4870AF013B232B3FF633AF01A252F823F0D7
S214010B58930A0100A50A0100B70A01006B0A010001
S214010B68B9090100B9090100B9090100B90901006B
S214010B78B9090100B9090100B9090100B90901005B
S214010B88B9090100B9090100B9090100B90901004B
S214010B98930A0100A50A0100B70A0100EB0A010041
S214010BA8B9090100B9090100B9090100B90901002B
S214010BB8B9090100B9090100B9090100B90901001B
S214010BC8B9090100B9090100B9090100B90901000B
S214010BD8930A0100A50A0100B70A01006B0A010081
S214010BE82A57002081E203004E5C0020094B1B783F
S214010BF823B101210820084A01F072B8D0E902326F
S214010C0853F82230054A1B88012113800820044A1C
S214010C1801F066B84D5C0020A7E2030028570020C3
S214010C28E9E20300D0E9023253F82230054A1B787C
S214010C380121003B18BF012308201370024A01F066
S214010C484FB800BF4B5C00200FE30300D0E9023227
S214010C5853F82230034A1B78012113700820024AF0
S214010C6801F03EB84C5C00203EE3030010B5D0E925
S214010C780232044653F82230132219880B4B18788F
S214010C88FFF760FCE368A268013352F8233018784E
S214010C98FFF710FCE368A268023352F8233018788D
S214010CA8FFF708FCBDE81040FFF710BC495C0020C0
S214010CB810B5D0E90232044653F8223011221988B9
S214010CC80B4B1878FFF73EFCE368A268013352F82D
S214010CD823301878FFF7EEFBE368A268023352F870
S214010CE823301878FFF7E6FBBDE81040FFF7EEBBA8
S214010CF8495C0020D0E9023253F82230034A1B78B7
S214010D08003B18BF0123DB0013707047495C0020C5
S214010D1810B5D0E9023253F82230044619880E4B32
S214010D2806221878FFF70EFC0120FFF7C3FBE368DD
S214010D38A268034452F82330188823F0D5FCE368E8
S214010D48A268023352F82330188823F0CDFCBDE898
S214010D581040FFF7BBBB00BF495C00202DE9F043FC
S214010D68D0E902324FF0FD09013253F8221003EBA5
S214010D7882035A68C7B017889A68B1F80080147851
S214010D8853F8043C002C0DF1170506AE18783A46C0
S214010D9814BF4023802341460295CDF8049000965F
S214010DA825F05AF9034638B1184A0121082000F0FF
S214010DB897FF47B0BDE8F083201E18BF01200A221E
S214010DC84146C000FFF7BEFB384623F08DFC287865
S214010DD8FFF770FB4A463146287824F0ABFD0446F7
S214010DE828B10B4F3D88C5F1FF03984202DD234623
S214010DF8084ADAE7024608483146284425440DF0F1
S214010E08C9F83D80FFF762FBD3E700BF74E3030030
S214010E182A57002090E303004E5C002010B5D0E965
S214010E280232044653F82230082219880B4B1878E8
S214010E38FFF788FBE368A268023352F82330187874
S214010E48FFF738FBE368A268013352F823301888A5
S214010E5823F04AFCBDE81040FFF738BB495C002088
S214010E6873B5D0E902320546023253F8221003EB75
S214010E78820353F8042C53F8083C0C781988234B42
S214010E88168818780622FFF75DFB0020FFF712FB8D
S214010E98304623F029FC2046FFF70CFBEB68AA68CE
S214010EA8033352F82330188823F01EFCEB68AA682F
S214010EB8043352F82330188823F016FC204609F02C
S214010EC8E7FBE8B9204607F05FFA052104460190DA
S214010ED801AA284622F06FFC019B01469C4206D0D7
S214010EE8224631460A480BF0A7FD02B070BD094DEF
S214010EF809482E882246304434440CF00DFF2C80D5
S214010F0802B0BDE87040FFF7E1BA00BF495C0020B7
S214010F18BCE303002A5700204E5C002073B5D0E9D5
S214010F2802324FF48A5153F82230104D1A88104B6A
S214010F38D9805A8000232A4600930121FF2325F0F1
S214010F480BFC2B78044613F0040F0A4B08BF012646
S214010F581B7818BF032613B109F09AF9A855064B52
S214010F681C8002B0BDE87040FFF7B0BA4E5C0020A6
S214010F781C5700204B5C00202A570020D0E902327B
S214010F8853F82230034A1B78003B18BF012313701D
S214010F98704700BF4A5C002010B50C4608B908F037
S214010FA803F9024B18715C7110BD00BF1C57002075
S214010FB802462DE9F341D0E90253526855F8231049
S214010FC8D21A0C8805EB8301013BDBB255F8238066
S214010FD8294D022A4868C8BF8A682B78D8BFFF21DE
S214010FE80078C8BF11783BB901210220234A02B014
S214010FF8BDE8F04100F074BEFFF7CEFF06F0E4FC52
S2140110081F4F204E3B880146224600931E48334612
S21401101825F00FF90246C8B998F804103B885F29ED
S21401102817D1CDE900364FF6FF712046164B24F04E
S21401103862FA28B1034601210220144A00F050FE44
S2140110480023134A2B701380124A137002B0BDE8AE
S214011058F0814FF6FB718C4208D9CDE9003621465E
S214011068094B4FF6FF7024F0A4FAE2E72146064A38
S214011078009624F0D0FADCE74D5C002007E4030074
S2140110882A5700204E5C00201C5700200EE403005F
S214011098285700204C5C0020002210B50A2104467F
S2140110A81046FFF74FFA002023F01EFB0122044BDF
S2140110B81A70FFF70BFA2046BDE81040FFF778BF15
S2140110C87761002038B51C4615460123224625F0CF
S2140110D862FB60B92146284625F026FD044620B164
S2140110E801210420034A00F0FBFD204638BD0024F8
S2140110F8FBE700BF35E403002DE9F0430C4615462F
S2140111081F46D0E9022352F8231002EB83029368A4
S2140111180E8893F80080D3688BB0B3F800903246F7
S214011128012106ABFFF7CEFFF0B90DF1200CF4B1A3
S21401113801232A884021CDE902C2CDE90471CDE90F
S21401114800932221434606AA304625F05BFB0B4B4B
S2140111580B4A00930B4B0190002C08BF1346012144
S2140111680420094A00F0BCFD0BB0BDE8F0836246D6
S21401117828686968032303C22246DBE794E4030070
S21401118879E4030073E4030081E4030007B501234F
S2140111986A46002125F0FFFA6846034908F0C8FDAB
S2140111A803B05DF804FB00BF99FC0000D0E90232E9
S2140111B853F822300149188808F08CBD99FC0000C4
S2140111C810B5D0E9023203EB8201496853F82230A0
S2140111D809784FF48A52188825F004FBBDE81040B8
S2140111E8034601210420014A00F07ABD9EE403006B
S2140111F8D0E9023253F8223002214FF48A5210B550
S214011208188825F0E1FABDE81040034601210420BC
S214011218014A00F065BD00BFB7E403001FB5D0E979
S214011228023203EB820153F82230496818884FF4DA
S2140112388A5309880293094B094A0193094B1B787B
S21401124800931278084B25F035FB0121034604204C
S214011258064A05B05DF804EB00F042BD2C570020A5
S2140112684E5D00204D5D002036570020CEE4030079
S2140112782DE9F043D0E9023253F8221003EB82033A
S2140112885A680E8817789A68DB688BB092F80090CF
S214011298B3F800803246042106AB0446FFF712FF76
S2140112A828BB08AD01232A460521204625F073FAF6
S2140112B838B9042001210F4A00F012FD284624F00F
S2140112C81AFB4FF48A53CDE904930023CDE9025360
S2140112D803232121CDE9008306AA3B46304625F0A3
S2140112E891FA01210346044A042000F0F9FC0BB0E8
S2140112F8BDE8F083E6E4030015E5030038B5D0E958
S214011308024303F18043023B02220F4954F82300AB
S2140113189D000CF0FBFF60B90C4B0D491A78042AA6
S2140113280BD82C44A068008821F8120001321A70E4
S21401133838BD084B08491A78F1E70121BDE838405D
S2140113480420064A00F0CCBC431004004E5D002081
S214011358365700204D5D00202C57002027E5030056
S21401136808B5C368806803F18043023B0222064938
S21401137850F823000CF0CAFF10B9044B187008BDCA
S2140113880022034B1A70FAE7431004004E5D002052
S2140113984D5D002037B5D0E9023153F821208C0085
S2140113A815784268521A012AC5BF1B195B686C0971
S2140113B81C78DCBF44F0180405F01F0529462046B2
S2140113C825F03CF9034640B12346012104200E4A84
S2140113D8009500F085FC03B030BD0121A94074B921
S2140113E82346FE224FF6FF7025F0BCFB012103467B
S2140113F80420064A03B0BDE8304000F071BCFE2266
S21401140841EAC461EEE700BF3DE503005DE5030080
S21401141870B5D0E9021551F8253001EB850104466F
S21401142818884B681A788B68052A1B8802D85E1EAE
S214011438072E0BD9012104200C4A00F051FCBDE807
S2140114487040012104200A4A00F04ABC6468641B03
S214011458032CCABFC9680749096825F083FBBDE89C
S214011468704002460449002007F05ABF7BE5030096
S2140114789BE5030000F8FF07B8E5030008B5D0E9C7
S214011488023253F8220003EB82035968FF220388CD
S21401149809684FF6FF7025F065FBBDE8084002466F
S2140114A80149002007F03CBFCBE5030008B5D0E9A9
S2140114B8023253F8223005214022188825F084F993
S2140114C8BDE8084002460249002007F029BF00BFD0
S2140114D8ECE5030008B5D0E9023203EB820148685F
S2140114E853F82210027840230988312025F0BFF9E5
S2140114F8BDE8084002460249002007F011BF00BFB8
S2140115080DE6030008B5D0E9023203EB820148680C
S21401151853F82210027840230988332025F0A7F9CA
S214011528BDE8084002460249002007F0F9BE00BFA0
S21401153827E603001FB5D0E9023253F8221003EB61
S21401154882039B6808881A780023D21A18BF0122DA
S214011558CDE9023302A94023D20125F097F90121EA
S2140115680090044B0420044A00F0BAFB05B05DF86D
S21401157804FB00BF94E4030045E6030007B5D0E981
S214011588023253F8223003214022188825F01CF92C
S21401159801210090034B0420034A00F0A1FB03B08D
S2140115A85DF804FB94E4030054E6030037B5C3680A
S2140115B88268053352F8233004211D786A460123D0
S2140115C8044625F0E8F838B904200121064A00F057
S2140115D887FB684624F08FF92B466A460021204689
S2140115E8FFF78AFD03B030BD6EE6030007B5D0E904
S2140115F8023203EB8201486853F82210027840232E
S2140116080988322025F033F901210090034B042084
S214011618034A00F065FB03B05DF804FB94E403009D
S2140116289FE6030070B585690446EA0705F00206D9
S21401163805D476B1C5F3072024F07FFE09E01EB174
S214011648B2210F482BF09BF9A069C0F3810024F062
S21401165863FEE3691BB9BA2109482BF090F92046C5
S21401166814F098FBE3693EB1607E9847AB0706D055
S214011678BDE8704024F055BE20469847F6E770BD91
S214011688B4E6030008B514F079FE28B1BDE80840B1
S214011698472102482BF073B908BD00BFB4E6030022
S2140116A82DE9F041FF2B04460F4690461D469DF84E
S2140116B8186005D0FF2E03D0D52111482BF05FF90D
S2140116C80023FF2D18BFAD000E4A1CBF45F00105CB
S2140116D8EDB222600C4AC4E9063818BFA561FF2E90
S2140116E8C4E901232361E76007D0A36943F0020335
S2140116F823F47F4343EA0623A361BDE8F08100BFD4
S214011708B4E60300C03E00202D160100002310B5E4
S214011718054C03610460054CC261C0E9014301231D
S214011728C160836110BD00BFC03E00202D160100B8
S21401173870B58669044606F00303032B0D4603D1EC
S214011748FC2114482BF01BF9FF2D16D0B20704D440
S21401175840F201110F482BF012F9284624F08BFAB3
S214011768FF28054604D14FF482710A482BF007F981
S2140117782DB204EB4514204670BDF307FBD5A369CB
S21401178813F00C0FF7D040F20B1102482BF0F7F8C4
S214011798F1E700BFB4E603000023054AC0E90631B5
S2140117A803610260C360034A034B4260836070476B
S2140117B8C03E00202D160100695D0200014827F091
S2140117C8B2B900BFC03E0020014827F0B8B900BF33
S2140117D8C03E002013B50E4827F07FF923F007F81E
S2140117E826F03DF926F05FF926F069F9FCF728FF9F
S2140117F80446FCF73FFF2346009001210420054AD2
S21401180800F06EFA02B0BDE81040FCF71FBF00BF3B
S214011818C03E002047E70300022808B503D12BF095
S214011828A7F8014B186008BDF03E002008B50DF07A
S2140118388FF80122044B1A702BF023F9BDE80840F3
S21401184802490348FDF7C4B8505D002090660020A1
S214011858F43E0020014B1870704700BF4F5D002012
S214011868024B187808B106F093B87047ED6B002064
S21401187808B5074B1B780BB1002008BDFFF7F0FF32
S2140118880028F9D106F05EFC023818BF0120F4E7FB
S2140118984F5D002070B5FFF7EBFF174D20B1FFF73E
S2140118A88DFF0428044613D82B781BB92BF0E9F8CA
S2140118B801232B7022F0A9FF0446D8B12B781BB957
S2140118C8F7210E482BF05BF8BDE87040FFF776BFAE
S2140118D822F09DFF0028E7D02B785BB12AF0BBFFEA
S2140118E806460021012029F0F1F930462AF0AEFF1C
S2140118F800232B70204670BD505D002068E703006A
S2140119081FB5FFF7C7FF0446FDF740FAA04228BFF8
S214011918204688B103A929F0F5FD034638B9CDE973
S2140119280000064A039906482BF03EF818B18E21A6
S21401193804482BF024F8012004B010BD1148030018
S214011948D03E002068E703000D4B70B51B780D4D9F
S2140119580D4C0121002B0CBF2B46234602200B4AB7
S21401196800F0BEF90A4B01211B780220002B0CBFA0
S2140119782B462346BDE87040064A00F0B1B900BFC1
S214011988ED6B00206210040081100400FEE70300DE
S2140119984F5D00201DE8030010B5D0E9023253F868
S2140119A8223002201B780121002B15BF01240024B8
S2140119B8044A054A00F094F92046BDE81040FFF7AE
S2140119C849BF00BF3CE8030059E80300D0E90232EA
S2140119D853F82230034A1B78003B18BF01231370C3
S2140119E8704700BFED6B002038B50125084B1D7008
S2140119F82AF031FF04462946284629F067F9204689
S214011A082AF024FFBDE8384002490348FCF7E0BF46
S214011A18515D0020986600201C3F002070B514F028
S214011A2833FD10F0070F1D4D11D02B785BB9012639
S214011A382E702AF010FF04463146304629F046F942
S214011A4820462AF003FFBDE8704014F0EDBA25F0F1
S214011A586DF8022803D1124B1B78032BE5D914F035
S214011A6813FD18B90E4B1B78032B14D814F0DCFAA7
S214011A7804460028D9D02B785BB100262E702AF0B0
S214011A88EAFE05463146012029F020F928462AF0C3
S214011A98DDFE204670BD4FF0FF34ECE7515D0020B7
S214011AA8D86100201FB5FFF7B9FF0446FDF76EF9A8
S214011AB8A04228BF204688B103A929F023FD034682
S214011AC838B9CDE90000064A039906482AF06CFFA2
S214011AD818B18C2104482AF052FF012004B010BD29
S214011AE8EB4C0300FC3E002078E8030010B5094CD7
S214011AF80949002007F0FAFB23681B68587924F087
S214011B08F0F823681B68587923F0F4F805F066F9AD
S214011B18002010BD7C44002006E9030008B524F027
S214011B28F5FF024628B1BDE808400020014907F044
S214011B38DDBB08BD29E9030008B524F0FDFF024610
S214011B4828B1BDE808400020044907F0CFBB54225D
S214011B58BDE80840FF2102480CF08CB841E90300B3
S214011B684057002038B504460D4624F0E9FF0246E2
S214011B7828B1BDE838400020034907F0B7BB034B3E
S214011B8823F8145038BD00BF5FE903004057002012
S214011B982DE9F34100240C4E0C4DDFF838800C4F2C
S214011BA856F8043B0BB9D8F8003035F8022B3946FD
S214011BB8009200202246013407F098FB2A2CEFD128
S214011BC802B0BDE8F08100BFA4660020945700204B
S214011BD87BE90300A066002008B52A21034824F003
S214011BE8A7FFBDE80840FFF7D3BF00BF9457002002
S214011BF807B5D0E9023253F822301A78292A0DD8C7
S214011C08084B53F822300BB9074B1B6807490020CD
S214011C1831F812100091064907F068FB03B05DF829
S214011C2804FB00BFA4660020A0660020945700208D
S214011C387BE9030008B52A21034824F07BFFBDE8A9
S214011C480840FFF7A5BF00BF9457002038B5D0E974
S214011C58023253F8221003EB82035B680C781D8866
S214011C680020044907F042FB29462046BDE83840D3
S214011C78FFF778BF86E903002DE9F34100240C4EEF
S214011C880C4DDFF838800C4F56F8043B0BB9D8F8E2
S214011C98003035F8022B39460092002022460134DE
S214011CA807F024FB2A2CEFD102B0BDE8F08100BF73
S214011CB8A4660020405700207BE90300A0660020A8
S214011CC810B5024623F02CF820B9044C236811B14C
S214011CD81343236010BD23EA0203FAE75067002086
S214011CE80CB413B502460C4623F01AF860B9094B32
S214011CF81B681A4208D005A9049801910AF0B0FE9B
S214011D0814B1054825F039FE02B0BDE8104002B00E
S214011D18704700BF5067002085EC0300034610B5E6
S214011D28D3E9023253F8223008461C78211E18BF20
S214011D380121FFF7C5FF014648B9084A084B0220AA
S214011D48002C08BF1346074AFFF7CAFF10BD00213B
S214011D580220054AFFF7C4FFF8E700BF84D803004E
S214011D687CD8030087EC03009DEC03002DE9F041C5
S214011D7805461F460C46DFF82C808E18B44201D162
S214011D88BDE8F0810021284614F8013B069AFFF7C2
S214011D98A7FF002FF2D0424600212846FFF7A0FFF2
S214011DA8ECE700BF11DF03000021024A0248FFF7F3
S214011DB8ADBC00BF451E0100243F0020FF2101489D
S214011DC822F007BD243F00200022034BFF210348D1
S214011DD81A7022F0F7BC00BF525D0020243F002095
S214011DE813B5114C2378032B13D8009300230F4AFD
S214011DF818460F4907F07AFA237842F21072002B38
S214011E0808BF0022FF210B4802B0BDE8104022F0AF
S214011E18C8BC00220849104607F068FA02B0BDE8B7
S214011E281040FFF7D1BF00BF525D0020AEEC0300A3
S214011E38C0EC0300243F0020CAEC0300F0B52B4D8C
S214011E488FB02B7823B309A824F0AAFE022309A889
S214011E588DF8243024F092FE01AA06469446244BB7
S214011E6803F11007144618685968083303C4BB42BF
S214011E782246F7D105AA17461E4B03F1100E144643
S214011E8818685968083303C473452246F7D1E6B182
S214011E98012409A824F020FE28B9BDF8243013F03F
S214011EA8020F18BF01242B781349002B4FF00003AB
S214011EB84FF0A00208BF1946204624F0E7FD90B966
S214011EC82B7801332B700FB0F0BD614609A824F0BA
S214011ED857FE0028DCD1394609A824F051FE0446ED
S214011EE80028D6D0D4E7FFF77BFFECE7525D002049
S214011EF890740400A074040000F8FF0710B50020D1
S214011F08324907F0F3F908220020314907F0EEF9C3
S214011F18304B314A1978314B0020002918BF1A4630
S214011F282F4C304907F0E2F9002024F0F5F9236830
S214011F38002B47D01B78022B44D900222A4B104687
S214011F482A4907F0D3F922F032FF29490246002030
S214011F5807F0CCF900F0D0F826490246002007F031
S214011F68C5F923681B78032B2CD900F0D5F822492C
S214011F780246002007F0BAF900F0DEF81F490246CB
S214011F88002007F0B3F900F0DFF81D4902460020EB
S214011F9807F0ACF900F0A4F81A490246002007F049
S214011FA8A5F900F0D7F8184C184954F82020002055
S214011FB807F09CF900F024F9154954F82020002070
S214011FC807F094F9BDE8104024F0ABB9ECEC030037
S214011FD808ED0300535D0020621004008110040020
S214011FE8B84300202BED030052DA030046DA03005B
S214011FF847ED03006BED03008FED0300B3ED03001F
S214012008D7ED0300FEED03005467002025EE03001C
S21401201848EE030008B5D0E9023253F822301878A2
S21401202840B10020074907F061F9BDE80840802063
S21401203800F034B8044907F059F9BDE80840802093
S21401204800F046B86BEE030088EE0300D0E90232D2
S21401205853F82230034A1B78003B18BF012313703C
S214012068704700BF535D002018220021094BC3E9C1
S21401207800121A7B0AB9084A9A601A7C12B94FF4F8
S2140120887A72DA8140F6B8325A8200229A829A75B2
S214012098704700BF443F0020E09304000A4B10B588
S2140120A81B687BB11B78032B02D8B0F5007F09D1DA
S2140120B8064C2368034323606368184202D02AF05B
S2140120C852FCA08210BD00BFB8430020443F002048
S2140120D8024A136823EA000313607047443F00204E
S2140120E8014B1868704700BF443F0020014B9868B1
S2140120F8704700BF443F0020024B9868FA23B0FBA4
S214012108F3F07047443F00200122024B98601A738F
S214012118704700BF443F0020024BD889FA23B0FB22
S214012128F3F07047443F00200122024BD8811A740D
S214012138704700BF443F0020024B588AFA23B0FB81
S214012148F3F07047443F0020014B5868704700BFC2
S214012158443F00202DE9F84300244FF00C08104BAB
S214012168104F9D7D104E3988E3B28B4202D3284624
S214012178BDE8F88308FB03F3F05C06EB030924F0DB
S214012188D2F850B9FF21D9F8080022F022FB20B175
S21401219899F805309D4238BF1D460134E3E700BF74
S2140121A8443F0020926B0020D8670020124B10B5E0
S2140121B81B68124CEBB11B78032B02D823689B05CE
S2140121C817D52AF0D0FBA38AC01A638A80B2834245
S2140121D83EBFD4E900329343236024F021FC08B1C2
S2140121E8E08910BD2368002BFAD1FFF7B3FF012859
S2140121F8F6D0A068F5E700BFB8430020443F0020AA
S214012208014B987D704700BF443F002038B504460F
S2140122180D462AF059FC244B1B7813B1204622F0B0
S214012228C1FD402C27D006D884B13F2C18D0BDE874
S214012238384024F076B84C3C0C2CF8D81B4B23417C
S214012248DB07F4D40220FFF743FFF0E74FF40070F2
S214012258FFF73EFF0220FFF721FF154B1C71E6E74B
S2140122684FF40070FFF734FF0220FFF731FF00221A
S2140122780F4B1A71DBE723F0D7FF0028D7D10C4C98
S2140122880220237901332371FFF722FF4FF40070F0
S214012298FFF704FF2379AB42C9D322F084FD002857
S2140122A8C5D122F059FDC2E7535D0020FEEEFFFFBF
S2140122B85C3F002010B505F05FFB02280AD124F028
S2140122C88BFB034630B1BDE8104000220249104698
S2140122D807F00CB810BD00BFD4EE03000021024A77
S2140122E80248FFF713BA00BFBD220100643F002071
S2140122F838B5002024F010F8124B1B6893B11B78F0
S214012308022B0FD905F038FB022816D10E4C25688A
S214012318FFF74CFFA842206008D0FF2122680B482F
S21401232822F03FFABDE8384023F0FBBFFF210748FB
S21401233822F04FFA0028F5D1EFE7FF21034822F0F3
S21401234841FAEFE7B84300205C3F0020643F0020D5
S21401235802460249002006F0C9BF00BFE8EE0300A6
S21401236810B5234C2348FF2122F02CFA20780228A6
S2140123781ED003282ED0012804D02120BDE8104005
S214012388FFF7E6BF1C4B19780029F7D002231B4A32
S21401239823701378052B0EBF00230133DBB2994255
S2140123A8137003D1052313700020E7E7052BFBD034
S2140123B8124B1B78052B02D103232370DDE7104A45
S2140123C8104932F8230007F085FC03232370002800
S2140123D8D4D110BD094B0C4A1878094B03EB800180
S2140123E8897833F8200007F045FC0123EEE700BFA3
S2140123F8545D0020843F00205D5D0020EF6B0020C7
S214012408E8570020F12501009D2501002DE9F04F30
S2140124180D46144695B00490112200210FA899463E
S214012428DFF86C810BF026FC04EB45030393D9F81F
S21401243800301C2B02D0039B9C4202D115B0BDE88C
S214012448F08F0123DFF844A18DF81C3023884C4A0D
S214012458ADF81E309AF800304A4D08EB83039B7896
S21401246828788DF8203013688DF81D00CDF82130B6
S2140124785368CDF8253023F056FF049B8DF82900C4
S21401248821882878002B4AD123F01CFC002844D048
S2140124989AF800300FAA38F8230007A922F091FC11
S2140124A800283AD023F03BFA4FF0000B07460646C1
S2140124B81C255FFA8BF2974234D8B7422BD99DF880
S2140124C81C30032B1AD10FAB0193BDF82130002223
S2140124D80421009301202C4B06F08EFD9AF800305B
S2140124E808EB83039978274B187806F001FE9AF8CB
S2140124F80030002038F8231023F06AFE5DB107A9E2
S214012508304624F05BFA214B05461B78304638F8EE
S214012518231024F055FAC9F80050023487E723F04F
S214012528C8FBB3E710460BA9059224F043FA30B965
S2140125389DF82C1031B9059AB74208BF16460BF11B
S214012548010BB6E7BDF82E00BDF81E209042F6D165
S2140125589DF830009DF820209042F0D19DF81C206F
S2140125688A42ECD1032A14BF082202220DF1210166
S2140125780DF131000BF0CAFE002808BF0025DEE782
S214012588555D0020EE6B002065F10300EF6B00201F
S214012598E857002013B503460020114A9C681278B4
S2140125A80190052A03D01B78032B00D12CB90120F2
S2140125B802B0BDE81040FFF7CBBE6268217801ABD8
S2140125C8FFF724FF217A0120E26801ABFFF71EFF1F
S2140125D8FF21044802B0BDE8104022F0EBB800BF66
S2140125E8EF6B0020843F0020094B1B78052B02D097
S2140125F80378032B02D00120FFF7AABE8168054A9B
S2140126080B68054813604B68FF21536022F0D2B867
S214012618EF6B0020555D0020843F002038B500246C
S214012628114B124D1870124BFF211C702C7006F0BE
S2140126385FFD0122032110460E4B06F0DDFC4FF626
S214012648FF712246084623F0C6FD044648B940F6FF
S214012658B832FF21084822F0A4F801232B7020463F
S21401266838BDFFF775FEFAE7EE6B0020545D0020D3
S2140126785D5D002025220400843F0020144BF0B540
S2140126881A68144913680978587988420BD112498F
S214012698D78808460022114D1E792B78D4B2A3425A
S2140126A803D8052C0AD10020F0BD0C88BC4202D103
S2140126B88C78B442F7D001320431EFE7A342F2D165
S2140126C820F82270013300EB820086702B70EAE74F
S2140126D87C440020EE6B0020E85700205D5D00205A
S2140126E8FF2307B50021044A04480093FEF7D8FFE4
S2140126F803B05DF804FB00BF69230100843F002096
S2140127081FB5B42303210446ADF80E3023F0D1FAE1
S21401271898B1212320460093002203210DF10E03D0
S21401272823F076FC04460020054B064A0649009429
S21401273806F0DCFD204604B010BD8624F3E700BF92
S21401274812EF03001FEF030034EF0300D0E9023253
S21401275853F82230034A1B78012113700220024ADB
S214012768FFF7BEBA076C002043EF03000122014BB6
S2140127781A707047076C00200A4B90F805111B78F1
S21401278890F8082119448A42BCBFB2FBF3F103FB57
S21401279811234FF0FF32B8BFDBB202FA03F380F819
S2140127A80A317047076C00202DE9FF410446057F72
S2140127B8867EDFF870806E43237F98F800201344E6
S2140127C89D4212DB607F60B9238B02936369019394
S2140127D8237C00936288A31D217805F095FDFF23CD
S2140127E82370002004B0BDE8F081E37EAB42E9D94E
S2140127F8A77E228BF1199142A4BF921BD7B205EB93
S2140128080323E3813A4633462946204622F0F3FA63
S2140128180028E7D1637F3744013301356377BEB2B9
S214012828EDB2C9E7076C002037B5054624F0F4F881
S2140128380D4B04461B6869461B78032B82BF0B4B5E
S2140128481B881B18284688BF9CB224F06DF938B936
S214012858684624F0E3F818B9044B1B8823449CB255
S214012868204603B030BD00BFB8430020966B002059
S214012878084B1B78FF2B0BD1074B1B78FF2B07D177
S214012888064B1B78022B03D04FF48070FFF720BC51
S214012898704700BF5C670020D4400020A43F00209A
S2140128A810B50446FF2121F08DFF054B9C4202BF5F
S2140128B80023A4F588742370BDE81040FFF7D8BF3D
S2140128C8B44000202DE9F0479A462A4B81461B78EA
S2140128D888461646BDF82050002B49D0FF2D3ED914
S2140128E838252846BDE8F087234B0C223146A01D23
S2140128F8636184F80090A4F802800BF00DFAA289AF
S214012908414642F4004242F040022046A28122F0AB
S21401291884FA2A46514660690BF0FEF94146484654
S214012928A21D258323F0CCFDA0760028D8D0054427
S214012938013DB5FBF0F0FF28D2DC0023E076204607
S214012948A383FFF731FF054680B923794FF48070DA
S214012958B372FFF7A3FB227C099B1A80C1E7074CD9
S2140129682778FF2FC0D040F60345BAE72770F2E76D
S2140129780225B6E7076C00205F5D0020D4400020E2
S214012988B0F9063010B5002B25DA144C2278237CD2
S214012998FF2A02D0827A9A4207D0114C2378FF2B5D
S2140129A817D0827A237C9A4213D169B9637F013B97
S2140129B8DBB263775BB90B4A237F12782046134450
S2140129C82377FFF7F1FE0146204622F035FAFFF796
S2140129D84FFF012010BD0020FCE700BFD4400020B7
S2140129E85C670020076C00202DE9F04F9A46B1F984
S2140129F8063091B0002B0D461746DDF86880049026
S214012A0880F22981B8F80030FF2B04D94FF4B87149
S214012A18A64829F0B4FFA64B00241A7893F80401B7
S214012A28B3F80211002A40F0A5802E7AA14A12783E
S214012A38B24240F2AF800222A3F802711A70AA7A53
S214012A48FF2483F804210022A3F8084183F805210E
S214012A58A3F80621B8F80020954883F80C21FFF75B
S214012A688BFE3846FFF7E0FE214600EB400292480F
S214012A7821F097FE4FF48070FFF710FB8C4C94F80A
S214012A880A91B9F1FF0F20D18A4A94F805311278D4
S214012A981344B34219DC94F80C1184F80531B4F8E0
S214012AA80631204601FB0233A4F80631FFF764FE1F
S214012AB80122824B38461A70FFF7B6FE494600EBEC
S214012AC8400204F5887021F06CFE94F80531B34293
S214012AD860D8DFF8E0B19BF800C00CEB0302964221
S214012AE858DA764994F808210878013A002853D02C
S214012AF8964205DAB8F8002084F80C2100220A70FC
S214012B08B6FBFCF901220CFB196994F80A015FFA75
S214012B1889F902FA09F2D1B2024076B92889000A7F
S214012B28844584F8080108D92046CDE9062105938D
S214012B38FFF722FEDDE90621059B94F80A01014309
S214012B4884F80A1182B994F80921B4F806C1013249
S214012B5884F80921B8F80020DAF800100CEB020016
S214012B68FF2826DD0323237094F80831013B9E4293
S214012B7830D138E0AE7A864202D18F4200D11C4667
S214012B882E7A002C7FF47BAF002A3FF44FAF012A40
S214012B983FF44CAF01205FE09642B1DA94F80C118D
S214012BA898F800209142ABD004F58870FFF778FEBC
S214012BB8F0E794F80CE1F31A0EFB03C3A01C10FA15
S214012BC883F005920BF0A8F894F80831059A013BB2
S214012BD89E4244D0012394F80A2103FA09F3013BE3
S214012BE81343FF2B04D122462946384622F016F90C
S214012BF894F8083194F809219A42CBD19BF8003011
S214012C08B2FBF3F103FB112212F0FF0218BF1346C1
S214012C182278022A26D1264A0234107851780128C9
S214012C2804BF01315170012224F8022CEA88B4F855
S214012C38041122F04002EA8094F809210A44591E38
S214012C4894F80A3113FB01F31344A8F80030CAF8C4
S214012C580040FFF70DFE002011B0BDE8F08F84F8A4
S214012C680B21C0E76979002994D0032A92D1B4F8D8
S214012C78062194F80B1108AE11445A1E94F80C312B
S214012C88284613FB02F30B4400219BB2A21CA8F8AA
S214012C980030CAF80020CDE900710296049907F0C1
S214012CA805FD8921304623F008FC7DE76AEF03001D
S214012CB8A43F0020076C0020B44000205E5D002081
S214012CC813B5044618B101280BD002B010BDFF2376
S214012CD801460093064A0748FEF7E2FC064B1C70BD
S214012CE8F3E7FFF743FDFF22044B1A70EDE700BF39
S214012CF8A9280100B4400020A43F0020D4400020A9
S214012D0813B501A909F076FF044648B9BDF806309F
S214012D189DF80420034906F0E9FA204602B010BDE2
S214012D288120FBE701F0030013B5694609F06EFF41
S214012D38044688B9BDF802309DF80020074906F018
S214012D48EFFA2046019906F043FA2046044906F0B0
S214012D58CDFA204602B010BD8120FBE725F003001E
S214012D684BF0030037B5694609F074FF044618BBF3
S214012D789DF801309DF80020104906F0D1FA104D53
S214012D889DF80120E3B29A4206D800200D4906F0C4
S214012D98ADFA002003B030BD0198630003F4FF7359
S214012DA802220021184423F0A1FA294602460020EF
S214012DB806F0B6FA0134E3E78120EBE74DF00300AD
S214012DC87CF003002522040013B501A909F018FFB9
S214012DD8044648B9BDF806309DF80420034906F0B4
S214012DE885FA204602B010BD8120FBE786F0030075
S214012DF830B500240B4D85B06946E0B223F0DAFD04
S214012E0850B99DF80030032B06D12946BDF8053088
S214012E189DF8012006F06AFA0134202CECD105B0A1
S214012E2830BD00BFADF0030008B50020034906F029
S214012E385DFABDE80840FF2000F0DEBABFF00300E7
S214012E482DE9F04F85B006460D46174622F034F8B0
S214012E58044640B130463A46294622F017F8002083
S214012E6805B0BDE8F08F4FF003094FEA15285FFA61
S214012E7884FA6946504623F09DFDB8B99DF800B01E
S214012E88BBF1000F12D1694650468DF800908DF8B7
S214012E9805508DF806808DF8016023F08FFD0246F7
S214012EA80028D7D05846064906F020FA0134202CC7
S214012EB8DDD10020034906F019FA8920D0E700BFC2
S214012EC8D4F00300FBF003001FB5002304468DF879
S214012ED80F3021F0DCFF28B19DF80F3063F07F0337
S214012EE88DF80F30182301930DF10F03002200937C
S214012EF804214023204623F07AF8024618B1002020
S214012F08024906F0F3F904B010BD00BF16F103003C
S214012F181FB502A909F08CFE044688BBBDF8082037
S214012F28184906F0FDF92046039906F051F920469E
S214012F38154906F0DBF94FF6F672BDF80810134C82
S214012F484B1E9BB2934219D82368039A1B6858797B
S214012F58FFF776FF23681B79012B0BD8BDF80830DD
S214012F680022CDE900030421094B092006F044F8A4
S214012F7823F09DFA6FF0FF0004B010BD8720E9E743
S214012F888120F9E735F103004BF003007C4400206B
S214012F984CF1030070B504468AB005AD1122002134
S214012FA828460AF067FE204604A909F035FE0446BD
S214012FB800283AD11E4EBDF810201E4906F096F993
S214012FC832681379012B28D84FF6F670BDF8101021
S214012FD84B1E9BB2834224D81368587921F06CFFA4
S214012FE808B333682A461B68BDF81010587921F0D3
S214012FF84CFFBDF8103001220421CDE90043092019
S2140130080D4B029505F0F8FF23F051FA034620B15F
S21401301800200A4A0A4906F069F96FF0FF000AB06B
S21401302870BD8724E5E78B24E3E78120F7E700BF37
S2140130387C4400204FF1030064F1030068F10300AB
S21401304873F103002DE9F0479AB004A909F0FCFDD5
S2140130580446002840F0B5809DF810205B4906F02C
S2140130685FF925465A4E9DF81020EBB29A4254D87D
S2140130780020584906F03AF99DF81050002D40F006
S21401308899802C462E46544F06A9F0B223F092FC9E
S214013098C8B99DF81830032B15D13B689DF819203F
S2140130A81B685B799A420ED19DF81D2005F16803CD
S2140130B86B4403F8402C9DF81E200235013403F8B2
S2140130C83F2CEDB2E4B20136202EDDD19DF810304A
S2140130D80BB1002C77D00AABCDE90143FF230222BE
S2140130E80421009309203D4B039505F085FF23F045
S2140130F8DEF9034660B19DF81020002A5FD0384AF1
S2140131083849002C08BF0A460020374906F0EEF871
S2140131186FF0FF001AB0BDE8F08705986B0003F45E
S214013128FF7302220021184423F0E0F831460246D4
S214013138002006F0F5F8013595E70598730003F4C5
S214013148FF7302220021184423F0D0F80027804696
S2140131585FFA80FA06A9F8B223F02CFC00BB9DF8AA
S2140131681830032B1CD1D9F800309DF819201B689C
S2140131785B799A4214D19DF81D30534510D19DF8BC
S2140131881E30C8F307229A420AD105F168036B4438
S2140131980235013403F840AC03F83F2CEDB2E4B233
S2140131A80137202FD6D101369DF81020F3B29A4266
S2140131B8C3D88BE70025DFF820902E46F4E7084AA7
S2140131C8A2E78120A6E78B20A4E700BFCDF1030084
S2140131D87CF00300252204007C440020ECF1030067
S2140131E89EF10300BCF10300F0F103002DE9F04362
S2140131F889B002A909F016FD0446002867D1BDF872
S2140132080820344906F072F84FF6F672BDF80850F1
S214013218DFF8D4906B1E9BB2934254D8D9F800308D
S21401322829461B685F79384621F046FE00284CD0AF
S21401323826465FFA86F8404603A923F0BBFB28B961
S2140132482946384603AA21F024FE20B90136202E45
S214013258EFD14FF0FF08404623F0AAFB014658BBC2
S214013268112203A80AF006FD2946384603AA21F0CA
S2140132780DFED9F800301A79012A18D81B68BDF84E
S2140132880810587922F0F3FFBDF80830032204210C
S214013298CDE900430920104B05F0AEFE23F007F9EF
S2140132A8034620B100200D4A0D4906F01FF86FF0BD
S2140132B8FF0009B0BDE8F08302460A49002006F07F
S2140132C815F80124D5E78724D3E78B24D1E7812095
S2140132D8EFE700BF12F203004CF1030050F20300BF
S2140132E873F1030029F203007C4400202DE9F04322
S2140132F8DFF894800020D8F8003021491B688BB08D
S2140133085E79002505F0F2FF01275FFA85F9484640
S21401331801A923F04FFB044690B99DF80430032B0E
S2140133280ED19DF80530B3420AD1484623F040FB3A
S2140133380146A0B102461349204605F0D7FF2746A5
S2140133480135202DE1D1D8F8003000211B685879C5
S21401335822F08DFF87F001000BB0BDE8F083112243
S21401336805A80AF087FCBDF809403046214605AA9B
S21401337821F08CFD2146304622F079FFE0E700BFB8
S2140133885DF2030029F203007C44002037B5694644
S21401339809F054FC044638BBBDF80020134905F073
S2140133A8BFFF134D2046019905F012FF204611492B
S2140133B805F09CFF2B681B68587923F067F870B1F5
S2140133C84FF6F672BDF800104B1E9BB2934209D811
S2140133D82B68019A1B685879FFF732FD0446204688
S2140133E803B030BD8724FAE78120F9E771F20300BC
S2140133F87C4400204BF003007FB505460024E6B266
S2140134086946304623F0D6FAA8B99DF80030032B52
S21401341811D19DF80130AB4204D0FF2D0BD19DF898
S2140134280D3043B9304623F0C3FA024618B10020DE
S214013438034905F05BFF0134202CE0D104B070BDD0
S21401344829F20300034B1B681878012808BF0220DD
S214013458704700BFB8430020D0E9023253F8223043
S2140134681A78024B1A7000F0E7BA00BF5E5E0020B9
S21401347870B5D0E902456B1EDBB254F8230003226F
S2140134881B490AF043FF54F8253004EB85041978E4
S21401349863681A78A2F10B030F2B05D9154900208A
S2140134A8BDE8704005F022BF01290FD1124C9140AA
S2140134B8236840B90B43114A23600020BDE87040D9
S2140134C80F4905F013BF23EA0103F4E702290CD1DB
S2140134D801230C4903FA02F20B6818B913430A4A86
S2140134E80B60EAE723EA0203F9E70A460749D6E743
S2140134F895F2030099F2030080670020AFF20300FB
S214013508B7F203007C670020CAF20300D4F2030076
S21401351807B5D0E9023103EB810253F821300B4994
S2140135281B785268012B0A4B08BF0B4612684FF0EE
S21401353800001A600092074A074B084918BF13464D
S214013548074A05F0D3FE03B05DF804FB8067002048
S2140135587C670020EFF20300E7F20300F9F20300AC
S214013568C074040038B5254A254B264C0020264948
S21401357805F0BCFE0020254905F0B8FE226824495E
S214013588002005F0CDFE2068224C234D05F088FE6C
S2140135982146002005F0AAFE2A682049002005F0E9
S2140135A8BFFE286805F07CFE2146002005F09EFE39
S2140135B81B4B1C491A781C4B002053F8223005F087
S2140135C895FE00F00DF919490246002005F08EFE19
S2140135D8174B00201A78174905F088FE164B17492D
S2140135E81A78002005F082FE04F0C6F9BDE83840D6
S2140135F802461349002005F079BE00BFC0740400D6
S21401360813F30300806700201AF3030022F3030074
S21401361830F3030093D903007C67002041F30300CD
S2140136288C5E002052F303008467002065F30300D4
S214013638715E002079F30300705E00208BF30300AF
S2140136489DF3030007B500F071F8054B0090054A95
S2140136580020054905F04AFE03B05DF804FB00BFEB
S214013668B3F30300C074040034EF0300F8B504464E
S2140136780B4F0C4E0C4D00200C4A0D4905F036FE3A
S21401368820463B7829783278F4F7B2FD00233B7060
S21401369833702B70FF21BDE8F840064821F092B838
S2140136A88C5E0020705E0020715E0020C0740400ED
S2140136B8B8F30300F440002037B51248FF2121F083
S2140136C881F8114B187810F0100505D0002003B0CA
S2140136D8BDE8304003F01CBF0121B42004F0C6FA4F
S2140136E804460A4B0A4A0B490090284605F0FEFD97
S2140136F82046FFF7BBFF4FF4806003B0BDE83040BB
S214013708FEF7E6BCF44000208C5E0020CFF30300F1
S214013718C074040034EF03000021024A0248FDF792
S214013728F5BF00BFC1360100F440002008B5054BBF
S2140137381B7823B11720FFF799FF002008BD022048
S214013748FCE700BF8C5E002010B550B1054B00F1B8
S214013758100250F8044B904243F8044BF9D1024B3F
S214013768197010BD725E0020825E002037B5174DB5
S21401377804462B78DB0626D50090154B0020154A03
S214013788154905F0B3FD1E2C0BD0652C09D0032C6A
S21401379819D0002023F086F940F61C40FFF766FF93
S2140137A80DE023F0A7F94FF4FA63B0FBF3F202FB3E
S2140137B81300C218FF21094892B220F0F2FF2B78B5
S2140137C823F010032B7003B030BD00BF8C5E0020C1
S2140137D8E8F30300C074040034EF0300F44000204B
S2140137E8014B1879704700BFFC57002070B54C4E46
S2140137F88EB0337803F0FB02A3F10905022AEDB275
S21401380858D0042B41F6041257D0A3F108014B42B5
S2140138184B415B0013434348ADF80C3021F07CFB69
S21401382848B9414B3F4A03F1100153F8040B8B4248
S21401383842F8040BF9D13D4B1B78002B3FD03C4B8B
S2140138480DF10E0203F1100153F8040B8B4242F8F6
S214013858040BF9D103A823F045F92328044610D10F
S214013868012D49D80020334A334905F03FFDBDF8FC
S2140138780C3003A823F40053ADF80C3023F032F9CA
S2140138880446002C41D14FF40C7023F029F9044664
S21401389800283AD103F0FAFE012D36D8274A01ABA3
S2140138A81068516803C3264901A823F077F978B34D
S2140138B819242AE043F60412A7E70223AAE7337875
S2140138C8042B0DD0082B0BD01E4B0DF10E0203F165
S2140138D8100153F8040B8B4242F8040BF9D1B9E7EF
S2140138E8104A0DF10E0302F1100152F8040B8A4238
S2140138F843F8040BF9D1ADE7337803F0FB03022B49
S21401390803D10020104905F0F1FC20460EB070BD29
S214013918044901A823F042F904460028C8D1F4E76F
S2140139288C5E0020605E0020B5F40300825E0020F5
S214013938725E0020C07404000CF40300C6F4030091
S214013948B0740400CFF4030067F4030070B50026D2
S21401395886B00446252023F0ABF816220021164827
S2140139680AF088F9154B1E60154B1878FFF76AFDA3
S214013978022814BF0123042303208DF8083023F0FE
S214013988E5F804238DF810300E4B02A8059303942E
S21401399803F030FD05460C4B0C4A19680C4B3046B3
S2140139A8A14208BF134600940A4A0B4905F09EFC3B
S2140139B8284606B070BD00BFFC5700201441002001
S2140139C88C5E0020B53C010080670020E7F203000A
S2140139D8EFF20300C0740400E0F4030008B5134ACC
S2140139E81378042B09BF124B01331B78C3F1060366
S2140139F8DBB2137003F0FD02092A04D11720FFF782
S214013A0835FE172008BD0A4A1278002A14BF052277
S214013A1806229A4207D1074B18680028EED0FFF70E
S214013A2895FF4D20EEE70020ECE700BF8C5E0020F6
S214013A38825E00207C67002073B51E4C1E4E2368EC
S214013A483268134334D01D4B1B6853B31C4D2B7877
S214013A583BBB03F091FFF8B94FF48060FEF71EFBFD
S214013A68184B24681B7894B1C3F102032B7003F03A
S214013A7847FD2046FFF76AFF04460020124B134A0B
S214013A881349009405F032FC204602B070BDC3F11C
S214013A98060334682B70EAE70121B42004F0E6F83F
S214013AA8EAE70020094A0B4905F020FC0224E4E76E
S214013AB80224E9E7806700207C670020B8430020DD
S214013AC88C5E0020825E002028F50300C074040086
S214013AD834EF03000EF503002DE9F347384D394E50
S214013AE800202A792B88384905F000FC32682879A5
S214013AF822FA00F010F0010002D1344905F0F6FB75
S214013B08334F3C783CB10822324933480AF0FEFB71
S214013B18041E18BF0124DFF8DC80DFF8A490DFF864
S214013B28B4A014E098F8000049460130C0B288F8FD
S214013B38000022F0AFFF002835D13C783CB10822BE
S214013B48514625480AF0E2FB041E18BF01242A79CB
S214013B583368D340DB07E5D5002CE3D100922B88E8
S214013B681E4A1F49204605F0C1FB1E4B1878FFF771
S214013B7869FC01230322124922F092FF1A4A0546DC
S214013B8813780133137010B902B0BDE8F0872046E8
S214013B982B46124A154905F0A9FB284602B0BDE88E
S214013BA8F047FFF763BD0020114905F09FFBFFF7BB
S214013BB815FF0028E8D102B0BDE8F04700F01CB8B0
S214013BC8FC570020144100202EF503005FF5030082
S214013BD88B5E0020835E00200A580020C074040013
S214013BE82EF603008C5E0020705E0020CFF50300E1
S214013BF8F8F503005F5E00202DE9F041214C224DC7
S214013C082378002055F82330204A214905F06EFB19
S214013C18FFF7ECFD03461D4E1E4FDFF874802BB9E7
S214013C282378042B15D8B3B91B4B15E03246394611
S214013C38002005F05BFBFFF7D1FE00BB2378324678
S214013C4855F82330414605F051FBFFF7CFFD0346F3
S214013C58E5E7092BE8D1114B00201B68104A1149EA
S214013C681360114B187022F015FF20B1BDE8F04122
S214013C780120FFF7FBBCBDE8F041FFF72DBFBDE80B
S214013C88F08100BF8C5E002084670020C0740400A9
S214013C984EF603005BF603007C6700208067002071
S214013CA814410020FC5700205F5E002070B51C4CB4
S214013CB823789BB3838913F4407F2FD0056835B1E9
S214013CC82A46BDE870400020164905F00FBB22F0D1
S214013CD8DFFE154E03463070144A2846144905F08F
S214013CE805FB33781BB1BDE87040FFF785BF237825
S214013CF8082B0CD8042B0CD80E4B1B78C3F10603E3
S214013D0823700D4BBDE870401868FFF71FBE0A2BDD
S214013D18F2D1BDE870401820FFF7A8BC70BD00BFFF
S214013D288C5E002086F60300715E0020C0740400D5
S214013D38B3F60300825E00207C67002030B5464D4E
S214013D4803460446454A0020454987B005F0CEFAA1
S214013D582B782BBB01A822F023FF022301A88DF89C
S214013D68043022F00BFFB0B93E4901A822F008FF43
S214013D7888B1152C0FD122F0BDFE47F23153B0FBA6
S214013D88F3F202FB130000F51C50103080B203F06A
S214013D98BFFB07B030BD162CFBD103F0F3FBF8E7E9
S214013DA8152C2AD100202D4A2F4905F09FFA2B7889
S214013DB8042B11D0082B0FD02C4B1B78DA070BD409
S214013DC801A822F089FE18B9BDF804309B0703D470
S214013DD82B7843F010032B7022F08CFE4FF4FA6315
S214013DE8B0FBF3F2FF2102FB1300C218204892B27F
S214013DF807B0BDE8304020F0D4BC22F0ADFE044642
S214013E080028C6D12B78013B092B1ED8134A19491D
S214013E1805F06CFA184A194913780133D8B21070AC
S214013E2822F038FE60B12046154905F05FFAFFF723
S214013E38D5FD0028ADD107B0BDE83040FFF7DCBEA0
S214013E4807B0BDE83040FFF747BE40F61C4007B054
S214013E58BDE83040FFF70ABC8C5E0020C074040041
S214013E68D7F60300B0740400EEF603005E5E002089
S214013E78F440002001F703005F5E0020FC57002095
S214013E88F8F503002DE9F0410B4686B004460E46C8
S214013E9817463A490246002005F028FA4FF000086E
S214013EA80123CDE901380DF116030093424640235C
S214013EB80621204622F0D0F8054640B10246304990
S214013EC8404605F013FA284606B0BDE8F0819DF88D
S214013ED816202AB936B900202A4905F007FAF2E76A
S214013EE8012EF8D082F00103002027498DF81730FB
S214013EF805F0FCF99DF817300DF1170633B31023BA
S214013F080022CDE9006306214023204622F06FF8FF
S214013F18064630B1324600201C4905F0E7F9354619
S214013F28D1E74FB90821204621F0C3FE20B120462B
S214013F389DF8171022F09CF90521204621F0B9FEBC
S214013F480028C0D0204622F090F9BCE74FB90821D6
S214013F58204621F0AEFE20B120469DF8171022F02B
S214013F6887F910230022CDE9006306214023204665
S214013F7822F03DF806460028DED0CBE730F90300EC
S214013F884CF9030065F9030085F90300A5F9030058
S214013F98002208B5034B11461B681B685879FFF7C2
S214013FA871FF08BD7C44002008B5044B00221B683D
S214013FB801211B685879FFF765FF08BD7C4400207E
S214013FC808B5044B00221B6802211B685879FFF7C5
S214013FD859FF08BD7C44002010B50123002488B091
S214013FE801A88DF80430CDE90244F5F711FC204606
S214013FF89DF80420124905F079F92046039A1149DB
S21401400805F074F92046029A0F4905F06FF9102257
S2140140180E4B0DEB0201188840F0604040F480100A
S214014028FBF744F920460A4905F07AF904A822F074
S2140140389FF92046074905F059F908B010BD00BF99
S214014048BEF90300DDF90300FCF9030070740400EF
S2140140581BFA03002522040008B520F08EFF002075
S214014068024905F043F9012008BD00BF38FA0300EC
S2140140780023054A8360C360044BC0E9002311B1DD
S2140140884FF6FF730B80704749101CB200300311BE
S21401409810B5044660B10020064905F027F9052C3D
S2140140A806D002F0CBF904490246002005F01EF9B5
S2140140B8012010BD4CFA03005DFA030037B5002154
S2140140C86A4601AB054621F019F8044668B1002294
S2140140D80F49104605F00AF902F0B0F90D490246F3
S2140140E8002005F003F903B030BD0B4905F0FEF8D2
S2140140F801201FF058FF01F099FF431C02D007F07A
S2140141089DFFF0E721462846FFF7A6FFEBE700BF2D
S21401411886FA03005DFA0300CEFA030038B50546B1
S21401412801F084FF044622F06CF84DB100200E49D8
S21401413805F0DCF8631C14BF2046002007F040FF9A
S21401414820F029FF0228044605D0012805D10020C1
S214014158064905F0CBF8204638BD0020044905F08D
S214014168C5F80024F7E700BFEBFA030005FB0300D8
S2140141781EFB030008B50020034A044905F0B6F8FB
S214014188BDE8084000F050BDC80A040037FB03002C
S21401419808B50020034A044905F0A8F8BDE8084018
S2140141A801F0CAB956FB030037FB03001FB5D0E977
S2140141B8023253F8223068461C78214601F0D0FBBB
S2140141C8684601F073FC28B92246044905F08EF8C2
S2140141D804B010BD6846FFF771FFF9E75CFB030002
S2140141E80020014905F082B878FB03007FB50DF180
S2140141F8060102A8FFF73CFF0020264905F076F8DD
S2140142080020BDF80820244905F070F80020BDF804
S2140142180A20224905F06AF8039A0020204905F089
S21401422865F800201F4905F07BF84FF6FF73BDF8C7
S21401423806209A4229D000201B4905F057F800208D
S2140142481A4A1B4905F052F800201A4A1A4905F07D
S2140142584DF800221949104605F048F80020154A7D
S214014268174905F043F80A220020164905F03EF8DA
S2140142780A220020144905F039F80A2200201349B9
S21401428805F034F807B05DF804FB0020104905F086
S2140142982DF8D4E787FB03009FFB0300B8FB030058
S2140142A8D1FB0300EAFB0300F5F90300E0930400E1
S2140142B800FC0300C02709001FFC03003EFC0300A6
S2140142C85DFC03007CFC03009BFC0300B9FC0300B7
S2140142D8FDFB030008B50020034905F007F8BDE813
S2140142E80840012001F0FAB9D7FC030008B5002000
S2140142F8034904F0FBFFBDE80840002001F0EEB9D1
S214014308F0FC030030B5104B104D1B5C85B08DF8E2
S2140143180F302B780446834206D00D4B0D4953F8CF
S2140143282020002004F0E2FF30232C700A48019375
S2140143380DF10F030093062280231921007821F03E
S21401434856FE05B030BD00BFD7740400945E002049
S214014358E474040008FD0300F16B00201FB5232355
S21401436803900193064803AB009301228023192189
S214014378007821F03CFE039805B05DF804FB00BF09
S214014388F16B002073B5164D04462B78154ECBB14C
S21401439820F022FE012815D0346040F6B244124BB4
S2140143A81B78072B17D02D78C5B920F015FE031EEC
S2140143B818BF01230D48009522461921007821F0DF
S2140143C89AF903E000233360002CE8D1201E18BFB9
S2140143D8012002B070BD02250123EBE70025FBE7AB
S2140143E8915E002018410020945E0020F16B0020A9
S2140143F808B50448FFF7C6FFBDE808400220FFF7E6
S21401440881BF00BFC027090010B5064C208821F0DF
S21401441830FF608821F02DFF6068BDE8104021F06C
S21401442837BF00BF1C4100207FB523238DF813300A
S2140144380DF11303029304230648019305AB009379
S214014448012280231921007821F006FE059807B07D
S2140144585DF804FBF16B00202DE9F047DFF84C917D
S214014468044699F8000090460F4621F004FC0B28F4
S21401447899F8002005D9BDE8F04700203F4904F027
S21401448835BF00263E4B3F4D1E803F4BDFF820A12F
S21401449803EB00135B8801202B802A7104F04EFE83
S2140144A805F0F6FE04F04AFE204604F047FE012316
S2140144B8042C8AF800300BD8022C45D89C4216D01A
S2140144C82346BDE8F0470020304A314904F00EBFC4
S2140144D8062CF5D130462F4904F008FF384604F07B
S2140144E82DFEFFF791FF97B18AF800600FE04FF6AF
S2140144F8FF76294F3888801B18BF012004F01EFE5E
S214014508FFF782FF3888B04201D021F0B2FE1923A6
S2140145186B8099F8003000202B71204B1B786B714B
S214014528EB8843F04003EB801D4B198821F050FEC1
S214014538034620B1224600201A4904F0D7FE404619
S214014548BDE8F047FFF71EBF304604F0F7FDFFF75A
S2140145585BFFFFF769FF21F09BFE134B1B78002BCF
S2140145680CBF3F20202004F0E9FD042CCFD14FF4E6
S214014578806021F07EFE3220C7E700BF1BFD0300E6
S2140145882058002024580020EC420020D5EA0300D9
S21401459867FD03004AFD030014580020F06B002055
S2140145A8906B002080FD0300905E0020F16B0020D8
S2140145B8915E002038B5044605200D46FFF7A2FE99
S2140145C8184B1A884FF6FD739A4207D100201649F0
S2140145D804F08CFEBDE83840FFF70ABF65B1134A00
S2140145E813780133DBB2092B137014D90A22002081
S2140145F80F4904F07BFEEDE7012C0ED10B4B1D7025
S2140146080C490D48FFF734FDBDE83840002101206C
S2140146180A4AFFF721BF012CF2D0BDE83840074807
S214014628FFF7B0BE906B0020BAFD0300935E002032
S214014638E5FD0300145800201C410020E093040007
S21401464808B50649002004F051FE0548FFF736FD77
S214014658BDE8084000210846FFF7ACBF29FE030065
S2140146681C410020814237B50346154608D2002072
S21401467800910F4A0F4904F039FE002003B030BDFF
S2140146880C1A224600200C4904F030FE40F6BB53B3
S21401469822460020094904F029FE4FF47A735C4348
S2140146A8074B01209C4294BF2C602B60E6E700BFB5
S2140146B8D5EA03003AFE030077FE030092FE0300E4
S2140146C880EE360010B504460820FFF71BFE0D4B9A
S2140146D83CB91C700021BDE8104006200A4AFFF7C5
S2140146E8BBBE1B78092BF5D90A220020074904F01E
S2140146F8FDFD0020064904F0F9FDBDE81040FFF76E
S2140147089FBF00BF935E0020C0270900BEFE0300BE
S214014718FFFE030073B51F4D2C7834B100201E49E7
S21401472802B0BDE8704004F0E1BD0220FFF7EAFDE3
S214014738FF221A4E1A4B30781A7021F09CFA0B2871
S21401474807D920463278174902B0BDE8704004F010
S214014758CDBD154B1549009301EB00110123192214
S2140147684FF6FD70498805F037FA70B120461049B2
S21401477804F0BCFD00220F4B0F481C700F4B1A703B
S21401478802B0BDE87040FFF7FDBD01240C492C704E
S214014798EEE700BF925E002010FF0300F16B0020D9
S2140147A8F06B00201BFD0300AD4A0100EC4200201F
S2140147B851FF0300915E0020C0270900935E002088
S2140147C877FF030038B5144D04462B78052B21D9FD
S2140147D81249FFF75DFC24B918B9114904F086FDA2
S2140147E80424104B195D21B9BDE838400846FFF787
S2140147F869BF032C06D02B78052B03D006200A4A5E
S214014808FFF72AFE0021094B08461970BDE8384013
S214014818FFF7D0BE38BD00BF945E00201C410020C3
S21401482899FF0300CD740400C0270900915E00209B
S21401483830B5044689B00720FFF764FD052C0AD178
S21401484800222A4B03A91A7002A804AA01F0FEFD49
S21401485830B1022045E09CB90122244B1A7002248B
S214014868224D287878B1421E504221495041FFF71F
S21401487855FC022304462B70022C0ED10A200FE0A9
S214014888022CE6D1EBE7631F5A424FF005001849A0
S2140148985A4120F0A8FB0446EEE7032C04D1002079
S2140148A8FFF770FD09B030BD062C06D1002011496E
S2140148B804F01CFD01232B70E0E70F4A0F4B287804
S2140148C8002C18BF13460E490E4A0094002808BF4C
S2140148D80A4600200C4904F009FD201E18BF0120D5
S2140148E8400009B0BDE83040FFF76CBF8F5E00207E
S2140148F81C410020D4FF0300CDFF0300C6FF0300C0
S214014908B5FF0300BFFF03000F00040013B51F4CDB
S2140149180620FFF7F7FC2278092A09D900201C4946
S21401492804F0E4FC042002B0BDE81040FFF74ABFDB
S214014938184B1B782BB300201FF059FB20F04CFBBB
S21401494868B9FFF771FD144B196820F03CFB024665
S2140149580420002102B0BDE81040FFF77DBD01A884
S21401496820F038FBFF2809D14FF4FA602378013389
S214014978237002B0BDE81040FFF704BD0198FFF7A9
S214014988EDFC4FF4FA620320E3E700BF935E0020D4
S2140149982A000400905E00202C410020F023F0B588
S2140149A889B0CDE900033448802300221921007814
S2140149B8324E334F21F01BFB0020324904F096FC9F
S2140149C83246394603A801F041FD032804462E4D18
S2140149D81CD10626039A2D49002004F087FC03986B
S2140149E8FFF7BCFC0020396800F0ACFE2E7001F021
S2140149F89FF900220446264B30461A70FFF782FCC0
S214014A0884BB09B0BDE8F040FFF780BF28BB7268D9
S214014A18204904F06BFC214604A8FFF729FB059BF7
S214014A28726893420BD020461B4904F05FFC0723AB
S214014A3805202B7009B0BDE8F040FFF7F9BE1A460D
S214014A482046164904F052FC0523002101202B704C
S214014A5809B0BDE8F040FFF7ADBD0020104904F0ED
S214014A6845FCF1E7042C05D0042009B0BDE8F04068
S214014A78FFF7A8BE09B0F0BDF16B00201C4100206D
S214014A882C41002062000400945E0020930004007C
S214014A98935E0020CE000400070104005B010400B9
S214014AA897010400F7B50446876800202378364D39
S214014AB8012B287004D0354B3549187004F016FCC4
S214014AC826785EBB334B1B78FF2B04D103B0BDE8B9
S214014AD8F040FFF78DBC304B1B78032B11D82F4CB9
S214014AE80320FFF70FFC6946208822F01DF80028EE
S214014AF843D02B49208805F0EDF820B12E70FFF73A
S214014B0877FC03B0F0BD0124204B26491C7004F045
S214014B18EDFB0320FFF7F6FB2C70F2E7012E25D1FB
S214014B283B78002BEDD01B4D2B78FF2BE9D1A688BF
S214014B3802F04AFF864206D100201B4903B0BDE8B1
S214014B48F04004F0D3BB194BA2881B783BB132B1B5
S214014B581749002003B0BDE8F04004F0C7BB7B68E6
S214014B6814491B782B700D4B1A80F2E7032E08D1D7
S214014B7808226846A16809F0CFF86846FFF70EFFD5
S214014B88BFE700232B70A1E7915E0020925E00200C
S214014B98B2010400F06B0020945E0020906B0020A8
S214014BA8AD4A010077FF0300D20104008E5E0020A3
S214014BB8F8010400230204007FB5094B1A78FF2A7E
S214014BC80AD1187001F088FB0022064B0DF1060188
S214014BD802A81A80FFF74CFA07B05DF804FB00BF7D
S214014BE8F16B002012580020152838B517D10C4B48
S214014BF81D78A5B921F07EFFC4B2012C38BF012467
S214014C080120FFF77FFB28462246064904F06EFB83
S214014C184FF47A706043BDE83840FFF7B3BB38BD40
S214014C28945E002040020400034B1B78022B01D837
S214014C38FFF770BD704700BF945E002070B5284C22
S214014C4820F0C5F92578274EBDB10020264904F085
S214014C584DFB264A137801331370002323703378EB
S214014C68062B0AD1BDE87040214B1868B0F5FA6FDB
S214014C7838BF4FF4FA60FFF785BB3378013B082B42
S214014C882CD8DFE803F005090D2B13191D22270080
S214014C98BDE87040FFF7C8BFBDE87040FFF73ABDF2
S214014CA800232370BDE87040FFF7A2BB2946BDE884
S214014CB870400120FFF77EBCBDE87040FFF726BEB6
S214014CC80220BDE87040FFF7B3BD0120BDE8704083
S214014CD8FFF7F8BCBDE87040FFF7B2BC70BD00BF77
S214014CE8915E0020945E00206F020400935E00200F
S214014CF81841002010B90520FFF764BD034B1B7847
S214014D08062B01D1FFF79ABF704700BF945E0020BB
S214014D182DE9F0478E68054633189A780C46092A15
S214014D288EB008D90020A34904F0E0FA852420466D
S214014D380EB0BDE8F08750B98B899F49895C8B42D4
S214014D4805D200919D4904F0D1FA8024EFE79C4BE7
S214014D58E7881B889F4236D09A490978012932D9B3
S214014D6832B13A460020984904F0C0FA7E24DEE7BC
S214014D78964B1A70934B26791B78052B03D0012B7B
S214014D883AD8FFF751FF5EB93146204621F095FB28
S214014D980346002851D030468D4A8E4904F0A6FABB
S214014DA8D4F80880A48998F8037098F80450002E5F
S214014DB84CD13046884A894904F098FA00210120E6
S214014DC8FFF7F8FB4FE00021804B1970072A00F225
S214014DD88A8301A353F822F07D4D01002B4F010071
S214014DE82B4F01003D5101003D5101003D5101008D
S214014DF8D3530100D3530100022B17D102F0E4FD6F
S214014E088742B3D00020764A764904F06FFAFFF756
S214014E1881FC46BB3146204621F04FFB034610B3C2
S214014E286B4A6C49002004F061FA1CE06E4A0020C7
S214014E386E4904F05BFA012479E7A3681B78DA0661
S214014E48AED432466A4904F051FAA9E700210AA805
S214014E58FFF70EF9032F08D95F4B664A6649009794
S214014E68002004F043FA002461E76B1E632B04D983
S214014E78594B604A61490095F2E7614BE4B2DB5D44
S214014E889C4209D0CDE901430020534B594A5D495C
S214014E98009704F02BFAE6E757B3A4B22246052199
S214014EA8404621F023FABDF82830834203D04A4B06
S214014EB8554A5649B6E7012F1AD0224607214046D9
S214014EC821F014FABDF82A30834203D0424B4E4AE9
S214014ED84F49A7E7032F0BD122460921404621F067
S214014EE802FA0B9B984203D13B4B474A494999E73B
S214014EF8642D3FF463AF21F0FDFD6423C0B2B0FB1F
S214014F08F3F203FB12030133DBB29D42BFF456AF43
S214014F18CDE900530020304B3B4A3F4904F0E6F9FF
S214014F28A1E7284B1B78052B01D03C4A7FE7EB1CF1
S214014F38DBB2277BF45C44B123460020374A384964
S214014F4804F0D4F900210C460BE00F2F0DD81023DE
S214014F58204634490093314A3B4604F0C7F9802479
S214014F6801210020FFF726FBE1E60435EDB22046D5
S214014F782A4A2D4904F0BAF97A1B7119D2B206A841
S214014F8820F038F805443A46E9B2304621F0ABF944
S214014F98264D069A2B68264F9A42386001D100287A
S214014FA84AD1244900201D4A04F0A0F9852401218C
S214014FB8D7E700BF8C02040010750400A4020400A1
S214014FC8906B0020945E0020D3020400915E0020BE
S214014FD84903040051030400D9030400EE03040046
S214014FE8170304002403040079030400860304005D
S214014FF8A3030400030404000B04040025040400AE
S214015008D374040043040400980804007D040400D3
S214015018A7040400CF040400F60404002A050400CB
S21401502844050400730504008A0504001C41002099
S2140150382C410020B305040000F08EFF3E68B04204
S2140150480AD200F089FF9D4903463246204604F0FD
S2140150584DF98924012184E7079A6B689A4205D19C
S2140150682046974A974904F041F96BE7964909782B
S21401507859B19A4209D22046944904F037F9962143
S2140150880620934AFFF7E8F95CE7924A924905A891
S21401509801F0DCF9079E48B96A68964206D88F4936
S2140150A804F024F90520FFF7C3FB40E6324600204A
S2140150B88B4904F01BF939680027002000F042FBF1
S2140150C800206E60FFF74AF9864B06201F80FFF71F
S2140150D819F9854B1F7001F0B1F90646F8B94FF674
S2140150E8FF73824A0AA81188994214BF13463B46A1
S2140150F86A88298801F012F90AA800F0D7FC58B185
S2140151080AA801F0DDF938B13046794904F0EEF81D
S2140151180420FFF757FB0AE6FFF7F8FB07E6042823
S21401512805D1744B1921187820F0FCFAFFE53846AA
S2140151387149EBE7714B1B78062B01D0704A76E66E
S214015148DFF8A0A1EB1C94F80C90BAF80080DBB24B
S2140151582EB930466B4904F0C9F88724E7E5F75CB1
S2140151682C1D972FE4B22FD025D8812F71D0952FDB
S21401517867D017BBB9F1100F7FF6E7AD31194A466C
S2140151880AA81FF037FF0444E4B221464A463046CF
S21401519821F0A9F8231DDBB2053416F803A0E4B202
S2140151A8A9EB04035345054666DA00933846534689
S2140151B8534A5549C7E5982F43D03B460020504AE5
S2140151C8524904F093F8C8E7B9F10A0F7FF6BDAD66
S2140151D81FFA89F721463A46304621F084F805F148
S2140151E8080104463A46C9B2304621F07CF80AAAB4
S2140151F801462046FFF736FA08B9454B0A93B9F136
S2140152080C0F12D905F10C013A46C9B23046DDF841
S214015218288021F06BF8044602463E49002004F037
S21401522865F8AAF8004044440A940A9C3A4922467A
S214015238002004F05BF82046FFF7A4F81FF0D2FE22
S21401524811E63649002004F051F80320FFF7BAFAB0
S21401525809E6334C23786BB11FF0B7FE50B1002036
S214015268304904F043F8002323701FF0BBFEFFF714
S2140152784DFBF8E52C49E5E7DFF8A49099F80030EE
S21401528843B9FFF7D1F88542034607D01C4A274998
S2140152980095E5E51FF0A0FE0128F2D110220D4881
S2140152A80AA909F033F810B9BAF13F0F42D9144ADE
S2140152B81F49002004F01AF84FE700BFD205040082
S2140152C82A0504000A0604008D5E00203F06040035
S2140152D8C02709001C4100202C410020CE000400F4
S2140152E88006040012580020935E002014580020FF
S2140152F8A2060400F16B0020C1060400945E00209B
S214015308E7060400FC060400290804000B0804004C
S214015318E0930400370704006207040081070400CD
S214015328905E00209D070400DC0704006508040061
S214015338A10804006D4B187099F800304BB11FF0A6
S21401534844FE30B128461FF043FE042807463FF4C2
S2140153588AAD5146284632191FF07DFF28B1002034
S214015368634903F0C3FF042070E799F800305544F9
S21401537863B11FF02AFE48B1FF2FF4D0012F3FF486
S21401538872AD032F16D11FF02BFE05462846FEF7F1
S214015398E5FF04460246052156481FF052FE564BC5
S2140153A81B689C420AD320461FF050FF0520FFF7D2
S2140153B83FFA58E51FF012FE8046E7E74046FEF73B
S2140153C8E1FF00287FF44FAD51E74C4B1B7803F003
S2140153D8FD03082B01D04A4A29E5A48935B1F2789C
S2140153E822B10020474903F081FF2EE7E4B22246A6
S2140153F8F11C0AA81FF0FEFD434BBDF828201988AA
S214015408054691420DD04FF6FF718A4209D03C4AB3
S21401541800203E4B3E4903F083FFBDF828203D4956
S21401542847E7BDF82A20598891420CD04FF6FF71FC
S2140154388A4208D0324A0020374B354903F070FFBC
S214015448BDF82A20EBE70B9A5B689A420AD001322C
S21401545808D02B4A2E490020304B03F061FF0B9AE7
S2140154682F4926E7A4B2E91C2246C9B2304620F0E5
S2140154783AFFE91DC9B207462246304620F033FFF7
S214015488431C014606D10820FEF73CFF2548FEF7D7
S21401549879FFE8E4384606AAFFF7E4F8A8B9214BED
S2140154A80693214B00221978204B18781FF07EFDB1
S2140154B8069C2046FEF766FF224600201C4903F09C
S2140154C815FF0920FEF71EFFCDE440F6B733069A0E
S2140154D89A42E6D840F6B8320020164903F006FF8D
S2140154E840F6B833DCE7812421E400BF935E002050
S2140154F8D4080400F70804002C410020945E00201C
S21401550800090400150904001C4100209704040042
S2140155183C090400F5F90300C10404005709040016
S2140155285411040080EE3600F06B0020F16B002069
S2140155388F0904006409040008B50420FFF742F93E
S2140155480020FEF7DFFE0023054A19211370054ADD
S2140155581370054B1878BDE8084020F0E3B800BF83
S214015568915E0020925E0020F16B002010B5164B6C
S214015578164C1A78164B002053F82220154903F0CA
S214015588B5FE2178144B154A0020002918BF1A4683
S214015598134903F0ABFE23782BB1124B00201A688F
S2140155A8114903F0A3FEFEF73FFF0446FEF73CFF52
S2140155B80E4B19681FF038FD2246BDE81040034619
S2140155C80B49002003F092BE945E0020915E0020F5
S2140155D8E4740400AB09040081100400621004009E
S2140155E8B809040018410020D20904002C41002003
S2140155F8EB09040038B5014604460020FFF788FB8E
S214015608054698B1E37C00200A4A0B4903F06EFE72
S2140156182379042B0AD02946204620F04EFF03465C
S21401562820B10020054A064903F060FE6FF0FF002E
S21401563838BD00BFD5EA0300130A04004903040075
S2140156485103040010B51346094A127882420DD157
S21401565863B1084A002014680A46074903F046FE63
S2140156682146BDE810400120FFF752BB10BD00BF20
S214015678F16B00207C440020350A040010B50D4B60
S2140156881C782CB1BDE8104000200B4903F02EBE53
S2140156986420FEF763FE4FF6F0716FF00F02074BBA
S2140156A80320C3E9001222462146BDE81040FEF752
S2140156B8D3BE00BF945E00206E0A04001C41002081
S2140156C8014B1870704700BF905E0020002106202D
S2140156D8014AFEF7C1BE00BFC0270900014B18707A
S2140156E8704700BF8D5E0020114B2DE9F04107463B
S2140156F80D4618680F49101A09681FF095FCDFF85F
S21401570840800D4E98F800400346FF2C307004D0B8
S214015718A8420AD32C44A04207DB3A460020074990
S21401572803F0E4FD337888F800303078BDE8F0817E
S2140157383441002030410020955E00209C0B040077
S214015748F26B002050EA010208D0FF22054B091A25
S2140157581A70054B1860054B1960704711461046BC
S214015768FFF7C2BFF26B0020344100203041002011
S2140157782DE9F04FAFB006AD284600F0FDFD002636
S214015788624FDFF8D091284600F090F9044648B9F0
S21401579800F0BEFD5E490246204603F0A7FD2FB085
S2140157A8BDE8F08F39460020F2B203F09FFD284687
S2140157B816A900F0FFFD044620B15649002003F063
S2140157C895FD8FE0BDF85820534903F08FFD4946F3
S2140157D82046BDF85A2003F089FD2046BDF85C2016
S2140157E84E4903F083FD2046BDF85E204C4903F080
S2140157F87DFD2046BDF860204A4903F077FD204626
S214015808199A494903F072FD2046BDF868204749B0
S21401581803F06CFD204646490DF16A0203F066FD69
S21401582844492046239A03F061FDBDF85C30D90748
S21401583805D520469DF890203F4903F057FDBDF851
S2140158485C309A0714D500203C4903F069FDBDF881
S2140158585830B3F5807F4FD1002020F08EFD18B167
S2140158680DF1910003F0C4FC0020354903F03EFD1C
S214015878BDF85C305B070BD50020BDF8B220314976
S21401588803F034FD0020BDF8B4202F4903F02EFDA7
S214015898062228460DF116030AA91FF0F4FB044652
S2140158A890BBBDF81620294903F020FDDFF8A8A013
S2140158B8DFF8A8B00DF12808BDF81610A2B291427B
S2140158C810D9B8F800205146002003F00FFD013426
S2140158D8D8F804205946002003F008FD062C08F1E4
S2140158E80808E9D16C46204600F05AFD94E80F00F6
S2140158F8013685E80F0046E70123202200200DF136
S214015908910103F057FCAFE7114957E7AE0B0400C6
S2140159187B0D0400B70B0400DB0B04000F0C04001E
S214015928280C0400410C04005A0C0400730C0400F3
S2140159388C0C0400A10C0400BD0C0400D60C040059
S21401594825220400E90C0400020D04001B0D0400C6
S2140159584E0D0400F40B04002C0D04003C0D04004D
S2140159682DE9F04188B004AD04462846884600274C
S21401597800F002FD6E46474507D195E80F0084E81A
S2140159880F00204608B0BDE8F081304600F008FD5B
S21401599896E80F0085E80F00284600F087F80137DB
S2140159A80028E8D1014B0FCBE9E700BF6477040074
S2140159B81FB5D0E9023253F8223068461978FFF746
S2140159C8CFFF684600F07CFD48B1042809D1074A94
S2140159D80020074903F08AFC05B05DF804FB054A78
S2140159E8F6E70020044903F081FCF5E71D170400DB
S2140159F8960D0400CD100400A206040010B5D0E9E7
S214015A08023203EB8201496853F8223098B00C68D9
S214015A1804A81978FFF7A4FF03AB40220093214698
S214015A2808AB04A800F0E2FC024628B100200E49A3
S214015A3803F05CFC18B010BD039808A900F0070431
S214015A480122C0F3C70003F0FBFB039908A8091B52
S214015A580144064801232246008803F0ABFB0448AC
S214015A6803F0E4FBE6E700BFA60D0400305800206B
S214015A7825220400F0B504460D460B4BEF880FCBE4
S214015A8884E80F00AB882E899B0741BFD5F83900FB
S214015A98D5F83D1004F1080303C3EA6820462780B9
S214015AA866806260F0BD00BF1C750400102208B550
S214015AB8034908F02BFC003818BF012008BD00BFB9
S214015AC86477040008B521F073FCC288FF219208A8
S214015AD8012A38BF012202481EF063FE012008BDD4
S214015AE84441002038B5134690B10120274A10706A
S214015AF8274A00201160274A13600A46264903F000
S214015B08F5FB02F043FB254B1870022002F044FB1C
S214015B1821F069FCE8B91D4D1D4C2B782BB921F0F5
S214015B2847FC2268C368134423601A4B24681B6821
S214015B389C4229D221F03CFCC168204606F022F896
S214015B48002402462C7050B921F04DFCFFF7BAFF2D
S214015B5803E0FFF7B7FF0028DDD0012038BD204657
S214015B680F4903F0C3FB0D4B187802F015FB002014
S214015B780C4903F0BBFB00F091F908B900F0AEF947
S214015B882046FFF7B7F8E8E70124ECE7975E002020
S214015B983C41002038410020CD0D0400965E0020CF
S214015BA8F90D0400190E040038B500F04BFA044646
S214015BB800F042FA241A21F0FBFB054618B9B12178
S214015BC81B4826F0DCFEAB8803F00303032B03D047
S214015BD8B221174826F0D3FE00F02EFA05461FF02C
S214015BE8C5FA01238340013B2B4203D0B421104858
S214015BF826F0C5FE1FF0BAFA01238340013B234273
S214015C0803D0B5210A4826F0BAFE05F091FD0546EF
S214015C181FF0ACFA4FF48063B3FBF5F3C440A3421C
S214015C2805D2BDE83840BA21014826F0A8BE38BDDD
S214015C382F0E0400FF2108B504481EF0C3FDBDE879
S214015C480840002211461046FFF74CBF4441002089
S214015C58F7B504460E4600F089F8054621F0A8FB7C
S214015C68C3682B449C4220D31FF080FA2C44C440BE
S214015C78013C114F3B68DEB1A34219D10134002320
S214015C88ADF8043000F0E4F9054605F051FD10358D
S214015C9804FB005405F04CFD01A90246204605F018
S214015CA899FD1FF073FA386004E04FF0FF34E0E71F
S214015CB8A342E4DB03B0F0BDB06700204FF0FF322B
S214015CC80A4B10B51A600022094B1A7000F0B4F995
S214015CD8044600F0B7F9214602460120FFF702FF05
S214015CE800280CBF0120042010BD00BFB0670020AB
S214015CF8985E002038B500F0D1F808B9002038BD04
S214015D08094D0A4C2B7823B91FF040FA012320606D
S214015D182B7024681FF02AFA01348440EED000F074
S214015D2825F82044EBE700BF985E0020B067002006
S214015D3870B50D4C2368002B01DA012070BD00F008
S214015D487BF9054621F034FB2468C6681FF00EFA75
S214015D58013404FA00F1294401208A19FFF7C2FE2A
S214015D680028EAD00420E9E7B0670020024B18684B
S214015D780C301FF03BBA00BFB4670020FF2307B5FD
S214015D880021044A04480093FBF78AFC03B05DF837
S214015D9804FB00BF3D5C0100444100200E4B70B57A
S214015DA81C680546036804F582641C440E46FFF722
S214015DB8DDFF2B68834208D232681A44824208D92A
S214015DC8C31A012033602C6070BD044A126813445C
S214015DD81C1A0020F7E700BFB467002040410020E6
S214015DE82DE9F04FB3F5803F87B00F4698460190EE
S214015DF803D3002007B0BDE8F08F03A904A8CDE9B6
S214015E080332FFF7CBFF0024824600F10109DFF8D1
S214015E1888B05FFA89F9019BDDE90356AAB27BB11E
S214015E283046109921F0CBFA0028E2D1B9F1020FD9
S214015E382BD1DBF800300493019B03BB2F4421E0F0
S214015E483946304605F0C6FC0028D2D1BAF1000F13
S214015E58ECD0002CEDD105F06BFC2E44B6FBF0F32C
S214015E6803FB10600028E4D005F062FC05A9024691
S214015E783046059405F0AEFC0028DAD0B9E7109B49
S214015E882B441093A8EB05050395631C4B454FF06F
S214015E980104C0D32046ADE7404100207FB56B46DC
S214015EA80C4A1068516803C390680C2218600A4BA4
S214015EB80DEB0201186821F082FA0C2268460DEBF8
S214015EC8020108F023FAB0FA80F0400907B05DF83D
S214015ED804FB00BF2C750400B46700201FB5084AF0
S214015EE801AB1068516803C3906801A91860054B97
S214015EF80C22186805F06EFC05B05DF804FB00BFBF
S214015F082C750400B4670020F7B5044615460E46FE
S214015F1881B9072A03D80024204603B0F0BD0D4BEB
S214015F2880791968E379063000EB03200C3180B2DA
S214015F381FF066F9002721462B4632463846009759
S214015F48FFF74EFF04460028E5D039467019FFF7DB
S214015F587FFEE1E7B4670020024B1868A0F50060F1
S214015F68704700BFC067002010B58AB0684606F0C3
S214015F7815F810F0FF0027D1009BFBB1174C01A9BB
S214015F88206005F083FF10F0FF001DD12268009BFA
S214015F989A4204D34FF4DD71114826F0F0FC019BB8
S214015FA8104A11491360029A13440B600F49A3F56E
S214015FB800630A600E4A1360009B63B940F2CF1172
S214015FC8074826F0DCFC06E0044A0346126800206F
S214015FD8084903F08BF90AB010BD00BFB867002066
S214015FE8E20E040040410020BC670020C067002084
S214015FF8B46700208A0F040008B5FFF7B5FF21F043
S214016008D7F950B121F0D4F9064B02691B689A42B8
S21401601803D2B321044826F0B2FCFFF7C5FD0120E0
S21401602808BD00BFC0670020E20E0400014B1868D7
S214016038704700BFB8670020014B1868704700BF5B
S21401604840410020014B1868704700BFBC6700201C
S214016058014B1868704700BFB467002010B5FFF7FA
S21401606849FE04462849002003F040F90020274944
S21401607803F03CF90020264903F038F900202549A9
S21401608803F034F9244B00201A68244903F02EF94A
S21401609822462349002003F029F9FFF767FE214924
S2140160A80246002003F022F91F4B00201A681F49F8
S2140160B803F01CF91E4B1F4C1A6800201E4903F0FA
S2140160C815F9226800201D4903F010F94FF4806283
S2140160D800201B4903F00AF92268002019491032EA
S2140160E803F004F92268002017490C3203F0FEF881
S2140160F822680020154902F5826203F0F7F8BDE828
S214016108104005F049BA00BF091004004610040003
S2140161186510040085100400B8670020B01004005C
S214016128CF100400F21004004041002015110400AD
S214016138BC670020B4670020381104005B11040016
S2140161487E110400A1110400C4110400E711040023
S2140161582DE9F04194B004460D460020482102AAD4
S2140161681FF05FF818B9534903F0C0F819E0602228
S2140161780021204607F07EFD04224F4902A808F0B8
S214016188C5F890B16DB19DF80B30002001939DF8CC
S2140161980A309DF80820009348499DF8093003F015
S2140161A8A5F8012014B0BDE8F081BDF80C20B2F5C1
S2140161B8807F228003D0424903F098F8F1E7BDF8C2
S2140161C81420BDF80E102281DDF816206180E260E9
S2140161D80499BDF81A206160228284F8320007AD5E
S2140161E804F112020FAE2B4603CBB3421060516086
S2140161F81D4602F10802F6D10F9B324A636313600B
S214016208314B10221846002107F034FDE288A38896
S214016218028022894280E26842600BB90020C1E709
S21401622800263546A388D90709D536B105F15002A7
S2140162386A4412F8482C84F838200135EDB29A07DA
S21401624814D520881EF003FF07466EB102AB03EB98
S21401625805080246414604F1390007F09BFE3A4616
S21401626841461A4807F096FE2F44FDB2A3885B07FD
S2140162780DD556B105F150036B4433F8482C33F865
S214016288463CA4F85A20A4F85C300435EDB2002E3A
S214016298C4D1482D02D930460D4965E7294638202C
S2140162A802AA1EF0BEFF08B90A495DE7382501268D
S2140162B8B8E700BF0A120400387504003C1204004F
S2140162C872120400644100206841002070410020D9
S2140162D88D120400DD12040030B50B4C99B02578F8
S2140162E86DB9FFF789FE68B129466846FFF730FFA2
S2140162F8B0FA80F0054B400918700123237000207E
S21401630819B030BD0120FBE7995E00209A5E002097
S214016318014B1878704700BF9A5E002070B51E467C
S214016328134B044618881D46884298B002D15B88EC
S214016338934206D00F4B0FCB84E80F00204618B0C7
S21401634870BD96B100216846FFF702FF0028F1D11B
S214016358BDF804305B0708D53388BDF85A209A4241
S214016368E8D8BDF85C209A42E4D395E80F00E3E745
S2140163786841002064770400064B10B51B78044674
S2140163882BB9054B0FCB84E80F00204610BD034BF5
S214016398F8E700BF9A5E0020647704006841002091
S2140163A810B50446024B0FCB84E80F00204610BDFB
S2140163B8647704000B4B10B51B78044608467BB17E
S2140163C80021FFF7C5FE48B910222146064807F006
S2140163D89DFF003818BF0120C0B210BD0120FBE7A1
S2140163E80120FAE79A5E0020684100202DE9F04175
S2140163F80E4690460E4910221F4607F087FF0446B0
S21401640870B90C4B3A461D683046AD1B454528BF4A
S214016418454629461EF005FF28B9074902F066FFDA
S2140164280120BDE8F081069B20461D60F9E700BF04
S2140164386841002064410020DD1204000022024B5E
S2140164481A70FFF73BBC00BF9A5E00202DE9F041A9
S2140164589CB00F4616468046FFF74CFC054602469A
S2140164681549002002F042FF382D20D9012104A841
S214016478FFF76EFE0446D0B9119B04A93B606F4630
S2140164883846FFF7F7FA97E80F0086E80F00119BE2
S214016498AB4297BF01210324084AC8F8003094BFCD
S2140164A81170C8F8005020461CB0BDE8F0810022E3
S2140164B8024B01241A70F6E70F1304009A5E0020B7
S2140164C870B5084D00262B7853B1FFF7F7FB044645
S2140164D81022002104482E7007F0CCFB204670BD20
S2140164E83446F5E79A5E00206841002008B500208A
S2140164F8064902F0FBFE064B00201A78054902F011
S214016508F5FEBDE80840FFF7A9BD00BF2E1304003D
S2140165189A5E00205813040003460120024AC3E984
S214016528032000221A7070470100FEFF2DE9F04192
S2140165380024264E264FDFF8A88088B000F0D4F94C
S214016548A5B2854202D308B0BDE8F081284603A962
S2140165581EF09DFEA2B23146002002F0E1FE9DF833
S2140165680D2012B39DF81210BDF81030402914BF43
S2140165786E2179210020CDE900313946BDF80E306B
S21401658802F0CEFEBDF814201AB10020114902F01F
S214016598C7FE9DF80C00BDF8182070B9079B0E4978
S2140165A80093BDF81A3002F0BBFE00200B4902F03A
S2140165B89DFE013426F0F0F9C0E7BDF81C304146CF
S2140165C8009300209DF81A30EDE700BF7113040010
S2140165D8771304009A130400A41304002522040068
S2140165E8CB13040010B500F0ABFABDE81040034623
S2140165F8024A0020024902F079BE00BFF3130400E4
S2140166082ADC0300D0E9023253F8223010B5188884
S21401661800F086FABDE810400346024A0020024907
S21401662802F064BEF91304002ADC030010B5D0E9B1
S2140166380232002486B08DF8044053F8221003EB8A
S2140166488203097801A88DF805105A681288ADF8F2
S21401665806209A681288ADF80820DA681278ADF82C
S2140166680C40A24214BF402280228DF80A201A69E3
S2140166781288ADF810205A699B691288ADF8122065
S2140166881B68059300F0D0FB034A034603492046DE
S21401669802F02CFE06B010BD95F203002ADC0300BA
S2140166A838B50024064D26F063F945F8240006346B
S2140166B8C02CF8D10020BDE83840024902F016BEC9
S2140166C8801000200014040030B5002087B020494F
S2140166D802F00CFE00201F4902F008FE00201E49A9
S2140166E802F004FE26F044F900240546A0B201A9EA
S2140166F801341EF0CCFD202CF8D126F039F91749C3
S214016708421B002002F0F2FD1549002002F0EEFDC2
S21401671826F02EF90446012000F09EF826F028F906
S2140167280E49021B002002F0E1FD0E49002002F08E
S214016738DDFD26F01DF904461EF09AFD26F018F92F
S214016748021B0020054907B0BDE8304002F0CEBD67
S2140167582C1404005B1404008B140400A814040011
S214016768B7140400D114040010B50C4603F022FD3A
S21401677808B9032C12D101F0FFF804280ED001F055
S214016788FBF805280AD0064802F060FC1C2801D14F
S2140167981FF01BFDBDE8104002F068BC10BD00BF2D
S2140167A8835203002DE9F04F00274FF0FF36DFF83C
S2140167B8A4B0264C87B0BBF80030B8B2834209D8DB
S2140167C8731C3BD03246FF21214807B0BDE8F04F85
S2140167D81DF0E7BF01A91EF05AFD9DF8050001F05E
S2140167E801FFF8B19DF80480B8F1000F1AD1BDF881
S2140167F810A0BDF8129026F0BBF818210246BBB2CD
S2140168084B43E018E158007C4FF47A73A2EB010C75
S21401681850B103FB0AF363450ED30B44981A86421C
S21401682828BF06460137C6E74D466B43FAD063458F
S214016838F5D31944881AF2E74046F0E7FF210448E1
S21401684807B0BDE8F04F1DF0BDBF00BF80100020A7
S21401685878410020165800202DE9F041014688B0FD
S21401686858B1022810D01EF02CFD78B3D221194851
S21401687808B0BDE8F04126F082B8FF23164A17484B
S2140168880093FAF70DFFEEE700244FF001082746BC
S214016898134EA5B2284603A98DF80D701EF0F7FC15
S2140168A89DF80D0068B101F09DFE20B19DF80C30F1
S2140168B80BB986F810800134202C06F11806E8D1A9
S2140168C82546084B1D80FFF76DFFCCE708B0BDE8ED
S2140168D8F08100BFF1140400156C01007841002016
S2140168E88010002016580020014B1888704700BFFA
S2140168F8165800202DE9F04F634A077D89B00446F3
S2140169086249002002F00CFD00201FF036FD20B180
S2140169182368218A588803F09BFC00205C4902F012
S214016928E5FC637DDFF87491002B236808BF082017
S2140169385988574B18BF00200093228A4FF0090345
S21401694814BF4FF080084FF0400802F02FFBA289D1
S214016958BB1C93420CDB1FF0AAFD034620B10020A6
S2140169684C4A4D4902F0C2FC012009B0BDE8F08F3F
S214016978A068791C89B2C55D1FF0B8FC0337012DE4
S2140169880646BFB213D82368324659885879238AEF
S214016998009343461FF0F4F8824600283ED186202D
S2140169A802F0CCFB284602F0C9FB304668E0852099
S2140169B8F6E703A91EF06BFC9DF80C30AB4223D119
S2140169C823689DF80D105A7991421DD1BDF80E1015
S2140169D85A88914218D1BDF81020B24214D19DF8B8
S2140169E81220424510D1BDF81410228A91420BD1CB
S2140169F8002D38D0BDF81810E288914204D19DF8D0
S214016A081A201B799A422ED00BF1010BB9F80030E7
S214016A185FFA8BF08342CCD88B20C1E74FF0000B8E
S214016A28F4E79AF8020002F089FBBDF818001FF097
S214016A3820FCBDF81A001FF01CFC9AF8020003F0AF
S214016A4827FE002883D19AF8020001F09DFC05462E
S214016A58079E002D3FF47BAFF0B2013D02F06EFBBE
S214016A68360AEDB2F5E7002002F068FB284602F088
S214016A7865FB30461FF0FDFB012DD2D1BDF81C0089
S214016A881FF0F7FB63E700BF8015040052090400F6
S214016A98252204008D150400AA15040016580020A6
S214016AA82DE9F04391B0694680461EF0F0FB0023BD
S214016AB8194F8DF801303888431E98B280453880C2
S214016AC809D1694640461EF0EAFB68461EF0CEFB31
S214016AD811B0BDE8F0834FF0180905A91EF0D7FBE1
S214016AE80E4C3E880AAD09FB06460FCE0FC596E842
S214016AF8030009FB084485E803000AAE404605A9D9
S214016B081EF0CDFB0FCE0FC495E8030084E8030002
S214016B1869463888D7E700BF16580020801000203D
S214016B2808B5064B1B88834205D9FFF7B9FFFFF75F
S214016B3839FE002008BD2720FCE700BF16580020B4
S214016B4838B5074D2C882CB9FF2106481DF03AFEAA
S214016B58204638BD601E80B2FFF7A2FFF2E700BFED
S214016B6816580020784100202DE9F3479A46182345
S214016B789DF82890244FCDE9001203FB09731446AB
S214016B88D3E902231FF072FD064620460D4603F0A0
S214016B987FFD04F0FD03382B80460FD10094324662
S214016BA82B460021DAF810001EF09CFBB8F1010F05
S214016BB81BD135431ED102B0BDE8F087392CDAF86F
S214016BC810300BD107EE906A07EE103AF4EEC77A4A
S214016BD8F1EE10FAACBF01200020E7E79E4275F1FE
S214016BE800032CBF01200020E0E7B8F1000FE2D136
S214016BF80028E0D0182303FB097701233B7402B071
S214016C08BDE8F047FFF7CEBD801000202DE9F04F14
S214016C1800252E46A846AA462C46DFF8BC91D1B0D8
S214016C28694BA8B21B88834209D81CB161882079B0
S214016C38FFF79AFDFFF7B6FD51B0BDE8F08F0BA937
S214016C481EF025FB25F094FE1823AFB27B4309EB13
S214016C58030B59F8033005909DF82D00049301F0B5
S214016C68C1FC002800F0AE809DF82C10002940F0E9
S214016C78A980DDE90432D01A4FF47A72BDF83830AB
S214016C885343834200F29E809BF8103043B9BDF807
S214016C983A30002B00F096805343834200F29280EC
S214016CA8FD230022CDE9013210AB00930DF1190244
S214016CB80DF11A03E9B20BA8EFF72AFB002877D1E2
S214016CC8BDF81A30DA1C0493D2B214B33F4B9DF8C0
S214016CD82D101B8813442279914214D1BDF82E1029
S214016CE8628891420FD19DF83220B8EBD21F0AD1A3
S214016CF8BDF83420524506D1B3424DDD0020344953
S214016D0802F0F4FA01E0B342F8DC61882079FFF773
S214016D182BFD02F0E7F904469DF932002D4BC043DE
S214016D28C00F0093BDF834200A23BDF82E10C0000A
S214016D389DF8328002F03AF99DF82D304FF0000B9D
S214016D4823714FF48A53FF26BDF834A04FEAD818AA
S214016D58E38007A95FFA8BF01FF02CFEC0B2B0B92A
S214016D689DF81D109DF82D20914210D1BDF81E10DA
S214016D78BDF82E2091420AD122469DF829109DF889
S214016D881C001FF09DFBB04228BF3046C6B20BF16F
S214016D98010BBBF1200FDCD1BDF830001FF069FAFA
S214016DA89DF8190002F0CAF9049910A802F0DAF958
S214016DB8182300225F4309EB07031A7425F0D8FD50
S214016DC849F8070001352BE71658002020580020FF
S214016DD869160400252204008010002070B50024DE
S214016DE80126104D8AB02B88A0B2834204D80AB077
S214016DF8BDE87040FFF7D6BC05A91EF048FA9DF815
S214016E08150001F0EFFB50B19DF814303BB91A4656
S214016E18CDE901360093E1B205A8EFF779FA013416
S214016E28E1E700BF165800202DE9F0430389DFF893
S214016E3858818BB0B8F8009000930446837982880D
S214016E48418840781EF09CFE002800F09580E7896E
S214016E5827B1A389BB4200F291800027B8F8003019
S214016E68BDB2AB4214D84D4601264FF6FF73E289F0
S214016E789A4226D146B9B8F80030AB4202D928461C
S214016E88FFF70EFEFFF78EFC00200BB0BDE8F0837F
S214016E98284605A91EF0FBF99DF814307BB922682F
S214016EA8059B5340FF2B0AD86368069E5E4036F062
S214016EB87F4604D1BDF81C2023899A42D5D00137D4
S214016EC8CCE7E2689A422BD0002E53D1D4E90323AB
S214016ED8CDE9082305A81EF0C9F90028D5D1B8F8C8
S214016EE80030AB4204BF6B1CA8F8003025F040FD0B
S214016EF818236B43234AE9B2D050D418002305A8B7
S214016F081A46CDE901330093EFF702FA18B10022C9
S214016F180023C4E90223284605A91EF0C0F9B1E7F3
S214016F28234605AA04F1100C174618685968083351
S214016F3803C763453A46F7D11868386005A81EF0B6
S214016F4898F90028C0D01F2D1AD800238DF81430C0
S214016F5863788DF815306388ADF81630A388ADF8D8
S214016F681830A3798DF81A302389ADF81C3000281B
S214016F78B0D1ABE70020E6E7862086E7872084E7DE
S214016F88892082E780100020165800202DE9F04F4E
S214016F98B04A90F814908DB00446AF49002002F02C
S214016FA8BFF900201FF0E9F920B12368218A588823
S214016FB803F04EF90020A94902F098F9637DDFF83D
S214016FC8B8A2002B14BF802340230293236808BF6E
S214016FD808205988A14B18BF00200093228A07234E
S214016FE801F0E4FF00230393A28909F10305954202
S214016FF811DB039B13B9184602F0A0F81FF057FAE5
S214017008034620B10020964A964902F06FF90120FE
S2140170180DB0BDE8F08FA06809F1010189B210F83A
S21401702809601FF063F93246804603468E49002000
S214017038ADB202F05BF98EB1012E00F08A80852789
S214017048384602F07BF8304602F078F840461FF0E2
S21401705810F9852FD2D00123039376E0A06809F1B1
S2140170680401A28989B2475D1FF040F909F10601BA
S214017078A289049089B2A0681FF038F93A460590AB
S2140170880090049B3046794902F030F909F1080965
S21401709838461FFA89F503F0FBFA002857D1384617
S2140170A801F072F9294603468146A289A0681FF0B5
S2140170B80EF96F498346304602F032F9A1684A460E
S2140170C829443346304602F075F83046634902F0E3
S2140170D80DF9A9441FFA89F5236842465988587953
S2140170E8238A0093029B1EF04BFD18B18378BB429E
S2140170F840F0AC80483FFFB2092F05D840F2113363
S214017108FB40DB0700F1A48000238DF81C302368C0
S21401711807A85A798DF81D205B88ADF82080ADF850
S2140171281E30029BCDF82CB08DF82230238AADF89C
S2140171382430049BADF82830059BADF82A30FFF7BC
S21401714873FE074600287FF47BAFA9464CE7B34693
S214017158C2E72946A289A0681FF0C8F84FF0000BBD
S214017168024607464349002002F0C0F809F105091E
S214017178BAF800301FFA89F5BAF800201FFA8BF919
S2140171884A4503D81F2B31D9892759E7484607A905
S21401719804931EF07CF89DF81C20049B012A22D13A
S2140171A822689DF81D00517988421CD1BDF81E0041
S2140171B85188884217D1BDF82010414513D19DF852
S2140171C82210029881420ED1BDF82400218A8842F5
S2140171D809D1BDF82800E188884204D19DF82A1013
S2140171E8127991421BD00BF1010BC5E70122994692
S2140171F88DF81C20226851798DF81D105188ADF83C
S2140172082080ADF81E1002998DF82210218AADF85B
S2140172182410E188ADF8281012798DF82A2007A8DD
S214017228ADF82C701EF022F8074600287FF408AF48
S214017238BAF800304846994508BF09F1010307A97D
S21401724808BFAAF800301EF02AF87EE78D27F7E671
S2140172588C27F5E69416040052090400252204003A
S214017268F5160400AA1504009C160400B9160400B5
S214017278DA160400E5160400165800202DE9F04F2A
S214017288074688469146002589B09A46BDF848B013
S2140172989DF84C60149C224B1A88A8B2824235D9B4
S2140172A803A91DF0F4FF9DF80C201D4BB2BB9DF8F9
S2140172B80D10B94232D1BDF80E1041452ED1BDF898
S2140172C8101049452AD19DF81210514526D1BDF80E
S2140172D81410594522D13046029201F055F8A6F10C
S2140172E84103012B01460AD820461FF005F80D4B2D
S2140172F80D4A204484420CD10421029302ACEDB21B
S21401730832462046009503ABFFF72EFC09B0BDE8D0
S214017318F08F14F8011F4B405343EBE70135BBE7E9
S21401732816580020C59D1C81930100011FB50F4CFE
S2140173382478C4B142EA03229DF818308DF8051066
S21401734842EA43220A4BADF80C201A78094B8DF80D
S2140173580610079903EB021300908DF80400DB680A
S21401736868460291984704B010BD00BF9B5E002096
S2140173789D5E00209841002073B51A4DFF211A48DA
S2140173881DF020FA2B7853B3184C194E23781801A0
S21401739806EB03131A7A5968305C1FF08FFB4D28E9
S2140173A81DD0E0B1012300212278CDE90031120178
S2140173B8B25CC0B2FFF7BAFF0A2223780A48013343
S2140173C8DBB2B3FBF2F102FB1133FF2123702B78FA
S2140173D8013B2B7002B0BDE870401DF0EBB902B05E
S2140173E870BD00BF9B5E0020384200209D5E0020D5
S2140173F898410020F8B5104F3E780A2E1AD00FC8CB
S214017408DFF840C00D4D9CF80040013605EB041529
S21401741885E80F000A230134E4B2B4FBF3F203FB58
S21401742812440748FF218CF800403E701DF0C2F94F
S2140174380020F8BD0120FCE79B5E00209841002053
S214017448384200209C5E00200021024A0248FAF7D2
S2140174585DB900BF8173010038420020002337B5AB
S2140174680C46124D12492A78CDE9003312018A5C7E
S21401747801230146E0B2FFF759FFA4B90D490A787E
S2140174888AB10A202B78013A0133DBB2B3FBF0F458
S2140174980A70FF2100FB143307482B7003B0BDE8C0
S2140174A830401DF087B903B030BD00BF9D5E002097
S2140174B8984100209B5E00203842002008B500F065
S2140174C8BDF850B1054B064A0649052808BF1A46B5
S2140174D8BDE80840002001F009BF08BD09170400EF
S2140174E8252204002A17040008B503201FF000FB14
S2140174F810B90122014B1A7008BD00BF9E5E00201C
S2140175080022024B18781A70704700BF9E5E002052
S2140175180246FF2101481DF044B900BF5842002029
S214017528114B37B51D78C5B9FF2110481DF04AF92A
S214017538FFF7DAFF044600900D4B28460D4A0E4920
S21401754801F0D4FE4CB10D4B1B78DB0605D5284659
S2140175581FF0A8FA20461DF0FAFC094B186803B07C
S214017568BDE83040FFF7D4BF9E5E00205842002099
S214017578471704007517040034EF03008C5E0020DB
S214017588C4670020FF2101481DF01CB9584200209D
S21401759870B51A4E054633780C466BB30020184A68
S2140175A8184901F0BDFE032C01D0652C20D11649DF
S2140175B8002001F0B5FE22460020144901F096FE8F
S2140175C80020134901F0ACFE0123294608220020B9
S2140175D801F0F0FD00200F4901F088FE032C88BF5A
S2140175E80023204688BF3370BDE87040FCF7BEB85C
S2140175F8012CE0D00849DBE770BD00BF9E5E002085
S214017608751704001EF3030088170400D5F9030054
S214017618A6170400252204009E170400014B1860D3
S214017628704700BFC46700200021024A0248FAF7E3
S2140176386DB800BF2975010058420020054B10B5EA
S2140176481C782CB90448FF211DF0B4F8204610BD5B
S2140176580520FCE79E5E002058420020F8B500246D
S214017668074B084E1D68084FE3B29D4204F101041A
S21401767800D8F8BD394656F823001CF05AFAF3E745
S2140176884C930400509304009068002010B5044CF5
S21401769823780BB11FF01CFA0123237010BD00BF1D
S2140176A8F36B00202DE9F743254B0D461646044695
S2140176B8019350B14AB1042301AA12F8011BA94249
S2140176C835D0013B13F0FF03F7D1212003B0BDE805
S2140176D8F08317F8010F90FAA0F0000E1CF065FC75
S2140176E8014608EB07039945F3DCCAB2C1F30F2339
S2140176F892FAA2F293FAA3F3120E1B0E03EB0223DD
S214017708DB43621912F8020C99B2DBB298420CD12B
S21401771812F8013CB3EB112F07D132462146284611
S21401772803B0BDE8F0431FF03BB92320CEE74FF680
S214017738FF71671EA5F10209C4F10108D1E700BF70
S214017748080A0E12014B1870704700BF9F5E002092
S214017758024B1A6818608260704700BFC86700202D
S214017768024B186800B14068704700BFC867002020
S21401777870B5044600250A4B1B687BB100211E889C
S21401778807E05A6802EB0110013145B9021B554260
S21401779855418AB29642F4D89B68EEE7184670BD02
S2140177A8C86700202DE9F04F1E46002393B0022E2D
S2140177B8074688461446DDF870909DF874A0ADF823
S2140177C81A3040F2C08099F800305A0729D5042E9D
S2140177D840F2B98099F804B000255F4B33F835209C
S2140177E8002A00F0B68001350A2DF7D1209B002B20
S2140177F840F0AD80FF250023207908AA0DF1190174
S2140178088DF819301EF006FD70B1BDF82C309DF8C4
S214017818190023801EF080FD0790C0B113B0BDE8A3
S214017828F08F99F802B0D7E720791EF024FA0B28D2
S214017838059000F28A8020791EF07FFD07900028C7
S214017848ECD1464A059B02EB03135B8823804FF66F
S214017858FF73002F08BF434662880021CDE9002345
S21401786858465246238802F0FDFD18B1E38843F0D6
S2140178782003E380209B07A90DA8CDE90D34CDF898
S2140178883C90ADF84080ADF842608DF844708DF8B4
S21401789845A01EF0D2FC08B10798BFE7484602F09B
S2140178A825FDA01D02F010FD2246414638461EF071
S2140178B807FEB04227D3E3882246C3F30E03E380CC
S2140178C89DF87C3041460393BDF8783038460293DC
S2140178D80DF11A03CDE90093F3B21DF03FFF209B8B
S2140178E8079003B3F8B9BDF81A2042B1092D06D896
S2140178F81B4B03EBC5018A80209A43F835201120DB
S214017908FAF7CCFB1CE0BAF1000F0AD10DF11A0305
S214017918CDE9006322464B4641463846FAF7D2FF80
S214017928DDE73820DBE7052807D1E388DB0607D53E
S214017938002301200793FFF705FF079B002BDED0E6
S2140179481EF0EFFCA8E7012068E7212066E71C2067
S21401795864E7EDB24FE700BF80420020EC4200200A
S2140179687C4200204FF6FF72024B1A805A809A809A
S214017978704700BF1858002010B5044C2379FF2B18
S21401798802D11FF0D3F82071207910BD18580020B5
S21401799810B50C4C2379FF2B08D100201EF0BCFC37
S2140179A820B91FF0C3F820711EF0BBFC207902280D
S2140179B805D00438012894BF0020012010BD0020FE
S2140179C8FCE700BF185800204FF6FF7310B5044CAB
S2140179D822889A4202D11FF09FF82080208810BD85
S2140179E81858002010B5FFF7BDFF40F61D43984212
S2140179F8044607D8B0F5416F05D2182826D81528A9
S214017A0848D829D010BDA0F541630D2BFAD801A29C
S214017A1852F823F0617A0100617A01000D7A0100BB
S214017A280D7A01000D7A01000D7A01000D7A010028
S214017A380D7A0100B17A0100C37A01005D7A01006E
S214017A485D7A01005D7A01005D7A010040F6064321
S214017A589842D7D11C4920E0FFF7B6FF1B490246DA
S214017A68002001F043FC152C05D11FF03FF8BDE8B6
S214017A7810401EF0EBBB164B164A1749B4F5416F7A
S214017A8808BF1A46002001F031FC1EF0DEFB1EF08E
S214017A98DDFBECE71628DDD11049002001F026FCB5
S214017AA8BDE810401EF0F4BC1DF03FFFBDE81040D5
S214017AB802460B49002001F019BC0020BDE8104021
S214017AC8084901F013BC00BF051F0400B21E0400DC
S214017AD825220400AD1E0400CE1E0400EE1E04007E
S214017AE81A1F0400421F040007B5094A03461088F6
S214017AF831B9084A084903B05DF804EB01F010BC37
S214017B080091064A064901F00BFC03B05DF804FB38
S214017B183058002031EA0300621F0400D5EA03004A
S214017B2834EF03000D4B37B51B68044693B11D7837
S214017B380389012D08BF02250093C37A084A00204D
S214017B48084901F0D3FB2146284603B0BDE830407A
S214017B581EF0A4BF022003B030BD00BFB84300200A
S214017B68D71F0400861F0400002010B51EF0D4FBA2
S214017B780D4B1B6863B15A78052A03D862B10524F0
S214017B8802220AE0FF2AFAD00020084901F0AEFBDB
S214017B98BDE810401EF0C5BB144610461EF0DAFFBD
S214017BA820461EF0D5FFF3E7B8430020DC1F04008B
S214017BB813B5134C00201EF0AFFBFFF7D3FE236866
S214017BC89BB101A81DF0A4FE78B923681A789DF820
S214017BD804309A4209D0D91E032906D9D11E012993
S214017BE803D9012A07D1022B05D1032301A8ADF831
S214017BF804301EF059FF02B0BDE810401EF091BBDC
S214017C08B843002000231946034A01330A2B918002
S214017C1842F8081BF9D170477C4200207FB50E4612
S214017C2805461EF043FF2A46044603460D49002032
S214017C3801F05CFB96B10C4B36211A889B78ADF89F
S214017C480C208DF80E300323002200934FF6FC70AB
S214017C5803AB8DF80D501EF07DFE0446204604B099
S214017C6870BD00BFFD1F040074770400FF2810B51F
S214017C780C4604D10020044901F038FBFE202146B9
S214017C88BDE81040FFF7CABF16200400F8B51E4627
S214017C980B8807460C461546002B64D14A88B1F96D
S214017CA8021000200029B8BF6B78304901F01EFB8E
S214017CB86288132A1DD002F5FF437F339BB2052B3A
S214017CC823D8A2F50042013A052A1ED8DFE802F0B9
S214017CD8193F1D033C09264A2649002001F006FBE8
S214017CE813E0254A2349002001F01AFB2A79234983
S214017CF8F3E7022E94BF4FF6FF72B5F8012020492C
S214017D08EBE700201F4901F0F1FA33462A462146DF
S214017D1838461FF027FF70B933462A4621463846AB
S214017D281FF022FF48F2210362889A4203D138469F
S214017D3869781EF078FA6388B3F5004F02D90820EF
S214017D48FAF7C6F90120F8BD2A790F49C5E70F4A9F
S214017D580849002001F0E4FA032E94BF4FF6FF729B
S214017D686A880B49B9E70020EDE700BF51200400F7
S214017D787920040080200400912004009720040044
S214017D88A5200400BD200400D7200400F920040023
S214017D98FE2004002DE9F04116888AB0DFF88C80B1
S214017DA8ADF80E300DF10E03C8F800201546009305
S214017DB8324610AB07460C46FAF716FE90BB109BE8
S214017DC88DF824000693BDF80E3004A8ADF81C30D3
S214017DD8AB898DF81070ADF820306B890594ADF835
S214017DE81E60ADF822301EF026FAD8B92146304674
S214017DF8BDF80E30109A01F0C9FF98B921463046F1
S214017E08BDF80E30109AFFF741FF58B9CDE900606A
S214017E1839462046BDF80E30109A02F049FB08B9DB
S214017E28C8F800000AB0BDE8F08100BF784200201B
S214017E38F0B585B004AB03E9030000231C469DF8A2
S214017E480D609DF80E70154AD9B202EBC10045685F
S214017E58EDB99DF80C30284600939DF80A209DF848
S214017E680B300F4901F05CFA26B1324628460D4917
S214017E7801F056FA0C4A0020002C18BF2246BDF81D
S214017E8808300A4905B0BDE8F04001F02FBA12F8EB
S214017E9831100133B94208BF2C46D5E71C770400D8
S214017EA81021040021210400A0E903002521040073
S214017EB84FF6FF7310B5084C88B062889A4207D10E
S214017EC802A90DF107001DF021FDBDF810306380F1
S214017ED8608808B010BD00BF185800202DE9F04F83
S214017EE885B0894692461C460746BDF83850BDF807
S214017EF83C80109E002833D00346464A0020464957
S214017F0801F00EFA2388002B76D040F2091293422C
S214017F1874D0424A4249B3F5827F08BF0A46CDF873
S214017F2804806188002000913E4901F0F9F9238810
S214017F3893B1B8F1020F0FD933783B4913F0010F0B
S214017F483A4A18BF0A4659074FF000004CBF337922
S214017F58B378374901F0E4F90020364901F0C6F94B
S214017F680023354931F83320AA4249D1334A52F819
S214017F7833B0002331F83300DA00A84246D1002096
S214017F882E490A44908041F8330047B9238833B90B
S214017F98B4F90230002B02DB0820FAF77FF801203B
S214017FA8FAF796F89EB13578EB0710D515F0040068
S214017FB804D04246012130461EF098F9CDE90170F9
S214017FC8434622465146484600961DF0B1FEBBF18F
S214017FD8000F06D04346224651464846CDE900677B
S214017FE8D8474346224651464846CDE900671DF024
S214017FF865FB05B0BDE8F08F114A90E7114A8EE798
S21401800801330A2BAED14FF0000BB2E701330A2B2E
S214018018B0D1BAE7DDE003004C210400A1E9030072
S2140180283A2104005A2104003D2104004521040098
S2140180388B21040025220400804200207C42002077
S21401804833210400372104000D4BF0B54FF00C0C1A
S2140180581F88054600230B4EDCB2BC4201D3002024
S214018068F0BD0CFB04F43019345DAC4205D14488EC
S2140180788C4202D104799442F2D00133ECE700BF76
S214018088926B0020D867002073B501262B4D2C4C27
S2140180982A462046FF2300210096F9F701FB2A46C7
S2140180A82046FF2300210096F9F7FAFA2A462046C9
S2140180B8FF2300210096F9F7F3FA2A462046FF2304
S2140180C800210096F9F7ECFA2A462046FF230021FC
S2140180D80096F9F7E5FA2A462046FF23002100967E
S2140180E8F9F7DEFA2A462046FF2300210096F9F71B
S2140180F8D7FA2A462046FF2300210096F9F7D0FA38
S2140181082A462046FF2300210096F9F7C9FA2A468F
S2140181182046FF2300210096F9F7C2FA2A46204690
S214018128FF2300210096F9F7BBFAFF232A46002110
S21401813820460096F9F7B4FA02B070BDF34F030073
S214018148CC4200202DE9F84300244FF00C090C4BD3
S2140181580C4F1E78DFF830803A88E5B2954202D394
S2140181683046BDE8F88309FB0585FF21A8681CF0A1
S21401817837FB18B9AB799E4238BF1E460134EBE788
S214018188A05E0020926B0020D8670020014B18786B
S214018198704700BFA05E0020014B1870704700BFF3
S2140181A8A05E0020F8B506460C461EF031F80546D6
S2140181B8C8B930461DF05FFD0B2815D80B4B03EBED
S2140181C800131F7B87B95A88012122809A88304676
S2140181D862809B79237100F037FA39466071304620
S2140181E800F032FAA07101252846F8BDEC420020BD
S2140181F870B504460E4615461DF03DFD0B2802D9FE
S2140182084FF6FF7070BD094B03EB00131A7B002A6B
S214018218F6D146B901222946204600F03DFA002843
S214018228EED00088EEE7012EEAD1F4E7EC42002012
S214018238FF2313B50DF1070104468DF807301DF02D
S214018248E5FF18B19DF8070002B010BD074B03EB18
S21401825804131B7B0BB1FF20F6E7204600F03AF922
S2140182680028F8D0204600F0E9F9EDE7EC420020B6
S21401827813B5F6F7EBF90446F6F7EEF92246034688
S2140182881249002001F032F800F084FFFFF7BAFC2B
S21401829800F0A6F80221084602F046FDFFF764FC46
S2140182A841F249001EF068FC4FF0FF130093FF23CC
S2140182B868468DF804301EF045FC4FF400401EF069
S2140182C823FC00201EF040FC02B010BDDA21040099
S2140182D838B505461DF0BCFF90B928461EF068FB68
S2140182E8044628B140F60443984214BF88248D24D6
S2140182F823462A460020034900F0F8FF204638BDE9
S2140183088D24FBE7F22104002DE9FF4705460E46BA
S21401831817469846BDF83090DDF834A0BDF83840C9
S214018328CDF80090CDE9014AE4B2FFF7D7FD434600
S2140183383A4631462846CDE90094CDF808A01FF004
S214018348DAFBFF21034B044A044804B0BDE8F047B2
S21401835800F01ABE2458002020580020786000201B
S214018368044B01461888102240F0404040F4801023
S214018378F6F79CBF72740400024B18685968FFF739
S21401838857BD00BFBECF04000123064AD15C814217
S21401839802D1054AD05C704702335F2BF6D1002024
S2140183A8704700BF767704007777040070B500221F
S2140183B80446094B1D78094BD0B2854201D8FF20E7
S2140183C870BD1E78A64204D10029F9D05E7BF60757
S2140183D8F6D401321033EFE7A15E0020EC4200200C
S2140183E82DE9F04198B06B46304A1068516803C3CE
S2140183F890680CAA18602E4B14469C4603F1180682
S214018408154618685968083303C5B3422A46F7D192
S21401841812AA1746274B03F1180615461868596815
S214018428083303C5B3422A46F7D1234A03AB10687B
S21401843851684FF0010E03C3906871681860DCF844
S2140184483000002206AB03C30C21EC46B068CDE928
S21401845809221860194BDFF86C801970184B0DEB60
S21401846801060B9206AD09A91CF8010B013218701A
S21401847834F8020B0C2A588037F8020B83F80DE003
S214018488988016F8010B03F1100303F80A0C15F887
S214018498010B08EBC00043F8080C11F8010B03F8B0
S2140184A8040CE1D118B0BDE8F08100BF0C2204002D
S2140184B8E67A0400FE7A040019220400A15E002070
S2140184C8EC420020E0770400014B1878704700BFA3
S2140184D8A15E0020034B03EB0013587B00F001005C
S2140184E8704700BFEC420020F0B504460846D9B1F3
S2140184F800220E4B11461F780D4B1D46D6B2B742C9
S21401850801D8002010E01E78A64206D09E68F6889C
S214018518314489B201321033F0E75E7BF607F9D5AC
S21401852805EB02150180A868F0BD00BFA15E00201A
S214018538EC4200202DE9F347894690461D4607463A
S21401854818B9002002B0BDE8F0870029F9D0002A42
S214018558F7D0002BF5D0002400780DF10601ADF810
S2140185680640FFF7C1FF0028EBD039460DF1060299
S214018578BDF806601DF074FA07460028E1D00DF133
S2140185880602BDF806A01DF092FA0028D9D0C9F84F
S2140185980070C8F80000037913F0200219D1DB0631
S2140185A814D4BDF806300C4A564413FA86F612FA65
S2140185B886F20BE01A790C33920642BF13F8092C9F
S2140185C8891889B29842F5D8044A0A4401202A60D3
S2140185D8B8E72146024BF5E7C45F0020A25E0020FB
S2140185E8207A040008B50021FFF7E0FEFF2817BF30
S2140185F8044B084603EB0013587B18BF00F0010034
S21401860808BD00BFEC4200202DE9F0410D46164694
S2140186181F461DF030FB0B280AD8074C3B4604EBD7
S214018628001032462946BDE8F04180681DF0F0BAD0
S2140186380020BDE8F08100BFEC420020014B00019C
S214018648185C7047EC42002070B50C461DF013FB11
S2140186580B281BD80F4B03EB00139A68C2B10023F3
S214018668142618461579D9B28D4200D870BD1168FE
S21401867806FB0311097B34B911F0800F1CBF0130CA
S214018688C0B20133EFE711F0400FF7E70020EDE73E
S2140186981046EBE7EC420020F8B50D4616461DF0ED
S2140186A8EAFA0B280BD80F4B4FF0140C03EB001308
S2140186B89A6800231C461779D9B28F4201D8002040
S2140186C8F8BD10680CFB0300017B46B911F0800F5A
S2140186D803D0AC42F4D00134E4B20133ECE711F034
S2140186E8400FF5E7EC4200202DE9F04F064600243E
S2140186F83A4B87B01B783A4F0093009B9C4207D2AF
S214018708FF2E08D030461DF0B6FA0B28044606D9C7
S21401871807B0BDE8F08F07EB04131B7B2BBB2301C7
S2140187284FF00008019307EB041A14E014221B68A3
S21401873802FB05352B89B3F5967F01D924F02CF970
S2140187484FF000094FF00C0B29891FFA89F2914264
S2140187580ED808F10108019B5FFA88F5FB189B689B
S2140187681A79AA42E2D8FF2ED2D10134E4B2C4E77C
S2140187781FFA89F00BFB00F06B6819180A7912F0DA
S214018788100F23D19AF800E012F0400F8DF80CE094
S214018798B5F800E0185AADF80EE00CBF4FF0400EE1
S2140187A84FF0800EADF8120028468DF810E01DF047
S2140187B823F95307ADF81400C8780AD50228896842
S2140187C800D90968002203A81DF0F2F909F1010988
S2140187D8BAE702288CBF89680831F3E7A15E002052
S2140187E8EC420020052370B5094A06881488B4426D
S2140187F808D19578047B2C403F2C03D90D4201D033
S214018808506870BD013B02F10802EFD11846F8E73F
S214018818907A040070B50024074D084E2B78E0B214
S214018828834200D870BD06EB0010437BDB0701D5F9
S2140188381DF000FB0134F1E7A15E0020EC420020A8
S214018848F8B50C4600210546FFF7B0FDFF2829D0EC
S214018858154A060102EB00135B7B03F001016CB1BC
S21401886843F001031644A142737305D0C4B100B2A4
S21401887802EB00101DF0DEFA0120F8BD2346F1E7F1
S2140188887B4311682846CA18127BC95AD2091CF0BC
S2140188983DFF0134B268E3B211799942F0D8EBE7AB
S2140188A81427F7E70846E8E7EC420020F0B59446B7
S2140188B8497D20B339B3012918BF042100254FF695
S2140188C8FF702F462A46144E3488644511D196F80F
S2140188D803E01EEA010F0CD0B4789C4209D30AB112
S2140188E8BC4206D81EF0100F03D08AB1BC420CD386
S2140188F870B90135072D06F10406E5D1F0BD00294A
S21401890808BF0821D8E70221D8E727460020F0E764
S21401891827460122FAE700BF747A04002DE9F04FD2
S2140189280A9FBDF824E09DF82C809DF830904C7D78
S21401893878B394B3012C18BF04240025194800F114
S2140189481C0C068896421ED190F803B01BEA040F49
S21401895819D08678464516D31BF0100F91F80FA04C
S21401896804D0BAF1000F0ED0B1F810A0BAF1000F7A
S21401897809D1A94513D0AE4511D95E553E880135B2
S21401898801363E80ADB204306045DAD10120BDE83B
S214018998F08F002C08BF0824CDE70224CDE700207D
S2140189A8F5E700BF747A04002DE9F04F0024B1F50D
S2140189B87C4F0E4638BF4FF0010BA246A1464FF634
S2140189C8FF781F4628BF274B85B028BFB3F800B0ED
S2140189D8009001925C4503D3404605B0BDE8F08F90
S2140189E8B6F57C4F0CD3204B3A4603EB840331464D
S2140189F85B880098FFF708FE054680B300232AE047
S214018A083A46314600981DF066F9F5E70C229CB205
S214018A1854436A680199105B02EB040C884219D327
S214018A28B9F1000F01D0504514D861462846CDE962
S214018A3802321CF0E1FF029B60B1039A125BB9F1A6
S214018A48000F03D0524501D3804503D9924680468C
S214018A584FF0010901332A899CB2A242D6D80134C3
S214018A68A4B2B7E7D6770400D87704002DE9F04F0B
S214018A7891461A4600238BB08DF82020BDF8502069
S214018A888DF81C00ADF81E10ADF8242005460F46DB
S214018A981A4604A907A8159C9DF858609DF85CA07D
S214018AA89DF860B09DF864800493ADF822901DF09F
S214018AB82BF8049850B92B46CDE90079644A6549E4
S214018AC800F014FC86200BB0BDE8F08FBAF1000F59
S214018AD814D18378B34206D050465D4A5E4900F009
S214018AE805FC8D20EFE7037913F0010306D118463C
S214018AF8574A5A4900F0FAFB8820E4E703795B07EE
S214018B082CD583685A689B680592069380781DF071
S214018B188FFD049B0546DF782146022F03463A4619
S214018B2810D805A81DF040FD81462B463A46214639
S214018B3806A81DF039FDB9F1010F01D001300DD19C
S214018B488720C0E705981DF02FFD0128F8D02B4691
S214018B583A46214606981DF027FDEFE7BBF1000FC0
S214018B686FD1049F4FF6FF722146B8781CF0E2FEDB
S214018B7800286BD0BDF82430C5B20093CDE9025465
S214018B889DF82030BDF82220BDF81E109DF81C0067
S214018B9801961DF04CFB002895D1BDF82430CDE98F
S214018BA802540093BDF822209DF82030BDF81E100F
S214018BB89DF81C0001961DF017F9002883D121465F
S214018BC89DF8682007A81CF0F3FF00287FF47BAF08
S214018BD8B8F1000F07D03B462046BDF81E209DF889
S214018BE81C101DF088F8BDF82430BDF82220BDF809
S214018BF81E109DF81C000093CDE901649DF82030F5
S214018C08FEF73CFBBDF82430BDF82220BDF81E1047
S214018C189DF81C000093CDE902549DF8203001967A
S214018C281DF004FBBDF82430BDF822200093BDF8E2
S214018C381E109DF820309DF81C001DF0ADF8002090
S214018C4841E70020064900F051FBF8E701203AE722
S214018C5826220400322204005E2204007222040046
S214018C68862204007FB500258DF80830BDF820302F
S214018C788DF80400ADF80610ADF80A20ADF80C30F2
S214018C886946BDF82830099A01A80B9E00951CF084
S214018C983BFF044630B916B1009B9B7833702046DB
S214018CA804B070BD8928FAD12846024900F01EFB97
S214018CB8F5E700BFA32204002DE9F04F4FF0000AA4
S214018CC8C7B0FFF701FC5FFA8AF6B04202D847B090
S214018CD8BDE8F08F5B4B36019A5D00205A4900F0DB
S214018CE805FB0020594900F001FB00230593554B6D
S214018CF89DF8144033449B681A79A24202D80AF1B7
S214018D08010ADEE714224FF000091B6802FB04344F
S214018D1822891FFA89F39A4202D8059B0133E5E7AF
S214018D280C231FFA89F803FB08F8D4F804B023F0DB
S214018D3833FE0BEB08052B79454913F0400F3BF83A
S214018D48083022884FF000000093424B18BF0B46AC
S214018D58414900F0E5FA294620461CF04DFE074633
S214018D6800283CD13D4900F0DBFA2979DFF814C127
S214018D7811F0010F3A4818BF604611F0020FAA78A1
S214018D88EB7832D1DFF800C111F0100F354918BF62
S214018D986146CDE900010020334900F0C1FA2B797C
S214018DA83BF8082013F0400F4FF0000B4FF0FD037F
S214018DB80DF118082188CDE9023BCDE90078214854
S214018DC80CBF40238023805DFFF74CFF86280ED119
S214018DD82649002000F08AFA09F1010998E70246B7
S214018DE82349002000F09CFABFE72249D1E7A8787A
S214018DF81CF0F2FDD8B140461DF07EFA421C92B234
S214018E0801234146002000F0D5F93946208801F0B3
S214018E1801FA4FF6FF73984207D0174B174903EB31
S214018E28C0035A68002000F061FA1549D1E7A8780E
S214018E381CF0D8FD20B140461DF063FA821CDEE71F
S214018E48EA78DDE7EC420020F5220400032304005B
S214018E58CD220400D2220400432304008614040011
S214018E68DA220400DD2204005723040073230400D9
S214018E7814280400E5220400607B040060F3030064
S214018E8825220400D7220400ED2204002DE9F04F24
S214018E98C7B0BDF844A10646BAF1040F0D461446FC
S214018EA81F46BDF840B163D9CDE9013B00920B4698
S214018EB802463049002000F019FAFD230DF1170982
S214018EC80DF118083046029322463B462946CDE95D
S214018ED800B8CDF80C90FFF7C5FE0646B8B9FD22D6
S214018EE8414699F800001CF025FD0746C0B1AAF1D5
S214018EF80403834238BF892620461DF0BAF98EB18D
S214018F08304600F01BF9304647B0BDE8F08F0090B8
S214018F1823462A460020184900F0E8F90027EBE71F
S214018F288926E9E7DFF85CA0BA1CBAF80030C3F175
S214018F38FF039A4219DA304600F000F999F8000062
S214018F4800F0FCF8BAF800900C483A464146484406
S214018F58B94405F01FF8AAF8009023462A46304679
S214018F680749009700F0C2F9CDE7892000F0E6F836
S214018F788926C8E77F230400BA2304007860002006
S214018F88E12304002058002010B5044C2060044852
S214018F98018004490A60044A136010BDB4430020E6
S214018FA81E580020B0430020AC43002030B587B0DF
S214018FB80AAC0D4654F8041B0093CDE90114134678
S214018FC80949024609480988006805941DF053F8BE
S214018FD84FF48A52064B1B681880064B1B685D8047
S214018FE8DA8007B030BD00BF1E580020B443002009
S214018FF8B0430020AC43002008B410B587B009ABD5
S2140190080C4653F8041B0092CDE9011302460B499E
S2140190180B4805930988002300681DF02CF84FF4C7
S2140190288A52084B1B681880074B1B685C80DA80DD
S21401903807B0BDE8104001B0704700BF1E580020B9
S214019048B4430020B0430020AC430020044A034642
S21401905811680448044A0988126800681CF0E4BAD2
S214019068B0430020AC430020B4430020044B054A1B
S2140190781B6812681988044B18681CF048BA00BFA8
S214019088B0430020B4430020AC43002007B5074B8B
S2140190981B681B880192064A12680092054A1268E4
S2140190A81CF096FA03B05DF804FB00BFB04300203D
S2140190B8B4430020AC4300201FB51446064A126884
S2140190C81288CDE901430091044B05491B680968DC
S2140190D81CF05AFA04B010BDB0430020B443002077
S2140190E8AC430020014B1868704700BFAC43002012
S2140190F8024B1B6818715971704700BFAC430020BA
S21401910810B50024084B1C70FEF75EFC074BFF22C7
S21401911818802146064804F0ADFD064B1C80064B18
S2140191281C605C609C6010BD826100202258002093
S21401913878600020205800202458002007490B8812
S214019148FE2B9FBF064AD054581C80B29DBF08808C
S21401915800F1FF3080180020704700BF205800201B
S21401916878600020F8B5094F0D463B885C18FE2C40
S2140191780ADC074E0A46A4B20146F01804F0CCFDF4
S2140191883C80641BA019F8BD0020FCE7205800208D
S21401919878600020024B034A00201A60704700BF1F
S2140191A8B8430020DC770400014B1878704700BFED
S2140191B8EC42002030B4044D044C002B0CBF2B4667
S2140191C8234630BC1DF0C1B8CDE10300B424040029
S2140191D870B5054608460C461DF08EF8611C024619
S2140191E8024B2846BDE870401DF0AFB8D32B0400EB
S2140191F800B5037889B0069343783E2205938378B1
S21401920808490493C3780393037902934379019336
S21401921883790093C3790448008800F081F809B07F
S2140192285DF804FB0F24040030580020024B024668
S2140192380249188800F05AB83058002039E8030067
S2140192482DE9F04705460E4617460024DFF8448008
S214019258DFF844A0DFF84490AC4201D1BDE8F087BE
S214019268B8F8000006EBC401534608221DF06DF855
S2140192780134B8F800003FB9044AA54208BF4A4677
S214019288034900F04DF8E7E74A46F9E725220400C6
S21401929838E8030030580020B424040001D1030044
S2140192A82DE9F0410E4E044630881DF066F8A8B147
S2140192B800250C4FDFF83080E3070AD518B9414678
S2140192C8308800F02DF830882A46394600F028F80C
S2140192D8002001351B2D4FEA5404EDD1BDE8F0817D
S2140192E830580020CC100400572104000EB417B5DE
S2140192F805A9044651F8040B019103F0B1FB0121BD
S2140193080220054AF8F7ECFC044B1C8003B0BDE8C4
S214019318104003B0704700BF2522040030580020D3
S2140193280EB417B505A9044651F8040B019103F0CC
S21401933897FB034B1C8003B0BDE8104003B0704791
S2140193483058002013B503680446587900F032FFF8
S21401935890B923685A88032A0ED0E17C5B79CDE957
S21401936800211649164AFFF7C1FF012120461DF0C4
S214019378A4F8012002B010BD637D012B0AD0637DDD
S21401938833B92368228A598858791CF080FC48B971
S214019398C3200AE02368228A598858791CF080FC81
S2140193A80028ECD020461CF0EAFF064B1B78002B61
S2140193B8DFD110F5807FDCD0C1B2D7E73C240400AA
S2140193C83424040079610020002970B50F491D4630
S2140193D80F4B14460CBF6E227922002808BF0B4695
S2140193E800200C49FFF79CFF0B4E2544AC4205D1E3
S2140193F8BDE8704000200949FFF778BF31460020D4
S21401940814F8012BFFF78CFFF0E700BF7524040062
S2140194186B2404007E240400B22404000908040016
S2140194282DE9F04FC27C8BB00592427D0368002A75
S21401943814BF80224022077D0446856886895879AC
S214019448B846B3F80290069200F0B4FEA0B9059BA0
S214019458052B05D86FF02D03059A1341DB070BD5AD
S214019468B9F1030F08D0AB490020FFF73FFF0121F0
S21401947820461DF022F876E0E37B1BB1228A002AFB
S21401948800F0B781607D0022B0FA80F05B4203F0FD
S2140194980403DFF88CB2400943EAC000ABF80020A9
S2140194A8FFF74CFEE37B1BB3208A1CF0E2FE8246E4
S2140194B8A07CFFF743FE059A162A00F29A81DFE898
S2140194C812F019009E016C005600D2016C00920140
S2140194D8D9019A01E001E701EE013901020298017A
S2140194E89801980114025802140270023901020206
S2140194F89A46DDE700204B46874A8849FFF7F6FE7D
S2140195080120FFF71BFE08F10207B74229D841469A
S214019518324628461CF0EAFE8046236842465879B9
S214019528BBF800304946C3F1FF039BB20193238A77
S2140195380093069B1EF019FB10B11FFA87F8E2E7A5
S214019548236842465879BBF800304946C3F1FF0301
S2140195589BB20193238A0093069BFFF797FC892801
S214019568EBD11CF0A4FF01200BB0BDE8F08F4FF043
S214019578000B0420FFF7E2FDF31E0893089B9845AD
S21401958852D3BBF1000FECD1E37B94F81480002B87
S2140195980CBF02220422624B1A804FF0000B0420F3
S2140195A8FFF7CCFD5F4608F1030A564540F29D8059
S2140195B83246414628461CF099FE05EB08039B787F
S2140195C8F21EAA44A2EB080207905146184692B228
S2140195D809931CF0AFF90890002879D02268099BF6
S2140195E85079CDE901A3238A49460093DDE906327D
S2140195F81CF0CFFC82464A460020079B4949FFF7E4
S2140196088FFEBAF1000F55D10BF1010350464649BA
S2140196185FFA83FBFFF76AFE089B08F1030813FA53
S21401962888F81FFA88F8BEE73246414628461CF0F5
S2140196385DFE05EB08039F78089B08F10301A3EB81
S21401964808022944824692B2384609911CF072F9FA
S214019658079068B323680999587902970191238A74
S214019668524600934946069B1CF0E3FC0746B8B1F0
S2140196780BF1010338465FFA83FBFFF75FFD50469F
S2140196881CF0F7FD53464A4600202649FFF72EFEF2
S2140196983A4600202549FFF729FE802F3FF471AF8F
S2140196A8079B08F1030813FA88F81FFA88F865E794
S2140196B88027DDE75046FFF741FD07981CF0D9FDE6
S2140196C80137524600201949FFB2FFF70FFEA3E7FC
S2140196D88720FFF733FD07981CF0CBFD013787225B
S2140196E812490898FFB2FFF701FE059B052B3FF4C8
S2140196F83AAF002F7FF435AFBBF1000F05D10C4907
S2140197085846FFF7F3FD8021B2E63846FFF716FD07
S21401971827E700BF84D80300BF2404000C250400F3
S21401972820580020C92404000C240400E524040061
S214019738EF2404000599A84AA84B0020152918BF4C
S2140197481346CDF80090A64AA649FFF7CFFD059B1C
S2140197580C2B14BF16200D20FFF7F0FC32462846C6
S21401976839461CF0C3FD059B3D440C2B0646AD78D7
S21401977835D1192D28BF1925E37BB3B14FF6FF73F1
S214019788278A9F4211D1206832464946069B40796E
S214019798FFF70AF9B84208D0BAF1000F05D02082BF
S2140197A88AF80000000A8AF801000020BBF8007059
S2140197B8FFF7C4FC236832465879059B4946A3F14E
S2140197C8150CDCF1000343EB0C03CDE90153238AA6
S2140197D80093069B1CF051FB834BD855C1E6132D0D
S2140197E828BF1325C8E72046FDF7D0FB00287FF4DD
S2140197F8BAAE81213CE62046FDF77CF8F6E7B9F1DA
S2140198080A0F05EB0708A6EB070A21D1DFF8DCB13A
S2140198189BF80030E3B1E37BD3B9BAF1080F17D14F
S2140198283246394628461CF061FD88B998F8023058
S21401983873B998F80320E22A0AD13246391D284618
S21401984805931CF050FD1CF01DFE059B8BF800309F
S214019858414648461FFA8AF21EF089F900287FF425
S21401986882AE002104E6F21B484692B2E9191CF0C2
S214019878FAFCF3E7F21B484692B2E9191CF0B7FC6A
S214019888ECE7F21B484692B2E9191CF0DCFCE5E766
S214019898F21B484692B2E9191EF06BF9DEE7236817
S2140198A8EE5D5879238A0137ED5D0193069B3246B2
S2140198B8494600932B461CF01FFA2A46314648466D
S2140198C81CF097FC4FE605987A1CE95DB31AA0F1DF
S2140198D81606704270410039009018BF01214846AB
S2140198E89BB22A441CF087FCB8E7059BEE5D112B5A
S2140198F83D446F7838D11220FFF720FC0025E37B22
S214019908B3B14FF6FF73B4F81080984510D13346BB
S2140199184A4621462846FEF7C9FF404508D0BAF10F
S214019928000F05D020828AF80000000A8AF8010094
S214019938BBF80080DFF8B0A0C8F1FE0292B208F1C9
S2140199480103009253444A4621462846CDE9026758
S214019958CDF804B0FEF7E2FFBBF800300AF80800BD
S2140199680133ABF80030FCE51420FFF7E7FB0125CF
S214019978C5E77B1C9E422CD3EF5D1D44003F18BFF4
S2140199880127F31A9EB233462A4639460020FFF7C6
S2140199981BFD00962B463A464846218A1CF02FFCAA
S2140199A85CE77B1C9E4214D3EF5DF61A003F18BF96
S2140199B801271D44B6B233462A4639460120FFF729
S2140199C803FD00962B463A464846218A1CF015FCAC
S2140199D844E70020C8E500BF25220400BA24040095
S2140199E8002504000A25040078600020776100201D
S2140199F838B54FF6FB750446A9424FF001019DF8AC
S214019A08100098BF43F40043217023816260A0725E
S214019A1802230020084A0949FFF768FCE07A084B48
S214019A2840F6CA0203EB4010FF211AF0BAFEBDE861
S214019A3838400420F8F732BB1A250400252504000F
S214019A48FC43002030B5054685B028B91D4905B048
S214019A58BDE83040FFF74ABC0024007B1CF05CFCE4
S214019A682046194A19492C70FFF740FC184BE87A2A
S214019A78FF2103EB40101AF0A5FE2046154B020104
S214019A889A5C22B901300428F9D1F8F721FB6968F4
S214019A9899B1B5F908302A899B1303F002038DF8AA
S214019AA80430C2F30E03ADF806304FF6FF73ADF877
S214019AB80830002301A80393884705B0BDE8304065
S214019AC81CF02FBC502504001A250400822504002A
S214019AD8FC430020BC4300200948037873B91946A3
S214019AE8084AD3720133042B117311705160118126
S214019AF8917202F11002F4D101230370704700BF7E
S214019B0878610020BC43002008B5FFF7E5FF002375
S214019B1805491A018A5C01EB03101AB10133042BBB
S214019B28F7D1002008BD00BFBC43002070B50D4624
S214019B380646FFF7D1FF0023094800EB0514A17A72
S214019B48B14205D1217819B12B4400EB031070BD41
S214019B580133042B04F11004F1D10020F7E700BF0C
S214019B68BC43002010B50446FFF7B6FF0E4B9C42D7
S214019B7812D003F12002944210D003F1400294421D
S214019B880ED060339C420DD10323084800EB031026
S214019B98BDE81040FFF756BF0023F6E70123F4E7B8
S214019BA80223F2E70020F3E7FC430020BC43002031
S214019BB870B50024064D074E28463246002101346A
S214019BC8F7F7A4FD042C05F12005F5D170BD00BFFB
S214019BD8FC4300206D9B01002DE9F34105460C4628
S214019BE817469846FFF790FF064640B91C4A1D4996
S214019BF8FFF77CFB0224204602B0BDE8F0814FF651
S214019C08FB739D420AD94FF6FD739D4204D000208E
S214019C18134A1549FFF76AFB4FF6FD754346214679
S214019C283A4628461CF016FC044600F02FFE8046ED
S214019C3834B1234600200A4A0C49FFF757FBDAE7F6
S214019C483B462046064A0A49FFF750FB06232946A3
S214019C583046089ACDF80080FFF7CAFECBE700BF6A
S214019C681A2504008F250400B9250400EE250400F2
S214019C7817260400F7B506460C461746FFF744FFB5
S214019C88054638B9104A1149FFF730FB0224204629
S214019C9803B0F0BD21464FF48A5230461CF0A2FDAF
S214019CA8044600F0F3FD34B123460020064A08496D
S214019CB8FFF71CFBEBE7009004233A46314628469B
S214019CC8FFF796FEE3E700BF1A2504008F25040078
S214019CD83F260400F7B506460F46FFF715FF05466B
S214019CE838B9104A1049FFF701FB0224204603B091
S214019CF8F0BD00224023114630461CF037FF0446CB
S214019D081CF032FF34B123460020064A0749FFF704
S214019D18EDFAEBE7009001233A4631462846FFF76D
S214019D2867FEE3E71A2504008F250400722604005F
S214019D3873B504460E46FFF7E7FE054638B9104ADE
S214019D481049FFF7D3FA0224204602B070BD00225C
S214019D58204611461CF00CFF04461CF005FF34B1E2
S214019D6823460020064A0849FFF7C0FAECE70090A8
S214019D78234632464FF6FC712846FFF739FEE3E7DD
S214019D881A2504008F250400A02604002DE9F041B9
S214019D988846107800219EB014461D46FFF7C6FE79
S214019DA80646002800F0FD800778002F7BD0B8F81B
S214019DB80010002940F0F5800389B8F8022043F422
S214019DC80040824240F0ED80617800296BD1A2F50F
S214019DD80042062A00F2E580DFE812F0A100A100A1
S214019DE8E300E3000700B8006900E3880D3DADF81D
S214019DF82430238915F00105ADF8263063798DF8EE
S214019E082830E37A03F1060214F812208DF814308C
S214019E188DF81C2042D10BA98E46069104F10C0040
S214019E285FFA85FC9C4500F1020009D210F8018C06
S214019E3810F802CC01350CEB082C2EF802CBEFE714
S214019E4801EB43011A440891D2B2590001F10D0001
S214019E589A42C0B20BD025186D78205C78316944D7
S214019E6800EB0520013321F84C0CDBB2EDE7B6F91F
S214019E7808203389002AACBF01220322C3F30E034C
S214019E888DF808206288ADF80A3005ABADF80C20CD
S214019E98049302A930461CF0C8FA04E0424A434932
S214019EA80020FFF723FA38461EB0BDE8F081042DDE
S214019EB802D83D4A3E49F3E72379053DADB29D42B6
S214019EC8B4F8028002D0384A3A49E9E73A4A3B4BA5
S214019ED80020002D08BF13463949334ACDF80080C3
S214019EE8FFF704FA05348DF81450B6F908300694CD
S214019EF885B1002BACBF012303238DF82C303389A1
S214019F08ADF83080C3F30E03ADF82E3005AB0D93D4
S214019F180BA9BFE7002BACBF06230523EDE70B2DE6
S214019F28C7D9D4F80200D4F8061013F4004F05AACE
S214019F3803C20CBF042203228DF82C206289C3F3C6
S214019F480E03ADF83020ADF82E30DFE7042DB0D97A
S214019F586388ADF8303023790533DBB29D4206D0ED
S214019F680020114A17490095FFF7C0F99BE70E4AEA
S214019F7800201549FFF7BAF9B6F908203389002AEF
S214019F88ACBF01220322C3F30E03ADF82E3005AB96
S214019F980D93631D069323798DF82C208DF81430C4
S214019FA8B6E700277FE700BF1A250400CD26040080
S214019FB8F52604000927040049E0030025220400C9
S214019FC8302704004D2704008E270400304BF0B5D7
S214019FD8B0FBF3F24FF4616503FB1200B0FBF5F337
S214019FE8DCB205FB13033C25B3FBF5F3DBB2A0EBB0
S214019FF804104B71C3EB0313A0EB83004FF4FA6311
S21401A0080B8040F201134B8001230C711F4600247C
S21401A0186425204E8871944200D1F0BD91F802C0A3
S21401A02813B1BCF1020F2BD006EB0C0010F801ECB3
S21401A038C87870450BBF012001300CF1010CC0B285
S21401A04808BF81F802C0C87088780D2816D10B8819
S21401A0588F7001339BB298070B8014D1B3FBF5F0D0
S21401A06805FB103080B280B94FF4C870B3FBF0FC22
S21401A07800FB1C339BB2B3FA83F35B090134CAE7CE
S21401A0884FF01D0ED4E70023F8E70123F6E700BFDB
S21401A09880510100227B040010B5044688B006A949
S21401A0A8FFF794FF9DF81E300A4803939DF81D306C
S21401A0B8049402939DF81C309DF81A200193BDF86C
S21401A0C818300549009300889DF81B30FFF70EF9F4
S21401A0D808B010BD30580020A7270400026808B54C
S21401A0E81188154B19805188598051791971117940
S21401A0F859714FF48A51D980D28812F0200F0CBFBB
S21401A1080A464FF48B528169DA800C4A137831B9C2
S21401A118C0880B4923F002030880137008BD43F07A
S21401A12802031370074B15221846013103F0F4FD9C
S21401A138002200F8012CF1E7245800208261002053
S21401A148225800203358002010B5184C2368587937
S21401A1581BF091FD0B2822D8154B03EB0010027B50
S21401A168237F9A421BD12368428819888A4205D0E0
S21401A1784FF6FF70814212D1120410D42279023AA6
S21401A188012A06D9A37B63B9BDE810400748FFF743
S21401A19847B9198958791AF0A4FE0028F2D1002087
S21401A1A810BD0248BDE81040FFF7CCB88044002037
S21401A1B8EC42002008B51BF05EFD0B2896BF024B4B
S21401A1C80020185C08BD00BF8761002008B5002084
S21401A1D81CF0A2F8FF201BF081FD1CF0A2F81BF072
S21401A1E849FFFEF771F901210246064803F042FDD0
S21401A1F8054BFF21054A0648FEF7C6FEBDE808409E
S21401A208FEF708BB8761002024580020205800204C
S21401A21878600020F0B5002204464FF6FF750B4F14
S21401A22890B237F830600346AE4201D12846F0BDF9
S21401A238A64209D1B4F57C4FF9D307EBC3035B8873
S21401A2488B42F4D00029F2D00132E9E7607B0400A2
S21401A25810B50446FFF7DEFF094A034610884FF695
S21401A268FF72934214BF074A2246BDE8104017BF43
S21401A27802EBC30304495A680449FFF751B800BF03
S21401A28830580020607B0400CA27040060F30300EE
S21401A298034B18780130C0B2187000F07F00704781
S21401A2A8F56B0020044A137818B143F001031370C4
S21401A2B8704703F0FE03FAE782610020014B18702D
S21401A2C8704700BF8561002038B1074B1B78012B0A
S21401A2D804D1038843F0400303807047022BFCD166
S21401A2E8038823F04003F7E78561002068B1074A31
S21401A2F81378012B07D1064B1B781370037843F0AC
S21401A3081003037001E0022BF8D070478461002027
S21401A318836100207FB50121264B274E19703378BB
S21401A3280246D90744D42549096881B10868C18815
S21401A3388D0641BF224CE18841F02001E180C188A9
S21401A3484C0641BF1E48C18841F04001C1801D4DE1
S21401A3581D492878097840074CBFE97069701B4980
S21401A36813F00204098809D0164A19481BF057FF4A
S21401A378337823F00203337004B070BD154B188888
S21401A3884FF6FB73984208D80B46CDE900520146B2
S21401A3980B4A20461BF01CF9EEE74FF6FF73CDE992
S21401A3A8014200930A46074B05491BF0EDF8E3E71F
S21401A3B80020E1E779610020826100207C440020CA
S21401A3C82458002078600020F66B002020580020D2
S21401A3D8325800202258002070B503790446012B14
S21401A3E80D46164631D883681B78DB0600D561B35F
S21401A3F8A37B13B9E37C0B2B27D00022144B1A80BE
S21401A408637DB3FA83F35B09D800E37BABB9FEF748
S21401A41895FEA07CFEF792FE0B20FEF78FFEE07CF1
S21401A428FEF78CFE2846FEF789FE2046FFF756FE05
S21401A4383046BDE87040FFF76DBF40F00400FEF7F8
S21401A4487DFE208A1BF015FFE3E7002070BD00BFE4
S21401A45820580020024B0A4601461868FFF7BCBF81
S21401A4687C440020F0B4054618460F4B0C461B7872
S21401A478BDF81010012B0D4E01D0377827B10023F7
S21401A48833700020F0BC70470CB9002AF9D143B1EB
S21401A4984FF65743994204D02B462246F0BC1BF090
S21401A4A8A4BE0120EEE700BFF76B002086610020FE
S21401A4B82DE9F04F684C4FF0000A2546844696462B
S21401A4C898460F46654B664E83F800A00FCE0FC51B
S21401A4D896E80F0085B085E80F00DDF83C90BDF8DA
S21401A4E8383072460093394643466046CDE90194B2
S21401A4F800F0DCF8DFF89081064670B90025FEF713
S21401A508FFFD16220021574803F0B4FB0023284616
S21401A518C8F8003005B0BDE8F08F534BA27CC8F8E8
S21401A52800401A70514B1B78002B36D01BF0ACFF3D
S21401A5384F4902465046FEF7F3FE226850465379C5
S21401A54852884C490092A289FEF7EAFE50461BF053
S21401A55814FF20B12368218A5888FFF779FEE37B28
S21401A56823B10020228A4449FEF7DAFEA3680020B8
S21401A5781A78E37C41490093A37CFEF7D1FE207D3F
S21401A588A289A168121A01440123002092B2FEF79B
S21401A59811FE00203A49FEF7A9FE2F48FFF79EFD57
S21401A5A82D481DF0DDFA054630BBB9F1000F25D15F
S21401A5B82168E0880B8801904988BA1E032A009111
S21401A5C88CBF002201220121E07CFFF74BFF38B93E
S21401A5D823685B79FF2B3AD0FFF7B6FD05468EE771
S21401A5E82368DB889A06F3D40121264C1A48217081
S21401A5F81BF063FF84F80090354680E7B9F81430FD
S21401A6089B07E5D47AE75846FEF718F88246584677
S21401A618FDF760FF88B123685046228A59881BF0E7
S21401A6282DFB50B13846FFF759FD236889F804A079
S21401A63883F805A0FFF788FD00B9284605460136C8
S21401A648FDF742FF5FFA86FB5845DCD857E7002638
S21401A658014FDFF83890F3E7804400207961002045
S21401A668407B040032580020F66B0020F46B002073
S21401A678E3270400EC2704000D2804001928040029
S21401A68893D90300866100207C44002024580020CA
S21401A6980023054AD15C814202D31A445078704798
S21401A6A80233DBB2F6E700BF2E7B040073B515460E
S21401A6B82E781A4616F0040F0CBF032605269E426E
S21401A6C8089C08D9224A234900960020FEF70EFE68
S21401A6D8002002B070BDBDF8183021712060E380FB
S21401A6E8A560A2812B7803F00103A3732B7803F0EE
S21401A6F80403002B14BF01210021E1732978C1F35B
S21401A708C00161754FF00101217518D028461BF06C
S21401A718EDFD237D208202332375227D531CDBB297
S21401A7282375A95C0232D2B2A1742275EB5CE3747C
S21401A738A3899A4205D900920749054AC5E72382A3
S21401A748EBE7079B0120A36100232377C1E700BF3E
S21401A758DDE003005C280400782804002DE9F743AF
S21401A7680024204FDFF89C80DFF89C90E0B21CF0B4
S21401A77839F9FF2805460FD12346012102201A4A36
S21401A788F7F7AEFA194B0134187819F00CFC152CAA
S21401A798ECD103B0BDE8F08346B238EA260328BFF9
S21401A7A84B4601210093022057F82430104AF7F748
S21401A7B897FA002EE6DA0923E340DB070AD50D4AA5
S21401A7C80D4B15F0010F18BF1A4601210220F7F7A5
S21401A7D887FAD7E70A2CD5D1084A094B15F0010F95
S21401A7E8F1E700BF787B0400D1280400F86B00204D
S21401A7F8F9280400AA28040094280400C62804009E
S21401A808BC28040049E003002522040008B55422A8
S21401A8180021024803F02EFA002008BD2059002026
S21401A82808B55422FF21024803F024FA002008BD87
S21401A838CC580020024B23F810100020704700BFA8
S21401A848CC580020002310B4074ADCB2A14203D832
S21401A8585DF8044BFFF7DABF2A2BF9D032F8024B22
S21401A86820F813400133F0E720590020002310B5E3
S21401A878054A994201DD2A2B00D110BD32F8024B58
S21401A88820F813400133F4E720590020024B1878CA
S21401A89800F07F00704700BF93610020034B1878D3
S21401A8A80130C0B2187000F07F0070479361002035
S21401A8B830B51C4600238BB0ADF82220021D92B29B
S21401A8C8012A0E9DADF82030ADF81E10ADF81C30EB
S21401A8D803D94FF6FF7290420FD10022CDE90352F9
S21401A8E8CDE90124094B01461B784FF6FF7000930A
S21401A8F807AB1CF097F80BB030BD0146CDE9015304
S21401A9081846009407AA1CF0A9F8F4E7F96B00208A
S21401A91838B505464FF480500C4603F0B1FB4FF4AA
S21401A92880532860236030B940F2A511BDE838404D
S21401A938014822F024B838BDE829040000487047C9
S21401A948DE5A0020014B1878704700BF126C0020B1
S21401A958014B1888704700BF9A6B0020014B187886
S21401A968704700BF0B6C0020014B1878704700BF7A
S21401A97897610020014B1878704700BF066C0020CD
S21401A988014B1870704700BF9A610020014B187080
S21401A998704700BF99610020014B1888704700BFB7
S21401A9A8986B00202DE9F74F4FF00008394B3A4FC6
S21401A9B893F80090394B3A4E3A4D3B4C3B483C494C
S21401A9C8DFF8F4C0DFF8FCE0DFF810A1DFF810B11B
S21401A9D80193019B2037203301935FFA88F3994549
S21401A9E806F1200605F1200504F1200400F12000F7
S21401A9F801F120010FD8002211462E4B2E4D1C784E
S21401AA082E4E2F4B2F4FD0B2844203F1200338D855
S21401AA1803B0BDE8F08F2C4B2C4A47F81C3C0023AA
S21401AA2846E907232A4A47E9063E45E90723294A0C
S21401AA3846E905E344E90723274A45E905E340E9EA
S21401AA480723019A44E905E340E905E341E908CA11
S21401AA5841E9063E47F820CC47F8103C46F820CC9A
S21401AA6845F820CC44F820CC40F820CC41F8103CDE
S21401AA7808F1010842E908CB42E9063E42F8103CD3
S21401AA88A7E743E9085643E9061743F8101C0132BD
S21401AA98B9E700BF166C0020584800205847002028
S21401AAA83848002018480020B8470020984700205A
S21401AAB878470020106C00200C560020D5D40200E0
S21401AAC8D847002025220400A192030079910300AB
S21401AAD8119D0200B1B60200A7690300851A03009A
S21401AAE8158C0200002208B5074B1A605A601BF045
S21401AAF848FF064B18701BF044FF054B1870054BB2
S21401AB081A78054B1A7008BDAE550020D56100208D
S21401AB18D4610020046C0020D3610020002100B518
S21401AB2893B008466A460AF071F90146C8B90E4B51
S21401AB380E4A09930E4B0D920A930E4A0E4B0E922D
S21401AB480B930E4A0E4BCDE90F230C930D4B6A4619
S21401AB5811930AF011FC003818BF012013B05DF8F4
S21401AB6804FB0120FAE700BF0B8D0300AD98020035
S21401AB780F8F03006D6D0200D5690300D9A7020087
S21401AB886F8F0300DD940200084B1878112806D849
S21401AB98012809D9064BC34003F001007047A0F10C
S21401ABA8430358425841704700207047D761002038
S21401ABB83400020008B5064B1B78013B022B05D86A
S21401ABC80020FFF7E1FF0138C0B208BDFF20FCE70F
S21401ABD8D8610020044B00F1100250F8041B904283
S21401ABE843F8041BF9D17047D9610020044B03F1DF
S21401ABF8100253F8041B934240F8041BF9D170471E
S21401AC08D961002030B5002491B0114B0546214684
S21401AC1814220BA8CDE9094303F02CF8102209AB3E
S21401AC28CDE900440693CDE90452CDE90252094B19
S21401AC3809490AA8F2F728FD04460AA81CF02FFDC0
S21401AC481CB1A021054821F09AFE11B030BD00BF05
S21401AC580024800000444004D9610020732A0400BF
S21401AC6870B5002490B0154B05460E4614222146B1
S21401AC780BA8CDE9094302F0FDFF102209ABCDE987
S21401AC88004406933146CDE90452CDE902520C4BF5
S21401AC980AA8F2F7F9FC04460AA81CF000FD1CB144
S21401ACA8BA21084821F06BFE099B102B03D0BB2163
S21401ACB8044821F064FE10B070BD00BF0024800077
S21401ACC800444004732A040030B50D4600218FB0B5
S21401ACD8124B0446142209A8CDE9071302F0CAFF4D
S21401ACE8102207ABCDE90242CDE90042049329467A
S21401ACF80B4B08A8F2F77CFD044608A81CF0CFFC0D
S21401AD081CB1D121074821F03AFE079B102B03D02E
S21401AD18D221044821F033FE0FB030BD0024800054
S21401AD2800444004732A04000022034B1870034BA6
S21401AD381970034B1A707047EA610020EB61002016
S21401AD48E96100202DE9F04FDFF89080064698F873
S21401AD5800300D4685B0002B3AD04FF6FB7398426B
S21401AD6836D84FF0000B1C4FDFF874A03C7898F8E3
S21401AD7800305FFA8BF94B459AF8000011D9484420
S21401AD8802AA0DF10601C0B214F096FA0822294665
S21401AD980DEB020003F0BAFA0BF1010B0028E6D11D
S21401ADA84C463B78A34208D198F80020631CDBB2D6
S21401ADB89A423B7004BF00233B70324629469AF8F4
S21401ADC800301C44E0B205B0BDE8F04F14F062BB99
S21401ADD805B0BDE8F08F00BFE9610020EB610020F7
S21401ADE8EA6100202DE9F74F06460D4614461F4630
S21401ADF84FF0010BDFF8789003F10C0A15B903B090
S21401AE08BDE8F08F102DA84628BF4FF010083A4627
S21401AE18164B5FFA88F152F8040B524543F8040BB7
S21401AE28F9D101919AF8002011481A70002389F87F
S21401AE380F4089F800B089F80E30FFF7E3FE324676
S21401AE4801340B480199E4B212F801CB10F8013B22
S21401AE5883EA0C0302F8013C931BDBB28B42F3D363
S21401AE68A5EB080816461FFA88F5C7E7ED61002026
S21401AE78EC6100202DE9F04F9046914685B0009090
S21401AE88981A029383B20193009B0F46354903F142
S21401AE980C0453F8045BA34241F8045BF9D11B7810
S21401AEA8314E0B7049233370019BF0731B0A3046F1
S21401AEB8B373FFF7A7FE0221BB460D46737888EAEF
S21401AEC8030373704FF0000A1DE0C5F11004A9EBE7
S21401AED80A039BB2A4B29C4228BF1C4600231FFA51
S21401AEE883FCE8186445C0B21FD82544EDB2A344D4
S21401AEF8102D54441FFA84FA05D1002530460391D3
S21401AF08FFF780FE0399D145DFD807EB080B25B17B
S21401AF1815480391FFF776FE039901294FF00005BE
S21401AF280DD00121DDF80490CCE71BF803C016F814
S21401AF3800E001338CEA0E0C06F800C0CFE7029B4E
S21401AF4809491F44094B38461C78224603F022F863
S21401AF582A4621463846009B05B0BDE8F04FFFF764
S21401AF6841BF00BFED610020EC610020176C002096
S21401AF7830B540780C4601284FF0110387B001F12F
S21401AF88100516D1144A01A90AF07EFF234601AC22
S21401AF98224618685968083303C2AB421446F7D1EB
S21401AFA811230D4A002001A90AF06EFF002007B000
S21401AFB830BD0120094A01A90AF066FF234601AC03
S21401AFC8224618685968083303C2AB421446F7D1BB
S21401AFD81123024AE6E700BF75E4010079EB010098
S21401AFE830B50C46407887B001284FF011030DBFE5
S21401AFF80B4A0C4A012001A918BF01A90AF044FF0F
S21401B008234601AA05AD144603CCAC421860596024
S21401B018224603F10803F6D1002007B030BD00BF71
S21401B02875E4010079EB010010B50C4688B01A23C7
S21401B0380C4A01A901200AF027FF21460DF10E034B
S21401B04804F1100251F8040B914243F8040BF9D1AC
S21401B0581A230020034A01A90AF016FF002008B0A7
S21401B06810BD00BF24E10100F0B58BB004460D46C3
S21401B0781DF00CFEA8B101A812F0CEF888B1667BC7
S21401B088271D16F0020F05D00822384601A903F03D
S21401B0983DF9D0B901AB46F0020603CB6060796092
S21401B0A866731A230A4A03A901200AF0EDFE294607
S21401B0B80DF116030DF1260253F8040B934241F8DD
S21401B0C8040BF9D100200BB0F0BD2D20FBE700BF23
S21401B0D824E10100F0B50546071D00220C46384656
S21401B0E8082193B01DF060FD6A7B0646D0070BD594
S21401B0F8687808A91CF0F0F8DDF83D306B60DDF8DB
S21401B10841307B6080B10BE0910709D5D20001215F
S21401B118384602F080021CF0EAF8FF28687002D16F
S21401B1282D2013B0F0BDD6B1687801A91CF071F8CE
S21401B1389DF81C305B0604D54FF4C6710A4821F009
S21401B1481EFC234603AD07AC2A4603CAA242186072
S21401B1585960154603F10803F6D10020E1E708A96E
S21401B1681CF0BAF8CEE700BFF12A04002DE9F04139
S21401B17806468AB01F480F4615460024FFF736FDD7
S21401B188002C01A914BF4FF05C0C4FF0360C1023AD
S21401B1988846184A12F8010B013B8CEA000013F0A6
S21401B1A8FF0301F8010BF5D105A81EF038FB42464E
S21401B1B8102105A81EF037FBC4B93946324605A842
S21401B1C81EF099FB2A460DF1140C0DF1240E634668
S21401B1D803CB7345106051609C4602F10802F6D114
S21401B1E814B10AB0BDE8F0810124C9E72A46102146
S21401B1F8E5E700BF1C6200202DE9F04791460D46A1
S21401B208C0B09DF82041DDF828811E46DFF87CA0F5
S21401B2189DF8243107462246494640468AF80030BA
S21401B22802F0B8FE9DB12346324641463846FFF73E
S21401B23821FEB44207D9A11B3B46012289B208EB7D
S21401B2480600FFF7CFFD002040B0BDE8F087A11B40
S21401B2583B46012289B208EB0600FFF7C3FD2246EA
S21401B2684146684602F096FE324669463846234607
S21401B278FFF700FE9AF800200DEB040109EB040025
S21401B28803F044F80028DED02C20DDE7176C0020F8
S21401B29838B50346104601F1100451F8045BA14283
S21401B2A842F8045BF9D104491BB1FFF7D9FC002029
S21401B2B838BDFFF709FDFAE71C62002030B50546E0
S21401B2C889B069461BF029FE6B8804ACABB12246EF
S21401B2D8294668461BF0C1FD0E4A08AD234603CB36
S21401B2E8AB42106051601C4602F10802F6D10948CB
S21401B2F8FFF770FC002009B030BD6B46054D1A46B5
S21401B30803CAA24228606960134605F10805F6D10A
S21401B318EDE700BF1C62002050B10B4B0B4A03F14E
S21401B328100153F8040B8B4242F8040BF9D170470D
S21401B338064B054A03F1100153F8040B8B4242F8F9
S21401B348040BF9D1704700BF1C620020FC61002085
S21401B35808B51022024802F0DFFC002008BD00BF35
S21401B3680C62002008B508461022024902F0D4FCF7
S21401B378002008BD0C62002010B5044686B001A95D
S21401B388114A112301200AF07FFD9DF8143001A807
S21401B398E3701EF00BFE80F001000C4A01A96070F4
S21401B3A8112301200AF070FD9DF8143001A8A3703E
S21401B3B81EF0FCFD80F00100207010F0C7FA6060F6
S21401B3C8002006B010BD00BF75E4010079EB01004E
S21401B3D810B5044686B01123134A012001A90AF0C4
S21401B3E853FDA3789DF814209A4207D08DF814309F
S21401B3F8002011230C4A01A90AF046FD11230B4A25
S21401B408012001A90AF040FDE3789DF814209A422C
S21401B41807D08DF8143000201123044A01A90AF038
S21401B42833FD06B010BD00BF79EB010075E40100DD
S21401B4382DE9F04186B0064603A80C4612F08AFEAE
S21401B448054600284AD1BDF80C30980646D5102284
S21401B4582946204602F00EFC01A811F0DDFEC0B117
S21401B468777B06F1040817F0020F06D0082240463B
S21401B47801A902F04BFF00282ED101AB47F00207C5
S21401B48803CB7060C8F804107773238843F0080369
S21401B4982380238843F00203238011F097FA606023
S21401B4A81DF0F4FB30B10E4B1B68A360238843F0F4
S21401B4B8040323800B4B1A68D1035EBF238843F02D
S21401B4C810032380130203D5238843F400632380E3
S21401B4D8284606B0BDE8F0812D25F9E72425F7E7CB
S21401B4E8884800208C48002010B5D0E9023253F86D
S21401B4F8223090B01C684022694620461BF05FFF48
S21401B508034630B1224600200549FDF7EFFE10B08C
S21401B51810BD012269460820FDF792FEF7E700BF35
S21401B528872B040070B500F0B1F800280CBF6E2216
S21401B538792200201349FDF7D9FE00F0A7F8F0B1EB
S21401B5481BF051FF00280CBF6E22792200200E49FD
S21401B558FDF7CCFE082200200C49FDF7C7FE0025A2
S21401B5680B4C0C4E234654F8042C31460020033568
S21401B578FDF7BCFE182D04F10C04F3D170BD3F2273
S21401B588E4E700BFBF2B0400D62B0400E62B04001B
S21401B598B0490020052C040070B51BF009FF0446CD
S21401B5A821490020FDF7A2FE2CB92046BDE87040CF
S21401B5B81E49FDF79BBE00F0BBF805461C4B6269A9
S21401B5C80020002A08BF1A461A492668FDF78EFE8B
S21401B5D8A28800201849FDF789FE1849E28800204C
S21401B5E8FDF784FEA388228913F010001ABF0020F5
S21401B5F813491449FDF77AFEE26800201249FDF75F
S21401B60875FE226900201149FDF770FE104A114B9C
S21401B6180020B6F5817F38BF13460F492A46BDE894
S21401B6287040FDF763BE00BF3A2C0400472C0400A7
S21401B638FDFB0300682C0400862C0400A72C0400DC
S21401B648C42C0400E12C0400FF2C04001D2D04006A
S21401B658322C0400282C04003B2D040038B5014682
S21401B66800230C25084A05FB03F4A01814590134D5
S21401B67804D10C2202F050FB002038BD0133082B00
S21401B688F1D10120F9E700BFAC490020034B187837
S21401B698012894BF00200120704700BF2E620020B9
S21401B6A838B50446044D2878A04203D021461BF03D
S21401B6B85FFE2C7038BD00BF2E62002000B58FB02B
S21401B6C83422002101A802F0D5FA01A8EEF786FA7D
S21401B6D80598D0B182680E4BB2F5803F34BF92B25E
S21401B6E8C2F38F2241881A81028828BF41F01001CF
S21401B6F81A6042689980DA80C268DA6002691A615B
S21401B70842695A61027E18461A760FB05DF804FB44
S21401B71830490020054B1B7820B1012B04D80220A4
S21401B728FFF7BEBF012BFBD8704700BF2E62002073
S21401B73810B5084C237853B91BF03AFE0123237041
S21401B74828B10368B3F5817F24BF037E2370207870
S21401B75810BD00BF2D62002070B5184B1B78012B59
S21401B7682BD81BF008FE164D024616490020FDF799
S21401B778BDFD0120FFF7CEFF2E78FF2E1DD1FFF766
S21401B7889DFFC8B1848860223146C4F340040E4840
S21401B7982C7002F06FFA602231460C4802F06AFA01
S21401B7A85CB1FFF7C5FF042807D9BDE8704040F231
S21401B7B82B11074821F0E3B8287070BD2E620020CF
S21401B7C8186C00205E2D0400AC4900204C4900206E
S21401B7D8702D04002DE9F04FDFF884928DB003AB8D
S21401B7E807468846144699E8070083E80700FFF7E6
S21401B7F8B3FFFFF79DFF944B06461D784B46012D78
S21401B80840F07081012840F27281B7FBF0F200FB2C
S21401B8181272002A00F06B818C4900228B46D1F8FF
S21401B82800C0BCF1FF3F04D0087A6044874200F0AC
S21401B83819810132082A01F10C01F0D193E80700B9
S21401B84806AE0DF1240A86E807008AE80700FFF726
S21401B8586FFFB7FBF0FB00FB1B7BA0EB0B094A460F
S21401B868414606460AA809978DF82C9002F092FBE5
S21401B87800224FF00C0E764902E00132082A0ED05B
S21401B8880EFB02F000EB010C08580130F5D19AE8DE
S21401B89807008CE807006F490A7801320A70A1454B
S21401B8A804DD4FF4E2716C4821F069F8A41B5C448E
S21401B8B84F44A1B217FA84F4B4FBF6F206FB12421F
S21401B8C8C8448E1A91B1A41A08EB060107A88DF888
S21401B8D82020069402F05EFB06A8FFF7BFFEFF28AD
S21401B8E804D140F2D9115C4821F049F8B6B2B6B194
S21401B8F80320FFF7D5FE802E0AD832464146574820
S21401B90802F048FB3246384654491BF03CFD0546D2
S21401B9180220FFF7C5FE28460DB0BDE8F08F0025CA
S21401B928F9E74FF40E714C4821F029F8464B1B787D
S21401B938012B00F0E380002C36D00320FFF7B0FE81
S21401B948802C2FD822464146444802F023FB224643
S21401B958384642491BF017FD05460220FFF7A0FEB0
S21401B968DFF8F09099F8003093B1039CFFF7E0FEFA
S21401B978374B002798461A68511C04D0197A411A81
S21401B988521A944224D00137082F03F10C03F2D13E
S21401B998002DC0D1039B0133C1D003A8FFF75EFE7B
S21401B9A80546B8E70125D8E72546D9E740F26D21CF
S21401B9B8294820F0E4FF012524E0012D30D0802E0F
S21401B9C82FD83246254903981BF0DDFC054628E0AA
S21401B9D8002DA0D10C247C4308EB04039DF814A089
S21401B9E893F808B00AEB0B03802BDFDC1B4B52469F
S21401B9F804A9184602F0CEFA211D5A46414450447D
S21401BA0802F0C8FA0C2303FB07839DF814201B7A5F
S21401BA1813449E42D1D040F273210F4820F0AFFF65
S21401BA2801250220FFF73CFE99F8003013B1013BCF
S21401BA3889F800304FF0FF3308EB040248F8043069
S21401BA48C2E9013367E700BF186C0020AC49002043
S21401BA584C4900202C620020702D0400B0480020BC
S21401BA68DC7B04004FF00C0A0AFB02B3187AA6EB3B
S21401BA7800095FFA89F9A14501D35FFA84F90AFB3F
S21401BA8802FA0AF1040528444A464146584402F097
S21401BA9881FA0BEB0A031A7AA4EB09044A44D2B2D8
S21401BAA8B242A4B21A7219D103200193FFF7F8FD26
S21401BAB832460BEB05015BF80A001BF064FC0546F1
S21401BAC80220FFF7EDFD4FF0FF32019B4BF80A20ED
S21401BAD8C3E90122002D7FF41EAFC844002C3FF4B1
S21401BAE81EAF4F44104B1B78012B7FF424AFB7FBD6
S21401BAF8F6F306FB1373002B7FF413AFE319B3FBBE
S21401BB08F6F506FB1535002D3FF415AF641B5B1BD8
S21401BB1808EB04012A4604A80393A4B202F03AFAF1
S21401BB288DF8145007E700BF186C002070B5134B4A
S21401BB381B78012B0CD1FFF70FFE0026104D55F888
S21401BB48043C013306D10336182E05F10C05F6D14F
S21401BB58002411E00320FFF7A3FD55F8044CFFF776
S21401BB68E7FD2946024620461BF00DFC0446022046
S21401BB78FFF796FD002CE6D0204670BD186C002015
S21401BB88B049002070B505460C46FFF7E5FD0520CF
S21401BB98FFF786FD214628461BF003FC06460220D1
S21401BBA8FFF77EFD00220A4B2C441968481C08D072
S21401BBB8A94206D3A1423EBF4FF0FF31C3E90011A7
S21401BBC899600332182A03F10C03EED1304670BD92
S21401BBD8AC490020D0E9023253F8223010B51C686F
S21401BBE8204600F095FA28B12146BDE810400248E3
S21401BBF800F022BF10BD00BFEE2D040008B5D0E945
S21401BC08023253F82230186800F06CF920B1BDE80A
S21401BC180840024800F010BF08BD00BF102E0400FF
S21401BC282DE9F041D0E9023253F8221003EB8203E2
S21401BC385B680F681D789AB0642D04D96421114891
S21401BC4800F0FAFE64252A46384601A900F002F9F2
S21401BC58044698B90C4800F0EFFEDFF8348001AED0
S21401BC68013DA54202DC1AB0BDE8F081391940460B
S21401BC7816F8012B00F0E0FE0134F2E7034800F065
S21401BC88DBFEF0E7332E0400532E04007D2E04005D
S21401BC986A2E04002DE9F04700252D4FDFF8E080D5
S21401BCA8DFF8E0908CB0284603A900F0EFF810B151
S21401BCB80CB0BDE8F087049B2946039A00933846E2
S21401BCC800F0BAFE404600F0B7FE059910290CD8D8
S21401BCD810290CD8DFE801F00F14320B340B0B0BCC
S21401BCE8360B0B0B0B0B0B0B3A0020292CD01948E3
S21401BCF800F0A2FE07E0184800F09EFE0135D2E7E4
S21401BD08164800F099FE0699484600F095FE0799F0
S21401BD18134800F091FE134800F08EFE1024DFF859
S21401BD2868A00DF11F06504616F8011F013C00F0E9
S21401BD3883FE14F0FF04F6D10B48DDE70B48E0E775
S21401BD480B48DEE70B48DCE70B48DAE70B48D8E791
S21401BD58982E04003D2F0400ED2E0400FD2E04004D
S21401BD68632F04007B2F040002D10300052F040073
S21401BD780D2F0400162F0400212F0400382F04006D
S21401BD88DC2E04004C2F04008C2F040010B50B4C3D
S21401BD988EB023785BB9EDF79BFE014650B90123B7
S21401BDA801A82370EDF71AFF054B049A1A6020784C
S21401BDB80EB010BD034800F03FFEF8E72F620020E2
S21401BDC8804C0020922F040000B58FB0FFF7DEFFED
S21401BDD8002829D001A8EDF701FF059B144819880A
S21401BDE800F02AFE059B13485969134B002908BF22
S21401BDF8194600F021FE059B1048598800F01CFEE4
S21401BE08059B0F48196900F017FE059B0D48D96870
S21401BE1800F012FE059B0C48197E00F00DFE0B4B38
S21401BE280B48196800F008FE0FB05DF804FB00BF68
S21401BE38CF2F0400E12F0400FDFB0300F32F0400BD
S21401BE48073004001B3004002F300400804C00200B
S21401BE584330040070B5064615460C4679B172B1F2
S21401BE68FFF794FF68B121462A463046EDF7C0FF32
S21401BE78014618B1044800F0DFFD012070BD2120FD
S21401BE88FCE71120FAE700BF5530040037B5054630
S21401BE980C46FFF77BFFE0B1114B1B68AB421AD982
S21401BEA8CCB100212422204601F0E4FE2146284692
S21401BEB816F008FE88B9284601AA04F10801EDF72C
S21401BEC849FF20B140F20643C01A18BF012003B04B
S21401BED830BD1120FBE72120F9E70120F7E700BF75
S21401BEE8804C0020F0B593B00546FFF74FFF0028B9
S21401BEF845D0254B1A68AA4207D829462348013A4D
S21401BF0800F09AFD212013B0F0BD05A8EDF766FEF6
S21401BF18284603A916F0D6FD98BB049A22F4FF57C3
S21401BF28C2F30C0327F01F072BB14FF40053294621
S21401BF38174800F081FD039E7FB120F02DFD3046A5
S21401BF484FF40051EDF7E0FF3346044606F5005678
S21401BF5850B9039BF31ABB42EFD32A4639460D481C
S21401BF6800F06AFD002406E000902A464FF40051CE
S21401BF78094800F061FD201E18BF0120C3E7112003
S21401BF88C1E70120BFE700BF804C002083300400D2
S21401BF9831310400F03104009F31040010B5044625
S21401BFA838B1FFF7F3FE30B10020044B1B6823605D
S21401BFB810BD2120FCE71120FAE700BF804C0020C5
S21401BFC810B50446FFF7E2FEB0B10C4B1A68A24260
S21401BFD806D821460A48013A00F02EFD212010BD58
S21401BFE820F0DAFC40F2512220460649EDF772FEAF
S21401BFF8003818BF0120F2E71120F0E7804C002036
S21401C008833004002C4A002010B50446FFF7BEFE14
S21401C01870B121460848EDF77DFE40F203239842A9
S21401C02808D040F2012398420CBF0520012010BD1C
S21401C0381120FCE70020FAE72C4A00202DE9F04100
S21401C0482D4D04462F68FFF7A1FE002851D0296818
S21401C058A14207D84A1E2948214600F0EDFC2120B6
S21401C068BDE8F0812648EDF715FEDFF89480024614
S21401C078B0B943462E68964222D1BE4214BF3A460C
S21401C08806F1FF3212BB31461D48C8F80040EDF7ED
S21401C098E1FD014600B31B4800F0CEFC0120DFE7B6
S21401C0A82046EDF7B7FD044638B10146164800F0BC
S21401C0B8C3FC201E18BF0120D2E7EDF7BFFBF8E747
S21401C0C853F8041B8C42DDD00132D4E70C499200A8
S21401C0D8081D01F021FED6E729680948EDF7DAFDC3
S21401C0E8044610B101460948D6E7EDF7A7FB2046F6
S21401C0F8B6E71120B4E700BF804C00208330040067
S21401C1080C4A0020363204000C320400693204005E
S21401C118F8B50446FFF73AFE002845D0234B1A68BF
S21401C128A24207D821462248013A00F085FC21247C
S21401C1382046F8BD1F4800F07FFC20F02DFC40F299
S21401C14851221D492046EDF7C5FD40F20327054655
S21401C15820F022FC184E65B140F203239D421AD006
S21401C1682946164800F068FC0124154800F064FCCE
S21401C178DEE720F011FC29463046EDF7CBFDB84244
S21401C18809D040F20123984203D10E4800F054FC2E
S21401C198E1E70546DFE721460B4800F04DFC20465F
S21401C1A8FFF74CFF0446E0E71124C1E7804C002066
S21401C1B883300400A03204002C4A0020C032040058
S21401C1C802D1030009080400D83204000322024BF6
S21401C1D8186019615A6370470000025C3F22034BDE
S21401C1E81A631022DA6103229A6370470000025C20
S21401C1F8024AD36B9B07FCD4704700BF0000025C61
S21401C208044B9B6A13F0240F14BF01200020800002
S21401C218704700BF0000025C08B5FFF7F1FF084B46
S21401C228DB6B23F47F4323F0EF03003B18BF0123A6
S21401C23850EA83001EBF0122024BC3F8FC2F08BD3B
S21401C2480000025C00F0FF3F4368182B0AD0202B41
S21401C2581DD0102B2BD1174BD3F80434DB010AD48D
S21401C26801207047134BD3F804349A01F8D50B68AC
S21401C27843F008030B6003680F4A934210D10B681A
S21401C28843F040030B600023436000207047094BCE
S21401C298D3F804345B01E3D50B6843F00403E9E7FC
S21401C2A8064A9342F1D10B6843F08003EAE7072078
S21401C2B8704700BF0000025C316200203062002037
S21401C2C80B4607B50749D1F80414C90708D5002154
S21401C2D800920246084600F043F803B05DF804FBF6
S21401C2E80120FAE70000025C0B4607B50749D1F8BA
S21401C2F80414C90708D5009201210246002000F05F
S21401C3082FF803B05DF804FB0120FAE70000025C91
S21401C31813B5084CD4F80444640709D5CDE90023BD
S21401C3280B4600210246084600F044F802B010BD4C
S21401C3380120FBE70000025C13B5084CD4F804445E
S21401C348640709D5CDE900230B46024601210020E2
S21401C35800F030F802B010BD0120FBE70000025CD7
S21401C368F0B51C465B6815468DB01A07129E1AD1A1
S21401C378CBB17268934216D10C4B0D4A53F8217013
S21401C38809AB07CA83E807001A462946CDE90533EB
S21401C398CDE90333CDE90163009447F480701BF0BF
S21401C3A873F80DB0F0BD0720FBE700BFF47B04006F
S21401C3B8E87B0400F0B51D4616466A688DB0DDE9CF
S21401C3C81273E2B17868824219D15A68102A16D1D6
S21401C3D80C4A09AC52F821C00B4A07CA84E8070080
S21401C3E822463146CDE90544CDE90344CDE9017439
S21401C3F800954CF480601BF047F80DB0F0BD07209F
S21401C408FBE700BFF47B0400E87B040010B50A468E
S21401C418044619B1024B00211B68984710BD00BF9E
S21401C428FC7B040010B5114C2378580744BF23F051
S21401C438040323702378990705D500F05DF823785F
S21401C44823F00203237063781BB10023084A636054
S21401C45853600023082106486370FFF7D7FF237847
S21401C468DA0744BF23F00103237010BD844C002073
S21401C478884C002038B51A4C62782378022A01D1F4
S21401C488072B11D0DD0712D52378980707D400F0BB
S21401C4982BF82378054643F00203237080B96278A7
S21401C4A8237882B15A0716D50025284638BD17F0D5
S21401C4B87BF92378054643F0010323700028E3D06F
S21401C4C8FFF7B0FFF1E7D907ECD5064962604A6085
S21401C4D802226270E6E743F004032370E4E700BF34
S21401C4E8844C0020884C00200122024B002083F84F
S21401C4F8F0207047904C00202DE9F0410A4C0025A9
S21401C50826464FF0010803272046C4F81C802776E4
S21401C51801351BF0A7F8062D04F12804F4D10023F1
S21401C52886F8F030BDE8F081904C00202DE9F04FF8
S21401C538984691B00B1E0A93B44B914614BF834696
S21401C5489B4600251A9E98F8000070B94D4538BFDD
S21401C5582A464B464FF000000A9928BF09F1FF32D8
S21401C568D847284611B0BDE8F08F252808F10108FC
S21401C57806D02A464B460A996C1CD8472546E2E758
S21401C5880023414611F8012B2B2A16D00AD8202A57
S21401C59816D0232A17D0A2F13000092834D800274C
S21401C5A80A2418E02D2A05D0302AF4D143F00103D5
S21401C5B88846E6E743F00203FAE743F00403F7E7A1
S21401C5C843F00803F4E743F01003F1E7884604FB59
S21401C5D80722A2F13007414611F8012BA2F13000DB
S21401C5E80928F3D998F800202E2A52D198F8011074
S21401C5F808F10102A1F13000092843F480633ED80E
S21401C60800244FF00A0E11E02A2A08D156F8047BB6
S21401C6188846002FBCBF43F002037F42E2E70027AB
S21401C628E0E702460EFB0411A1F13004104610F8AB
S21401C638011BA1F1300CBCF1090FF2D99046424614
S21401C64812F8011B6C292DD025D8682933D06A2900
S21401C6583BD04246904618F8010B672860D8572801
S21401C66836D8452808D084D9462800F018814728A6
S21401C6787FF47FAF43F4006343F0200327E12A29C0
S21401C68806D156F8044B08F1020824EAE474D6E702
S21401C69890460024D3E7742901D07A29D9D143F4E6
S21401C6A88073D7E798F801106C29F8D143F44073E2
S21401C6B808F10202CEE798F80110682902D043F083
S21401C6C88003C7E743F0C003F2E743F40073C1E70A
S21401C6D8A0F158020F2A3FF64CAF01A151F822F0FB
S21401C6E889C701007BC501007BC501007BC5010028
S21401C6F87BC501007BC501007BC501007BC5010028
S21401C7087BC501007BC5010089C70100F5C801008A
S21401C71889C70100CBC80100ABC80100CBC801001E
S21401C728A0F16901C9B20F293FF623AF012249F2E8
S21401C738410C8A4012EA0C0218D10A2900F0158128
S21401C74807297FF416AF43F0210305930823CDE9A3
S21401C75803431023CDE9012356F8043B2A460093E8
S21401C76858464B460A991BF06DF8A8E06F2800F06A
S21401C7785E8110D9782808D1102223F00C0310E026
S21401C788582839D0622800F054810A2223F0100371
S21401C798642806D0F1E769284FF00A0223F010034F
S21401C7A8F6D1590548BF23F00103692803F400713F
S21401C7B801D0642840D111B3073626F00706B246E1
S21401C7C870685AF8081BCDE9077300230593C30F51
S21401C7D80028029306940B46049202DA4B4260EB59
S21401C7E84000CDE900304B462A4658460A991BF0C8
S21401C7F86BF805465646A6E643F02003BCE7D9057E
S21401C80806F1040A04D5316805E000BFAF760300D7
S21401C81858060CD53178CDE90224CDE904730029F0
S21401C8284FEAD1730193B8BF4942009120E0190637
S21401C838E9D5B6F90010EEE779B1CDE9077300231B
S21401C848CDE9042306F1070A2AF0070A069402939B
S21401C858FAE80223CDE90023C5E7D80506F1040A5C
S21401C8680DD5CDE90473CDE902240191336800930F
S21401C8784B462A4658460A991AF0E4FFB9E759067C
S21401C88807D53178CDE904730023CDE90224019355
S21401C898CBE7316813F0800F18BF89B2F2E743F08F
S21401C8A82003CDE90173073626F007060094B6EC97
S21401C8B8020B4B462A4658460A99E9F789FF054668
S21401C8C841E600F0DF00472801D143F40063CDE9D3
S21401C8D80173073626F007060094B6EC020B4B46A2
S21401C8E82A4658460A99E9F7B7FDE8E713F002041D
S21401C8F826D04FF0010A6B1C0B932A464B460A9921
S21401C90816F8040BD84774B354460B9A21E04B46E5
S21401C91820200A99D8470AEB05020AF1010A574569
S21401C928F5D83A1E18BF0122002A07F1FF3308BFBF
S21401C938002307F1010A1D4408BF4FF0020ADAE78F
S21401C948A246E8E7551C4B4620200A99D8472A46AE
S21401C9580134BC42F6D3A7EB0A03574538BF002378
S21401C9680B9A1A440B920B9DEDE53246002C52F8B1
S21401C978046B14BF21464FF0FF310B923246314407
S21401C988107808B1914211D1A2EB060A13F480621D
S21401C9980C9202D0A24528BFA24613F002030D93BB
S21401C9A81BD1AAEB05032A460F9308E00132E7E7F5
S21401C9B8531C0E9320204B460A99D8470E9A0F9B74
S21401C9C8D318BB42F4D3A7EB0A03574538BF002355
S21401C9D80AF101021D4403EB020AAB1B0E9304E0A5
S21401C9E81C464B462A460A99D8470E9BF51816F850
S21401C9F8010B28B10C9B002BF3D0631E002CEFD142
S21401CA080D9B93B12A46AAEB050405E0561C4B4636
S21401CA1820200A99D84732461319BB42F6D3A7EB0A
S21401CA280A03574538BF00231D440B9E8BE5082291
S21401CA38A3E60222A1E600BF0FB41FB506AA52F864
S21401CA48043B02A90392009204484FF0FF32FFF715
S21401CA586DFD05B05DF804EB04B07047717903000D
S21401CA681FB5034600914FF0FF3203A90248FFF7AE
S21401CA785DFD05B05DF804FB717903001FB5CDE9CE
S21401CA880201009302A9134603484FF0FF32FFF74D
S21401CA984DFD05B05DF804FB797903001FB5094B18
S21401CAA8094A1868094B01A91860094B1360094A15
S21401CAB80192094A1268CDE9022316F098FE05B0DC
S21401CAC85DF804FB78680020F43D0020F83D00205E
S21401CAD86C680020DB6A040040500020014B18688F
S21401CAE816F099BE7868002038B5F1F7DBFC0446E5
S21401CAF8064D2B68D3F8B002F1F7C8FC286816F083
S21401CB089DFE2046BDE83840F1F7C0BC7868002095
S21401CB1810B5234CEFF7B6FDEFF7C2FE236F0120E1
S21401CB2823F0070343F003032367EFF7E3FE1D4BE8
S21401CB3800209B6A9B075EBF01221B4B9A62D4F8B2
S21401CB48203123F0030343F00203C4F82031D4F85C
S21401CB58243123F0070343F00203C4F82431D4F840
S21401CB68403123F0030343F00103C4F84031D4F8FD
S21401CB78603123F0030343F00103C4F86031D4F8AD
S21401CB88403223F0030343F00103C4F84032D4F8DB
S21401CB98003223F0070343F00103C4F8003210BD46
S21401CBA80080005000C0005000E00050064B1B6893
S21401CBB81A7A022A01D81AB97047032A00D0704790
S21401CBC81B68024A136070477C68002040500020AA
S21401CBD80022024B5A60DA601A60704744500020FF
S21401CBE808B501F011FD0022014B1A7008BD00BFFF
S21401CBF8326200200A4601491AF022BF95940400C1
S21401CC080A4601491AF01CBF909404000A460149D5
S21401CC181AF016BF899404000A4601491AF010BF93
S21401CC28869404000A4601491AF00ABF8394040050
S21401CC380A4601491AF004BF7E9404000A460149CF
S21401CC481AF0FEBE799404000A4601491AF0F8BEA5
S21401CC58749404000A4601491AF0F2BE6D94040061
S21401CC6881F0004102E000BF83F0004330B54FEA8F
S21401CC7841044FEA430594EA050F08BF90EA020FFC
S21401CC881FBF54EA000C55EA020C7FEA645C7FEA8F
S21401CC98655C00F0E2804FEA5454D4EB5555B8BFB2
S21401CCA86D420CDD2C4480EA020281EA030382EA23
S21401CCB8000083EA010180EA020281EA0303362DB5
S21401CCC888BF30BD11F0004F4FEA01314FF4801C88
S21401CCD84CEA113102D0404261EB410113F0004F9A
S21401CCE84FEA03334CEA133302D0524263EB430351
S21401CCF894EA050F00F0A780A4F10104D5F1200EEF
S21401CD080DDB02FA0EFC22FA05F2801841F1000149
S21401CD1803FA0EF2801843FA05F359410EE0A5F11D
S21401CD2820050EF1200E012A03FA0EFC28BF4CF04E
S21401CD38020C43FA05F3C01851EBE37101F0004504
S21401CD4807D54FF0000EDCF1000C7EEB00006EEB11
S21401CD580101B1F5801F1BD3B1F5001F0CD349089B
S21401CD685FEA30004FEA3C0C04F101044FEA4452F2
S21401CD7812F5800F80F09A80BCF1004F08BF5FEA79
S21401CD88500C50F1000041EB045141EA050130BD59
S21401CD985FEA4C0C404141EB0101013C28BFB1F56B
S21401CDA8801FE9D291F0000F04BF01460020B1FAB6
S21401CDB881F308BF2033A3F10B03B3F120020CDA89
S21401CDC80C3208DD02F1140CC2F10C0201FA0CF067
S21401CDD821FA02F10CE002F11402D8BFC2F1200CCC
S21401CDE801FA02F120FA0CFCDCBF41EA0C01904082
S21401CDF8E41AA2BF01EB0451294330BD6FEA0404CB
S21401CE081F3C1CDA0C340EDC04F11404C4F12002B5
S21401CE1820FA04F001FA02F340EA030021FA04F3C7
S21401CE2845EA030130BDC4F10C04C4F1200220FA1E
S21401CE3802F001FA04F340EA0300294630BD21FA5C
S21401CE4804F0294630BD94F0000F83F4801306BF22
S21401CE5881F480110134013D4EE77FEA645C18BF16
S21401CE687FEA655C29D094EA050F08BF90EA020FAD
S21401CE7805D054EA000C04BF1946104630BD91EAA5
S21401CE88030F1EBF0021002030BD5FEA545C05D1A8
S21401CE984000494128BF41F0004130BD14F58004E7
S21401CEA83CBF01F5801130BD01F0004545F0FE415B
S21401CEB841F470014FF0000030BD7FEA645C1ABF90
S21401CEC8194610467FEA655C1CBF0B46024650EAC7
S21401CED8013406BF52EA033591EA030F41F40021F3
S21401CEE830BD00BF90F0000F04BF0021704730B579
S21401CEF84FF4806404F132044FF000054FF000014E
S21401CF0850E700BF90F0000F04BF0021704730B50E
S21401CF184FF4806404F1320410F0004548BF4042E3
S21401CF284FF000013EE700BF42004FEAE2014FEA38
S21401CF3831014FEA02701FBF12F07F4393F07F4F13
S21401CF4881F06051704732F07F4208BF704793F016
S21401CF587F4F04BF41F40021704730B54FF4607429
S21401CF6801F0004521F000411CE700BF50EA01022C
S21401CF7808BF704730B54FF000050AE050EA0102D5
S21401CF8808BF704730B511F0004502D5404261EB45
S21401CF9841014FF4806404F132045FEA915C3FF486
S21401CFA8D8AE4FF003025FEADC0C18BF03325FEA23
S21401CFB8DC0C18BF033202EBDC02C2F1200300FAD4
S21401CFC803FC20FA02F001FA03FE40EA0E0021FAF9
S21401CFD802F11444BDE600BF70B54FF0FF0C4CF4E7
S21401CFE8E06C1CEA11541DBF1CEA135594EA0C0F99
S21401CFF895EA0C0F00F0DEF82C4481EA030621EAD4
S21401D0084C5123EA4C5350EA013518BF52EA03350E
S21401D01841F4801143F4801338D0A0FB02CE4FF0C0
S21401D0280005E1FB02E506F00042E0FB03E54FF0F0
S21401D0380006E1FB03569CF0000F18BF4EF0010EE8
S21401D048A4F1FF04B6F5007F64F5407404D25FEAE4
S21401D0584E0E6D4146EB060642EAC62141EA555197
S21401D0684FEAC52040EA5E504FEACE2EB4F1FD0CD9
S21401D07888BFBCF5E06F1ED8BEF1004F08BF5FEA57
S21401D088500E50F1000041EB045170BD06F0004609
S21401D09846EA010140EA020081EA0301B4EB5C04B6
S21401D0A8C2BFD4EB0C0541EA045170BD41F48011AE
S21401D0B84FF0000E013C00F3AB8014F1360FDEBFD3
S21401D0C8002001F0004170BDC4F10004203C35DAAF
S21401D0D80C341BDC04F11404C4F1200500FA05F332
S21401D0E820FA04F001FA05F240EA020001F00042D3
S21401D0F821F0004110EBD37021FA04F642EB060149
S21401D1085EEA430E08BF20EAD37070BDC4F10C0472
S21401D118C4F1200500FA04F320FA05F001FA04F236
S21401D12840EA020001F0004110EBD37041F1000122
S21401D1385EEA430E08BF20EAD37070BDC4F120052D
S21401D14800FA05F24EEA020E20FA04F301FA05F295
S21401D15843EA020321FA04F001F0004121FA04F23D
S21401D16820EA020000EBD3705EEA430E08BF20EA0D
S21401D178D37070BD94F0000F0FD101F00046400047
S21401D18841EB010111F4801F08BF013CF7D041EAC9
S21401D198060195F0000F18BF704703F000465200CD
S21401D1A843EB030313F4801F08BF013DF7D043EA9E
S21401D1B80603704794EA0C0F0CEA135518BF95EA54
S21401D1C80C0F0CD050EA410618BF52EA4306D1D1DB
S21401D1D881EA030101F000414FF0000070BD50EAFA
S21401D1E8410606BF1046194652EA430619D094EA84
S21401D1F80C0F02D150EA013613D195EA0C0F05D16E
S21401D20852EA03361CBF104619460AD181EA0301C1
S21401D21801F0004141F0FE4141F470014FF0000079
S21401D22870BD41F0FE4141F4780170BD70B54FF014
S21401D238FF0C4CF4E06C1CEA11541DBF1CEA135594
S21401D24894EA0C0F95EA0C0F00F0A7F8A4EB050476
S21401D25881EA030E52EA03354FEA013100F088806D
S21401D2684FEA03334FF0805545EA131343EA126336
S21401D2784FEA022245EA111545EA10654FEA0026EB
S21401D2880EF000419D4208BF964244F1FD0404F5A4
S21401D298407402D25B084FEA3202B61A65EB030500
S21401D2A85B084FEA32024FF480104FF4002CB6EBBD
S21401D2B8020E75EB030E22BFB61A754640EA0C003D
S21401D2C85B084FEA3202B6EB020E75EB030E22BF7D
S21401D2D8B61A754640EA5C005B084FEA3202B6EBBE
S21401D2E8020E75EB030E22BFB61A754640EA9C007D
S21401D2F85B084FEA3202B6EB020E75EB030E22BF4D
S21401D308B61A754640EADC0055EA060E18D04FEA0A
S21401D318051545EA16754FEA06164FEAC30343EAAA
S21401D32852734FEAC2025FEA1C1CC0D111F4801F77
S21401D3380BD141EA00014FF000004FF0004CB6E770
S21401D34811F4801F04BF01430020B4F1FD0C88BF0F
S21401D358BCF5E06F3FF6AFAEB5EB030C04BFB6EB1A
S21401D368020C5FEA500C50F1000041EB045170BD0D
S21401D3780EF0004E4EEA113114EB5C04C2BFD4EB3A
S21401D3880C0541EA045170BD41F480114FF0000EBE
S21401D398013C90E645EA060E8DE60CEA135594EA3A
S21401D3A80C0F08BF95EA0C0F3FF43BAF94EA0C0F3D
S21401D3B80AD150EA01347FF434AF95EA0C0F7FF4B2
S21401D3C825AF104619462CE795EA0C0F06D152EA06
S21401D3D803353FF4FDAE1046194622E750EA4106EA
S21401D3E818BF52EA43067FF4C5AE50EA41047FF4FB
S21401D3F80DAF52EA43057FF4EBAE12E74FF0FF3C60
S21401D40806E000BF4FF0010C02E000BF4FF0010C30
S21401D4184DF804CD4FEA410C7FEA6C5C4FEA430CA9
S21401D42818BF7FEA6C5C1BD001B050EA410C0CBFF8
S21401D43852EA430C91EA030F02BF90EA020F00205A
S21401D448704710F1000F91EA030F58BF994208BFC1
S21401D45890422CBFD8176FEAE37040F0010070477E
S21401D4684FEA410C7FEA6C5C02D150EA013C07D1D5
S21401D4784FEA430C7FEA6C5CD6D152EA033CD3D020
S21401D4885DF8040B704700BF8446104662468C461A
S21401D4981946634600E000BF01B5FFF7B7FF00284D
S21401D4A848BF10F1000F01BD4DF808EDFFF7F4FF76
S21401D4B80CBF012000205DF808FB00BF4DF808ED01
S21401D4C8FFF7EAFF34BF012000205DF808FB00BF24
S21401D4D84DF808EDFFF7E0FF94BF012000205DF846
S21401D4E808FB00BF4DF808EDFFF7CEFF94BF0120FB
S21401D4F800205DF808FB00BF4DF808EDFFF7C4FFF4
S21401D50834BF012000205DF808FB00BF4FEA410246
S21401D51812F5001215D211D56FF47873B3EB625277
S21401D52812D94FEAC12343F0004343EA505311F09E
S21401D538004F23FA02F018BF404270474FF0000030
S21401D548704750EA013005D111F0004008BF6FF06E
S21401D558004070474FF00000704700BF4A0011D2E4
S21401D56812F5001211D20DD56FF47873B3EB62522F
S21401D5780ED44FEAC12343F0004343EA505323FA3B
S21401D58802F070474FF00000704750EA013002D1B0
S21401D5984FF0FF3070474FF00000704753B94AB953
S21401D5A8002908BF00281CBF4FF0FF314FF0FF309D
S21401D5B800F08CB9ADF1080C6DE904CE00F006F860
S21401D5C8DDF804E0DDE9022304B070472DE9F04FE9
S21401D5D8099D0E4604460F46002B47D18A429446BB
S21401D5E8B2FA82F35AD943B102FA03FCC3F1200214
S21401D5F89F409C4020FA02F217434FEA1C461FFA46
S21401D6088CFE220CB7FBF6F106FB117701FB0EF038
S21401D61842EA0742904208D91CEB020201F1FF37A1
S21401D62802D2904200F23C813946121AA4B2B2FBE9
S21401D638F6F006FB102200FB0EFE44EA0244A6455D
S21401D64808D91CEB040400F1FF3202D2A64500F209
S21401D6582A81104640EA0140A4EB0E0400211DB1C0
S21401D668DC400023C5E90043BDE8F08F8B4205D9AD
S21401D6780DB1C5E9000100210846F5E7B3FA83F1C3
S21401D68800294FD1B342C0F00281824240F2FF80A6
S21401D6980846002DE8D0C5E90047E5E7002B40F02D
S21401D6A8AF808A1A4FEA1C4E1FFA8CF70121B2FB8B
S21401D6B8FEF60EFB1620220C42EA004207FB06F095
S21401D6C890420FD91CEB020206F1FF382CBF4FF02F
S21401D6D801094FF00009904203D9B9F1000F00F093
S21401D6E8DC804646121AA4B2B2FBFEF00EFB1022EC
S21401D6F800FB07F744EA0244A7420FD91CEB0404CF
S21401D70800F1FF322CBF4FF0010E4FF0000EA7427A
S21401D71803D9BEF1000F00F0C9801046E41B40EAA9
S21401D72806409CE7C1F120048B4006FA01FC00FA8A
S21401D73801FE22FA04F7E6408A401F4320FA04F362
S21401D7484FEA174843EA0C031FFA87FC4FEA1349C6
S21401D758B6FBF8F008FB106649EA064600FB0CF92A
S21401D768B1450ED9BE1900F1FF3A2CBF4FF0010B97
S21401D7784FF0000BB14503D9BBF1000F00F0A280B2
S21401D7885046A6EB09061FFA83F9B6FBF8F308FB21
S21401D798136603FB0CFC49EA0646B4450ED9BE19C6
S21401D7A803F1FF382CBF4FF001094FF00009B445CB
S21401D7B803D9B9F1000F00F08280434643EA0040DE
S21401D7C8A6EB0C06A0FB028C66454346E14602D34F
S21401D7D807D1C64505D2B8EB02036CEB070C013836
S21401D7E8E1465DB1BEEB030266EB090606FA04F4F0
S21401D7F822FA01F3CE401C43C5E90046002133E76F
S21401D80802FA03FCC3F1200299409C40D6404FEA35
S21401D8181C4E20FA02F21FFA8CF7B6FBFEF00A43FA
S21401D8280EFB1066110C41EA064100FB07F68E4214
S21401D8380ED91CEB010100F1FF382CBF4FF001098E
S21401D8484FF000098E4202D9B9F1000F34D0404694
S21401D858891B92B2B1FBFEF60EFB161142EA014293
S21401D86806FB07F191420ED91CEB020206F1FF38BE
S21401D8782CBF4FF001094FF00009914202D9B9F1C6
S21401D888000F16D04646521A46EA00410FE7841A98
S21401D89866EB030201201746FBE6023E624421E7D7
S21401D8A802396244C1E664440238D3E66444023865
S21401D8B834E7023E6244E6E702386144C8E7023BC1
S21401D8C83E447BE702383E445BE700BF704700BF33
S21401D8D82DE9F04F924685B089461E460D46554AB3
S21401D8E80390294615F8014B135D13F00803F8D188
S21401D8F82D2C7CD02B2C4ED04FF0FF3102936FF09D
S21401D9080043CDE9001336F0100851D037464FEAE8
S21401D918E6783A464346DDE90001FFF73FFE002375
S21401D92883468E4618461946A44613E0ACF13704DA
S21401D938A6421FDD002B09DB83457EEB010305D3D9
S21401D9488E4508BF83453BD1A24239DA4FF0FF33F3
S21401D95815F801CBACF13004092CE9D9ACF1410436
S21401D968192CE3D9ACF16104192C03D8ACF157048E
S21401D978A642DFDC5A1C2FD0029A12B1404261EB54
S21401D9884101BAF1000F03D0002B48D1CAF8009024
S21401D99805B0BDE8F08F4FF0FF30029336F010085F
S21401D9A86FF000432C7801F10205CDE90003ADD1F3
S21401D9B8302C25D0002E3AD10A27B0463E46A8E795
S21401D9C800FB08F307FB0133A0FB07010B442018F3
S21401D9D843EBE4710123BBE72223039A1360BAF1F0
S21401D9E8000F17D005F1FF39DDE90001CEE74FF04A
S21401D9F80047009301232C788D1CCDE9017382E73B
S21401DA082B7803F0DF03582B0CD086B90827B046CD
S21401DA183E467EE7DDE9000105B0BDE8F08FCDE9B9
S21401DA280001DFE710276C7802353E4671E71027BC
S21401DA383E466EE79D9404004AE700BF10B4044CC6
S21401DA4813460A46014620685DF8044B40E700BFC6
S21401DA58AC68002010B4044C13460A4601462068F8
S21401DA685DF8044B34E700BFAC68002020F00301E2
S21401DA7810F00300C0F1000051F8043B00F1040C5B
S21401DA884FEACC0C6FF000021CBF22FA0CF21343CB
S21401DA984FF0010C4CEA0C2C4CEA0C4CA3EB0C0294
S21401DAA822EA030212EACC1204BF51F8043B0430FE
S21401DAB8F4D0C2F1000102EA0102B2FA82F2C2F11E
S21401DAC81F0200EBD20070472DE9F04780460C464E
S21401DAD84548264614F801EB10F80EC01CF0080C51
S21401DAE8F7D1BEF12D0F5BD0BEF12B0F3AD06546AC
S21401DAF833F010003ED04FF0FF379A46B7FBF3F7E6
S21401DB0803FB07F96FEA0909002630460EE0AEF175
S21401DB18370C63451DDD002E04DBB84202D833D12D
S21401DB28CC4531DD4FF0FF3614F801EBAEF1300C81
S21401DB38BCF1090FEDD9AEF1410CBCF1190FE6D9CC
S21401DB48AEF1610CBCF1190F03D8AEF1570C634561
S21401DB58E1DC731C1CD005B140420AB1F6B911606C
S21401DB68BDE8F08733F0100094F800E0654606F14A
S21401DB780204C0D1BEF1300F17D06BBB0A234FF099
S21401DB8805091A4F9A46BFE700FB0AC00126CBE7EC
S21401DB9822233046C8F80030002AE1D0611EDEE7AD
S21401DBA894F800E00125B41CA2E7207800F0DF0015
S21401DBB8582807D083B908234FF007096FF0604744
S21401DBC89A46A1E7102394F801E04FF00F090234B2
S21401DBD86FF070479A4697E710234FF00F096FF0DA
S21401DBE870479A4690E700BF9D9404009999991941
S21401DBF86AE700BF10B4044C13460A46014620687B
S21401DC085DF8044B60E700BFAC68002010B4044C14
S21401DC1813460A46014620685DF8044B54E700BFE0
S21401DC28AC6800200F4B70B50F4DAB42A3EB050651
S21401DC3807D0B6100024013455F8043B9847A6428D
S21401DC48F9D80A4D1FF0A8F8094B5E1BAB424FEAFC
S21401DC58A60606D00024013455F8043B9847A64288
S21401DC68F9D870BD446C0020446C0020446C002038
S21401DC78486C002070B5860747D0541E002A3ED04F
S21401DC88CAB2034601E0013C39D303F8012B9D07CC
S21401DC98F9D1032C2CD9CDB20F2C05EB052505EBB4
S21401DCA8054535D9A4F1100C03F1100E1A462CF0CF
S21401DCB80F064FEA1C1CB644C2E90055C2E90255D4
S21401DCC810327245F8D10CF1010214F00C0F04F071
S21401DCD80F0C03EB021213D0ACF1040323F0030379
S21401DCE80433134442F8045B9342FBD10CF003045B
S21401DCF82CB1C9B21C4403F8011BA342FBD170BD69
S21401DD0864461346002CF4D1F9E703461446C0E7E7
S21401DD181A46A446E0E700BF88420ED98B1883420C
S21401DD280BD900EB020C002A6ED0624613F801CD1F
S21401DD38994202F801CDF9D170470F2A0FD8034648
S21401DD4802F1FF3C002A5FD00CF1010C013B8C4428
S21401DD5811F8012B614503F8012FF9D1704740EA04
S21401DD6801039B0751D1A2F1100301F1200C70B5F4
S21401DD7823F00F0501F1100E00F110041B09AC4445
S21401DD885EF8105C0EF1100E103444F8205C5EF854
S21401DD981C5C44F81C5C5EF8185C44F8185C5EF879
S21401DDA8145CE64544F8145CEAD1013312F00C0F12
S21401DDB802F00F0C01EB031100EB031329D0ACF1B1
S21401DDC8040C1C1F8E462CF003064FEA9C0C1E44BE
S21401DDD85EF8045B44F8045FB442F9D10CF101041F
S21401DDE802F0030203EB840301EB840102F1FF3C1A
S21401DDF84AB10CF1010C013B8C4411F8012B614529
S21401DE0803F8012FF9D170BD704702F1FF3C0346B4
S21401DE189AE76246EAE700BF2DE9F04F82468E464A
S21401DE283F4875461EF801BB10F80B4014F008046D
S21401DE38F7D1BBF12D0F5BD0BBF12B0F6FF000496B
S21401DE4804BF9EF800B005F1020E33F0100010D1A1
S21401DE58BBF1300F04D0002B5ED10A231F4609E020
S21401DE689EF8000000F0DF0058284ED0002B53D152
S21401DE7808231F460025B9FBF7F6284607FB169820
S21401DE880EE0ABF1370C63451DDD002D04DB864241
S21401DE9802D321D1E0451FDA4FF0FF351EF801BB4A
S21401DEA8ABF1300CBCF1090FEDD9ABF1410CBCF16B
S21401DEB8190FE6D9ABF1610CBCF1190F03D8ABF118
S21401DEC8570C6345E1DC6B1C0AD004B140420AB129
S21401DED8CDB91160BDE8F08F07FB00C00125DDE76D
S21401DEE82223CAF800305AB10EF1FF314846F0E74E
S21401DEF89EF800B04FF0004905F1020E0124A4E790
S21401DF084846BDE8F08F8146EEE710239EF801B03B
S21401DF180EF1020E1F46ADE710231F46AAE700BF03
S21401DF289D940400242B02D8012B00D074E710B569
S21401DF3800F02EFA16230360002010BD10B5242A1F
S21401DF48084C1346246807D8012A05D00A46014614
S21401DF582046BDE810405FE700F01AFA1623036072
S21401DF68002010BDAC68002010B5242A084C1346C2
S21401DF78246807D8012A05D00A4601462046BDE886
S21401DF88104049E700F004FA16230360002010BD8C
S21401DF98AC680020844641EA000313F0030349D124
S21401DFA8403A23D30B6803604B6843608B688360F1
S21401DFB8CB68C3600B6903614B6943618B698361F5
S21401DFC8CB69C3610B6A03624B6A43628B6A8362DD
S21401DFD8CB6AC3620B6B03634B6B43638B6B8363C5
S21401DFE8CB6BC36340304031403ADBD230320BD37F
S21401DFF80B6803604B6843608B688360CB68C360BB
S21401E00810301031103AF3D20C3205D351F8043BD4
S21401E01840F8043B043AF9D2043208D0D2071CBFB0
S21401E02811F8013B00F8013B01D30B8803806046D9
S21401E038704700BF082A13D38B07B1D010F003032B
S21401E048AED0C3F10403D21ADB071CBF11F8013B9B
S21401E05800F8013BA4D331F8023B20F8023B9FE7C6
S21401E068043AD9D3013A11F8013B00F8013BF9D239
S21401E0780B7803704B7843708B78837060467047D3
S21401E088024B0146186816F098B900BFAC68002024
S21401E098024B0146186816F093B900BFAC68002019
S21401E0A8CAB384460B4630B504460843800719D0E0
S21401E0B89CF800000C78A04212D150B3012A28D04F
S21401E0C8E64603E01CEB030F23D010B31EF8010F3E
S21401E0D811F8014FA2EB0E03A04203F1FF33F1D072
S21401E0E8001B30BD032A07D8E2E7043A11D01EF018
S21401E0F8803F0ED1032A10D92068194653F8045BCD
S21401E108A446A0F1013E0434A8422EEA000EECD043
S21401E118CEE7002030BD10467047A4461946C7E72B
S21401E12880EA010C1CF0030F37D110F0030C20F025
S21401E138030021F0030150F8042B08BF51F8043BF3
S21401E1480ED08CF0030C6FF07F434FEACC0C23FA09
S21401E1580CFC51F8043B42EA0C0243EA0C0300BFEC
S21401E168A2F1013C9A4201BF2CEA020C1CF0803F46
S21401E17850F8042B51F8043BF2D04FEA02604FEAFC
S21401E1881222012828BFB0EB036F08BF1B0AF4D080
S21401E19803F0FF03000EC01A704710F0030F0AD0F1
S21401E1A810F8012B11F8013B012A28BF9A42F4D036
S21401E1B8A2EB030070474DF8045D50F8042B01F0FC
S21401E1C8030521F0030151F8043B022D26D04DD852
S21401E1D822F07F45B5EB132FA2F1013C2CEA020C85
S21401E1E80DD11CF0803C08BF51F8043B0AD185EAE2
S21401E1F80205B5EB036F0CD150F8042BE8E74FEA9C
S21401E20813235BE03CF07F4C54D10B784FEA126540
S21401E21854E04FEA126503F0FF034FE04FEA024568
S21401E228A2F1013C4FEA15452CEA020CB5EB134F57
S21401E23818D11CF0803C08BF51F8043B07D185EA89
S21401E2480205B5EB034F09D150F8042BE6E75FEA60
S21401E2580C4C2FD10B884FEA12452FE04FEA0343A7
S21401E2684FEA12454FEA134328E000BF02F0FF05C4
S21401E278B5EB136FA2F1013C2CEA020C0DD11CF090
S21401E288803C08BF51F8043B0AD185EA0205B5EB84
S21401E298032F0AD150F8042BE8E74FEA13630DE081
S21401E2A812F0FF0F06D051F8043B4FEA122523F06F
S21401E2B87F4303E04FF0000020BC704705F0FF02E3
S21401E2C803F0FF00012828BF904204BF2D0A1B0A4D
S21401E2D8F4D0A2EB000020BC704700BF08B5064B7F
S21401E2E8044613B1002100F0AFF8044B1B6803B1D4
S21401E2F89847204614F057FC51E401008C51002041
S21401E308002301461A46184600F048B8032A30B4D6
S21401E31815D941EA000484460B46A40704D0541EC6
S21401E3280FE0043A032A08D91946604653F8044B05
S21401E3385CF8045BA542F4D0F1E760461946541E22
S21401E3487AB1431E0139021901E09A4209D013F83D
S21401E358010F11F801CF6045F7D0A0EB0C0030BCD7
S21401E3687047002030BC704738B5074D074C2C1B4A
S21401E378A41005D0013C55F8043D9847002CF9D166
S21401E388BDE838401EF00EBD4C6C0020486C0020DD
S21401E398014B1868704700BFAC680020F0B5264CE2
S21401E3A883B006460F46256805B36C681F2C3FDC0C
S21401E3B8A6B1D5F8880048B3D0F800114FF0010C83
S21401E3C840F82420022E00EB84020CFA04FC4CEAE6
S21401E3D80101C0F80011C2F8803010D0631C00207B
S21401E3E802346B6045F8247003B0F0BD1349144835
S21401E3F8216010B10068C1F88800104DD5E7D0F843
S21401E408043143EA0C03C0F80431E7E70D49CDE9C6
S21401E418002369B14FF48470FFF732FE40B1002142
S21401E4286C68C0E94011DDE90023C5F88800C5E736
S21401E4384FF0FF30D8E700BF1C5200209051002053
S21401E4480000000089E001002DE9F04FDFF8B490E4
S21401E45883B0D9F8006096B3884601907568D6F8F7
S21401E46888706C1E2BD4013507F1800B06EB8505E9
S21401E478B8F1000F26D173682A68013BA3423BD046
S21401E48800232B60BAB1D6F804A05FB30123D7F8EE
S21401E4980011A3400B4225D0D7F8040157F82410E1
S21401E4A803422BD1019890477368D9F80020534549
S21401E4B81ED1B2421CD1013C043D631CD8D103B025
S21401E4C8BDE8F08F4FB15BF824304345D3D0013C0B
S21401E4D8043D621CF3D0002FF5D1013CEFD3013C7B
S21401E4E8FBD2ECE790477368D9F800205345E0D093
S21401E4F8002AE4D01646B1E77460C3E70846904799
S21401E508D2E700BF1C52002013B50446694619F02D
S21401E5188EFB204619F0D2FCFF28024606D020467C
S21401E5289DF80010EFF718F802B010BD0048FBE799
S21401E5380080FFFF2DE9F0418AB001AC05460B4685
S21401E5482746194A02F1200C2646106851680832F7
S21401E55803C662453446F7D1002B08BF3B46002761
S21401E56810681C463060384603F10C0690B95FFA0D
S21401E57887F842462846218819F0C2FD50B9424616
S21401E5882846E18819F0CDFD20B94246314628468D
S21401E59819F0D9FD0137032F06F1080604F1020424
S21401E5A8E4D10AB0BDE8F081B4950400F0B589B0AD
S21401E5B805460E4601F034FE044600BB01AC06F1E2
S21401E5C80C070FCF0FC497E8070084E8070001A9D6
S21401E5D8284605F0F1FC2846311D1AF04FF8044686
S21401E5E848B92846074901F05DFA044618B928468D
S21401E5F801F0E0FD044628463168FFF79BFF2046F8
S21401E60809B0F0BDAC950400014919F063BB00BF21
S21401E618AD01020070B5164E032804460D46337840
S21401E6281ED023FA04F202F00102AA421DD053B109
S21401E6380122A240A54023EA02032B43DBB2337032
S21401E6484BB1012070BD2DB10A4B01201B689847BC
S21401E6583378EDE73570074B00201B689847F0E7DD
S21401E6689A07DED003F0FC03E9E7002070BD00BF7F
S21401E678346200205C540020F8B505460C461EF0AE
S21401E688EAF8104F06463B7833B1012D04D01CB981
S21401E6980D481CF0A7FE3C7021462846FFF7BAFF36
S21401E6A80A4B04461B783BB93B782BB919F0FCFC9E
S21401E6B810B1074B1B68984730461EF0C7F820462E
S21401E6C8F8BD00BF356200203054002034620020B7
S21401E6D8FC680020054A0B46117831B100211170FB
S21401E6E8034A01215268187810477047356200209E
S21401E6F8FC68002038B5074D04462B78834207D0BE
S21401E70801F0B8FC20462C70BDE83840F0F7BCB9DB
S21401E71838BD00BF3362002038B5044680B11EF00C
S21401E7289AF80121044608461CF0D0FA01210B4A42
S21401E738084615F016FF2046BDE838401EF086B894
S21401E7481EF089F80546214601201CF0BFFA012073
S21401E7582146024A15F005FF2846EDE7BF6B04007F
S21401E7681B4B022910B5187002D0032904D010BD1E
S21401E778184B1B78002BFAD105F08CFB0028F6D035
S21401E7884FF00052144BC3F88020BFF34F8FBFF3EE
S21401E7986F8F01F047FC0028E9D001F03BFA00280A
S21401E7A8E5D10E4B1C6834B123689847BDE8104084
S21401E7B8002001F053BC19F089FA094B18601EF0C5
S21401E7C836F9084B1860204601F034FCEEE700BF26
S21401E7D81A6C00203362002000E100E0805400201B
S21401E7E8585400205454002038B504460D4605F008
S21401E7F851FB80B14FF00052124B1A6001F012FC27
S21401E80848B9012D07D8012001F028FC0E4B1B68DA
S21401E81823B15B6898470D4B1C7038BD1EF007F98D
S21401E8280B4B1A68801A18601CF08AFE4FF47A722D
S21401E838084B1B6802FB003019F04AFA012001F068
S21401E848F9FBE8E700E100E0805400201A6C00209C
S21401E8585454002058540020F0B585B01DF0FBFF35
S21401E868344D04462B7823B133481CF0BBFD0028F1
S21401E87852D11CF041FE02AA03A919F0FFFB034678
S21401E888002838D019F00EFC029B98421CD10020B3
S21401E8982A4B03991B682A4E9942307020D90027C3
S21401E8A8C91A012324482B70264A3346CDE9007736
S21401E8B81EF099F8002837D1234A1378D90701D5CD
S21401E8C83178F9B1204611E019F0EAFB029B98422B
S21401E8D828D0002318461949194A09681370039164
S21401E8E80121FFF797FE002320462B701DF0AEFF8F
S21401E8F8002005B0F0BD20462B701DF0A7FF212093
S21401E90805B0F0BD03F0FE031370002BDAD10F4BF0
S21401E9181B6898472046E9E720461DF097FF0E201A
S21401E92805B0F0BD0220B3E7032320462F703370ED
S21401E938F3E700BF35620020305400205054002011
S21401E948196C0020DDE60100346200205C540020CA
S21401E95870B51DF080FF184D04462B7823BB174A67
S21401E96817491370174B184A18481A60184A194E4F
S21401E9785A60F0F72DF818491848F0F729F8184B97
S21401E98880203360EDF7E4FD052804BF154B33609E
S21401E998154B5B6F03F44073B3F5007F02BF022289
S21401E9A8124B1A6001232B70F0F77AF920461DF0F6
S21401E9B84DFF002070BD00BF366200203562002082
S21401E9C8D8950400FC68002061E801002054002066
S21401E9D881E601005C540020E095040028540020DC
S21401E9E8FDE6010021E701000040005050540020D8
S21401E9F82DE9F0438F7880460F2F0C4685B003D952
S21401EA08212005B0BDE8F08327B90123374A002045
S21401EA181370F6E70D784E78EDB9002EF0D194F91B
S21401EA280310E08802F00CFE2128E9D055EA060317
S21401EA38A088DFF8C89013D002F066FE4FF60403EC
S21401EA48B9F8002001469A424BD1AE42334638BF48
S21401EA582B4600262DE0082DD2D8082ED0D8DEE782
S21401EA6802F052FE4FF6040501464FF60500204A0D
S21401EA78136E9BB2AB4208BF0346B1F5803FA9F8B7
S21401EA8800300FD902230825136680230126C2F811
S21401EA9880302B4649084FF6FF720139914228BF4C
S21401EAA8114608E08023012608251666C2F880303C
S21401EAB82B460029EFD1002202920122013FFFB224
S21401EAC8009201972A4608F1F80002F0C7FC1EB129
S21401EAD84FF48012074B5A65074BA2681A60022347
S21401EAE894E703480266A9F80030AEE737620020CB
S21401EAF800C001B800D001B868540020A06B0020FF
S21401EB0810B50446D0F818210B4B4FF40061C3F832
S21401EB18CC2090F82420D20102F4006205F0D6F841
S21401EB2894F8243013F0100F4FF4007314BF034AFF
S21401EB38034A136410BD00BF003E00B0001002B8BF
S21401EB48002002B8431C07D06FF0FF02034B1040A9
S21401EB585A62A3F580535862704700BF00E000B8B8
S21401EB68F8B504460F4616461DF075FE0546A0473D
S21401EB78044620B128461DF069FE2046F8BD04F07B
S21401EB885FFA04220549D1F8F03E23EA0703334326
S21401EB98C1F8F03E024B1A64ECE700BF003000B043
S21401EBA8002002B800F01803182B0AD003070AD46D
S21401EBB840F2011310F0100018BF1846034BD8672F
S21401EBC870470020FAE70120F8E700BF003F00B0D1
S21401EBD8044B1868830654BFC0F30F204FF6FF7026
S21401EBE8704700BF0C55002038B10368044A002B53
S21401EBF808BF1346034A13607047014BFAE700BF84
S21401EC08237D03000869002010B4D0E95241224050
S21401EC180B4052EA030104D003495DF8044B096826
S21401EC2808475DF8044B7047086900200F2938B576
S21401EC3805460C460ED801F033FA01280CD1074ACE
S21401EC482846936E23F00F032343936619F08AFA36
S21401EC58002038BD2120FCE70220FAE7003F00B07B
S21401EC68014BD86E704700BF003F00B0014B002033
S21401EC78D9667047003F00B003282DE9F347884658
S21401EC8855D82C4B13F800902B4B1E5C2B4B13F8C6
S21401EC9800A01DF0E0FD074604F01EF9054640B148
S21401ECA800230022CDE9003301200023002103F0D0
S21401ECB83FFF04F019F948B100230022CDE90033DB
S21401ECC8002000234FF4004103F032FF6EB31C4BC3
S21401ECD8DC6C04F008041B4B3146DC64484604F03F
S21401ECE80DFA52463146484604F096FA164BDC644D
S21401ECF86DB1164B1868D0F89010F83003F008F884
S21401ED0813490868FFF71EFF4FF0FF330B60B8F191
S21401ED18000F04D00F4B002103205B689847384644
S21401ED2802B0BDE8F0471DF091BD3446D3E702B006
S21401ED38BDE8F087F0950400EC950400E89504001A
S21401ED48004000B8006000B8005000B81855002010
S21401ED5804690020FC6800200F4A136C13F0A00F0A
S21401ED6815D1506C10F0040013D10C4BD3F8F03EBB
S21401ED7823F07F4323F0FF035BB1D368C3F3036239
S21401ED88092A07D0B2F10C0018BF012070470020ED
S21401ED9870470120704700BF000002B8003000B07D
S21401EDA870B50D46064620B91A4B1B68A3B10E204E
S21401EDB811E001F075F9012829D1174B93F90040A4
S21401EDC8C4F12704641BC4F11C03002BB8BF5B42C3
S21401EDD8232B0CDD212070BDA1F10B03002BB8BF3E
S21401EDE85B42232BF6DC0C4B19700020F3E786F800
S21401EDF826501DF030FD094AE402136A04F4FF2484
S21401EE0823F4FF231C4314621DF020FDEDE70220C6
S21401EE18E1E700BF185500203862002000C000B89E
S21401EE2818B9034B93F90000704790F9260070470C
S21401EE383862002010B5FFF763FE03F0A7FB1DF04C
S21401EE480AFD0A4A0121D2F8C83E044623F02003E7
S21401EE58C2F8C83E0222064B08469A60054B5B6814
S21401EE68984720461DF0F2FC002010BD003000B087
S21401EE78001002B8FC680020094B08465A6A91023D
S21401EE880BD4D3F80021D20708D4D3F8803013F472
S21401EE98706F14BF0120002070470120704700BF23
S21401EEA8004001B8F8B50D46D0F8903002EA0104E2
S21401EEB823EA01032343C0F890303D4A01F00B03CF
S21401EEC823EA0401D1642340A2F580526F0706465F
S21401EED8D36410D50121FFF7CFFF60B104F0B0F875
S21401EEE84FF4007314F0040F14BF324A324A5362C7
S21401EEF80422324B1A64E90606D514F0100F14BF23
S21401EF0800221B222E4B5A652A061DD5230616D526
S21401EF184FF40012274B1A62012203F58053C3F8F7
S21401EF2800211DF098FC0E210746032002F040FE42
S21401EF3840F20122224B3846DA621DF087FC214650
S21401EF4806F1F80002F0E4FEEF0503D5E00529D541
S21401EF5802F0FEFDA90503D5A20526D502F004FE9A
S21401EF6815F0600F09D0D6F8E410304618F0D6FE32
S21401EF788022144B9867144B1A612B0510D504F0A0
S21401EF885FF8124A14F4006FD2F8F03E14BF43F04B
S21401EF98006323F00063C2F8F03E0422074B1A64AC
S21401EFA80020F8BD02F0CEFDD4E702F0D7FDD7E782
S21401EFB8006000B8005001B8006001B8002002B82F
S21401EFC8004000B8003F00B0000002B8003000B0B2
S21401EFD8014B1868704700BF7454002037B51DF000
S21401EFE83AFC002401230022CDE90034002305461B
S21401EFF81946104603F09CFD022002F003F9064B61
S21401F00821461C60054B02205B68984728461DF080
S21401F0181DFC204603B030BD7C540020FC6800204F
S21401F0282DE9FF4102290D4616469846039004D15C
S21401F038FFF7D4FF04B0BDE8F0811DF00CFC1E4FAD
S21401F04804463B683BB1B34205D01DF0FFFB0023E5
S21401F05821203B60EEE7194B0022C3F800803E6092
S21401F068002301264FF0000810461946CDE9006630
S21401F07803F05EFD124B022083F8008002F0C2F80E
S21401F08843462A46022003A902F0DAF80D4B039AF2
S21401F0981A6008B92046D8E70B4D2B6898472128EF
S21401F0A804D020461DF0D2FB0020C3E731466B682A
S21401F0B802209847F5E700BF7C54002078540020CA
S21401F0C83A62002074540020FC680020044B5B6EF2
S21401F0D85B054EBF0120034B187800F0010070470E
S21401F0E800C001B83A6200200A78022A11D0101F1F
S21401F0F84242424152004B781201022B0BD0191F93
S21401F1084B424B415B000549054842EA8312FFF72B
S21401F11827BD0122EFE70123F5E700BFF0FFFF0057
S21401F128F10002000B78022B10D0181F434243410E
S21401F1385B004A78022A0BD0111F4A424A41520004
S21401F1480F21044843EA8202FFF70ABD0123F0E7CC
S21401F1580122F5E71D0102002DE9F8430E78044661
S21401F168042E0D4690F824810BD100275FFA87F903
S21401F178484601F0BBFC08B14E4602E00137042FB1
S21401F188F4D1304601F0B2FC002849D094F8243175
S21401F198B34209D1AA88D4F8A4309A4204D16A881D
S21401F1A8B4F826319A4238D084F82461AB883046C0
S21401F1B8A4F828316B88A4F82631AB8804F5927533
S21401F1C8C4F8A430FF2384F8293019F049F884F8E4
S21401F1D82800284601F04AFC18BB284601F07CFCAA
S21401F1E8F8B9D4F8E03053B194F82411414506D063
S21401F1F82046B3F91220EEF737F984F82D01204698
S21401F20801F0B8FC0949A4F828010123084AD1F8F5
S21401F218FC1004F1F80003F083FA0020BDE8F88337
S21401F22821200C2384F82431F8E700BF004F00B0F2
S21401F238A43F00B070B5054690F824010C460C288A
S21401F2481FD0FF2901D1212070BD1AB14FF0FF321E
S21401F2580D4B1A6019F004F8064695F8240101F0DA
S21401F2687BFC844228BF0446E4B2B44238BF344625
S21401F278E0B285F8290001F079FDFF28E3D00020E7
S21401F288E2E70220E0E700BF0C69002010B590F81D
S21401F298243104460C2B44D0D0F8E03080F82810EE
S21401F2A8DBB3D0F8F020D2B990F82D318B421CD3BD
S21401F2B800222046FFF7BEFF48BB1B4B1B7813F006
S21401F2C8FD0F23D1204601F055FC18490123184AA1
S21401F2D8D1F8FC1004F1F80003F022FA16E0B0F9B0
S21401F2E84020B3F912309A42E2DD0022204694F813
S21401F2F82D11FFF79FFF50B9C4F8E000204619F01A
S21401F30859F94FF6FF739842014601D1002010BD06
S21401F3182046BDE8104004F077BFFF2380F8293067
S21401F328F4E70220F3E700BFA46B0020004F00B00B
S21401F338A43F00B0F0B51D46144B04461B780F4693
S21401F348164685B05BB1D0F8E030E3B102AAB3F94E
S21401F35812300092002214F019FA05B0F0BD02A985
S21401F36818F065FC9DF808103A462046EEF77CF83A
S21401F378014626B92A462046FFF75CFFEDE72046F8
S21401F388FFF784FFE9E71846E7E700BF976D040033
S21401F398D0F89830012B01D10020704770B505468A
S21401F3A850498EB018F0AFFFD5F8E0600146AC8D35
S21401F3B8C5F8E40026B1336813B15B68002B6BD13E
S21401F3C81DF049FA1DF042FA0123D5F8E4108DF82C
S21401F3D80E30B389D6E90120E31A9BB200FB03225B
S21401F3E84148ADF80C3003680292994207D0284686
S21401F3F818F094FC80223D493D4B88671A613D4CC4
S21401F4083B4E00F04DFE0128FBD1236CD907F8D4FA
S21401F418336CDA01F5D4D5F8E41028460D919DF839
S21401F4280E20029908AB02F037FE002831D100F011
S21401F43837FE0128FBD12E4A2E49136CDB01FCD47A
S21401F4480B6CDE07F9D408A901A803F047F800BB3E
S21401F458AA8D294B5A6495F8243060F3410385F840
S21401F468243018F0A4FED5F8E03002465B69196826
S21401F478431EDBB2FD2B049114D9CC1C12D91F4BA9
S21401F48801311B6815D0D81C10D8284604A9049346
S21401F4980AE002200EB070BD1A68032A90D99B6A4A
S21401F4A85B0E94E7284604A918F06BFE00200EB000
S21401F4B870BDD91C04D8284604A9049318F061FE27
S21401F4C8D5F84C319B0506D495F8243043F0020351
S21401F4D885F82430EAE728464FF4803119F09AF87F
S21401F4E8E4E700BFFC4F00B064540020003F00B0C2
S21401F4F8000002B800C002B8008001B818690020F0
S21401F50810B50C4619B118F0F8FD00B104342046C0
S21401F51802F0FAF8024B4042C3F8E00E002010BD94
S21401F528003000B0438E70B593420C4615461CD386
S21401F538436C8B4208BF00241DF08DF94FF49C5391
S21401F5480B490646CA68C2F30362D340DA0702D5F6
S21401F5580B6C9B0304D401222946204601F05CF873
S21401F56830461DF073F9002070BD2120FCE700BF6E
S21401F578000002B82DE9F84F074615460B4611B9A3
S21401F5882120BDE8F88F002AFAD0032905D80022E1
S21401F59801F0ACF903460028F2D01C889A78B4F535
S21401F5A8804F02F0070180F0CE80A1F1070C187990
S21401F5B893F805B0DE88DCF1000343EB0C0305295C
S21401F5C82B7394BF0023C2F30013C2F3801C6B7322
S21401F5D8930985F810C003F00203C2F3C00C43EA8E
S21401F5E80C03C2F34012E8746B74AA74D7F890300F
S21401F5F8AE82D80600F193800639012900F28F8081
S21401F608B7F81290D7F81C8009F1FF394F4B083C20
S21401F61804EA09045B6D18F804300021802B0CBF3E
S21401F6286FF07F03323B04F1010418BF5BB204EAB2
S21401F6380904AB73631D03EA09035A1CA96002EAAD
S21401F648090218F8022018F8036097F825A046EA78
S21401F658022636B2BAF1000F5FD1F10456D5D7F8B3
S21401F668E43013B11B68022B05D841F24D724C21C8
S21401F678002004F0F7FDD7F8E420C6F30B0392F850
S21401F6882420DB000AB1B3FBF2F39B4508D83BB153
S21401F698CBEB0B2BBBFBF3FB6FEA0B0B5FFA8BFA7F
S21401F6A8D7F8EC3023B1504695F90E1098478246A4
S21401F6B8013485F80FA004EA090418F80410013487
S21401F6C804EA090418F80430013404EA090441EA92
S21401F6D8032118F80430013404EA090441EA034115
S21401F6E818F8043041EA036116F4804305D0184B34
S21401F6F8DB6EB3FA83F35B095B0038466A7C03F07A
S21401F708CBF806232860AB7100203AE718F804A066
S21401F7184FEA4A0A5FFA8AFAC2E78A46C8E7002326
S21401F7280020EB730B4BDA69C2F30723120448BFB8
S21401F73863F0FF035AB212F1800F1CBF323B5AB274
S21401F748AA730346DEE702201BE700BF004000B8A5
S21401F758003F00B000C000B806238B7190F8253032
S21401F76843B1054BD3F8C4200B6802F01F0203EB24
S21401F778C2030B6000207047003E00B011F5004F31
S21401F7881FBF01F30E01044BC1F30E01002014BF85
S21401F79899642120704700BF008001B8F8B5044677
S21401F7A80E4619B990F824305A0647D44FF6FF7317
S21401F7B8218ED4F8E470994204D0354B1B680BB1FE
S21401F7C820469847334D2B68BB4255D0324B1B68B1
S21401F7D83BB11FB13A68002A50D0BF683946204667
S21401F7E898470727204601F0C5F9002E3AD004F0BD
S21401F7F8C7FA0620294B94F9262093F900302849A0
S21401F808C3F127039B1A0A6ADB0222F4FF2203F4D8
S21401F818FF2313430B62D4F8E420224B2A6098672F
S21401F82801F01CFB002501211F4A204B11702046C0
S21401F83883F8845018F096FC2846F8BD4FF6FF71F9
S21401F848144DD0F8E4702A6866F386139742018649
S21401F85880F8243017D0104B1B68002BB9D101F063
S21401F86889F9072712493B46124AD1F8FC1004F1D8
S21401F878F80002F055FFBAE70127B3E71746204616
S21401F88839469847ADE701F075F90127EAE700BF61
S21401F89870540020645400206C5400203862002004
S21401F8A800C000B8006000B839620020003F00B010
S21401F8B8004F00B0A43F00B0054A12681AB190F88C
S21401F8C81E1119B91047084602F092B90148704747
S21401F8D86054002000FEFFFF334B2DE9F7431C68F8
S21401F8E801F4007900F00103174653EA09020646B7
S21401F8F80D4632D04FF0000823B300230022012022
S21401F9080021CDE9008803F013F941462046FFF7A8
S21401F918D3FF01224146E085104618F0FDFDD4F8D4
S21401F928901004F1F80002F0F3F920490868FFF78F
S21401F93809F94FF0FF330B6094F8243043F00403C1
S21401F94884F82430B9F1000F07D00121204618F0B9
S21401F95861FE25F4007506430D432B4632462046C4
S21401F968FFF752F9FB070FD51149124A086800211B
S21401F978136811600121104A117003B198470F4BA3
S21401F988002102205B68984717F00E0F08D04FF445
S21401F99809723B21002003B0BDE8F04304F062BCC5
S21401F9A803B0BDE8F08300BF1855002004690020A5
S21401F9B8785400207C5400203A620020FC6800201D
S21401F9C808B5582200210648FEF754F91022FF21EF
S21401F9D80448FEF74FF904F0D3F9002008BD00BF2C
S21401F9E8F43E00B0383F00B073B574210C236D2285
S21401F9F8A0F81411822180F824314FF6FF734FF0D6
S21401FA08FF35C0E941120026C0F8002164220446E9
S21401FA18838580F82A301E4BC0E94322C36300F170
S21401FA28480343641B4B80F82660C0E90C35C0F8D0
S21401FA38A450058503F060FA2046FFF7C1FF94F944
S21401FA4826102046FFF7ACF96023134A40F6FF71EB
S21401FA58D3644FF03A4211631167104A2946D364BA
S21401FA6840220F4B20461A64D4F89020FFF71AFA62
S21401FA780E230022CDE9003340F202231046194630
S21401FA8803F056F801F046F8304602B070BD00BFE4
S21401FA980700FFFFFFFF4000004000B8005000B815
S21401FAA8002002B810B50C46FFF78AFFCCB1A37840
S21401FAB8082B18D8E278082A15D843EA021313F057
S21401FAC8FF030CBF19466168084AC2F8F41021788A
S21401FAD882F84811617882F84B3182F8491104F0AE
S21401FAE84FF9002010BD2120FCE700BF003E00B002
S21401FAF8012A10B512D8032B10D803EB8202012372
S21401FB08074C934094F84A01DBB221B10343002025
S21401FB1884F84A3110BD20EA0303F8E72120F9E703
S21401FB28003E00B0044BD3F8F03E13F0806F14BFCC
S21401FB3823200020704700BF003000B00246F8B509
S21401FB48B0F8284100F1F805FFF7ECFF0B688E685E
S21401FB58013304BFD2F800310B604B68013304BF90
S21401FB68D2F80C314B60771C3BD1D2F80831CF68FC
S21401FB788B607E1C3CD1D2F804610F69CE600137D8
S21401FB8804BFD2F8F8700F614F69013704BFD2F885
S21401FB98FC704F618F69013704BFD2F810718F610D
S21401FBA88F6967BBC0F1640408688C6110B16D2861
S21401FBB838BF6D20C2F808314B68C2E94006C2E971
S21401FBC843340B692846C2F8F8304B690F49C2F826
S21401FBD8FC30D1F8FC1007230D4A02F0A1FD0020E5
S21401FBE8F8BD04F16D031B1AB34238BF3346BEE7AE
S21401FBF804F17406361ABE4238BF3E46BDE76D3478
S21401FC08241ABC4238BF3C46CEE700BF004F00B0BE
S21401FC18A43F00B070B51CF01EFE05460B4E00F062
S21401FC283FFA012805D028461CF010FE022420467B
S21401FC3870BDF36813F0706FF1D1F46814F0805456
S21401FC48EDD128461CF002FEF1E700BF000002B81D
S21401FC5838B51CF000FE4FF6FF710A4A13888B422E
S21401FC6803D11CF0F3FD0E2038BD074C074D1B04CD
S21401FC786566A4F58054636611801CF0E7FD0020D4
S21401FC88F2E700BFA26B0020006001B80000FFFF8A
S21401FC982DE9F74304460F4615461E46FFF75CF85E
S21401FCA838B3A38A2BB3204618F003F878B9744BF7
S21401FCB8D3F8F02E1EB10E2003B0BDE8F08302F093
S21401FCC83003102BF7D002F0C002402AF3D0DFF839
S21401FCD8E08102F05BFCD8F81430DE07EBD51CF0A7
S21401FCE8BAFD0646032001F08BFB20B130461CF016
S21401FCF8ADFD0220E0E7D8F8142012F00608F5D189
S21401FD0830461CF0A3FD5E4B4FF400612046D3F845
S21401FD18F09ED3F8D06E03F0EDFF40B14FF40072B9
S21401FD280121584B08461A64424618F0F5FB394635
S21401FD38204604F069FA524BC3F8F09EC3F8D06E19
S21401FD480028B9D194F82430980601D4002D57D04C
S21401FD58C5F3400003F03AF9022315F4807F1FBF6C
S21401FD68494A002113644FF03A420BBF454A916154
S21401FD781364536303F064F94FF4806315F0040FBA
S21401FD8814BF424A424A15F0400F53624FF004022C
S21401FD983C4B28461A644FF0400314BF3D4A3E4A7E
S21401FDA8C2F88830FEF7FEFE204618F0ACF838B1E7
S21401FDB84FF4807315F0010F14BF334A314A1364A8
S21401FDC8A90646D54FF6FF72E38F93420FD0334A02
S21401FDD83349526E100CC2F301120132B3FBF2F32F
S21401FDE808802A4A2A492F481B0448665366003D5C
S21401FDF818BF012594F8243065F3451384F8243098
S21401FE08204618F07AF9F0B1204618F07CF8D0B1FF
S21401FE184FF40031204603F06DFF431C03229BB2CA
S21401FE28214801A918F009FA9DF8042002F00703F1
S21401FE38052B9DF8053015D112070DD443F48073B0
S21401FE481A4AC2F8D830002003B0BDE8F04318F0CB
S21401FE5801BAFFF7FDFECAE713F0040F09D19DF8B2
S21401FE680630EBE703F03002202A05D113F0010F24
S21401FE78F4E74FF48073E3E79DF80630E0E700BF48
S21401FE88003000B0002002B8001002B8005001B8D7
S21401FE98006001B800D000B800E000B8004001B822
S21401FEA8A26B00200000FFFF0C0000BA003E00B065
S21401FEB800C001B82DE9F3410646884615461F4697
S21401FEC81CF0C9FC0446032001F09AFA38B1204612
S21401FED81CF0BCFC0E24204602B0BDE8F0810420CC
S21401FEE801F08EFA0028F2D120461CF0AFFC01235F
S21401FEF82A4641463046FFF7CBFE04460028EAD19B
S21401FF08DFF8C8805FB388F8000039463046FEF748
S21401FF186FFD00284CD198F80030012B1CD0202208
S21401FF28244B1A64244B9B6FB3F5817F1FD20120A3
S21401FF3818F0A9F91CF08FFC204B06461B680193A4
S21401FF48CBB901F0DDFA15F0800526D101F01CFBCE
S21401FF58284603F00FF825E003F022F8BBE798F8E7
S21401FF680030012BF8D0002BD9D12124B3E7802209
S21401FF78134B1A61DBE7042001F044F90023012240
S21401FF88042001A901F05CF90028DAD103F070F821
S21401FF98212430461CF05AFC9DE70022094B9A673B
S21401FFA801F0F2FA084B01215B6800209847F0E758
S21401FFB8044690E7001002B8003F00B068540020DD
S21401FFC8000002B800C001B8FC68002037620020B3
S21401FFD808B50B4BD3F84C114B1C10D011F08041CF
S21401FFE80DD1084B1B6813B10320FEF745FE4FF0F1
S21401FFF88062054BDA6401225A6102229A6208BDC0
S2140200080080E00F18550020001002B84FF40022B6
S214020018034B186C03F500531A64C0F3C0407047CC
S214020028000002B8024B586900F00100704700BF92
S21402003800C001B8084B5A69D10707D508B901F0BC
S214020048BDB85B69DA0706D401F0AAB85B69DB07B4
S21402005801D40028F8D1704700C001B84FF0806379
S21402006810B1024A53617047014AFBE7001002B812
S214020078002002B8202350B1064AC2F8F433064BD1
S214020088196C11F0010104D1032002F093BA034A55
S214020098F3E77047001002B800C002B8002002B8A2
S2140200A80F4BDB68C3F30363013B0B2B0FD8DFE868
S2140200B803F006060C06060606080A0808080220C2
S2140200C87047042070470520704703207047054B89
S2140200D85B6913F0060F0CBF01200420704700BFAF
S2140200E8000002B800C001B8094AD368C3F3036324
S2140200F80B2B08D06FF49050184100F0010080F0E6
S214020108010040007047106C10F48030EDD1704743
S214020118000002B80C4AD368C3F30363062B07D859
S214020128042BD8B20BD8C31E584258414000704719
S214020138072B06D1D2F844010028ECD170470220DA
S21402014870470020704700BF000002B8094BDB6802
S214020158C3F303639A1E012A8CBF00220122012BD5
S21402016802701EBF4FF4026222FA03F303F0010381
S2140201780B707047000002B8094AD368C3F30363DA
S214020188032B01D0072B08D1536CDB0605D4906CE1
S21402019880F00800C0F3C00070470020704700BF18
S2140201A8000002B8024B0022196817F089BF00BF88
S2140201B83096040010B5FF224FF6FF71044617F07A
S2140201C89FFF68B9FF224FF6FF71204617F0A9FF76
S2140201D830B92046BDE81040FF22024917F0B3BFE7
S2140201E810BD00BFF895040010B55B0743EA02434A
S2140201F89DF8082043EAC163520502F0BC621A431E
S214020208064942F4C872044603F060FD00222046FE
S2140202181146FFF787F9002010BD00BF9007E12DB1
S21402022837B50C460546094A09490A4801F038FB1B
S21402023894F828302846009394F82B3094F829200E
S21402024894F82A10FFF7D0FF03B030BD9496040046
S2140202589C9604006496040008B5FFF78DFF88B1E3
S214020268094BDA6912030DD5186C10F4003009D15F
S2140202789B6C13F0100F4FF010030CBF034A044A8E
S214020288936408BD0220FCE7000002B8001002B81A
S214020298002002B8034610B500B3124AD169090312
S2140202A81ED5546CC4F38114032C15D0022C17D116
S2140202B822460D49B1F8D40001F10061801A01F511
S2140202C8357101441846FDF765FE064A0472926CBB
S2140202D8120A4272002010BD0822EAE72120FAE735
S2140202E80220F8E7000002B8003E00B00A68064B93
S2140202F812F0802F1CBF42F20101C3F82812C3F87D
S2140203088822C3F88C227047004001B8F0B585B041
S2140203186C460E460B4B074615460FCB84E80F0075
S214020328094BD3F84822009226B16B1EDBB2FD2B8E
S21402033888BF32602A462146384617F022FF05B0A3
S214020348F0BD00BF009604000080E00FF0B585B04F
S2140203586E460D4B07460D460FCB86E80F0017F084
S21402036826FF314604460246384618F06CF84DB168
S21402037840B9FF2C1BBF04AB03EB8404009B54F864
S214020388103C2B6005B0F0BD0096040030B508237B
S214020398054685B080B9094AC2F8FC3351B96C469D
S2140203A8074B0FCB84E80F00064B2A4621461868EF
S2140203B8FFF7ACFF05B030BD034AEDE7001002B800
S2140203C81096040018550020002002B84FF03A4351
S2140203D8D3F81421D2031ED54FF480320E49C1F841
S2140203E81421A1F58051C1F818215A6DD1B2C2F371
S2140203F80722C3F8A410C3F8A4200422C3F8A42032
S2140204080022C3F8A420C3F8A420C3F8A420C3F883
S214020418A420C3F8A4207047002000BAF0220B4B91
S21402042801219A64A022A3F580539A644FF03A43B6
S214020438426CC3F8F410FC21C3F8CC10C3F8D020E1
S2140204484FF40052C3F8F020704700BF006000B8AF
S214020458F8B50D464FF03A44174606461CF0FBF927
S21402046801230421074A6363E76026616561C2F8CF
S2140204781411054AC2F884311CF0E8F90DB10223BA
S2140204886363F8BD002000BA00E100E02DE9F04100
S21402049805460124006800F00700063004FA00F357
S2140204A8A868EC685E1EA04262D000EA060E6C6877
S2140204B810441E430640A3EB0E000EEB040C8242C9
S2140204C8644618D9D31A0EEB030298B1431E052BBD
S2140204D804D94B1CACEB0303022B59D80B46084431
S2140204E8ACEB010E03EB0E0113F8014B83420C70C2
S2140204F8F8D101466C688AB1531E052B01F1010337
S21402050802D9E01A022812D80A44611E00E0013312
S21402051813F8010C934201F8010FF8D11CF09BF96D
S2140205280223AE60AB62BDE8F0411CF08FB90B4601
S214020538204622F0030E8E4453F804CB734540F847
S21402054804CBF9D122F00303D01A920701EB030C6D
S21402055804EB0307E2D0CA5C0128E254DED09CF81A
S214020568013002287B70D9D09CF80230BB70D5E7E0
S214020578042A35D90878043AA86148780431A8616B
S21402058811F8020CA86111F8010CA861A8688CE79A
S2140205980B4620F003070F44ACEB010E1C684EF81E
S2140205A803400433BB42F9D120F0030310F0030FD3
S2140205B801EB030EA0EB03040CEB030728D011F89B
S2140205C80380012C0CF8038022D09EF80130022CFE
S2140205D87B7018BF9EF80230084418BFBB7088E7C5
S2140205E8013A032A12D8DFE802F00F1507020B4673
S2140205F813F8012B1946AA610A4612F8013BAB61A9
S214020608114611F8013BAB610B78AB61BDE8F0818E
S21402061808446EE70A46F3E738B50B461546014620
S2140206284FF03A4468B101221048C4F8F4201A463A
S214020638FFF72CFF25B14FF03A430422C3F8F42003
S21402064838BD73B1D4F8D8209A4284BF0122C4F8C0
S214020658F4204FF03A42C2F8D4300223C2F8F430FB
S214020668E8E70123C4F8F430E4E700BFCC0000BA98
S21402067838B504461CF0EFF84FF03A420121238FB2
S214020688054651674BB3B3FA83F3C3F11903DBB2DA
S214020698A069C2F8B410C2F88C300723C2F89000DA
S2140206A8C2F8B0304FF4A02302F50052C2F8143153
S2140206B8A2F58052C2F8183100220C4B1A600C4B75
S2140206C81B6C5B0209D54FF480020A4B04F1F80052
S2140206D81A64D4F8901001F01BFB002363870723E3
S2140206E82846A387BDE838401CF0B0B884540020DA
S2140206F8000002B8002002B82DE9F84305460C4669
S214020708B1B1D0F81880078F1CF0A5F8B5F83AC032
S214020718791E01EA0C0323F00702032C0646DFF8CB
S214020728F8E042445ED1DEF8004024B91CF08EF8A8
S2140207380E20BDE8F88324F00104DEF8000020F05D
S2140207480100A04253D10023CEF8003023889442F9
S2140207586FEA43436FEA534323803ED1AB8F08EBDD
S21402076807091846083880B202F108044C4528BF23
S2140207784446082804D9B4F800E0BEF5804F40D2B3
S21402078863440F431B1A3B409BB26B87A887947837
S21402079811884FF03A42C1F30C019165C2F89830BD
S2140207A8C2F8B0004FF48022174B04F00704C3F8CF
S2140207B814210122154BC3F88421FFF707FE042CE7
S2140207C80BD14FF48002124B05F1F8001B6C114B4B
S2140207D81A64D5F8901001F09BFA30461CF036F8E9
S2140207E80020A6E7601E012898BF1446A5E7A88F32
S2140207F84344E31A48BFDB1908389842A6DC304659
S21402080894E72246AEE700BF002000BA00E100E007
S214020818000002B8002002B884540020154B10B518
S21402082819688A8F4B8F088F13440138073B8C69E7
S214020838034023F007031C4402F108034FF03A4230
S2140208489BB28B87C2F8B0304FF480220A4BC3F8AB
S21402085814210122094BC3F88421A07800F007006E
S214020868042803D1064AD3681B03FCD4054B1C6034
S21402087810BD00BF18550020002000BA00E100E0B5
S214020888000002B88454002010B5064C216839B11D
S214020898CB0703D4044B1868FFF72EFF0023236008
S2140208A810BD00BF84540020185500204FF4803233
S2140208B80C4B0D49C3F818214FF03A43C1F81421DE
S2140208C8D3F8AC10D3F88C20012302F007020632C4
S2140208D89340C1F30C01083B994201D8FFF776BD55
S2140208E8704700BF002000BA001000BA2DE9F04792
S2140208F880460C4616468769058F1BF0ACFFB8F88B
S2140209083A2005F1FF3C02EA0C0323F00701032C08
S21402091882463944B8F83C0019D14A4C24689CB936
S2140209280244073A02EA0C0222F00702BC183B44C9
S214020938E31A48BF5B19834210DB50461BF086FF5A
S21402094800242046BDE8F08724F00104EFE7012CD6
S21402095802D0022CEBD108380C46E8E7002E3FD02E
S2140209688C4241D14FF03A42D2F858904FF03A4171
S214020978D1F8AC20B8F81270C2F30C02934247DAE8
S2140209882588B5F5804FD8D2A378C5F30C0503F0B1
S21402099807037A1EA5EB09053A43052B337005EAC9
S2140209A802052DD82DB2E84340F241420421C00F79
S2140209B803F058FC7580E3783374D8F81C207B1E45
S2140209C803EA0903D118B160A9B213FA85F5AF4252
S2140209D82FBF0023FF1AB780F26024BFB180F360EE
S2140209E850461BF033FFACE7A4F10802974284BFD7
S2140209F8ED0802EBC502B2F80090C9F30C09B5E798
S214020A08114B5B6D003B18BF0123A5EBC305C9E775
S214020A184B6D7A1EA3EB09033A431A400B4915B2EB
S214020A28002DCB680BDCC3F30363D81E4342434155
S214020A38DB0033708B6C72801B0A3374BDE70823A5
S214020A48F7E700BF84540020004000B8000002B850
S214020A58054BA822D3F84C013121431C0CBF0120B8
S214020A68C0F3807003F0FEBB0080E00F38B5134D6C
S214020A780446297819B920221148FDF7FBF861883F
S214020A88104A23785180002113700F4A022BC2F8AD
S214020A98CC104FF0FF010D4A0D4B11704FF00701B5
S214020AA80C4A4FF00000C2F8FC130CBF04220122C5
S214020AB8C3F8FC2301232B7038BD00BF3B6200201D
S214020AC8E03F00B0A46B0020004001B81D6C002077
S214020AD8001002B8002002B8034B1A6802609B880E
S214020AE883800020704700BFA46B002010B5044620
S214020AF800F03AFF064BD3F8F83724B983F40033EC
S214020B08C3F3404010BDA31E58425841FAE700BF3F
S214020B18000002B84FF63F720A4BD3F8FC379342EE
S214020B2806D0094AC3F301131370E022074B1A7062
S214020B3841F66A02064B1B68B3FBF2F3054A1360DA
S214020B48704700BF000002B81E6C00201F6C002011
S214020B58A45400208854002020B1022804D1034B54
S214020B6818787047024BFBE7002070471E6C00207F
S214020B781F6C00202DE9F74FD0F8A4204C21022A3A
S214020B8838BF0222064690F824B16B48013A036A37
S214020B98D0F8CC506948C3F38213D9400368DFF80B
S214020BA8C0A19342DFF8BC91654BDFF8BC8101F027
S214020BB8010116D11C788C4213D19AF800405C4584
S214020BC80FD1D6F8A84064B1AC420AD196F829509B
S214020BD899F80040A54204D1B8F8040003B0BDE86D
S214020BE8F08F98F80040026020461970FFF7B4FFAD
S214020BF8002900F0888004234FF07F4000255149E1
S214020C08C1F8B830504BC3F8B80096F829301B061E
S214020C18C1F8B8304FF080514A4B2C04C3F8B410D0
S214020C2840F27121494B1B68B3FBF1F31921534378
S214020C38182BB3FBF1F173D8002C7BD0B4FA84F2EC
S214020C48C2F12002C2F10F03012B38BF0123D440A0
S214020C58A14201D2013B64086A1C03F01F0152003C
S214020C688A403B4F121B9208C7F8B0201A0242EA83
S214020C7803121343019305EB052305EB0325354BB6
S214020C8840F6970218682B21003818BF012003F097
S214020C98E9FAFA222F4B02FB04F01B6840F6FF72B1
S214020CA8B0FBF3F00A2358432B4B00F57A74C3F8CB
S214020CB8C420019AA3F58053C3F8C420A3F5805331
S214020CC8C3F8CC50D3F8CC3000F58C50C7F8FC30BB
S214020CD8C6F8A850214D14302C6001F0ABFC4FF436
S214020CE87A72C7F8A400C7F8F8002B68B4FBF2F0CB
S214020CF8B3FBF2F3A8F8043096F829308AF800B065
S214020D0889F800306AE7002C14BF1025202596F8CB
S214020D182930834294BFED182D1805F0FF0579E7B0
S214020D28B1FA81F234B1B4FA84F3D21A002A89DC11
S214020D380F238DE70F238FE7004001B80C690020C8
S214020D483C620020001002B8002002B8A45400201A
S214020D58003F00B088540020006001B88C54002080
S214020D681C6C00201B6C0020A46B002010B5114BD5
S214020D7801461B78104C0C2B02D1FF20207010BDA8
S214020D88184617F06DFA02461846FFF7E5FE88423F
S214020D9828BF0846C0B2904238BF10462378C0B271
S214020DA88342ECD0054B20701868FFF7E3FE2078E4
S214020DB8E5E700BFA46B00201D6C00201855002034
S214020DC810B5044603F066F878B1154B1B786BB974
S214020DD864B1144B1B784BB1134B1B78013B012BA8
S214020DE804D84FF40042114BDA6410BD104BDB6C8A
S214020DF81B04FAD41BF02FFD044602F021F94FF427
S214020E0800420C4B2046BDE81040DA6402220A4B28
S214020E18C3F87C240422054B1A641BF017BD00BFD6
S214020E283D6200203E62002090540020002002B856
S214020E38000002B8001002B800D003500122024B8C
S214020E4800201A70FFF7BCBF3D6200200022024B4A
S214020E5801201A70FFF7B4BF3D6200204FF48022CB
S214020E68014B9A64704700BF005000B8F7B50646B3
S214020E78544C00F079FD01213A20EBF70BFA524B5D
S214020E882578524F1E7085BB2846FFF799FF2378B0
S214020E98013B012B19D8E37B01A88DF80430237C8B
S214020EA88DF80530E9F7FCF9C7F87C544FF6FF725F
S214020EB8474BC3F88420F822A3F58053C3F884204E
S214020EC80022424BC3F87C240DE04FF6FF72404BDB
S214020ED8C7F87C54C3F88420F822A3F58053C3F8D5
S214020EE88420C7F87C543B4B5BE00020FFF768FF82
S214020EF82378013B012B08D8E37B01A88DF8043040
S214020F08237C8DF80530E9F7CBF90023C7F87C3443
S214020F18002ECBD062685AB32F4B1B6803EB5203E2
S214020F28B3FBF2F3013B1B0243F0F8032678284989
S214020F38022E2A4A1ED0032E4FF6FF75234826D0C5
S214020F48012E38D143F00203C1F88450C2F8843027
S214020F580723C0F87C34E37B01A88DF80430237C91
S214020F688DF80530E9F770F90120FFF729FF17E039
S214020F78F823DBE74FF6FF7043F00103C1F884005D
S214020F88C2F884300622114BC3F87C24E3E743F008
S214020F980503C1F88450C2F884300423C0F87C34B0
S214020FA80F4B4FF080420020DA644FF480220B4B3E
S214020FB89A6403B0F0BDC1F88450C2F884300023A6
S214020FC8ECE700BF905400203E62002000C00350A9
S214020FD8006000B8002002B8A4540020005000B8F0
S214020FE8001002B8F0B52B4F06463D4604460FCE13
S214020FF80FC5336885B02B6000F0B6FC01213A2095
S214021008EBF748F90022244BC3F87C24A17A627ACB
S21402101842EA0142C3F88824217CE27B42EA014282
S214021028C3F88424217B627B41EA0240C3F8800429
S2140210383B78032B2AD8DFE803F022020C178DF838
S214021048041004218DF805200DEB01000022E9F7B3
S214021058C7F8E37B00228DF80830237C042102A817
S2140210688DF80930E9F7BCF8637A01228DF80C305E
S214021078A37A042103A88DF80D30E9F7B1F8074BD7
S214021088187805B0BDE8F040FFF7F0BE212005B09D
S214021098F0BD00BF9054002000C003503E620020FE
S2140210A8034BDB6C002BBCBF024BC3F888007047AF
S2140210B8000002B8004000B82DE9F04700F0AEFC88
S2140210C84FF47A762D4BB0FBF6F618604FF4FA73A7
S2140210D8734307462A48190E1B021818294A4FF066
S2140210E8000341F10001FCF759FA274BA0F580727C
S2140210F805461A6320B948222B2103F0B3F80125C6
S2140211084FF47A724FF0000A6A4353465008310287
S214021118FCF744FA1C4B1D4AB7F57A7F9A601C4BBB
S2140211284FEA056819601B4B8946044618604FEA61
S214021138152505D29B222B21504603F093F801264B
S2140211484FF47A73A8FB030103FB05117308C01852
S21402115841F1000100233246FCF720FA0E4B023416
S21402116819600E4B49F10009A408186044EA89740C
S214021178054B013C9C63BDE8F08700BFA4540020E1
S21402118820A1070040420F0000C001B8021101006A
S214021198B4540020B0540020AC540020A8540020B8
S2140211A81022044BC3F884215A600122024BDA60EB
S2140211B8704700BF00E100E000C001B81022064BED
S2140211C8C3F88421C3F88420BFF34F8FBFF36F8F11
S2140211D80422024BDA60704700E100E000C001B862
S2140211E810B50446A242A2EB0000A3EB010104D20A
S2140211F8034B01399B6B0133184401F0030110BD00
S21402120800C001B838B501250A4B02019D504FF4BB
S21402121880730446084A834053661BF01CFB074A41
S214021228A540137823EA05031370BDE838401BF07F
S2140212380DBB00BF00E101B800E001B8476200201C
S2140212482DE9F84F164605468A461F461BF003FB4D
S214021258022E00F0918080461BF00AFB5A4B5B4A2E
S214021268D3F8209092F891405A6EE4B2520744BFDF
S214021278D3F82090013404F003041BF0F4FA48462D
S214021288214600F02FFA8446DAF80000012E04BF41
S21402129801306044ACEB000C08BFCAF80000BCF191
S2140212A8804F7DD300F030FA8145A1EB040188BF58
S2140212B8454BDFF838C188BF01F1FF3101F0030161
S2140212C888BF9B6BA0EB090E0CF80510A1B1F907B5
S2140212D842BF41F61F723E4B5A67BA0742BF3C4BA3
S2140212E83C4A5A677B0742BF0022374B9A673C073D
S2140212F842BF0022344B9A6511244FF0010A324B42
S21402130805F11002120103EB051BCBF80C0132495A
S2140213189C501A6A0AFA05F4586E0B78A2EB090270
S214021328E4B2234372450B7025D34FF48073AB4067
S214021338034220D11CF80520002A40D10EB3274AC2
S214021348F807536607D541F61F7140F20110204B85
S214021358596750675967B90706D51D4B1D4A1F4975
S2140213681F485A6748675A677A0742BF01221D4BC9
S2140213781A613B071AD440461BF068FA0120BDE8FA
S214021388F88F194A2D0142F805A042F89C3C1BF03A
S21402139862FA11490B7823EA04030B701BF056FA1B
S2140213A840461BF053FA0020BDE8F88F2120FFF7CD
S2140213B877FE4FF48032044B4046DA60DCE7074A91
S2140213C840465366D8E700BF00C001B8003E00B0EA
S2140213D800E001B800001F1F4762002000D001B8D5
S2140213E800000101000002B800E101B83F620020D7
S2140213F8024B1878003818BF012070474762002051
S214021408034B10300001185800F00100704700BF67
S21402141800C001B870B50646FEF704FE044608B1D9
S214021428FFF7CCFE00230A4D3046AB61EB612B6218
S21402143800F06AF9074BC9B283F8911028622CB1FA
S214021448FFF7AEFE4FF08062034B1A64002070BDB1
S21402145800C001B8003E00B0002002B82DE9F041F5
S2140214689DF818800D46B8F1000F08BF0022214EDD
S214021478B5F5803FB168074621F4700141F4A00132
S214021488B1609DF820409DF81C104FEA042444EAF7
S214021498016444EA031444EA084444EA02044FF0A6
S2140214A8180140F2E9222CBF00200120746502F0E0
S2140214B8D9FE3564B8F1000F1AD00F4BBC68D3F8C2
S2140214C888306D2C38BF6D245B0606D500F082FB8B
S2140214D818B10A4BB3FBF0F31C44204600F014F98B
S2140214E80130854238BF0022024B34BF5A64586422
S2140214F8BDE8F08100C001B800C000B800093D0090
S21402150838B51A4B5D6C35BB10242020FFF7C8FD92
S214021518174B9C6002F04EFB2022164BC3F8842120
S21402152801F0D2FC48B12A4600200821FEF7D4F979
S214021538114B5C66A3F580531C67104AD36803F008
S2140215487063B3F1807FF9D9084B0D4A5A6741F2A6
S21402155801429A6738BD01F0B7FC0028F4D0094B5F
S214021568054A5366A2F580521367EDE700C001B834
S214021578001002B800E100E000E001B8000002B87E
S214021588011B01181000002008B52120FFF788FD6E
S2140215984FF48032014BDA6008BD00BF00C001B8C4
S2140215A8F8B5184D04466B6A1B0426D500F086FB70
S2140215B86B6AA0FB044613F0787F4FEA9367C3F37F
S2140215C84450C3F3044505D140F25A422B2102F097
S2140215D849FE0120AD01B5FBF0F010EB871005D1EE
S2140215E840F25F422B2102F03DFE01200246002314
S2140215F820463146FBF7D2FFF8BD00F0EBFAA0FB17
S2140216080401F9E700C000B80246012030B50B4CC9
S214021618A0F12003C0F1200524FA05F504FA03F325
S2140216282B4304FA00F595428B4100D330BD0F28B0
S21402163801D00130ECE7FF20F8E700BF40420F0078
S21402164810B50C46FFF7ACFFC30943EA4163C01A5C
S21402165861EBD111FFF7D8FFFF2814D00F220C4BED
S21402166840F01000C3F88820A3F58053C3F888001A
S214021678A3F580535B6ADBB2802B06D02046BDE812
S214021688104000F007BB212010BD0220FCE700BF77
S21402169800E000B838B51BF0EBF8084B084A1D6A9C
S2140216A892F891405A6EE4B2520744BF1D6A01345A
S2140216B81BF0D9F8284604F0030138BD00C001B86B
S2140216C8003E00B00346064A103302EB00111B0127
S2140216D8D1F80C01D158C1F3400116F0DFBD00BFA6
S2140216E800C001B8064B1B68434303EB8171054BE8
S2140216F81B68A3FB003013F1004341EB0000704760
S214021708AC540020A85400200C4A20F0404301465E
S21402171810B5002014684FF00042E4FB0320084A84
S214021728890F126802FB0300064B9B6B984204D98A
S21402173801330131C01A01F0030110BDB054002074
S214021748B454002000C001B8044B01F0F071103008
S21402175841F0030100011950704700BF00C001B8EC
S21402176808B52220FFF79CFC4FF48022014BDA6072
S21402177808BD00BF00C001B870B51646054600B3DE
S214021788F9B1F2B14268104B006803321B6892083E
S21402179800F130409847044688B9EA68A8680332D8
S2140217A83146920800F1304016F091FD044630B9F1
S2140217B8D5E90402214600F13040FCF75BFA2046E0
S2140217C870BD2124FBE700BF1469002070B50C68C1
S2140217D8651C15D0C4F302669E42C4F3074530D191
S2140217E8A4B294422DD804EB8506B24229D2141B21
S2140217F8A50824F003040E59340F04D0012C08D08F
S2140218080022212402E06B1C51F82320C0E90024A0
S21402181870BD0E4C34F8133042EA03431A686B1C48
S21402182851F8234001EB83014B6822405E4036F0B4
S214021838704404D11B0F032B04BF8B681A43002481
S214021848E4E7013501EB8501C1E700BF28960400ED
S21402185807B501A8EBF71AFD9DF80530022B02BF63
S21402186840220B4BC3F8FC23C8220A4B5A650A4B84
S2140218780A4AD3F86032DBB2FF2B08BF03239B0069
S21402188843F47F53C2F8F83303B05DF804FB00BF95
S214021898001002B8008001B80080E00F000002B80D
S2140218A8836810B4074C03F1304324681B689C42D3
S2140218B803D15DF8044BFFF75FBF00205DF8044BC9
S2140218C8704700BF286900200022012108B51E4B78
S2140218D81A645A649A641D4A516102219162DA684E
S2140218E8C2F303620D2A01D0002AF8D11122184940
S2140218F89A631848184AFFF73FFF00F0E9FF174AAD
S21402190893685BB9164A93689BB94FF080620F4B8F
S2140219185A61012203F580535A6108BD1149D268FB
S214021928096803F13043032AECD943F8041B043A46
S214021938F9E70C49D268096803F13043032AE4D967
S21402194843F8041B043AF9E7000002B8001002B88C
S214021958949B04007C9604009896040064960400FF
S2140219684C96040028690020012341F6FF710D4AAF
S214021978C2F8803291660C4A53600C4A53600C4A8D
S2140219885360A2F580425360A2F54042536002F5C6
S214021998C032536002F580425360A2F5004253609B
S2140219A8704700BF0090005000D000B8001000BA80
S2140219B8005001B838B50324FFF7D6FF114A124B78
S2140219C8124DDA64FFF744FF114BC3F8E0400123D7
S2140219D8EB6400F0DBFD4FF460736B614FF4007349
S2140219E8EB6416F0E4FB0021FEF7D0FC8022094BDC
S2140219F81C64A3F580535C64074BC3F884215A60C1
S214021A0838BD00BF0048F000000002B8001002B857
S214021A18005001B800A002B800E100E008B519F0CD
S214021A2859F8044B1B6FC3F300430133B0FBF3F0C2
S214021A3808BD00BF0080005070B5044698B1B1B129
S214021A483A4A52F8043B834213D10023384A116CAF
S214021A58C907FCD4374800EB830016F041FC364B26
S214021A68106001221A6470BD01330C2B02D1334D6B
S214021A782CE0012352F8041BA142F5D1304A32F871
S214021A881330E3E7C2F3016335F81300110C93B27F
S214021A9811F0FE0F43EA0043606820D00434CAB24D
S214021AA8022A216808D9D4E90160033AC3E9001674
S214021AB898600C340C33F3E704D16268C3E9001269
S214021AC8083403E0012A01D1043419602268531C41
S214021AD8D8D10022164B1A6003F58053C1E7120FBD
S214021AE8072AEDD8DFE802F00704090D1013181DBF
S214021AF8C04303F500531860E2E71A6842401A60CA
S214021B08DEE703F58053F6E716F0BDFBD8E70122B9
S214021B1803F580538240F2E7012203F50053824020
S214021B28EDE71A6830EA0202FBD1C9E7B85400208A
S214021B3800C002B8404000B000D002B828960400A0
S214021B480A5B00200122014BDA647047001002B8D3
S214021B580122014BDA647047002002B84022014B8A
S214021B68DA647047002002B84022014BDA647047F4
S214021B78001002B80B4B1B68D3F8E43023B11A687E
S214021B88022A01D9186A7047074B9A6D90B238B183
S214021B98064BC2F307421B68DB085343B3FBF0F05D
S214021BA8704700BF18550020004001B8A454002012
S214021BB8064BDB68C3F30363984206D1044A936E66
S214021BC823F0F00343EA011191667047000002B859
S214021BD8003F00B0054B1B68D3F8E43013B11A680F
S214021BE80A2A01D8FFF7C6BF186C70471855002096
S214021BF82DE9F743064616F03FFB00248046DFF839
S214021C0890901AF028FE0DF1070105460DF1060020
S214021C18FEF79CFA9DF806308BB9721C29D016F08E
S214021C282BFBA0EB080428461AF010FE9DF8063097
S214021C3813B99DF807303BB3A642E2D824E0D9F898
S214021C480C3013F4603FE8D0D9F8180016F09BFB66
S214021C58731C074603D016F00FFBA0EB08042846B1
S214021C681AF0F4FD17F5007FE0D0384603B0BDE859
S214021C78F08328461AF0EAFD9DF80630002BC0D1FC
S214021C889DF80730002BBCD1004FEEE700FEFFFFA1
S214021C9800C000B810F1800F04D04D28CEBF7F20B8
S214021CA8323040B2FF22044BC0B25A62A3F58053C8
S214021CB858620020704700BF00E000B80B4A10B513
S214021CC8136E0B4C116E03F00703E35CC1F3CD01F0
S214021CD801FB0333126E0748C2F3454202FB033385
S214021CE800688001B0FBF3F010BD00BF004001B8E9
S214021CF820960400A4540020044BD3F8AC3010B14C
S214021D08C3F30332027003F00F007047000002B8F4
S214021D18094B01F080011B6C03F480030B4309D1C5
S214021D284FF40012054B1A62837F1BB10122044B43
S214021D38C3F80021704700BF000002B8006001B86F
S214021D48005001B82DE9F04F404F804685B03868FC
S214021D580C4615F0AEFF20B90024204605B0BDE8B3
S214021D68F08F224600214046FBF784FF384B5D6918
S214021D7815F00105F0D102F019F906460028EBD055
S214021D883F68384616F016FC4FF6FF73984234D072
S214021D984FF060512F4E304B304AD3F82090D6F889
S214021DA88C3011624FF00061A2F580521162242233
S214021DB80421C6F88C202A4A4FF4804B91604FF4CF
S214021DC880520027DFF8A4A0CAF868B0F262A742D9
S214021DD81ED30421234A9160A2F5F032C2F88C3051
S214021DE84FF060521D4B1A6209EA02031E4A13623A
S214021DF84FF480421D4B9A66AFE73146384616F0D6
S214021E087DFB0146384602F0FFF90028C0D0A3E75A
S214021E18B26E5104FCD5B268D205F9D5CAF868B0D4
S214021E28D6F890200135012D0392D0D9E21B042A58
S214021E38A8BF042208EB070003A901930092FCF747
S214021E48A9F8009A019B3A4497B2C0E718550020B1
S214021E58000002B8004000B8004001B8006001B8AF
S214021E68001002B8002002B8005001B8006000B89E
S214021E784FF604014FF60502044B01201B6C9BB279
S214021E888B4208BF1346024A136670470080E00F6B
S214021E9800C001B82DE9F74F81460F464FF0FF35CF
S214021EA8FFF7F8FB002601908A462C463046DFF8F4
S214021EB8D8B006F110031B015BF8033003F00308E1
S214021EC8B8F1010F15D13046FFF7FCFB02460B4668
S214021ED801985146FFF784F9DBF8643006F10802E8
S214021EE8D340DB0739D5002F40D000252C463E606C
S214021EF840460136082EDCD160B3234A0027D2F8C2
S214021F0808C0916B0CF440330131A4FB01416419FB
S214021F1841F10001B3F5003F30D1536B0CF4405C3D
S214021F28013347F10006BCF5805F22D1156B15F523
S214021F38807505FB06F647F1000203FB0266A5FB61
S214021F4803323244594304FB0212A3FB04341444FA
S214021F58C9E9003403B0BDE8F08FA84271EB040368
S214021F68C6D207B13E6005460C46C1E73D463C462A
S214021F78BEE7320242EA13621B02E3E7136B13F56B
S214021F88807347F10002DDE700C001B808B516F015
S214021F980EFA0122054B93F88D3002335B00DBB252
S214021FA802FA03F3024A536108BD00BF003E00B0BE
S214021FB8002000B82DE9F34105460F46684611464B
S214021FC8FFF768FF0646B0B1AFB1DDE900321B0A7B
S214021FD843EA0263A5FB0384094B120A05FB024483
S214021FE81A6812B9FFF71AFD024600234046214630
S214021FF8FBF7D4FA3860304602B0BDE8F08100BF7D
S214022008A45400204FF00052014B1A60704700BFDC
S21402201800E100E04FF00052034BC3F88020BFF304
S2140220284F8FBFF36F8F704700E100E0F8B50B469D
S214022038002213F8044B944225D91D68854224D100
S21402204806245A791D79124B88181E6804FB050364
S214022058104F33F8063C7B43B3420ED900238A5A04
S2140220687A43964202D804FB0300F8BD9D42FAD989
S214022078013304FB03F2825AF2E740F244423D215E
S214022088002002F0EFF80020EFE708330132D2E72B
S214022098E854002040420F0000202DE9F84FA2FB2A
S2140220A8018BC74EC74F18EB060699466BF100031D
S2140220B8B74270EB030307D240F23E220E2102F02B
S2140220C8D1F80220BDE8F88FD9F814A00C461546B8
S2140220D8BAF1000F04D0DAF80030032B00F21B81A5
S2140220E8B94BBA4A9F6BA3F58043D3F8EC30C7F3D3
S2140220F814075E00B64B48BF47F400171B6ED2F8AB
S214022108FCA058074EBF4FF440039B0503F0E0734C
S2140221181F43B04BD3F8E430990748BF47F080779F
S21402212847EA456718F00AFD012D0646C9D1002878
S214022138C7D0A94B984200F0FD8003F5122303F599
S214022148F863984200F05A81A44B984200F0A7819F
S214022158002502462B4600204FF00071FBF71EFAB8
S2140221682B46013008FB03F3C7F3130100FB0B33BE
S214022178A1FB0662A8FB008001FB0522034420336C
S2140221889B09C9F80030F60C954B46EA4236FA0225
S2140221981C6058BF7642934B934D34441E602C60A5
S2140221A8BAF1000F00F00881FB014FF000038F49D7
S2140221B8C7F381528A5C194648BF6408002EB8BF26
S2140221C8764292066008C2FB06012246FBF7E6F94B
S2140221D8DAF800100E2908D97D4B7B4A926BDE6925
S2140221E8D3F80C31F60600F12881C0F3130017F471
S2140221F80017C9F8040014BFC42040F207107C4A2E
S214022208DAF81860A2FB04C24FEA521200FB02F286
S2140222184FF4FA73B2FBF6F218BF002702FB03F379
S214022228A4FB00C0FA33A3FB063604FB070063458B
S214022238864138BF0132D2B242F4006CC9F808C0EF
S214022248002A00F0BB80DAF81C70A2FB070624B14D
S214022258B4FA84F30E2B40F3D880E303002E40F042
S214022268D180B3FBF0F6700000FB0220A0FB0783C8
S2140222784FEA044EC6454FEA144474EB030309D3E7
S21402228852001044A7FB0083C64574EB030306F10D
S2140222980106F6D2C6F30E034CEA033C4CF0006382
S2140222A80629C9F8083049D9DAF83030002B45D063
S2140222B80023C9F80C30C9F8103018F03FFCDAF8D9
S2140222C83010FFF7B3FE044618B18378002B40F0AF
S2140222D8CC8018F0F9FBDAF83010FFF7A7FE0446B0
S2140222E8002869D08378002B66D040794FF4AE6216
S2140222F8003818BF01203D2101F0B4FF207940F2D2
S214022308715200384FF03D0118BF012001F0AAFFB4
S214022318237962794BE0042BDAF828707FF402AF4F
S214022328FB014CBF4FF4400307F0E07327F0E07759
S2140223381F43F7E600232F481D4613E718F0FEFB57
S2140223482C68002C00F0AF80B4FA84F3D3F10203B1
S21402235858BFDC40284B9C4288BF6408002875D0CA
S214022368B4FBF0F3642100FB134201FB02F2904235
S21402237803F1FF3200F2A6805D085308013D1B02F6
S21402238843EA0515C9F80C5018F0A4FB002800F01B
S2140223989080B4FBF0F2642100FB124401FB04F4C3
S2140223A8A04200F28D80531E52085B08013A1B02B7
S2140223B843EA0213C9F81030002083E6212081E69A
S2140223C8006CCA88807C814A008001B8004F00B041
S2140223D8004001B8000002B800F04902005A620242
S2140223E8F0540020EC540020E854002034960400F0
S2140223F8D34D62100A3BB2DF3FBE40250023354864
S2140224081D46AFE61046002630E7C3F10F0E03F16D
S214022418110806FA08F820FA0EF040EA0800AEF1AB
S214022428200826FA08F840EA080026FA0EFE0130C6
S21402243804FA03F34EF1000610E702F4801203F4DE
S21402244800131A4308BFC0F58010CEE6631EA51E09
S2140224585B086D08013B2D0245EA031540F2C242AD
S2140224682B21002001F0FEFE8CE7407940F25552FF
S214022478003818BF01203D2101F0F4FE207940F211
S2140224885652003818BF01203D2101F0EBFE237991
S21402249862791B0243EA0213C9F80C3019E70023D3
S2140224A80D481D465EE66FF01F0500287FF46AAFEA
S2140224B8D4E740F2E5422B2101F0D4FE621E72E711
S2140224C81446FBE79D1E6D085308013B2D0245EA9C
S2140224D8031557E7313641DCD694BFD610B5044605
S2140224E886B059B9214B4168D3F8FC30827A204825
S2140224F8059300686B46FFF7CFFD69461D4B0A68D1
S2140225085A631A4BD3F8FC3033B34B6843B11A4BB1
S2140225181A4AC3F80C214A68A3F58053C3F80C215B
S2140225288B6843B1144B164AC3F8EC208A68A3F5A5
S2140225388053C3F8EC20134AC868D2F8743123F4DF
S214022548EE630343C2F87431D2F86C31096923F496
S214022558EE630B43C2F86C31002022890A4B9A625A
S21402256803F5A033186406B010BD00BF004F00B0D4
S21402257818550020008001B8006001B8FFFF0F0060
S214022588FFF8FF0F000002B8004000B8064B9A6E2C
S214022598920607D55B6E002B4FF48043B4BF034AFE
S2140225A8034AD3640020704700800050002002B817
S2140225B8001002B8064B1A6C9207FCD4022240EAB4
S2140225C801205860034B1A640122034B1A707047A5
S2140225D800C002B800D002B84862002040B10368C2
S2140225E8012B05D90069034B002808BF1846704717
S2140225F8004870473C96040010B590B10468012C58
S2140226080FD902696AB11168094B102C1960516812
S2140226185960916888BFD268996094BFD960DA60B9
S21402262810BD102200210248FBF724FBF8E700BF82
S214022638F8540020084BC1171A68A2FB000302FBD5
S214022648013310F1807043F10003400E40EAC310D4
S214022658803820EAE0707047085500200722194B98
S21402266870B5DA63184B194A1D68194BEC08E00571
S214022678C0184FEA153141F100010023FAF78EFF20
S214022688144B154E18601548FFF7D4FF4042C6F89B
S214022698DC0049F65800FFF7CDFFC6F8A800104838
S2140226A8FFF732F8024660B1E301500818184FEAFD
S2140226B815714FF0000341F10001FAF76FFFC6F8F3
S2140226C8B40070BD000002B8A454002065CD1D00F9
S2140226D8B2E60E0008550020003F00B07011010057
S2140226E840420F0010B5044698B10B4BD3F8FC00D5
S2140226F8FFF782FF4FF47A7303FB04F0074BA0F54B
S2140227087A60DA689B681044C01ABDE81040FFF782
S21402271891BF49F64040F8E7004F00B0F854002051
S2140227282DE9F8430546084614461E46FFF764FF99
S21402273805B306F0020716F004061DD1D7B14FF40A
S2140227487A706B685843002B40F08C80FFF772FF54
S21402275820636B69002B00F08C804A4AD0684FF4DD
S2140227687A7202FB0300A0F5FA50FFF763FFE062F5
S214022778002E58D1BDE8F8832869002869D04FF49E
S2140227887A7358433F4BA0F57A609B68C01AFFF7E6
S21402279851FFA062A88B00285ED04FF47A73584384
S2140227A8384BA0F57A609B68C01AFFF743FFE061D2
S2140227B8354BE968D3F80080002950D04FF47A7375
S2140227C85943304BA1F57A619A685B68891AC91A27
S2140227D82E4BC8171A68DFF8BC90A2FB011302FB3F
S2140227E8003311F1807143F10003490E41EAC31127
S2140227F88039274B2162D3F8C4306362D9F8003097
S21402280853B1404615F079FC30B12246D9F800306B
S2140228181C49D8F8D80098470021A869FFF762FF34
S2140228286063002F8BD1A86830BB47F23050FFF7A1
S21402283801FF60614FF47A702B6858432BB1114B35
S2140228481B6803F51C5310331844FFF7F3FEA06108
S21402285890E749F640409AE749F64040A5E749F628
S2140228684041B5E7074B1B6803F51C531033184461
S2140228786CE747F2305078E74FF47A735843A0F57E
S214022888FA50D4E7F85400201855002008550020BE
S214022898003F00B0F454002038B5054608461C46EA
S2140228A815F00DFD0246D5F8E400FFF797FE4368DB
S2140228B8A018002B044AA8BF4FF4FA721A44034B16
S2140228C892FBF3F2104438BD0CFEFFFF18FCFFFF24
S2140228D870B588B06D46124C0FCC0FC594E80F0041
S2140228E885E80F00D82200210E48FBF7C3F9AC2270
S2140228F800210D48FBF7BEF9202200210B48FBF702
S214022908B9F915F004FF0A4B1B783BB16D46044E25
S2140229180FCD0FC695E80F0084E80F0008B070BD0B
S214022928E03F00B07C3E00B0543F00B0E04F00B03D
S2140229383B62002008B519F08EFF0E4B1A78A2B932
S2140229480D4A126812F4843F0FD10C4A1021D16442
S2140229581B7863B9084B1B68DB0508D4074B202293
S214022968DA64BDE8084019F071BF054AEEE7044B81
S214022978F5E700BF4E62002000140020002002B8CF
S214022988001002B80A4B197801F0FF0229B100219B
S214022998197008499202C1F80421597801F0FF0219
S2140229A829B1002159709302024AC2F808317047C9
S2140229B849620020005000B8064BD3F8F00E064BCA
S2140229C85B6C1A0103D4054B9B6E1B0401D500F5FC
S2140229D880707047003000B0000002B8004000B8AF
S2140229E810B519F038FF0E2104460320FFF7E0F869
S2140229F840F20122034B2046BDE81040DA6219F085
S214022A0825BF00BF004000B838B519F024FF4FF0C4
S214022A180043244C0546C4F88030BFF34F8FBFF3FB
S214022A286F8F0123C4F88430BFF34F8FBFF36F8FC5
S214022A380223C4F88430BFF34F8FBFF36F8F04238B
S214022A48C4F88430BFF34F8FBFF36F8F0823C4F8E0
S214022A588430BFF34F8FBFF36F8FFFF7DBFA102375
S214022A68C4F88430BFF34F8FBFF36F8F2023C4F8A8
S214022A788430BFF34F8FBFF36F8F4023C4F8843080
S214022A88BFF34F8FBFF36F8F4FF48063C4F8843061
S214022A98BFF34F8FBFF36F8F2846BDE8384019F053
S214022AA8D5BE00BF00E100E038B519F0D4FE0546F1
S214022AB84FF000430A4C23600123636004236360DB
S214022AC808236360FFF79EFA10236360202363607F
S214022AD8402363602846BDE8384019F0B7BE00BFF9
S214022AE800E100E0012370B5074C2370074B1E680F
S214022AF8074B3240D3E9005319402840FCF7ECFE56
S214022B080023237070BD00BF4C62002010550020C1
S214022B18001400200022044B1A70044B197811B1D5
S214022B281A70FFF707BF70474D6200204E620020FA
S214022B382DE9F047DDF820A003EA0108099B0646BE
S214022B480D4602EA000703EA0A09BAF1000F40F046
S214022B585281031F0B4300F01281052871F100030E
S214022B6880F0E88050EA010300F07881431E0B43A8
S214022B7800F02881FFF748FFB94AD2E9004323EA62
S214022B88050324EA06043C4343EA0807B54BC2E9B0
S214022B9800471E6826EA0A0646EA09061E60FFF786
S214022BA8C9FE14F02A4F14BF48F202034FF400433A
S214022BB8AD4AB007D26EAD4848BF43F4005383EA25
S214022BC8020122EA0302C266A94A0B408166D3665C
S214022BD8C4F380421203210348BF42F48072E3061C
S214022BE848BF42F40052A34BA50648BF42F40072FF
S214022BF86006D3F80C3248BF42F48062210648BF0A
S214022C0842F400629C4882EA030123EA0203C0F8FF
S214022C180C329A4B0A4017F4007FC0F80812C3F821
S214022C280C22974B07F4007200F0048101224FF43D
S214022C38802583F88820E30448BF45F48035A0033E
S214022C4848BF45F48015A10748BF45F4001514F49B
S214022C58001FDFF8688206D0D8F8000015F055FD88
S214022C6808B945F40025E20248BF45F40035FB06DC
S214022C78844B48BF45F480051A6A834985EA0203ED
S214022C8823F001031A400A621D40CB617F4B16F0FF
S214022C98010F1D627E4B7F4A18BF1A467E4B7D0780
S214022CA81B6F48BF42F000627C4882EA030123EAAF
S214022CB8020303677A4B0A4041661A67794A04F0A8
S214022CC80103926CA0F5803083EA020122EA03022D
S214022CD88264754A0B4041649364D8F80020200247
S214022CE848BF724B92F8F62058BF714B610748BF2F
S214022CF843F4806322B114F4C06F18BF43F48073A0
S214022D0832074FF03A42BDE8F047D2F8181148BFEA
S214022D1843F0004383EA010222F4A02265481140E8
S214022D28C0F818111340C0F81421634AC2F81831C3
S214022D38FFF7BABEA0F580630B4306D020F4806383
S214022D48A3F500730B437FF415AF19F084FD4449CD
S214022D58D1E9003223EA060322EA050242EA080219
S214022D683B43C1E90032554A126892F8F610514AB6
S214022D7809B313F4C06F1ED04FF4807311E019F034
S214022D886AFD374AD2E9003123F004033B4341EA9D
S214022D98080157EA0807C2E900314FF48063454A3A
S214022DA80BD0C2F81431A2F58052C2F81831BDE829
S214022DB8F04719F04BBD4FF48073C2F81831C2F8C9
S214022DC81431F4E719F047FD254AD2E9003123F019
S214022DD801033B4341EA0801C2E900310123384AAC
S214022DE857EA08071BBF5364A2F58052936493649C
S214022DF808BF5364DBE750EA01037FF4BBAEBAF1BF
S214022E08010F7FF4B7AE19F026FD164A136823F0B1
S214022E18010343EA090313604FF480631F4AB9F1BA
S214022E28000F04D05366A2F580521367BFE71367F4
S214022E385366BCE793F8881071B183F88820214B53
S214022E48D3F8A41003F50053C3F8A410C3F8A010CF
S214022E584FF05023C3F8A4200025ECE6BDE8F0871F
S214022E680014002010550020004000B8006000B88A
S214022E78005000B8004001B8006001B8005001B820
S214022E88003F00B0000002B8002002B8001002B8E6
S214022E98041C00030418000300C001B800E001B8CF
S214022EA800D001B800C000B800D000B80D0A0A0960
S214022EB8090A0A09002000BA001000BA18550020AC
S214022EC800E000B800400050024B5868C0F3C0004B
S214022ED8704700BF00140020024B186800F001007B
S214022EE8704700BF00140020024B5868C0F3C03079
S214022EF8704700BF0014002010B50446FEF75AFDBE
S214022F08FFF782FD2046FDF789FAFEF7DDFCFEF79D
S214022F18D3F8FEF745F9FFF7A1FB13490723134A2F
S214022F28D1F8FC1004F1F800FFF7FAFB4FF08071B5
S214022F380020FEF709FC4FF000720D4B4FF400110B
S214022F480120C3F80021FEF7FFFBFEF791FF20B928
S214022F5840F29232142101F085F915F031FABDE8F3
S214022F6810400120FDF782BF004F00B0A43F00B01A
S214022F7800D001B88023074A1364082340B11364BB
S214022F88054AD2F8C83E23F02003C2F8C83E704766
S214022F98024AF4E7001002B8003000B0002002B877
S214022FA810B519F058FC012104460020FFF7E2FF8D
S214022FB8044B1961044B5B6898472046BDE81040ED
S214022FC819F044BC000002B8FC680020F8B5194C99
S214022FD80546207840F2E442B0FA80F03E214009E5
S214022FE801F040F955B9607840F2E442BDE8F8408D
S214022FF8B0FA80F03E21400901F034B94FF4406639
S2140230080D4F0E4DD7F8043140F2E442C3F3812344
S2140230182370C5F8046160783E21B0FA80F0400952
S21402302801F020F9D7F80831C3F381236370C5F895
S2140230380861F8BD49620020004000B8006000B888
S214023048F8B5084C084D236C0423084F2B64236CF0
S2140230585B0300D4F8BD042602203E6415F013F97B
S2140230682E64F4E7000002B8001002B8002002B886
S214023078A82238B51A4B1D6C03F500531A641022A1
S2140230889A60A3F5804302F100521A675A66FFF760
S21402309879FC144B1B7813B90320FEF7B3F8002407
S2140230A8114B9C67FFF7CCFF104A114BD2F8F01E63
S2140230B80B40C2F8F03E04220E4B1A640E4BAA06C8
S2140230C8C3F8D04008D503F580739B6FB3F5817FAC
S2140230D822BF8022024B1A61BDE83840FCF7B8BD11
S2140230E8000002B84B62002000C001B8003000B0F1
S2140230F8DF0000FF002002B8003E00B010B551B94C
S21402310820B3154BDB681B0E13F00E0F1ED1134BA4
S2140231181B6CD9071AD4FFF763FC0F4C0020FEF786
S214023128EBFD032801D0092805D1A36ADA07F5D4EE
S214023138636CDB03F2D4FFF783FF0122084B5A6164
S21402314802229A62042203F580531A644FF4C0627C
S214023158044BDA6210BD00BF000002B800C002B815
S214023168001002B8006001B808B503210920FEF76E
S2140231781FFD2022014B1A6108BD00BF000002B8DD
S2140231880D4A10B5D2F8A030D2F8A4100B40B3F10D
S214023198804F0CD34FF040400849094CC1F8A400B0
S2140231A8D467C1F8A0004FF48021064AD161034AC9
S2140231B8C2F8A03010BD00BF0040005000600050AA
S2140231C80000FF01001002B838B5054619F043FBA7
S2140231D80E4B04461868FDF74BFA35B1FFF79AFC12
S2140231E82046BDE8384019F031BB094B1B78002B46
S2140231F8F6D0084B1D78002DF2D1FFF78BFC2A4635
S2140232084FF480400021FFF76DFCE9E718550020CF
S2140232184D6200204C6200202DE9F84F5A4B0646B4
S2140232280D4614461B6C002A40F0AB8013F0A00F24
S21402323814BF4FF001094FF00009FCF709FDA0235F
S2140232484FF0000ADFF85C810320C8F84030FDF72B
S214023258D9FF0420FDF7D6FF4C4FFFF75BFC4C4B1B
S2140232684FF0040B7B67C7F878A0FFF7E9FE494BD7
S2140232784FF48071D3F8C82E42F02002C3F8C82E45
S214023288FF22C8F80820404A1161D3F8F02E4249B6
S2140232981140C3F8F01EC8F840B0C3F8D0AE7B6938
S2140232A813F0060F04D0FEF75BFA5846FDF7AAFF9E
S2140232B8B9F1000F08D04FF40062384B1A644FF485
S2140232C80042A3F5E0339A6666B1354BDB6C180705
S2140232D801D4FFF785FBFFF747FF0420FDF792FFAF
S2140232E8FFF750FB284B5A69D10748D5DA6812F01F
S2140232F8706FFBD12B4B2C4A1A642C4A936E23F020
S214023308F003936615B12046FFF75EFF284BD3F805
S2140233184C315A1C01D05B0002D50122214B5A615E
S2140233286CB31F4BDA6E03F500539A6603F5D03377
S2140233381B6A1C4A23F00103D3611E4BD3F80C12F6
S21402334803F50053C3F8081203F50053D3F88410A4
S21402335803F5005399674FF03A43D3F8181103F56B
S2140233680053C3F81411144B996C03F500535964AF
S214023378124903F5803359664FF608431364BDE8CD
S214023388F88F4FF0000958E7000002B800C001B8ED
S21402339800000101003000B0DF0000FF001002B894
S2140233A8004000B8002002B810003000003F00B00D
S2140233B80080E00F004001B800C000B85000002F9F
S2140233C89D4B2DE9F04F9F6EDB6E85B01F409B4BE1
S2140233D89F664FF03A43D3F81451D3F818311D407C
S2140233E8974BC3F81451974BD3F80822D3F80C32EC
S2140233F802EA0309944BC3F8089203F52043DA69F4
S2140234081B6A02EA0308914B08F47702DA61904BCA
S214023418D3F80422D20605D4D3F80431C3F300162F
S214023428DB0653D519F017FA8A4B5A695E6E1B6F7C
S21402343812F0060F06EA0306874A26F0007314BF40
S2140234484FF0010A4FF0000A23F40063740753662C
S21402345806D5824A92F891300133DBB282F891306F
S21402346819F0F4F9002F00F0E48017F4004300F096
S214023478D58019F0F0F90146FFF79EFA0446784B14
S214023488D3F800B0DBF80020DBF800309A42FBD015
S214023498DBF800209A42FBD0FFF78EFAA04217D13B
S2140234A8084619F0D3F96F4B1C606F4BD3F840B03F
S2140234B81BF4E0520ED124F07F4424F0DF040CB94A
S2140234C8FFF7D6FD4FF0807B002414E0B246C9E72A
S2140234D80446D7E70192FFF7CBFD5C4B019A1BF433
S2140234E880541A6440F09C801BF4806F0CBF4FF027
S2140234F8805B4FF0806BB80715D55B4A5348126C51
S21402350802F460410164002900F08D80110400F184
S2140235188D8012F4005F0CBF4FF000524FF000622D
S21402352800244BEA020BC7F340377F004F4A2A4073
S214023538002A4BD015F4206F0AD040F6A3120621B3
S214023548002000F08FFE0020FFF73EFE25F48025BF
S214023558EB0506D5FF213D4A4BF4C06B9160FFF799
S2140235683FFA15F0090F0BD040F6B81208210020D2
S21402357800F078FEFFF7F8FD4FF03A42012151635A
S21402358815F0106F0CD040F6C1120921002000F089
S21402359869FEFFF7E9FD002211461046FDF73CF8E2
S2140235A815F4202F0AD040F6C9120721002000F091
S2140235B859FE0020FFF708FE25F48025E80301D50A
S2140235C8FDF774F9002DB8BF47F0080769070ED54E
S2140235D84FF03A42126B12F4005F4FF4005217BFD4
S2140235E8174923490A634BF4000B08BF0A636A05A6
S2140235F848BF4BF0040B15F48023019300F0A48017
S214023608FDF70CF90138062834D8DFE810F01A015D
S2140236181D011A0120012301260126019B4653E7B4
S2140236284FF0804B50E74FF0007279E74FF00042B8
S21402363876E7BB463C4679E7004000B8006000B82B
S214023648002000BA004001B8006001B8002002B8A5
S21402365800E100E000C001B800E001B8003E00B09A
S214023668F49504000C550020000002B8090B0B89DB
S214023678001000BA40F6FA120321002000F0F2FD0C
S2140236884FF03A400121D0F88C20D0F8AC3002F046
S2140236980702063201FA02F2C3F30C0CA2EB0C0282
S2140236A892B2072A12D9774A126C53020ED4764B74
S2140236B8C26CC06E5B6D5BB102F0070206329140C7
S2140236C8C0F30C00091A89B2072901D84BF4007B0B
S2140236D86E4A1278002A37D04FF03A42D2F81421AE
S2140236E812F4A02F30D16A4A6A4912789AB9F204BB
S2140236F811D40A787AB14FEADB02674842EA447282
S21402370882F00102D0F8F00E02F00102520020FA0E
S21402371802F2930718D10420FDF774FD5F4A604849
S2140237285067FFF7F7F95B490A784AB95D4A127893
S21402373832B15D4A5D4912680BEA02020A4201D1B9
S2140237484BF4804B26F48056B9F1000F1DD019F4BD
S214023758805F18BF4BF4802B19F4807F18BF4BF498
S214023768002B19F4005F18BF4BF0100B19F4007FFA
S21402377818BF4BF0200B19F4806F18BF4BF0400BA4
S21402378819F4006F18BF4BF0800BB8F1000F3AD04F
S21402379818F4802F18BF44F4007418F4803F18BF3A
S2140237A84BF4805B18F4801F18BF4BF4003B18F4E8
S2140237B8001F18BF4BF0020B18F4003F18BF4BF45B
S2140237C8801B18F4800F18BF44F0100418F4002F5A
S2140237D819D0314AD2F8C82E12F0C00F13D0294990
S2140237E8CA68C2F30362032A01D0072A05D14A6CC3
S2140237F8D00602D48A6C110732D54FF400212C4A1F
S21402380828F40028D161002E00F01881320540F114
S2140238188A802848DFF88490C2782749002A51D03F
S2140238284FF40063013AD2B24B66C27032B9234AE9
S2140238381278C2B140F60141214A5167002200219E
S2140238486EE04BF4803B1BE74BF4006B18E74BF437
S214023858806B15E74BF4807B12E74BF0080B0FE7FB
S2140238684BF4001BCFE7D9F8782012F4A05F15BFF7
S2140238784FF4807240F60142C9F85820C9F87820F9
S214023888DCE700BF000002B8004000B84E62002025
S2140238984D62002050620020003000B000C001B81F
S2140238A8000001014F62002000140020088D01006C
S2140238B8002002B83F62002000E001B84B620020F8
S2140238C800D001B80320FDF79DFCD9F81420A34BBD
S2140238D812F0060F04BF41F61F72A149A14808BF9D
S2140238E84A674FF400619E4A5166D9F8142012F0CE
S2140238F8060208BFC9F87820B3F88E2012F40061D1
S2140239085DD022F40062A3F88E20027802F0FF0946
S214023918002A58D1FDF724FFFFF7AAFB4A462021C2
S2140239284BEA020B0C43B30009D52E20FDF7B8FB71
S2140239384FF000518A4A44F0080411675166F006AF
S21402394806D52B20FDF7ACFB1021854A1167516678
S21402395816F0306F05D1F1045DD5BAF1000F00F00C
S214023968A780320111D52920FDF79AFBFFF7ACFA9A
S21402397848B17D4A7D487A494A66026700F5405052
S214023988C068430422D444F0040416F0007A28D00F
S2140239980420FDF737FC2720FDF782FBFFF768FBBC
S2140239A84FF000716E4A5166714AD2F8F01E490607
S2140239B878D4704A0221916044F0020428E0027822
S2140239C84FF40052ACE74FF4004238E70A6720206B
S2140239D84A66FDF765FB2D2044F00C04FDF760FBF4
S2140239E8D3E716F0807FDFF8909146D00420FDF7E3
S2140239F809FC2820FDF754FBD9F87820002A39D18B
S214023A08FFF736FB564A584944F0010411675166D7
S214023A180021594A9165320405D5584A12689047DA
S214023A284BEA000B0C43730508D555498A78002AD9
S214023A3800F08E80013A8A70002217433A465846AA
S214023A482146FFF74FF8019B0BB1FCF71DFF012239
S214023A584C4B05F00435C3F814514B4B18F4002FA1
S214023A68C3F884211EBF4FF40022424BDA6105B028
S214023A78BDE8F08FC9F878A0C4E7F004C8D50420DA
S214023A88FDF7C0FB414AC9F87420FDF769FED9F86C
S214023A98642012F0407FBBD12A20FDF701FBFFF716
S214023AA8E7FA81E7D2F8C82E930685D4384A81E722
S214023AB833490A7952B1013AD2B20A7112B92B4A7B
S214023AC83449516700224BEA020BA4E70420FDF7AB
S214023AD899FB0320FDF796FB274A2C49516718F0F5
S214023AE8BAFE81460DF10F00FEF706F92A4A82460B
S214023AF812780AB1FEF774FFBAF1030F0ED1DFF897
S214023B08A0A00020FEF7F8F8032807D1DAF8282044
S214023B18D007F6D4DAF84420D103F2D49DF80F2061
S214023B28032A06D101211D4A4846117018F08EFE56
S214023B38C8E74FF03A42D2F8142112F4A02FF1D176
S214023B48FEF7E8FF484618F081FE4FF48042BAE7CF
S214023B580220FDF757FB01226FE700BF003E00B0C8
S214023B6800E001B84B6200201000002000D001B827
S214023B78003000B0002002B800C001B8106900206A
S214023B883F620020002000BA00E100E000000101C8
S214023B98001002B80000010D516200204D6200209C
S214023BA8000002B80122024B1A62DA61704700BFAF
S214023BB8002002B8094A08B5D369116A0B400849B9
S214023BC823F47F00DB07C86106D5D1684FF0FF30C3
S214023BD8C1F3036114F0FEFB08BD00BF000002B883
S214023BE8002002B80C4A08B5536C926C13400B4A74
S214023BF85364DB070FD50A4B40F663421878122146
S214023C0800F0010000F02EFBBDE80840002201206B
S214023C180021FEF767BF08BD00C000B800E000B884
S214023C280014002070B5174D2C6C6B6C1C40164B9C
S214023C3824F00202E1071A6405D540F6CA420020BB
S214023C48296800F00FFBA2071AD502220E4B1A6447
S214023C586B68DBB2A3B9FDF71DFD04460D460B4E95
S214023C68D6F8F433DB060BD5FDF714FD02460B46F1
S214023C7820462946FDF7B4FA652871F10001EFD30C
S214023C8870BD00BF008002B800A002B8000002B8EB
S214023C9838B50B4C0B4DD4F88430DB0706D4A36F2B
S214023CA8D4F884201340084A936738BDD5F80431FF
S214023CB81A06F0D5FFF7B6FF8023C5F88431EAE77F
S214023CC8008001B800E100E000A001B870B5144613
S214023CD80D4618F0C0FD064BD3F8C86E74402C404B
S214023CE87440C3F8C84E18F0B1FD06EA050070BD68
S214023CF8003000B0034BD3F8C83E99430CBF0120EE
S214023D0800207047003000B02DE9F04117460A43FC
S214023D18012A1D469DF818409DF81C60DDF8208093
S214023D2829D8B44227D2082E25D8032B23D8B8F18F
S214023D38000F20D00A460021FBF7DAFEFF21EB002F
S214023D489940C943DFF834C008F1FF38FF00E2B2F1
S214023D58964202D80020BDE8F0813D190CEB850595
S214023D68D5F8F82018F8010F0A4098401043C5F80D
S214023D78F8000134EBE72120EDE700BF003E00B073
S214023D881E4BD3F8C83E13F001001ED01C4B93F806
S214023D984C001C4A40F08073C2F8CC304FF48013B3
S214023DA81949C1F8B430A1F58051C1F8B830D2F833
S214023DB80C31DBB2FF2B1FD0984294BF00200120A3
S214023DC840F61F623C2100F04DBA1A06E1D40F4AAB
S214023DD892F84B1121B1DB0602D592F84801D8E7D2
S214023DE84FF480120020084B0649C3F8B820C1F8E1
S214023DF8CC00C3F8B42070470120E1E7003000B0D9
S214023E08003F00B0004000B8006000B8003E00B0B6
S214023E18034B1868034B002808BF1846704700BFB4
S214023E2814550020D0CE04002DE9F843DFF8609040
S214023E380646D9F8008008461746B8F1000F03D0A0
S214023E480E242046BDE8F88306B3336801331DD135
S214023E58E1B100F073F805460028F1D0C9F8000071
S214023E6800F092F8284614F00EFB044640B140468D
S214023E78C9F8008000F088F8284614F0FFFAE0E750
S214023E883560002FDDD02846B847DAE72124D8E780
S214023E9818550020024B1868003818BF01207047D2
S214023EA818550020002108B5024B08465B6898475B
S214023EB8002008BDFC680020431E033306D8044BC6
S214023EC8984228BF1846642838BF6420704700BF47
S214023ED840420F0038B505460C4641B10B6833B16F
S214023EE81B68013303D0CB680BB18B684BB914F04F
S214023EF8ADF900204FF4C172412100F0B3F9212038
S214023F0838BD0846FCF7A4FD00230A4A85F8303176
S214023F18C5E93743C2E9003363694BB1064A422111
S214023F2810684FF4D272C31A5842584100F09AF9F0
S214023F380020E5E720650020A4540020F8B50446D2
S214023F4818F089FC002607460E4B1B6893B19E683C
S214023F58AEB196F82420D20711D435460FCC0FC539
S214023F680FCC0FC523682B6096F8243043F0010364
S214023F7886F82430384618F069FC3046F8BD1B68C7
S214023F88E4E700BF3869002010B5044618B9054BA7
S214023F98054A136010BDFAF727FED4F8E830002B5E
S214023FA8F6D1F4E76D84030034690020014B1868E3
S214023FB8704700BF2065002008B502460868FFF76C
S214023FC87BFF08604868FFF777FF48608868FFF756
S214023FD873FF8860C868FFF76FFF0B69C860581CD4
S214023FE803D00B48834228BF03460B614B69581C13
S214023FF803D00748834228BF034688694B61FFF708
S2140240085BFFBDE8084088611046FBF797BD00BF16
S21402401840420F00D0F8E0302DE9F04105460C4644
S21402402813B1838D8B424CD0D5F8DC30002B4BD0A5
S2140240389E68002E48D0D868002845D0013800B2BD
S21402404800281ADB002106E0128A591CA24217D25F
S21402405809B2884211DB0B1803EBD3735B1003EB30
S214024068C30206EB8202B2F80EC003F1FF3EA44575
S214024078EAD90FFA8EF08842EDDA2120BDE8F081FF
S2140240884FF6FF7299B29142F7D09BB203EBC30385
S21402409806EB83062846B6F9122095F82411D5F8B9
S2140240A8F080E9F7E1F90746B8F1000F04D00023DB
S2140240B8324628461946C047AC85C5F8E06085F8FA
S2140240C82D710020BDE8F0810E20BDE8F08100BF0A
S2140240D82DE9F04782B004460F461646FBF796FFD0
S2140240E800285ED1454D2B68D4F8DCA0D4F8E080D1
S2140240F80BB1534562D04FF00009AF60FBF7D0FF13
S2140241080128074651D12B68DAF80010D8F80020A3
S21402411813B1186888425CD0204613F0A3FFC5E99D
S21402412800A8D4F8F0508DF80760002D58D0002269
S214024138204611460DF10703A8472046FBF728F943
S2140241480546B9F1000F0FD076B9D4F888300BBB04
S214024158012F05D025B12A4B002103205B6898471A
S214024168284602B0BDE8F087B5FA85F040F2075255
S2140241783321400900F076F831462046FBF70EFB5D
S214024188204B05461B68414620469847D4F8883097
S214024198002BDDD000224FF400732046FAF734FDD8
S2140241A8D6E70023154D6B609DE700210120FAF73C
S2140241B863FDFBF775FF0128FBD1A4E76B68002BAC
S2140241C899D0434597D1AB689F4215D04FF0010965
S2140241D893E7696811B109689142A0D059689BE7CC
S2140241E894F8281094F82D313246994228BF194679
S2140241F82046FBF71FF8A0E70025B1E72065002058
S214024208FC68002034690020F8B50E46054618F00A
S21402421822FB314607462846FFF7FCFE044620B135
S214024228384618F013FB2046F8BDFBF7D1FE2246A7
S21402423831462846FFF74CFF0446384618F006FB78
S2140242482046F8BD38B5044D044C054B286021605D
S2140242581A6017F0FBFF38BD1C5500203C69002089
S2140242682055002010B550B90548064B016006488F
S21402427802601868054B18601868FFF7E3FF10BD60
S2140242883C69002018550020205500201C550020A7
S21402429810B518F0E0FA084B04461B683BB198477D
S2140242A828B1002200204FF48061FEF71BFC20464E
S2140242B8BDE8104018F0CABA245500200023F0B50D
S2140242C885B0CDE901330393124B134D1B78134E79
S2140242D88DF8043018F0CCFA2A78337804469A42D5
S2140242E80F4F0CD03178386801AA297014F0A7F855
S2140242F850B140F608210B4818F041FB04E0386834
S21402430814F07DF80128EDD0204618F0ACFA05B076
S214024318F0BD00BFFA6B0020286C0020296C002034
S21402432840550020C46B0400F8B52B4B1B7823B10C
S21402433840F6FC31294818F022FB18F099FA284B67
S21402434807461C8814F0060409D001214FF4807031
S21402435817F0E8FA3846BDE8F84018F084BA21465D
S2140243684FF4807017F0DEFA204600F09DFF022810
S21402437808D180221B4B8021186813F0FCFBFFF73C
S2140243889DFFE7E7204600F08FFF054638B1012873
S21402439807D040F63141114818F0F1FADAE702463A
S2140243A8E8E7FF220F4E104B30681A70FFF77AFDC7
S2140243B8306814F024F80128CCD02A4629463068FA
S2140243C814F01FF821462C2017F0D8FA21460A20A6
S2140243D817F0D4FABEE700BF57620020C46B040089
S2140243E8265B002040550020286C0020002101484A
S2140243F818F0DEB8906900207F2837B5044610D139
S2140244084FF6FF73022217480DF10601ADF8063083
S214024418EAF74CFFBDF80640E2054CBF6FF04A04C7
S21402442864B218F025FA104B05461C700F4B1B8811
S214024438DB0710D50E4B1B78002B0E4B0CBF214604
S2140244486FF07F01186813F0C4FB20B140F678615C
S214024458094818F094FA284603B0BDE8304018F028
S21402446802BA00BF641002C0206C0020265B00203F
S2140244785862002040550020C46B040010B50FF0A7
S21402448881F960B10FF080F90B4A80B141F20D0351
S214024498BDE8104041F20D01074817F095BB074BDF
S2140244A81A781B799A4204D100220023F0E70D23DA
S2140244B8EEE7034AF9E700BF400D0300FA6B002057
S2140244C8488D0100F8B5164E0D46337802F0010401
S2140244D823B140F2C531134818F051FA124B134F64
S2140244E81D60134DA4B1134B997801B10121202008
S2140244F817F018FA2B783B700F4B1C780F4B0021DD
S2140245081C70042333700E48BDE8F84018F050B803
S2140245182146202017F006FA2B783B70EEE700BFFC
S21402452857620020C46B04003055002054620020F5
S2140245382A6C00203455002055620020566200205E
S214024548906900202DE9F84318F092F9DFF8A08167
S2140245580546B8F80030614C13F4807F03D0237800
S21402456873BBFFF7E1FE0021084617F007FA5C4B1B
S2140245781A78FF2A13D01A7802F0FF0632BBFF22F7
S2140245881A702378052B0AD100232846237018F0C0
S2140245986AF9304614F0BCF818F06AF9054623782A
S2140245A8504E062B09D13378FF2B06D03378022BD0
S2140245B815D100214C4817F0FBFFFF2333702BE080
S2140245C800214FF4807017F0ADF9CCE71A78012A6B
S2140245D84FF0FF0214BF33264C261A70D4E73378FE
S2140245E813B13378012B22D117F03CFA07463E481E
S2140245F896F8009001F0CEFBFF235FFA89F9337034
S21402460877B1B9F1010F44D16421374884F8009094
S21402461817F0CEFFFFF752FE284618F024F906E0F8
S2140246282846277018F01FF9384614F071F8B8F8BB
S21402463800301B0605D50021802017F073F912F00A
S2140246485DFA01F0E3FA294E308000B32778012F8D
S21402465842D117F0C1FE054610B3013018F06DFAC4
S21402466800F44060B0F5006F1AD104223946284695
S21402467817F0F2FD284418F060FA4FF6FF739842D6
S2140246880ED10020318800F0F1FC00233380BDE80B
S214024698F88300232846237018F0E5F83F20C4E77D
S2140246A8114801F077FB002108462170012500F029
S2140246B88FFC23780BB9FFF737FE0020318800F00D
S2140246C8D5FC00233380002DE1D020780028DED1E7
S2140246D8BDE8F84314F054B90025EAE7576200200B
S2140246E8276C0020266C002090690020245B00209E
S2140246F8265B002008B513460A461946064B186874
S21402470813F0F4FA30B1BDE8084040F2F441034829
S21402471818F035B908BD00BF40550020C46B040028
S21402472808B513460A461946064B186813F0D8FA0F
S21402473830B1BDE8084040F2FB41034818F01FB903
S21402474808BD00BF40550020C46B0400024B187811
S214024758431E5842584170475762002008B5064B18
S2140247681B7823B140F22551044818F008F9FFF7E0
S214024778DBFD002008BD00BF57620020C46B0400A2
S21402478808B5054B01EB81011868490013F023FAB6
S214024798002818BF212008BD4055002008B5044B44
S2140247A81868F9F7B1FE0A2390FBF3F040B208BD89
S2140247B840550020014B1878704700BF296C00202E
S2140247C808B5044B186813F0BAFEB0FA80F0400930
S2140247D808BD00BF4055002038B5124D0C462B7850
S2140247E8012B04D940F246510F4818F0C8F8214662
S2140247F80020FFF7E5FF90B10C4B1C702B785BB9D5
S214024808FFF792FD0A4B93F900100A4BC901186884
S21402481813F0FEFE002038BDFFF750FDF2E7212018
S214024828F9E700BF57620020C46B0400296C002019
S214024838596200204055002008B5074B186813F047
S2140248487CFE30B1054BB3FBF0F083B20BB11846D1
S21402485808BD0120FCE700BF4055002040420F007B
S2140248682DE9F3475C4E012018F086F8338899073D
S21402487804D440F63F41594818F081F8DFF88081A1
S21402488898F80030053B012B04D940F641415348BD
S21402489818F075F8524F3B6823B940F644414F4822
S2140248A818F06DF8348814F0200478D001212220FC
S2140248B817F064F84FF47A74FFF7BEFF3B681B786C
S2140248C80933434304EBC30498F80030A5B2062B19
S2140248D80BD117F08FFC0446FFF7AEFF6023584350
S2140248E80C2303FB0400284485B2D7F800903D4BFE
S2140248F899F800801C7808F1FF381FFA88F8002C0F
S21402490852D133885A0505D409F1010018F015F971
S214024918C0F340143449354A887812784B7812FB2B
S21402492800F2334F93423B70A4BF9B1A3B703B780E
S214024938CA78BD60934238BF13463B700EF02AFF12
S214024948002833D00EF024FF012814BF10250825AE
S21402495825430023DFF8ACA000938022434649464D
S214024968DAF8000013F069F920B14FF43B611B48EE
S21402497818F005F81F4BDAF8000019781E4B197064
S21402498833889B0614D52A461C4B009713F055FD10
S214024998C0B9002002B0BDE8F04717F0EDBF2146C7
S2140249A8222016F0EBFF87E70024B3E72546D0E778
S2140249B82A460F4B13F03FFD014618B9252016F07C
S2140249C8DDFFE6E72146262016F0D8FF40F6F4314A
S2140249D8024817F0D4FFDCE7265B0020C46B04000D
S2140249E8305500205A620020FA6B002054620020DC
S2140249F840690020296C0020286C002034550020CD
S214024A085762002040550020184B10B51B889B079C
S214024A1804D440F6A661164817F0B1FF154B1B786A
S214024A28053B012B04D940F6A761114817F0A7FFEA
S214024A38114B1B6823B940F6A9610D4817F09FFF72
S214024A4800240E4B0E4921201C7016F097FF0146D3
S214024A5818B9BDE81040FFF703BF022804D1204664
S214024A68BDE8104017F020B810BD00BF265B002036
S214024A78C46B0400576200203055002052620020A2
S214024A88294C0200F8B55A4C23889A0704D54FF4E5
S214024A983E71584817F073FF574801F07BF917F034
S214024AA8E7FE238805465B070DD54FF0FF3013F067
S214024AB80BF9524B1B68C01AB0F5717F03D9002157
S214024AC8042016F02FFF28464D4D17F0CCFE2B7803
S214024AD8042B32D117F0CCFE238806465F0708D58A
S214024AE84548002117F064FD3046BDE8F84017F047
S214024AF8BABE17F0B8FE17F0BBFE424B06461B7846
S214024B08414F13B9238859050FD5052301210220E1
S214024B182B7016F007FFFFF777FF304617F0A3FE55
S214024B283B68DA78394B1A70F8BD3868013018F0E5
S214024B3804F88206E9D50623E8E7062B4DD1344B5E
S214024B481B78FF2BF0D1334E0EF026FE3378002B5F
S214024B583DD017F08DFE238805465B0705D5264807
S214024B68002117F025FD2846BFE717F07CFE3378AC
S214024B78013B337017F07CFE04460121022016F032
S214024B88D1FEFFF741FF20461F4C17F06CFE206847
S214024B98013017F0D2FF00F44060B0F5006F13D171
S214024BA8246801210422204617F056FB204417F0F9
S214024BB8C4FF0146184B04201A783378D21AD2B2A8
S214024BC8BDE8F84017F082BF4FF6FF71F2E74020C3
S214024BD82B70BDE8F84013F09BBD012BA4D100232F
S214024BE82B700E4B1868FFF75DF93F20F1E700BF00
S214024BF8265B0020C46B0400906900202C55002018
S214024C08576200205A620020305500205362002066
S214024C18266C0020546200202A6C00204055002092
S214024C2808B50A4B1A7882B9012210281A7004D0DD
S214024C3840F69D61064817F0A2FE0021202016F0D5
S214024C4871FEBDE80840FFF70BBE08BD52620020A1
S214024C58C46B040008B5094B1B88DB0604D440F273
S214024C68C351074817F08BFE1020002116F05AFE93
S214024C78044B1868BDE8084013F0D6BB265B002034
S214024C88C46B040040550020012208B5074B1146A4
S214024C98186813F0B6FB00212C2016F06FFEBDE84C
S214024CA8084000210A2016F069BE00BF40550020C1
S214024CB8014B4008185C7047226C002008B5134662
S214024CC80A461946064B186813F016F830B1BDE8BE
S214024CD8084040F6E941034817F051BE08BD00BF38
S214024CE840550020C46B040008B5044B186813F03E
S214024CF886FB013818BF012008BD00BF40550020BA
S214024D0870B5054617F0B4FD0E4B0F4E1B880446C9
S214024D18DA07357008D50D4B0D4D1B78012B08D9CF
S214024D280121286813F0EDFC2046BDE8704017F014
S214024D389ABD1BB10EF024FDC305F1D4317881F07B
S214024D480101EEE7265B0020216C00205862002055
S214024D58405500200C4B10B51B880446DB0711D5BE
S214024D68FFF78CFB094B84F0010208211868D20071
S214024D7812F001FF30B1BDE8104040F63671044823
S214024D8817F0FDBD10BD00BF265B00204055002071
S214024D98C46B040008B5044B0146186812F0B7FF46
S214024DA8003818BF012008BD4055002010B50A4C2F
S214024DB823787BB1FFF768FF0021042016F0B2FDC6
S214024DC80021022016F0AEFD00232370BDE8104035
S214024DD8FFF7AABA10BD00BF5762002038B50948C7
S214024DE800F0E8FC0024084D95F84430E0B283420F
S214024DF800D838BD05EBC000043000F0DBFC0134F7
S214024E08F2E700BFE45500204455002008B51046D6
S214024E1802494822F9F7BEF8002008BD9C55002032
S214024E2808B5054817F01FFF014620B9BDE8084037
S214024E38014817F0BDBB08BDB0690020002238B58E
S214024E481C4B15461C461A700132082A5D609D8066
S214024E5843F8085FF8D1482200211748F8F70AFFF6
S214024E684FF6FE73A4F868306FF48033E365134B8D
S214024E7800211A88124B1868F8F7FCFE114BC4E991
S214024E881255C4E9283584F8445084F850506565AC
S214024E9884F8A850E9F754FDFF220B4B012118703D
S214024EA80A4B00201A70E1F70FFE0020FFF7B8FF42
S214024EB8002038BD445500209C5500209C6B0020DD
S214024EC8686800200000FFFF5B620020A1620020E5
S214024ED810B5AC24084B04FB0030836C53B990F829
S214024EE850403CB931B1C0E912122046FFF798FF8C
S214024EF8204610BD2120FCE744550020AC2370B59F
S214024F0803FB00F5094E731993F850405CB9204626
S214024F180BF022FF735D204643F002037355FFF73A
S214024F287FFF204670BD0120FCE700BF44550020E5
S214024F38AC235843024A135C23F003031354704706
S214024F484455002070B516461F4A04461278C2BB5E
S214024F58AC211E4D01FB00518A6C92BB91F8502081
S214024F683AB1022B2DD191F84410072907D91C20F3
S214024F7826E091F844100729F9D8012B08D0AC206E
S214024F8800FB0450CA00011D0C30F8F7C5FE0021CC
S214024F98AC2303FB04F000249DF8143000EBC10197
S214024FA82944CB71049B8E808B602B1893F844207F
S214024FB8204601328C7183F84420FFF731FF2046E1
S214024FC870BD0120FCE700BF5A620020445500204D
S214024FD8F8B5234B04461B780F46002B3ED1AC236C
S214024FE8204D03FB0053B3F8A03023B940F24531F5
S214024FF81D4817F0C4FCAC2202FB0452D2F8A46087
S21402500836B192F8A33039460020B2F8A020B0474D
S214025018AC2300216343EA18A2F8A010C2F8A41031
S214025028482192F8A82001FB02322A44D2F8982096
S214025038964213D0EB5C9B070CD5AC226243AB5C62
S214025048204623F0020343F00103AB54BDE8F840C0
S214025058FFF7E6BE0BF0A2FE0028EED1F8BD00BFB1
S2140250685A620020445500201B6C04002DE9F04FBC
S21402507889B0059008460D4617F0AEF9044618B9E9
S214025088212009B0BDE8F08F284617F0C1F9C0B252
S2140250980838215C221892F802A00491D178526846
S2140250A8277803920022B4F80130ADF81E20434A4E
S2140250B8029192F800B0BBF1000F08D0404B1B6873
S2140250C81BB120464FFA8AF298470020D9E703F028
S2140250D80703022B70D0013409225946204617F0DE
S2140250E8BBF8023F3F1A3B0606465FFA87F8C7D464
S2140250F8344FD7F89090B9F1000F27D100210DF15F
S2140251081E0B434622460846CDF800B00BF05CFD5F
S214025118C3B20546002B4BD1BDF81E0013F03CFB6C
S214025128E0B9BDF81E0013F020FC8146BDF81E004B
S21402513813F032FBF0B906EB080201232146584663
S21402514892B200F07BFDD0B119209AE75B465A4628
S21402515801212846C8470028D0D191E7D7F89430CD
S214025168BDF81E00002BDCD0A11998470028D8D11C
S214025178022086E742464846A119F8F70BFFBDF813
S2140251881E0017F029F9029B059A0372049B80F801
S21402519809A08372039B1BBAC360AC2303FB02738A
S2140251A893F85020BDF81E0022B1DB6C03B1984775
S2140251B8E8B266E7BB6FF9E7012062E75A620020A9
S2140251C828550020445500202DE9F84308460F4686
S2140251D8164602F1010913F0CDFB8046384613F055
S2140251E8D4FA042856D1384613F0F3FA48F661057D
S2140251F84FF6FF7248F64103294C904208BF1D46F7
S214025208B4F85C10301D17F09AFC384613F0E1FA31
S2140252180146B01D17F093FCB4F85E1006F10800BC
S21402522817F08DFC06F10A04384615F066F810B138
S21402523845F01005ADB22946484617F080FC3846B8
S21402524813F093FB424601462046F8F7A3FE38467B
S214025258012117F0F9F84444074660B117F0D8F868
S2140252680546384617F0B8F8EDB201462A462046F3
S214025278F8F790FE2C440B4AA41B13780134591CE9
S2140252881170F37034703046BDE8F84309220121E4
S21402529816F0E2BF484617F050FC4C460546C3E7F0
S2140252A8445500205B620020AC2210B548245043C7
S2140252B8094B1A1892F8A81004FB0100034493F845
S2140252C87700022806D092F850301BB9032818BF78
S2140252D8012010BD0020FCE74455002070B508B137
S2140252E8012070BD234C94F8A850002DF8D1294609
S2140252F8B4F85C20FFF714FA29462846B4F85E206C
S214025308FFF7F8F92946284604F16002FFF7D6FCAB
S21402531894F87730002BE3D0284694F85860FFF7C5
S21402532849FA864215D1002094F95A50FFF736FA00
S214025338854216D10020FFF7B7FF0446002016F074
S21402534841FF0028CDD02146BDE870400020FFF777
S21402535805BA284694F85810FFF73EFA0028E2D015
S214025368BFE7002094F95A10FFF70AFA0028E1D09E
S214025378B7E700BF445500200346AC2010B51446D4
S214025388164A00FB032292F8770002280CD1E07F27
S214025398022809D141B112490978012913D992F88C
S2140253A85810227891420ED118462178FFF708FA4B
S2140253B890B1482221460B48F8F7ECFD002016F07B
S2140253C801FF08B9002010BD044B93F8A800002876
S2140253D8F8D1FFF783FFF5E72120F4E744550020CC
S2140253E8956100209C55002038B5AC230D4C054627
S2140253F803FB004300205A6DD86483F8500012B1AC
S2140254085865FFF727FCF5F7D5FBFF281EBFAC2328
S21402541803FB054484F8A8000020FFF75FFF00207E
S21402542838BD00BF445500207FB51D4C94F8A830FF
S21402543823B1002084F8A800FFF750FF94F85A30EA
S214025448B4F8A0608DF80F3026B940F2FD21154851
S21402545817F095FA144B31461D6800202A46FFF7C6
S214025468B3FEE46F02469CB10DF10F0301930023CD
S214025478294630460093A04702462C7854B920465F
S2140254882146FFF7A5FD2046FFF7CAFC04B070BD0B
S2140254980122F2E729460020FFF714F8F6E700BFD4
S2140254A8445500201B6C04006868002038B5494B38
S2140254B81C78002C58D1484800F06CFC204616F0A0
S2140254C881FE002850D0454C2378D90733D594F866
S2140254D850201AB123F00303237045E023F001039A
S2140254E823700BF043FC237805469A0701D50BF088
S2140254F833FC294600200BF049FA40B9237828469F
S21402550843F001032370BDE838400BF025BC0023A6
S214025518482284F8A33094F8A83084F8A25002FBF4
S2140255280343D3F89830A4F8A000C4F8A430BDE822
S2140255383840FFF779BF94F84400B0B104F1A003ED
S214025548251D95E8030083E80300FFF76DFF94F82E
S21402555844202846D20004F10C01F8F7DDFB94F843
S2140255684430013B84F8443038BDA26C62B99B07CC
S21402557811D52378002023F0020343F00103237099
S214025588BDE83840FFF74CBC0123A06484F85030CD
S214025598904723789EE70BF001FC0028E9D194F89F
S2140255A8A83073B1F5F706FB94F85030002BDBD120
S2140255B8FF2818BF84F8A800BDE838400020FFF787
S2140255C88DBED4F88C30002BECD098470028CBD16F
S2140255D8E8E700BF5A620020B06900204455002060
S2140255E870B50446002016F0EDFDAC235C430B4E66
S2140255F8351995F850300BB1002070BD0028FBD045
S214025608074817F030FB0028F6D1335D002BF3D19C
S21402561895F84400B0FA80F04009EEE744550020B9
S214025628B069002010B5084A034613F0B1F91468A9
S2140256384FF6FF7203EB40039C42184603D90188D3
S21402564802339142F8D010BD005600202DE9F047EB
S214025658204F05463B88A3B3B0F90230002B30DB57
S214025668DFF87C801C49D8F80000F8F759FD20B905
S2140256784FF4EA71194817F082F90026DFF85CA0A1
S214025688DFF860903A88B3B29A4204D84FF4EB71C6
S214025698504617F074F9D9F80030B2B253F832000F
S2140256A8D8F8001003EBC20468B943F83210A3888E
S2140256B828460133A38013F06BF9E38803EB400313
S2140256C8E380BDE8F087F8F72BFD01360028D9D12C
S2140256D8EDE700BF285B0020E86B0400F26B0400CD
S2140256E8D0690020F455002038B5094C094D2268C7
S2140256F82B689A4204D94FF48771074817F03FF986
S21402570828682368C01A20F0010080B238BD00BF9E
S2140257180056002008560020F26B040038B5124CDA
S214025728124D21462846F5F7F3F823680BB12B6885
S2140257381BB9DE210E4817F022F92A680D4B0E49CE
S2140257481A60236823F0010313440B600B4B1A609C
S2140257582AB9BDE83840F821054817F010B9FFF70E
S214025768C3FF6428F5D938BDF8550020FC5500203B
S214025778F26B04000456002008560020005600204B
S21402578838B5094C094D22682B689A4204D34FF45F
S2140257988A71074817F0F3F828682368C01A20F0B9
S2140257A8010080B238BD00BF04560020085600200B
S2140257B8F26B04002DE9F0411D4B04461B78012BC1
S2140257C824D1008816F0EAFD0546D8B10426DFF88B
S2140257D864802C4617F04CF807462046FFF736FF3B
S2140257E8638843EA08036380A05B16F0D7FD044685
S2140257F8384617F038F81CB1B4F90230002BE9DA4B
S214025808062E01D1BDE8F0810626E2E7022BF9D181
S21402581817F02EF80246208816F0C0FD18B1038845
S214025828C3F30E0323801046BDE8F04117F01BB8F9
S2140258385C6200200080FFFF2DE9F04F0024BA4B7F
S21402584897B006461C8017F013F80123DFF8EC829F
S214025858B64F3B70B8F80030A8F80040ADF81630DE
S214025868B34B1B68019316F0FEFFB24B21461A880B
S214025878B14BD2001868F8F7FDF90DF11600FFF7DC
S21402588899FF002E3CD1DFF8B8924FF0000B0125A5
S214025898D9F80040019B9C4239D3BBF1000F39D19D
S2140258A8002DF2D0D9F80040DFF898A22546224605
S2140258B8019B9A4273D302230DF116003B70FFF741
S2140258C879FF002E40F08F80D9F800603246AA424F
S2140258D880F0A280908816F061FD18B10388C3F3A1
S2140258E80E039380D08816F059FD18B10388C3F3C7
S2140258F80E03D3801046FFF795FE0246E7E7984761
S214025908E3B256F823300134002BF8D1BBE7BBF1DB
S214025918000F3ED00BF1FF335FFA83FB16AB03EBA7
S2140259288B0252F8402CB2F9020051880028B1DAEC
S2140259384B04AFD4924641F48040931D2AF8020FD6
S21402594802933AF8020F16F029FDF0B1B0F902E018
S214025958B0F802C0BEF1000F17DB6FEA4C4C6FEAD4
S2140259685C4CA0F802C00390FFF770FEBBF10F0F65
S2140259788FBF002516AB039A03EB8B009EBF0BF175
S214025988010340F8402C5FFA83FB029B9A45D8D164
S21402599880E72046FFF746FE22460446C3E710463F
S2140259A812F0F6FF8346B2F90200118800280AEAC6
S2140259B8010108DA204616F0E7FC084381B204EB38
S2140259C84B0402EB4B0510461180FFF72BFE0246EE
S2140259D86EE798475FFA8AF356F823300AF1010A07
S2140259E8002BF6D170E74FF0000AF3E73046FFF7D0
S2140259F819FE82467EB1B6F902307188002B0ADAA1
S214025A083088C0F30E0016F0C9FC864203462DD134
S214025A18C1F30D0171805646AE42E7D3DFF81CA1EA
S214025A2816F026FF00210646504613F002F816F036
S214025A38B5FC0546002800F08780304616F013FFAE
S214025A48284612F0A5FF0646204616F09DFC81461B
S214025A587600324629462046F8F75EF9002249467D
S214025A680DF1160017F0D7F83444D9E71BD930469B
S214025A7812F08EFFC1F30D014200718018463146BE
S214025A8892B2F8F749F9C6E75046FFF7CBFDD1467A
S214025A98854203D9B0F90230002B01DA824603E0C8
S214025AA8FFF7C0FDF4E7B146554507D9BAF8000036
S214025AB8C0F30E0016F072FC8245E5D3B9F1000F6A
S214025AC830D0B9F80000C0F30E0016F067FC0346A3
S214025AD838B93346CB46994513D8B1459BD0D946F3
S214025AE8ECE7484612F054FFB9F802204946C2F3DA
S214025AF80D02A9F80220420092B21846F8F70CF9ED
S214025B08E7E718460193FFF78DFD019B9B46854202
S214025B1803D9B0F90230002B01DA0346DBE7FFF7B8
S214025B2881FDF4E7CB46DAE72A5B00205C620020B8
S214025B3800560020285B0020F45500202C5B00202D
S214025B48045600200080FFFFBDF816303870A8F80B
S214025B580030044B30461C6016F085FE17B0BDE8D0
S214025B68F08F00BF005600202DE9F041054616F0DA
S214025B7815FC0F460446D8B117F037F820B940F29C
S214025B88FB41204816F0FBFE284616F041FC054667
S214025B982046FFF747FDBD42064609D004D840F224
S214025BA80351184816F0EBFE2588ED0B02D0278124
S214025BB8BDE8F0816780204612F0EAFE074604EB4D
S214025BC8400816F055FE104B1A68B2420AD1C3F8BE
S214025BD8008016F048FE2A464046BDE8F041FF21FE
S214025BE8F8F748B8A6EB0806B5B216F03CFE072D3D
S214025BF8F1D90023083D44F81730C8F80430A8F84D
S214025C080250D5E7F26B04000056002038B516F0AD
S214025C182FFE00210546044812F00BFF04462846CC
S214025C2816F021FE204638BD2C5B0020024B188851
S214025C38B0FA80F0400970472C5B00202DE9F74F38
S214025C48044600881F4616F0A9FB884615460646EF
S214025C5816F0CBFF20B940F2FE613F4816F08FFEE1
S214025C683388DB0B009306D033892B44338100201C
S214025C7803B0BDE8F08F208816F0CAFB824630468D
S214025C88FFF7D0FC019016F0F3FDDFF8D0B0019BC9
S214025C98DBF8002081469A421DD1FFF725FDA8426F
S214025CA804D2484616F0DFFD1A20E1E70AEB0503A0
S214025CB873803FB1208816F08FFB2A46414650442F
S214025CC8F8F768F93046FFF7ADFCCBF8000048460F
S214025CD816F0C9FDCBE716F0C6FD208816F098FB2D
S214025CE82844009980B216F0EBFB06460028DBD063
S214025CF816F072FB8146208816F06EFB82462088D4
S214025D0816F086FB514602464846F8F743F93046EF
S214025D18AFB116F061FB0746208816F079FB2A46D3
S214025D2841463844F8F736F90121208816F08CFBEC
S214025D3801210246304616F09BFB268097E716F0AE
S214025D484BFB8046208816F063FB2A4639464044B9
S214025D58F7F790FFE8E700BFF26B04000056002052
S214025D683421014816F00BBE066C0400036910B510
S214025D785BB18268064B9A4201D1002010BD446985
S214025D8816F0F6FD201AF9D5F7E74FF0FF30F5E7DB
S214025D98695D020082681C4B70B59A420446056823
S214025DA819D116F065FD236923B1A34206D1002254
S214025DB82A601A61BDE8704016F055BD1A461146AB
S214025DC81269A242FBD12A68A24208BF29600B6167
S214025DD800232361EEE7036993B198426E6803D104
S214025DE89D210A4816F0CBFD2B46B44209D12269FA
S214025DF89D4218BF1A614FF0000308BF6A6023610C
S214025E0870BD33463669F0E7695D0200066C040029
S214025E182DE9F047074600254FF0010A154EDFF830
S214025E2858808AB0347914B90AB0BDE8F087D6F833
S214025E38009087B900972A46B8F80010234603A8A8
S214025E4816F078FF2246484603A9E9F75BFA254486
S214025E58EDB20836E6E7224603A94846E9F726FAE7
S214025E68CDF800A023462A46B8F8001003A816F074
S214025E7861FFECE708CF04002E5B00200148FFF71D
S214025E8899BC00BF2E5B00209C46174BF7B505460B
S214025E9808461988164611B1144B1C78CCB101462F
S214025EA862463046BDB103B0BDE8F040E9F7FEB938
S214025EB81C44E4B208373B79002BF0D03A68964285
S214025EC8F6D185F001052246009516F033FF03B099
S214025ED8F0BD074FEFE7E9F715FAB0B203B0BDE831
S214025EE8F04010F00FBE00BF2E5B00202B6C002087
S214025EF808CF040010B5074C238843B10020FFF7EB
S214025F0887FF0020FF22044B20801A7010BD022053
S214025F18FCE700BF2E5B00202B6C0020142810B56F
S214025F2818D8082805D110F056FEC401E4B2204657
S214025F3810BD0E2802D110F051FEF6E7064B53F8B4
S214025F482040002CF3D00A282478F0D105F0A0FED1
S214025F580443EBE7FF24EAE758CF0400014BB3F803
S214025F68680070474455002000487047AE55002028
S214025F78014B1878704700BFD3610020014B187098
S214025F88704700BFD3610020194B022810B518705D
S214025F9802D0043801281BD8164B1B78042B03D0D2
S214025FA80021154816F004FB144B1B689A001BD5F3
S214025FB813F0805F40F6114418BF4FF44164204640
S214025FC811F0A3F990B92046BDE8104010F098BD2C
S214025FD80948FFF7DFFE0A48FFF7DCFE162412F030
S214025FE854FF11F08CF9EAE71524E8E710BD00BF64
S214025FF8D7610020D8610020D46900208C48002090
S214026008F8470020024B187800F00F00704700BFD0
S214026018D7610020034B187800F00F00831E584201
S21402602858417047D761002008B512F019FFC0B171
S21402603812F02FFFA8B10AF0A7FF90B90A4812F08B
S214026048C1FC70B1094812F0BDFC50B110F0CBFD8E
S21402605838B111F05CF920B9BDE80840044812F0DE
S21402606862BD002008BD00BF305B0020625B0020D6
S2140260780C56002030B505460C4693B081B910B9C7
S214026088002013B030BD1023214A69460120FFF7CD
S214026098FBFE9DF805305A1E052A28D91720F0E778
S2140260A8182200212046F7F7E5FD002DEBD1FFF771
S2140260B8B1FF30B310F062FC6A4601460020FEF7D4
S2140260C8A5FEBDF80430204623819DF80230A3724F
S2140260D89DF80030E37213F062F8002304F114010D
S2140260E8237304F1100003F0CBFDE081C8E7094AE8
S2140260F89DF8041012789142D0D12B70002CD6D17C
S214026108BEE7054B1B78033B022BD3D9C6E700BF75
S21402611864EE0100056C0020D761002030B593B00C
S21402612805460C46FFF776FF20B90C4B1B78033B57
S214026138022B10D810F022FC6A4601462846FEF7C3
S21402614865FE00209DF80230607023709DF80030CE
S214026158A37013B030BD1720FBE700BFD76100203D
S214026168054B1878012805D000F0FD00A0F1310390
S21402617858425841704700BFD76100201FB50146F4
S214026188002201A816F0E4FA064801A916F0A0FDB6
S21402619820B116F021F94089C0F3400005B05DF839
S2140261A804FB00BFAA6B002030B585B00D4600225E
S2140261B8014601A816F0CCFA084801A916F088FD8F
S2140261C850B116F009F90446014608222846F7F7A0
S2140261D8A3FD6089C0F3400005B030BDAA6B00205D
S2140261E8F8B50546F8B100210F4816F00EFD04462C
S2140261F8A8B10D4F204616F0EFF8064616F094FAA8
S214026208830705D4082229463046F8F77FF838B1BE
S2140262182146384616F01DFD04460028EAD1002419
S214026228201E18BF0120F8BDAA6B002010B50C4628
S2140262380146064816F04CFD30B116F0CDF84389F3
S2140262481C4214BF0120002010BD00BFAA6B00200C
S2140262581FB51446024601A816F07AFA074801A99D
S21402626816F036FD40B134B116F0B6F814220146DF
S2140262782046F7F751FD012004B010BDAA6B002096
S2140262881FB50146002201A816F062FA094801A9BC
S21402629816F01EFD58B116F09FF84389024613F011
S2140262A8020004D0507B80F00800C0F3C00005B09E
S2140262B85DF804FBAA6B0020F7B59DF824400D464E
S2140262C801949DF82040064600941F4614F004F8F0
S2140262D84FF6FF718842044610D0BB0711D42846F1
S2140262E800F056FF204616F01AFDFF281FBF084A80
S2140262F832F8103023F4804322F81030204603B0D8
S214026308F0BD02462946304612F0A3FCEAE700BF73
S214026318005B002073B50E460146144816F0D8FCFA
S2140263280546D8B116F058F843890446334012D0C9
S2140263389B0736B20BD5002E09DAA17B437B02896E
S214026348007B0191012100912146FFF7B5FF638981
S21402635823EA06036381628912B1012002B070BD86
S2140263682946024812F084FBF7E700BFAA6B002012
S2140263780148FFF71FBA00BFAA6B002013B53E4CB0
S2140263880DF00FFED4F8FC311020C3F30743019337
S214026398FFF7C4FD000650D50020FFF7BFFD010633
S2140263A84BD5019B802B3ED1236A9A0704D440F62C
S2140263B81544204602B010BDE3699B07F7D52F485F
S2140263C812F05AF8012012F0BEF90DF0FDFD04464F
S2140263D80028EED100F042F9294812F07EFB00F0C0
S2140263E899F9E8F7ADF80DF0DBFD08F003FF08F0C1
S2140263F855FFF4F7D7FAF4F775FBF4F78FFB03F0BB
S214026408DBFD10F0EAFB10F0EBFB10F083FF1D48F3
S21402641813F06BFF06F08CFA10F03FFF0028C8D086
S21402642810F03DFFC5E7019B812BC0D1D4F80C3193
S2140264385B00BCD5D4F80C31BFE71020FFF76EFD21
S2140264480006BCD40020FFF769FD0106B7D5019BFC
S214026458802B05D1084B1A6AD207A8D5DB69ACE7A8
S214026468019B812BA3D1044BD3F80C21002A9EDA78
S214026478D3F80C31A1E700BF0080E00F690345ECB2
S2140264880C5600208561020010B512F0FBFC70B3B2
S21402649801F0E0FA80F00104E4B20020FEF724FCE2
S2140264A844EA800424B212F0DBFC10BB0220044348
S2140264B8164816F0D8FB44EA4014154816F0D3FBE3
S2140264C824B244EA0014134816F0CDFB24B244EA78
S2140264D88014114816F0C7FB24B244EA40240F4839
S2140264E816F0C1FB24B244EAC02080B210BD0124D3
S2140264F8D3E70B4812F066FA0028D7D0094812F0FC
S21402650861FA80F00100C0B24000D0E7146A0020A9
S214026518F86A002090480020786A0020D86A00208E
S214026528305B0020625B002008B501F07FF8FEF7BA
S21402653809F8144812F046FA08B904F025FF12487A
S21402654812F040FA08B906F0DDF902F095FF0F4896
S21402655812F0F5FA0E4B1B78043B022B09D80D48AD
S21402656816F081FB28B1FFF78FFF102801D107F03C
S214026578E1FC10F03AFB12F07BFBBDE80840064847
S214026588FFF75AB9305B0020625B00200C560020E9
S214026598D8610020F86A0020D0CF0400014B1868A2
S2140265A8704700BF405500204FF6F77370B5984203
S2140265B804460D4686B043D812F068FBA04207D1BF
S2140265C8082220492846F7F7A7FB002006B070BD28
S2140265D81D4EB6F86830A3420AD10022082106F1F9
S2140265E86A0012F0E1FA18B9082206F16A01E9E728
S2140265F884B10023012219462046009308F05CFD68
S214026608FF2811D12946204608F000FF80F0010035
S214026618C0B2DBE70D4B1B689B07EAD4284606F098
S214026628FBFD0028E5D0D0E702A913F000FD0028FC
S214026638E8D1DDF80D302B60DDF811306B60C4E769
S2140266480120C3E75D620020445500208C480020E4
S214026658014B1870704700BF056C002010B5054C3A
S214026668082221460448E8F721FE204612F048FB95
S21402667810BD00BF5D62002034B608C000487047EF
S2140266885D620020082208B50349F7F73FFEB0FA14
S21402669880F0400908BD00BF5D620020014B1870FB
S2140266A8704700BFCB610020F7B50D460446164674
S2140266B81F460021284601F061FD0B4B002183F896
S2140266C859402A463346204600970AF03FF90146C3
S2140266D830B10222204603B0BDE8F04000F006B80A
S2140266E8012003B0F0BD00BF4455002013B5134681
S2140266F80C461AB1022A0CBF134601230021044A8B
S214026708019100922246FEF71DFC02B010BD00BFA2
S2140267186F8F030000B5002093B0FEF78FFB1E4B69
S214026728188813F0E3FD1D4B1D491A7800200AF05D
S21402673891F9342200216846F7F79CFA0B238DF864
S21402674800306FF4803301934FF6FE73ADF81030C5
S21402675803238DF81D30134B134A0893134B106806
S2140267680993134B51680D93124B6A460E93124BBC
S2140267780F93124B1093124B119302AB03C30021D3
S2140267880846FEF7F9FD6A4601210020FEF7F4FDE9
S21402679813B05DF804FB00BF966B0020146C002053
S2140267A8CC7B0400C56B02005D6200200B8D0300E3
S2140267B8AD9802006D6D0200D9A702006F8F030024
S2140267C8DD940200014B1878704700BF656200200E
S2140267D8014B1888704700BFAE6B00202DE9F74FB3
S2140267E8814610460E46904616F0A7F9DFF840B1E5
S2140267F805469BF8003033B94A4B1B681BB94A4B0F
S2140268081B68002B7FD015F4406A05F040071BD1A1
S2140268189FBBB5F5804F61D24FF48074B9F1400F33
S21402682873D0B9F1800F63D0B9F1100F6BD1002382
S2140268389BF800003D4AD9B2884264D932F8021B56
S2140268480133A142F7D166E008F1030016F075F9A4
S2140268584FF6FF73984214BF0124022487B1052716
S21402686805F44043B3F5004F44F0080425D0B5F5C7
S214026878804F24D244F4807421E054460327EFE77D
S214026888B5F5804F4FF00507F4D3BAF5406F14BF3D
S214026898022008203844404416F04FF9019012F0BE
S2140268A812FA019B05F4404598420CBF44F00804CE
S2140268B844F00404B5F5004F01D144F08004BAF55B
S2140268C8006F0FD108EB070016F037F9054612F0ED
S2140268D8DDF9A842A2D144F010049FE754460327E4
S2140268E80220D7E7BAF5406F08BF44F0200495E7C0
S2140268F80C4B1B683BB10022D1B233F8110033F9B6
S2140269081110002903DA002008E0074BF1E7A0423D
S21402691802F10102F0D106B13480012003B0BDE8CD
S214026928F08F00BF1C56002020560020805B0020F7
S2140269389E620020034B1A78022A04BF09221A70A4
S214026948704700BF666200200C22034B1A211A7099
S2140269580320002201F090BD666200200C2208B5D2
S214026968054B1A211A700022104601F085FD0022F6
S214026978024B1A6008BD00BF666200202856002037
S2140269880C2270B50D4B05461E781A7030B9304683
S214026998BDE8704000221A2101F06EBD084B1C7833
S2140269A8E1B21A29F3D825FA04F3DB0703D5442201
S2140269B8304601F061FD0134F2E700BF666200204E
S2140269C82D6C00200C22024B1A7010F099BC00BFE6
S2140269D866620020F0B50C8805460E468BB0E4B910
S2140269E84FF6FF77ADF8247010F09FFC10B902201E
S2140269F80BB0F0BDCDE90340CDE90544134A029435
S214026A08B2F85C306032019300923B464CF60101C4
S214026A18FF2009AA13F085FC3080284612F07CFA7B
S214026A280B4C70B1237863B1013BDBB22846237066
S214026A3812F072FA38B12078B0FA80F04009C0B283
S214026A48D6E70523F2E70120F9E700BF4455002000
S214026A582C6C0020034B11461B6803B1184710F034
S214026A680FB800BF285600200C22024B1A7008F0F6
S214026A7839BF00BF666200200148FEF79BBE00BF12
S214026A88325B00207FB505460C46164615F0CEFE4C
S214026A9800286BD1062D03D85223EB40DB071AD405
S214026AA8B4F1006F05D3E30E1C3B032B18D94F2015
S214026AB82EE000222F4B1A602F4B1D7012F09AF808
S214026AC803460A2D54D8DFE805F02D183E49182546
S214026AD818535341360002F0A3F8B4F1006FE2D21D
S214026AE80022244B042D1A60234B1D70E6D1022087
S214026AF801F0B6F912F07EF80346012202921F4A06
S214026B0801921F4A00921F4A314620460AF078FA36
S214026B1804B070BD314620461B4A04B0BDE870403A
S214026B280AF056BA31462046184B194A04B0BDE850
S214026B3870400AF031BA00220292164A0192104AAE
S214026B480092154AE0E702220B4B1A700022104602
S214026B58124904B0BDE87040FEF7BAB900220292A4
S214026B680F4A0192064A00920E4ACDE74D20CFE719
S214026B780120CDE7285600206662002089690200B7
S214026B88C56B02005B8F0300716A0200656902002A
S214026B985D6A0200CD690200DD6902003D690200F5
S214026BA8516902001D8F030008B50AF059FA0C2233
S214026BB8014B00201A7008BD66620020F0B585B049
S214026BC8ADF8060018B97621644815F0D8FEBDF867
S214026BD8060011F0DAFD0446BDF8060011F0D5FDF0
S214026BE8082846D00C2CBDF8060042D111F0BDFE8E
S214026BF8074615F0A2FF0DF10F010646BDF806007E
S214026C080FF0DCFF002879D009220021384615F05B
S214026C1823FB9DF80F301033C518BDF8060015F093
S214026C28F7FBEDB2854269D22946BDF806000AF09E
S214026C3825FB06F44C4416F44066054614D0F81CA8
S214026C4815F07BFF4FF6FF73984208BF44F04004E6
S214026C58B6F5006F08D1781D15F06FFF4FF6FF7373
S214026C68984208BF44F010049DF80F305BB3072D16
S214026C7844D1BDF8060011F07EFD0446BDF80600B4
S214026C8811F083FD082817D0A30615D524F0200195
S214026C9889B2BDF8060011F059FDBDF8060011F0DC
S214026CA864FE0021092215F0D7FA00F1100189B214
S214026CB80DF1060013F05EFC0022BDF80610284807
S214026CC815F0A9FF1AE0082D16D8BDB1013D072D0B
S214026CD814D801A353F825F03D6D0200496D020051
S214026CE8056D0200096D0200056D0200556D020071
S214026CF87B6C02005B6D02007C2D24D005B0F0BDD3
S214026D0824F48844A4B2B4F5084FF7D1BDF80600B7
S214026D1811F036FDBDF8061013F0EDFA0028A8D0DB
S214026D28BDF8060011F084FD00220146022015F087
S214026D38CDFEE3E724F48064A4B2B4F5484F97E79F
S214026D48B4F54C4F94E7B4F54C4F92D04CF650033A
S214026D5801E04CF640439C428AE700BF146C0400EC
S214026D68305B00202DE9F7430F46904699460646C3
S214026D7815F032FB0446304615F04AFBC5B2083D0C
S214026D882C44E178094BA2781970094B31461A70DF
S214026D98002043463A46CDF800900DF08DFD0038A7
S214026DA818BF012003B0BDE8F08300BF8062002050
S214026DB87F6200202DE9F04FDFF84081DFF840912E
S214026DC898F8002099F8003006469A4285B004D30F
S214026DD840F21911424815F0D2FD30460DF10F0166
S214026DE815F0CEFC20B14FF48E713D4815F0C7FD64
S214026DF898F800709DF80F403D1B15F0FF0530D03F
S214026E084FF0FF3C374B01211B78A140184699F8F2
S214026E1800304FF6FF790CFA03FC0023324A01F1E0
S214026E28FF3E0193C1F1000A9DF80430984243D808
S214026E38122004FB00002D4BA0F1120105EBC5023F
S214026E485200194404F101091844F6F765FF4FEA9F
S214026E5889092748A9F104010144AA004844F6F71B
S214026E685BFF224904EBC40201EB420321F81260DD
S214026E78204A013712784FF6FF71DA731A745A7479
S214026E8812025A801C4A0D2012781A7110225A7160
S214026E9800229A73C3F80620C3F80A20144B43F854
S214026EA8242088F8007015F011FE0EB913F082F847
S214026EB8204605B0BDE8F08F13884B450AD05368C4
S214026EC80AEA030B03EA0E030B4403EB4B0343EAFB
S214026ED80C035360019B083201330193A4E700BFF9
S214026EE8276C0400116C00205C460020CC5A002057
S214026EF8584600208062002067620020D161002088
S214026F080F6C002010B5074C2046FEF743FF04F02E
S214026F186BFB02F0DDFE2046BDE810404FF47A51C6
S214026F2815F046BBD46900202DE9F0410746002536
S214026F380A4B0B4E93F80080ECB2A04503D8FF2408
S214026F482046BDE8F08108223846B11DF7F7DEF97B
S214026F5801350028F4D01236EEE700BFD1610020D2
S214026F68CC5A002007B50DF1070115F009FC30B11F
S214026F789DF80730034803EBC30300EB430003B056
S214026F885DF804FBCC5A00202DE9F843294E044646
S214026F9833785D1E2D1A8342EDB204D84FF4A171E0
S214026FA8254815F0ECFC0123A3404FF0FF305F1E86
S214026FB83B4400214FF6FF7E6FEA03081F4A92F809
S214026FC800C01F4A127890401E4ACBB29C4523D86E
S214026FD8BDB127B204EBC4041B48640005EBC50226
S214026FE804F11201014452002044F6F795FEBF0050
S214026FF81648AA00391D014402F0FC023844F6F786
S2140270088BFE33780022013B33704FF6FF71BDE8E2
S214027018F8430E2015F05ABD1388734507D05368F7
S21402702808EA03093B4003EB59030343536008325B
S2140270380131CAE7D1610020276C0400116C0020D8
S2140270480F6C00205C460020CC5A002058460020D0
S21402705810B50A4C207858B9094B1B781A2B03D955
S2140270689921084815F08BFC0322074B1A7010BDAD
S2140270780138C0B2FFF788FFECE700BFD1610020F5
S2140270880F6C0020276C0400CD6100202DE9F04724
S214027098054615F033FEFF28044624D1DFF884900F
S2140270A81E4B99F800201B789A422BD22846BDE838
S2140270B8F047FFF77FBE38883B79504518D86F2BC4
S2140270C84FEA131214D85B0710D0123708F10108DA
S2140270D899F800105FFA88F6B142ECD80023104AF5
S2140270E8DEB28E4214D32046BDE8F087022AECD9D7
S2140270F813F0D1F80028E8D129463046BDE8F04713
S21402710811F04BBF4FF000084FF6F77A044FDFE74F
S214027118107901338F28EFD81232E1E70F6C00207E
S214027128CC5A0020D16100204FF6F773984210B56A
S21402713814D8FFF7ABFFFF2810D0134C00B200EBB1
S214027148C00004EB40040DF0C9FD104938B9628846
S2140271580B7802EB0313A3EB1213638010BD227C99
S214027168637C09789A42E2732374617407D98B4266
S21402717803D213468B4228BF0B461B02EDE78A4210
S214027188F8D31346F9E700BFCC5A002080620020E5
S2140271982DE9F04106460F4600240E4DDFF83880EA
S2140271A898F80030A34201D8BDE8F08108222946A3
S2140271B83046F7F7ABF840B935F8063CBB4204D080
S2140271C82046FFF7E1FE013CE4B20134E4B2123590
S2140271D8E6E700BFD25A0020D1610020F8B505467E
S2140271E808460E46FFF7A0FEFF2830D01D4B29465C
S2140271F853F820703046FFF7CBFF2846FFF746FFC6
S214027208FF28044625D113F061F8FF280AD1164C48
S214027218207838B10FF0B5FB2378B0FBF3F202FB07
S2140272281300C0B2294611F0B8FE044623B20F4D29
S21402723803EBC30305EB430508223146A81DF6F700
S2140272486BFD2B79204603F00F032B71F8BD002740
S214027258D3E7074B1B78002B18BF0027014B43F8D0
S2140272682070E3E7584600200F6C0020CC5A002016
S2140272782E6C002038B50B4B04461B780D4683420D
S21402728804D840F25A21084815F079FB074804EB5F
S214027298C40400EB44002946BDE8384008220630FC
S2140272A8F6F73ABD0F6C0020276C0400CC5A002073
S2140272B870B5044608460E4615F020FDFF2805461A
S2140272C810D02046FFF730FEFF2807D0084B1B7861
S2140272D823B9084B53F8202043F825202146284690
S2140272E8FFF7C8FF31462046BDE87040FFF750BF9B
S2140272F82E6C0020584600202DE9F84300248046CC
S21402730801272646114DDFF84C9099F80030A34223
S21402731810D83E430134E4B21A2C4FEA470705F167
S2140273281205F2D14FF0FF30094B1B7898403043D4
S214027338BDE8F8832B884345EBD0284611F076FE45
S2140273480328E6D82B796F2BE3D8E3E7CC5A00203C
S2140273580F6C0020D161002010B5084C00EBC0006D
S21402736804EB400423795B0707D1204611F05EFE42
S214027378237923F007031843207110BDCC5A002046
S2140273880022084B1878084BD1B2884203F1120340
S21402739800D8704713F80D1C013221F0100103F8CB
S2140273A80D1CF1E7D1610020CC5A00202DE9F047E8
S2140273B802261227DFF85C90DFF85C8099F8004016
S2140273C800250CE007FB05F338F803A00021504619
S2140273D811F041FE10B15CB1013CE4B2013599F8F6
S2140273E80030EAB29342EDD8A34204D14FF6FF7AB0
S2140273F85046BDE8F0870FF0C4FA99F80030012E1F
S214027408A3EB040390FBF3F202FB1300C4B2EDD025
S2140274180126D5E7D1610020CC5A0020034B002173
S2140274281A7803489200F6F725BC00BF0F6C0020B6
S2140274385846002010B5134B0C461B7886B083427C
S21402744812D9114900EBC00001EB40010822204680
S2140274580631F6F761FC00220821204611F0A4FB4B
S21402746880F00100C0B206E0C01A01A9C0B212F04C
S21402747836FF10B1002006B010BD01AB03CB20606A
S2140274886160E8E70F6C0020CC5A002008B5074B6D
S214027498024653F820308B4206D915204FF6FF7164
S2140274A815F014FB002008BD0120FCE75846002012
S2140274B8024B013143F82010704700BF584600209F
S2140274C82DE9F34781460C4600272A4EDFF8ACA082
S2140274D89AF80030FDB2AB4210D86946204612F040
S2140274E817FFC0B3082269464846F6F70FFF90B35F
S2140274F84946204612F055F8FE2537E006F10608FA
S214027508082241464846F6F701FF90B94FF6FF7340
S2140275189C422BD03388A34228D0204615F0FFFB86
S214027528FF2814D14946204602B0BDE8F047FFF7C7
S21402753855BE14B912360137CAE73388A342F9D1C1
S21402754800220821404611F02FFB0028F2D12846D7
S214027558FFF71AFDCCE74946002015F0DEFBFF28A8
S214027568054603D0044B1B780344DDB2284602B016
S214027578BDE8F087CC5A00200F6C0020D1610020AD
S2140275880F4B1B7883420CD8C01A0E4AC0B232F888
S2140275981030D90411D443F4805322F81030012055
S2140275A87047094B00EBC00003EB40035A79D1063B
S2140275B803D442F010025A71F1E70020704700BF68
S2140275C80F6C0020005B0020CC5A0020F0B5134B4D
S2140275D806461B78FBB100251148DFF84CC090F828
S2140275E800E0104807781F44E8B2864501D8002014
S2140275F8F0BD7C1B94FBF3F003FB10440CEBC400B9
S2140276083CF83440B44204D1002AF1D184788C4242
S214027618EED00135E8E71846EAE700BF116C00200D
S21402762878480020CF6100205C46002070B50CF038
S214027638A9FC14250F49104E0B78328830809B1A05
S21402764803449BB2B3FBF5F405FB14330B700B49EA
S214027658E2B20B78934292BF00239B1ADBB2032A4C
S2140276680B7088BF002306499EBFD2000B68D34022
S2140276780B6070BD69620020345B0020CE6100207A
S21402768878480020084B1868084BC2B21B789A4202
S21402769808D2074BC0F307201B78984234BF002055
S2140276A8012070470120704778480020116C00209E
S2140276B868620020F8B505461746FFF7E3FF064658
S2140276C810B9184B1A783AB9212001224FF6FF71E1
S2140276D815F0FCF90020F8BD1348DFF854C003780B
S2140276E80133B3FBF2F402FB143303700F48DCF8E1
S2140276F8002000EBC30420F8335002F10132A170D7
S2140277083846CCF80020FFF7F7FDE670606011F007
S214027718BDFAA84201D10120DDE7E3780133E37020
S214027728F9E700BF116C0020CF6100205C460020FC
S2140277387848002010B50B4C0B4A2378063B13708A
S2140277480CF020FC0022094BFF211880084B094840
S2140277581A602278D200F6F78DFA0422064B1A70BF
S21402776810BD00BF116C002068620020345B002048
S214027778784800205C460020CE6100202DE9F843B8
S214027788074615F0F5F805461A4815F06CFA1A4B2E
S21402779848B31C683C1B2C44A4B20022174BDFF8E3
S2140277A864901B78164D99F8006005EB03155FFA8E
S2140277B882F8464509D9AB8805F11000A34215D9C7
S2140277C8B21A29461201F6F7A7FA013689F80060B6
S2140277D8AC80B8F1000F03D13946064814F0E8FE2B
S2140277E82846BDE8F8833C461D60D6E705460132C2
S2140277F8DDE700BFF46900202C5600206B620020EB
S214027808584500206C6200202DE9F74F15F0B0F8B5
S2140278184FF0000E284D294F2978294C97F800A0DA
S21402782804EB011303EB0A120092F3465246DFF802
S21402783898801FFA80FC0646B8F80000ACEB0009F0
S214027848A0EB0C001FFA89F901900098984217D10C
S214027858BEF1000F00D02970524503D200203A70BC
S214027868FDF7DEFA3B7823B32B78164804EB0314AD
S214027878A188C8F8006003B0BDE8F04F14F098BEBF
S214027888B3F804C0CC450FD84FF0010E93F802C0E7
S21402789801310CF1FF3C013AA3F804B083F802C0A8
S2140278A8C9B2D2B21033D0E701988444A3F804C010
S2140278B8F8E703B0BDE8F08F6B6200206C62002028
S2140278C858450020F46900202C5600207FB56C46E7
S2140278D81E4B1F4D1E78013EF6B21E7095E80F002D
S2140278E884E80F001B4B28461A7805F1100132442B
S2140278F81201F6F711FA9DF8026016F00F0511D17B
S214027908BDF8080009F02CFE360918BF29464FF0C4
S2140279180002BDF8000008BF039904B0BDE8704035
S21402792802F022BDBDF80400FFF728FF034682884E
S21402793804ADADF80420224603CAAA42186059606C
S214027948144603F10803F6D104B070BD6B6200203A
S214027958584500206C620020F8B50024084D094FEF
S214027968094E3B783178E2B20B449A4204F101049C
S21402797800DBF8BD2846FDF71DFF1035F1E700BF0E
S214027988584500206C6200206B62002070B5134BCD
S21402799806460D46104612491A78124B09781B7885
S2140279A80B44934206DB1F204FF6FF7115F08EF844
S2140279B8002070BDFFF7E2FE01350680857004469A
S2140279C814F0D1FFE08009F0D1FD40F60243208191
S2140279D8E3600020FDF724FA0120EAE70E6C002097
S2140279E86C6200206B6200202DE9F843864600236D
S2140279F8144FDFF85C803E7898F8005012497219E6
S214027A08DCB294421CDA4FEA041C31F80C900133BB
S214027A18F14501EB0410F3D1631CD21A0CF1100CD9
S214027A2812016144F6F778F9A5428BBF05F1FF35D6
S214027A3806F1FF3688F800503E700CB9034B1C70EE
S214027A48BDE8F8836C620020584500206A62002070
S214027A586B620020044B054A1B781278D3420CBF8F
S214027A6801200020704700BF6B6200206C62002075
S214027A78024B1878003818BF012070476B62002046
S214027A88002108B5084B09481970094B1970094BAB
S214027A981970094B1A781201F6F7ECF8BDE8084097
S214027AA80648FEF777B900BF6C62002058450020EA
S214027AB86B6200206A6200200E6C0020F4690020C7
S214027AC810B50B4C23784BB10A4802F03BFD58B16F
S214027AD8084B0121188811F0CBF908B9002010BD0F
S214027AE80122054B1A70FAE7FFF7F0FEEAE700BF35
S214027AF86B620020584500206A62002010B50E4BC3
S214027B081B78BBB10D4C238883424FF0000311D17A
S214027B180B4AE160137049B9A3781033A37011F0C9
S214027B2871FC18B9A37823F00F03A370FFF7CEFEF3
S214027B38012010BD1846FCE76B620020584500205D
S214027B486A62002070B592B00C4606460EF016FF22
S214027B58E17A05460020FCF733FE28B394F90A00BA
S214027B6811F02DF810BB134BE27A294683F85820F9
S214027B78A27A83F85A206A46FDF748F94FF6FE734A
S214027B889E420CBF4FF6FF7323896A462946002099
S214027B98ADF80660ADF80430FDF7EEFB40B9228971
S214027BA8054B5A8012B070BD5520FBE75620F9E700
S214027BB82120F7E7445500203056002010B5044629
S214027BC8014608220948F6F7A7F8237B022B0AD8AB
S214027BD8002B14BF3122012205490B7017234B6173
S214027BE8044B1A7010BD00230122F5E73456002014
S214027BF830560020D7610020014610230120014A92
S214027C08FEF742B964EE0100014B5861704700BFA7
S214027C1830560020014B1878704700BF30560020B7
S214027C2810B5054C2378112B03D0E221034814F033
S214027C38A6FE4123237010BDD7610020326C0400D3
S214027C48064B01461B78042B04D1054A137E0533DE
S214027C5813767047034814F0ABBC00BFD861002007
S214027C6830560020146A002008B50648FDF7A2FD23
S214027C780548FDF79FFD0EF0ADFFBDE8084000F091
S214027C88EBBF00BF305B0020625B0020064B187813
S214027C98332806D000F0EF00A0F1430358425841BB
S214027CA870470120704700BFD7610020002208B540
S214027CB8074B4FF6FE701A7010F0F4FF4FF6FF707F
S214027CC811F00DF8034B5869BDE808400EF018BFCE
S214027CD8D76100203056002008B5064B187838B110
S214027CE80548FEF743F84FF47A73B0FBF3F0C0B2D8
S214027CF808BD00BFCC610020384800202DE9F043BB
S214027D088BB00746154698460E469DF8489049B9E0
S214027D18104605AC15F003F8214612F0E0FA1728CB
S214027D2818BF2646B9F1000F0AD1124B1B781BB9A9
S214027D38284612F0F1FAD0B92846FEF7A1FA02E070
S214027D48284612F0E9FA80F00104E4B29DF85030B1
S214027D582A4602939DF84C303146CDE900933846C0
S214027D684346039411F0C8F90BB0BDE8F0834C46BD
S214027D78ECE700BFD36100200022014B1A76704759
S214027D883056002008B50020FEF788FC0023024A79
S214027D98C2E90133538008BD3056002010B5144B93
S214027DA81B78033B012B16D8124BB3F868204FF604
S214027DB8FF739A420FD10320FEF7E6F801F052FF4E
S214027DC8FFF7E0FF002014F0FDF978B1BDE8104097
S214027DD8002010F0D8BDFEF7C7F80446FEF7BEF836
S214027DE80146204607F01AF80220E5E710BD00BF54
S214027DF8D86100204455002008B5114A114B586135
S214027E081378032B1BD0D3B1332B01D0432B10D1BD
S214027E180D4B1B78033B012B05D803231370BDE8D3
S214027E2808400EF06DBE0EF06BFEBDE80840FFF788
S214027E38B5BF21231370BDE8084001F07DBD08BD1B
S214027E48D761002030560020D861002008B50348C4
S214027E58FDF7A0FFFFF796FF022008BD384800206E
S214027E6838B5114D04462B78834218BF28700FF098
S214027E7854FA80B124B920460FF051FA02220DE0D6
S214027E8801200FF04CFA2B781A1F012A05D9062B67
S214027E98F4D1032202E0002CF5D10122BDE83840D5
S214027EA80021084611F068B8D861002030B50446AB
S214027EB885B068460D46FFF79FFE94B10021284616
S214027EC8144A01F0F3FE144B20681B7861688DF89B
S214027ED80430124B1B788DF8053002AB03C305F04D
S214027EE871F90F4B93F8582093F85A308DF80320FF
S214027EF88DF8023010F0E7FEADF8000010F0C6FE6E
S214027F081023ADF8060069460020064AFDF7BCFFB6
S214027F1805B030BD00F8FF07056C0020D8610020C8
S214027F284455002064EE010010B5104B04461A783A
S214027F380F4B002083F8582014F044F910B10020A3
S214027F4810F021FD00210846FFF7B0FF0FF0D7F921
S214027F582046FDF749FA40F617400EF0D1FD0023F9
S214027F68044A1380044A138010BD00BF6D620020C5
S214027F78445500200A5B0020085B00201FB5044613
S214027F886846FFF739FE54B100238DF805301023F2
S214027F9869460020064AFDF777FF04B010BD10F0C8
S214027FA875FEADF8060010F08EFEADF80000EEE79E
S214027FB864EE010010B5014604460020FCF700FCFA
S214027FC890B10C4B1B78023B032B0FD80A4B1C7044
S214027FD814F02CFC60B9094A0949FCF779FF003805
S214027FE818BF0120800010BD5520FCE70220FAE7E2
S214027FF84D20F8E7D76100206D62002081A80200B4
S214028008317F0200F8B5064614F010FC044668B93B
S21402801814F0D8F850B1064D204695F8587085F8F1
S214028028586010F0B0FC10B185F858704D20F8BDB5
S214028038445500202DE9F04180461846033B012BA3
S2140280480E46174602D918B1212438E0FFF708FF72
S214028058274B1D78022D08D0032D46D1B8F1000F04
S21402806803D1244B1B689B073FD43320FDF78CFFB4
S21402807801F096FAB6F1006F34BF1F4B052231465F
S2140280884FF0060038BF1A78FEF7FCFC044628BBF9
S2140280981A4D2873012000F017FE10F014FE6880AF
S2140280A82846B8F1000F0DD0022300F8043B11F061
S2140280B876F86C732F61394630460EF065FC20461A
S2140280C8BDE8F081012300F8043B11F068F86C73F0
S2140280D82F61394630460EF056FCF0E72846FDF783
S2140280E853FFB8F1000FF4D0E5E70224E7E700BF34
S2140280F8D76100208C4800202F6C002030560020C4
S214028108034B187818B9034B034A1B78D05C7047A0
S214028118D6610020D8610020B4D0040038B5437B6D
S2140281280446DB0703D590F909000FF0E7F80025A7
S2140281380F4B83F859502079FFF764FFFFF7E0FFEB
S21402814861882488034622462846FEF7ADFA044686
S21402815820B11720FFF750FE204638BD1723054DDD
S214028168C82105486B6114F023FA03232B76F3E73C
S2140281784455002030560020146A0020F0B51A4DE7
S21402818806460C4693B0A5F8680005F16A0729BBAF
S214028198C5F86A1079600EF0F1FB6A4601460020BF
S2140281A8FCF734FED5F86A30ADF81060CDF8123018
S2140281B87B68CDF816300EF0E1FB6A4601460020D1
S2140281C8FDF7DAF84FF6FF73B5F86800984203D061
S2140281D814B106490EF0DBFB13B0F0BD0822384690
S2140281E8F5F79AFDD7E700BF44550020AE550020A4
S2140281F82DE9F041DFF8B8801F4698F800300546AA
S2140282080C4616461BB102252846BDE8F081531EC9
S214028218052BF8D814F00AFB0028F4D13B7B032B75
S21402822814D14FF6FE739C4212D1012E09D0022EAB
S214028238E9D110F02BFD4FF6FB73984203D810F0E5
S21402824825FD044604E011F07CF9FAE7012EDAD09F
S214028258EDB939462046FFF775FC05460028D3D106
S21402826898F80030332B03D0532B1CBF0E4B1861E3
S2140282783046FFF7F5FD00214FF6FF70FFF77EFF49
S2140282880A4B1B78002BBFD012F02CF8BCE7397BC0
S214028298721ECB1E594259415042504105F07CFF8E
S2140282A805460028D5D0AFE730560020306C0020AF
S2140282B8D76100202DE9F04105460F46904610F09A
S2140282C8E5FC6B7B0446DB0703D595F909000FF03E
S2140282D815F810F0DBFC384B384E188010F0F3FC1B
S2140282E8374B1880FDF73AFE364B1880FDF73CFEF2
S2140282F8082201463448F5F70FFD10F089FC334B87
S21402830818702879FFF77EFE00216888FFF736FF87
S214028318FDF726FF60B14FF6F672631E9BB29342D4
S21402832806D911F00EF9B6F8683004468342F8D03A
S214028338204610F0B7FC288810F0D1FC4146B6F863
S2140283486800B847044628B91920FFF755FD1920D2
S214028358BDE8F081B6F8681010F051FA00231C4DFB
S21402836886F859302B7803F0FB03022B02D02046FE
S21402837810F0B2FE002220461146FFF707FB04461D
S214028388B0B117236B61134B1B78042B09D1C82194
S214028398114814F00DF903232B7684F00100C0B2BD
S2140283A8D6E74FF416710C4814F002F90023F3E7E7
S2140283B81720FFF721FDF0E73A5B0020445500201E
S2140283C8385B0020365B00206E6200207662002052
S2140283D830560020D8610020146A0020F0B50C46FA
S2140283E81E460B462049074689B004F1140053F886
S2140283F8045B834241F8045BF9D11B8802AD0B800B
S214028408D4F80E00D4F81210238803C5ADF810303D
S21402841823798DF812208DF8133000233A468DF80A
S21402842814304FF6FE71012002ABFFF7E1FEC8B921
S21402843802A8FFF7C3FB237B4BB10C4D0C4B01AADA
S2140284482946012001930EF037FF2A781AB92046EA
S214028458FFF764FE03E020460199FFF72BFF08B9F1
S214028468044B1E7009B0F0BD3C5B0020305600205D
S214028478BD9103007762002001232DE9F341304EB7
S21402848805460F4600202F491446737300F0EAFB90
S2140284980EF036FFDFF8AC8038B9012D01D9042D6D
S2140284A80FD1214638460EF0EFFA1020002111F0BF
S2140284B831FF00283CD0002002B0BDE8F041FCF7AE
S2140284C8AFBC002CF1D1204B1B78212B03D0062BF6
S2140284D801D0532B02D101F02FFAE6E7FDF740FE52
S2140284E80028E2D000F0EAFB28B9307BC0F1180079
S2140284F8FFF782FCD9E7154B41462046019300F068
S214028508B1FB20B140F61901114814F038FA01AA55
S2140285180B4998F80C000EF0CFFE32781AB90948C3
S214028528FFF7FCFDC1E701990648FFF7C3FEBCE763
S214028538FFF79EFA0028BED102B0BDE8F08100BF60
S214028548305600203C5B0020D7610020BD91030016
S214028558326C04001FB5144B04461B88DB0707D48D
S2140285684FF6FF700021FFF709FE002004B010BD89
S2140285780A230E4A012001A9FDF786FC4FF6FF736F
S214028588BDF80C209A42EBD00822FF2101A810F071
S2140285980BFB0028E4D10CB90120E7E7BDF80C0074
S2140285A801A9FFF7EBFDF7E7545B002026E101007F
S2140285B838B50C46154610F075FB02F053FF2946EF
S2140285C82046FFF7DBFD00F079FB48B1054BDB7967
S2140285D80E2B28BF0E230133DBB2034A137038BDB5
S2140285E80123FAE73C5B00208362002038B51D466B
S2140285F8FFF7FEFD0446C8B92B7B2846032B03D19A
S214028608BDE8384010F0EABDFFF7D8FA084B254611
S2140286189C8110F0FDFA0121064B81401A7806204B
S214028628FEF730FA044608B1034B1D70204638BDE3
S214028638305600202F6C0020D761002030B501206C
S21402864887B0FFF787FF6B460446144A10685168DE
S21402865803C384B904F0C4FD02A8FFF7CDFA4FF6A7
S214028668FF752246BDF80E002946FFF7A1FF0EF059
S21402867892F907B030BD6B46094AD2F86A00D2F8BA
S2140286886E10B2F8685003C304F0AAFD02A8FFF7FA
S214028698B3FA6A46BDF80E00E6E700BFC6F4030062
S2140286A84455002037B5324B04461B781BB10224CA
S2140286B8204603B030BD14F0B9F80028F7D100F010
S2140286C80DFB14B122882B4B1A8000210DF10700EE
S2140286D8FDF7D0FC002848D110F052FD04460028C9
S2140286E8E6D1254D9DF80700FFF7BAFB2B78033B2A
S2140286F8012B27D82046FFF72DFF18B3FFF79EFF5A
S21402870800F0FCFEFFF74AFB012010F04BFA48B9CE
S214028718184B1B889A0707D52346052201201749B6
S214028728FFF788FC0446C3E7154D022329460120B5
S214028738144AFDF7A9FB2B885B07B9D5204600F03B
S214028748F1FEB5E72B78053B012BB1D8FFF776FF8C
S214028758FFF724FB2B78052B0CBF04200520FDF71A
S21402876813FC012010F01EFADCE71724A0E700BF6E
S214028778D7610020545B0020D861002000F8FF076C
S214028788065B002027E101007FB50024184E194D2C
S2140287983278E3B29A4201D804B070BD4FF6FF733E
S2140287A8B5F868209A421AD0134B1B88DB0714D5F3
S2140287B8124AB5F8683010685168ADF80C3001AB4B
S2140287C803C30F4A0A23002001A9FDF75DFB022313
S2140287D800200C4A0C49FDF757FB0134D8E7002263
S2140287E80821064810F0E0F90028F6D1DCE700BFB9
S2140287F8106C002044550020545B0020AE55002023
S21402880826E1010027E10100065B002010B500F012
S214028818C7FE01F013FCD8B10E48FDF7BBFA0E48A6
S2140288280E4C017A0E30FFF741FB23781BB100F09D
S214028838F7F9002323700022094B1A73FFF7AEFAE2
S21402884807F0B8F900F012FFBDE81040FFF79CBF2A
S21402885810BD00BF146A00203C5B0020776200202F
S2140288683056002010B52548FDF794FA01F0E6FBCD
S21402887830B1234B1B781BB9BDE81040FFF7C6BFC3
S21402888801F0DCFB78B11F4C237E83B1C8211B485C
S21402889813F08EFE0021237E0846013B2376BDE8B0
S2140288A81040FCF72BBBFDF75BFC0028EBD1FDF76D
S2140288B857FC154B1B7858B9112B03D003F0FD0350
S2140288C8412B19D1BDE810400E4B5869FFF794BAF0
S2140288D8332BF7D10D4B188810F0E4F90C4B188897
S2140288E810F0FDF90B4B0C491888FFF747FC0B4BA9
S2140288F81878FFF787FBE5E710BD00BF146A00206B
S214028908D361002030560020D76100203A5B002051
S214028918385B0020365B00206E62002076620020FC
S2140289282DE9F04F0F4685B002AD04462946384673
S214028938914611F081FF4FF0000B82463846CDF87B
S21402894804B010F012F84678022C804606F00206AA
S21402895809D85CB1FDF704FC0446002848D1754BDB
S21402896801241B7865E0043C022C3AD9FDF7F8FB93
S21402897838460FF073FF00240546A046DFF8D8A154
S21402898838460FF0F2FF50F809300DF10500019352
S21402899814F0D3F89DF807B00746B8F1000F4DD18A
S2140289A8BBF1000F5BD0DFF88C9199F800300BB161
S2140289B8002E63D0002C61D05F4B1B78022B5DD152
S2140289C8BBF1000F53D1384610F06CF95846594699
S2140289D8FFF76CFA07F0EEF840F607400EF090F84C
S2140289E834E010F0C1FBFDF7BBFB0446F8B15C4669
S2140289F84EB1524B1B78012B02D0043B012B0BD8ED
S214028A0805B0BDE8F08F4B4B1B782BB14B4B1B7850
S214028A1803F0FB03022BF3D0BAF1000F404608BF5F
S214028A28002511F0FCFE4FF001088246A8E7414BEC
S214028A381B78002BF0D0002EEED1E1E7BAF1000F3A
S214028A48AED05046FDF71EFE0028A9D1002013F02E
S214028A58B9FB0028D4D000200FF095FFD0E74FF6D8
S214028A68F7739F429FD91720FFF7C6F9EEE7FDF77F
S214028A7877FB48B13248FDF78DF9F4E7FDF770FB4E
S214028A8810B1BBF1000FF5D1FDF76AFB0028DDD067
S214028A982846FEF749FAFF28DFF89CA0294C03D09F
S214028AA89AF80030012B04D12946B4F86800FEF77C
S214028AB895FBFEF751FC2A463846B4F86810FFF7CD
S214028AC877FD214B214A93F906301B0213809AF848
S214028AD80030012B19D0312B14BF432311238AF8F7
S214028AE800301B4B1648196813F062FD00F006FDAD
S214028AF80023124C99F80010237641B9104813F057
S214028B0857FD40F61B436361A0E71123E7E7B8F178
S214028B18000F03D016B1FFF779FEF2E70D4B1B786C
S214028B28042BEED10521064813F042FD09232376CD
S214028B38E7E700BFD3610020D76100203056002047
S214028B48146A0020445500203C5B0020525B00203B
S214028B58346A0020D86100205D62002070B508469D
S214028B688CB00D460FF001FF09220021064613F0CD
S214028B7873FB044628460FF071FE052228460DF1BF
S214028B880F0304A90EF00EF802281BD09DF80F302A
S214028B9829461C440023E4B204F11002365D012083
S214028BA80093D2B20BF088FE60B1022E0AD1064BB1
S214028BB81B78012B06D1054B187818B92246294688
S214028BC8FFF7AEFE0CB070BDD7610020305600200D
S214028BD808B5084B187050B1074B1B883BB14FF4C9
S214028BE87A710648594313F0E3FC002008BD0120B9
S214028BF8FCE700BFCA610020B06B0020584700207F
S214028C08014B188000207047B06B002008B5FDF7AE
S214028C18C1F80022014B1A7008BD00BFCA610020C5
S214028C2810B50024044B05481C80054B1C70FDF744
S214028C38B1F8204610BD00BF565B0020386A0020F7
S214028C487862002008B50348FDF7A4F8BDE8084096
S214028C58FFF7E6BF386A00200148FCF7ABBD00BF45
S214028C68565B0020F7B5134B04461B780E46EBB14D
S214028C7883421DD90021104813F0C7FF002501467C
S214028C880D4F09B9012009E0AC4209D10024162388
S214028C9822463046009414F04DF8204603B0F0BD44
S214028CA8384613F0D6FF01350146EAE71820F5E7FD
S214028CB82720F3E778620020565B0020014B1878DD
S214028CC8704700BF7862002025289DBF024B1870A7
S214028CD800202120704700BF316C0020012307B511
S214028CE81846064A0DF10701FDF7CEF89DF807204B
S214028CF8034B1A7003B05DF804FB00BF29E10100BC
S214028D08B26B002084B010B502AC84E80F000822CB
S214028D1824480DF11601089CF5F7F8FA38BB9DF8B9
S214028D2815309B0705D4204B1B7803F0FD03312B27
S214028D3823D11E496378097803F00F028A4203D0CA
S214028D48012928D1022A18D12278B2B91B09022B86
S214028D5813D194F90230002B21DB154BB3F86820A7
S214028D68BDF80A309A4208D1FEF790FF06E00022C4
S214028D7808210C480FF018FF20B90020BDE8104063
S214028D8804B070470B4BBDF808205B889A42C6D0E1
S214028D98002BC4D0F1E70229EFD1012AD3E701203C
S214028DA8ECE700BF34560020D7610020056C00208F
S214028DB8445500203056002084B02DE9F0478EB086
S214028DC816AC84E80F00DFF868C1564BBCF8020000
S214028DD89DF85D9010F001049DF96220BDF870E0E0
S214028DE89DF875A09DF976709DF878509DF97A10D1
S214028DF89DF95E809DF860601B782FD09DF87D00F7
S214028E08C0F34004C0F38000002B44D0464B1B78C6
S214028E18012B02D1002C00F08280C0B19CF80030F1
S214028E281E335BB2BB42ACBF002701279845D4BFAE
S214028E3800230123BB4209D18A4208DB0CD1A81BB6
S214028E48C0B280288CBF0020012000E038460EB051
S214028E58BDE8F04704B070470020F8E710F0020FAC
S214028E6818D0C3B1490814BF01200020520814BF05
S214028E78012300238342EAD1AB1BDBB2802B0AD93B
S214028E88AE42E9D1B84506DB49D1CA4594BF0020AF
S214028E980120DCE70BB90120D9E7AE4216D002ACB6
S214028EA81CAF0FCF0FC497E8030044F8040B2180C9
S214028EB8DDE91A0116AB0090ADF804100FCB0EF0E0
S214028EC8F4F90028E7D1AE42B9D1C0E7BDF8583068
S214028ED873451ED008AC0DF1700CBCE80F000FC429
S214028EE89CE8030044F8040B2180104C6388734501
S214028EF80FD10822211D0DF12E00F5F707FA0246BA
S214028F0838B90821201D0FF04FFE10B96388002BD0
S214028F18C1D1B845BFDBC2D1CA45BCD8BFE72046D7
S214028F2895E700BF78620020D761002030560020FF
S214028F38B26B002084B02DE9F04F8FB06A4E18ACA1
S214028F4808AD84E80F00162200212846F4F792FEA0
S214028F5833783BB90024654B32781B789A4239D26B
S214028F68002726E00021624813F04FFE0027044639
S214028F78B846DFF87C91002C45D13FB122463946E7
S214028F885B480FF075FD3378013B33703378002B5E
S214028F98E0D0002156484FF0000913F036FE4F463F
S214028FA88046CA46DFF848B1B8F1000F6CD1002FE8
S214028FB8D1D01621002218A80FF0F2FC014648B1BB
S214028FC8002F00F08B80224649480FF009FD3378BF
S214028FD801333370454B32781B789A4207D9444896
S214028FE8002201880FF044FD3378013B3370337852
S214028FF8012B03D13F49404813F0DAFA0FB0BDE817
S214029008F04F04B070470022214616232846CDF8B2
S214029018008013F08FFE1622294618A8F5F776F96F
S2140290280028EBD09DF864209DF824309A4225D17A
S214029038BDF86020BDF820309A421FD108220DF1F3
S2140290482E010DF16E00F5F761F9B8B902AF0DF110
S214029058600CBCE80F000FC79CE8030047F8040B37
S21402906839800EAB13E903000090ADF8041095E8BA
S2140290780F00FFF7A1FE0028C0D027462146484623
S21402908813F0E7FD044676E71623002241462846F3
S214029098CDF800A013F04EFE02AF0DF1600CBCE84E
S2140290A80F000FC79CE8030047F8040B39800EAB85
S2140290B813E903000090ADF8041095E80F00FFF7D7
S2140290C87BFE074620B1B9F1000F04BF444681462D
S2140290D84146584613F0BDFD804665E73A460448C1
S2140290E813F099FD73E700BF78620020316C002008
S2140290F8565B002020BF0200386A00202DE9F04F98
S214029108002104469FB00DF14008162240460E91F3
S214029118CDE90C11CDF83B10F4F7ACFD052220463C
S2140291280DF11F0316A90DF03DFD0228074600F0B3
S214029138F28020460FF019FC064613F0FEFC814624
S214029148F01C13F0FAFCADF84000701D13F0F5FCA5
S214029158012FADF84200204640F0E0800FF005FCF3
S2140291680546204613F038F90D3502232D1A0093CA
S214029178214643460820EAB20BF09EFB002800F080
S214029188CA8020460FF0F6FB012F83469DF84D3025
S21402919840F0DC8000252F4643F001038DF84D3061
S2140291A816AE3388022B4DD1F1782046023108F0EC
S2140291B865F81B2846D1F1782046033108F05EF898
S2140291C819283FD1F1782046043108F057F84A2882
S2140291D838D14FF0050AF17820460131514408F09B
S2140291E84DF8F17805905144204608F047F8059B5B
S2140291F800EB032083B200F03F02932B059240F067
S21402920895800023F778214602375744FFB23A463C
S21402921800930CA80F2313F08DFD07F10F012046CB
S21402922811F0E3F907F111010546204611F0DDF9C0
S214029238ADF84200059B023353445FFA83FA33794A
S2140292485345C8D806360DF17603B342A9D19DF820
S2140292584D20C5F3C03363F3410220468DF84D20F6
S2140292680FF01AFB8DF8440020460FF00AFB8DF823
S214029278450020460FF00AFB9DF83230BBF1190F65
S214029288C3F3C3028DF84720DDF833208DF8460075
S214029298CDF84E20DDF83720CDF8522094BF0022B4
S2140292A89DF83E208DF8482003F003028DF84A20E8
S2140292B89DF84D20DB0963F38202694B8DF84D2039
S2140292C81B78022B56D1BDF840600FF0FCFC864294
S2140292D850D108A80FF063FFBBF1190F47D908222F
S2140292E80DF14E0108A8F5F711F800283CD1B9F59A
S2140292F8004F02D0B9F5624F0DD140F6FF7325F440
S21402930840459D4207D1002208210DF14E000FF07C
S2140293184BFC00283ED01FB0BDE8F08F0FF025FBAF
S2140293280546204613F058F807351EE7412B81D12B
S214029338F17820460231514407F0A0FF494B1B78CA
S214029348C3F1B30318448DF8490073E76FF30003BB
S214029358F01D8DF84D3013F0F0FB0CA9054620469B
S2140293680FF06FFF0B2772E700F058FDBFE700F01B
S21402937855FDD0E7B9F5004F02D0B9F5624FCAD10C
S21402938840F6FF7325F440459D42C4D1BBF1190F40
S214029398C1D9B8E7BBF11A0F06D007F11F0142463A
S2140293A82046C9B20DF087FF2F4C304D637BDBB1E8
S2140293B82B78012B1DD1012323730CAB029314AC1B
S2140293C894E803000090ADF8041098E80F00FFF741
S2140293D899FC90B194E803000090ADF8041098E860
S2140293E80F00FFF7A7FD08E0FCF7BAFE0028DFD05B
S2140293F8E1E703F0FD03042BDDD02B78012B01D027
S214029408042B88D11A4BDDF84E001B78DDF8521073
S2140294188DF82230BDF84030ADF820309DF84D303A
S214029428C3F340038DF823309DF8313003F00F0361
S2140294388DF82C309DF848308DF82D3009AB03C3D3
S2140294480C4B1B681BB1414608A8984763E79DF971
S21402945846209DF8451008A80DF014FB5BE700BFF0
S214029468D76100207F620020305600206662002006
S2140294787E6200202456002010B513F079FA114BAC
S2140294881B78022B1CD1104A1468A04218D00F4928
S21402949810600A68121B10440D4A086012786AB1F6
S2140294A8013A93403C2253434FF47A72534398420C
S2140294B806D9BDE810400320FCF766BD0A23F3E789
S2140294C810BD00BFD76100208448002080480020D5
S2140294D8016C0020064B1B88DB0708D50022054BCB
S2140294E843F82020044A135C63F00F0313547047B2
S2140294F8585B0020D44600209C61002008B513F073
S21402950837FA0022024B1860024B1A6008BD00BFE9
S2140295188448002080480020014B1868704700BF26
S2140295288048002008B50C48FCF734FCFCF772FDAE
S21402953880B10A4B0322B3F8681001200DF0DBFE57
S2140295484FF47A71064B04481B885943BDE8084015
S21402955813F02EB808BD00BF586A002044550020F4
S214029568946B0020014B188000207047B66B0020D1
S214029578044A054B1870138823F003031843108017
S21402958800207047585B0020026C0020034B1888A6
S214029598C0F30E00003818BF01207047065B002093
S2140295A808B5FFF7F3FF30B1002004490223044A46
S2140295B80880FCF769FC002008BD00BF065B002097
S2140295C827E10100024B1888C0F30E00704700BF5F
S2140295D8065B00200023084A01201370074A084940
S2140295E81370084B084A1B7843F0040313800223BF
S2140295F8064AFCF749BC00BF7B6200207A6200205C
S214029608065B0020026C0020585B002027E1010060
S21402961830B5012100240B2385B0104D019400912A
S2140296288DF80C308DF80D000323B5F8680003AAF0
S2140296388DF80E4011F092F868B1B5F868100FF080
S214029648BDFE40B10522064B64211A70054B06483A
S2140296581C7012F0ADFF05B030BD00BF44550020A7
S2140296687A6200207B620020786A0020064B1B780C
S214029678033B012B06D8054B1B781BB9044B1878FD
S214029688FFF7C6BF704700BFD86100207962002086
S214029698016C002010B51548FCF77CFB144B1978B2
S2140296A8F9B9144A13787BB1013B1370124B1B7835
S2140296B8042B02D10846FBF721FCBDE810404FF404
S2140296C896710A4812F074BF0C4A128802F0030216
S2140296D8022A0AD1BDE81040032201200849FEF7F3
S2140296E8A9BCBDE81040FFF7C1BF10BD786A0020CC
S2140296F87B6200207A620020D8610020065B002088
S21402970800F8FF07084B1A785AB10223013A934029
S2140297184EF66022534303210448B3FBF1F112F0DC
S21402972847BF42F21073F6E7016C0020786A002001
S21402973870B505461748FCF72DFB0122164B28463E
S2140297481A7011F02FF8411C044689B2284607F011
S21402975895FDA11C064689B2284607F08FFD0F4CD8
S21402976802232080214600200D4AFCF78DFB86B98D
S214029778238803F00303022B03D1FFF7BFFEFFF78C
S214029788C1FF23885B0704D5BDE870400548FFF78C
S214029798C9BE70BD786A00207B620020065B002086
S2140297A827E10100586A00202DE9F0431F4C0546C0
S2140297B8238889B0002B33D01D4E00214FF48070C9
S2140297C810F088FD3378DB0728D50121208812F0AF
S2140297D83BFE074620880FF0C8F8023013F0ADF9B2
S2140297E805A98046208811F0C4F83378384613F065
S2140297F8020F104B18BF0025B3F8009012F008FEAF
S2140298080646384612F0E8FDF6B2029042460621AF
S2140298182846CDE9009605AB0DF0F0F80023238024
S214029828054809B0BDE8F043FCF7B4BA5E5B002011
S2140298387C6200205C5B0020986A002010B5044613
S21402984840F62140FFF7B0FF01214FF4807010F078
S21402985841FD78B10022084B1C80084B1A7007F0AD
S21402986885FEBDE81040064B1880064B0648198848
S21402987812F09EBE10BD00BF5E5B00207C62002018
S2140298885C5B0020966B0020986A0020044A1378D6
S21402989818B943F001031370704743F00303FAE75D
S2140298A87C620020044B1B781BB9044A1380FEF71F
S2140298B807B90020704700BF6A6200205A5B002082
S2140298C8042230B501F0400387B0002B054614BFCA
S2140298D8012400248DF80C208DF80D1004D004A95C
S2140298E810F016FD10B304ABCDE9004301210223A4
S2140298F8284603AA10F032FF0446C8B10D4BB3F847
S21402990868100EF07CFF4FF6F7739D4209D9322293
S21402991802212046FEF73AF880F00100C0B207B0EE
S21402992830BD294620460FF049FDF5E70120F6E747
S2140299381920F4E74455002010B5FFF731FE04F06D
S21402994831FA0FF0C7FB002010F0DAFC12F06EFFB7
S21402995808B1FDF729F9204C2378532B12D103239B
S21402996823700023FF2219460120FEF763FB00201E
S21402997812F028FC10B100200FF005F8BDE81040E0
S2140299880DF0BDBC062B01D0212BF0D10120FEF72D
S214029998F5FA4FF6FE700FF085F94FF6FF700FF0E6
S2140299A89EF90020FEF752FA0020FEF759FAFEF753
S2140299B8E9F900F029FB0DF0A5FC2378212B02D14A
S2140299C8FEF774F9D3E70020FCF7DEFA00214FF41D
S2140299D8004010F06FFACAE7D761002010B50A4CAB
S2140299E80A48FCF7D7F92378062B02D10120FEF79E
S2140299F8C5FA2378062B01D0532B03D1BDE81040B5
S214029A08FFF79ABF10BD00BFD7610020B86A0020D2
S214029A182DE9F047DFF8C08004460E461746FFF7E2
S214029A28BFFD98F8005015B90220BDE8F087212D31
S214029A38FAD0284813F017F90028F5D114F02004B4
S214029A4839463046DFF894A0DFF8949005F00F0503
S214029A581BD00CF09BFF012D8AF80070A9F8006055
S214029A6829D1212388F80030FFF766FF0020DCE7BB
S214029A78212388F80030FFF75FFF00214FF6FE70BB
S214029A88FEF77CFBFEF780FEF0E70CF07EFF012D6A
S214029A988AF80070A9F80060EAD0062321464FF635
S214029AA8FD7088F80030FFF70BFF40F226210948C0
S214029AB812F07EFDE1E7532321464FF6FD7088F843
S214029AC80030FFF7FDFE40F22621024812F070FD34
S214029AD8CCE700BFB86A0020D76100207D6200206C
S214029AE8B86B0020F8B50D460646511C284607F006
S214029AF8C5FB044628460EF038FF0546023013F02A
S214029B081CF8154B07461B78022B02D0043B012B88
S214029B1821D8124B1B68580201D5A1061BD562062E
S214029B2819D50F4BB3F86830B34214D16B781B07BC
S214029B380DD5284610F073FEFCF7A4FD58B1314641
S214029B4804F020000122BDE8F840FFF761BF0FF0DD
S214029B589DF8B842F3D0F8BDD76100208C480020A3
S214029B684455002073B504460D4613F0D8F8FF286E
S214029B78034625D0134A12784AB1134A32F81020FF
S214029B88520404D510F0ADFB002002B070BD184692
S214029B9810F0B8FB6946064610F0BAFB40B1FCF76F
S214029BA8E7F928B1002302226946304605F0DCF8B8
S214029BB8204645F0400102B0BDE87040FFF780BE7F
S214029BC80120E2E7D3610020005B002038B5054695
S214029BD80EF0CBFE0446284610F0E4FD411C89B27E
S214029BE8284607F04BFB42060DD563781B070FD5B0
S214029BF8204610F014FE0146002013F08EF8BDE849
S214029C08384010F06EBB0348BDE83840FFF7E6BEA2
S214029C1838BD00BFB86A002038B54FF6FF75A842AF
S214029C28044617D00FF04FF8A04213D04FF6FD7235
S214029C38094B198891420DD9084A1288AA4201D0BE
S214029C48A24207D11C804FF47A71BDE83840044816
S214029C5812F0AEBC38BD00BF9E6B0020BA6B002067
S214029C681848002008B50448FCF794F84FF6FF7227
S214029C78024B1A8008BD00BF184800209E6B0020C1
S214029C8837B505460C46082369460120064AFCF7FE
S214029C98FBF815B19DF806302B700CB1009B2360BB
S214029CA8BDF8040003B030BD25E1010007B508235E
S214029CB88DF80600ADF80410009269460020034AA3
S214029CC8FCF7E2F803B05DF804FB00BF25E10100EB
S214029CD8024A13780BB1013B13707047C861002023
S214029CE808B50EF0FCFF00214FF6FF72054B08463A
S214029CF81A80FEF7DBF8BDE8084040F616400CF07E
S214029D08FFBE00BF9E6B002008B5FCF743F80A4B5F
S214029D181B78023B032B08D84FF6FE73074A1088B7
S214029D2898424FF6FF7301D1138008BD9842FCD0C3
S214029D38BDE80840FFF7D4BFD76100209E6B00201D
S214029D4810B5084B1B78042B0AD00EF09FFF002193
S214029D5804460846FFF794FF231A5842584110BD96
S214029D680020FCE7D8610020F0B5002689B0054639
S214029D78CDE90566ADF81C6010F014FD0A2302460C
S214029D8804462946009605A812F0D4FF9DF8153019
S214029D989DF814701F2B27D803A80FF000FA082284
S214029DA80DF1160103A8F4F7B1FA0646E0B9092F31
S214029DB81CD1FFF7C5FFB8B1144B1B78A3B1144BDF
S214029DC81A884FF6FD739A420ED9124C124A237815
S214029DD80433DBB223701278013AB3EB820F03DD49
S214029DE858B20AF047FF267009B0F0BD0A34E4B24A
S214029DF82146284607F042FA0FF064FA611C284604
S214029E0810F0F3FBFFF708FFEEE700BF156C002023
S214029E189E6B0020C8610020006C002038B5134BEA
S214029E281B78033B012B20D9114B4FF6FF711B7889
S214029E38ABB1104D2B888B4217D10EF044FF4EF66D
S214029E48602104460C4812F0B3FB4FF6FE73224616
S214029E582B800021BDE8384009200FF041BA074A96
S214029E6813888B421CBF0133138038BDD86100208B
S214029E78156C00209E6B002018480020025B00200C
S214029E8808B50448FBF786FFBDE8084000210846E7
S214029E98FBF734B8D86A002010B5044661B1FF2132
S214029EA80EF004FD002120460EF006FD0EF047FCDB
S214029EB8014620460EF006FD2146BDE81040002267
S214029EC8014812F0A8BE00BF625B00202DE9F041EF
S214029ED80D46174604460EF048FD06782846FCF757
S214029EE84DF92946804620460EF089FC0EF0CEFE35
S214029EF8A84206D120460121FFF7CEFF0120BDE881
S214029F08F0812846B8F1000F0AD0FCF7B9F950B923
S214029F18144B3A462046BDE8F0411978FDF736BD9F
S214029F2810F0FAF9F3E706F00306012E08D00EF051
S214029F38ADFE00232246294602F042FA0028D9D16D
S214029F4820460EF018FC430505D52046BDE8F0412C
S214029F5800210EF08DBF204610F0C9F9B0FA80F045
S214029F684009CCE7FF6B002010B586B0044610F017
S214029F7819FC104B0246186819790290D3F80500A6
S214029F885B7A01328DF8143000238DF80C10049099
S214029F982146009392B2052304A812F0CBFE0522AE
S214029FA804A902A8F4F7B2F9B0FA80F0400906B09C
S214029FB810BD00BF2CD0040008B511480EF092FD63
S214029FC8104B1B78012B06D8FF2010F063F9FDF71B
S214029FD8B1FB10F07EF9FDF73BF801F091FCFFF7B4
S214029FE8F9FA10F057FD07F0F1FDFDF749FD07F005
S214029FF83DFB0CF0CDFCBDE8084002F0D3BC00BF28
S21402A0080C5600209561002008B5F0F7D3FDFF280E
S21402A01803D0094B1B78012B06D9002010F03AF919
S21402A028FDF788FB10F055F9FDF712F801F068FC09
S21402A038BDE8084002F0B6BC95610020064B1878C9
S21402A048112806D000F0FD00A0F1410358425841FD
S21402A05870470120704700BFD76100202DE9F843FA
S21402A0680446FDF70FFB18B100263046BDE8F88314
S21402A0784FF6FF78184BB3F868104145F4D02046DF
S21402A0880EF0BDFB154B022120461A88FDF77EFC12
S21402A09806460028E8D020460EF067FC90F807909F
S21402A0A80546043012F049FD07460EF0EFFD494614
S21402A0B802463846FDF7FEFAA81C12F03EFD404559
S21402A0C802D12046FFF7BAFB2B789B07CDD1012198
S21402A0D82046FFF7E1FEC8E744550020605B0020F3
S21402A0E8F8B507460EF041FC0546043012F025FD89
S21402A0F80646A81C12F021FD0446304612F00FFE52
S21402A1083046FCF73BF82B789B0701D10EF0BEFDD4
S21402A118AB790BB90320F8BD0EF0B8FDA0420CD1FE
S21402A1280EF0B4FD0446094B214638461A78FFF766
S21402A138CDFE0028EED00020EDE7054B1B78052B58
S21402A1481CBF044BB3F86840EDE700BF605B002015
S21402A158D8610020445500202DE9F04106461046F5
S21402A1680D4610F01FFBA0F11004E7B256FA84F46D
S21402A1782146EA1B04F10E00F3F7CEFD2823DFF88A
S21402A1884480F35598F80030637301F0CDFB611CE8
S21402A198024601200DF0CBF808220949601DF3F7A4
S21402A1A8BBFD98F800000FF0E1FE05F10E013046FF
S21402A1B83B460022C9B201F069FC1220BDE8F081D4
S21402A1C85D620020D26100202DE9F04F87B0044678
S21402A1D80EF0CBFB064620460EF02AFB0746301D3D
S21402A1E812F0ABFC8146B01C12F0A7FC384696F873
S21402A1F807A012F09DFD33789A075FD12146042006
S21402A20801F04CFD002859D0204610F0CBFA014642
S21402A218204607F033F8830750D1204610F0C2FADA
S21402A2280146204607F02AF810F00303039345D1A7
S21402A2382046FFF799FE002840D0204610F088FBFB
S21402A248451C204612F0E4F8EDB205F10A0B8345E8
S21402A2585DDA304A04AB1068516803C3691C2046AD
S21402A26807F00CF829468046204607F007F800EB68
S21402A278082059461FFA80F8204606F0FFFF834654
S21402A288039B2146AA1C009304A8082312F052FD39
S21402A29820460EF0CDFA5A4641460DF03AF801220B
S21402A2A8404604A90FF098F988BB022007F032FC52
S21402A2B8013003D1404604A9F0F744FD0EF0E6FC4F
S21402A2C848453A46514607D10EF0E8FEF8B907B0B7
S21402A2D8BDE8F04F0FF034B948460EF0DFFEB0B9CD
S21402A2E80D4B1B781BB9394648460FF03FF83A46DD
S21402A2F851464846FDF7DEF948B1317811F00301B8
S21402A30805D1204607B0BDE8F04FFFF7C5BD07B038
S21402A318BDE8F08FC6F40300CE61002038B5114DB3
S21402A3282B78023B012B18D80CF0F5FF0446B0B97F
S21402A338FFF7A2F82B78032B07D12346FF222146E4
S21402A3480120FDF777FE012038BD21462046FAF7A0
S21402A358D5FD003818BF0120F6E71720F4E70220DB
S21402A368F2E700BFD76100202DE9F74305460E46FF
S21402A37814460EF00AFA0C2828464AD10EF0F5FAC8
S21402A3880922002111F068FF00F11001C9B228461F
S21402A39806F074FF042813D07C282BD0012840F03E
S21402A3A8AC8046B91321284610F01FF903B0BDE861
S21402A3B8F0430EF094BC03B0BDE8F043FDF7DCBCF6
S21402A3C85B4B1B78022B40F0988046B9FFF7FAF8E9
S21402A3D8C3070AD5FFF792F8002C08BF3F26304677
S21402A3E803B0BDE8F0430CF0EFBAFFF7CFF8002849
S21402A3F8F0D0F1E7284612F00BF80446284611F08A
S21402A408EBFF02463046E1B203B0BDE8F0430CF07B
S21402A418D9BA0EF0AAFA8046043012F08EFB074626
S21402A42808F1020012F089FB4FF6F77398420446C9
S21402A4380CD8404A138801339BB213800BB93E4AA4
S21402A44813801EB13C4A13880133138098F8009093
S21402A45809F00309B9F1010F1DD1284610F0A2F937
S21402A4680146284606F00AFF0B2809D00D2807D011
S21402A478042842D1284603B0BDE8F043FFF7A6BB3E
S21402A4882E4B1B78042B38D10021084603B0BDE8B2
S21402A498F043FAF733BDB9F1000F2ED131462846FC
S21402A4A803F05EFD4EB34FF6F7739C4225D898F834
S21402A4B80160204616F0040622D10FF0FBFE054680
S21402A4C820467DB10FF028FF034600BB0C22009001
S21402A4D8214638460FF018F90C2200233946204642
S21402A4E8009308E00FF018FF0346C8B9144A009014
S21402A4F81278214638460FF007F903B0BDE8F08314
S21402A5080FF00AFF034678B90B220090F1E70622FD
S21402A51833462146384600960FF0F6F80622DCE760
S21402A5282B4600950622E4E74B46CDF80090F9E75D
S21402A538D76100200A5B0020085B0020D861002053
S21402A548336C00202DE9F04F05888BB00446284668
S21402A5580EF00BFA0746043012F0EFFA8146B81CE2
S21402A56812F0EBFA05A98046284610F065F9284647
S21402A57810F018F901460646284606F07FFE3B7894
S21402A588824603F00303012B0CBF83464FF0FF0BF2
S21402A59812F0E9F9E388019002930EF077FBFB7953
S21402A5A800904846039300F081FF002876D1404683
S21402A5B800F07CFF002840F08880FDF72BFB8046E1
S21402A5C8FBF7CEFD10B9FFF739FD30B1A8F1040844
S21402A5D85FFA88F8B8F1020F1BD90BF0FD03042BBB
S21402A5E800F0B380FFF72AFD20B10AF0030ABAF199
S21402A5F8010F0ED0FBF70EFD28B9714B1B7803F03E
S21402A6080F03062B68D16F4B2846B3F868100EF076
S21402A618F6F8BBF1010F63D128460EF0DAF84FF6CA
S21402A628FF73984240F0918000233146284607AAD5
S21402A6380FF048FE0746002842D042799DF825309A
S21402A648934209D9711D284689B206F02BFEA378D3
S21402A65823F00F030233A3700CF093F97E23B0FBAA
S21402A668F3F202FB130303F58073A3809DF82630EA
S21402A67813F0180F0AD0A3781B0707D1009B4B4587
S21402A68804D048467A7905A90CF0B0F99DF8270057
S21402A698003818BF01200BB0BDE8F08F28460EF030
S21402A6A864F9023012F049FA4FF6F773984207D95E
S21402A6B8039B2BB92846FFF757FC00287FF477AF91
S21402A6C8A37823F00F03A37008E0404612F030FB8D
S21402A6D800287FF472AFF3E72823A3800020DAE786
S21402A6E8BBF1020F54D10123314607AA28460FF0C0
S21402A6F8E9FD80460EF0CAFABDF8223098421FD10C
S21402A708B8F1000FDCD00122B8F8023031462846EC
S21402A7180FF0D6FD2C4A13780133DBB2FB711370A7
S21402A728B8F80230BDF81E209A421FBFA37823F05D
S21402A7380F030233A3704FF4C873A3800120AAE75D
S21402A748184612F0F5FA0028DAD128460EF041F833
S21402A75812F08EFA012808BF1C4BA27809BF1B7894
S21402A768FA2303EB830303EB830302BF9B00FA334C
S21402A7789BB21209A4D1DDE90121521A92B2934280
S21402A7889ED30CF0FEF800F01F001030A080D5E72C
S21402A798BBF1030FD9D1009B4B45D6D1711C284675
S21402A7A889B206F06BFD0C28CFD1FCF7FFFD4FF6F9
S21402A7B8FF7398420146C8D028460EF020F8C4E730
S21402A7C8D761002044550020D56100200E6C002079
S21402A7D82DE9F04105460C460DF0D7FF082802D1B0
S21402A7E80120BDE8F081201D12F0A7F9064628468A
S21402A7F894F807800EF01CF8074628460DF0BBFFB3
S21402A808010612D5184B1B78042B0ED1174B1B7852
S21402A818022B0AD1164BB3F868204FF6FF739A42FA
S21402A82803D000210846FAF769FB124B1B78002B67
S21402A838D6D1A01C12F081F94FF6F773984202D8C7
S21402A8486378DA070DD523789B070AD13A4641463C
S21402A85830460EF023FC80F00100C0B200F0010082
S21402A868BFE70120FAE700BFD8610020D7610020C1
S21402A87844550020826200202DE9F04F9DB0044620
S21402A8880DF083FF054620460DF07FFF082869D1A4
S21402A8984FF400432046ADF85030ADF85C4011F056
S21402A8A8B7FDBDF85C20A0F11005EDB210461023E6
S21402A8B8002100950FF086FE294617A80FF05AFECB
S21402A8C8204611F089FD0AF0EBF9002321461A46C4
S21402A8D80C20009309F0F0FF98B3204611F07CFD97
S21402A8E814A902461020FBF779FF0501204611F04D
S21402A8F873FD14A902464020EDB2FBF76FFF10B1B4
S21402A90820460CF047F8204611F066FD14A90246C8
S21402A9188020FBF763FFB8B99DB1102517A805F08C
S21402A92867FF2046BDF8507011F072FD06462046B5
S21402A93811F052FD29460090F3B2384617AA0CF0D9
S21402A948BFF81DB0BDE8F08FBDF8503017A8ADF8B7
S21402A9585E40ADF85C300CF0D6FC0028DCD145F041
S21402A9688005DBE720460DF050FFB0F5006F40F09B
S21402A978058120460DF05CFF0646042D40F0018155
S21402A98820460DF0F8FE80F40060C0F3C0200022D6
S21402A9983146400012F09AF8944B1A78022A0DD0E3
S21402A9A8FFF74CFB50B902F0FD03312B06D0043AF0
S21402A9B8012A03D98E4B1B78002BC2D021460220CF
S21402A9C801F06CF905900028BBD02046ADF8464049
S21402A9D80DF0CBFF0446BDF846000DF029FF0646EB
S21402A9E8201D12F0AAF8A31C83461846039312F0F9
S21402A9F8A4F812A90746BDF846000FF01DFF6378B3
S21402AA080690BDF8460094F8008008930FF0CAFE38
S21402AA186378054608F0030830460C93FBF7AEFB4E
S21402AA28B8F1010F0CBF032302230E93714B08BF24
S21402AA384FF00B091E80237818BF4FF00A0903F05F
S21402AA483C03082B0D907FF47CAFBDF8460011F04E
S21402AA58DFFCA8427FF675AFB8F1010F03D0237862
S21402AA689B077FF46EAF644BB3F86830B3420DD1E0
S21402AA78624A634BB2F9001093F90030002900F0DD
S21402AA88A58001EB0313A3EB211313804FF0010AF1
S21402AA98A5F11003DBB20A938DF84530102248461A
S21402AAA8BDF84610CDF800A00DF1450309F004FFE5
S21402AAB800283FF446AF089B13F00203099300F000
S21402AAC80981504B1B78002B3FF43BAFBDF84690EC
S21402AAD848460FF067FE002307904846CDE917332D
S21402AAE81993ADF868300DF0A3FE079B039003F1A7
S21402AAF80E01484689B20FF028FE002870D00023BF
S21402AB084946079A009317A80E2312F013F95046DF
S21402AB180DF15D010CF019FC9DF869300B90049359
S21402AB289DF85C30282B5BD10DF16100FBF7AAFD7E
S21402AB380F90002854D104980FF018FA0F9B00289B
S21402AB4866D1314B049A1B78D31A1C0648D404F0F3
S21402AB5859F950453CD111F00BFF2C4E0546346886
S21402AB6824B104F055F92C1B844239D30023FF2262
S21402AB7819461846FDF75EFA356031E04FF6FD765F
S21402AB88FBE64FF6FF70301A18BF01200022314646
S21402AB98400011F09BFF0C2D0DD12146012001F03B
S21402ABA87DF800283FF4CDAE214600201DB0BDE852
S21402ABB8F04FFDF7D3BF2DB920461DB0BDE8F04FC4
S21402ABC8FEF79CBA042D7FF4BCAEE5E61B025CE7F2
S21402ABD804F018F9022803D104F0F6F80028BAD0CF
S21402ABE800221920039911F071FFAAE6D761002006
S21402ABF8826200207E5B002044550020525B0020C3
S21402AC087F620020D3610020D261002054560020C3
S21402AC1810214846079ACDF800A00EF0F7FF002844
S21402AC28DED0BB4B049A1B78934240F0AA80039965
S21402AC380DF1610214A811F08BFD012114A8FBF78F
S21402AC48F5FA824648F2030114A8FBF763FBBAF149
S21402AC58000F03D0082114A80CF01AFB48460FF080
S21402AC68BFFD03990DF16100FCF72AFCFE28824617
S21402AC78B6D0FF280AD1039812F040F8FF28824679
S21402AC8800F087800DF16101FCF7F4FAA04B049AF4
S21402AC981B78934200F0A38050460B99FCF7F6FB0C
S21402ACA800283FF44EAE50460B99FCF701FC237879
S21402ACB898070FD148460FF075FD0146484606F03C
S21402ACC8DDFA00F00300012804D103980DF16101B2
S21402ACD8F0F738F8BDF846000DF04DFD010440F1D6
S21402ACE88580204611F029FF40F4007189B220467B
S21402ACF811F025FF00224FF40041BDF846000DF082
S21402AD082BFDDDF81490012310220093BDF846109F
S21402AD180E980DF1450309F0CFFD00283FF411AE59
S21402AD28032866D1204611F008FF40F4007189B264
S21402AD38204611F004FF304611F0FAFF002840F0D2
S21402AD48B680DDF81490B8F1010F40F0B680032003
S21402AD58BDF8461000F0A2FF002840F0AE80294653
S21402AD68BDF8460006F08AFA0F2801467FF6E9ADD6
S21402AD784FF6F7739F423FF6E4AD30460EF063FB9C
S21402AD88DFE55046049903F085FA00287FF44FAFB2
S21402AD9826E7237803F00303012B08D148460FF071
S21402ADA801FD0146484606F069FA082892D0594B32
S21402ADB81A78594B1B789A4209D20DF16101039809
S21402ADC8FCF70CFA039811F099FF82465EE7A01C7E
S21402ADD811F0B3FE4FF6F7739842EED900E75046E5
S21402ADE8FCF7CEFB00283FF457AF5CE74FF00009AC
S21402ADF889E7304611F09CFF0028A4D0099B002B57
S21402AE0857D1B9F1000F52D1B8F1010FBDF846007B
S21402AE189DD0294606F032FA8246DFF8089199F85C
S21402AE280030002B54D00DF031FF87427FF489ADF5
S21402AE38B8F1010F7ED1BAF1070F75D8BAF1050F2E
S21402AE487FF67FAD354B1B78022B02D0043B012BD5
S21402AE5803D899F80030002B41D00C9B9A0640F193
S21402AE68B4800D9B002B40F0AC80304611F057FFA3
S21402AE78FF2840F0A6805E457FF463AD069B002B54
S21402AE8800F09D8012AB46F204020124ADF85C2065
S21402AE980193214602233046009417AA0FF05EFC5F
S21402AEA800283FF44EAD21460DF0E2FF49E5DDF8F5
S21402AEB8149030460FF018FA45E72946BDF84600C2
S21402AEC806F0DCF9099B824613B9B9F1000FA4D043
S21402AED8124B1B78022B02D0043B012BBDD83046FE
S21402AEE800F0E4FA814600287FF42BAD0DF0CEFE82
S21402AEF8864225D10A4BB3F868400DF0C7FE4B468A
S21402AF0801460D222046CDF800900EF0FDFB18E50E
S21402AF18D2610020D16100200F6C0020D76100208A
S21402AF2844550020D3610020AAF10E03DBB2012BA0
S21402AF3888D906E50AF00303012B7FF402AD81E700
S21402AF48304611F0F5FE58B90DF0BDFE4FF6FF7308
S21402AF58984205D011F06AFC10B93046FCF7E4F8BE
S21402AF68304611F0E5FE88B10DF0ADFE4FF6FF73E0
S21402AF7898420BD011F05AFC40B9B8F1010F02D131
S21402AF88BAF1060F02D030460FF0ADF9069BA3B908
S21402AF981946012258460EF01FFB814600287FF408
S21402AFA8D0AC20460FF03BFC4A46014638460EF027
S21402AFB813FB00283FF451AFC3E412A9E9E7069B46
S21402AFC861E7637823F0200363704FF6FC739F42B1
S21402AFD83FF4B7AC4FF6FD739F4204D1B34B1B78D0
S21402AFE8042B3FF4AEACA3790BB1013BA371637893
S21402AFF85B0727D50023584617AA14A917930FF0FC
S21402B00853F91798F0B10FF048F98146384611F00F
S21402B01886FE179A0146137903F03000102806D0E8
S21402B02803F00C0008281CBF23F00C0313711379D5
S21402B03803F03303202B05D1FF2903D0012248460B
S21402B0480FF03AF9304611F06AFEFF281EBF0022BA
S21402B058974B43F82020089B03F001094FF6F77335
S21402B0689F4200F2F980B9F1000F40F001813146A3
S21402B07858460EF07BF90DF009FE874200F0C680AE
S21402B088384611F055FE002841D0B8F1010F27D1F5
S21402B098BAF1010F17D14A462946BDF846000FF005
S21402B0A80EF9384611F044FE824B1B78002B72D1FB
S21402B0B8584611F03DFE002866D1384611F038FE93
S21402B0C8002861D13DE4384611F032FE50B3BAF199
S21402B0D8030F27D12946BDF846000EF04DFB30E493
S21402B0E8384611F025FE38460FF016F9002847D0E4
S21402B0F8002339465846BDF8462001F061F9002873
S21402B1083ED00021BDF84600FEF7C6FE19E43846D2
S21402B11811F00EFE18B1B8F1010FD8D0E3E7B8F176
S21402B128010FE0D1634B1B78002BC1D0BAF1050F93
S21402B13831D10DF0ABFD8DF85C000DF0A7FD000ACD
S21402B1488DF85D000123022217A90DF14600FAF7D1
S21402B15875FD00287FF4F5AB691C89B2BDF8460078
S21402B16806F07AF80378013303706378590715D422
S21402B1780DF08CFD834522D0002239461C2032E58C
S21402B1884C4B1B78002B93D0B8F1010FCED06378C6
S21402B1985A0714D502E06378580718D5BDF8464012
S21402B1A820460FF0C1FA411C89B2204606F054F830
S21402B1B80378B8F1010F03F1FF33037004D0BDF82A
S21402B1C84600FEF78DFF09E0BAF1050FD0D0BDF8AC
S21402B1D84600FEF785FFBAF1030FCDD00228CBD181
S21402B1E80021584617AA0FF062F830B10379468054
S21402B1F803F03C0343F04003037100232E4A0093F6
S21402B2083946584612780EF07FFAB5E7B8F1010FBC
S21402B2187FF477AF0AF1FF330C2B00F2868001A287
S21402B22852F823F08DB202008DB20200DDB00200A1
S21402B238A3B20200C5B202004BA90200E9B202009C
S21402B248F9B2020005B3020005B302004BA90200D8
S21402B2581BB3020027B30200B8F1010F71D0B9F18F
S21402B268000F08D1BDF84600FEF7AEFFFFF769BB30
S21402B278B8F1010FCED0237A03F00303012B7FF433
S21402B28860ABEFE7AAF102035A422946BDF8460028
S21402B2985A410FF014F8FFF754BB2A465846BDF831
S21402B2A84610FEF71FFCFFF74CBB00BFD861002014
S21402B2B8D4460020136C0020336C0020691CBDF8AD
S21402B2C8460089B205F0DAFF0235EDB20246BDF84D
S21402B2D846305846009512A906F0D4FDFFF731BB52
S21402B2E801200A9ABDF84610FDF71AFBFFF729BB9C
S21402B2F8BDF846000EF0E9FFFFF723BBBDF846008F
S21402B308FEF732FDFFF71DBBBDF84600FEF72CFD23
S21402B318A8E7BDF84600FEF70BFAFFF712BBBDF822
S21402B32846000BF0EAFFFFF70CBB2B4622465046B8
S21402B338BDF846100BF0B7FF00287FF402AB514663
S21402B3481BE50AF1FF330C2B3FF6FBAA01A252F8C3
S21402B35823F000BF8DB202008DB20200DDB00200FB
S21402B368A3B20200C5B202004BA90200E9B202006B
S21402B378F9B2020011B3020011B302004BA902008F
S21402B3881BB3020027B3020010B5002111480DF0C6
S21402B39850FB0446E8B10DF074FA0F4B18702046BD
S21402B3A80DF074FA0D4B187020460DF075FA0C4B1A
S21402B3B8187020460DF075FA0A4B1860012011F035
S21402B3C8DBFA2046FFF758FABDE81040002011F0D5
S21402B3D8D3BA10BD305B0020806200207F62002056
S21402B3E87E6200204C56002070B5144E0446336820
S21402B3F80D46BBB10DF0C9F90C2813D120460DF045
S21402B408B4FA09220021044610F026FF235C042B16
S21402B41808D10B4C25B10B4B22781B789A4203D3E2
S21402B42800232370002070BD0748316811F0C0F869
S21402B4382378012001332370F5E700BF5056002019
S21402B44881620020326C0020D86A0020014B93F9F2
S21402B45801007047525B0020014BB3F86800704742
S21402B4684455002070B500240D4D2C70EFF77CFA79
S21402B478E6B2B04208D800220A4B1A700A4B19885C
S21402B48801B11A80012070BD304611F04EFCC30788
S21402B49848BF2B7804F1010444BF01332B70E5E75B
S21402B4A8D0610020C9610020045B002038B50B4B30
S21402B4B805461B7873B101335C08094B188810F0EF
S21402B4C88BFF002330F81320AA4205D00133DAB2E4
S21402B4D8A242F7D3002038BD0120FCE7C96100204C
S21402B4E8045B002030B5054685B008460C4611F0C8
S21402B4F818FCFF280CD00EF024F80122002103467F
S21402B508CDE90112009221462A460720FCF7F6FBEF
S21402B518284611F004FCFF2804460FD011F005FC5B
S21402B528C2070DD5204611F000FC830708D40B4A43
S21402B53832F8143043F4806322F8143005B030BD74
S21402B5480DF0FFFF012200210346CDE90112009209
S21402B55807202A46FCF7D2FBF0E700BF005B002074
S21402B5684FF6FA72431E9BB2934270B504462AD827
S21402B578FFF79CFF38BB194B1B78042B23D02046B9
S21402B58811F0BCFBFF2801D0FBF7FEFC20460EF0AC
S21402B59886FE08B10EF07DFE2046114E03F0ACFE84
S21402B5A820460BF021FA31780E4D69B1288810F042
S21402B5B813FF054601461E220230F2F7ADFB2C8029
S21402B5C833781E2B07D970BD202010F079FF28800B
S21402B5D80028EBD1F7E702333370F4E7D86100208E
S21402B5E8C9610020045B0020044A13782BB1013B92
S21402B5F8DBB213700BB9024A13807047C961002088
S21402B608045B00200148FAF7D5B800BF045B0020A7
S21402B6182DE9F047804617460D468CB061B903AE51
S21402B62800211B4811F0F1FA4FF000090446DFF832
S21402B63860A01CB920461DE00E46F1E7002221460E
S21402B64824233046CDF8009011F074FB08224146B8
S21402B6583046F2F75BFEA8B9337C9BB96FB945B999
S21402B6682A4621460A480DF003FA0A4A1388013B7D
S21402B678138001200CB0BDE8F0873B88B28953409E
S21402B6885B06ECD52146504611F0E3FA0446D0E7AD
S21402B698665B0020645B0020024B1888003818BFDF
S21402B6A801207047645B00202DE9F04330488DB0D6
S21402B6B8FAF770FB11F05CF92E4D2B68C41A4FF49A
S21402B6C87A73B4FBF3F4A4B214B111F051F92860FA
S21402B6D8294F4FF6FF763B88DFF8A080ADF80A3090
S21402B6E800233B8000210DF10A000DF0A2F9054661
S21402B6F858B9224B1B882BB14FF47A711C487143F8
S21402B70810F056FF0DB0BDE8F0834FF00009242371
S21402B7184A462946CDF8009003A811F00BFBBDF85F
S21402B7281A30A34294BFDB1A1B1B9BB2ADF81A3021
S21402B73863B9BDF818301B0602D508980BF0C1FB92
S21402B748B8F80030013BA8F80030CBE79E4228BF85
S21402B7581E4601234A462946009303A8242311F0CD
S21402B768E9FA4A462946384611F055FABAE700BFBA
S21402B778B847002058560020665B0020645B00200D
S21402B788F0B504462E4A8DB01068516801AB03C363
S21402B798A378012B4FD1162200210DF11A00F2F7D9
S21402B7A869FAD4F82110D4F81D0003AB03C3238822
S21402B7B8190644BF62680892DA050BD5221D08AE40
S21402B7C804F11407354610685168083203C5BA42B0
S21402B7D82E46F7D1ADF8183013F0040318BFA36944
S21402B7E80593EFF7D9F80023ADF81A00082201A945
S21402B7F803A88DF81C30F2F789FD18B106A903A82C
S21402B8080EF03AF90022242103A80DF0C9F80446DE
S21402B81898B10020FFF748FF00222146094811F098
S21402B828FAF9094A0020138801331380FFF73CFF10
S21402B83800200DB0F0BD0220FBE71920F9E700BF93
S21402B848C6F40300665B0020645B0020F7B5044676
S21402B85800200E46FFF728FF104B1B88A34202D88B
S21402B868212003B0F0BD00210D4811F0CEF90025C5
S21402B87801460B4F0029F3D0A54208D10024242301
S21402B88822463046009411F055FA2046E9E7384633
S21402B89811F0DFF901350146ECE700BF645B0020D2
S21402B8A8665B00200148F9F785BF00BF665B00208B
S21402B8B8014B1888704700BF645B002070B50C46C1
S21402B8C811460E4A23781278064613F0200542EAF5
S21402B8D80302227018BF611D0822F2F71DFA002D16
S21402B8E80CBF05200D20D4F80130B36023783373DB
S21402B8F803F01803082B08BF013070BDD36100207F
S21402B908042307B501200DEB0301054AFAF7BCFA32
S21402B918019B044A1B03136003B05DF804FB00BFD7
S21402B92863E511007C48002010B5064C2368C3F373
S21402B9380B0313B90448E3F7A9FC2068431C2360E9
S21402B94810BD00BF7C48002063E51100014B186853
S21402B958704700BF7C48002007B50020054B064A02
S21402B968186004230DEB03010190FAF78DFA03B071
S21402B9785DF804FB7C48002063E511007FB51123BF
S21402B9880A4A012001A9FAF77FFA094B9DF8142002
S21402B9981A70084B1B780BB1052B05D10AF0F0FF7D
S21402B9A8012007B05DF804FB0020FAE779EB0100F6
S21402B9B8D2610020D36100202DE9F04F0646CBB0B5
S21402B9C8884600880121174610F03EFD2E4B3A465F
S21402B9D83188ADF8160006A80EF0EDF80DF1280B22
S21402B9E85A464146C41930880EF06FF8E4B208EB9E
S21402B9F80003A34208BF044605464FF004091CBFCD
S21402BA08A4EB0804E4B223465A460121CDE900090C
S21402BA180BEB050ACDF808B02D1B06A8EFF7ECFBD2
S21402BA28EDB20BEB04030093019523465A464146B2
S21402BA3830880EF078F834883946204605F01EFC21
S21402BA48394600F0F802204605F02CFC0121308821
S21402BA5810F0FAFC01234A46514680B10DF1160051
S21402BA68FAF7ECF801210446BDF81620308810F0E3
S21402BA78FFFCB4FA84F040094BB0BDE8F08F3046BC
S21402BA88FAF7DCF80446F4E75D6200202DE9F04F89
S21402BA98C9B0044688469246C118224A04A81F46D8
S21402BAA8FFF70CFF4FF00409C519EDB208AB029375
S21402BAB8A5EB0A0BA8EB0A035FFA8BFBA8EB0506B5
S21402BAC8DBB2F6B204EB0A02009301215B46CDF81C
S21402BAD8049004A8EFF790FB06F590730DEB0302AB
S21402BAE85A44A2F58072136808A844F80830E35D41
S21402BAF8324623F00703E3552C442146F2F74AFA66
S21402BB0808ABCDE9019308AA00230121009604A8F0
S21402BB18EFF772FB3246204608A9F2F73BFA49B01D
S21402BB28BDE8F08F5D620020F8B506460EF010FFFD
S21402BB38811C054689B230460EF007FEF0B1EDB11B
S21402BB482946304605F09AFB1228074616D80C4BAB
S21402BB58691C1C5C89B2304605F090FB2C44052F04
S21402BB68E4B205D1052809D8064B1B5C1C44E4B28E
S21402BB7821463046BDE8F8400EF0E7BD0020F8BD85
S21402BB886ED0040068D00400F8B505460EF00AFE2A
S21402BB98044628460CF0E9FEA11C074689B2284648
S21402BBA80EF0D3FD00283ED0002C3CD02146284675
S21402BBB805F064FB0646611C284689B205F05EFB62
S21402BBC80F2E30D8194B9B5DE118731E89B2092BCC
S21402BBD80ED8DFE803F009050D0D120D0D181E1E0E
S21402BBE8C40644BF083189B2820601D5083189B233
S21402BBF82846BDE8F8400EF0A8BD7B78DB0612D5CD
S21402BC0801EB4001F3E700F01F0000EB400001449F
S21402BC18EDE71F2805D8092E0ABF4000022080B289
S21402BC28F5E7C828E4D00020F8BD00BF81D004009C
S21402BC38F8B506460CF099FE09220021054610F0D2
S21402BC480BFB00F11004284610F077FFE4B2074613
S21402BC582146304605F012FB0546304610F0D8FB62
S21402BC68BA05A0EB0403DBB20AD47C2D0AD0082D51
S21402BC780AD8064A505D98428CBF00200120F8BDBB
S21402BC881220F8E70320F6E7FF20F4E792D0040034
S21402BC98014B1878704700BF346C002038B5114B3A
S21402BCA804461B7808469BB9012038BDA24205F116
S21402BCB801050FD103EBC1035B6898470028F3D14F
S21402BCC81E2022464FF6FF7110F000FF0020ECE718
S21402BCD80025054BE9B213F83120002AE6D11446AE
S21402BCE8EEE700BF346C002038D004004FF6FF732E
S21402BCF807B502220DF106010348ADF80630E3F750
S21402BD0801FB03B05DF804FB603202E0002307B5CE
S21402BD18ADF80430134B984221D10B88DA0703D5C5
S21402BD28232003B05DF804FB9B0748BF4FF47F430C
S21402BD384FF002020C480DF1060148BFADF8043078
S21402BD48E3F7B4FA4FF6FF73BDF806209A42E7D136
S21402BD580222054801A9E3F7D5FA0020E1E72120E7
S21402BD68DFE700BF1FD1BACA603202E0002313B56C
S21402BD780222038004460DF106010F48E3F796FAFD
S21402BD882D2801D0112805D14FF6FF73ADF80630DD
S21402BD98FFF7ACFF9DF80630BDF806201BB12388D6
S21402BDA843F0010323800020FF2A82BF238843F042
S21402BDB80203238002B010BD603202E0034B1B78F8
S21402BDC8002B14BF442056200E307047D361002043
S21402BDD82DE9F04F8DB0179C06468946CDE9022319
S21402BDE8BDF85870D588ADF816103CB9EC0605D5DE
S21402BDF800970AF0F6FE0DB0BDE8F08FC5F3802472
S21402BE082B054FEA043448BF44F40064A80511D54C
S21402BE1844F080040A2E00F26981DFE816F09A00E0
S21402BE282F001700370067016701370010009A00D5
S21402BE3837009E00E90548BF44F04004EAE74FF0A1
S21402BE4801084FF0020B4FF0000A14E008A95FFA47
S21402BE5889F00EF0ECF8DDF82500DDF8291006ABBF
S21402BE6803C3A44B33F81930ADF816304FF0000868
S21402BE78C3460DF1180A002F5DD125E006AA0DF17A
S21402BE8816015FFA89F003F017FAEFE74FF6F77331
S21402BE98994540F22B8115F4026F40F02781964BA4
S21402BEA81B78022B03D0043B012B00F2218147BBEF
S21402BEB8032E4FF001080CBF4FF00C0B4FF0080B87
S21402BEC8BA4624F4C074A4B28C4B18884FF6FF7393
S21402BED8984206D08A49FAF767FB10B124F48054D0
S21402BEE8A4B2039B38460093BDF81620534644F482
S21402BEF8027105F0EBF9ADF82000002838D11920B8
S21402BF0879E7384610F084FA0246FFF757FF032E01
S21402BF1808BF0138824201DD38206CE7032E4FF055
S21402BF2801080CBF4FF00C0B4FF0080B4FF0000A3D
S21402BF3824F4C074A4B2029B1B889BB91A463946DD
S21402BF480620009308F0DBFC0028BDD140F601402D
S21402BF5851E74FF00008C34675E74FF001084FF067
S21402BF68030B70E7002339461A4607200093E9E7D1
S21402BF784FF6FF73614A118899421CD00CF0F5FC03
S21402BF8803465E4A04301188039310F0D8FD5D49D3
S21402BF98039B097814F4805FD9715949574A1FBF21
S21402BFA8086898604868D8604FF6FF7313804FF0A9
S21402BFB8FF330B604B605946029A08A805F03AFA16
S21402BFC800289CD0504C2378002B3CD1A7B1384689
S21402BFD810F01EFA0746BDF8200010F019FA23786A
S21402BFE80744002B14BF12220022EB1003F00403AE
S21402BFF817443B44842B8FDC15F400570AD0BDF84F
S21402C008204020460CF0B7FB40F4806189B22046F7
S21402C0180CF09CFBA6F10803012B05D8012210217F
S21402C028BDF820000CF098FB179BBDF8204043B3E0
S21402C0382046BDF816100CF0E2FBBDF82030179A21
S21402C04800201380D7E6AA06C0D56B0103F02003AA
S21402C0580A2E14BF43F0010363F07E03DBB2B8F185
S21402C068000F08D000215246009108A800F082FE70
S21402C0780028ABD0BFE61A46514608A80DF0C6FE01
S21402C088F6E720460EF08EFB179B02462146042052
S21402C098009308F034FC00283FF458AF0A2E18D84C
S21402C0A84FF4D963F340DB0713D5072E0AD00A2EBE
S21402C0B808D0BDF820000DF069F980F00100C0B282
S21402C0C8800098E608A80BF0FBF80028F1D00420B8
S21402C0D891E617B125F04005ADB22B463146BDF8BC
S21402C0E820005FFA89F201F07DFE84E6012082E6EE
S21402C0F8162080E6345A0020D7610020BC6B002048
S21402C108356C00208D620020D3610020F7B50F46FB
S21402C1189DF828100446DDE90B061D46F1B94FF6D0
S21402C128FF739C421CBF174B1C804FF000041CBFB9
S21402C138154B1A70BDF8240005F012FA00232A4699
S21402C148CDE90043394606209DF82030FFF740FE29
S21402C15810B90EB1AB7A337003B0F0BD78B14FF6B2
S21402C168FF739C421FBF074B1C80074B1A700022A6
S21402C1780CF016FC04460028DCD11920ECE7212036
S21402C188EAE700BFBC6B00208D6200202DE9F0476D
S21402C19888469DF82810074616461D469DF820A094
S21402C1A8BDF824900B9839B158B300220CF0F8FB6E
S21402C1B8044610B9192025E00C464FF6FF739D4237
S21402C1C81FBF114B1D80114B83F800A04FF6F77363
S21402C1D89E4208D80E4B4FF6FD761A784FF6FF7336
S21402C1E8002A18BF1E46484605F0BAF900233A4602
S21402C1F8CDE9084331464346BDE8F0470320FFF73A
S21402C208E7BD2120BDE8F087BC6B00208D620020C8
S21402C218946100202DE9F04786B09DF838600546FF
S21402C228DDE90FA80C4617469946B6BB374B1B786E
S21402C238022B1DD125BB4FF6F7739C4214D8002655
S21402C248484605F08DF900233A46CDE900632146B3
S21402C258FF232846FFF7BCFD38B9B8F1000F04D013
S21402C268BB7A88F8003000E0012006B0BDE8F08707
S21402C278043B012BDED908460BF01FF810B31DB39A
S21402C288022D31D1EEF76AFBA042EDD9204B33F8E6
S21402C29814204FF6FD739A4219E0BAF1000F32D015
S21402C2A81A4B1B78022B05D1FFF788FDB042E6D25F
S21402C2B83820DAE7043B012BF6D908460AF0FDFFD8
S21402C2C80028F1D11620D0E74FF6F7739C42CBD858
S21402C2D8002EB4D03146002250460CF061FB0646CA
S21402C2E80028ADD11920C0E7012DBDD104AA0DF151
S21402C2F80E01E0B202F0E0FF064B1B78A342B3D968
S21402C308BDF80E20C5E72120AFE700BFD7610020A1
S21402C318345A0020096C002030B5104B87B0054609
S21402C3280C461868596803AA03C298680C49106034
S21402C3389A88DB8852BA23F04003ADF812300023FD
S21402C348CDE90043ADF81020FF23098803AA072089
S21402C358ADF80E50FFF73CFD07B030BD725B00200B
S21402C3687E5B002038B50C461146124A124D1080E4
S21402C37822682A6062686A60A268AA60E288500632
S21402C38816D5EA88520613D561B1002218460CF073
S21402C39807FB014650B16088FFF7BEFF0522074B30
S21402C3A81A7038BD08460EF03EF9F2E71920F5E78E
S21402C3B80220F6E77E5B0020725B00209D6200206A
S21402C3C82DE9F04F074689B0104615461C468A46A0
S21402C3D80EF0E8F90146284604F050FF06462846BD
S21402C3E80CF0C3FA043010F0A8FB80460CF04EFCA2
S21402C3F8804550D0B2074ED1DFF8AC80284605A952
S21402C408B8F800B00EF0B5FA9DF81930A8F8007022
S21402C41803BBBDF81430EBB928460CF0A6FA023076
S21402C42810F08BFB4FF6F773984294BF4FF0000953
S21402C4384FF0010901230134E4B22A463846CDF802
S21402C448009005A9039303F001FC039B40B901334E
S21402C4589C421ED20020A8F800B009B0BDE8F08FB2
S21402C468022CF8D1012BF6D10C4A0D4BA3F800A0EA
S21402C4781378591C11700B4A7F3B16F00C01137087
S21402C48807D1BDF81A305B0603D5BDF81600FFF7CC
S21402C49843FF0223D1E70020DFE700BFD561002073
S21402C4A8BC6B00208D6200207E5B00202DE9F04FD9
S21402C4B8ABB00F46ADF81E000CF057FA00F1020AB0
S21402C4C80646504610F039FBBDF81E400546204683
S21402C4D80EF068F90146204604F0D0FE814600F0C8
S21402C4E80308301D10F029FB414C20800CF0CEFBCF
S21402C4F8A8422DD04FF6F7739D4229D87378DA07EB
S21402C50826D428460DF008FF30B101232946BDF887
S21402C5181E202088FFF754FF0CF0B8FB344B1B880C
S21402C52883420FD1BDF81E4020460EF03BF9014665
S21402C538204604F0A3FE10F00C0103D1BDF81E003D
S21402C54801F00EFD00222B4B1A602BB0BDE8F08FCF
S21402C5582949BDF81E000EF00CFA2849BDF81E003F
S21402C5680EF06AF90028254B08BF0023214ABDF8B9
S21402C5781E0013600CF085F9214B1870BDF81E00DA
S21402C5880CF084F91F4B1870BDF81E000CF089F9E0
S21402C5981D4B186000238DF82230002F3AD0164B18
S21402C5A8DB889B0636D5194B1B689D071ED4B8F147
S21402C5B8010F14BF082318230DF12202009200224D
S21402C5C80DF11E00114600F0D5FB18B3B8F1010FA5
S21402C5D8A2D10F4B1B78112B9ED10DF0B6FC00286A
S21402C5E89AD140F61D40FBF70FFB95E70823E3E7D1
S21402C5F87E5B002060560020725B00208562002069
S21402C608806200207F6200204C5600208C48002062
S21402C618D7610020504610F090FA8246BDF81E00F8
S21402C6280FF0F6FEA0F11005EDB22A4631460AA82A
S21402C638F1F7B0FCFF238DF82F304FF6F7739A45C3
S21402C64840F2DF80B8F1010F00F0E780B8F1020F80
S21402C65800F04681B8F1000F7FF45EAFA44DBDF836
S21402C6681E00EB88ADF8240004930CF07EF9BDF8A2
S21402C6782460074630460EF095F80146304604F028
S21402C688FDFD8DF82300B81C7E7810F056FA074692
S21402C6980CF0FCFA06F00106B4F8009003906C88D9
S21402C6A8002E7FF439AF4FF6F77A42464946574589
S21402C6B88CBF0620082010F009FABDF824B05846A8
S21402C6C80EF070F85946024643460420CDF800801C
S21402C6D808F0F2F8574583460AD8B5F90620EB88DB
S21402C6E8002A05DB580603D541462046FFF714FE06
S21402C6F8BBF1000F3FF410AF2B88002B5AD16B7991
S21402C708002B57D14FF6F7730DF126019F42BDF85D
S21402C718240094BF4FF0000B4FF0010B0DF0E6FC1F
S21402C728DFF8D8A100F1FF38BAF800301FFA88F10E
S21402C7380593EB88BDF82600069304F09FFD069B3A
S21402C74804990190009322465B460598C1F340116E
S21402C7580AF0C0FD00283FF4DFAE0423062000934B
S21402C768BDF82610624B5FFA88F208F0A5F8002892
S21402C7783FF4D2AE48F202036A889A4205D1BDF85F
S21402C7882410BAF8000000F025FF594D09AA2946D8
S21402C7980DF123000AF09CFD034600287FF4BCAE88
S21402C7A82104BAF80000BDF8242060D5234629469D
S21402C7B80DF0B1FC9DF823304D4D03F00C030C2B05
S21402C7C875D128890DF072FC00283FF4A5AE039BAC
S21402C7D8002029894B4514BF0226032602F044FC92
S21402C7E8444B18704FF6F7739F42BDF8240075D86D
S21402C7F8A4F138025342534132463D4904F036F812
S21402C8088AE6B8F1020F6BD0394BB3F90630002B23
S21402C81826DAB8F1010F7FF41DAF0CF037FA238839
S21402C82883423FF479AE0520BDF81E10FFF736FAAC
S21402C83800283FF471AE2E4AD3885B0607D500233C
S21402C848CDE900330A20FF232188FFF7C1FA3A46CA
S21402C8589DF822302188BDF81E0002F01DF85BE61E
S21402C86829460AA800F070F80028D2D054E6022119
S21402C878DFF88C8088F800102946CDF800B003F05F
S21402C888E5F9132C96D0EB885D0493D41A4B1B78E3
S21402C898D80703D598F80020022A8BD099077FF587
S21402C8A83BAE98F80030012B7FF436AE82E70022C2
S21402C8B82B79124800936B791146008802F0FCFB2C
S21402C8C80C4B18709DF8233003F00C03082B89D103
S21402C8D8039B4B4514BF0426052683E701238BE7F3
S21402C8E84846BDF81E20024901F0AEFA14E600BF1B
S21402C8F8725B00209C620020986100207E5B00200C
S21402C9088E62002010B5002108480CF092F8044602
S21402C91850B101460420FFF7C1F928B12046BDE808
S21402C92810400121FFF7C2BD10BD00BF625B0020A8
S21402C938034BFF211A7803489200F1F79BB900BF10
S21402C9480A6C00204445002070B5451804464FF08E
S21402C958FF31AC4212D1104B10481A780546002314
S21402C968934211DB0E4C2078431CB3FBF2F602FB13
S21402C978163345F82010237000200CE014F8010B3B
S21402C988E1F7F4FD0146E4E750F8044BA14201D072
S21402C9980133E5E7012070BD0A6C002044450020FB
S21402C9A88F620020042307B501200DEB0301054A18
S21402C9B8F9F76AFA019B044A1B03136003B05DF891
S21402C9C804FB00BF23E111005C560020014B1868E7
S21402C9D8704700BF5C560020014B1868704700BFBE
S21402C9E85C56002010B5064C2368C3F30B0313B934
S21402C9F80448E2F74BFC2068431C236010BD00BFC6
S21402CA085C56002023E111002DE9F04F93B0039302
S21402CA180023DDE91C79069399F8003083460DA8B1
S21402CA2804930E4615460AF0E3F899F8003013F018
S21402CA3803043ED0039B0DF1250A8DF8243000220C
S21402CA48082138460CF0B0F8002870D028880BF079
S21402CA588CFF99F800301C074CBF0430023010F0E7
S21402CA686CF807A98046F9F79FFB9DF82430044620
S21402CA78980633D5288806F10D010DF066FEA8B192
S21402CA8800230093384608232988721D10F052F9AD
S21402CA9899F8003003F01803182B4AD1B8F1000FA2
S21402CAA847D0A94BB3F86830434542D040F60A430C
S21402CAB827E02888711D0DF048FE0028F6D000945D
S21402CAC805233246298809A810F034F99DF824303F
S21402CAD80DF1240A03F018030393B0E714BB394692
S21402CAE84046F9F761FD0028D2D099F80030990738
S21402CAF8DCD040232246214640460DF0B3FB40F6E2
S21402CB08094399F8002012F0030440F0F7802888B9
S21402CB1803930BF08DFE224601461A200FF0D6FF2D
S21402CB28039BEBE007AB03CB38607960B0E74FF6C0
S21402CB38FF780AF0B2FB044620B104213846F9F71A
S21402CB484FFB04461E9B002B5AD009231E990DA89C
S21402CB588DF834300AF0C6F9209B0BB1209B069359
S21402CB68039B002B40F08E800DA8EEF7A7FB99F8E2
S21402CB7800309A0700F09880FFF734FF51460246C5
S21402CB8801200AF0D4FB99F800309B0710D55946C5
S21402CB9828880DF0B4FE0BF1090350FA83F35FFA06
S21402CBA883FB594628880DF081FE00EB0B06F6B289
S21402CBB899F8003013F0C20F0AF104030DD09DF85D
S21402CBC82420624942F020028DF824200A68CAF816
S21402CBD804204A685A600AF10C03012209A8009246
S21402CBE81B1A324629889BB210F0A4F832465946D8
S21402CBF82846FEF7E1FE002800F0A48000237DE028
S21402CC081F9B5BB19E460DF1340CBEE80F00ACE8E4
S21402CC180F00DEF80030CCF800309DE7049B59463A
S21402CC2803F020032888049304F028FB10F0030F6F
S21402CC380CBF012300230593049B059A003B18BFEB
S21402CC48012342EA430300930DAA06AB38461F990E
S21402CC5800F0FEFA049A034682B1002880D0059BAB
S21402CC680DAA0093384606AB1F9900F0F1FA034660
S21402CC7899F8002022F0200289F80020002B3FF4C1
S21402CC886FAF3EE7039B102B06D1BDF8363043F054
S21402CC980103ADF8363067E7039B182B4FD1BDF872
S21402CCA8363043F00203F4E701200DF125010AF0BD
S21402CCB84CFB99F80030824613F0040F288821D1DD
S21402CCC8069B1BB3002C35D00BF0B2FD00220146A2
S21402CCD816200FF0FBFE84B17FB14FF6FF7398451E
S21402CCE80BD000230DA91A4638460AF00CFA394624
S21402CCF840469DF835200AF0E6FA0123184613B096
S21402CD08BDE8F08F002CDFD1104F01E0002CDBD1FC
S21402CD1800233246009359463B460CF077FF00281C
S21402CD283FF4C4AE002C3FF469AF069A0AF1010339
S21402CD38136063E71B685345C6D80124E8E740F644
S21402CD480A43DBE71923D9E7445500205D62002031
S21402CD58002307B5054A0648136004220DEB0201B4
S21402CD680193E2F7CFFA03B05DF804FB5C560020A5
S21402CD7823E111002DE9F04F0446B1B000888DF882
S21402CD882F3016468A460DF00DFD0146814620884C
S21402CD980DF08CFD00EB090820880DF0D9FD002364
S21402CDA89DF82F505FFA88F815F001070790ADF83E
S21402CDB8363008D101460DF1360220880DF07FFC88
S21402CDC808B1ADF8367016B9CDE90E660EAEFEF7A6
S21402CDD863FC18B145F020058DF82F500023CDE9E5
S21402CDE8033302930DF12F03CDE90063224653461F
S21402CDF841464846FFF708FE0546002800F04381EC
S21402CE089DF82F3013F0010746D1B44A23F02003C9
S21402CE18106851688DF82F3010AB03C3184600F01F
S21402CE28FBF90546FEF744FDBBB2984200F2B7800E
S21402CE383A9B13B100233A9A1370BDF83630CBB139
S21402CE48012120880FF000FB27880546002800F0FD
S21402CE584F81012138460FF0F7FABDF836700546BD
S21402CE6838460FF0D5FA002300903A461946284667
S21402CE780DF0A8FB0023CDE9033302930DF12F032F
S21402CE88CDE900632246534641464846FFF7BCFDB5
S21402CE980546002800F0F7809DF82F3003F01103AE
S21402CEA8102B40F003818E4B1B78432B40F0FE80FC
S21402CEB88C4B1B685B0640F1F980208808F1050157
S21402CEC80DF043FC8346002800F0F0804146208897
S21402CED804F0D4F9844B10F0200F08BF1E4612A89F
S21402CEE800F09AF90822314612A8F1F70FFA00283C
S21402CEF800F00E81314612A80AF0AEF9012326AEDA
S21402CF0800933246002314A912A800F0A1F90028BB
S21402CF1840F0CC8012AB0DF12F07CDE903600290EA
S21402CF28009322465346414648460197FFF76CFD52
S21402CF38002800F0EF80BDF89A30102043F008036E
S21402CF4818AA14A9ADF89A300CF037FD002840F05C
S21402CF58AD8012ABCDE90360CDE90170009322469D
S21402CF68534641464846FFF74FFD0546002840F01F
S21402CF789D8018AB4FF49071002012AA00F0D4F8E6
S21402CF884FF0005100200CF095FFBBF1000F00F0A7
S21402CF988C804FF0805100200CF08CFF85E018AB97
S21402CFA814AA26A9F8B20AF003F9002840F09480D9
S21402CFB8082210A927A8F1F7A9F98346ADB19DF86A
S21402CFC8A53013F0020F08930FD0082212A927A83B
S21402CFD8F1F79CF948B9089B590706D53A9B13B14D
S21402CFE801233A9A1370089507E03A9B002B61D101
S21402CFF8BBF1000F70D1002308930DF1740C14AB2B
S21402D0080FCB8CE80F00BDF83630CBB10121208853
S21402D0180FF01AFAB4F800B000284FD0012158468B
S21402D0280FF012FABDF836208346104609920FF022
S21402D038EFF900231946099A009058460DF0C2FAED
S21402D0482A4B0DF1740B0493002303930DF12F035F
S21402D058CDE900632246534641464846CDF808B015
S21402D068FFF7D2FC002837D1002D33D012AA5B4630
S21402D0784FF482714FF4005000F056F8089B13B133
S21402D08826A809F0B0FE174B1B689A070DD4FEF7C0
S21402D09803FB50B1114A18AB1068516803C300224B
S21402D0A826A918A80CF0ACFC68BB0025284631B0A7
S21402D0B8BDE8F08F00233A9A137099E7BDF8362038
S21402D0C80A90104609920FF0A3F9DDE90923079999
S21402D0D80090B2E72A46CAE70137A3E6C6F4030079
S21402D0E8D76100208C480020AE55002088480020D2
S21402D0F8BDF836B058460FF08BF92B4600905A46C4
S21402D10838460799B4E626A918A80CF0B5FCC6E76F
S21402D1188346F3E614AB2DE701461A230120014A9B
S21402D128F8F7B2BE24E10100F0B5164691B00746FC
S21402D13809A80D461C46FFF7EFFF3EB1336845F0D7
S21402D1484005CDF826307368CDF82A301B4B1A688E
S21402D15822EA070242EA050119604B040DD5BDF81A
S21402D16824200B0A03F4E243C9B222F4E3420B4337
S21402D17822F07F021343ADF824301A230020104A07
S21402D18809A9F8F781FEB4B104A809F031FD022313
S21402D1986A468DF810301546234604F110061446E2
S21402D1A818685968083303C4B3422246F7D1294699
S21402D1B804A809F097FE11B0F0BD00BF8C48002005
S21402D1C824E1010047F2FF10044B196841F480423B
S21402D1D8014041F480411A600CF06CBE8C48002075
S21402D1E800B589B0FEF7CAFB01A8FFF795FF094804
S21402D1F8BDF804200168130221F0FF0103F4E203DC
S21402D2080B43D2B2134343F48043036009B05DF87C
S21402D21804FB00BF8C48002010B50C4B0446186867
S21402D22888B0830706D54FF0FF332360012063607A
S21402D23808B010BD10F04000FAD001A8FFF76CFF46
S21402D248DDF806302360DDF80A30EFE78C48002068
S21402D2582DE9F04F99B081460C461E4617469DF8B2
S21402D2688880A2B11546284609F0C2FC18F0020BBF
S21402D2780FD004B911AC6B4622462946484609F037
S21402D28875FF0EB10023336019B0BDE8F08F0CAD00
S21402D298E9E76B462946484604AA09F034FF6B7844
S21402D2A808F00108FF2B25D000287AD154B104AB28
S21402D2B808AF1A4603CABA4220606160134604F1F0
S21402D2C80804F6D126B16A78374B03EB820333603B
S21402D2D8B8F1000F01D10020D6E7BDF80030D90614
S21402D2E8F9D418204FF6FF716A780FF0EFFB40F674
S21402D2F80E40C9E7DFF8B8A0DAF800302EB19A0770
S21402D30856BF2A4AC6F800B0326003F03003102B24
S21402D31801D0202B1ED111A8FFF7FEFE0822484690
S21402D3280DF14601F0F7F2FF28B1DAF8003003F003
S21402D3384403402B0ED0B8F1000F0ED108A80CF00B
S21402D348BDFD02232B70C4B9002FC4D0281DFFF7D9
S21402D35863FFC0E740F60A4096E7DAF80030DB03D8
S21402D368ECD508A80CF0AAFD02232B70BCB9002F36
S21402D378B7D0281DFFF750FFB3E7002608AB0CAF5F
S21402D3881A4603CABA4220606160134604F10804CA
S21402D398F6D1281DFFF740FF002E9CD0A1E70126F4
S21402D3A8ECE72D2070E700BFA04400208848002044
S21402D3B88C48002049B9084B197849B14EF66023C3
S21402D3C8594328B105480FF0F3B841F28831F8E717
S21402D3D80248F8F7DFBC00BF96610020D847002055
S21402D3E870B586B00546F8F7C3FD10B9022006B038
S21402D3F870BD01A8FFF710FF06460028F6D08DB9C3
S21402D4082E4B1C6814F0020406D02D4B1B78112BE9
S21402D418ECD12C4BB3F868404FF481630221ADF887
S21402D4280C3023E02846F9F72DF90028DED1234BE5
S21402D4381C6814F0020406D0214B1B78112BD5D198
S21402D448204BB3F868400822294601A8F0F75EFF89
S21402D4580028E1D04FF4027300260A21ADF80C30FA
S21402D4682B68CDF80E306B68CDF81230002203A870
S21402D4780BF096FA024608B91920B8E70F4B196856
S21402D48801F03003102B17D0202B14BF01230323DF
S21402D498490001F004010B432046002100F0F4FF86
S21402D4A80028E9D000210120FFF784FF16B10122E7
S21402D4B8054B1A7000209AE70323E9E78C480020F8
S21402D4C8D7610020445500208462002030B500252C
S21402D4D81D4C85B0CDE90055F8F75CFC23784BB3B4
S21402D4E81A491B480A780078904223D90132012B40
S21402D4F80A700ED12A464FF4A071284602F0BEFAE8
S21402D508C0B2B8B941F2883112480FF051F805B0E6
S21402D51830BD022B09D1284602A9F9F745F800289A
S21402D528EED102A8FFF75CFFEAE7032B02D101F06F
S21402D53865F9E5E7002108462170FFF73BFF04215D
S21402D548684609F0C3FAE2E790620020916200207A
S21402D5583D6C0020D847002070B5194A194D04467C
S21402D5685168106886B02E7801AB03C31EB1022438
S21402D578204606B070BDF8F745FD0228F7D103A885
S21402D58800F0E8FD082201A90DF10E00F0F7BEFE34
S21402D598A0B10D4B32464FF4A07130461C7002F013
S21402D5A86DFA04460028E3D10123084A41F288317D
S21402D5B807482B7013700EF0FBFFD9E72324D7E732
S21402D5C89BD00400906200203D6C002091620020EF
S21402D5D8D8470020F0B50C4600219BB02B4F0646D4
S21402D5E8492207A80691F0F745FB3B78012B34D170
S21402D5F89EBB0DF10E0120460CF078FD0546BDF8DF
S21402D6080E000EF005FF441BE4B2BDF80E102346CA
S21402D6182A46009606A80FF08DFB304604A9F8F7AE
S21402D628C3FFD0B9CCB19DF81920B2B9BDF82330E2
S21402D63803F47E43B3F5285F1ED3B3F5385F0ED3E3
S21402D6481349BDF80E000B6843F400030B60294625
S21402D65809F01CFE18B104233B701BB0F0BD012272
S21402D6680C4B04A81A70FFF7BBFE41F288310A4831
S21402D6780EF09EFF0223EFE711463A70FFF79AFE76
S21402D6881E2104A809F022FAE7E700BF90620020EC
S21402D6988C48002091620020D8470020014B187061
S21402D6A8704700BF91620020014B1878704700BF90
S21402D6B890620020014B1870704700BF90620020ED
S21402D6C82DE9F04F0446408891B00E298846ADF8F9
S21402D6D81A0074D094F80890A7790BF046F909A9AD
S21402D6E80546BDF81A00E6790DF043F9BDF81A00AA
S21402D6F80BF041F8430542BFBDF82A3043F4005305
S21402D708ADF82A30E379D80642BFBDF82A3043F48A
S21402D7188053ADF82A30BDF82A30990613D5022F61
S21402D72852D10CA9207A0CF082FCDDF83500DDF81F
S21402D738391007AB03C307AA0021042300910DF191
S21402D7481A00FFF717FB0121BDF81A000EF07CFE3F
S21402D758022F824644D1454B33F81950B8F1000FD0
S21402D76879D0BDF82A305A0675D54FF6FB7295421F
S21402D77871D83F4AB2F86820AA426CD0DB0502D5B7
S21402D78828460CF09AFDBDF82A30D80463D5002F37
S21402D79833D1BDF81A000AF0EEFFC10663D548F287
S21402D7A83403BDF826209A4209D1324E3078FF2833
S21402D7B805D003222946FCF72BF9FF2333700023F2
S21402D7C8236011B0BDE8F08F012F01BF237A2A4AE1
S21402D7D803EB430302EB830314BF00229A1CABE756
S21402D7E8012F05D10C2303FB09F3234AD55AB5E7C3
S21402D7F8A81C0FF0A2F90546B0E7284601F07CFD02
S21402D808BDF81A000AF0B7FFC206C8D463895046A4
S21402D81805930EF0FDFD834650460EF0DDFD059B92
S21402D82802905FFA8BF04A463946019000934046CA
S21402D83809AB09F0E3F8B8F1000F14BF0B20092072
S21402D84816F0030218BF02F1FF32294618BFD2B2F9
S21402D8580FF03CF9A3E7BDF81A000AF08CFFC306DE
S21402D8689DD4002FD2D1A946D0E700BF345A002053
S21402D87844550020416C00207459002038B5002415
S21402D8880F4B104D2A78A24205D8C2B9BDE83840D7
S21402D8980D48F8F77FBA598869B9013AD2B2A24256
S21402D8A82A70EFD0121B184603F110011201F0F786
S21402D8B833FA0346E6E701341033E4B2E2E738BD4A
S21402D8C8A444002094620020F86A002070B51A4B1F
S21402D8D81A4A1D780023DCB2A54200D870BD144649
S21402D8E866880133864202F11002F4D1E379A588EC
S21402D8F8E16003F040028DB9CAB123F00403E37174
S21402D9080BF033F8037803F07F03037021880029AD
S21402D918E4D1BDE870400A480EF04ABE0021658090
S21402D928A180002AE9D1BDE87040FFF7A7BF2046CC
S21402D938FFF7C6FEF7E700BF94620020A444002063
S21402D948F86A00202DE9F047044686B040880F465C
S21402D95815460BF00AF8A3798046082B52D8DFE85A
S21402D96803F0052E185151515151050002300FF09F
S21402D978E4F8002D4ED06946F8F716FE002841D185
S21402D988684601F063FDB0FA80F0400906B0BDE8CB
S21402D998F08702A9207A0CF04AFB6B466E46DDF841
S21402D9A80D00DDF81110334A03C3237A32F81390B8
S21402D9B8314AD05C75B131460CF05DFBE6E7237A56
S21402D9C82E4903EB430301EB830231F82390907A46
S21402D9D8961CEFE74FF6FB7AD14515D930460CF080
S21402D9E894FC4FF6FF739842054615D0014630461A
S21402D9F801F09EFC554508D9E379DA060ED440F6BE
S21402DA082243E3600020C1E74D46294608F102009A
S21402DA180FF095F80120B9E74D46EDE74FF6FC788A
S21402DA28454512D103F00C030C2B1CD1DFB130464E
S21402DA384FF6FD7101F07CFC40F61F412046E1607E
S21402DA48FFF73EFEFFF71AFFDCE74FF6FD739D422F
S21402DA5809D10023304619461A4602F0DBF8414639
S21402DA68304601F065FCE37943F00C03E37140F6B7
S21402DA782343C6E7345A00209D61002074590020CB
S21402DA8873B5044640880E460AF06FFF02300FF060
S21402DA9854F809F012FC18B1A11C201D09F012FC5A
S21402DAA8E6B1E5790135EDB2E57115F0400514D019
S21402DAB8ECF74EFF0122054600212046FFF742FFFB
S21402DAC818B1394B1B882B449DB2384B1B78042B54
S21402DAD801BF354B1B885B199DB225800022314653
S21402DAE82046FFF72FFF20B360880AF03EFFE27950
S21402DAF82F4922F00C03E3710B7805460133DBB29B
S21402DB080B70C3712B4BA61C1B780BB3E3799806D4
S21402DB181ED52949097871B159060CD592070AD536
S21402DB2800220423114630460092FFF723F910B16B
S21402DB38E06002B070BD0022012311463046009212
S21402DB48FFF718F920B1E37943F00303E371EFE72F
S21402DB58304609F0B5FB0028EAD16088FCF7C0FA1F
S21402DB680328E6D8DFE800F0020D1D19E37943F032
S21402DB780403E3711B06DCD5104B1A78104B1A7097
S21402DB88D7E740F62443E360E37943F00803E371FA
S21402DB982B7803F07F032B70CBE740F62543E36030
S21402DBA8C7E740F62643FAE7966B0020D8610020BE
S21402DBB8D5610020D36100203E6C00209B610020C6
S21402DBC8936200202DE9F74F06460EF0CCFE5F4B17
S21402DBD80546B3F8009018805D4BA0EB09041B7845
S21402DBE8A4B2A34298BF00234FF000084FF6FF776F
S21402DBF888BF1B1B564A88BFDBB21370DFF864B1B6
S21402DC08A9EB00030093534B5FFA88F21978914206
S21402DC180ED80EB1FFF732FE4FF6FF739F4200F0A2
S21402DC288E8039464C4803B0BDE8F04F0EF0C0BCB3
S21402DC38BBF80220002A3CD0484B9BF807201878ED
S21402DC48BBF800A0042818D00020BAF1000F08BFBD
S21402DC58A2462044504523D2BBF80010009B194424
S21402DC68ABF80010002E4ED002F04802482A4AD1DD
S21402DC7800215846FFF704FF45E00192F8F704FC36
S21402DC8830F01003019ADFD1FBF746FC344B019AB9
S21402DC98B3F800C08445D7D9ACEB000080B2D4E70D
S21402DCA802F00C00042807D10022ABF800200BF182
S21402DCB8100B08F10108A6E7510602F0030C02F061
S21402DCC808000ED528B3BCF1030F25D1DEB1DBF868
S21402DCD80C105846002908BF4FF44261FFF7F0FCC3
S21402DCE811E040B3BCF1010F25D11206EED44FF471
S21402DCF8C862ABF800209BF8072022F0030242F025
S21402DD0802028BF80720BBF80020974228BF174666
S21402DD18CDE703208445D9D213060ED50C4B1A78C4
S21402DD280AEB0200844208DA4A44521B0AEB020152
S21402DD38ABF80010E7E70120ECE7012199E706486F
S21402DD4803B0BDE8F04FF8F725B800BF685B0020BF
S21402DD589362002094620020F86A0020D8610020AE
S21402DD68966B0020A4440020F8B500250A4E0B4FF7
S21402DD783378ECB2A34204D8BDE8F8400848F7F76F
S21402DD8819BD07EB0414A01CF7F714FD201DF7F7BE
S21402DD9811FD0135ECE700BF94620020A444002080
S21402DDA85E5B002070B500240B4D0C4E2B78A34208
S21402DDB808D81B1BDBB22B706BB9BDE8704008484D
S21402DDC8F7F7E8BF06EB041040F621410134FFF7E7
S21402DDD877FCE4B2EAE770BD94620020A44400200F
S21402DDE8F86A0020F8B5154EDFF858E035789EF840
S21402DDF800E0134FAE454FEA051C07EB051419D091
S21402DE08002503F4835343EA1323A1712272E371B4
S21402DE18608027F80C50A58003F0A8FB40F6024362
S21402DE28E36033786081013328463370FFF7CAFE11
S21402DE382846F8BD40F60340FBE700BF9462002080
S21402DE48A4440020086C00202DE9F04F344B0D4600
S21402DE581C78174685B05CB9B1F90680DFF8C89019
S21402DE68DFF8C8A0DFF8C8B099F80030A34202D895
S21402DE7805B0BDE8F08F0AEB0416B08800B97088C2
S21402DE8801A90CF076FDAA7A9DF80E309A4244D182
S21402DE98B8F1000F0FDA297A9DF80C202B899142E7
S21402DEA809D8204800780844824236DA521A1B0AF1
S21402DEB81341D90731D538460CF04AFDBDF80A3069
S21402DEC804469A0602D5EB889B06D1D5F37903F069
S21402DED80C03042B08D17088F9F786FD0023728894
S21402DEE8194618460CF00BFA00213046FFF7E8FBF5
S21402DEF8FFF7C4FC38460EF08BFA844208D2337A0F
S21402DF0801228BF8003029460023384602F0AEFC80
S21402DF18B8F1000FACDA0024A6E70134E4B2A3E7AE
S21402DF2892620020076C002094620020A44400201D
S21402DF389C62002008B50EF016FD074B1B88C01A17
S21402DF4880B2B0F5807F05D9BDE8084000210348B5
S21402DF580EF02EBB08BD00BF685B0020F86A0020E2
S21402DF682DE9F04788B004460D460CF01BFC014626
S21402DF78204603F083F910F003035FD110F00C0F6C
S21402DF8806D12946204608B0BDE8F047FFF79EBCF2
S21402DF9820460AF0F0FBC30638D420460CF002FCF2
S21402DFA80146204603F06AF9064620460AF0DDFCDA
S21402DFB8804602300EF0C1FD05A9074620460CF041
S21402DFC8D8FC06F00C0698F801300C2E0CBF4FF061
S21402DFD803094FF00609012113F0010F204618BF66
S21402DFE84FF003090EF030FA174B80461B88A342FF
S21402DFF80FD1B5FA85F04009FBF748FC20460AF02F
S21402E008E8FB0022014607200EF060FD08B0BDE8D6
S21402E018F08703F0ABFA824640460EF0F9F9064658
S21402E02840460EF0D9F9F6B202903A4649462846D4
S21402E038CDE900A605AB08F0E1FCDFE7012BE5D148
S21402E04810F00C0FE2D19CE75E5B0020002210B5B0
S21402E058094B1C78094BD1B28C4201D8002010BD5E
S21402E068197A814202D19979022902D010330132F3
S21402E078F1E70120F3E700BF94620020A4440020E1
S21402E0880146002210B5084B1C78084BD0B28442D1
S21402E09801D8002010BD187A884202D19879012842
S21402E0A8F8D010330132F1E794620020A44400202D
S21402E0B8002210B40A4B1C780A4BD1B28C4203D801
S21402E0C85DF8044BFFF7DABB197A814205D19979D4
S21402E0D8012902BF00211980598010330132ECE76A
S21402E0E894620020A4440020024B1878003818BF17
S21402E0F80120704794620020044B1B6813F0300F0F
S21402E10803D0202130200BF0D5BE70478C48002063
S21402E118002310B5044608491A4601EA00414FF0A2
S21402E1287F60FFF701F8E30703D5002130200BF0E4
S21402E138C1FE002010BD00BF00007207044B5B88BA
S21402E14823F4784323F08D0303800020704700BF32
S21402E1588C48002008B500220346C3F80220C3F8FC
S21402E16806200B4A02301268D1B212F0200F18BFEE
S21402E17841F010011980930701D4FFF74DF8054BBB
S21402E1881B78023B032B8CBF1720002008BD00BF5C
S21402E1988C480020D761002038B505460C46FDF7A6
S21402E1A8EDFB98B10E4B187878B10E4B1B681A0423
S21402E1B80FD58CB113F0420F00D17DB103F4407332
S21402E1C8B3F5407F0CBF0020232038BD40F6084038
S21402E1D8FBE740F60B40F8E72046F6E72320F4E78D
S21402E1E8D36100208C480020F0B504468DB007A8FD
S21402E1F80D46164608F0FCFC1022002103A8EFF78D
S21402E20839FD5CB1234603AC03F1100722461868B1
S21402E2185968083303C2BB421446F7D1012703A93B
S21402E22886EA070307A88DF81C708DF81D3008F0DB
S21402E2384AFE80EA070401A8E4B2EDF79DF8B6B1F3
S21402E24801A88DF80650EDF7C3F864B1002303A9B8
S21402E25807A88DF81D3008F045FE0C4B1B78432B9B
S21402E26801D1F9F7DBF80A4B1D700DB0F0BD01A815
S21402E2788DF80750EDF7ACF8002CF6D003A907A8DE
S21402E2888DF81D7008F02EFEEFE700BFD76100205C
S21402E298D2610020F0B5012593B007460DA80C46BA
S21402E2A808F0A6FC05A90DA8ADF8345008F035FE0E
S21402E2B801A8EDF761F809A90DA88DF835509DF863
S21402E2C8066008F02AFE0DA89DF8075008F0BBFD68
S21402E2D870BB731BDBB2802B28D91FB1A64225D090
S21402E2E8A54223D105A90DA808F0FCFD03A8EDF761
S21402E2F843F803A88DF80F60EDF76AF8012229465D
S21402E30809A8FFF771FF0AF0BBFE01214FF400705F
S21402E3180BF0E0FFFDF71AFBB0F1004F01D9FDF74D
S21402E3281BFB044B187808F0CFFB012013B0F0BD96
S21402E3380020FBE7D261002070B50E46144605465B
S21402E3480320FFF7B7F946F004022946204608F0EC
S21402E35823FE0022014B1A6070BD00BF88480020C9
S21402E368F0B587B0078805461022002102A8EFF705
S21402E37881FC3E4B1B78002B76D1BC055ED407F099
S21402E3888403842B63D00022394C11461046FFF7CB
S21402E3982BFF17F4045F276005F102061CD0B904A8
S21402E3A80AD5304602F09CFA00284ED1236823F498
S21402E3B8005343F48073236030460BF0F7FD0028C1
S21402E3C842D108F013FC18B9236843F4803323605B
S21402E3D8236843F02003236022680DF1060042F406
S21402E3E800432360FFF7AAFE12F4805FBDF80630EA
S21402E3F831D043F02003ADF806302168334611F0D9
S21402E408400218BF05F123024FF07F60FEF78CFE2C
S21402E418BDF80630DA0703D5002130200BF04AFD96
S21402E42823689B0506D5012295F8221005F11200ED
S21402E438FFF7DAFE00200F4B186006E005F112001F
S21402E4480BF0B4FD00289AD0292007B0F0BDB80713
S21402E45899D52320F9E723F02003ADF80630FDF717
S21402E4687BFAFEF775FCC8E70220EEE7D7610020C4
S21402E4788C48002088480020024B1868C0F30050D9
S21402E488704700BF8C4800202DE9F04F06468946A3
S21402E4981046002189B01546984602F0EFFE10286D
S21402E4A807460AD86A4B0341DB0706D4C8F340047A
S21402E4B89DB9002009B0BDE8F08F664B1C78002C89
S21402E4C8F6D0FFF7D9FF00280CBF4FF4F0744FF4CC
S21402E4D8D074FC4004F00104EAE74FF0000A18F092
S21402E4E8010F5346524629464FF00500CDF800A0C4
S21402E4F80CBF4FF0080B4FF4027B06F000FA002818
S21402E508D7D0C8233246009359465346284602F0C7
S21402E518DDFEADF80E000028CBD018F0080A4AD166
S21402E5284FF6F773A7F10F02D2B29E428CBF0923A9
S21402E5380123012A01D843F04003474A8DF81030D8
S21402E5481378591C11708DF81130002C4FD09DF895
S21402E5581030052F43F020038DF8103033D03F4B90
S21402E5681D78002D5AD04FF6F77300259E424FF0BD
S21402E5780F0248D9012304A90DF10E00F7F75EFB36
S21402E588002896D1002C4DD1BAF1000133463A46FE
S21402E59818BF0121BDF80E00CDF8009008F097FECE
S21402E5A8ADF80E00002884D018F0040F4DD031467E
S21402E5B80AF004FF7EE749460DF10E000BF0AFFEA7
S21402E5C80028ADD175E70121BDF80E000DF03CFF1D
S21402E5D8012102F053FE0123834013F0620F1CD17F
S21402E5E81E4B1B78E3B14FF6F7731825BEE71B4B95
S21402E5F825461B780222002BBCD04FF6F7739E42A4
S21402E608B8D8052FB6D0BAF1000FB3D19DF810309E
S21402E61843F040038DF81030ACE710250F22A9E727
S21402E6281825FBE7BAF1000F0AD002234A460090E3
S21402E63829460DF10E00FEF79DFB0028A4D038E708
S21402E64841235246CDF800A0F2E70AF09FFE31E7D2
S21402E6589FFEFEFFD3610020D4610020C761002020
S21402E6682DE9DF431E46144B80461B680F469B0760
S21402E67891460A9C1BD4204614B108F012FEC0B27A
S21402E6880622CDE902403B460020CDE900890B4927
S21402E6980CF008F8024650B10021002E0CBF0123E8
S21402E6A80323084604B0BDE8D043FFF7EDBE0020BA
S21402E6B804B0BDE8D08300BF8C480020406C04003C
S21402E6C82DE9F04F8DB081468A461F4693469DF83F
S21402E6D85C803AB903A8FEF79FFDB0BB00200DB0D8
S21402E6E8BDE8F08F15460022232110460AF058F995
S21402E6F8ADF80A000028F1D00DF06EFE0523044698
S21402E70818F0100F00F8023B677020D01122002183
S21402E718EFF7B0FA04F11306032F4FF0080237D1C9
S21402E72859463046EFF7F8FAC8F3801306F109059A
S21402E738337208F0B2FD00283ED000232B706B70AF
S21402E7480123033505F8013C36E003ADCBE7012685
S21402E75810221699EFF7E0FA06FA07F313F0620F9B
S21402E76802D104F11206D7E707A808F041FA05A86D
S21402E7788DF81C60ECF700FE9DF8162018F0200FA6
S21402E7889DF8173008BF134604F11306A374C3E7AF
S21402E79851463046EFF7C0FA012306F10802121B6B
S21402E7A828460093BDF80A10082392B20EF0C2FA61
S21402E7B8042F06F11005BCD02D1BA9B20DF10A00D4
S21402E7C80BF0D8FE002889D118F0040F0BD0484663
S21402E7D80EF0A5FAFF281FBF074A32F8103023F4B6
S21402E7E8804322F81030434651464846BDF80A2070
S21402E7F8FFF74AFE73E700BF005B002070B50326EA
S21402E80890B08DF80760F7F7B3FB18B902242046D4
S21402E81810B070BD02AD2846FEF7FEFC0028F5D003
S21402E8281B4B1C6814F00204F0D140F20F43194A3D
S21402E838ADF82430136804A8CDF826305368CDF80E
S21402E8482A3008F0D5F995E8030005AB83E80300FB
S21402E858062304A88DF81D308DF81060ECF72EFDFF
S21402E86801210DF12E020DF10700ECF77FFC22467E
S21402E8781A2109A80AF094F8024608B91924C6E724
S21402E888012329462046FFF7FFFD0028BFD1F5E7FA
S21402E8988C4800205D6200202DE9F04F04460D46A4
S21402E8A8002191B01F2208A89B460791EFF7E2F9CC
S21402E8B820460BF077FF0146204602F0DFFC8DF873
S21402E8C8110020460AF051F89DF81130467899064C
S21402E8D88146C6F34006204648BF46F002060CF0BC
S21402E8E837F8804620460DF093FD0022A0EB080379
S21402E8F8DBB2232B28BF232300922146424607A8D1
S21402E9080EF018FA00283AD1A24B9DF81C701B7814
S21402E9189DF81DA0B3B3FFF7AFFD00280CBF4FF458
S21402E928F0734FF4D073FB40DA072BD5B30729D41C
S21402E938082F22D1BAF1040F21D1FBF77FFBF0B9D9
S21402E948012342460093214605200DF1110305F0E6
S21402E958B3FFA0B1053F0D2F11D8DFE817F024004A
S21402E9681000AF01BC01C501100010001000100015
S21402E97810001000CB01F901F901052F07D011B0DC
S21402E988BDE8F08F102F05D1BBF1000FF7D0FBF7CB
S21402E99855FBD5E7FBF752FB0028D1D0052FCFD081
S21402E9A8112FCDD0EBE7BAF1050FE8D8204609F0CB
S21402E9B83FFF029009F102000EF0BFF882460DF101
S21402E9C81200FFF7BBFB01239DF81D8003FA08F32C
S21402E9D813F0620303932DD0BDF812309D0722D59B
S21402E9E8B407CCD5FBF72AFB0DF11E000BF0DEFAB6
S21402E9F8B8F1030F04469DF82EB02FD10DF12F055E
S21402EA080AF044F9824540F03181032EB7D19DF8C9
S21402EA1836100DF11E02003918BF01210DF12E0025
S21402EA2808F060FCABE7FBF709FB0028DCD1002EF8
S21402EA38A5D0D9E7FBF702FB68B10DF11E000BF073
S21402EA48B5FAB8F1030F04464FF0000B40F0828087
S21402EA580DF12E05D4E7002E91D0EEE74E4B1B683B
S21402EA6898072AD5FF2208210DF137000AF09CF8EC
S21402EA78814610BB034601460DF137020220FEF717
S21402EA8853FB0AF003F982450DF137070DF12F05FE
S21402EA9823D04FF6F7739A4540F2ED8000220821FC
S21402EAA828460AF081F8002800F0E5800022594638
S21402EAB80DF11E00FFF798FB61E70DF137070DF120
S21402EAC82F0538460BF01EFA002848D00AF0DEF862
S21402EAD8824540F0CC804FF000092846F7F7D2FD71
S21402EAE8002800F0C480B8F1010F5BD0B8F1040F1B
S21402EAF87FF445AF0BF029FA10B1032E7FF43FAF2F
S21402EB08002C7FF43CAF3A4602210DF11E00FFF7B7
S21402EB1813FC224B1B7863B1FFF770FEFEF7C4FDA9
S21402EB28022806D10120FEF7B9FD01210846FEF7A4
S21402EB3841FC1B4B1B78022B20D10321384607F0D9
S21402EB48C5FFFEF7B1FD014600287FF418AFFEF7B1
S21402EB5831FC14E70DF136070DF12E05B1E7104B1F
S21402EB681B78432B7FF40BAFB8F1010F7FF407AF86
S21402EB780AF08CF882457AD1C146AEE7412B7FF47B
S21402EB88FEAE054B1B6859057FF5F9AEF9F73EFE52
S21402EB98F5E600BFD36100208C480020846200207E
S21402EBA8D76100206C4D2B78022B22D02B78412B74
S21402EBB83FF4E5AE3CB9FBF741FA594602460DF179
S21402EBC81E00FFF711FBFBF739FA00283FF4D7AE11
S21402EBD80BF0BBF9614C98B123681B0502D42B785D
S21402EBE8432B0DD1B0070BD440F61A40F9F70CF8B0
S21402EBF8C5E60BF0AAF90028D8D0B207D6D4BEE6E6
S21402EC08206810F0020002D102990BF05DFB2B7807
S21402EC18112B16D12368590513D50020FEF7E0FB01
S21402EC28044600287FF4ABAE0AF09EFA40F61C4073
S21402EC38F8F7EAFF21462046FEF7BCFBF8F7F0FF96
S21402EC489DE6B20701D5FFF757FAB9F1000F9DD036
S21402EC5807F0CCFF18B94FF480310BF02BF90022DD
S21402EC683F4B38461A600BF044F98FE70027039BA0
S21402EC78002B7FF40EAF4FF6FF73284605A9ADF8B2
S21402EC88143009F0F6FF20B1284609F0D3FFADF894
S21402EC9814004FF6FF73BDF8140098423FF46FAEA7
S21402ECA8002C0CBF0423152301930DF11E030093B9
S21402ECB83A4643462946FFF703FD60E60DF11D0076
S21402ECC8F7F7E0FC00283FF45AAE02222946002055
S21402ECD8FAF79EFE53E6F3077FF551AE324628460C
S21402ECE807A90BF01BFB4AE69DF81D100120FFF74B
S21402ECF8D1FA44E6184B1B78022B20D1002D7FF45C
S21402ED083EAE05A8FEF788FA00283FF438AE154B43
S21402ED181D709DF81D30002B14BF64246524FEF771
S21402ED28C3FC032806D128462946FEF743FB284695
S21402ED38FEF7C0FC214605A807F0C8FE1FE6043BFE
S21402ED48012BDBD9284608F0B8FA0028D6D116E6F1
S21402ED58204608F0B4FA12E6D76100208C48002054
S21402ED6888480020846200202DE9F34105460E46B5
S21402ED78174698460BF0E9F8044640B101233A468E
S21402ED8831462846CDF80080FFF76AFC04460BF0A9
S21402ED98DCF830B1FFF770FB78B10A4B1B689B01B1
S21402EDA80BD400233A4631462846CDF80080FFF7B2
S21402EDB857FC002C0CBF0446012404F0010002B0E4
S21402EDC8BDE8F0818C48002070B58AB005A807F027
S21402EDD80FFF022301AA15468DF81430084B03F1DB
S21402EDE81006144618685968083303C4B342224604
S21402EDF8F7D1294605A808F066F80AB070BD00BF24
S21402EE08A3D00400014B1878704700BF3F6C00205F
S21402EE18014B1888704700BFBE6B00204FF6FF7381
S21402EE282DE9F043994280460D4685B00BD000275F
S21402EE384FF6FD791C4EEBF791FDFCB2A0420BD8BB
S21402EE484FF6FF701DE0F7F71DFC0028EFD005B05F
S21402EE58BDE8F04309F01ABF36F814304B4517D808
S21402EE68694620460BF0A7F8082241460DF1050030
S21402EE78EFF74CFA4FF6FF7360B99D4204D136F8A5
S21402EE88140005B0BDE8F08326F814500BF06DF8B0
S21402EE980137D0E79D42FBD036F81430AB4208BFA4
S21402EEA826F81490F4E700BF345A00202DE9FF47ED
S21402EEB806460F4600254FF6FD79DFF83C80DFF858
S21402EEC83CA0EBF74BFDECB2A04202D804B0BDE87A
S21402EED8F08738F814304B450CD8694620460BF0B4
S21402EEE86AF8082231460DF10500EFF70FFA08B95D
S21402EEF80AF804700135E4E7345A00209D610020C0
S21402EF08014B33F810007047345A0020F0B5064615
S21402EF1800250D4F85B0EBF721FDECB2A04201D8D3
S21402EF2805B0F0BD37F81430B3420BD16946204617
S21402EF380BF07DF89DF80030022B1CBF4FF6FD73D0
S21402EF4827F814300135E6E7345A002030B585B084
S21402EF5804460D46EBF702FDA0420FD9084B33F8DC
S21402EF6814204FF6FD739A4208D8694620460BF0DD
S21402EF785EF829460DF10500FFF750FF05B030BDD3
S21402EF88345A002030B585B00446EBF7E7FCA042B9
S21402EF9819D92046FFF75AF80546B0B969462046F9
S21402EFA80BF009F89DF800302BB1694620468DF81B
S21402EFB800500BF01EF84FF6FF720020044B23F8A1
S21402EFC8142005B030BD2820FBE740F60440F8E7D9
S21402EFD8345A00202DE9F0410B7805460E461BB937
S21402EFE8BDE8F041FFF7CEBFEBF7B8FCA84231D92F
S21402EFF82846FFF72BF878BB374617F8058B4FF6E7
S21402F008FF713846FFF70AFF0446384600F01EFA34
S21402F018B0FA80F04009B8F1000F15D0B8F1030F26
S21402F02815D04FF6FF724FF6FD73944208BF1C4682
S21402F0380B4B314623F815400A4B585528460AF01A
S21402F048D8FF0020BDE8F0814FF6FF74F0E74FF6D0
S21402F058FE74EDE72820F5E740F60440F2E700BF25
S21402F068345A00209D6100202DE9FF410D460446D2
S21402F0784FF6FE780F4F0E0AEBF770FCA04204D844
S21402F088FF24204604B0BDE8F08137F81430434523
S21402F0980CD1694620460AF08EFF9DF80520EBB291
S21402F0A89A4203D19DF80630B342EAD00134E4B25C
S21402F0B8E2E700BF345A00202DE9F04F0C46174607
S21402F0C8984600254FF6FD7B87B09DF840A0DFF8EE
S21402F0D85C900190EBF742FCEEB2B04201D8FF26F4
S21402F0E816E039F816205A451ED8304602A90AF004
S21402F0F862FF3FB99DF80920424515D19DF80C20BC
S21402F108524511D144B939F81620019B9A420BD1BF
S21402F118304607B0BDE8F08F082220460DF10D01F3
S21402F128EFF7F4F80028F3D00135D3E7345A002075
S21402F13810B514460AF03FFF2046BDE810400822E4
S21402F1480149EEF7E9BD00BF5D6200202DE9FF47E1
S21402F158074615460846082224491E46EFF7D6F8FB
S21402F168044600283FD14FF6FF7ADFF88490EBF783
S21402F178F5FB5FFA84F880450BD385B3384605F06D
S21402F1885CFC01250C9B18700120357004B0BDE8A4
S21402F198F08739F8183053451FD0694640460AF0BA
S21402F1A80AFF7A789DF801309A4216D17A88BDF815
S21402F1B802309A4211D13A799DF804309A420CD11B
S21402F1C808220DF10501781DEFF7A0F828B9002DE1
S21402F1D8D7D1404605F04CFCD3E70134C7E7FF20F9
S21402F1E805F046FCCEE70020D0E700BF5D620020AF
S21402F1F8345A0020F0B50025154E164F85B0EBF7A9
S21402F208ADFBECB2A04201D805B0F0BD6946204677
S21402F2180AF0D1FE9DF80030032B06D90023694672
S21402F22820468DF800300AF0E4FE9DF8002062B110
S21402F2384FF6FD734FF6FE71032A08BF0B4626F8F3
S21402F2481430002301353B55D9E74FF6FF73F6E72E
S21402F258345A00209D610020F8B50E4604464FF643
S21402F268FF770C4B0C4D1B7803EB430305EB83052A
S21402F278A54202D800242046F8BD2388BB4206D001
S21402F28808223146A01CEFF741F80028F3D00C34C8
S21402F298EEE700BF096C002074590020044BFF21DA
S21402F2A81A78044802EB42029200EEF7E3BC00BF6B
S21402F2B8096C002074590020F8B504460C4B0D461C
S21402F2C81B781046A3420DD90C27022117FB0411FE
S21402F2D87C43084E08223144EEF71EFD335B0020BD
S21402F2E82B80F8BD0023136053604FF6FF73F6E7D2
S21402F2F8096C00207459002038B504464FF6FD758F
S21402F308FFF704FE0022084B1878084BD1B2884251
S21402F31800D838BD33F80C1C0132A14208BF23F8C6
S21402F3280C5C0C33F2E700BF096C00208059002001
S21402F33870B505460E460846FFF7DEFF31462846F4
S21402F348FFF76CFD29460648FFF786FF00B970BD31
S21402F358044624F80C6B0AF008FE29462046F3E712
S21402F3687459002010B5082286B023490446EEF7E1
S21402F378CDFF20B906B0BDE8104009F087BC0822C8
S21402F38820461E49EEF7C2FF20B91D4BB3F86800A7
S21402F39806B010BD0023012221464FF6FF700093E7
S21402F3A8FFF78AFEFF2806D0164B33F810004FF6F2
S21402F3B8FB739842ECD903A8FEF7CCFE58B9BDF801
S21402F3C80C305B0607D5082221460DF10E00EEF733
S21402F3D89DFF0028DCD021460B48FFF73DFF40B1D1
S21402F3E84FF6FB724FF6FF730088904288BF1846A6
S21402F3F8CEE74FF6FF70CBE75D620020AE550020E1
S21402F40844550020345A00207459002070B5002252
S21402F41804464FF6FB7608460A4B1D780A4BD1B2CD
S21402F4288D4201D8002009E01988B14207D8A142C6
S21402F43805D10822991CEEF76FFC012070BD0C332B
S21402F4480132ECE7096C00207459002037B50146F2
S21402F45805460E48FFF700FF044640B1807A294663
S21402F4680AF009FE80F00100C0B203B030BD0346C0
S21402F4780090012229464FF6FF70FFF71DFEFF286F
S21402F48816BF034B2046185CE9E700BF74590020F4
S21402F4989D6100202DE9F341224B04461B780F4656
S21402F4A88342154638D9FEF7EBFDB8BB4FF6FD7317
S21402F4B89D421D4E0ED004EB440326F823504FF609
S21402F4C8FF739D421FD12046FEF7F2FD002002B0D0
S21402F4D8BDE8F0810DF10601384609F0CAFB4FF681
S21402F4E8FF72BDF806303846934218BF1D460C23F5
S21402F4F86343F55206EB0308FFF7A8FFB0FA80F05D
S21402F508400988F80A000C2303FB046008223946DF
S21402F5180230EEF701FCD9E72820D8E740F6054086
S21402F528D5E700BF096C00207459002038B5044698
S21402F5380D46FFF7BBFC21460448FFF78DFE00B9CF
S21402F54838BD857221460C30F7E700BF7459002093
S21402F5580023074A1370074A1370074A118801B135
S21402F5681380064B1A880AB100221A80704700BF19
S21402F57896620020956200206E5B00206C5B00207D
S21402F5882DE9F04F3C4C1D46238887B0074688462F
S21402F59810469DF840605BB952B10BF004F8208023
S21402F5A84FF4FA61354807B0BDE8F04F0DF000B8E1
S21402F5B8DFF8D890B9F80040002C49D020460CF065
S21402F5C827FFC0F3470620460CF006FFDFF8C0A068
S21402F5D80296BAF80030DFF8BCB00193BBF80030E8
S21402F5E80446009300222B46012025490BF05AF8C0
S21402F5F8ADF81600E8B1012504EB4606B4420DD173
S21402F608BDB9BDF81630A3B12A464146384600F0C1
S21402F6186FF9ABF80050AAF800500AE00123214619
S21402F6281A460DF11600F6F709FB023405460028BD
S21402F638E4D00023134AA9F800301378013BDBB262
S21402F6481370002BACD107B0BDE8F04FFFF780BFB0
S21402F6580D4C237823B90DF0E9F808B90123237075
S21402F668324629460520F7F70DFA0028EBD1207016
S21402F67807B0BDE8F08F00BF6E5B0020186B002055
S21402F688466C040096620020956200206C5B00209F
S21402F698085B00200A5B002030B5154D87B02C8821
S21402F6A89CB923464FF4A07248F2380103A80AF020
S21402F6B8BEFD21462046FAF7E3FA22460D4B009491
S21402F6C803A9FFF75DFF07B030BD204609F04DF9E4
S21402F6D804300DF032FA03A9044628880BF049F9DB
S21402F6E80023009320462A8803A900F0AFFAEAE727
S21402F6F86E5B002000F8FF0737B5002001A9FAF76D
S21402F708BFFA0D4C014623780C4D7BB10C4B019A7F
S21402F7181878FAF7CBFA2078F8F74CFC002323700F
S21402F7282B700848F6F736FB03B030BD2B78002B53
S21402F738F7D0FFF7B1FFF4E7986200209662002040
S21402F74897620020186B002008B50548F6F732F8CD
S21402F7580448F6F72FF8BDE808400348F6F72AB833
S21402F7686E5B00206C5B00206A5B00202DE9F04F80
S21402F77889B089460446CDE905239DF84870139E4C
S21402F78830B316F801ABBAF1000F23D00AF1FF34F2
S21402F798A400E4B23146012007F0D7FDC00E1BD103
S21402F7A8DFF838B13146012007F0CFFD9BF800504C
S21402F7B834442279BDB1002F47D180234846CDE98B
S21402F7C80277CDE900773E4A059900F091F83CE0C9
S21402F7D88246DFE75446DDE71B28ECD9314601208E
S21402F7E807F0B3FDE7E7DFF8F880FF2A00EA080823
S21402F7F80BD14246E379A179607901EB032189B2FC
S21402F80809B0BDE8F04FFAF751BA2E4909688B07D6
S21402F8180AD5FE2A35D101230135EDB2202D4FEA4D
S21402F82843030AD1FF250AE0294628460792FAF733
S21402F83827FA4845BFD1079AEBE79845ECD1224B01
S21402F8481B78FF2B04D0AB4204D009B0BDE8F08F7A
S21402F858FF2DFAD029460020F4F7B2FF0028F4D08C
S21402F8689BF800306479002BEFD1FFF771FE17483A
S21402F8784FF410510CF09CFE154B8BF800501C7080
S21402F888E3E7052A97D8BAF1010F94D8B8F1000F22
S21402F89891D0002FD9D17379002BD6D00D4909887B
S21402F8A821B9082B28BF08230B490B704346484644
S21402F8B81292DDE9051209B0BDE8F04FFFF760BE07
S21402F8C8466C04008C480020406C0020186B002010
S21402F8D8976200206E5B00209662002098620020E5
S21402F8E800F8FF07014B1880FFF7D6BE6C5B0020B6
S21402F8F80CB42DE9F04F8BB014AA0E4652F8041B2E
S21402F90807460992002940F08F80BDF85400ADF8EA
S21402F9182200002800F0A18033794FF6F778002BF2
S21402F92840F0868047458CBF4FF009084FF008081C
S21402F9384C4B1C78FF2C40F08380B6F90230002B23
S21402F948A9BF494B347A1C780134A2BFE4B21C70B2
S21402F95844F08004DFF81CB12246002101F0A2FC24
S21402F9689BF80030BDF82200002B6CD0DFF808A107
S21402F9784FF00009BAF8003007930CF049FD054627
S21402F988BDF822000CF028FDEBB2CDE90193FF2367
S21402F998CDE9030900932246334639460798FCF711
S21402F9A8B5FB4FF6FF7305468BF80090AAF80030B1
S21402F9B8382D33D13246394640460DF1220307F038
S21402F9C884FC00284BD04FF6F7739F4226D8B6F928
S21402F9D802307088002B21DA48F204022349244BAD
S21402F9E84FF00008904214BF8946994609F04EF92E
S21402F9F8494603468A220120CDF800800AF052FEC4
S21402FA08814658B12246414601F04CFCFF23324655
S21402FA1839464046CDE90098FCF7DAF928460BB095
S21402FA28BDE8F04F02B0704701200AF018FE6EE7F4
S21402FA38002347458CBF4FF006089846337177E790
S21402FA48FF221A7086E7CDE900033246FF233946BD
S21402FA584046FCF7BDF90546AAE71925DEE705463E
S21402FA68DCE700BF426C00209A620020576C040054
S21402FA784C6C040099620020705B002070B54FF44D
S21402FA88003300240546164688B0ADF81A100DF164
S21402FA980F0204A90593ADF81840ADF81C4004946B
S21402FAA88DF80F4007F0F0FB9DF80F3028460193BB
S21402FAB8049B044A009305A93346FFF719FF08B0CA
S21402FAC870BD00BF506C040030B54FF4803500247A
S21402FAD887B00395BDF82850CDE900128DF810308E
S21402FAE8074A034603A9BDF82C008DF81140ADF865
S21402FAF81250ADF81440FFF7FBFE07B030BD00BF4A
S21402FB085C6C0400B1F1006F2DE9F04314462CBF7B
S21402FB18392238228BB01D464FF00003ADF81E205E
S21402FB284FF480022CBF4FF001099946FF2C064677
S21402FB38ADF81C300892ADF824304FEA11471FFA88
S21402FB4881F80FD109F0B3FBB9F1000F19D1154AA4
S21402FB58CDE9020543463046CDE9007407A9FFF70A
S21402FB68C7FE1AE0FE2C0AD109F0A1FB0130C0B28A
S21402FB7809F0A8FBB9F1000F12D00B4A02E0E8B26E
S21402FB88F8E70A4ACDE9030501233046CDE90174B0
S21402FB98CDF8008007A9FFF7ABFE0BB0BDE8F083EF
S21402FBA8034AD5E7546C04005A6C0400536C0400EC
S21402FBB85B6C04004FF498124FF0806310B586B061
S21402FBC8CDE903230023ADF8143009F05FF80446A4
S21402FBD8F8F796FA054B01900093054A234603A9BF
S21402FBE84FF6FD70FFF784FE06B010BD5D6200207A
S21402FBF8606C040008B5064B1B78022B02D0043B47
S21402FC08012B03D8FFF7D6FF002008BD0220FCE729
S21402FC18D761002030B500244FF4806587B0CDE95F
S21402FC2800128DF81030084A034603A94FF6FD70F5
S21402FC388DF811400394ADF81250ADF81440FFF752
S21402FC4857FE07B030BD00BF646C04002DE9F04FC4
S21402FC5899B00E4605460CA91046CDE90A329DF81B
S21402FC6888700AF043FABDF83090804648460CF091
S21402FC78CFFBB6F902300446002BB6F806A0B6F853
S21402FC8802B004DA00228D4B1A70002049E048467A
S21402FC980CF0BEFB4045F5D3A4EB0804E3B2002FF4
S21402FCA818BF4FF4A07A152B099328BF15230024F2
S21402FCB8013308F1FF324946DBB292B2009412A829
S21402FCC80DF038F86FEA4B436FEA53437C499DF8C8
S21402FCD8482008684968ADF83E300DAB03C3ADF856
S21402FCE84040ADF83C40ADF842A0ADF84420BBF128
S21402FCF8000F24D10DF14900F6F7C4FCA0B108F0B4
S21402FD08C5FF5C4680460DF151060DF149030A9A75
S21402FD1896F80090012A2CD14FB384F0010404F01F
S21402FD28010019B0BDE8F08F0DF149000AF0EDFAAE
S21402FD384FF6FF74011B4C4280464C41E3E7BBF189
S21402FD48010F57D1BDF8498008F0A0FF80450AD0B8
S21402FD5840460DA90AF0DCFA80F00104E4B20DF17F
S21402FD684B060DABD3E7574B0DF14B06CFE70A9C74
S21402FD78D5E75FB344BBB9F1010F25D830D108F0F7
S21402FD8885FF08F083FF2246804671784D4B029124
S21402FD9800210120CDE900814B490AF083FCADF829
S21402FDA8320088B124BBB9F1010F0CBF0D210C211A
S21402FDB80DF132000AF0DEFB024628B92846BDF8E5
S21402FDC832300FA9FFF794FD0120AAE7B9F1010F17
S21402FDD804D1002CD3D081227178D8E7002CFAD12E
S21402FDE8B9F1010F94BF002201227178D201CEE741
S21402FDF80C21DDE70A9B002B7FF447AF7388342B70
S21402FE084BD1099B092B7FF440AF002F7FF43DAFFF
S21402FE189DF951603A46B41008210DF1490004F0E4
S21402FE28200408F0C1FEA0B1284B1B78012B3FF432
S21402FE382CAF274A274BB2F868201B68AA421DD067
S21402FE48DA001BD5C8232846234A0FA9FFF750FD18
S21402FE581BE70DF14900F6F715FC0028E4D10DF171
S21402FE6849000AF052FA4FF6FF739842EAD0214642
S21402FE78F9F778FE03460028E4D1E4E75B0201D5E9
S21402FE88002E08DA00232846134A0FA9FFF730FD8A
S21402FE98124B1C70F9E68D23D5E7099BCDE905A21E
S21402FEA804930DF14903CDE9028331462846CDE98C
S21402FEB800790B9B0FAA00F03DF8E6E68E6200205A
S21402FEC8C6F403005D620020686C0400D861002056
S21402FED8445500208C480020B0210400416C0020C4
S21402FEE8024B187840F08000704700BF9A620020E4
S21402FEF8014B188000207047C66B00204FF6FF7132
S21402FF08034602881B798A4217BF074901200A80DE
S21402FF1841881EBF054A00201180FF2B1EBF044AD7
S21402FF2800201370704700BFC26B0020C06B002011
S21402FF389B6200202DE9F04FA1B09946BDF8AC307F
S21402FF482D9F0D939DF8B03004460E93BDF8BC3035
S21402FF5838460F939DF8C0304E88884615469DF859
S21402FF68A8B010930CF0E9FD112E824671D808F05D
S21402FF788DFE504576D0062E10D14FF6FD7292456C
S21402FF8826D0BBF1000F10D100228023CDE900A2B3
S21402FF9829462046BC4AFFF7ABFC06E0BBF1000F39
S21402FFA803D1032E07D8012E09D80022B74B1A70A0
S21402FFB821B0BDE8F08F043E022EF6D8E4E780238F
S21402FFC829462046B24ACDF800A0FFF791FCECE796
S21402FFD8B04B1B785E074CD408F058FE0026034642
S21402FFE832460120A84900960AF05CFB3B79ADF838
S21402FFF866000F930028DBD0DDE90E320D9803EB7E
S21403000842090CF005FA5FFA89F909F105085FFA5F
S21403001888F88045CCD241460D9801F02FF9109008
S21403002808EB40080D980CF0F3F98045C0DADDE9D3
S2140300380F321343DBB2002B40F03482BBF1000FC0
S214030048B6D1D84642460421BDF8660001F02AF91F
S21403005874E1904A3A2E127812D948F23B039E422C
S21403006807D013E08B4A127850070BD5321F022AA3
S21403007808D8B8F8063043F48043A8F8063097E75C
S2140300881B2E1DD8B21E91B213295FD9109B494661
S21403009802930F9B3046CDE900B30E9A234607F02A
S2140300A8FAF80F2884D10122784B1A70794B1B78FB
S2140300B89B0740F12783BBF1000F7FF479AFD8E79E
S2140300C8A6F11C011E29E1D801A050F821F000BFB3
S2140300D8230703009500030095000300B9FF0200F9
S2140300E8950003001105030011050300950003009E
S2140300F89500030095000300950003009500030090
S214030108950003009500030095000300950003007F
S214030118950003009500030095000300950003006F
S214030128950003004305030043050300F506030093
S21403013895000300950003001707030095000300C6
S214030148730703008907030097070300132A9DD83C
S21403015801A151F822F000BFB101030041020300D8
S2140301685F02030077030300E1FF02009500030024
S214030178950003009500030095000300950003000F
S21403018895000300950003009500030095000300FF
S214030198950003009500030095000300BB040300C5
S2140301A8950003004F07030000231A938DF8663063
S2140301B80DF1660322460E99484600931AAB07F0DC
S2140301C864F808F063FD0646EAF7D4FB162894BFDE
S2140301D84FF002094FF02209F7F792FF2E4B074616
S2140301E8B3F800A0FBF7EAFD2C4B80464FF6FF70EA
S2140301F8B3F800B00AF041F8294B9DF86620198831
S214030208244B1B7813F002031CBF264B1B780B9258
S2140302181A9ACDE90701CDE9093240232946CDE9E3
S214030228019320460023CDE9058BCDE9037A1E4AC0
S2140302380096FFF75DFBBBE608F028FD1B4B1C4A40
S2140302481B88CDE92A0300232946204621B0BDE8AA
S214030258F04FFFF74DBBBE781AA9731EDBB2EF2B20
S214030268304627D9F22E25D005F041FB822608F022
S2140302780DFD00232946CDE90003034A33462046ED
S214030288FFF736FB94E600BF4C6C04008E62002032
S214030298576C040098610020C66B0020C26B0020D0
S2140302A8C06B00209B6200206E6C0400C46B0020A9
S2140302B87B6C040005F01BFB002856D008F0E6FC10
S2140302C89DF86C209DF86E100492BDF86A204900CC
S2140302D80392BDF86820C9B2CDE901629DF86D2086
S2140302E803465200D2B208320A4400920120002282
S2140302F8C6490AF0D7F99DF86D30ADF866008DF853
S214030308633000283FF454AE4FF0000801230DF184
S21403031863011A460DF16600F5F790FC07460028B8
S2140303287FF446AE9DF86330FAB293420CD89DF834
S2140303386E308DF86330B8F1000F02D0BDF8663022
S21403034836E04FF00108E1E74146304605F0D1FABA
S2140303580123ADF86400022219A90DF16600F5F72A
S2140303686DFC01370028DDD022E683267FE708F0F8
S2140303788DFC064605F0DCFA334600900022012081
S214030388A3490AF08FF900283FF412AE00273E4629
S214030398ADF8680005F0CCFA5FFA87F840450DD843
S2140303A832460421BDF8680000F07CFFBDF86830CB
S2140303B8002229462046FFF79BFAF9E5404605F052
S2140303C894FAFF288DF866000BD0012301361A46E7
S2140303D80DF166011AA8F6B2F5F730FC00287FF48B
S2140303E8E7AD0137D6E75046B7F8029005F07DFA31
S2140303F8FF288DF8640000F0E2811AA905F077FA61
S214030408BDF868304B4507D04FF6FF72914540F06C
S214030418D681190400F1D3819DF86D3012930E9B93
S2140304280533DBB213930F9B149300234FF0000995
S21403043811934B4613E017934900139BC9B219440B
S2140304480D9889B20AF0D1F84FF0000A179B159059
S21403045812995FFA8AF28A4216D309F10109149AA5
S2140304685FFA89F19142E6D39DF86E201292169AA6
S2140304781392002B40F09581119B002B40F09F812F
S214030488109B14930123D1E711999DF864001793E1
S21403049805F02FFA159A179B0AF1010A824208BF3C
S2140304A80123D5E709F106095FFA89F3B0461693DF
S2140304B886E1BD1C29465046BC7A06F06FFA01222F
S2140304C82946504609F088F8504609F0EAFE2846B9
S2140304D809F01BFF3A88824207D04FF6FF72904214
S2140304E803D00CF01CFC09F0FCFE84F00804C4F3EB
S2140304F8C00421462846FFF719F82146284621B0A6
S214030508BDE8F04F06F0F0BEBBF1000F7FF450AD28
S21403051812073FF5AEAD33463A462946204601F064
S2140305288FF900287FF444AD842329462046394AA8
S21403053821B0BDE8F04FFFF7DBB90F9897F80080B6
S21403054809F057FC00210746204601F0E3FC312E4C
S214030558A7EB0007FFB240F0D5804FF0000A012052
S21403056853465246CDE9008A2B490AF09BF8ADF864
S214030578660000283FF41CAD162251461AA8EDF76C
S21403058879FB1AA808F00BFE4FF0FF33DFF894B098
S214030598CDE91C339BF80090B9F1000F02D14FF058
S2140305A8010A55E01D4E33796F2B02D900263246D1
S2140305B825E050461CA9F6F73DFF0028F6D0184B51
S2140305C8B6F80090B3F86830B9F1000F2CD1003BA9
S2140305D818BF01235B0143F004038DF87A30022326
S2140305E88DF87B3073881B0A49461EA88DF87D3024
S2140305F80CF0A5FAB8F1000F65D0002601220221F7
S214030608BDF8660000F04EFE32461CE57F6C04001B
S2140306184C6C0400B0210400876C0400CC5A0020FC
S21403062844550020D1610020B3EB090318BF01230A
S2140306385B0143F005038DF87A3002238DF87B308F
S2140306480F238DF87C30CDE70AF1010A5FFA8AFAA0
S2140306580AF1FF36F6B230460CF067FBC307F3D54C
S2140306689BF8003019EB030F04D009F101095FFA70
S21403067889F9E9E7584B1CA918783044C0B2F6F74D
S214030688D9FE002892D0304609F03CFE8146304613
S2140306980CF04BFBC0070FD416238DF87A304F4B5C
S2140306A81B780133DBB20F2B28BF0F238DF87C3062
S2140306B84B4B33F8163096E730460CF036FB81077B
S2140306C8EAD41223E9E7BDF866000BF0A1FE16305C
S2140306D8B84292DC012316221AA90DF16600F5F733
S2140306E8ADFA00287FF464AC012660E712073FF5ED
S2140306F8C0AC3B46224629460F9801F0F9F8002875
S2140307087FF456ACBBF1000F7FF452AC0CE7BBF199
S214030718000F7FF44DAC802307E708F0B7FA50457F
S2140307287FF446ACB81CF5F7ADFF00283FF440ACA1
S21403073808F0ACFA064608F0A9FA2A4B2A4ACDE985
S2140307482A03334680E538460CF0F7F909F095FD99
S21403075800283FF42DAC2A90002329462046234A36
S21403076821B0BDE8F04FFFF7C3B84B462A462146EB
S2140307780020CDE92AB721B0BDE8F04FFEF7F6BF53
S2140307884B462A4621460120CDE92AB7F3E75B46BE
S2140307984A46294620462A9721B0BDE8F04F06F078
S2140307A8A8BD012319A91A460DF16600F5F746FAFE
S2140307B800287FF4FDAB08F101085FFA88F80136D4
S2140307C805F0B6F85FFA86FA50453FF60CAEB8F170
S2140307D8000F3FF433AC35E40F6C0020836200202F
S2140307E8FE5A00205D6200208C6C0400576C0400DF
S2140307F8F8B5164B04461D88154B20F8025B196896
S21403080879B10822EDF788FA124B0C201B78124EA2
S214030818A372124B19780023DAB2914205D8FF2245
S21403082809E0C4F802104160EEE7013300FB03F762
S214030838F75BAF42F0D10A4BE2721B782373094B7E
S2140308481B786373084B1B682361F8BD7E5B002027
S214030858605600209C62002068590020096C00201E
S214030868806200207F6200204C560020F0B589B0D5
S21403087806460C4615460AF06BF80DF10A020146C1
S214030888304609F01CFF144F0346F0B901223A70AC
S2140308982288BDF80A102AB102460090072004F001
S2140308A80BF890B103A8FFF7A3FFBDF80A000BF0F7
S2140308B8AFFD0646BDF80A000BF08EFD21460090F4
S2140308C8F3B2284603AA06F093F80023034A3B70BC
S2140308D8136009B0F0BD00BF9D620020605600207B
S2140308E8142230B58BB005460DEB02011548DEF72A
S2140308F8DDFC10BBBDF81430DA0720D413F0060F5E
S214030908C3F3410208BFC3F341220F4B0DF116018F
S2140309189C5C68462246EDF73DFBBDF8263004F19D
S21403092828026A4402F8283C02341B0A02F8273CC9
S21403093869462A46E0B209F040F80BB030BD2320DA
S214030948FBE700BF703214E0BBD0040010B58AB0D2
S214030958ADF826200022CDE9052204920CAA0292BD
S2140309684FF6FF720446AC2101200192064A039013
S21403097804FB0122603200924CF620010DF1260298
S21403098809F0CFFC0AB010BD4455002010B54FF649
S214030998FF741E4A8AB0B2F86800B2F85E10A04226
S2140309A8ADF82600B2F85C304FF6FD70ADF82410AB
S2140309B818D081424FF0000094BF48F660014CF609
S2140309C86001CDE90500CDE90300CDE9010094BF38
S2140309D809AA603200920DF12602042009F0A1FC50
S2140309E80AB010BD81424FF000008CBF603209AADE
S2140309F800928CBF4CF6604148F66041CDE905008D
S214030A08CDE90300CDE90100014AE6E74455002095
S214030A18AE55002000B50E4B0022B3F85E308BB0FF
S214030A28ADF824304FF6FF73CDE90522CDE903224E
S214030A38CDE9012209AA00924FF400610DF12602BE
S214030A480720ADF8263009F06CFC0BB05DF804FB04
S214030A5844550020202A10B5144614D8012A04D178
S214030A680C88B4F5004418BF0124620030B1074867
S214030A78EDF752F9064B00201C7010BD0548EDF73C
S214030A884BF9054BF7E72120F7E700BF805B00200B
S214030A989E620020C05B00209F6200202DE9F0477D
S214030AA8104617460CF049F8DFF814A1DFF814913E
S214030AB89AF8003099F800200546134302D100201F
S214030AC8BDE8F08710F4406800F0400619D186BBED
S214030AD8B0F5804F5CD24FF4807400239AF8000078
S214030AE8344AD9B288425DD8002399F80000324ABE
S214030AF8D9B28842E3D932F8021B0133A142F7D1AF
S214030B0855E0F81C0CF019F84FF6FF73984214BF1B
S214030B180124022486B1052605F44043B3F5004FA5
S214030B2844F0080424D0B5F5804F23D244F48074E7
S214030B3820E044460326EFE7B5F5804F4FF0050659
S214030B48F4D3B8F5406F14BF022008203044384465
S214030B580BF0F3FF194B05F44045B3F85C308342BA
S214030B680CBF44F0080444F00404B5F5004F01D163
S214030B7844F08004B8F5006F0ED1B8190BF0DDFF0A
S214030B880E4BB3F85E308342A7D144F01004A4E7B3
S214030B98444603260220D9E7B8F5406F08BF44F059
S214030BA820049AE732F8021B0133A14299D10120A7
S214030BB886E700BFC05B0020805B0020445500200A
S214030BC89F6200209E6200202DE9F04F104685B0F4
S214030BD8164698460BF0B1FF5D4F00F00803B7F8CA
S214030BE85C10044600F00709F01C02930391B7F85B
S214030BF85EB00BF0A2FF06F1050A054650460BF059
S214030C089CFF03464FF6FF70854218D00399A1EB65
S214030C18050CDCF1000545EB0C056D004FF6FF717E
S214030C288B420ED145F004050BF000FE029B6BB118
S214030C38B9F1000F11D0422005B0BDE8F08F0125A9
S214030C48ECE79B4508BF45F00805EDE7B9F1030F48
S214030C58F1D8DFE809F0021B795D0BF0E7FD08B968
S214030C68A807E8D524F00804A4B2B4F5004F05D0C5
S214030C78B4F5624F02D0B4F5404FDCD100252946BF
S214030C8897F8A820002007F04EFE3CE0D7F88030FF
S214030C98E3B9002132460846FFF700FFD8B948F6FD
S214030CA8410224F038039BB29342C4D10A2D49D09B
S214030CB8062DC0D197F87730023B012BBBD8F3F744
S214030CC845FD0028B7D140F6040505E04146304601
S214030CD898470028DDD00825E20648BF45F080057A
S214030CE8A30648BF45F4805505F00C03042BC6D16C
S214030CF8F01D0BF022FF97F8A830324600934146C2
S214030D082B4607F0E5FD08B30E9B1880002093E7F3
S214030D18A90705D14FF6FF73B7F85C209A428AD124
S214030D2804F44063B3F5006F0AD0B3F5406F82D17D
S214030D38082250460749EDF7E9FA00287FF47BAF07
S214030D480C25C9E70425C7E7432075E7192073E789
S214030D5844550020A4550020034B1A781AB1FF2ADD
S214030D6804BF00221A707047A162002070B5084CB1
S214030D78084E2378F55C1DB13E2107480BF0FFFDAE
S214030D88FF2223782846F2540023237070BD00BF41
S214030D98A0620020A1620020906C0400034B044A62
S214030DA81B78D05CFF3818BF01207047A06200206C
S214030DB8A16200200023074A07491360074A136005
S214030DC8074A1360074A11600121074A1170074A48
S214030DD81360704770560020B5A403006C560020B5
S214030DE868560020386B0020436C00207856002095
S214030DF80E2A70B50C4606461546194603D9FFF75C
S214030E08D9FF502070BD012807D10020F3F7B8FC9E
S214030E18B0B1FFF7CFFF2120F4E780220021224B51
S214030E281A70224B1960224B1B684BB134200BF007
S214030E3847FB204B188018B9FFF7BCFF0120E1E7F2
S214030E4824F0FF6323F4FF231BB1FFF7B3FF4F2000
S214030E58D8E774B92046F3F7ADFC0124032510F050
S214030E68800F43B21BBF00F01F039C409C4044F016
S214030E7878440020104B24F078441E700F4B10491A
S214030E881D70104B1C60104B1870104B1A68F4F743
S214030E981FF818B1FFF78EFF0420B3E79DF810205C
S214030EA80B4B1A70AEE700BFA262002074560020F0
S214030EB868560020005C0020A7620020A562002078
S214030EC8BD11030078560020A66200207056002045
S214030ED8A36200207FB5244B00251A7801232348F4
S214030EE8234903FA02F200781A440A60ADF80E5052
S214030EF820B3984236D11F4C1F4B20781B680DF140
S214030F080E0198471D4EBDF80E20307092B11C4B4B
S214030F1829460093284602230195F4F713F83278F6
S214030F28237822B1012A12BF1B230133DBB22370B5
S214030F3804B070BD013818BF0120F0E778235A4380
S214030F48013A0A6008220F490BF000FA0B49094ACE
S214030F580978137821B1012912BF1B230133DBB2A9
S214030F681370E5E71846E3E7A5620020A7620020AA
S214030F787C560020A6620020386B0020436C0020B5
S214030F88F9110300C1C70300024B1868003818BFDD
S214030F98012070476856002037B505461C460BF0F7
S214030FA845FC68B974B1084B1A60084B0A461C60BE
S214030FB80123294600930323FFF71AFF03B030BD26
S214030FC84D20FBE72520F9E7645600206C560020E1
S214030FD813B504460BF02AFC58B962B1074B1A60DE
S214030FE801230A46009321460323FFF701FF02B0B5
S214030FF810BD4D20FBE72520F9E700BF6856002003
S2140310082DE9F0410446DDE906861D469DF8207065
S2140310180BF00CFC88B99EB1A2B10B4B01201A60E9
S2140310280A4B0A46C3F80080094B21461E602B4626
S2140310380697BDE8F041FFF7DBBE4D20BDE8F0811B
S2140310482520FBE72120F9E7386B0020705600209F
S2140310586C5600200148F4F7ADBB00BF005C0020C7
S2140310682DE9F0410020F3F7A1FE114B114C1E6841
S214031078114B20881D68114B114FD3F8008010B10F
S2140310883978F4F771FD00203870FFF793FEF4F70C
S214031098ABF90EB14046B0473DB12088A8470023B8
S2140310A82380BDE8F0410BF0E5BCBDE8F08100BF46
S2140310B86C560020005C00206856002078560020F6
S2140310C8A8620020F8B52F48F4F764FE2E4B18786C
S2140310D830BBF3F76FFB2D4F06463B6803B32C4B29
S2140310E82C4D1C6824B195F900301A461946A047BA
S2140310F8294B1B6883B1294C2378312B0CD8284BF2
S21403110818880BF069F923785A1C22702A78C25477
S21403111823785A1C2270C65480232B7000233B6006
S214031128204C23781A2B22D81F4A1278012A09D171
S21403113800211E4A156825FA03F0C007DAB20ED551
S21403114801B122700020F3F735FB2178884212D1CB
S2140311580022174B1A70FFF7BDFE40B9F8BD0133DE
S214031168D8B21A284FF00101E5D90A442270BDE81F
S214031178F840FFF775BF0020F3F72EFB0028E7D0EB
S214031188F5E700BF3C6B0020A762002074560020DA
S21403119864560020A262002068560020A862002039
S2140311A8005C0020A6620020436C002078560020CE
S2140311B8A462002008B50B4B187880B90221F3F710
S2140311C8CDFA094B1B782BB100214FF6FF72084660
S2140311D8F3F7A6FABDE808400448FFF773BF0021F3
S2140311E80846ECE7A7620020A36200203C6B0020B9
S2140311F838B5144B0C461D78012D21D181B9084604
S214031208F3F7D8FA104A05FA00F013680F4923EAE9
S2140312180003136020462A46BDE838400BF096B80C
S2140312280B4A13780133DBB2022B137004D9BDE8DB
S21403123838400848FFF746BFFFF74CFE0028F6D1AC
S21403124838BD00BFA762002078560020C1C7030038
S214031258A46200203C6B002038B50C4605460BF00C
S214031268D7F8A04203D82D2103480BF088FB28465D
S2140312780BF0B2F8204438BDA46C040070B50646DB
S2140312880D460BF0A9F8044648B130460BF0C0F8F3
S214031298A84203D8352102480BF071FB605D70BD88
S2140312A8A46C040070B50C46064615460BF0B0F859
S2140312B8A04203D83E2104480BF061FB30460BF0EE
S2140312C88BF800B1055570BDA46C04002DE9F043F6
S2140312D88FB007460C4615461E469DF85880F8F705
S2140312E855F920B1F4F796FE08B144F400544D4B73
S2140312F81B7813B924F40074A4B2200509D546B99B
S214031308284604A9F5F750F9002846D024F40064C3
S214031318A4B2ADF81840ADF81A5007F0B7FC424B24
S214031328ADF81C00B8F1000F02D01A78424501D276
S21403133893F800803D4AE105137848BF0DF1210173
S21403134803F10103DBB2137058BF08A922058DF811
S2140313581E808DF81F3006D53368083141F8083CDF
S214031368736841F8043CE30407D5314A0831136827
S21403137841F8083C536841F8043C0DF11808A1EB02
S21403138808005FFA80F9002148460BF099F80646EC
S21403139828B900200FB0BDE8F08304AEB9E70BF018
S2140313A81BF841464A46ECF7F5FD30460BF030F895
S2140313B8804630460BF010F80023024600934FF69B
S2140313C8FF7004235FFA88F107F082FAADF80E007F
S2140313D80028DED040F201131C421AD14FF6F773E9
S2140313E89D4216D80BF014F80DF10E010446284654
S2140313F800F090FDBDF80E000BF00AF8E4B2A04228
S21403140807D9BDF80E0007F0B0FA437843F0040393
S2140314184370BDF80E003A4601210BF029F8BDF8D3
S2140314280E00B7E7D3610020036C0020D5610020C7
S2140314385D620020F0B50829D58889B028D00C2924
S21403144826D0AE0424D405F040030B43424C26783A
S21403145816B105F0200423432FB2002FB8BF43F07C
S2140314688003032920D11223AC068DF80430937A1F
S21403147810D48DF805300DF1060401A9621A01236C
S21403148892B2F4F7DBFBB0FA80F0400909B0F0BD7E
S2140314980B46DBE732228DF805308DF80420002E44
S2140314A8E9D00DF11304E8E70C298DF804300ABFD8
S2140314B8138953798DF80530548805BF1B0A8DF8B0
S2140314C806308DF805300DF1070318BF0DF1060336
S2140314D81C70240A5C70148802399C70240ADC7019
S2140314E8147901291C7111D8917A002F597131DAB0
S2140314F8022112899971DA71120A03F109041A7220
S214031508002EBAD0AB06B8D50534B6E7A9071AD461
S214031518002F0CDA117A51B1917A59711189127A1E
S21403152803F1080492B102229A71D971E8E70B4CC9
S214031538217801F1010C84F800C091729C1D002FDC
S2140315485971DDDAEAE7917A9C1DF8E70122090A60
S2140315589A71EAE79C1DD3E7D3610020D461002083
S214031568014B1880704700BF025C0020014B1888A7
S214031578704700BF025C00202DE9F84307460BF0CE
S214031588F7F905461B480BF06EFB1B4B60B31C684C
S2140315983C1B2C44A4B20022184BDFF868901B7837
S2140315A8174D03EB830399F8006005EB43055FFAD1
S2140315B882F846450AD9AB8805F10A00A34216D92C
S2140315C80A23B21A29465A43ECF7A6FB013689F8CA
S2140315D80060AC80B8F1000F03D1394605480AF01D
S2140315E8E7FF2846BDE8F8833C461D60D3E7054673
S2140315F80132DCE75C6B002080560020A9620020DD
S2140316089A5A0020AA6200201FB5154A154C13786B
S214031618013BDBB213706168206801AA03C2218903
S2140316281180114A1278D21805D00A2320465A4345
S214031638E118ECF771FB9DF806301B070DD0BDF8D3
S2140316480C00FFF799FF03468288ADF8082001AA25
S21403165803CA1288186059601A8104B010BD00BF07
S214031668A96200209A5A0020AA620020002108B521
S214031678084B09481970094B1970094B1A7802EB7D
S21403168882025200ECF7F6FABDE808400548F4F77C
S21403169881BB00BFAA6200209A5A0020A9620020D4
S2140316A80D6C00205C6B0020F8B50024084D094F2C
S2140316B8094E3B783178E2B20B449A4204F10104AE
S2140316C800DBF8BD2846F4F775F80A35F1E700BFDE
S2140316D89A5A0020AA620020A962002010B5064C78
S2140316E8207828B1054807F06CFE10B1034B18881C
S2140316F810BDFFF789FFF3E7A96200209A5A002076
S21403170808B50A4A0346107860B1094A1088984211
S21403171809D121B99378103323F00F039370FFF799
S21403172873FF012008BD0020FCE700BFA962002064
S2140317389A5A00202DE9F74F00260BF019F9DFF81F
S214031748F890B24699F80070B3463A46DFF8EC804C
S2140317581FFA80FEB8F800C0344CAEEB0C039BB2FD
S21403176801932378324D009303EB830305EB43037E
S214031778ACEB0E0C5FFA86FEBE4515D3BAF1000F26
S21403178801D0009B2370BA422AD3002F37D00A22EF
S2140317982378C8F8000002FB03532648998803B049
S2140317A8BDE8F04F0AF004BFB3F804E001998E458C
S2140317B812D84FF0010A009993F802E001310EF1AE
S2140317C8FF3EC9B2013AA3F804B083F802E00091D9
S2140317D8D2B20A330136CDE7E644A3F804E0F8E7C5
S2140317E889F800204AB10A222378C8F8000002FBC9
S2140317F80353104899880AF0DBFE237813B903B01D
S214031808BDE8F08FFFF76AFF06460028F5D006F016
S214031818E0FF0146304607F0D1FD20B100212888B5
S214031828FFF76EFFE9E740F60241F8E7A9620020F2
S2140318389A5A00205C6B0020AA620020805600207B
S2140318482DE9F04192F808801F4608F1FF33DBB212
S214031858EF2B05460E46144688B00BD982238DF81F
S2140318680E30314628469DF80E30204AFEF740F8DB
S214031878012037E00E22002104A8ECF7FBF9B4F8A0
S21403188809308DF81180ADF81230E37A03F07F0241
S214031898032A08D0012B24D103238DF81030A389FB
S2140318A8ADF815300EE0032B14BF022301238DF881
S2140318B81030E368CDF815302369CDF81930237D49
S2140318C88DF81430A7F121014A420DF10E034A415F
S2140318D8009321460DF10F0304A8FDF737FC0028F3
S2140318E8BFD1002008B0BDE8F08100BFB0210400D6
S2140318F82DE9F04F00241D7895B0CDE90201049236
S214031908234622460120CDE90054404908F0CAFE82
S214031918ADF81E00F8B1A346264627460DF1200962
S2140319280DF1380AE9F71AF85FFA84F8404516D82D
S2140319383A460221BDF81E00FFF7B4FC32460421DE
S214031948BDF81E00FFF7AEFCDDE903100022BDF864
S2140319581E30FDF7CDFF012015B0BDE8F08F4A46CF
S21403196840460AA9FDF7E4FB9DF8282022B12DB1CD
S214031978013DEDB20137FFB20134D3E7BBF1000FE7
S214031988F8D199E803009DF829308AE803008DF812
S2140319984030BDF82A30032A8DF841304FEA132326
S2140319A88DF8423017BF032301238DF843309DF883
S2140319B82C30DDF83110DDF82D0014BF8DF84C30CF
S2140319C88DF8433011AB03C302980CBF4FF00E08D3
S2140319D84FF0150808F00DFA0590BDF81E000AF03A
S2140319E817FD059900EB080399420BDB01234246D2
S2140319F851460DF11E00F4F721F90028ABD1013644
S214031A08F6B2B7E74FF0010BB4E700BF876C0400E4
S214031A1838B505460D4B0E481C88F4F7A7F9012D73
S214031A280CD10C4B1C88FA21614358B1884209D261
S214031A388408012C204638BF012038BD022D08BF74
S214031A480224F0E702480AF0B3FDF2E7965A0020AC
S214031A5878470020945A0020012208B5054B06480B
S214031A681A7000210AF0A4FDBDE808400020FFF71D
S214031A78CFBF00BFBE610020784700201E4B73B55A
S214031A881A8802F108039BB2012B02D81B4B1B785A
S214031A9823B902B0BDE87040F4F77CB90024184BAC
S214031AA8184D1C70184B1C702B787BB14FF6FC73C3
S214031AB8164E0093224623462146308808F0BFFB7D
S214031AC84FF6FD732C70338001200FE0104B104641
S214031AD8197807F071FC0028F6D10C4B1A884FF6D4
S214031AE8FD739A42F0D0012302202B7002B0BDE8A2
S214031AF87040FFF78DBF00BF985A0020BE610020D4
S214031B08C1610020BF610020C0610020925A0020F6
S214031B18C2610020012808B50AD002280CD020B9D3
S214031B28084B18700848F4F735F94FF0FF3008BD2E
S214031B38BDE80840FFF790BF0020BDE80840FFF760
S214031B4867BF00BFBE6100207847002002280CD874
S214031B5859B1064A13780133DBB21370044A127874
S214031B689A4202D80220FFF7D5BF7047C06100200B
S214031B78C361002038B5A0F61343012B04460D466F
S214031B8815D80E4A13780133DBB213700C4A127851
S214031B989A420CD84FF6FD720A4B002019889142D8
S214031BA801BF00221D80084B1A70FFF731FF294634
S214031BB82046BDE8384004F01FBF00BFC1610020BF
S214031BC8C4610020925A0020BF61002000234FF60C
S214031BD8FD71054A1370054A1370054A1180054AB4
S214031BE81370054A13707047C1610020C061002056
S214031BF8925A0020BF610020BE61002030B5094B11
S214031C0802461B7833B1084B084C19780023D8B220
S214031C18884201D3FF2004E0013334F82350954269
S214031C28F5D130BD0C6C0020C6610020725A002026
S214031C380022FF21044B05481A70054B1970054B03
S214031C481A789200ECF716B8C6610020765A002078
S214031C58C56100200C6C0020F7B58DF807100DF150
S214031C680701044602F094FE234B1D78002D41D04D
S214031C782046FFF7C3FF214EFF283178204B05D1B6
S214031C88204A107885422DD9451C1570884219D0EC
S214031C981C4A1B4D92F800C00022D7B2BC450CD98B
S214031CA82F4697F803E00132864505F10405F4D17B
S214031CB802B203EB8202D278FA7002B203EB820214
S214031CC8D170307002B203EB820123F82240FF2260
S214031CD88A709DF80720FF2A02D003EB82039870C8
S214031CE803B0F0BD0A46104603EB8202D278FF2AF9
S214031CF8F9D1CBE7FF20F3E70C6C0020C561002081
S214031D08765A0020C66100202DE9F843FFF776FFD0
S214031D18FF28044669D04FF6FF72354F03B2DFF843
S214031D28DC80344E27F8232098F80050A54202D1C9
S214031D380020BDE8F883337820B28100A34207EB7E
S214031D48800090F803E010D00023294A5FFA83F94D
S214031D584D45944606D99CF803900133A14502F1F4
S214031D680402F3D18CF803E001E086F800E0013DB5
S214031D78EDB22A1BD2B2043192003944EBF7CCFFFA
S214031D8888F800503378FF2B04D0A34224BF03F10E
S214031D98FF33337000214FF6FF70154BCAB2AA42C1
S214031DA80CD300234FF6FF71134ADCB2AC42BBD206
S214031DB8013332F823008842F7D1B5E79A78A2426E
S214031DC80BD11880DA78FF2A04D0A24224BF02F186
S214031DD8FF32DA7001310433E0E7FF2AF2D0A24279
S214031DE824BF02F1FF329A70ECE72D20A1E700BF6B
S214031DF8765A0020C5610020725A0020C66100206A
S214031E08F8B51C4B05461B78084673B3FFF7F6FE72
S214031E18FF28044629D02846FFF7F0FEFF2806D0F9
S214031E28154B164E1A780023D9B2914218D3FF21C0
S214031E382846FFF711FFFF28014616D00546104F20
S214031E4823B207EB830237F823009678FFF704FFDD
S214031E58A84208BFFF25FF2E214608D12846F8BD0D
S214031E68013316F823108142DED1FF25F6E7344600
S214031E78E6E700BF0C6C0020C6610020745A0020F9
S214031E88765A00202DE9F04180460E461F46002369
S214031E9886B001A814469DF830508DF80330FEF737
S214031EA8A7FCADF804802EB13368CDF80630736806
S214031EB8CDF80A3038460AF08FFA0DF103034219B3
S214031EC8214601A804F0A4FD9DF8033093B93146D2
S214031ED84046E8F737FF0E4B1B785BB10B2C09D847
S214031EE8FF214046FFF7B8FE064605EB4404E4B276
S214031EF8A54202D106B0BDE8F0812946384608F067
S214031F0874FB3146FFF7A8FE02350646EDB2EFE747
S214031F180C6C002000232DE9F3470DF107028DF81A
S214031F28073004460E4602F01EFD9DF807300546A8
S214031F3863B92046FFF762FE04465EB130880AF0AE
S214031F4867FA5FFA80F8FF2C45D10025284602B0C9
S214031F58BDE8F087B046F6E701320C2AF5D02DB275
S214031F6807EB8505AD78FF2DF6D112F0FF0AECD006
S214031F784FEA4A050235EDB2002EE7D0304605EBA8
S214031F88080108F0F7FA0028DFD1524641463088A0
S214031F98FFF788F90AF1FF3208F1010108F102098F
S214031FA83088D2B2C9B25FFA89F9FFF77BF924B24F
S214031FB807EB8404A478FF2CC8D023B2494637F825
S214031FC82320308808F021FB0028BED109F1020936
S214031FD85FFA89F9EBE725460022014FBFE700BF02
S214031FE8765A002008B5D5F759FDD5F721F900F03C
S214031FF84AFAD6F779FEBDE80840D4F7C7BE10B547
S214032008044601880120D5F709FEE3880BB9C823DF
S214032018E38010BD37B50446D5F70EFE65888542BE
S2140320280ED8A188E288814205D3431B5343491B34
S214032038B3FBF1F39AB280B240EA024003B030BD74
S2140320480022F8E770B50C46088800F04BF994F8B8
S2140320584430054683420FD004F11C06304600F090
S2140320687CF984F8445000F07CF9618BA064304610
S214032078BDE8704000F06CB970BD38B5044690F8FA
S21403208844108378826CCB1A59425941D4F7E8FE38
S214032098E37893B1257985B900F063F90346A26816
S2140320A8218A04F11C009C1A8C4236BF5218294612
S2140320B8D11ABDE8384000F04BB938BD09B100F075
S2140320C8FDB800F005B938B58388044603B3E3784A
S2140320D80088A17804F10C05A3B10023B1FA81F1B5
S2140320E8E3704909FFF7EAFF4FF6FF72A3882189D1
S2140320F893421CBF03F1FF33A3802846BDE838404C
S21403210800F026B90123E370FFF7D8FFE188F4E768
S21403211838BD10B5044681780088FFF7CFFF012342
S214032128E3700023A38010BD10B581780446B1FA86
S21403213881F100884909FFF7C1FF0023E370A380F4
S21403214810BDFFF7F1BF70B50446054600262B46BB
S21403215855F8040B10B11B1B0C2B00DD70BD237C3C
S2140321688680002BF3D0637C13B1FFF7D2FFEEE72C
S214032178FFF7DAFFEBE7FFF7E6BF70B50446054659
S2140321884FF6FF762B4655F8040B10B11B1B0C2B8A
S21403219800DD70BD8388B342F4D04FF4FA724FF66D
S2140321A8FF731146D4F7B0FEECE709B100F086B822
S2140321B800F08EB810B50446C0600830D5F7A0FE08
S2140321C821792088B1FA81F14909FFF7EEFFA3794F
S2140321D843B121796088B1FA81F1BDE81040490915
S2140321E8FFF7E3BF10BD00F0A9B80346184613F877
S2140321F8012B8A4201D0002AF8D1704710B53B213B
S21403220804460068FFF7F1FF0022034603F8012B94
S2140322182068236010BD10B540B1421E0A24002072
S21403222812F8013F303BD9B2092900D910BD04FB87
S2140322380030F5E708B500F07EF808B540F2BA4274
S21403224800211020D5F766FC41F2E823584340F6F0
S214032258FF7300F2FF70B0FBF3F080B208BD50F8CE
S2140322680C3C23B150F8041C30F80E0C1847704782
S214032278084619B1FF21103002F09CBA704773B5AF
S21403228805460E466DBA1446D5F770FDADF80450EC
S2140322987EB1012C04D0032C09D00022012101E0D1
S2140322A82246022101A8D7F79BFF02B070BD002281
S2140322B8F7E7042132460DEB0100F4E707B540BA09
S2140322C8ADF8040001A8D7F7BFFF03B05DF804FB19
S2140322D807B540BAADF8040001A8D7F7E1FF03B085
S2140322E85DF804FB002307B540BAADF804000DF10A
S2140322F8030101A88DF80330D7F7FEFF9DF8030006
S21403230803B05DF804FB007800F0DF03552B07D015
S214032318642807D0663818BF4FF0FF30C0B270473E
S214032328012070470320704718B12D280CBF0120E1
S21403233802207047704708B501F02EFE08B500F076
S21403234883F8BDE8084004F031BB50E9023018476B
S2140323580A460830FF2102F024BAFF21083002F0AB
S21403236831BA08B50AF063FBBDE8084009F0E8B8D7
S21403237813B500240DF107008DF8074003F0C8FADB
S21403238840B99DF80700033803288CBF00200120B6
S21403239802B010BD2046FBE72DE9F04104460027AE
S2140323A84FF00C0E8F4202DB0020BDE8F081207848
S2140323B8904204D1002594F80780454502DB01378F
S2140323C80C34EFE70EFB05F6D4F808C00CEB060052
S2140323D83CF806609E42E8D00135EEE7F0B585B0D6
S2140323E805460E461746D5F7E1FD0446A0B1314625
S2140323F82846D5F793FD83783A46002BA3683146DB
S2140324080293A378284601934FF0000300930CBF6A
S21403241880234023E4F732FF05B0F0BD08B51288E1
S214032428D5F7C4FD50B10279BDF80C309A4207D8E7
S21403243881680298EBF770FC002008BD8620FCE74D
S2140324488920FAE7D5F7B6BE002004F02BBB08B5FB
S21403245804F090FB002814BF0320002008BD10B525
S2140324680446FFF785FF20B12046BDE81040DFF796
S2140324784BBE10BD08B5FFF77BFF18B1BDE8084093
S214032488DFF734BE08BD704708B502F06FF8FFF7EC
S214032498A9FDD5F7FBFE6420DFF746FE6420DFF7C9
S2140324A833FE02F065F8D4F79FFC08F073FCF8E7F0
S2140324B8642230B542F21075418AB0F87E30514333
S2140324C8848A681A834202FB04F40AD2A3420AD90E
S2140324D81B1B02FB03F021446D1AB0FBF5F0C0B2D8
S2140324E830BD1046FCE70020FAE710B589B163292A
S2140324F811D86424828A438A624304FB0323C3F500
S2140325081C53103301FB03F0B0FBF4F0104480B205
S21403251810BD0846FCE742F21070F9E738B5037BAE
S2140325280446002B36D0FFF71CFF217BE2890229DD
S21403253803D1238A002B18BF1A466423534342F257
S21403254810721FBFD4F88450401B5043B0FBF3F2FD
S2140325580129B4F8883017D1134442F21072934213
S21403256828BF13469BB2A4F87E302046FFF7A0FF89
S214032578A37D83420ED0A075082260784FF481713C
S214032588BDE83840FFF72ABF934201D39B1AE9E711
S2140325980023E8E738BD10B50446B430FFF7DDFE80
S2140325A804F1DC00BDE81040FFF7D7BE037BC18902
S2140325B8022B03D1038A002B18BF1946642342F261
S2140325C80F724B43DC30934298BF6421FFF7C0BEBB
S2140325D810B50446FFF7A2FF237B23B12046BDE8C8
S2140325E81040FFF7E3BF10BD10B504464FF6FE7163
S2140325F8D5F7ECFFB4F880302046A4F87E30FFF712
S21403260857FFA37D834208D0A075082260784FF44D
S2140326188171BDE81040FFF7E1BE10BDF8B50E4660
S2140326280446154600F18C073846FFF796FE2946FA
S2140326383846A4F87C60BDE8F840FFF789BEF8B5CD
S21403264804460D46FFF78DFE4FF6FE71A36F8D42C7
S214032658227BA0EB030717D162B94FF6FF75B4F8D0
S2140326687C30AB4205D004F18C00FFF776FEA4F865
S2140326787C50F8BDC72F1BD8C8331A1A29462046DC
S214032688BDE8F840FFF7CABFB4F87E60AE422CBF79
S21403269802260126B24211D14FF6FF76B4F87C30F3
S2140326A8B34205D004F18C00FFF757FEA4F87C600C
S2140326B829462046BDE8F840D5F788BFC72FDBD99B
S2140326C8002AF5D02046D5F781FFC822D6E74FF66D
S2140326D8FF73994201D0FFF7B2BF70474FF6FF72F8
S2140326E8B0F87C10A0F87C20FFF7F1BF42F2107117
S2140326F8FFF7A5BF0021FFF7A2BF4FF6FE71FFF74E
S2140327089EBF4FF60173994210B5044603D14FF6A0
S214032718FE71FFF794FF638A2046322B84BF322369
S2140327286382A38A322B84BF3223A382BDE8104078
S214032738D5F7F2BF032910B504462BD0007B30B972
S214032748012903D002290CBF0120FF2010BD032A4C
S21403275807D8DFE802F00208101401291CD0022962
S2140327681FD0FF20F2E70029FBD1B4F85C20012A2A
S21403277812D0022AF4E704290ED00529F0E7042923
S21403278814D0052914D00029EBD1B4F85C20111F06
S2140327980129ECD80220D9E75A1E53425341580060
S2140327A8D4E7022B0CBF02200120CFE70020CDE799
S2140327B80120CBE730B587B005460C46D5F7E8FCCD
S2140327C8012820D11CB1611E4B424B4158006B783F
S2140327D84FF480728DF804304FF48273ADF80630E8
S2140327E84FF48173ADF8083001238DF80B300023BE
S2140327F885F8900001A8CDE903238DF80A408DF8E3
S2140328081430D5F7FDFC07B030BD41680346C978D8
S214032818027B99B98168C97899B9002A08BF032148
S214032828D6F7B8B89B7B002B0CBF01210221F7E72C
S2140328389B7B002B0CBF02210121F1E7012AF1D172
S2140328487047012AF4D17047042910B5044604D802
S21403285831B1BDE81040D6F721B905290DD010BD12
S214032868037B5522002B08BF0321A0F85C10407891
S2140328781221FFF7B3FD2046EBE743681A8A8368FD
S2140328881A82E6E7012303730378013343734FF48D
S2140328984073C381032303740023A0F85C3080F8D5
S2140328A89030704738B504460D4601B9458901236B
S2140328B8E373FFF756FDFA2202FB05002061208921
S2140328C8BDE838405043FFF7CABD10B50446806BD1
S2140328D8D8B1E278022A04D0636B5B7972B984F8BC
S2140328E83C3094F83C306BB1FFF713FC60784FF636
S2140328F80272BDE810400621FFF770BDB3FA83F3F2
S2140329085B09ECE7FFF710FCF0E710BD10B50446CB
S214032918406BD4F761FB2046BDE81040FFF7D5BFF0
S21403292810B50446406BD4F77BFB2046BDE8104041
S214032938FFF7CBBF10B50446406BD4F797FB20468A
S214032948BDE81040FFF7C1BF10B5044600220621B4
S2140329584078FFF743FDA378022B01D0FF2B04D161
S2140329682046BDE81040D6F7FBBB10BD4FF60273F2
S214032978994210B5044601D1FFF7A7FFE378022B67
S21403298802D02046FFF7A1FF2046BDE81040D6F741
S214032998E7BB10B5D0F8A4407CB103791BB14079E6
S2140329A8D6F79EFC48B9A3883BB932222046BDE831
S2140329B8104001231146D4F7A7BA10BD10B5044634
S2140329C8FFF7E7FFA278237982B913B12046D6F733
S2140329D8ADFC2046D6F7EAFC03236078A4F86C30EF
S2140329E85522BDE810401221FFF7F8BC012B02D18F
S2140329F82046D6F79BFCA379012B02D12046D6F7AF
S214032A08D5FC0123E9E710B583780446ABB9FFF78D
S214032A18C0FFA3788BB9237913B12046D6F7A6FC53
S214032A282046D6F707FD04236078A4F86C305522B1
S214032A38BDE810401221FFF7D1BCB4F86C30022B66
S214032A480DD02379032B02D12046D6F76FFCA37942
S214032A58032B02D12046D6F7A9FC0023E4E7204639
S214032A68D6F72AFDF9E7827883685AB9DB78002B0C
S214032A7814BF03230423A0F86C3055221221407890
S214032A88FFF7ACBC1A7922B9DB78003B18BF0123E1
S214032A98F1E70223EFE77FB500239E6A0446B6F5FF
S214032AA8C04F0D460CD201A8D6F7B2FE039B5B05B2
S214032AB806D529462046336C04B0BDE8704018474F
S214032AC804B070BD00239B6AB3F5C04F05D21B6BD9
S214032AD8B3F5C04F01D29B6818474FF4817070470F
S214032AE81FB500239A6AB2F5C04F04D340F201100B
S214032AF805B05DF804FB126BB2F5C04FF6D201229F
S214032B0801A8CDE902338DF80420D6F781FE039B8E
S214032B18DB03EBD5029B1A0EE8D0012A03D1C3F3D5
S214032B2807430A2BE2D900239B6A1B6B1B6C984747
S214032B38DEE700230360704703680B600160704795
S214032B4810B538B132B129B100230139D45C14B9B0
S214032B580023037010BD8B42FAD200F8014B0133F1
S214032B68F4E7034638B10020814204D01A5C02B960
S214032B7870470130F8E770474FF0FF31FFF7F1BFB2
S214032B8870B50C461646054660B15AB151B1FFF703
S214032B98F3FF844206D9211A32462844BDE870401A
S214032BA8FFF7CEBF70BDFEE7FEE700239A4200D1CB
S214032BB8704710B550F8234041F8234001339A4232
S214032BC8F8D110BDD7F7F0BA4369426CD91C143A4A
S214032BD8B1FBF2F103EBC1000330B0FBF2F00230B5
S214032BE8704738B505460C46FFF7EEFF6A6CE31DDB
S214032BF8143AB3FBF2F3013304EBC30402FB0040BD
S214032C0838BD38B5054644692146FFF7EAFF6A6CBE
S214032C18E31D143AB3FBF2F3013304EBC304204475
S214032C2838BDF7B507460E4600257C6CA8196442DE
S214032C3880EA06031C4003D02C46204603B0F0BDAA
S214032C48FB6B01225B6901A99847019B0133F4D109
S214032C580435EAE770B505460C46D9F77FF8EB6BFB
S214032C682046BDE87040DB68184770B50025044663
S214032C7886B00562E369AB4202D8206A06B070BD27
S214032C88666C2068E36B05225B6901A906FB0500F1
S214032C98984701A800F023FC00F046FC10B1236A0D
S214032CA8013323620135E5E738B50446456C006809
S214032CB804F1400305FB0101E06B00F042FC054606
S214032CC82046FFF7D2FF284638BDF0B5054600264E
S214032CD887B0EC69013CB44203D80C46204607B0DB
S214032CE8F0BD01B14C1E6F6C2868EB6B05225B695F
S214032CF801A907FB0400984701A800F0F0FB00F0C1
S214032D0813FC0028EAD121460136E2E7F0B504466B
S214032D180D46466CE36B006887B005225B6901A91C
S214032D2806FB0500984701A800F0D9FB00F0FCFB5A
S214032D3820B101A800F0AAFB07B0F0BD294620463B
S214032D48FFF7C3FF0646676C2068E36B05225B69DB
S214032D5801A907FB0600984701A800F097FB431C48
S214032D68EAD0B54238BF0130E6E72DE9F0434FF61F
S214032D78FF79D0F8248004460E46C84514BF454656
S214032D880025002787B0E369BB4202D807B0BDE831
S214032D98F083E26B2368606CD2F814C000FB05303E
S214032DA8052201A9E04701A800F099FB022806D0EE
S214032DB8C8450CD1721C29462046FFF775FFE36900
S214032DC80135B5FBF3F2013703FB1255DBE729465A
S214032DD82046FFF79BFFB0F1FF3F14BF024632467B
S214032DE80132E8E70368F0B5CC1A436C0646B4FB31
S214032DF8F3F4002587B0F36937685A1E9542706C5A
S214032E0808D3706C336800FB043007B0BDE8F040A5
S214032E1800F095BB0134B4FBF3F203FB1244F36BE7
S214032E2805225B6901A900FB0470984701A800F016
S214032E3856FB00F079FB0028E3D10135DBE710B435
S214032E4823F0030422449B070A44436C18BF043246
S214032E585B4281EA0204234203D05DF8044BFFF782
S214032E68C1BF10465DF8044B70472DE9F041D0E921
S214032E780A369E42044686B028D11422C36945689A
S214032E8802FB1355284606B0BDE8F0812068676C38
S214032E98331AB3FBF7F3E26B07FB0300D2F814808D
S214032EA801A90522C04701A800F019FB012804D090
S214032EB8636C1D44013B3340ED1A31462046FFF749
S214032EC891FF0646A36AB342E0D1DBE70025F9E79C
S214032ED808B508301346D1E90012D8F7C5FE012015
S214032EE808BD13B50C460021217600936168134686
S214032EF82246D7F7B3FA18B1E37D03B1A07EA075CF
S214032F08A07D02B010BD73B5164600F108050C4641
S214032F18284609680DF1070200F098F9032E06D132
S214032F286368834203D12846216800F076F90120B6
S214032F3802B070BDD01E009B42424241187E8242B8
S214032F4811D11A688A420ED85A688A420BD35A692C
S214032F5801325A61D3E9030282423FBF986840F8B8
S214032F68221001321A610120704710B5032A029C09
S214032F7807D1A26A5340626C5242134201D100F051
S214032F884CF9012010BD08B5C36800209847BDE872
S214032F980840D8F7EBBE012814BF0420022070B5FA
S214032FA8002442431C70CC7D101D02F002024CB96B
S214032FB81AB1012220F003001A7000F108034868CA
S214032FC8184470BD1AB1012220F003001A700023BA
S214032FD80C7E01F12005DAB2A24201D30020F0E705
S214032FE835F833205E1C824206D901EBC30300F191
S214032FF80802D8691044E4E73346801AEBE773B54A
S214033008054690F842601C4630460DF10303FFF769
S214033018C2FFEB6B012E5B690DD1324601A99847B7
S2140330289DF8033013B1BDF806300193BDF804309C
S214033038236002B070BD0122214602B0BDE870408D
S2140330481847F0B5054600244868EB6B87B00E466C
S21403305801225B69029402A908309847274695F827
S2140330684230012B40F0AC80632C00F2AB80612C1D
S21403307808D805AB224631462846FFF7C0FF9DF819
S21403308814305BB305AB2246314628468DF81070DC
S214033098FFF7B5FF95F84230012B059B7FD14FF616
S2140330A8FF72934256D0082205A904A800F063FAD3
S2140330B8059B9DF81010C3F3072291424AD1DBB251
S2140330C8029A1A44029245E0DCD005AB2246314602
S2140330D82846FFF794FFBDF81430D2E795F8423038
S2140330E8012B39D1612C2ED822463146284603AB0C
S2140330F8FFF785FF3146284604AB621CFFF77FFFC0
S2140331083146284605ABA21CFFF779FF1022082391
S2140331180DEB02010DF107008DF8073000F02BFACE
S214033128102205A90DF1070000F025FA039BDAB271
S2140331384AB99DF80720B2EB132F04D1DDE9043210
S21403314803EB0243029395F84230012B14BF012385
S21403315802231C44013482E7302CF4D82246314635
S214033168284603ABFFF74BFF3146284604AB621CE1
S214033178FFF745FF102320220DEB03010DF107008F
S2140331888DF8073000F0F7F9039B9AB2002ADAD1D4
S2140331989DF80720B2EB134FD5D1049BD2E7013332
S2140331A8D8D0102205A90DEB020000F0E4F9059B20
S2140331B89DF81010C3F307429142CBD19BB27FE729
S2140331C8312C81D9029807B0F0BD13B500240194B9
S2140331D8049C0094D7F71EFE02B010BD13B5012455
S2140331E80194049C0094D7F715FE02B010BD002383
S2140331F84FF0FF3230B544689C4202D10023037275
S21403320830BD016801EBC30541F833206A6001331A
S214033218F2E7C0E90012FFF7EABF0023F0B54568F6
S2140332289D4210D00468DF0054F8332004EBC3062D
S214033238B2F1FF3F08D0C2F31302914204D14FF014
S214033248FF33E3517360F0BD0133E9E70023F0B5BC
S21403325845689D4202D14FF0FF300EE00468DE0059
S21403326854F83340671C09D0C4F31307B94205D191
S214033278240D1470036833445868F0BD0133E8E737
S214033288704770B59400224605460E4609F094FD2D
S214033298431C0AD058B9224631462846EBF736F877
S2140332A8002814BF3D20002070BD6E20FCE7712067
S2140332B8FAE713B5044601A8D9F7E8FF9DF80630E0
S2140332C823804FF480736380D9F7FAFF6060002089
S2140332D802B010BDD9F75ABF08B5D9F747FF002083
S2140332E808BD10B5044644EA010313F00303084671
S2140332F809D1934201D1002010BD54F8231040F899
S21403330823100133F5E721469200EAF743FEF2E776
S21403331810B5044609F04CFD431C10D088B9D9F7FC
S214033328CFFF234620F003002044984201D1002013
S21403333810BD53F8042B0132F7D03E20F8E76E2071
S214033348F6E77120F4E7704713B5002304460146F1
S2140333581B220DF107008DF8073000F00CF92268E0
S2140333689DF80730B3EBD26F0CBF0120002002B0E4
S21403337810BD13B500230446014620220DF10700AD
S2140333888DF8073000F0F7F80DF107001A22211D13
S21403339800F0F1F862689DF80730B3EB926F0CBF44
S2140333A80120002002B010BD0068431C5842584153
S2140333B87047006810F07E0F0CBFC0F3C160002092
S2140333C870470068C0F3D3107047006800F07F00AA
S2140333D801288CBF002001207047036813F07E0F76
S2140333E814BF042008207047036813F07E0F03D128
S2140333F8406820F07C40704713F078001CBF03F049
S2140334087F03D81F7047006800F07F0070470328C3
S21403341809D0022803D1C1F10201C8B270470029B6
S2140334280CBF07200020704737B5054601F10C048A
S21403343843696946012220469847BDF800300122B1
S21403344801932046AB6901A9984703B030BD37B549
S21403345801F10C044369012269460546204698474C
S2140334684FF6FF72009B99B291420DD16FF30F038B
S21403347843F4254343F0A503019301222046AB6991
S21403348801A9984703B030BD0020FBE737B50446CB
S21403349800251B22011D0DF107008DF8075000F0CB
S2140334A86AF860689DF80720B2EBD06F03D120F066
S2140334B8784003B030BD0DF107001B2204F1080164
S2140334C88DF8075000F057F8A0689DF80730B3EB5F
S2140334D8D06F01D1C043EAE74FF0FF30E9E74BF27C
S2140334E89A22036810B5B2EB134F044613D19BB266
S2140334F8012B13D1FFF7CAFF01300CD04FF6FF722A
S214033508E068B2EB104F4FEA104309D180B2C01AF5
S21403351818BF012010BD2368013303D00420F9E740
S2140335280220F7E70320F5E701288CBF00200120D7
S2140335387047033801288CBF0020012070471430D9
S21403354870472DE9F04105469846036908460E4636
S21403355817469847044638B943463A4631462846F6
S214033568D8F774FC044618B131462846FFF75CFFC3
S2140335782046BDE8F0811F2A0B689EBF4FF0FF3137
S21403358891408B43590801F055315B1A03F03331E8
S2140335989B0803F033330B44017803EB13130A44F5
S2140335A84FF0013103F00F334B43A2EB1362027063
S2140335B8704708B507F0BAFABDE808400021D8F7FF
S2140335C843BE0029CCBF01210021D8F73DBE022106
S2140335D84FF42070D9F70EB9704770470020D9F713
S2140335E8A9B90120D9F7A6B9704770B50546144698
S2140335F80E4609F030F92B685C4034405C402C607A
S214033608BDE8704009F022B94369DB01FCD4012305
S21403361800F5005043607047022A10B54FF00004C7
S21403362805D9033A022A0CD90360047110BD11F4B4
S214033638000218BF4FF07F4221F07F4313430C0E5E
S214033648F2E721F0FF03CCB2EEE730B4012500F52C
S214033658805344685D60CB784D785B0443EA052362
S2140336680D7889782B43090401F480310B43C0F89D
S2140336789830E30702D430BCFFF7C6BF30BC7047A8
S21403368838B50C460546FFF7BFFF23781146627820
S21403369803F0070343EAC203E278284643EA022311
S2140336A8A278120102F0300213432B67EB6AA27961
S2140336B823F48B3323F4807343EA024322791202FA
S2140336C802F4E06213436279120302F4805213434E
S2140336D8EB62FFF7BAFF012305F580525360E279E0
S2140336E802B1EB6038BD08B50A6FC96F02F007026E
S2140336F8FFF792FF08BD4FF050234FF400321A67C6
S21403370870474FF0B0435A6812B19A6A002AFAD142
S214033718704770B5054614460E4609F09CF82B68A4
S2140337285C4034405C402C60BDE8704009F08EB8BD
S2140337380122417803788A4030214B4342F2100134
S21403374803F1A04303F570335A50704721FA00F289
S214033758D20730B5034600F0FC040FD50022013229
S214033768D2B2042A02D14FF0FF3008E0831803F0E0
S2140337780303234421FA03F5ED07F0D4184630BDB6
S21403378800207047002070470020704700207047CD
S21403379801207047012070470F207047EBF7D8B811
S2140337A800207047FFF7FCBF0020704770470020D3
S2140337B8704700207047C3681944836853F821008C
S2140337C830F8023B13607047012310B580F8883041
S2140337D80378044653B100F061FA21462046DAF727
S2140337E8D3F82046BDE8104000F04DBA10BD38B5F2
S2140337F80D460446DAF7B0F86B682046C4F8B032CC
S214033808A96800F096F94FF0FF332046C4F8B4329F
S214033818FFF7CDFF38BDD0F8B43210B501330446F0
S21403382801D0002010BD00F0BCFAC4F8B402013081
S214033838F7D194F8B80280F00100F3E708B5DAF791
S214033848C7F808BD0A7801382D2A0ABF01220022C4
S2140338588918DAF719B907281BD8DFE800F0060A2B
S2140338680D10131504170120704700220820DAF7F5
S2140338780BB900221020FAE700222020F7E70820D9
S214033888FFF7E0BF1020FBE72020F9E70846DAF742
S2140338985DB9002070472DE9F74307280C46DDE994
S2140338A80A7690461D4608D8013806280AD8DFE85F
S2140338B800F01D27303A44574A00212850D003B059
S2140338C8BDE8F083002220461146EAF79FF93368DD
S2140338D8C0B205EB83013A6845F82300013348F87C
S2140338E8221033603B6801333B60E8E7002220463A
S2140338F81146EAF78BF9336880B205EB8301EAE7EA
S214033908002220461146EAF781F9336805EB83015E
S214033918E1E7002220461146EAF726FB336840B261
S21403392805EB8301D7E7002220461146EAF71CFB7E
S214033938336800B205EB8301CDE700222046114623
S214033948EAF712FBE1E7002389461E461D468DF873
S214033958063019F8013F7D2B06D125702D0A6570B0
S2140339683B6848F82340BDE7202BF2D006F0010257
S214033978013612B98DF80430EBE71022002101A8AE
S2140339888DF80530EAF7F0FA631901359870ADB289
S214033998DFE72DE9F04F9B46002385B08B4581462C
S2140339A888469246CDE902336BDC1A461E4619F85A
S2140339B80340212C09D81F2C04D8103C072C98BF89
S2140339C8012200E001260133F1E7FF2CFBD15B441B
S2140339D836B1013B43450ADD2B2005B0BDE8F08F21
S2140339E862B1013B4345F7DC3546374602E000251E
S2140339F82F462E46454504DB0020EEE79845F3D0D0
S214033A08EAE75D453BDB19F80730202B18D109EBAD
S214033A1807035B78FF2BDFD1CEB920465AF825106B
S214033A28FFF719FF78B303AB019302AB0093204665
S214033A38DDE90E235AF82510FFF72DFF0135D9E7E0
S214033A48212B0ED109EB07035B78FF2BC4D1029B0E
S214033A585AF825200E99012641F8232001330293AC
S214033A68ECE7A3F11004072C02D91C460137D3E769
S214033A7809EB07035B78FF2BAED1E4B2CCE7062449
S214033A88CAE72120A9E72620A7E72DE9F04F07462E
S214033A980E4615469846044685B0DDF84490DDE99B
S214033AA80FAB206808B3DAF80020D8F800108A426B
S214033AB81BDA0E9B53F82210D6F7AAFA48BBDAF895
S214033AC800200132CAF800206268117BFE291BD148
S214033AD80E9B1068012100932A464346CDE902B996
S214033AE8CDF804A0FFF7D1FF04462B7843B999F81D
S214033AF800302BB97EB101233C4689F800302B7081
S214033B08204605B0BDE8F08F01238BF800302B70F4
S214033B18EBE70C34C5E73446F2E710B504462368EA
S214033B2803B910BD237A13B92046DAF745F80C34DF
S214033B38F5E710B541B10A7932B901249C300C7106
S214033B48FEF7FAFF204610BD0020FCE72DE9F041FA
S214033B58BAB005460AAA084603A900F05FF9044660
S214033B68B0B90DF10A0301930DF10B038DF80A00A2
S214033B7800930AAA284604AB03A9DAF7CDF99DF8F9
S214033B880A20B2B19DF80B2048B12AB1DAF714F827
S214033B9820463AB0BDE8F081FFF7BFFFF8E7D5F84F
S214033BA89C50002DF4D0A86808B1FFF7B6FF2D681F
S214033BB8F7E700B346681AAB06F10C082AAF019379
S214033BC84046049B039900970AAAFFF7E2FE0446B9
S214033BD80028DDD1039B05A8CDE90637049B059588
S214033BE8CDE90838DBF788FC05A83368984705A8A5
S214033BF800F03FFDCCE72D24CAE710B50446AC30E9
S214033C08E9F734FF04F1AB031A180020934200D1F6
S214033C1810BD13F8011F0029FAD00A2908BF01307E
S214033C28F4E70023F0B50B6013600646D0F8AC0241
S214033C3878B196F8AC0060B1012406F1AC07D6F863
S214033C48AC02844210D306F1AC00B3F5007F10D360
S214033C580120F0BD0D6801350D6015680135156046
S214033C68F85C01330A2802D0B3F5007FF2D3013497
S214033C78E5E7C15C0A29EBD00029E9D011680133CE
S214033C8801311160E1E710B50021D0F88C20044615
S214033C98E9F7F0FF0023C4E9243310BD73B50446DF
S214033CA800F1AC0580212046FEF75BFF4FF4007158
S214033CB806462846FEF755FF0136C0F500708642CD
S214033CC820461FD8E9F7D2FE06462846E9F7CEFE71
S214033CD801362946421CA819EAF71EF82046E9F7D2
S214033CE8C5FE214602462846EAF754F92046E9F770
S214033CF8BDFE0A23204480F8AC300023C4F8AC3257
S214033D0802B070BDFFF779FF01AAC4F8AC02694692
S214033D182046FFF786FF0022009B234483F8AC2047
S214033D28C0E773B50D460446FFF767FF6B1C19D14A
S214033D38D4F8AC3213B1013BC4F8AC3200252046A4
S214033D48E9F794FEA84215D82046FFF79CFFD4F857
S214033D58AC322BB16946204601AAFFF762FFA0B929
S214033D6802B070BD012DFBD1D4F8AC328342F7D232
S214033D780133E1E7082000F023F8202000F020F8BC
S214033D88082000F01DF80135D9E7009D04F1AC06BC
S214033D98019BAB42E4D9715D2046DAF7EBF90135AE
S214033DA8F6E707B500200DF1070100F0E7F820B99C
S214033DB89DF8070003B05DF804FB4FF0FF30F9E702
S214033DC810B5C1B20446002000F0C8F800280CBF9E
S214033DD820464FF0FF3010BD0FB407B504AA52F8BB
S214033DE8041B00200192DAF769FB002003B05DF894
S214033DF804EB04B0704710B54C1C0B460119045D60
S214033E08222C03D07B2C01D05C2C05D1D21A184463
S214033E18E9F782FF012010BD0020FCE72DE9F047F3
S214033E28054691468846E9F721FE2A46064613467E
S214033E38197801322029FAD0C9F800305C1B01230F
S214033E486FF0404AC8F80030A64201D8002014E0B4
S214033E582F5D29197B2F12D0222F2ED1D8F80030A8
S214033E68621C53442A4449F82320012C09D911F823
S214033E78013C13F0DF0F04D02120BDE8F0877D272F
S214033E88F3E701342B5DBB4209D12B195B7813F09A
S214033E98DF03F1D1222F00D12B550134D4E75C2B55
S214033EA807D1324621462846FFF7A5FF0028E3D068
S214033EB8013E0134A642E5D8DEE75C2F08D1324638
S214033EC821462846FFF797FF0028D5D0013EE4E7AA
S214033ED8202FE2D10022631CB3420A70DDD2EA180F
S214033EE8EB5C202BD9D0D8F800300F2B05DC49F82B
S214033EF823200133C8F80030CFE71E20BDE700F0C3
S214033F0800B800207047D6F771B870B50C4615464A
S214033F1810B9DAF7C7FA38B143682BB12A462146EF
S214033F28BDE8704000681847232070BDF7B50D46F6
S214033F3816461C4638B9DAF7B5FA04B901AC20B9FF
S214033F48232003B0F0BD03B901ACC768002FF7D030
S214033F582346324629460068B847F2E707B50122E2
S214033F688DF807100DF10701FFF7CFFF03B05DF8D3
S214033F7804FB0B4601461846FFF7F0BF0023012251
S214033F88FFF7D4BF08B508F0F3FCFA23B0FBF3F049
S214033F9880B208BD0420704740F20160DAF778BBA8
S214033FA87047012070470020704749BA89B280EAF3
S214033FB80103C3F303125340180380B258405B014E
S214033FC803F4FF535840704708B5DAF763FF58B150
S214033FD8A0F15903042B06D8042B04D8DFE803F012
S214033FE80404040304005C2008BDDBF795B8704797
S214033FF8F8B50C468D18073552421540A5F1080743
S2140340080646384600F0DFF9A188381B628801EBBC
S214034018E00189B2A2EBE00225F8041C25F8062C79
S214034028A288C310AAB1A4EBC202B2F802C0D18018
S21403403803EB0C015180E28892B1D31A9BB204EBCE
S214034048C20425F8023CA380B3680344B360384629
S214034058F8BD15F8082C42F0020205F8082CEAE722
S21403406825F8022CF0E72DE9F04F4FF0000887B04B
S2140340789946531C109B0546174614BF1446082436
S214034088CDF81480002B00F0C580C3F80080002903
S21403409800F0C28042688A4240F2BE80073121F0AF
S2140340A8070608F0E5FB05AACDE9008282463A46EC
S2140340B84B463146284600F08AF9059F834607B1E2
S2140340C830B9504608F0CFFB192007B0BDE8F08F8B
S2140340D8B7F8028029694FEAC802C0EBC808013955
S2140340E8B8F1270F29617AD9B9F1000F51D1864261
S2140340F806F1080848D0224639462846FFF778FFCF
S21403410804460590059B9844404600F05CF90599DB
S21403411806F10F004A88C308A2EBD002A8F80220CB
S214034128CA88A8F80430002A30D0D31A9BB201EB09
S214034138C202A8F8063093808B88F608A380B8F8DE
S21403414804303A46E380414600232846668000F05A
S214034158A6F9AB680833AB60237843F001032370F2
S2140341682B6901332B616288AB68504603EBC203A5
S214034178EA68AB60934288BFEB6008F074FB109B59
S214034188083400201C60A0E73C46BBE7A8F80620D6
S214034198D2E707EB08042046039200F014F90BF164
S2140341A80703DB080599638008F10703DB08A38088
S2140341B8CB8893B1DB00039AD81D821A5A44C2F3FC
S2140341C8CF020B44E2809A80A38808F1FF384FEAAF
S2140341D8D808A1F80280CB80BBE7E380F4E7B9F1FF
S2140341E8010F1BD107F10803B3FBF4F204FB1233E8
S2140341F8B3B1224639462846FFF7FAFE0446237823
S2140342083A4643F00103237021460123284600F06B
S21403421846F9A8E7222058E7212056E78642E8D140
S2140342283C46ECE707B500224FF0FF3101AB01929D
S214034238DAF7B2FB019803B05DF804FB2DE9F74FF4
S21403424804460D46002900F0AB80D0E9056808F05F
S2140342580FFB15F8087C35F8061CFB07009000D5FD
S21403426831B9009808F0FFFA012003B0BDE8F08FD3
S214034278A368D4F8109035F804ECA3EBC10B09F146
S2140342880103A5F1080C4A1CC4F808B02361BEF163
S214034298000F7BD0ACEBCE03D888B3F802A001900E
S2140342A8187807F00207C00765D4002F64D1019871
S2140342B8A0EB0A07012F69D18A1CABF10807524401
S2140342C8C4F81090A76035F802ECBEF1000F61D071
S2140342D8D4E900700CEBCE0A07EB0009CA4559D29D
S2140342E81CF83EC057461CF0010C15D1AEEB010175
S2140342F8012911D1BAF80210AAF802C001310A44FA
S214034308BAF80610002943D00AEBC1072169013918
S2140343182161A1680839A16015F8081C013A21F043
S214034328010105F8081C002125F8061C5A801A788E
S21403433861F300021A707FB3C3F107023A44C2F36B
S214034348CF02DA80BA804EB3B34227D37288002AE4
S21403435808BF1E46B8F1000F06D0434504D8B8F880
S2140343680220002A18BF43460098C4E9056308F0EC
S2140343787AFA002079E74FB115F8087C724427F0DB
S214034388020705F8087C00279F809CE763469AE7A0
S2140343980F46BBE70027BFE7DF80D4E71E46D9E70B
S2140343A8222062E710B50446DAF70EFB2146BDE87D
S2140343B81040FFF743BFFFF7F5BF0846FFF732BFC6
S2140343C80846FFF7F8BF0023036043607047F0B55D
S2140343D8D0E90554561C08BF0822002B4FF00000EE
S2140343E808BF2C46DDF818C0CCF80000002C37D0E0
S2140343F89DF814706588FF0007EBC505C2F1000E2B
S2140344082078C00708D51BBBE088A0B104EBC0041E
S214034418658807EBC505F3E78D42F4D363B904F162
S2140344280806B6FBF2F002FB106670180EB1A84237
S214034438EAD8CCF80040F0BD082A0FD060880130CF
S21403444804EBC000461A06EA0E06801B8542F0D225
S214034458A0880028EFD0A4EBC004D9E70846E8E70D
S2140344682046E8E703460069C0B10AB951B91A6895
S21403447810460378DB0711D531B9C3885BB100EB67
S214034488C300F6E79A69F3E7012904D1838823B1C1
S214034498A0EBC300EDE700207047184670472DE9E8
S2140344A8F041D0E90554074688461646ABB195420F
S2140344B800D00ABB424600213846FFF7D3FFB44272
S2140344C8054600D02EB9424601213846FFF7CAFFF3
S2140344D80446C7E90554BDE8F081954208D08D42E5
S2140344E828BF0D46B44205D0444538BF4446F0E7D6
S2140344F80D46F7E74446ECE79442EAD1E3E770B59E
S21403450800261C46C3E90001C3E90266C3E90500A1
S2140345181E611A775E62FFF756FF23690139C908D9
S214034528013341802361A36830460833A360E368F8
S2140345380833E36070BD002307B5684600938DF81B
S2140345480430D8F789FA03B05DF804FB10B508F011
S21403455882F9044606F058FB2046BDE8104008F0EA
S21403456875B970474FF4C870DAF7B6BADAF79EBB70
S21403457800F01CB87047704708B503F015FA03F047
S2140345881DFA03F024FA03F033FABDE8084003F0F3
S21403459840BA704708B503F002FA03F001FA03F0CD
S2140345A800FA03F000FAFFF7F4FF08BD08B503F0B6
S2140345B831FA03F030FA03F030FABDE8084003F0A6
S2140345C833BA7047012070472DE9F34112F001050D
S2140345D80446884622D110F0030525D12F465208F3
S2140345E8BA4209D1D8F7C2FD0026B74204EB8600C3
S2140345F808D1D8F7CBFD11E054F8273001330CD196
S2140346080137EDE7042258F826300DEB0201019333
S21403461808F0D2FB30B1D8F7B9FD3D25284602B0DD
S214034628BDE8F0810136E0E70125F7E77047B0F10A
S214034638006F0FD300F07843B3F1006F0CD000F08F
S2140346486040B0F1404F09D0B0F1604F14BF04206A
S21403465803207047002070470120704702207047E8
S214034668002070471AB111B180B2DAF755BD212080
S214034678704701F056BEE3F77FBEFFF78DBCD0E95F
S214034688023253F8223000211878E3F7C7BA704786
S21403469802F08CB901F0DABDC3688268013BDBB26D
S2140346A852F823305B78652B02D10020E5F706BE67
S2140346B86E2B01D10120F9E7662B01D10220F5E71D
S2140346C8704710B5D0E90232044653F822301878FA
S2140346D802F046FAE368A268013352F82330BDE8CD
S2140346E81040187802F03ABA10B50446C0B2DBF7A1
S2140346F8E1FE200ABDE81040DBF7DCBED0E9023253
S21403470853F822301878DBF7DDBF02F0E1B9E4F797
S214034718D3BA08B501F0B8FEBDE80840E5F7BCBC57
S214034728D0E9023253F82230186801F0ABBE0020F5
S214034738E5F7B8BD0120E5F7B5BD0221DBF758BF9D
S2140347480321DBF755BF0521DBF752BF08B5014642
S2140347580C20DBF729FFBDE80840DBF7B7BE08B532
S21403476801460020DBF720FFBDE80840DBF7AEBEB6
S21403477807B5C2688368043253F8223001211B88C0
S2140347880DF10602ADF806300023DCF7B5FC03B0DE
S2140347985DF804FB08B508F0FFF8BDE80840F1F734
S2140347A8C3BE10B51446DCF7C3FF2146BDE8104068
S2140347B807F0FEBE08B5DCF7BBFFBDE808400021DE
S2140347C807F0F6BE08B5DCF7B3FFBDE80840F1F717
S2140347D8E1BA08B5DCF7ACFFBDE8084008F043BA11
S2140347E808B5DCF7A5FFBDE80840F1F7BFBA704780
S2140347F8704708B508F0D0F8FFF7FAFF03F077F923
S214034808BDE80840DCF7E0BF704701207047012089
S214034818704708B5DDF774F800280CBF042001209C
S21403482808BD70472DE9F34104460D4616461F4654
S214034838DDF8208008F048F93B46324629462046EC
S214034848CDF8008003F055F93B4632462946204604
S214034858CDF80080FFF7E5FF02B0BDE8F04101F0B0
S21403486860BD2DE9FF4704460D4616461F46BDF8AC
S21403487830809DF83490DDF838A008F025F93B46DB
S214034888324629462046CDE9019ACDF8008000F045
S214034898FDFF04B0BDE8F04701F043BD704708B517
S2140348A808F012F903F028F9FFF7F8FFBDE8084007
S2140348B801F037BD012070472DE9F74304460D463E
S2140348C816461F469DF8289008F0FEF83B463246E3
S2140348D829462046CDF80090FFF7ECFF80463B4676
S2140348E8324629462046CDF8009003F006F901F033
S2140348F818FD404603B0BDE8F083012070472DE954
S214034908F74304460D4616461F469DF8289008F0BA
S214034918DBF83B46324629462046CDF80090FFF79B
S214034928ECFF80463B46324629462046CDF80090A3
S21403493803F0E4F801F0F5FC404603B0BDE8F08365
S214034948F8B504460D4616461F4608F0BDF83B461E
S21403495832462946204603F0D2F8BDE8F84001F06F
S214034968E0BC00207047F8B504460D46164608F026
S214034978ABF8324629462046FFF7F3FF074632468A
S2140349882946204603F0BCF801F0CBFC3846F8BDB0
S21403499838B504460D4608F097F82946204603F02E
S2140349A8B0F8BDE8384001F0BCBC10B5044608F0C2
S2140349B88BF8204603F0A6F82046FDF743FDBDE82E
S2140349C8104001F0AEBC704738B504460D4608F0F3
S2140349D87BF82946204603F0A7F829462046FFF722
S2140349E8F2FFBDE8384001F09CBC704770B504463A
S2140349F80D46164608F068F832462946204603F060
S214034A0895F8324629462046FFF7EFFFBDE8704083
S214034A1801F087BC704738B504460D4608F054F8CD
S214034A282946204603F084F829462046FFF7F2FF76
S214034A38BDE8384001F075BC704738B5054608F040
S214034A4843F8284600F0EFFE04460146284601F0E0
S214034A58ABFF01F066FC204638BD38B504460D4664
S214034A6803F068F829462046FFF7E6FF38BD704787
S214034A7838B5054608F028F82846E3F729FC04461F
S214034A880146284601F08EFF01F04BFC204638BD50
S214034A9838B504460D4603F04EF829462046FFF778
S214034AA8E6FF38BD704710B5044608F00DF82046F3
S214034AB803F042F82046FFF7F5FFBDE8104001F083
S214034AC830BC704738B504460D4607F0FDFF294647
S214034AD8204603F033F829462046FFF7F2FFBDE8E1
S214034AE8384001F01EBC704770B504460D4616469E
S214034AF807F0EAFF32462946204603F020F83246F6
S214034B0829462046FFF7EFFFBDE8704001F009BCD1
S214034B18704738B504460D4607F0D6FF29462046A3
S214034B2803F00EF829462046FFF7F2FFBDE83840A3
S214034B3801F0F7BB704738B504460D4607F0C4FFC7
S214034B482946204602F0FDFF29462046FFF7F2FFD6
S214034B58BDE8384001F0E5BB704710B5044607F0DA
S214034B68B3FF204602F0EEFF2046FFF7F5FFBDE849
S214034B78104001F0D6BB704710B5044607F0A4FFF3
S214034B88204602F0E0FF2046FFF7F5FFBDE8104099
S214034B9801F0C7BB7047704770B504460D46164606
S214034BA807F092FF32462946204602F0CFFF3246E8
S214034BB829462046FFF7EFFFBDE8704001F0B1BB7A
S214034BC8704710B5044607F07FFF204602F0BFFF84
S214034BD82046FFF7F5FFBDE8104001F0A2BB70477B
S214034BE838B504460D4607F06FFF2946204602F0FF
S214034BF8AFFF29462046FFF7F2FFBDE8384001F02D
S214034C0890BB704770B504460D46164607F05CFF22
S214034C1832462946204602F09DFF3246294620465C
S214034C28FFF7EFFFBDE8704001F07BBB70472DE947
S214034C38F34104460D4616461F46DDF8208007F066
S214034C4843FF3B46324629462046CDF8008002F00D
S214034C5882FF3B46324629462046CDF80080FFF7BA
S214034C68E5FF02B0BDE8F04101F05BBB0E207047DC
S214034C780E20704738B5044607F026FF2046FFF790
S214034C88F7FF0546204602F067FF2046FFF7EEFFCC
S214034C9801F047FB284638BD0020704700207047C0
S214034CA838B5044607F010FF2046FFF7F7FF05461A
S214034CB8204602F052FF2046FFF7EEFF01F031FBD5
S214034CC8284638BD704708B507F0FEFE02F046FFD3
S214034CD8FFF7F8FFBDE8084001F023BB0020704744
S214034CE87047704708B5DCF7DDFE00280CBF0420C4
S214034CF8012008BD70470B68DA7B1AB9DB7C0BB951
S214034D08DCF7F4BE8120704708B5DCF707FFBDE87B
S214034D180840DCF711BF7047DCF700BFDCF70CBFB1
S214034D28082808D84FF48B73C34013F0010F0CBF41
S214034D38212000207047212070470121DCF7EEBFB1
S214034D480221DCF7EBBF0421DCF7E8BF0821DCF718
S214034D58E5BF1021DCF7E2BF08B500F026F808B176
S214034D68002008BDDDF72AF80028F9D1DDF738F862
S214034D780120F6E7152808B503D1BDE80840DDF796
S214034D8823B801F089FE60B9E2F7F6FD032806D1D9
S214034D9800F009F828B9BDE80840FFF7DDBF00288A
S214034DA8EBD008BD7047002070470020704708B551
S214034DB8DDF7FCF9FA23B0FBF3F008BD0321DDF7B2
S214034DC825BA01207047D0E9023253F82230187802
S214034DD8DDF724BC0868C37B1BB9C37C0BB9DDF7B6
S214034DE84DBC81207047D0E9023253F82230187838
S214034DF8DDF786BC704730B50546044615F8100B34
S214034E0885B0029565691D44CDE900250B46A21DAC
S214034E18618801F023FE05B030BD704710B492F8E0
S214034E280A4192F8053103EB04230B8100235DF84E
S214034E38044B1A4601F010BE1FB50446084671B166
S214034E482178FF290BD0238B029363690193237C74
S214034E5800936288A31DE3F757FAFF23237004B071
S214034E6810BD0868C37B73B9C37C032B0BD8DFE874
S214034E7803F002080406DDF743BFDDF773BFDDF76B
S214034E88A3BFDDF751BF81207047704770470020E6
S214034E987047137810B5032B0CD15479CBB29C42C8
S214034EA808D19379B3EB112F04D153781B1A5842C0
S214034EB8584110BD0020FCE77FB505460E46002482
S214034EC86946E0B201F076FD28B96A4631462846B7
S214034ED8FFF7DFFF18B90134202CF1D1002004B006
S214034EE870BDFFF7E9BF0868C37B9BB9C37C052B76
S214034EF810D8DFE803F0030D070B0905DEF708B83B
S214034F08DEF744BADEF79EB8DEF7F0B9DEF76EB919
S214034F18DEF740B8812070470020704730B510256B
S214034F2887B001AA00210195FEF745FC04462A46E8
S214034F38002102A8E8F79EFE2A46214602A8E8F7BB
S214034F48EBFE012102A8DEF7FFFB07B030BDDEF754
S214034F588DBB7047FFF7FDBF0B68DA7B5AB9DB7C5E
S214034F68012B04D0022B04D02BB9DFF711B8DFF7D7
S214034F781BB8DFF725B881207047002307B5012142
S214034F8801A80193D4F766FE08B9D4F757FC0120A5
S214034F9803B05DF804FB08B502F030FA052803D021
S214034FA8003818BF012008BD0220FCE77047D0E987
S214034FB8023253F822301878003818BF0120E0F779
S214034FC87FBBE0F783BB002070470020704770471D
S214034FD8FF207047FF207047002070470020704767
S214034FE800207047704706207047DFF727BE08681B
S214034FF8E0F700BB70B50D46044600212846164662
S21403500801F074F9324620800221284601F06EF931
S214035018324660800421284601F065F90023A36020
S214035028E3606060082070BD034641B181424FF0DB
S214035038640005D94343B3FBF1F0C0B27047084692
S2140350487047E0F751BBE1F747B9E1F74FBAB0F558
S214035058807F05D0A0F50073584258414001704739
S2140350680820704730B599B00D4669461446E1F7EF
S214035078A1F930B915B1BDF802302B600CB10D9B00
S214035088236019B030BD2DE9F04788B00E46904628
S21403509804A905AA07461D46FFF7E4FF044638BBDE
S2140350A828800DF10C09DDE904A39A4520D20622CF
S2140350B851463846CDF8009006ABE1F797F9D8B9CC
S2140350C8039B062B18D12A88DDF81A3042450ED2E0
S2140350D8BDF8181026F832102A8806EBC202536069
S2140350E82A885344013206332A800493DBE7F7D928
S2140350F8204608B0BDE8F0870124F9E72DE9F04318
S2140351088FB00F46904601A9002204469946FFF73A
S214035118A9FF18B101200FB0BDE8F0830622204688
S2140351280DF1020302A9FFF7AEFF0028F2D10546E8
S2140351380246BDF80210019CEEB28E42EAD20EABCE
S21403514803EBC60656F82C3C36F8306C0634BE42DB
S21403515817BFE418012213460022013522B1C8F806
S2140351680040C9F80030D6E71A46E5E770B50024CC
S214035178012602F01DF9E5B2C26806FA05F595425E
S214035188234604F10104F4D3D8B270BD70B586B0D3
S214035198E0F75EFF00F11006E6F7CAFA00240546B4
S2140351A8142201A9301902F00AF91CB99DF8043033
S2140351B8FF2B16D0002303F118026A4412F8142CA6
S2140351C8FF2A06D11C44601E90FBF5F080B206B099
S2140351D870BD2B44DBB2132BEDD91434B4F5826FB0
S2140351E8DED14FF0FF30F2E7E0F768BD07B50422DB
S2140351F80DEB020102F0E3F8019803B05DF804FB37
S21403520837B5054608460C46FFF7F0FFA84206D012
S214035218042220460DEB02010195E6F7DBFA03B0FC
S21403522830BD07B50B460092002102460120E0F781
S214035238D7FD03B05DF804FB08B50121E0F708FDC8
S214035248BDE80840E6F772BCE1F746B808B5FFF7CD
S214035258F3FF002008BD08B513460A46014618465C
S214035268E0F752FE80F00100C0B208BD0020704788
S214035278704708B1E1F750B9704730B4DDE9024525
S2140352881DB1029430BC00F0C6B930BC70471F2865
S21403529804D8142200F5A030DAF708B870471F2898
S2140352A804D8142200F5A030DAF72CB8704715286E
S2140352B808B505D1FFF7DCFFBDE80840E1F772BA89
S2140352C808BD10B5142486B02246002101A8E8F7C5
S2140352D8D1FC2023224601A94FF4A03001F078FC24
S2140352E806B010BD0020704713B500230C461A46B7
S2140352F80146CDE90033E0B2E2F718F802B010BD74
S21403530813B500231446019001220093E0B2E2F796
S2140353180DF802B010BDD0E9023253F822301868EF
S214035328E2F77CB9194491420ADC4218002003B913
S214035338704712F8011D013B01EB0020DBB2F6E7CC
S214035348002070472DE9F04F4FF0000A85B001930F
S21403535881460F4615465346019A11785FFA8AF234
S214035368914203D8002005B0BDE8F08F019909EBF8
S214035378050801EB4202517892F802B011F0400496
S214035388009101F03F061BD0AC19BC42D4BF0024E1
S214035398012433466400A20740F18880009B1B065D
S2140353A840F192800E9B324603EB0B000021E8F790
S2140353B861FC3D4600231D44ADB20AF1010ACBE762
S2140353C8042E07D866B1B31E022B0BD8DFE803F00A
S2140353D8122130003E2E37D03F2E5BD03D2E4BD0C9
S2140353E80320C0E7BD4234BF00240124012664001D
S2140353F83346D0E7AB1CBB4250DC02233A46294669
S2140354084846FFF78FFFADF80A0002230DF10A0896
S214035418C1E7EB1CBB4243DC03233A46294648460E
S214035428FFF780FF0390042603230DF10C08B2E769
S2140354382B1DBB4236DC04233A4629464846FFF76B
S21403544871FF03900423F0E77A1E95422CDA0223B1
S2140354583A4629464846FFF765FF4FF6FF7380B27C
S21403546898420EBF0223023083B25C19A742B4BF28
S2140354780324012404268EE7BD4215D298F800308B
S214035488FF2B0CBF01230133EC18BC42CCBF03240B
S2140354980124EFE70124042600237CE73446B4E717
S2140354A80224C0E70224CDE70324E3E70E9A02EBBF
S2140354B80B0014B142F80B807DE732464146009351
S2140354C8E8F768FD009B76E702204CE710B514461C
S2140354D886B018811A460A9B0291CDE90343012335
S2140354E80193099B014600930320BDF82030E2F799
S2140354F859F906B010BD1FB500240294079C019401
S214035508BDF818400094FFF7E1FF04B010BD2DE97D
S214035518F0410E461746054686B098B391B38AB34C
S2140355284FF0000802A95FFA88F001F043FA044630
S21403553840B99DF80830032B08D008F10108B8F1E4
S214035548200FEFD1204606B0BDE8F0819DF809206C
S2140355582B799A42F1D1BDF80A206B889A42ECD18E
S2140355689DF80C30BDF80D006B7128812B4622463A
S2140355784FF6FF71CDE90067FFF7BDFF0028DCD0C3
S2140355880446DFE72124DDE710B586B00A9C0494B9
S2140355989DF824400394BDF8204002940124CDE9E5
S2140355A8003413460A4601460620E2F7FBF806B01F
S2140355B810BD1FB504460846194600230094CDE9D6
S2140355C80123079BBDF81820FFF7DEFF04B010BDC4
S2140355D8F0B5022805460E4614461F468BB00AD178
S2140355E806A9F0B201F0E6F998B99DF819302371C7
S2140355F89DF81C306371119B224604930023CDE962
S21403560802330193109B3146009328463B46E2F744
S214035618C9F80BB0F0BD13B500240194049C00949C
S214035628FFF7D6FF02B010BD2DE9F04506468846BB
S21403563814469A46002701258BB006A9F8B201F04E
S214035648B9F920BB9DF81830012B19D19DF81920FC
S21403565833799A4214D1BDF81A2073889A420FD127
S2140356689DF81C3032467371B9B2CDE9030ACDE909
S2140356780100434602200094E2F794F8054610B961
S2140356880137202FD9D128460BB0BDE8F08505464B
S214035698F9E70023FFF7C8BF10B50446E2F760FE34
S2140356A80021631E04F10F0213F8010FFF2808BF39
S2140356B819709342F8D10023237410BD0020704755
S2140356C870B506461D46E2F7BFFC044608B9212016
S2140356D870BD3046E2F786FF0028F8D0A0682A4651
S2140356E8FF21FFF75EF89DF81030002063719DF8E0
S2140356F81430A371ECE713B59DF81040CDE90034D8
S21403570813460122FFF7DCFF02B010BD08B5E2F727
S2140357189BFC28B18068FF21FFF754F8002008BDDA
S2140357282120FCE70122FFF7F1BF1FB50B466A46A7
S2140357380146184601F034F96A460823002032F871
S214035748021B013B13F0FF0380EA0100F7D101288F
S21403575838BF012080B205B05DF804FB2DE9F04F91
S21403576887B0DDE9109B05468846484619461F4616
S2140357781446BDF848609DF84CA0FFF7D6FF042DE5
S2140357880346ABF800001AD8022D1DD9042D07D0FE
S2140357984FF2F222A188914222D1E28891071FD5BF
S2140357A8E17A0022CDE9013720463346CDE9039254
S2140357B8CDF800A001F043F907B0BDE8F08F6A1FE3
S2140357C8012A11D92120F7E700224146CDE9119293
S2140357D828462246109707B0BDE8F04F01F03EB9B9
S2140357E84FF6FF760C21DCE7052D0ED10023E17A70
S2140357F80022CDE90137CDE90392009123465246AC
S2140358084146304601F00EF9D6E74FF2F222A18858
S214035818914204D1E288920701D5E17AE8E74FF688
S214035828FF760C21E4E7F0B585B00546E2F7CCF839
S21403583848B16B88B3F5006F05D1681D05B0BDE8A0
S214035848F04000F0EEBC284600F004FD0446C8B954
S214035858E7B26946384601F0ADF878B99DF80060B6
S21403586866B92946384601F0A9F820B140F604433C
S214035878984207D08C26304605B0F0BD0134202C5C
S214035888E6D1F7E78D26F6E7E2F784BA2DE9FF4770
S21403589804460D460146184617461E46BDF8308090
S2140358A89DF83490DDF838A0DDF76AF8D0B92146BC
S2140358B8284601F021F933463A4629462046CDE9DB
S2140358C8019ACDF80080E2F709FB33463A462946A3
S2140358D82046CDE90D9ACDF8308004B0BDE8F047F0
S2140358E802F009B904B0BDE8F087E2F7A1BCE2F715
S2140358F859BCE2F77DBC10B5044601F009F9082245
S21403590801462046BDE81040E8F706BA01F002B99A
S214035918002101F0FFB801F011B9002070472020DC
S2140359287047EFF7E1BEEFF72BBFF2F7D5B970472D
S214035938E2F7CABD70B506460C46154600F04CF8A5
S21403594850B13CB135B1204600F0D6FC013080B2E8
S214035958A84200D9002070BD304600F043F840B195
S214035968002CF7D0012DF5D9204600F0CAFC0230EA
S214035978EDE73046E2F708FDEAE7F8B5BDF8185054
S21403598810B3967855B9D478A6F14107012F07D8EE
S214035998621ED2B200F0CFFD0020F8BD2C46F3E716
S2140359A8433E012E04D8A21E92B200F0DCFDF3E7B4
S2140359B8D27813B90DB1AA4206D811B9E8F75AF93D
S2140359C8EAE7E8F7A9F9E7E78920E6E7413803288D
S2140359D88CBF002001207047413801288CBF002067
S2140359E801207047433801288CBF002001207047E8
S2140359F800207047002070470388B3F57C4F01D317
S214035A08FFF7F8BF0846FFF7F3BF10B54A880488C0
S214035A18A2420DD1037B0C79234009D0B2F57C4F03
S214035A2808D3FFF7E7FF0B891B1A5842584110BDE6
S214035A380020FCE70120FAE738B50D88D488A5428C
S214035A480AD10388B3F57C4F08D2FFF7D5FF13892D
S214035A581B1A5842584138BD0020FCE70120FAE7D4
S214035A682DE9F04715460446B8B149B1EAB1002610
S214035A784FF0140AB04690F80490F3B2994501D84B
S214035A8800240AE027680AFB06773846FFF7BDFFB7
S214035A98013628B13C46A5F800802046BDE8F087C5
S214035AA87B8943441FFA83F8E7E71446F5E72DE9AD
S214035AB8F0470E4615460446B8B149B112B3002757
S214035AC84FF00C0AB846B0F80890BBB2994501D80F
S214035AD800240AE06368324620460AFB0731FFF7CC
S214035AE8ABFF28B10C46A5F800802046BDE8F08732
S214035AF80B79013713F0300F02BFCB7843441FFAF4
S214035B0883F8E2E71446F0E72DE9F04186B00D4640
S214035B181446984604AA05AB03A90646E2F70AFD07
S214035B2840B30DB1049B2B6034B3049D03982946F8
S214035B38FFF762FF2B88074602467188307800F025
S214035B484FFBD8B1297911F010030BD0EB782A460E
S214035B58CDE900433B4671883078FCF75FFC06B016
S214035B68BDE8F0812A4620460599CDF80080FFF760
S214035B7804FFF4E78620F2E72046F0E77E20EEE708
S214035B881FB51C460023ADF80A20BDF818208DF86B
S214035B980400ADF80610ADF80C2069461A4601A8AD
S214035BA800938DF80840FFF7AFFF009804B010BDC8
S214035BB8F0B587B00E4605AB04AA03A90446E2F778
S214035BC8B9FC08B3049D03982946FFF715FF2B88ED
S214035BD8074602466188207800F004FBB0B12979AD
S214035BE811F0100108D000963B462A4661882078B3
S214035BF8D2F7B2FA07B0F0BD009101232A46314620
S214035C080598FFF7BAFEF5E78620F3E77E20F1E767
S214035C182DE9F041064600254FF014080779E8B247
S214035C28874201D800241AE008FB05F0D6F800C01E
S214035C380CEB00043CF8000081421AD132B1802AEA
S214035C4810D194F90CC0BCF1000F12DAB0F57C4FF2
S214035C5805D32046FFF7CEFE834200D04BB9204635
S214035C68BDE8F081402A04D194F80CC01CF0400F1C
S214035C78ECD10135D3E70121E2F798BB08B5134603
S214035C880022E2F7C1FC003818BF012008BD08B59A
S214035C9813464022E2F7B8FC003818BF012008BDB7
S214035CA808B513468022E2F7AFFC003818BF012078
S214035CB808BD08B540220023E2F7A6FC003818BF43
S214035CC8012008BD08B580220023E2F79DFC0038B2
S214035CD818BF012008BD0023E2F796BC0021E2F7AF
S214035CE803BD10B504460121E2F7FEFC2046BDE8D5
S214035CF8104001F034BF7047F8B516461F469DF8A6
S214035D081820BDF81C300546E2F77EFC78B104215E
S214035D18E2F768FD044650B1284600F00EFB3A4603
S214035D2831462846A047BDE8F84000F0FABAF8BD61
S214035D382DE9F74F1E46DDE90C9B074688461446B1
S214035D48BDF838302AB3B9F1000F22D00EB392F853
S214035D5804A099F80020504612F0080F0CBF8022C2
S214035D6840226188E2F750FC98B10821E2F73AFD31
S214035D78054670B1504600F0E0FA334622464146DF
S214035D883846CDE9009BA84703B0BDE8F04F00F0BE
S214035D98C8BA03B0BDE8F08FF8B5BDF81870164654
S214035DA81A463B460446E2F72FFCE0B177B90221D0
S214035DB8E2F718FD0546B0B1204600F0BEFA3146B4
S214035DC82046A847BDE8F84000F0ABBA1021E2F732
S214035DD809FD054638B1204600F0AFFA3A46314683
S214035DE82046A847EEE7F8BD73B5BDF81840164633
S214035DF81A4623460546E2F707FCB8B1C4B920217C
S214035E08E2F7F0FC044670B1284600F096FA099BC0
S214035E183146009328469DF820309DF81C20A0475D
S214035E28044600F07EFA204602B070BD8624FAE7E0
S214035E380024F8E72DE9F04186680446007800F068
S214035E487CFA002514273279EBB29A4203D8BDE8C8
S214035E58F04100F066BA7B4332682078D15A02EBE9
S214035E68030800F0C1F901214046E2F7BBFC0346EC
S214035E7808B1207898470135E5E72DE9F04F1C4629
S214035E8889B09DF84C30BDF8488001939DF8503092
S214035E98924602932246434607460D46E2F7B4FB6C
S214035EA88DF814700646ADF816508DF81840ADF800
S214035EB81AA0ADF81C8018B9012009B0BDE8F08F08
S214035EC805A9FFF7A2FD0028F6D000252F46A84609
S214035ED82C4634E00C231FFA85F903FB09F93188AD
S214035EE87368B1F57C4F33F8092003EB090B1AD313
S214035EF833F8090050452CD3019BA3422DD900F053
S214035F08B8F99BF80200E3F719F9029B43B19BF82B
S214035F18043013F0010F0CBF05200720E3F70EF932
S214035F280134A4B219E0ADF81A205946304605AA3A
S214035F380393FFF781FD039B0028D9D101353289E6
S214035F48ABB29A42C6D804EB0800C31B5842584162
S214035F58B3E708F101081FFA88F80137BFB2EDE77F
S214035F6810B5012488B006949DF83C4005949DF826
S214035F78384004949DF8344003949DF830400294C6
S214035F880B9C0194BDF828400094E2F76FFD08B017
S214035F9810BD2DE9F04786B0BDF83880DDF83C9093
S214035FA89DF840A0CDF80080CDE9019A04460D4639
S214035FB816461F4600F012F9B8B1431EDBB2012B92
S214035FC810D800230122811E48424841CDE90432F5
S214035FD8CDE902A03B46324629462046CDE900894C
S214035FE8FFF7BEFF06B0BDE8F0870120FAE730B535
S214035FF80024012587B0CDE9044503959DF82C5068
S21403600802950A9DCDE90045FFF7AAFF07B030BD04
S21403601830B50024012587B0CDE9044503959DF8DE
S21403602828500094CDE901354023FFF799FF07B0C0
S21403603830BD10B5012486B0CDE90444002403948A
S2140360489DF828400294099C0194BDF820400094CA
S214036058FFF786FF06B010BD1FB5089C03949DF88E
S2140360681C400294069C019400240094E2F7FAFD6F
S21403607804B010BD70472DE9F84F02290746884635
S2140360880C9D04D84FF0000A5046BDE8F88F1BB1A4
S2140360980429F7D942F004023A702BB303247B7021
S2140360A81B0ABB70E4F7F4F84FF000099DF8283094
S2140360B8385504F1020A01343B550B9A5FFA89F303
S2140360C8D45C002CE0D0732C10D82E464C2C56F8F3
S2140360D804BB3DD0532C15D0622C45D1AC8805F1B2
S2140360E8080600231A4616E00124DBE7A4F1750325
S2140360F8032BC7D8763C2E1D022C52D8DFE804F0B3
S214036108565A58006A6805F1080694B2D2B2B2F134
S214036118FF0318BF01230AEB040119448845B1DBC2
S21403612850461946002947D153441FFA83FA5CB1EF
S214036138BBF1000FA6D0224607EB0A005946E7F73D
S21403614829FF54441FFA84FA354609F10109B4E7CE
S2140361584FF6FF736A6805F1080694B222469C4216
S21403616814BF02230023D6E76C2C05D1584600F04B
S214036178C8F8841CA4B2B4E7732C04D1584600F0BC
S214036188BBF8441CF6E7A4F13003DAB2092A01D8AF
S2140361989CB2A6E7A4F14103062B3FF673AF373C40
S2140361A8E8E7012300242A68A346B4E70223F9E7AD
S2140361B80323F7E70423F5E700F1010C01393A5402
S2140361C8C9B2120A1FFA8CF0ACE70020E2F73EBF0A
S2140361D80022E2F75BBF0023E2F76EBF0120704799
S2140361E80120704701207047704700207047002041
S2140361F87047002070470020704700207047002033
S214036208704770470E20704700207047002070477D
S21403621800207047002070477047FF2070470E2005
S21403622870478420704770470020704770470020E7
S21403623870470020704700207047002070470020F2
S2140362487047002070470020704770470E2070473D
S214036258002070470020704700207047704770473B
S2140362680E2070477047002070478120704770479C
S214036278704738B50546C0B2E2F760FF0446280AF9
S214036288E2F75CFF14B1002808BF0024204638BD97
S214036298F8B50546C0B2E2F751FF0446C5F3072032
S2140362A8E2F74CFF0746C5F30740E2F747FF064603
S2140362B8280EE2F743FF24B12FB136B1002808BFF2
S2140362C800242046F8BD3C46FBE73446F9E710B4FD
S2140362D8CC18944203DC5DF8044BFFF723B8002080
S2140362E85DF8044B70470423FFF7F1BF08B5022394
S2140362F8FFF7EDFF80B208BD0078FF2808BF00202F
S214036308704708B502220021FFF7F0FF4FF6FF7328
S214036318984208BF002008BD003818BF0120400077
S21403632870470020704708B5FFF7A5FCFF284FF015
S214036338FF3018BF0020C0B208BD08B5FFF7F3FF4B
S214036348FF280CBF2120002008BDF8B506460C46DA
S21403635815461F4600F011F810B12544AC4200D18B
S214036368F8BD3946304614F8012BE2F7D9FFF5E7AE
S214036378014600220220E2F763BF0120704737B5C3
S2140363880546E1F7EDF9044601950CB981201CE0B2
S214036398237823B12046E1F7EBF90446F5E72B68A3
S2140363A862685B889A42F5D1A368EA7B99B272B1B0
S2140363B82A8A9142EED16A7DB2EB134FEAD10020C6
S2140363C8E36801A998478128E4D003B030BD4FF6A7
S2140363D8FF72EEE72DE9F84304460F4690469946C2
S2140363E80BB3012A1FD80C20E7F74AFE064610B956
S2140363F81920BDE8F8831020E7F742FE18B930469F
S214036408E7F746FEF4E70123002547EA08477060E6
S2140364180570C0F80C904460876033803046E1F717
S21403642897F92846E5E72120E3E738B504464368A5
S21403643808460D469847B4F90830002B02DB2B783C
S214036448042B06D1002320466360BDE83840E3F7F3
S214036458F9BA38BD30B54FF48A5587B0ADF816206B
S2140364680DF116041A46029543B100230122CDE91D
S2140364780033234600F01EFA07B030BD019401240A
S2140364880094F7E7FFF7EBBEFFF7BEBE00207047A2
S21403649808B500F001FB20B900F048FB08B9E0F79F
S2140364A84FFBFFF7D2FEBDE80840FFF7DBBE002030
S2140364B8E3F730BF0021E3F7CDBF0022E3F78CBF35
S2140364C81FB5D2880B4612F0200F4FF6FD7114BF86
S2140364D849245224ADF80610510544BF083CE4B2DB
S2140364E8110544BF083CE4B2120444BF023CE4B2BC
S2140364F8032805D8DFE800F0020F161CADF80630AF
S214036508BDF80600FFF789FEFF281CBF241AE4B26D
S214036518204604B010BD02AA0DF10601D8B200F059
S21403652879FAEDE7D8B200F047FAADF80600E7E7E0
S214036538013CE4B2E4E7F8B5064617460D4681B1D2
S2140365480C78FF2C0BD00846FFF7D6FEB84228BFB8
S2140365583846C4B22246691C701CE7F7DDFB347064
S214036568F8BD0C46FBE770B5044615460E4611B94A
S2140365784170017070BD0B78FF2B05D14B78FF2B4C
S21403658802D103704370F5E73046FFF7BAFEA84218
S21403659828BF284685B22A46B11CA01CE7F7BCFBD1
S2140365A825702D0A6570E5E7F0B523B9013A531C43
S2140365B82FD1002020E0042AFBD800231C46551EB2
S2140365C86E1C1AD1042A10D00121D200501E01FADB
S2140365D800F020421EBF914049420C4318421EBF9A
S2140365E84FF0FF3101FA02F213439C421EDCB4BF9C
S2140365F84FF0FF30002040B2F0BD40B1465DEF00DB
S214036608BE4034434E5D013DBE403343D8E706469D
S214036618F5E78C5C38B90346A34202F1FF32C6D2CB
S2140366284FF0FF30E8E7835CA342F5D90120E3E7A0
S214036638283807288CBF0020012070471D2810D053
S21403664804D840B11C2804D0552070471E380128AA
S214036658FAD81A2901E00B390F298CBF55200020D8
S21403666870470829F9E7002000217047F7B59DF819
S21403667820400546082C104619469DF8246036D84F
S214036688002213462C44AC4208D106F0FD04382CED
S2140366980ED10096FFF7E7FF03B0F0BD14F8017DAF
S2140366A81B0243EA12631202BA1843F10003EAE72D
S2140366B8392E10D107EE100A07EE902AB4EEE77AC1
S2140366C8F1EE10FACCBF77EE677A77EEC77A002139
S2140366D817EE900AE0E7824273EB010403D2801AAE
S2140366E861EB0301D8E7101A63EB0101D4E7002036
S2140366F80146D1E738B5C36814461944836853F886
S21403670821501AB12846E7F7B1F92070284638BD54
S2140367182DE9F3411C4616460DF107029DF8205055
S214036728FFF7E8FF9DF807308046A34288BF8DF839
S21403673807409DF807700DB1E41BE5B22A46002111
S2140367483046E7F797FA3A4641467019E7F7E4FA08
S214036758384602B0BDE8F0812DE9F3411D461646DA
S21403676801AA9DF82040FDF726F8019B80469D4226
S21403677838BF0195019F04B1EC1B22460021304621
S214036788E7F778FA3A4641463019E7F7C5FAF8B212
S21403679802B0BDE8F08173B50024154601AA1E466B
S2140367A80194FDF708F8019B072B0AD92146CCB2BA
S2140367B816B1C4F10704E4B2425C013108292A552C
S2140367C8F5D1D8B202B070BD1FB5030A8DF80E30E6
S2140367D80323009303AB8DF80D0000F0BBF805B058
S2140367E85DF804FB1FB58DF80F100421030A8DF816
S2140367F80E30009103AB8DF80D0000F0ABF805B032
S2140368085DF804FBF0B589B016689DF83C50CDF8E2
S21403681809608DF811305668BDF83830012D109F81
S214036828BDF84440CDF80D60ADF812308DF814501D
S21403683814D0032D19D13B68CDF815307B68CDF8F5
S21403684819309DF848308DF81D3016230093BDF88F
S2140368584C2002AB00F07EF809B0F0BD8DF8154069
S214036868240A0F238DF81640F0E70120F4E71FB536
S2140368780446084611461A4602238DF80D1000935F
S214036888214603AB00F066F804B010BD10B51446F5
S2140368981A460B6886B0CDF80D304B683421CDF810
S2140368A811300A23009303AB8DF8154000F052F815
S2140368B806B010BD2DE9F041B6B014461D4606468F
S2140368C80F469DF8F080E3F7E9FF03AA8DF80C005E
S2140368D81046330A8DF80F703F0A8DF80E308DF880
S2140368E80D602B468DF810708DF8114005EB4405A6
S2140368F8AB4202F102021FD16200D2B2931DDBB291
S2140369083D99D8336B44073203F8CC8C01EB480522
S214036918D3B250FA82F2A94202F1020212D103EB71
S2140369284803009006213046BDF8F820DBB2E3F7AB
S214036938BFFF36B0BDE8F08133F8021B1171090AB0
S2140369485171D5E731F8024B02F8024C240A02F8D3
S214036958014CE0E72DE9F0411C4605460E4617466E
S2140369689DF81880E3F79AFF207043463A46314667
S21403697828460694BDE8F041E3F79ABF002070471F
S2140369887047D7F7DDBF7047704770477047704743
S214036998002070477047704700207047704770475D
S2140369A803F00BB8FEF774B8FEF757B803F04EBB00
S2140369B8F8F7E8BA03F03BBBF8F7A2BAF8F70ABB4E
S2140369C8F8F7C4BAFEF71EB9FEF76DB8FEF77AB83D
S2140369D8F4F73CBDF4F740BDF3F7A0BCF2F7C2BD2D
S2140369E8F2F7C6BDEFF79ABAFEF7B7B8FEF77CB864
S2140369F8FDF718BFFEF79FB8FEF78BB830B4BDF89F
S214036A0808409DF80C50CDE9024530BCFDF729BF78
S214036A18FDF796BFF8F750BCE3F79ABFF8F716BD2D
S214036A28F7F762BB70B49DF80C40BDF810509DF89C
S214036A3814600394CDE9045670BCF5F767BB70B4CD
S214036A489DF80C40BDF810509DF814600394CDE9EA
S214036A58045670BCF5F79ABBF5F784BC10B49DF8DA
S214036A68044001945DF8044BF5F7D4BB10B49DF8C5
S214036A78044001945DF8044B02F090B802F090B815
S214036A88FDF7A2BFFDF7B2BFFDF7C5BFF1F7D2BA50
S214036A98F2F714B9F2F7E6B8F1F7F8B802F0BCBBA8
S214036AA8F1F79CBC02F0FEBBF1F7FCBDF1F7CEB9DB
S214036AB8F2F70AB9F2F78CB8F2F7A2B8EFF7E2BF23
S214036AC8FEF7B5B8FEF768B8FEF77BB8FEF788B8E2
S214036AD800F00BBC00F004BCF7F73CBBF5F746B96F
S214036AE8F7F716BBF7F73CBCF5F710B9EFF702BA9A
S214036AF8F6F732BDFFF745BFFBF728B8FEF7E3B84E
S214036B08FDF753BFFEF738B801F01EBEE3F77EBEA7
S214036B18EFF7B4BDEFF7AEBA02F0B8B802F088B82C
S214036B28EFF7FCBAEFF73ABDEFF73EBDEFF76ABAF1
S214036B38E3F788BEE3F79ABEE3F772BEEFF718BA31
S214036B48E3F778BEF9F7DAB902F070B802F037B8A7
S214036B58EFF714BAEFF77CBDEFF75CBAE3F716BFA7
S214036B68E3F70EBFF8F7CEBFF9F7BAB903F07ABB67
S214036B7803F080BBF9F73EB8F9F7BAB900F063B982
S214036B8800F0A1B900F0C9B900F0A0BA00F010BB34
S214036B9800F079BAE4F7F0BB00F0E6B900F013BAF0
S214036BA800F026B810B51C4601F0DFFE05F0C5FF59
S214036BB80023C0F340202370400010BD002208B510
S214036BC80B461146FFF7EEFF023818BF012008BD33
S214036BD800207047704700207047704700207047B2
S214036BE870470E2070470120704770470120704792
S214036BF814220021E7F73EB8704770B505460C46E1
S214036C088AB0252200210DF10300E7F733F86B68F5
S214036C18CDF81D30AB68CDF82130234601AC03F11F
S214036C281006224618685968083303C2B342144646
S214036C38F7D101236A7B8DF8023012F0040F0CBFDC
S214036C484FF480734FF4A073110748BF43F480636F
S214036C58ADF80030930748BFBDF80030684644BF18
S214036C6843F00803ADF80030F4F78AFD0AB070BDA8
S214036C7830B5427B0D46D10704468BB007D540781E
S214036C8801A9F4F7E3FDD8B12D200BB030BD930767
S214036C98FAD5C2F3800310074FEA8313ADF8023020
S214036CA844BF43F48063ADF80230BDF80220201DCC
S214036CB80AB10DF1020201A902F09CFE0028E3D0F6
S214036CC801AB03CB9DF81430A1602373BDF81030D5
S214036CD86060590642BF627B42F0040262735A053B
S214036CE842BF627B42F0080262731B0742BF637BA4
S214036CF843F0020363732B4606AC0AAD224603CA67
S214036D08AA4218605960144603F10803F6D1002016
S214036D18BBE7F0B504460D4693B0252200210DF1D6
S214036D282300E6F7A7FF636804F1040CCDF83D30AB
S214036D38A36809AECDF841302B4605F11007324655
S214036D4818685968083303C2BB421646F7D10523A9
S214036D588DF82230637B5B0103F40073ADF82030B3
S214036D686378FF2B1AD1002360461A4601A900F060
S214036D78CAF99DF80530FF2B0DD1002301A91A4641
S214036D88184600F0C0F99DF80530FF2B03D11C26E2
S214036D98304613B0F0BD9DF8053063700020617867
S214036DA808AA00F09BFA06460028F1D1607801A9E4
S214036DB800F02FFA2B4603AD2A461868596808339D
S214036DC803C2BB421546F7D1637B6078DB0648BF30
S214036DD89DF81C3001A944BF63F07F038DF81C306F
S214036DE800F02EFAD4E710B504468AB02422002110
S214036DF801A8E6F73FFF637B590744BF4022ADF877
S214036E0810201A0742BFBDF8102042F48062ADF87E
S214036E181020DB070FD5607801A9F4F717FD10B12A
S214036E282D200AB010BD01AB03CB637B606043F033
S214036E380203A160637304A9201D02F0DDFD002888
S214036E48EED00020EDE71FB5694600F066F8002887
S214036E5818BF2D2005B05DF804FB73B50D46144620
S214036E680646E3F7B7FE6B881A071AD52246314655
S214036E78102002F0A2FD2046E3F7ACFE6B88D90784
S214036E8817D50023224601210DF107008DF8073098
S214036E98E4F76CF96B88002B0CBF2120002002B0A6
S214036EA870BDDE06EAD522460821281DE4F75EF9FA
S214036EB8E1E79A0701D50223E4E75B07EAD503234C
S214036EC8E0E70F2070471FB50C46694600F025F823
S214036ED8102221466846E7F719FAB0FA80F0400907
S214036EE804B010BDB8B1B1B14388A3B90378013B68
S214036EF8082B10D8DFE803F00507090B0F0F0F0F51
S214036F080D00E4F735B8E4F78FB8FFF776BEFFF75A
S214036F1800BFE4F71DBA2120704738B50D4609B3FC
S214036F2800B30378013B082B1AD8DFE803F0050DF6
S214036F381013191919191600E4F752F804462846C7
S214036F4802F03BFF204638BDE4F78EF8F6E7FFF776
S214036F588FFEF3E7E4F7BEF8F0E7E4F703FAEDE7A6
S214036F682124ECE72124EDE770B586B0064601A890
S214036F780C461546FFF73CFE04238DF804301CB177
S214036F882068616802AB03C3294601A88DF805602B
S214036F98FFF7A8FF06B070BD70B586B0044601A813
S214036FA80D461646FFF724FE0323206861688DF80E
S214036FB8043002AB8DF8116003C3294601A8FFF716
S214036FC891FF06B070BD0022FFF7E6BF30B5437BDE
S214036FD8044613F001020D468BB007D0407801A98A
S214036FE8F4F734FC70B12D200BB030BD9B07FAD5EF
S214036FF8ADF8022001A90DF10202043002F0FAFCF2
S2140370080028F0D000210E22A81CE6F733FEBDF8B0
S21403701810302B80039BAB60BDF81230AB819DF814
S2140370281430237301AB03CB6060A1600020DBE759
S21403703870B5437B0446DB070E468AB003D42D257A
S21403704828460AB070BD6946407800F045F90546FB
S2140370580028F4D1DDF81D300E226360DDF82130F8
S2140370680146A360637BB01C43F002036373E6F731
S21403707801FEBDF80030069A43F004033380059BEF
S214037088B2607360DCE70B4610B504461022002195
S2140370981846E6F7EFFD2278032A09D0042A0DD00E
S2140370A8022A11D101462046BDE81040E4F7C0B9CC
S2140370B801462046BDE81040FFF788BF0146204634
S2140370C8BDE81040FFF7B4BF262010BDF8B5074645
S2140370D808460C4616461D46FFF78AFD042323700A
S2140370E8637B314643F00103204667706373FFF7FB
S2140370F814FF08B12D20F8BD29462046FFF7C3FF25
S2140371080028F8D0F6E7F8B5054608460C461F46A5
S2140371181646FFF76DFD0423237025B1082229467A
S214037128E018E6F7F9FD637B43F0020363734EB991
S21403713832460121284600F0DAF8FF28607007D1A6
S2140371482D20F8BD31462046FFF7E7FE0028F7D185
S214037158637B43F0010363730DB90020F1E7002F47
S214037168FBD039462046FFF78EFFF6E7F8B50C4600
S2140371780746084616461D46FFF73AFD03232046EC
S214037188394600F8043B0822E6F7C6FD637B31461A
S21403719843F0020320466373FFF7BFFE08B12D20B2
S2140371A8F8BD29462046FFF76EFF0028F8D0F6E715
S2140371B8F8B5074608460C4616461D46FFF718FD5B
S2140371C803232370637B314643F00103204667702D
S2140371D86373FFF7A2FE08B12D20F8BD29462046A3
S2140371E8FFF751FF0028F8D0F6E718B180220121EF
S2140371F800F07DB8FF207047002307B51A461946E6
S2140372080093F6F725F8B0FA80F0400903B05DF866
S21403721804FB0B4610B519220446FF211846E6F769
S21403722829FD7E2C01468CBF04F5C43004F5833053
S2140372384FF01902BDE8104088BFAD30D8F736B80E
S2140372487E2888BF00F5C4304FF0190294BF00F5B6
S2140372588330AD30D8F756B830B589B00D46FFF74A
S214037268C4FFFF2804460DD001A9FFF7D2FF2868FC
S214037278696801AB03C3204601A9FFF7E1FF0020B5
S21403728809B030BD2D20FBE77047704700207047D4
S21403729870470F2070470F207047002070470F2055
S2140372A87047002070470020704784B08DE80F00B1
S2140372B8002004B070477047704700207047704737
S2140372C800207047704700207047012070477047BA
S2140372D800207047012070470E2070470E20704725
S2140372E80E2070470020704770470E207047FF2017
S2140372F8704770477047002070477047704770475D
S2140373080020704770470020704700207047002011
S21403731870477047704700207047002070477047D3
S214037328002070470020704770470020704710B54C
S2140373380024E3B210B9C3F10303DBB20134042C0F
S214037348CA544FEA1222F4D110BD10B50B784C7804
S2140373588A78C97828B91046224604460846194644
S214037368034642EA012043EA042343EA004010BDE9
S2140373787047E4F711B908B5D2F7AAFB002814BF7B
S2140373888620002008BD08B5D2F772FD003818BF5E
S214037398012008BD08B5D2F72BFD003818BF012019
S2140373A808BD08B5D2F7B0FD003818BF012008BDE0
S2140373B808B5E4F7D1F9BDE80840E4F77FB970B536
S2140373C804460D461646E4F7C7F90420E4F768F9B9
S2140373D8324629462046FFF7DDFF04460220E4F737
S2140373E85FF9204670BD08B5E4F7B6F9BDE808406E
S2140373F8D2F7E2BCE4F7E8BCE4F7C8BC08B5E4F7A0
S214037408C5FC20B1BDE808400020E4F7FDBD112007
S21403741808BD08B5E4F7DAFEE4F7E0FEE4F7E8FEAD
S214037428BDE80840E4F7F8BE10B5044622F07042FB
S214037438103060602160A26039B1A26803F070431F
S2140374481343A360029BE36010BDA36843F0804325
S214037458F7E701234360C36843F02003C3608368E8
S21403746843F000538360704737B515464A680446A9
S2140374783AB18C680093096845EA0403FFF7D4FF1A
S2140374880446204603B030BD2DE9F04FD3B0CDE90E
S2140374980123DDE9608500230390042003ACCDE9CE
S2140374A8050307C907AB83E80700214618465D9E10
S2140374B80494E4F7C9FE0746002840F0BA805C9AAD
S2140374C80AAB07CA83E80700494201F00F090021FF
S2140374D85E9B5F9A5B6852680D9113445B4203F0A8
S2140374E80F0AD8F8043012915B420093B368DA00A7
S2140374F848BF73684FF0100242BF033323F00303F9
S2140375087360AB68DB0041BF6B68033323F0030388
S2140375186B605E9BD3F804B05F9B5C680BEB04035D
S2140375285344CDE90E3173685B4203F00F03CDE98C
S21403753810136B685B4203F00F03CDE9131316AB06
S21403754818461591E6F796FB5C9A516851B9D8F830
S21403755804100C4354EA0B0401BF10229146CDE9EC
S2140375680B240A9011234FF0005204A932A8FFF700
S2140375787BFF40F611034FF0005207A9FFF774FF8D
S21403758842F611034FF000520299FFF76DFF44F6D7
S21403759811034FF000520199FFF766FF41230022BB
S2140375A85E99FFF761FF4FEA0A234FF000525F998F
S2140375B843F04103FFF758FF4FEA09234FF0005201
S2140375C843F001030AA9FFF74FFF009B4FF0005251
S2140375D81B0203F47063414643F00103FFF744FFBD
S2140375E81038FFF736FF00230DA91A461AA8FFF727
S2140375F83BFF002331461A46FFF736FF002310A940
S2140376081A46FFF731FF002329461A46FFF72CFFD1
S214037618002313A91A46FFF727FF002362991A4681
S214037628FFF722FF1038FFF714FF1AA932A8FFF74F
S214037638F0FE384653B0BDE8F08F10B5044608B1DF
S214037648E4F7E4FE2046BDE81040FCF7B4BE10B5E8
S2140376580446006A10B1616AFFF7EFFF0020C4E929
S214037668080010BD38B50546FFF7F1FF2B7E044624
S214037678012B0ED0023B012B0ED8EB69012B18BF4A
S2140376886FF09604282200212846E6F7F3FA2046E8
S21403769838BDEB69002BF2E76FF09604F2E7182281
S2140376A80021E6F7E7BA70472DE9F84F9846DDE973
S2140376B80B490D9B15469A0706460F4623D02A46BE
S2140376C80A9B03EB040A1444A24220D10D9B9B0792
S2140376D805D5A2EB050AD14505EB0A0420D82046B2
S2140376E8BDE8F88F434639462020B0470AF1010A19
S2140376F8CA450AEB0B02F5D3A9EB04024C4588BF2F
S21403770800222A44DCE7A246A5EB040BF0E702F1C5
S214037718010B434639461AF8010DB0475A46D3E7D4
S2140377284346224639462020B0470AF1010AD2E7E3
S2140377382DE9F047DDE90D7616F0020F9DF828804F
S214037748DDE90854DDE90BCE1FD106F001094FB178
S214037758B9F1000F06D0B8F1000F02D116F00C0FDE
S21403776800D0013F4FF0300A04E0202C04D005F87F
S21403777804A001347445F8D3B9F1000F05D04FF0CF
S2140377883009A74201D9202C2DD116F0100F1FD08F
S21403779816F4806F2CD15CB3744501D0BC4227D154
S2140377A8B4F1010E23D0BCF1100F46D1023C16F0FB
S2140377B8200F28D1202C28D04FF0780C05F804C0C9
S2140377C80134202C21D04FF0300C05F804C00134C6
S2140377D8202C1AD0B8F1000F23D04FF02D0C05F843
S2140377E804C0013412E005F804900134C9E774466E
S2140377F8BCF1100FDBD0BCF1020FE2D1202C04D071
S2140378084FF0620CDAE7202C08D12024CDE90A765B
S214037818CDE90854BDE8F047FFF746BF4FF0580CCC
S214037828CCE716F0040F02D04FF02B0CD7E716F070
S214037838080FEBD04FF0200CD1E7BCF1020F7446CB
S214037848C1D1DDE72DE9F04391B0189D1A9E1D9F1F
S2140378580DB927F010077C0500D515B317F0200FD0
S21403786814BF4FF0410E4FF0610EAC4600250DF1E4
S2140378782008AEF10A0EBCFBF6F906FB19C95FFA37
S21403788889F4B9F1090F94BF30347444E4B2B445AB
S21403789808F8014B05F10105BCFBF6F401D3202DCE
S2140378A810D11C9C069705941B9CCDE903649DF890
S2140378B86440CDE9015408AC0094FFF739FF11B0D2
S2140378C8BDE8F083A446D6E72DE9F04F95B0269E8B
S2140378D8CDE90A23DDE91E74DDE9229B57EA040392
S2140378E808BF26F010067205CDE9080102D557EA47
S2140378F8040337D016F0200F14BF41236123002555
S2140379080DF1300AA3F10A0821464A465B46384673
S214037918E5F744FED2B2092A94BF303242444F45B3
S214037928D2B274EB0B0405F101050AF8012B01D357
S214037938202D14D1259B06960593249BDDE9080183
S214037948CDE903939DF88030CDE901530CAB009342
S214037958DDE90A23FFF7ECFE15B0BDE8F08F07460E
S2140379680C46D1E70025E5E708B100F014B87047E0
S21403797810B1D1E900311847704738B5441E14F8DA
S214037988015F25B90A2000F006F8284638BD2846C0
S21403799800F001F8F3E701460020FCF7DFBA70476A
S2140379A87047EDF7BBBE704708B5FCF7A8FAD2F7E1
S2140379B88FF8BDE80840D4F7C7B9704708B5D2F7BB
S2140379C8F3FBFBF7FFF8BDE80840E3F7C5BE08B5C9
S2140379D8FBF7E8FEE4F74EFDFBF7E2FEE5F7F8F8FB
S2140379E8E5F7E4F8E5F75AF8BDE80840D7F738BCF2
S2140379F808B5D5F713FEFBF7D1FED5F71BFED9F767
S214037A0841FED9F7E7FED9F7EFFFBDE80840D9F7F7
S214037A180DBF70477047E5F767B808B5FCF7BAFEB9
S214037A28BDE80840FCF7E5BE704707B500220346E5
S214037A38114601200092D8F79FFF03B05DF804FBB8
S214037A4807B500920B46027D81898068FDF77AFCAC
S214037A58003818BF0120C00103B05DF804FB08B561
S214037A680020E0F711FB0020E2F7A2F80020DAF77F
S214037A789BF90020DAF732FC0020DAF731FE002003
S214037A88DBF71EF90020DBF747FE0020DEF776F962
S214037A980020DEF7E1FE0020DFF7D6FCBDE808404D
S214037AA80020DFF7C1BD08B50120FDF72DF9012039
S214037AB8DAF7DAFABDE808400120DBF701B908B5BA
S214037AC80220E0F7D5FB0220DFF7C8FD0220E2F725
S214037AD87DFB0220FFF790FC0220FDF7B5FB022092
S214037AE8DEF7BAFEBDE808400220E0F761B8DAF729
S214037AF8FFBBFDF7C9BE70477047704770477047AE
S214037B087047704710B50446DFF76CFF2046FDF74D
S214037B1831F92046DCF712F92046DDF765F82046EA
S214037B28BDE81040FDF7C3BBFDF7DEBBFDF7E8BBBA
S214037B38DFF794BC70477047FDF740B97047704746
S214037B48704770477047704704F0BDBF704770476B
S214037B58DFF71EBD7047704770477047704770471A
S214037B68D0F746BAFEF76BBB704700207047FEF7A0
S214037B7868BBFEF771BBE7F795B938B504460D46FB
S214037B8800F097F850B129462046ECF73DFB30B98C
S214037B9829462046BDE83840E7F74CB90E2038BDDD
S214037BA808B5ECF777F918B1BDE80840EAF7EEBC74
S214037BB808BD70B516460C4604F04DFE314605461C
S214037BC82046EAF7BFF80446284604F03FFE204658
S214037BD870BD00F032B970B5044600200E4600F0BA
S214037BE839FBD4F8F0503DB1002331462046AC4665
S214037BF8BDE870401A4660472B46012231462046A8
S214037C08E7F798FB284670BD38B5044648880D46FE
S214037C1800F020FBD4F8F0302BB929462046BDE8FF
S214037C283840E7F799BA022038BD00F015BB00F0D4
S214037C383CB9E6F7CDBF00F01BBB70B5BDF81060C6
S214037C48054606B16BB1334428469BB200F073F978
S214037C58044620B91EB13146284600F0ADF9204641
S214037C6870BD2124FBE7E8F741BEC0F8EC100020FE
S214037C787047E7F77FBCE7F76FBD10B4BDF804405D
S214037C8801945DF8044B00F09FB80B4610B51446F4
S214037C981846A1689288E6F77DF9E168034631B18C
S214037CA8A0886288121A92B21844E6F773F900207D
S214037CB810BD0346408A18B1188A003818BF012039
S214037CC870470846E9F78EB900F0D6BA00F0D4BA7A
S214037CD8E9F7A0BB084708B5E6F7C2FFC0B208BD78
S214037CE8022A01D800F00CBA21207047022A01D8CC
S214037CF800F017BA21207047022A01D800F023BAE9
S214037D0821207047E8F7A8BA0846E8F7C3BA00F090
S214037D1833BA00207047002070477047D0F8903079
S214037D2803F06003402B0DD0602B03D0203B584252
S214037D385841704749B10B68012B06D9486940F08A
S214037D480100704740F20110704700207047F7B5EE
S214037D5804461046D4E952C7DDE908268CEA02052C
S214037D6887EA06010540194085EA0C057940C4E907
S214037D785251002523F4004106EA010320F00100CE
S214037D8843F40073024043F00203CDE90055EAF7D3
S214037D98CFFE94F824309A0713D5D4F84C319B05B4
S214037DA80FD54FF48811204600F034FC94F824309D
S214037DB8024665F3410384F8243020460B46E6F76B
S214037DC823FF002003B0F0BDF0B587B01C46174666
S214037DD8BDF830601AB90024204607B0F0BD002B62
S214037DE8F9D00029F7D001AAE8F780FD0028F2D0D9
S214037DF8BDF80630A2199A42BDF80850C4BF9B1BAB
S214037E089CB2B54212D90399AD1BADB23144A54213
S214037E180391ADF808500DD22A463846E6F7BAF865
S214037E280499621B7819E6F7B5F8D5E70499761B23
S214037E383144049122463846F5E70846E9F72ABF4F
S214037E480220E9F7DDBA08B5D0F8E4304BB11A6872
S214037E58022A06D993F825204AB1186AB0FBF2F02D
S214037E6808BD4FF446624C210020ECF7FBF90020CE
S214037E78F6E7D0F8E42008B57AB11368022B0CD9D4
S214037E88536A13F47F4FC3F3072106D0126ADBB293
S214037E9853438B42B3FBF1F006D2002040F67F42F1
S214037EA84C21ECF7DFF9002008BD0346D0F824017F
S214037EB80860B3F8283100208B80704790F8243187
S214037EC80C2B14BF90F82900FF20704738B50C46D2
S214037ED84FF400610546EBF70DFF70B17CB195F8DA
S214037EE81E3173B94FF480724FF480712846EBF74E
S214037EF8EDFE003818BF012038BD2202F4E72246FB
S214037F08F2E70020F8E74FF48071EBF7F3BE08B505
S214037F184A024FF40071EBF7D9FE002008BD08B5F6
S214037F288A024FF48061EBF7D1FE002008BD4FF4B8
S214037F380071EBF7DFBE2DE9F041884618F003071A
S214037F4806461546194633D1B2F5805F30D89A42AD
S214037F582ED33F2A28D9B2FA82F401220120C4F18B
S214037F681F03DBB29A4092B2AA422CBFC4F119048B
S214037F78C4F11A04E2B2931DDBB2984080B2A84259
S214037F8814D096F8F530ABB9012096F8243060F390
S214037F98C71386F824304046E8F75AFAC6F820800E
S214037FA8B5823846BDE8F0813A46EAE70020ECE7B2
S214037FB82127F6E70E27F4E7084600F02EB9F8B5AA
S214037FC811F0030607460D46144621D102B313885B
S214037FD83F2B1DD9B3FA83F3C3F11901C9B2062996
S214037FE801D8192B12D0062928BF062101238A1D7A
S214037FF8D2B293402846238000F015F923883846E2
S214038008FD617B82E8F734FB3046F8BD3146EDE781
S2140380182126F9E738B5148811F003054FEAC40496
S2140380281ED13F2C1CD9B4FA84F4C4F11903DBB26D
S214038038052B01D8192C11D0052B28BF052301249D
S2140380480633DBB204FA03F3C3F3CF041480816167
S21403805804820387E8F70CFB284638BD2B46EEE771
S2140380682125F9E710B5144608460121E9F7E4FC8B
S2140380782046BDE810400121E9F7DEBCF8B5044602
S2140380880E46174604F0E7FB3A46054631462046B1
S214038098E9F790FF0446284604F0D8FB2046F8BDC7
S2140380A80220704703207047E9F7A2B910B50023EA
S2140380B8E7F7EEFD044608B9EAF772FF204610BD57
S2140380C870B505460E46144600F0C9F831462846EC
S2140380D800F04CFA00F0C3F8230744BF24F0080462
S2140380E8A4B221462846E6F7C1FD00224FF4003124
S2140380F82846EBF7EBFD002070BD8021EBF7FABDB1
S2140381087FB5531C05AAADF814100292022100226B
S214038118DBB2CDE900211146EBF7F6FD07B05DF8B3
S21403812804FB7FB5531C05AAADF81410029204216C
S2140381380222DBB2CDE9002100220121EBF7E4FDA0
S21403814807B05DF804FB1FB5531C029100220821F3
S214038158CDE900210122DBB21146EBF7D5FD05B0C8
S2140381685DF804FB10B50446E6F77AFD014620469B
S214038178BDE81040E6F77ABD002914BF2120002089
S214038188704738B5054610460C46E8F7AFF865B1AC
S214038198D5F8E0304BB15B693BB12268013204BFC6
S2140381A86FF00102226022681A60002038BD0020A2
S2140381B870472DE9F74F01251C469DF830300646D3
S2140381C801930368174603F0070306339D4005F13A
S2140381D8FF380B46A1B1416804EA080BA5EB0B0A66
S2140381E841F00059524509EB0B0114D9524618467B
S2140381F8E5F7D0FE49467A1B5A445044E5F7CAFECB
S214038208019B2BB13C4448EA050804EA0804F460D9
S21403821803B0BDE8F08F1846F0E74FF03A43022262
S21403822898615A6370474FF03A4301225A6740F6FB
S214038238FF72D96418651A67704737B50025144660
S2140382480095FFF7B6FF204603B030BDE7F7C0BE7C
S214038258002070470020704700207047704770471B
S21403826810F0FD0F14BF4FF0FF300020C0B2704768
S214038278704700200021704708B5E9F70BFABDE8F8
S2140382880840E9F72FBA38B50446FFF7F5FF054661
S214038298FFF7F2FF431BA342FAD338BD38B50D46A2
S2140382A80446E9F7F7F935B1844200D9013920467F
S2140382B801F0030138BD844238BF0131F7E708B53A
S2140382C80121FFF7EBFFBDE80840E9F70BBA08B54D
S2140382D821B19200E5F75EFE002008BD2120FCE7E9
S2140382E800F06F43B3F1804F02D0B3F1204F02D1B1
S2140382F820F07040704700F06043B3F1204F08BF8A
S21403830820F0805070470B0C23F48053B3F5284FA6
S214038318F7B50D468FB2064699B216D04AF601034C
S214038328994214D04AF60203994212D0B1F5204F67
S21403833814BF04240324D6F8E0300BB1196851B9E6
S214038348D6F8DC3093B928680EE00024F3E7012456
S214038358F1E70224EFE7234668463A46E9F736FA92
S214038368DDE90003002BEBD103B0F0BD1968002943
S214038378E9D0234668463A46E9F728FADDE90003D2
S214038388002BE0D1F0E70204C0F3891307D56FEAA0
S21403839883536FEA935313F5007F18B206D0A3F1FD
S2140383A8C8006FF4FF739842B8BF184670474FF07B
S2140383B8384359699A6903F500530A405A61704766
S2140383C80E207047EAF7FCBFEAF7FABFEAF7F8BFEA
S2140383D8EAF7F6BF08B50846EBF7E4FB08BDEAF785
S2140383E8EFBF022070470220704700207047012025
S2140383F87047002070470E20704700207047E7F745
S2140384084FBE08461146012200F086B870B50546E9
S2140384180C4611461A46EBF7FBFC06682B46204625
S214038428B446BDE87040604710B5EBF7F1FCBDE80D
S214038438104083681847FFF739BEE7F73BBDFFF7D9
S2140384489CBBE7F739BA70B504460D4616464FF493
S214038458881100F0F4F8324629462046BDE87040F5
S214038468E7F754BF7047431E012B03D9031F58422F
S2140384785841704701207047FFF7EABE4FF4D4729D
S2140384880021E5F7F7BB70B50446E7F7ADFA0546EE
S214038498A8B9A169F1B1238AD3B1204604F1100221
S2140384A8FFF7B8FD38BBE16919B3638AA3B1204661
S2140384B804F11202FFF783FD78B1054603E00023B3
S2140384C8A3612361E361002328466361236270BDC9
S2140384D8A061E8E72082E6E7E361216A0029F2D093
S2140384E8A28A002AEFD02046E38ABDE87040FFF749
S2140384F822BD6182F1E76582E561DEE711B9D0F84E
S214038508DC1021B1CB6813B18B68D88970474FF656
S214038518FF707047E6F78ABB10B50C461146E6F7B8
S214038528ABFBE7F7BDFD012801D1002010BD002CE9
S214038538F7D10520FAE7FFF786BCFFF79ABC70B5B4
S21403854800232425D0F8DC00C4689C4201D12120EE
S21403855870BD826805FB0322D6898E4202D8128A2A
S2140385688A4201D20133F0E70020F1E7F8B5064660
S2140385780D46EBF7AFFCD8B94FF6FF734FF0240C54
S214038588EF68C1B28F4208D81C4621463046EBF73F
S2140385983BFEFFF763FE2046F8BDAA680CFB0122E4
S2140385A8D4899C4202D2002CEFD023460130E8E758
S2140385B80024F0E7808D70470A7838B505461046DC
S2140385C8FFF751FF60B14C782046FFF74CFF38B1F0
S2140385D82243530704D42846BDE83840E6F784BD4B
S2140385E8212038BD10B504460878FFF73CFF58B17C
S2140385F84A781046FFF737FF30B1042A04D02046DE
S214038608BDE81040E6F78EBD212010BDFFF79FBBDF
S214038618E7F7B4B838B505460C4604F01CF9D5F8A0
S2140386288C301C40D5F888302343C5F8883004F0CE
S2140386380DF9211E18BF01210020490238BD38B59F
S21403864804460D4604F007F9D4F88C301D40D4F8D8
S214038658883023EA0505C4F8885004F0F7F8284656
S21403866838BD38B504460D464FF48811FFF7E7FFC3
S21403867829462046BDE83840E7F768BE73B50D7847
S21403868806460C4635B304238DF804302379304662
S21403869801A98DF80530FFF7A5FF0546B8B9227876
S2140386A8A37952BB8DF80430E379304601A98DF8D7
S2140386B80530FFF781FF054648B923783BB1618843
S2140386C83046E6F71DFF01213046FFF7FFFB284635
S2140386D802B070BD2946FFF7F9FB29463046FFF777
S2140386E816FC29463046FFF71AFC2378002BCAD116
S2140386F823798DF804306379C9E702228DF80420BC
S214038708D3E7FFF704BCFFF712BC00207047704797
S21403871810B50446EBF708FE21460020ECF758FC94
S214038728BDE81040002000F02BB9704701207047C1
S21403873808B5EDF77BFA80F00100C0B208BD4FF02C
S214038748FF30FFF7C1BA70470020704710B50C46D4
S21403875803F042FE048010BD38B50C46154603F0F8
S2140387683BFE03881DB11C43A1B2018038BD23EA32
S214038778040189B2F9E708B503F02EFE008808BDA0
S21403878808B503F029FEC07808BD08B503F024FE33
S214038798008800F00C0008BD08B503F01DFE00882D
S2140387A800F00C00031F5842584108BD38B505466B
S2140387B803F012FE04462846FFF7EEFF30B904F12D
S2140387C8100004F0BAF900F4406038BD4FF40060B6
S2140387D8FBE738B5054603F0FFFD04462846FFF7D2
S2140387E8DBFF014648B910342046042203F034FD63
S2140387F82044BDE8384004F0A0B9A08838BD10B5B9
S2140388080C4603F0E9FD848010BD38B5054603F031
S214038818E3FD04462846FFF7BFFF30B904F110000E
S21403882804F08BF900F4404038BD4FF40060FBE7D2
S21403883838B5054603F0D0FD04462846FFF7ACFFD7
S214038848014648B910342046062203F005FD2044A5
S214038858BDE8384004F071B9A08838BD38B5054678
S21403886803F0BAFD04462846FFF796FF014608B10B
S214038878201D38BD10340622204603F0EDFC2044A4
S214038888F7E708B503F0A8FD007A08BD08B503F0B6
S214038898A3FD90F9090008BD08B503F09DFD807A8D
S2140388A808BD08B503F098FDC06808BD10B50C46AA
S2140388B803F092FD047210BD10B50C4603F08CFD50
S2140388C8447210BD10B50C4603F086FDC46010BD97
S2140388D82DE9F8430F468046002107F11000164697
S2140388E8994603F0EDFD0446D0B103F075FD054641
S2140388F8204603F08DFD002102462846E5F7BAF91F
S21403890800232046AB7049F00401FFF71FFFA5F8C4
S21403891804802EB13A46314605F11000E5F73AFBD6
S2140389282046BDE8F883F8B505460F461020002113
S21403893803F0C6FD0446B0B103F04EFD06462046D6
S21403894803F066FD002102463046E5F793F9002357
S21403895839462046B370FFF7F9FE25B12A460121AA
S214038968204603F085FD2046F8BD08B503F034FD20
S214038978103008BD08B503F04BFD1038C0B208BD6B
S2140389880020ECF74DBA08B5ECF7A8FC002008BDA4
S2140389984088C0F30C00033080084000043070475A
S2140389A870B50E4605461146304603F089FD044663
S2140389B835B128B103F010FD32462946E5F7ACF980
S2140389C8204670BD0088B0FA80F04009704738B575
S2140389D805880022044604F01EF905B1258038BD33
S2140389E8F8B507460D4600880021164603F02CFD09
S2140389F8B042044605D129463846BDE8F840FFF795
S214038A08E6BF0021204603F01FFDB04205D02046EE
S214038A18002103F019FD0446F3E72A462046002101
S214038A2803F026FD32462846BDE8F840002103F049
S214038A381FBDF8B5058807467DB1CCB22146284642
S214038A4803F002FD8542064609D100233B80002237
S214038A582146304603F00CFD35462846F8BD214628
S214038A6803F0F2FC21460246284603F001FDEEE732
S214038A782DE9F04707888246884614465FB338468A
S214038A8803F0C6FC3D460646E4B22146284603F0F4
S214038A98DBFC4045814616D1214603F0D5FC21462A
S214038AA80246284603F0E4FC474504D1454508BF7B
S214038AB80025AAF8005000222146404603F0D8FCB9
S214038AC83046BDE8F0878742FAD003F0A1FC30446D
S214038AD84D4686B2D9E73E46F2E700220123C0E9AF
S214038AE800237047F8B504460127002603F0C0FEA6
S214038AF823683BB903F0B7FE00226368012B0ED147
S214038B086360F8BD1D691F61266003F0ACFE012D86
S214038B18F2D02B462D691E61012DFAD1E6E71969B5
S214038B281A610B46EAE7036823B94068012803D0AD
S214038B38EDF71CB9002070474FF0FF307047F8B5C3
S214038B48054603F015FF012306460027A8602B7386
S214038B5803F08EFE2B6802467BB11C692169A1428D
S214038B680CBF2F6019612761104603F07CFE012CA9
S214038B7808D0204663689847EAE76C68012C04D156
S214038B8803F071FE00232B73F8BD6169711AB1F106
S214038B98004FF5D8216969602361E5E7022070472D
S214038BA802207047002070470144884201D1012003
S214038BB8704710F8013B9342F7D00020704770B512
S214038BC80146064692B00020EBF7DAFD044670B974
S214038BD8FDF7D4FE054601466A462046ECF716F925
S214038BE86A46294620468DF80260ECF7C5FB204600
S214038BF812B070BD00B593B0FDF7C0FE6A460146D5
S214038C080020ECF703F99DF9020013B05DF804FBA6
S214038C1800B593B0FDF7B2FE6A4601460020ECF7AE
S214038C28F5F89DF8000013B05DF804FBECF7B2B84E
S214038C38012070477FB54FF6FF7101AAEDF708FBD1
S214038C4820B1BDF80C0007B05DF804FB4FF6FF70C3
S214038C58F9E708B51046EEF7C1FABDE80840EEF79F
S214038C687BBB7047704770477047704770477047BD
S214038C78704738B54FF6FF750D800C46F6F772FB4E
S214038C882080A8420CBF2D20002038BD002100B547
S214038C9893B06A460846ECF7B9F8BDF8060013B071
S214038CA85DF804FB002110B592B004466A460846F0
S214038CB8ECF7ACF800216A460846ADF80640ECF730
S214038CC85BFB12B010BD002100B593B06A46084698
S214038CD8ECF79CF8BDF8040013B05DF804FB00211C
S214038CE810B592B004466A460846ECF78FF800219A
S214038CF86A460846ADF80440ECF73EFB12B010BDD2
S214038D0870472DE9F04F87B00C4691460746FFF7A4
S214038D183CFD0546661C304603F00FFF042D40F065
S214038D2890803846FFF721FE0378092203F00303F1
S214038D38012B14BF0223032301212046039303F0C8
S214038D488BFA092200210546204603F085FA217886
S214038D588DF8170001390022204689B2FFF720FE56
S214038D6804EB09088346F0B14FF0010A2A46014688
S214038D78CDF800A003980DF11703FBF7C0FD0228F2
S214038D88054626D1584603F043FB00222070C0B29E
S214038D98431E00929BB252465946304603F0CAFF1A
S214038DA82378534423703846FFF7E5FC020424D49B
S214038DB898F8013021789B071FD50139A1EB0901E3
S214038DC83A464046C9B2F1F7C7F9237818442070E3
S214038DD813E020B92070284607B0BDE8F08F0328B3
S214038DE809D1404603F0A9FE20F4007189B2404633
S214038DF803F0A5FED7E70428D5D10125002220468F
S214038E082178FFF7CDFD07460028E4D04FF0000889
S214038E180146434601224046CDF80080FBF76FFD26
S214038E28022819D1384603F0F3FAC2B2013A207081
S214038E3893B2394601223046CDF8008003F07AFF14
S214038E48C9E780F0800520F0800081B23046C5F37C
S214038E58C01503F074FED1E70028BCD12070BAE72A
S214038E6808B50020FFF764FC80F00100C0B208BD17
S214038E780A4608B501460020EDF738FCB0FA80F03C
S214038E88400908BD0020ECF7ABBB00210846ECF709
S214038E984FB80020FFF74ABC70B5044603F04DFEF2
S214038EA8042200210646204603F0D6F9204403F0A0
S214038EB844FE032205460021204603F0CDF920444C
S214038EC803F03BFE4FF6FF730540ADB29D4214D147
S214038ED8F30712D506220021204603F0BDF92044E5
S214038EE803F02BFE0446EDF773FC844214BF0224FA
S214038EF80624EDF767FC204070BD2046FBF7D0FE3E
S214038F08C400E4B2F5E708B5FFF7C6FF003818BF94
S214038F18012008BD0120704710B50446FEF700FA85
S214038F2808B9FEF7FFF903050FD40C231B2B01D151
S214038F38002009E020FA03F1C90703F1010206D568
S214038F48DBB2E31A5842584110BD0B23F9E7134620
S214038F58ECE710B50C46098819B90846F7F75AFD21
S214038F682080012010BD08B510461A4600F08CFA7A
S214038F78BDE8084003F07FBD70B504460D461646A7
S214038F8892B06A46EBF742FF6A46294620468DF8B2
S214038F981F60ECF7F1F912B070BD10B50C46EDF78B
S214038FA8F3FF2046BDE81040EDF704BF0129F8B5E6
S214038FB805460C461DD003291ED0052920D00729AF
S214038FC822D00026002400270120EBF771FE304448
S214038FD885421DDA0320EBF76BFE2044854219DA37
S214038FE80520EBF765FE38448542B4BF0720052005
S214038FF8F8BD6FF00406E5E76FF004040526E2E71C
S21403900800266FF00407DFE7002405272646DBE77C
S2140390180120EDE70320EBE738B14379490023F055
S2140390280C0301F00C010B434371704710B504465B
S21403903878B141794088490801F006010131000AF0
S214039048FFF7B4FF024601462046FFF7E5FF104642
S21403905810BD0722FBE738B50D46EDF783FF044638
S21403906808B9002038BDFFF7E1FF002DFAD12379B0
S21403907813F00703F5D0984238BF1846C0B2F1E795
S214039088EEF77EB90022EEF7A1BA0021012208B551
S214039098EEF79CFA401A18BF012008BD38B51546E6
S2140390A8FFF7F0FF0446284603F028FE84B1FF289E
S2140390B804D0626822FA00F3DB0701D5012038BD25
S2140390C80123834013436360E3780133E370F5E7D2
S2140390D82046F4E7EEF7D4BC10B503F07DF900F1AB
S2140390E81004204603F029FD20F4007189B22046B7
S2140390F8BDE8104003F023BD2DE9FF411546019155
S21403910801218DF80D301B0A8DF80E309DF82C3092
S2140391188DF80C008DF80F3028460423009103AA17
S2140391289DF828809DF830709DF8346001F016FB92
S214039138044670B12946FFF762FBB8F1000F02D167
S2140391482046FFF7C9FF2FB146B93146204601F03E
S214039158D0F80024204604B0BDE8F081002220465B
S2140391681146EEF713FCF4E74FF47A70EEF768BD92
S21403917808B5ECF70FFEBDE808400020EEF766BE1C
S21403918800B58BB06846EEF737FD009BBDF80600C2
S21403919804A90693EEF7D6FC0BB05DF804FB1FB5DF
S2140391A804466846EEF728FD02AB03CB20606160F1
S2140391B804B010BD1FB5062304468DF80C30EEF731
S2140391C89FFF00238DF80D00CDE90033012102230C
S2140391D8204603AA01F0C2FA04B010BD38B500222F
S2140391E808210546FFF7E0FC044698B9FFF74EFD4D
S2140391F822464FF6FF71EFF7DBF92846297CEEF790
S21403920855FE287C6A69E989F0F750FDEEF7C6FD36
S214039218204638BD0120FCE770B50C4605460120FC
S214039228EFF752FD237B4BB1FFF730FD014623468C
S2140392382A46BDE870400120EFF7D8B94FF6FE710D
S214039248F5E7F8B50E460746FFF78FFB054603F026
S21403925874FC00F44040B0F5404F14BF00220622C9
S21403926802F10A03EB5C0B325C0004F00E045B08A5
S214039278144403F0380338461C44FFF77BFB844248
S21403928808D2001BC2B20F2A28BF0F22304629195C
S214039298E4F780FE2046F8BDECF77CBD40F6274091
S2140392A8F0F782BAFF224FF6FF71F0F7B1BB07B5A6
S2140392B800210DF10700F0F7E3FC9DF8070003B063
S2140392C85DF804FB13B5044601A90020F0F7D8FCA3
S2140392D8019A01462046F0F7E9FC204602B010BD85
S2140392E8F0B50F46002187B0044608461646F0F741
S2140392F8C7FC012305460DF10A008DF808408DF8D2
S2140393080930FFF74CFF092C1DD131460DF1120029
S21403931803F015FC05AB002102AA9B1A2846CDE9E3
S2140393280011DBB2642101F019FA0546E0B1092CF5
S21403933815D1F0F705FD044688B12846F0F714FD65
S214039348204607B0F0BD31460DF113008DF81270B4
S2140393584FF6FF7503F0F3FB0DF11503DBE728461D
S21403936800F014F80446EBE70446E9E738B5044684
S2140393780D4603F0DDFC40B1AC4206D0204603F0B0
S214039388CEFCBDE8384000F0ACBF38BD10B5044687
S214039398FFF7EBFA023003F0D0FB4FF6F773984269
S2140393A8204603D9BDE81040F0F758BEF0F798FEFC
S2140393B8B0FA80F0400910BD012070470022F0F78C
S2140393C885BD70B504460088FFF7CFFA0546043016
S2140393D803F0B3FB0646A81C03F0AFFB054603F0F1
S2140393E8C2FA3046F2F762F830B92846F2F75EF862
S2140393F810B1284603F09CFCA378002023F00F0343
S214039408A37070BD70B50546FFF7AFFA0646284643
S21403941801F0C8F901462846F7F730FF0446284600
S214039428FFF7D7F94FF6F773984208D8337803F05F
S2140394380303012B05D1A31E5842584170BD0120D2
S214039448FCE70020FAE741F2033330B585B00D4652
S214039458ADF808300446FFF719FC8DF80A00FFF745
S21403946815FC0021000A8DF80B0005232046CDE9DC
S214039478001102AA8DF80C5001F070F910B12146BC
S214039488FFF79CFF05B030BD2DE9F04104461746AB
S2140394980D46E1B13F294FF0000600D13546204678
S2140394A8FFF773F9082814D10121204602F0CCFFF0
S2140394B8064602F0ADFF0446304602F08DFF3B46F3
S2140394C801462A46E0B2BDE8F041FDF7FBBA01269D
S2140394D8E5E72046FFF759F9024630B9BDE8F041FB
S2140394E84FF6FF71012003F0F1BA2046FFF75EF945
S2140394F8B0F5006F0ED12046FFF76BF94FF6FF73F2
S2140395089842014617D0002D0CBF032005200022E1
S21403951803F0DCFA29462046EEF7F0FA68B929463E
S2140395282046F1F761FF40B9324629462046BDE892
S214039538F041F0F719BF0120E9E7BDE8F08170476D
S214039548704737B54FF6F675FDF71BFA431E9BB201
S214039558AB420446F8D8EDF705FD0028F4D1694672
S2140395682046EDF721F80028EED0204600F09AFEB4
S2140395780028E9D12046FFF788FD0028E4D12046D5
S214039588F1F794FF0028DFD1204603F0D1FB00282B
S214039598DAD12046FDF700FA0028D5D1204603B0D5
S2140395A830BD73B504460E46F1F780FF054688B905
S2140395B82046F1F7D5FF21462B460D224FF6FD70C0
S2140395C8009500F0A1F83146204602B0BDE8704089
S2140395D8F1F788BF02B070BDF7B504460D461746C7
S2140395E8FFF754FB0646002D3FD04FF6FB739C420D
S2140395F83BD82046F1F75AFF08B1A64235D0204695
S214039608F1F754FF10B1012003B0F0BD2046FDF773
S214039618C3F9C0B1A642F6D0F4B169462046ECF7C2
S214039628C3FF0246C0B908216846FFF7BDFA98B9D2
S214039638082269462846E4F769FE68B129462046A3
S214039648FFF7AFFFDFE7A642E6D12846EDF71AF89D
S21403965810B900F03DFED6E73FB121462846EDF7A0
S21403966827FE21462846F5F763FE0020CCE737B5E4
S214039678054614460C2914D8DFE801F02C132C13DE
S214039688131307131313132424006946ECF78CFFEC
S21403969818B901216846F5F749FF41202946F8F726
S2140396A869FAD4B12046FFF760F9023003F045FAA9
S2140396B84FF6F773984210D9204603B0BDE83040FA
S2140396C8F0F782BD40F6144040F613430B2908BF53
S2140396D81846E3E700F0EDFDE3E703B030BD1FB53A
S2140396E80346084603218DF80D308DF80C10012328
S2140396F80021ADF80E20CDE9003103AA042301F0BA
S2140397082DF805B05DF804FB2DE9F34106460F4630
S21403971814461D469DF82080FFF7B8FAB04207D1D5
S21403972800222146384602B0BDE8F041FFF79FBF46
S2140397383A4631462046FFF7D2FFADF8060060B139
S2140397480D2C05D100224FF6FF71282003F0BEF931
S21403975835B9BDF80600FFF719FE02B0BDE8F0817B
S2140397680123424629460DF10600ECF767FABDF8D1
S2140397780630002BEDD1F0E7F7B50C460546FFF7A4
S214039788F4F8611C06462846F7F778FDA11C074639
S214039798284600F02AFF014604463846FDF72AF90C
S2140397A80D2F34D12046F1F781FE78B1301D03F032
S2140397B8C4F904462846F679FFF73AF831460246CE
S2140397C8204603B0BDE8F040FFF768BCB01C03F0C2
S2140397D8B4F94FF6F773984202D92846F0F7F4FC23
S2140397E82046F1F7BDFEFFF751FAA04205D1002047
S2140397F803B0BDE8F040FFF7A2BE6B46B068F16859
S21403980803C369462046F1F76DFE03B0F0BD2A464A
S2140398183946204603B0BDE8F040FFF728BF1422B8
S2140398280021E4F727BA2DE9F04F11F00F07044695
S2140398380E4615468FB05CD10120E1F76DFD09A8E9
S214039848FDF7D6F9092309A88DF82430FDF7D4F9CE
S21403985809A8E1F733FD01A909A8FDF75EFB26F081
S2140398680F08A84404F1100904F10F0A454511D15D
S214039878236901A93344236109A8FDF733FB0020B4
S214039888E1F74AFDB6F1005F28BF272738460FB031
S214039898BDE8F08F05AA2346964694461868596885
S2140398A80833ACE803004B456246F6D12B462246FE
S2140398B805F1100B53F8041B5B4542F8041BF9D15A
S2140398C8714609A8FDF70EFB09A8E1F7F7FC22463F
S2140398D821460120E1F7DCFC013D631E13F8012F46
S2140398E815F8011F534582EA01021A70F6D15D4640
S2140398F8BCE70227CAE7F0B5174685B005460C4607
S214039908102200216846E4F7B5F9BFB3C4B30F2C99
S21403991804F00F0608D924F00F043A4621462846D1
S214039928FFF781FF40BB2744324639466846E4F7CB
S21403993831FB80222F6906F1100337446B44B7F5D1
S214039948005F03F8102C2F61C6F110061AD3062EF3
S2140399581FDDFB001A0E8DF80A201A0C5BBA8DF869
S2140399680B20ADF80C306A4610212846FFF75BFF3C
S21403997800202B69103B2B6105B0F0BD3E46D8E7A7
S2140399882646D6E7022E04DDFB005BBAADF80E309A
S214039998E9E76A4610212846FFF745FF2B69102298
S2140399A8A3F11004002168462C61E4F763F9B7F5C0
S2140399B8005F4FEAC403CDD2E7E770B50E46054607
S2140399C886B001A81446FFF72AFF3246294601A89F
S2140399D8FFF791FF2246054601AB05AE1C4603CCAE
S2140399E8B44210605160234602F10802F6D12846B5
S2140399F806B070BDF1F70CBE0A460021F1F708BEA3
S214039A08F0B58BB00C4601A9F1F702FE054680B304
S214039A1825220021E01CE4F72DF90123A3700E2369
S214039A28BDF810702380FA0510D523464FF48772C5
S214039A3806AE23F8042B0DF1280C324603CA6245FA
S214039A4818605960164603F10803F6D13B0605D598
S214039A58238843F080032380069B636001AB03CB14
S214039A68039BC4F81D00C4F82110A361F2F7B4FFE2
S214039A78606128460BB0F0BD30B505460C4687B086
S214039A8801A8FDF7B5F82868696802AB03C39DF813
S214039A98113043F002028DF8112074B12288510662
S214039AA844BF43F006038DF81130530542BF9DF8B3
S214039AB8113043F008038DF8113001A8FDF793F928
S214039AC8B0FA80F0400907B030BD2DE9F3410F46E0
S214039AD80546164602F09CFC4FF00008C41BE4B289
S214039AE8294623463A463046CDF8008003F022F945
S214039AF80121284602F0A8FC88B10121284602F075
S214039B08A3FC074602F084FC0546C3B24246301956
S214039B183946CDF8008003F00DF92544ECB220460B
S214039B2802B0BDE8F0812DE9F04F85B00C46054636
S214039B3891461F464FF0010ADDF838809DF83CB081
S214039B4802F066FC22463B4629460646CDF800A0A8
S214039B58484603F0EFF85146284602F075FC3C44A5
S214039B6818B35146284602F06FFCF6B2B442814653
S214039B7810DAE7B2F31BDBB2404622462946CDF895
S214039B8800A003935F4403F0D5F8039BBF1B9844D8
S214039B9807F0FF0B012300220E9349465B46404617
S214039BA805B0BDE8F04F03F0C5B85B462246294624
S214039BB8CDF838A0F3E72DE9F041002686B007462E
S214039BC808460C4615469846CDE9026604968DF86F
S214039BD8146002F01DFC411BCBB20D2B28BF0D23CE
S214039BE82A462146009602A803F0A4F8424602A98C
S214039BF83846F1F763FE0646294620469DF80820B0
S214039C08F7F750FB304606B0BDE8F0812DE9F04F74
S214039C180E46CBB00121054617461C4602F014FC37
S214039C2823463A462946814606A8FFF7C4FF0DF1A0
S214039C38280A00EB070B5246314628465FFA8BFB89
S214039C48FFF743FFB34503D200204BB0BDE8F08FC0
S214039C58ABEB06085FFA88F808F104039842F3DBCF
S214039C68331F18440423C4B20193A31BDBB2009327
S214039C78524643460021CDF808A006A8E1F7BCFAE9
S214039C880028E1D1A4EB0B040AEB0803E4B252461E
S214039C9828463146009301944346FFF744FF394666
S214039CA82846F7F7EBFA394600F0F8022846F7F79E
S214039CB8F9FA0121284602F0C7FB002818BF4D46CB
S214039CC82846ADF8165002F0A3FB011FC9B20DF1E2
S214039CD8160000F04FFC0120B7E72DE9D8410646E9
S214039CE800F060FD411C044689B2304600F02DFDA5
S214039CF898B394B321463046F7F7C0FA00F00C033E
S214039D08042B074629D000F00308B8F1020F00D148
S214039D181BBB384600F0B0FD3B060444A4B216D578
S214039D28611C304689B200F010FDB0B121463046BA
S214039D38F7F7A4FAB8F1010F014600F003030CD0B5
S214039D48032B0AD0384600F0A6FD03199CB2214619
S214039D583046BDE8D84100F0F8BC0020BDE8D881FD
S214039D68F8B5064600F0E0FC054604463046FEF71E
S214039D78FCFD43785B0718D5AC1CA4B221463046D5
S214039D8800F0E3FCB8B129463046F7F777FA0746FA
S214039D98691C304689B2F7F771FA1FB1874201D8B2
S214039DA8FF2808D104EB4704A4B221463046BDE891
S214039DB8F84000F0CABC0020F8BD13B5044601A855
S214039DC8F1F7D4FFBDF80430DA0710D49B0707D49D
S214039DD810220021204602B0BDE81040E3F74ABF30
S214039DE8224621461020FFF7E8FD0028F0D102B0EE
S214039DF810BD024608B5F1F7E1FF510544BF083820
S214039E08C0B2130544BF0838C0B208BDF0B5D307BF
S214039E1805460C468BB04AD5008800F0C3FC0023E1
S214039E280646029314B9CDE9034403AC002208217D
S214039E382046FEF7B9FEA8B12888FEF796FD02303D
S214039E4802F07BFE21460746ECF7AEFB50B1002234
S214039E5840231146384600F005FA40F609452846D9
S214039E680BB0F0BD31462888F7F708FA10F0030F51
S214039E780CBF01260026F1F70FFC46EA4000C0B2E5
S214039E8800900021204602AB05AAF3F7E1F9054640
S214039E98F1F702FC0028E2D0002DE0D0002120468E
S214039EA8009602AB05AAF3F7D3F90546D7E740F6BB
S214039EB80A45D4E700231A46F3F736B930B58BB00C
S214039EC805AD04462846FCF793FE0223284601A957
S214039ED88DF81430FDF721F8234601AA144603CC5F
S214039EE8AC4218605960224603F10803F6D10BB05A
S214039EF830BD08B50023024619461846F3F714F989
S214039F08012008BD37B504466846F3F785F90546C4
S214039F1848B1082221466846E4F7F8F9B0FA80F013
S214039F28400903B030BDFF2208212046FEF73CFE59
S214039F38034628B106212846FFF7BCFF0120F0E7B1
S214039F4822460146F3F7F0F8F8E707B56846F3F74D
S214039F5863F910B16846FDF74FF900F0010003B046
S214039F685DF804FB0120F3F72DBE704730B50124D6
S214039F78054689B003A8FCF73BFE01A88DF80C40FC
S214039F88E1F7FAF99DF806209DF80730AA4209D0AA
S214039F98AB4209D103A88DF80D40E1F78FF90120EC
S214039FA809B030BD0024F5E70020F9E700221021A8
S214039FB8FEF7FABD70477FB50D4600F582300D22D1
S214039FC8694600F58070D5F771F96B462A4602AEE6
S214039FD81C4603CCB44210605160234602F10802C3
S214039FE8F6D1206810602379137100236B7304B0CD
S214039FF870BDF0B585B06A4605460B46164601F1B0
S21403A0080807144618685968083303C4BB4222462F
S21403A018F7D118680D2220601B7905F58230314682
S21403A028237100F58070D5F76DF905B0F0BD38B526
S21403A03804460D46E0F792FCA04205D92046294679
S21403A048FFF7B9FF002038BD2820FCE730B5002409
S21403A05885B08DF80040E0F781FCE5B2A84204D845
S21403A068F5F7C8F8002005B030BD69462846FFF75F
S21403A078C0FF0134EFE738B50446002002F04DFE72
S21403A088FF2805460FD002F050FE10F0010009D055
S21403A098284602F04AFE400840EAC17080F00100F4
S21403A0A800F0010038BD04F00100FBE70146F8B5EF
S21403A0B806460020F4F7D8FFFF2801D00120F8BD94
S21403A0C8E0F73CFC00240546871CE0F73BFCE3B2BC
S21403A0D8984201D80020F2E735F82430B34203D17A
S21403A0E817F82430002BE9D10134EEE738B50D46CE
S21403A0F80121044602F0A8F930B10121204602F0F6
S21403A108A3F92880012038BD20462C8000F020FCC7
S21403A1180130C0B2F7E72DE9F04788B0074689460D
S21403A12810460DF10A011D469046FFF7DFFF4FF074
S21403A138000ABDF80A6004463046CDE905AACDF8FC
S21403A1481BA002F065F9031BDBB20B2B28BF0B23FE
S21403A15822463146CDF800A005A802F0EBFD48F2EA
S21403A1681F039D4243D00BD885F40043012B15D912
S21403A17823464246494628460097FDF78AF833E0C1
S21403A18848F23A039D42F3D1FEF780FDB8422BD03E
S21403A1982246414605A8FDF7ADF825E09DF814309C
S21403A1A813BBBDF81D40DDF81500DDF8191003AB29
S21403A1B803C3204603A9E0F7C5FD0122204603A9E9
S21403A1C8FFF70AFAA74206460ED0012103A8F5F7B9
S21403A1D8ADF948F201039D4206D12EB933463246FD
S21403A1E83946204600F058FC08B0BDE8F0879DF8CD
S21403A1F81450002DF8D12F469DF815800234EAB284
S21403A2084245F1D2D200D2B222440823314692B252
S21403A218009703A8CDE9037702F08CFD03A800F0A6
S21403A22874F802F07CFD00F05CF80135E7E710B53A
S21403A2380024418084800480C280038110BD13B546
S21403A248BDF81040CDE900340023F5F73DFC02B015
S21403A25810BD13B5BDF8104001900094F5F734FC13
S21403A26802B010BD07B500930123FFF7F2FF03B052
S21403A2785DF804FB0123F5F7CDBC38B50546EFF7C3
S21403A2885FFD0446E0F776FBA40144EA4020284035
S21403A29838BD7047704700207047FF20704700207E
S21403A2A870477047002070474FF6FF7070470020CE
S21403A2B87047704700207047704700207047704704
S21403A2C8002070470020704770477047002070478B
S21403A2D870477047002070474FF6FF707047172087
S21403A2E8704770477047704770477047704701203C
S21403A2F8704701207047002070470020704770475A
S21403A308704770474FF6FF7070474FF6FF707047F9
S21403A31800207047002070470020704770470020D1
S21403A32870472DE9F04F002785B081460C467E20FE
S21403A33839469846BDF83CB09DF844A0BDF84C5045
S21403A3480192ADF80E7002F0BBF80646002800F03E
S21403A358AA8002F041F839467E22E3F78BFC3046A2
S21403A36802F03AF80090304602F036F8B9F1FF0FDB
S21403A3780CBF274644F003073B0A14F440620770F1
S21403A38843705FD14FF00808C31C1846424601992C
S21403A398E3F7C2FC034604F44044434484B1790615
S21403A3A806D419464FEA1B2201F802BB5A700B461D
S21403A3B8B4F5004F56D0A4F5404254425441E40045
S21403A3C8224618460E99E3F7A7FC009A034620444C
S21403A3D8A0EB02085FFA88F89DB14FF47C521A5333
S21403A3E8841C284601F0F8FF8346284602F010F836
S21403A3F8C5B22A4659462046E3F7CCFD601902350E
S21403A408EDB2B9F1FF0F2FD05246109900F8019B11
S21403A418E3F7C0FD08F101015AFA81F129443046F1
S21403A428EBF7A2FB0C210022FF0007F0800710467B
S21403A4383943FEF778FAADF80E00E8B9002005B000
S21403A448BDE8F08FB2F5006F80F803804FEA18284E
S21403A45880F8048000F1050314BF4FF008084FF096
S21403A468020892E70224ABE708EB0A0129443046C0
S21403A478EBF77AFB0821D6E7304601F0ADFF044632
S21403A488304601F0C5FF0123024621460DF10E00B2
S21403A498EBF7D4FB0028D1D10121BDF84820BDF83D
S21403A4A80E0001F0E5FFBDF80E00C8E710B50C4630
S21403A4B8098821B90846F6F7ADFA208008B10120C5
S21403A4C810BD0220FCE72DE9F04780460F460646F6
S21403A4D8002402F1FF39BC4202D219F8015F25B9FC
S21403A4E8A6EB080080B2BDE8F0879A46A5F13102CC
S21403A4F8012A5AF8041B10D83246322D02F8011BDB
S21403A50806D10134A4B2A74232D30912B21C717021
S21403A518013453461646A4B2DDE7342D0CD1033472
S21403A528BC42DDDA0B0A317073700B0C090EB3707C
S21403A538321DF170A4B2EBE7A5F13302062A0DD853
S21403A548303DADB22B19BB42CADA2A463046013C27
S21403A558E3F7E2FB15FA84F47219EBE7A5F1410277
S21403A568062A01D8373DECE79D8803F1080AE9E790
S21403A5781646B5E770B5054600880C4601F048FF51
S21403A588A04228880AD201F043FF0023221A19465C
S21403A5982846BDE8704092B2EBF750BB2146EBF76E
S21403A5A8E3FA002070BD38B5054601F015FF0446EA
S21403A5B8284601F02DFF002201462046BDE8384014
S21403A5C8FEF7EEB9F8B516460C461D46BDF81870E4
S21403A5D801F002FF0444304601F0FEFE3A464119F4
S21403A5E82046BDE8F840E3F797BB70B50C46013143
S21403A5F889B20646F6F742FE214605463046F6F782
S21403A6083DFE00EB052080B270BD1FB50123ADF8F3
S21403A6180C2000930A460223014603A802F08AFB8D
S21403A62805B05DF804FB0FB437B5069D0021A8B244
S21403A63801F046FF044601F0CFFE2CB1002207AB1B
S21403A6480193D1B28D4205D8204603B0BDE8304009
S21403A65804B0704753F8041B81540132F1E773B50D
S21403A66804460D4640200021164601F029FFADF8A2
S21403A678060001F0B1FEBDF8063013B9002002B09B
S21403A68870BD402133462A462044FFF71CFF211895
S21403A69889B20DF10600FFF76DFF0028EED1BDF86D
S21403A6A80600ECE70EB403B503AA52F8041B01929E
S21403A6B8FFF7D5FF02B05DF804EB03B070472DE94A
S21403A6C8F7430F4601218146164601F0BDFE0546AF
S21403A6D858B1FFF768FF308088B9284601F098FE1E
S21403A6E868B1192003B0BDE8F083484601F090FE30
S21403A6F8FF2FA0EB0704E4B214D014B9348000206B
S21403A708F0E72A4621462846FEF74AF980460028F7
S21403A718E7D03B464A4629460094FFF753FFA6F878
S21403A7280080ECE70120DDE708B5FEF71EF943785D
S21403A73803F001001A074CBF10300830DB0644BF8D
S21403A7480830C0B21030C0B208BD10B50C4601F0D0
S21403A7585FFEA04234BF0020012010BD7FB514461B
S21403A7680091024641F2092141F609209DF820602E
S21403A7781D46002E18BF0146099B0020F6F7A6FDC6
S21403A788ADF80E0010B9002004B070BD01232A46A8
S21403A79821460DF10E00EBF751FA0028F3D1BDF868
S21403A7A80E00F1E738B50546FFF7BEFF0446284610
S21403A7B801F02EFE631C9BB283420FD82846FEF791
S21403A7C8D4F843785B0707D521462846F6F756FD9F
S21403A7D8013004EB4004E4B2204638BD0024FBE70E
S21403A7E81FB5ADF80E0001F013FE0446BDF80E00C3
S21403A7F8FFF7D8FF00F10E03DBB2BDF80E200146C3
S21403A808E01A80B200901046FFF7DCFEA4F10E01B2
S21403A81889B20DF10E00FFF7ADFE04B010BD427805
S21403A828034612F0080006D0D20702D403F1080044
S21403A838704703F10900704737B505460C46FEF71F
S21403A84894F8437813F0100212D09CB103F0010277
S21403A8581B074FF000032946009320464FF00803D2
S21403A86854BF1832203202F065FA012003B030BD17
S21403A8781046FBE72046F9E700F00303012B08D050
S21403A888C30606D400F00C000C2814BF08200920C1
S21403A898704702207047034611F0030005D003F003
S21403A8A80303022B14BF022003207047F8B50C4697
S21403A8B8064601F0ADFD631C834202D900252846EF
S21403A8C8F8BD21463046F6F7D9FC0746FFF7D4FF0E
S21403A8D83B060546F3D50444304601F099FDA4B279
S21403A8E8631C9BB28342E9D821463046F6F7C6FC7A
S21403A8F801463846FFF7CFFF2844C5B2DFE770B5F1
S21403A90806460D46FFF7D2FF044610B90024204634
S21403A91870BD29463046F6F7B1FC8206F7D53046B1
S21403A92801F076FD2544ADB26B1C9BB28342EDD88D
S21403A93829463046F6F7A2FC00F01803082B14BF86
S21403A94805340634E4B2830644BF0834E4B2DEE7CB
S21403A95838B50546FFF726FF044608B9002038BD74
S21403A96801462846FFF7CBFF0028F7D02044C0B29D
S21403A978F5E72DE9F04387B005460C46FDF7F5FFE6
S21403A988804602F0DAF807462846FFF70BFF064626
S21403A99801462846FFF78AFF002203460092294607
S21403A9A8324602A802F0C6F99DF8086006F00C03C2
S21403A9B80C2B06F003090BD0B9F1010F59D0F10699
S21403A9C857D49DF809300DF10A050020637107E096
S21403A9D8FF230DF10900637102F0AFF80DF10B05C3
S21403A9E8208198F80130DA0704D508F1020002F04E
S21403A9F8A4F82081B9F1010F5FFA89F83DD0F30670
S21403AA083BD4284602F099F86080A81C02F095F813
S21403AA18053515F8013C208023712B78B006A37200
S21403AA2806F0400348BF43F02003390627D543F40E
S21403AA380073F80448BF43F48063390548BF43F4FA
S21403AA4800633206E38011D56A7812F003020DD04C
S21403AA586FEA43436FEA5343A978B8F1020FE380DA
S21403AA680B4611D1EB7841EA0321218107B0BDE8F3
S21403AA78F083FF230DF10905A7E7FF23CCE77A0642
S21403AA8848BF43F48073D4E7012A04BF0B029BB282
S21403AA982381EBE7F7F7CCB80BB1F7F735B90AB963
S21403AAA8F7F7AEB9FF21F7F7D7B8431C08BF00205E
S21403AAB8E4F7B6B9034B5868C0F30800003818BF64
S21403AAC80120704700ED00E0014B1868704700BF8F
S21403AAD858660020084B1B6F03F00703022B04D0AD
S21403AAE8032B05D0012B05D0FEE7044B18687047E7
S21403AAF8034BFBE703487047008000505866002066
S21403AB0860660020002D310108B5FFF7E3FF054B0B
S21403AB181B6FC3F303330133B0FBF3F0024B186028
S21403AB2808BD00BF008000505466002000487047E8
S21403AB3800B4C40400487047002D3101014B18685F
S21403AB48704700BF60660020014B1868704700BF57
S21403AB585C660020B8B1036813F4E07F03F03F0097
S21403AB68C3F382120AD0012A0DD1084B41B103F56B
S21403AB788053012282401A6000207047044BF5E791
S21403AB8803F50053F5E70E20704700BF68800050B2
S21403AB986480005007B500F095FC6A4600F0F2FCA6
S21403ABA818B14721034801F0EAFEDDE9000103B0C6
S21403ABB85DF804FBA1D603000229F8B596BF104B2F
S21403ABC800245C5C012805460E4608D0022809D0F6
S21403ABD808B944F002040B4B1F6837B9F8BD44F0B4
S21403ABE80804F8E744F02004F5E77B681A6814427B
S21403ABF803D0314628465B6898473F68EDE700BFB1
S21403AC08C6700400303E002038B5104D2B78ABB123
S21403AC180F4C23781BB100F04FFA00232370002053
S21403AC2801F0C0FE0B4C50B100F098FA0023012146
S21403AC3820782B70FFF7C0FF0123237038BD01224D
S21403AC48054B1A702278054B1A70F7E7355C002017
S21403AC58335C00203B5C0020365C0020375C002019
S21403AC680E490B78FF2B01D198B170470BB990B9F1
S21403AC787047002814BF0122FF2213440B7060B1EB
S21403AC88074B1B78012B08D9064B1B782BB9FFF704
S21403AC98BBBF1A46F1E70122EFE770473A5C00208C
S21403ACA83B5C0020365C002010B501F0D4FD064B53
S21403ACB804461B781BB1BDE8104001F0C7BDFFF77B
S21403ACC8A3FF2046F7E700BF325C002002282DE9E1
S21403ACD8F04147D029480378FF2B41D1002941D1B9
S21403ACE81A461344DBB2037000293BD0244E32784D
S21403ACF8012A37D9002B3ED001F0ADFD214F04467B
S21403AD083B780BB3204D2B781BB901222A701F4AB8
S21403AD181370DFF87C8098F8003023B100F0CCF984
S21403AD28002388F80030204601F090FD012001F04A
S21403AD3839FE01F090FD2B7804461BB100F00EFA9D
S21403AD4800232B7000233B70204601F07FFD01246F
S21403AD583078A04206D02146FFF72EFF347001E074
S21403AD6813B931B9BDE8F081002914BF0122FF22C7
S21403AD78B7E70122B5E70224EAE700BF3A5C0020FA
S21403AD883B5C0020355C0020325C0020365C0020EB
S21403AD98335C00202DE9FF47EFF3108572B6AFF357
S21403ADA8008001F0D4FE002800F0A4806B4E6C4FA0
S21403ADB8337823B10020FFF753FF00233370387826
S21403ADC878B903A900F04EFB044650B9654B039ABD
S21403ADD81B689A4200F296800120FFF741FF012381
S21403ADE833703B78002B40F0AB805F4B1B78002B0F
S21403ADF800F0A3804FF002085C4CDFF890912078AF
S21403AE08DFF88CA140450AD0002389F800309AF869
S21403AE18003013B94146FFF7CFFE84F8008099F84F
S21403AE2800303BB12378022B04D1002389F8003085
S21403AE3801F0D7FEB8F1020F0FD1DFF82C8198F88E
S21403AE48003053B94A4B1B7823B900F02FF9012277
S21403AE58484B1A70012388F80030207800F0FEF873
S21403AE689AF8003013B1444B1B782370AFF3008075
S21403AE78284601F092FDEFF3108572B63F4B1A7819
S21403AE8852B100221A703C4B20781B78984203D1A3
S21403AE9801212170FFF790FE394800F0A3FA01F06C
S21403AEA86AFE8046002883D12F4F89F800003B7836
S21403AEB89BB1DFF8C0908AF8000099F800301BB100
S21403AEC800F0FAF889F80080002001F06BFD0028EE
S21403AED839D000F043F900233B70337823B10020C0
S21403AEE8FFF7BEFE0023337000212078FFF764FEC9
S21403AEF800232370AFF30080284604B0BDE8F0476C
S21403AF0801F04BBD1F4BD3F8008000F061F9039B9B
S21403AF1880449845BFF460AF00F054F98200039963
S21403AF2842F0020292B2CDE900422346164AA1EB4A
S21403AF380801134801F038FD53E700F0A1F859E774
S21403AF484FF0010858E7012000F088F8284601F07A
S21403AF5824FDEFF3108572B6B6E700BF345C002015
S21403AF683A5C0020383E0020355C00203B5C00201D
S21403AF78395C0020335C0020375C0020305C0020FE
S21403AF883C3E0020343E0020B1AC0300385C002071
S21403AF98365C002010B501F05EFC0022054B1C78D9
S21403AFA81A7001F053FC00F021FBE4B22043C0B250
S21403AFB810BD00BF315C002038B501F04CFC094BCE
S21403AFC805461B78012B04D801F040FC00242046D4
S21403AFD838BD054B1C6800F0FBF80444284601F00E
S21403AFE835FCF4E73B5C0020343E00201649174A3C
S21403AFF80B6F10B503F007031360154A154C9269D7
S21403B008032B02F00200C2F3400222701AD0D1F8D2
S21403B018203103F00303022B14D0D1F8243103F0B4
S21403B02807039C1E634263410B4A137048B143B936
S21403B038054BD3F8003103F00303591E4B424B412B
S21403B048137010BD0123EFE700800050983E0020E0
S21403B05800C00150405C0020415C0020012805D058
S21403B0680238012808D80020D1F7C2BC034A13695E
S21403B07823F00403136130BF704700BF00ED00E000
S21403B088074A0849D2F8203103F003030B60D2F8C5
S21403B0982431054A03F007031360F8F79FBA00BF85
S21403B0A800800050A43E0020A03E00200122014B51
S21403B0B81A7070473F5C0020F8B51F4B1B78002BAF
S21403B0C839D01E4C2378B3B91D4B9A6DD10302D5DC
S21403B0D8DA6D92072FD49B6DDB072CD401F0A7FCFF
S21403B0E8184B194A1860136F23F0070343F003033A
S21403B0F81367FFF709FD01F09AFC124B134D1B6803
S21403B108134EC01A2B78134F56F8232046F82300FD
S21403B118111A3A681048521A0A213A600932B2FBE1
S21403B128F1F20133DBB20260B3FBF1F201FB123337
S21403B1382B7000232370F8BD415C00203E5C002082
S21403B14800C00050903E0020008000503D5C002068
S21403B158683E0020643E0020603E002008B5F8F7ED
S21403B16840FA124B12491A6F096822F007020A437B
S21403B1781A671049D3F82021096822F003020A4304
S21403B188C3F820210C49D3F82421096822F00702C2
S21403B1980A43C3F82421094B1B7813B10122084B31
S21403B1A89A62BDE80840FFF7AFBC00BF00800050B6
S21403B1B8983E0020A43E0020A03E0020415C0020CC
S21403B1C800E00050014B1878704700BF415C002030
S21403B1D8054B187818B1054B186800EBD000044BDC
S21403B1E81B681844704700BF415C0020603E00207F
S21403B1F8943E002008B5104B1A78C2B100221A7084
S21403B2080E4B1A6F22F0070242F001021A67D3F8B0
S21403B218202142F00302C3F82021D3F8242122F088
S21403B228070242F00302C3F82421FFF76DFC01224C
S21403B238034B5A6708BD00BF3F5C002000800050E0
S21403B24800E000500D490B68A0B10022A3B1834269
S21403B25803D1836822B90B6003E01A469B68F5E7B7
S21403B268936083680BB9002070475A6941690A449A
S21403B2785A61F8E72220704702207047B03E002044
S21403B28810B501F0F0FB0A4C0A4B19682368C31A79
S21403B29809B9206010BD002BFBD04A699A423ABF11
S21403B2A89B1A0022D21A4A6128BF00238968EFE74F
S21403B2B8AC3E0020B03E002038B5154D2B682BB3A6
S21403B2C85B69B3B1134A022014681C4400F088FA79
S21403B2D8204600F047FA00220F492B680A70012A15
S21403B2E805D823B1D88880070AD501230B70002018
S21403B2F838BD022000F074FA022000F093FAEAE759
S21403B3089B68002BF3D058690244E8E72220EFE74E
S21403B318B03E0020AC3E0020435C0020C38870B5D6
S21403B32804460D463BB9FFF747FE8542064602D25A
S21403B338F9F70CF935460E4A656113689BB914602C
S21403B348A3600FE02D1A986819466561034618B17D
S21403B3585869A842F6D941B18C60A36013B15A69FB
S21403B368521B5A6170BD0021F2E71460F5E700BF6F
S21403B378B03E002070B516469DF81420C0E9033683
S21403B3880271049ABDF818300260002204460D467E
S21403B3988260C38006BB01F066FB2844A0613DB902
S21403B3A8E368656113B120462168984796B1354628
S21403B3B801F051FA0646FFF763FF29462046FFF7D2
S21403B3C8ADFF074B1B68A34201D1FFF775FF304655
S21403B3D801F03CFA002070BD01F045FB3044DDE780
S21403B3E8B03E0020F8B50546D0B101F034FA06465B
S21403B3F8FFF746FF0B4B28461F68FFF723FF044655
S21403B40820B1304601F022FA2046F8BDAF42F8D103
S21403B418FFF752FF2228F4D1022000F0EDF9F0E7F7
S21403B4282224F1E7B03E002038B50C460546A8B1FD
S21403B438A1B100230B7001F01BFA0121084B1B680E
S21403B44833B901F010FA002038BD9D4204D12170AB
S21403B4582278002AF9D0F4E79B68F1E72220F3E77D
S21403B468B03E0020F8B506460F4601F001FA00255F
S21403B4780446124B1B6823B9204601F0F4F91B2037
S21403B48811E05A691544DA88B2420DD101F0EBFA95
S21403B4980B4E3368C01AA8420AD3002320463B60E3
S21403B4A801F0E1F90020F8BDFF2EEFD09B68E2E734
S21403B4B801F0D9FA33682B441B1AEFE7B03E002095
S21403B4C8AC3E002070B501F0D3F9064601F0CBFA7E
S21403B4D8084B044601201D6801F0B5FA18B101F0BF
S21403B4E8C2FA04460135304601F0BDF9204629461E
S21403B4F870BD00BFB83E0020014B1868704700BFF8
S21403B508B43E0020F8B50C4B05461B680E4683422E
S21403B5180FD3002440F2E7302146084B4FF47A72E3
S21403B5281F680023E5FB0701E2F738F8306020467A
S21403B538F8BD2120FCE700BFA83E0020B43E00204B
S21403B5480F4B10B51A689AB14FF47A71531E13420B
S21403B558A0FB01010ED1B2FA82F2C2F11F04531CFA
S21403B568D243E04001FA03F3184321FA02F20243F6
S21403B578104610BD0023E2F711F80246F8E700BFAD
S21403B588B43E002038B5164B14468342154B8B4100
S21403B59823D3154B1A6802B34FF47A75A0FB050339
S21403B5A805FB0131531E134211D1B2FA82F3C3F1DC
S21403B5B81F055A1CDB4301FA02F2E84021FA03F39B
S21403B5C810431843E940C4E90001002038BD0023AE
S21403B5D8E1F7E4FFC4E90001F7E72120F6E700BF37
S21403B5E8EFA7C64B37894100B43E002010B501F0DB
S21403B5F83FF9034B1C7801F036F9E4B2204610BD38
S21403B608425C002008B5084B1B7803F0FF004BB1DB
S21403B61801F00DFA054B1B689B69C01A02288CBFFC
S21403B6280020012008BD00BF435C0020B03E002078
S21403B638C2072DE9F843044607D5474A136801337A
S21403B6481360FFF71DFEFFF737FEA30740F181805F
S21403B65801F00EF94FF0000805464646FFF710FEC0
S21403B6683E4F3C680CB16369A3B100223C4B012EE4
S21403B6781A7003D118F0020F18BF1E70FFF71CFECE
S21403B688222802D1022000F0B7F82846BDE8F8437E
S21403B69801F0E9B823465A693AB91A7921799142E9
S21403B6A888BF1C469B68002BF5D1284601F0DBF8BB
S21403B6B8D4F81080B8F1000F3FD001F0D4F9A2698E
S21403B6C8851AEB17454573F1000337DB23691344E3
S21403B6D8A36101232269CAB1C3B9A38BB8EB0508D2
S21403B6E833B1E28B13449BB2B3F57A7F1CD2E38360
S21403B6F801F0BEF8054641462046FFF70FFEA3694C
S21403B708226928461344A36101F0ADF8E36813B130
S21403B718204621689847B4F8068001F0A9F8013650
S21403B7280546FFF7ADFD9CE7A3F57A73E383A369A4
S21403B73818F1FF38013BA361DAE7454601F098F8AC
S21403B74881462046FFF77EFD484601F08CF8002325
S21403B758C0E7BDE8F88300BFB83E0020B03E00202F
S21403B768425C002010B5044601F075F84FF0B0426D
S21403B778936A1907FCD4136A116C5269520604D4E7
S21403B788CA1A032A01D899420ED1E21A022A98BF86
S21403B798DC1CB4F1FF3F38BF013C4FF0B0434022F6
S21403B7A81C6403F580539A6101F050F8054A137830
S21403B7B83BB14FF0B041CB6B43F00203CB6300239E
S21403B7C8137010BDCC6B002007B5044B01A918797C
S21403B7D801F06AF8019803B05DF804FB106F0400E3
S21403B7E800F001038207034A48BF43F0400393610E
S21403B7F8704700BF00100058820700F001030AD5FF
S21403B8080121064A43F0400311704FF0B041CA6B5A
S21403B81822F00302CA63024A93617047CC6B002086
S21403B82800200058830742BF4022014B5A617047E5
S21403B8380010005873B502AB164603E90600044623
S21403B84800F052FF0546204600F05EFF9DF80020F4
S21403B8588DB1202C33780ED8012B2ED84FF6FF75D2
S21403B8682D4803EB4313234430F81310A94202D0A0
S21403B878013120F81310294B294E33F8141036F8E3
S21403B8881400814232D34FF6FF75A9424FF00105E3
S21403B89802D0013123F8141004F0FD01092927D139
S21403B8A8998AB68A0A44B242B4BF9A829E8233F809
S21403B8B81430834227D202B070BD022BDBD14FF679
S21403B8C8FF704FF6FF75144B33F81410814218BFF8
S21403B8D8013104F1210018BF23F8141033F81010AF
S21403B8E8A9421CBF013123F81010C4E70025D0E78E
S21403B8F81D2CDCD1598F8E18864203DA01390A4487
S21403B9085A87D4E75887002DD5D1204602B0BDE81C
S21403B918704001F0C3B800BF4858002020590020E3
S21403B928CC58002038B50D46044600F0A1FF064A59
S21403B93813889BB22DB123431380BDE8384000F02B
S21403B94892BF23EA0403F7E7265B00200022034B93
S21403B95801214FF480701A70FFF7E4BF5762002086
S21403B96808B5054B1868FCF74AFD00F00300C31E2C
S21403B9785842584108BD00BF4055002038B5044614
S21403B98801F02AF90C4B05461978187981420FD02D
S21403B998631E082B0CD8DFE803F0050D0B0D0B0D03
S21403B9A80D0D0D0000220146044B1868FCF725FD13
S21403B9B8284638BD0022F7E7FA6B002040550020DA
S21403B9C838B54FF0FF300C46FFF76FF80A4B0546BD
S21403B9D81868FFF76AF8641B241A20B210F1630F7D
S21403B9E806DB10F1240F05DA64308000C0B238BDD8
S21403B9F80020FCE7FF20FAE74055002008B5134B64
S21403BA081B78062B04D040F62101114800F0B7FF37
S21403BA18104B1B881B0704D440F622010C4800F081
S21403BA28AEFF0D4B2A201978FFF7A8FF0021082040
S21403BA38FFF778FF0222094B1A70094B1868E8F7D4
S21403BA4831FABDE8084001F016B800BF5762002077
S21403BA58C46B0400265B002054620020266C00207A
S21403BA684055002010B50E4C236823B940F6A34171
S21403BA780C4800F084FF2068013001F05EF800F0FF
S21403BA88070003280AD1246809220121204600F06A
S21403BA98E3FB205C031F5842584110BD0020FCE717
S21403BAA830550020C46B040038B50C4640B100215D
S21403BAB80420FFF737FF00F0DEFF012C1DD038BD4A
S21403BAC8244B1B889B07F6D50129234A2FD11178C7
S21403BAD869B30139C9B2117011B92020FFF722FFE3
S21403BAE800210220FFF71EFF04221C4B00211C48DE
S21403BAF81A7000F05DFD00F0BEFF1A4C2068013096
S21403BB0801F01BF800F44060B0F5006F1FD12468FD
S21403BB1801210422204600F09FFB204401F00DF883
S21403BB280146BDE838400022202000F0CFBF0021A0
S21403BB380D4D02201170FFF7F5FE2B78FF2B04D06E
S21403BB4840F29961094800F01AFF2C70B3E74FF6E4
S21403BB58FF71E6E7265B0020566200205762002046
S21403BB687069002030550020276C0020C46B040041
S21403BB7838B5134C05462388580709D5FFF7F0FE52
S21403BB8801460720FFF7FAFEFF210120FFF78CFF87
S21403BB98238899070BD50B4B284619788A1F5142D9
S21403BBA85141FFF7EBFE01210020FFF77DFF2388B5
S21403BBB81B0703D5BDE83840FFF720BF38BD00BFD5
S21403BBC8265B002057620020F7B5124CD4E90065BF
S21403BBD886EA020C85EA03070CEA000C0F405CEAC7
S21403BBE8070E15D086EA0C067D40C4E90065CDE944
S21403BBF800230B46084902460868FCF707FD38B1D8
S21403BC084FF4FD71054803B0BDE8F04000F0B7BE39
S21403BC1803B0F0BDB015002040550020C46B0400E7
S21403BC2808B50A4B1B88DB0604D440F647010848C8
S21403BC3800F0A5FE00211020FFF774FE002000F098
S21403BC486BFBBDE8084000F016BF00BF265B00206C
S21403BC58C46B04002DE9F04F5706804614461D466C
S21403BC6891B005D5FFF77CFE01460120FFF786FE57
S21403BC78EE0403D500212D20FFF780FEA00224D56D
S21403BC884046FCF740FD0146F8B94020FFF74AFE58
S21403BC9840460AA9FCF738F8B8B99DF83030022BA5
S21403BCA840F0D980BDF8280001F039F8FF2808D1FC
S21403BCB84046FCF727F840B901214020FFF732FE3B
S21403BCC803E001F030F80028F2D1A10305D5FFF709
S21403BCD847FE01460320FFF751FEE20104F0807693
S21403BCE840F1C080854B1B889B072DD5844E306852
S21403BCF8FBF79FFF40BB834B834F18703B78FF2BA4
S21403BD0804D040F25761814800F039FE4FF000092D
S21403BD1800210220FFF706FE87F800907C4F3B7849
S21403BD28062B07D101210820FFF7FCFD49462820EA
S21403BD38FFF724FE3B78052B06D100212B20FFF7BF
S21403BD481DFE3068E8F7AEF800F095FE220717D513
S21403BD586B4F0321386805AAFBF785FF064620B90B
S21403BD6840F2C961694800F00AFE9DF81430072BB3
S21403BD7800F0D080FFF7F4FD01460420FFF7FEFD30
S21403BD88E10505D5FFF7ECFD01460420FFF7F6FDB0
S21403BD9814F4863F05D0FFF7E3FD01460220FFF7BC
S21403BDA8EDFDA20113D5FFF7DBFD01460820FFF7DB
S21403BDB8E5FD00210420FFF7B5FD554B1B78012B45
S21403BDC803D14F4B1868E8F76DF800F054FE14F0EB
S21403BDD8084F09D0FFF7C4FD01460720FFF7CEFD3D
S21403BDE8FF210120FFF760FEA30009D5FFF7B8FD82
S21403BDF801460620FFF7C2FDFF210120FFF754FE88
S21403BE08A70705D53D4B1B881E0701D5FFF7F6FD8B
S21403BE186C0603D500210A20FFF7B0FD280602D5D5
S21403BE280120FCF782FCE90540F1858140460AAA11
S21403BE3805A9FCF7E0FA9DF81430222B00F06D8173
S21403BE4800F28281152B40F26A8140F60A112F48C8
S21403BE5800F095FD6FE1032B7FF437AF0AA800F0D7
S21403BE685AFF30E705F0020756EA07030DD0284BBA
S21403BE7826201978A1F1060EDEF1000141EB0E012A
S21403BE88FFF77CFD0121304611E004F0805656EAA0
S21403BE9807030FD01E4B26201978A1F1060CDCF1F8
S21403BEA8000141EB0C01FFF769FD02213846FFF755
S21403BEB8FBFD4BE704F0884151EA060309D0144B0F
S21403BEC8272019788F1F79427941FFF757FD0221FA
S21403BED8D9E705F008030B4302D02320FFF74EFDEE
S21403BEE8680703D500212420FFF748FDE9077FF5F7
S21403BEF82DAF00212520FFF741FD27E7265B00200D
S21403BF084055002056620020276C0020C46B0400AE
S21403BF1857620020314638680AAAFBF7AAFE20B102
S21403BF284FF4DA619E4800F02AFDBDF816303868EB
S21403BF3802330AA9ADF82C30FBF79DFE20B140F278
S21403BF48DF61974800F01BFD002300933146042366
S21403BF58386804AAFBF791FE042804D040F2E4618B
S21403BF688F4800F00CFDDFF8589299F80030C3BBF1
S21403BF780DF1110000F0E1FD00F00700022830D1B2
S21403BF88FFF7EEFC01460920FFF7F8FC854B1B7804
S21403BF98062B23D1844B9DF813201B789A421DD178
S21403BFA89DF8353023B940F2FA617D4800F0E7FC86
S21403BFB80DF1110000F0C1FDC0F30016314629202B
S21403BFC8FFF7DCFC00210820FFF7ACFC774B1E705C
S21403BFD8FFF748FD10B93868E7F764FF00F04BFD34
S21403BFE8CEE6BDF816000121083080B200F068FAE4
S21403BFF8039030B9FFF7B4FC01460420FFF7BEFCF4
S21403C008ECE700F0E9F905AA014606463868FBF7A7
S21403C0183CFE99F800A0BAF1000F22D106F1010BF5
S21403C028584600F08AFD83065AD53868FCF76BFB3A
S21403C0380746FFF795FC05370146F8B2FFF79EFC5F
S21403C048584600F07AFD00F007000328584F2DD015
S21403C05801210420FFF766FC4FF0FF30FBF734FEA0
S21403C068386000225349BDF816300978F718F1549A
S21403C0789DF83630BB709DF83730FB700A9B190E57
S21403C0883971190C7971FB71190A99F80030B9716D
S21403C09823B9737892B343F020037370002000F03B
S21403C0A869F97870039800F071FA97E70121092275
S21403C0B8304600F0D1F8305C01210428C9D1FFF7D7
S21403C0C831FC4FF0FF30FBF7FFFD3B4B38601B8816
S21403C0D85806C6D551464020FFF724FC0122C1E77F
S21403C0E8FFF73EFC01460920FFF748FC2D4B1B785B
S21403C0F8012BB6D13868E7F7D5FEB2E723F020035D
S21403C108CBE701227E33DBB202FA03F313F00A1FEE
S21403C11831D113F0011F3FF498AE27202CE00122FB
S21403C12802FA03F3254A1A402ABB13F0041FF4D174
S21403C138DA077FF58AAEAB052FD50121802011B02B
S21403C148BDE8F04FFFF7EEBB652B1AD8622B12D863
S21403C158452B0CD8422B0ED8352B06D8322B0AD8AB
S21403C168252B08D9322BD8D06FE6422BFBE7552B65
S21403C17805D8522BF7D92620FFF7FAFCDBE7622B04
S21403C188F1E7952B3FF661AE812BBAD8722BC4D054
S21403C198733B022B3FF659AEEDE711B0BDE8F08FBF
S21403C1A8C46B04005762002053620020266C0020EC
S21403C1B82C550020286C0020265B00203A00380007
S21403C1C85A620020024B1878B0FA80F0400970478C
S21403C1D85762002008B5064B4FF0FF311868FCF786
S21403C1E830F90028B8BF033040F3870008BD00BF06
S21403C1F84055002008B5074B1868FCF79CF930B182
S21403C208054BB3FBF0F083B20BB1184608BD01200B
S21403C218FCE700BF4055002040420F0038B5102009
S21403C2280C460121FFF77EFB064B1D68FFF7E2FF6E
S21403C238012200FB04F1044B2846FCF7E7F800202C
S21403C24838BD00BF4055002029BC0300014800F054
S21403C25896BB00BFDE6B0400032A70B5144602D8EB
S21403C2682C4B985C70BD81F0010519B90D2A07D1CE
S21403C278FF20F7E70D2A03D100780538C0B2F1E7A7
S21403C288084400F05AFCC5F1040110F4406602465F
S21403C298C9B209D1042C0846E4D0052C16D112F0ED
S21403C2A8400F18BF0846DDE7C5F10603042CD8B2CD
S21403C2B8D8D0B6F5006F03D1C5F10805E8B2ECE7A8
S21403C2C8B6F5406FE9D1C5F10E05F7E712F440411C
S21403C2D807D1062CC6D0072CC4D0082C13D101309E
S21403C2E8CCE755065CBF831CD8B2062CBAD0B1F58A
S21403C2F8004F02D1831CD8B2EDE7B1F5404FEAD11F
S21403C30800F10803F7E7130744BF0530C0B20C2C47
S21403C318A8D9ADE704CF0400AC2370B5094C05468D
S21403C32803FB00435E6D26B940F2FD31064800F074
S21403C33826FBAC2303FB0544002363653346BDE8AD
S21403C34870401847445500201B6C040010B40C4674
S21403C3581146AC22064B02FB0033586D20B95C65C8
S21403C3685DF8044BFFF75ABF02205DF8044B70478D
S21403C37844550020AC22034B02FB003393F8A80075
S21403C388704700BF4455002028B1034B1B68C01AEA
S21403C3984010013080B270470456002030B1044B79
S21403C3A800F100401B68013803EB4000704700BFEC
S21403C3B804560020064B1B68834206D8054B1B68A9
S21403C3C8834294BF0020012070470020704700BFB7
S21403C3D8045600200056002010B5044608B900206D
S21403C3E810BD00F00BFC20B940F2CD41074800F021
S21403C3F8C6FA2046FFF7D2FF0028F0D00388DB0BE7
S21403C40814BFD0F80A000830EAE700BFF26B04004E
S21403C41810B508B9002010BDFFF7C0FF044600F0AA
S21403C428E4FB20B94FF49D61064800F0A8FA002CF7
S21403C438F0D02388DB0B0ABF60882089C0F30C0082
S21403C448E9E700BFF26B040038B5FFF7A7FF0D4610
S21403C458044650B100F0C9FB20B940F241510348E5
S21403C46800F08DFA023534F8150038BDF26B040077
S21403C47870B5FFF793FF0C4616460546B0B100F0B5
S21403C488B4FB20B940F24D510C4800F078FA304618
S21403C498FFF784FF00F0A9FB20B940F24E51074886
S21403C4A800F06DFA023425F8146070BD40F252515C
S21403C4B8BDE87040014800F062BA00BFF26B0400A2
S21403C4C82DE9F8430746884600F0FBFA20B940F200
S21403C4D88E512A4800F053FAFC1CA408284B640023
S21403C4E80434B7F5005F1E68A4B204D340F295512E
S21403C4F8224800F044FA00F0BBF9224981460B684B
S21403C5087BB9214B1D68761BC6F34F06B44227D961
S21403C5180025484600F0A7F92846BDE8F843FFF784
S21403C52833BFB8F1000F11D0174A15685A1BC2F368
S21403C5384F029442ECD81448620005EB44040460A6
S21403C548B8F1000F0FD113440B600CE0F61AC6F3CC
S21403C5584F0676B940F2A651084800F010FAD7E716
S21403C56805EB44041C6000236F80AB80EB802B80B4
S21403C578CFE7B442CCD8044A1568DCE7F26B04006C
S21403C58808560020F05500200056002038B505460A
S21403C59800F06EF9044629460448002200F03BFBE7
S21403C5A82046BDE8384000F05EB900BF2C5B00208B
S21403C5B882684B4B2DE9F0419A4204460E460568BD
S21403C5C815D121B140F21311464800F0D8F900F00E
S21403C5D84FF923691BB92B682BB924612C60BDE876
S21403C5E8F04100F040B91A6922611C61F6E700F0D1
S21403C5F8BFF98046FEF75EFA20B14FF495713948C5
S21403C60800F0BDF96FF000439E4221694BD22B7BA5
S21403C61808EB0602002B4DD0AB6893424AD1531C55
S21403C628002949D06169994242D01EB9521AB2F11B
S21403C638004F3DD9636123696E689C4203D19D21EF
S21403C648284800F09CF92F460023B4420BD0002B51
S21403C65841D172696169891AB1F1004F32D83269DA
S21403C668374694422CD12269BD420CBF6A603A61B0
S21403C6787BB92669B44203D1B8211A4800F07FF97A
S21403C6883B46012E05D062697169521AB2F1004F12
S21403C69823D99D420BBF6B681A69236122610CBFBD
S21403C6A86C601C6104E0434431B162699342C1D1B2
S21403C6B8BDE8F0811346B3E76A6822616C60B9E7A0
S21403C6C81646C6E7A8EB0202B2F1004FC7D93B46A7
S21403C6D837463669B9E71F46F9E733463669D0E77A
S21403C6E8695D0200066C04000823064A12F8011B5B
S21403C6F8814205D0013B13F0FF03F7D11846704774
S21403C70801207047B5CF04000823064A12F8011B18
S21403C718814205D0013B13F0FF03F7D11846704753
S21403C72801207047ADCF040010B508220749044618
S21403C738E1F7ECFDB0FA80F04FF6FF732289400963
S21403C74840009A4208BF40F0010010BDC6CF04005F
S21403C75830B504460D4685B002B9084A10685168D4
S21403C76801AB03C301AB03CB20602046ADF80C50E6
S21403C7781B886160238105B030BD00BFC6F4030083
S21403C788002270B50A4B1C780A4BD5B2AC4202D8C5
S21403C79800200C7008E01E880132864205D30D700F
S21403C7A81B881B1A5842584170BD1233EDE700BF69
S21403C7B8D1610020CC5A002010B5164B187860B10A
S21403C7C8154C2368CBB14FF4707200201349FFF75A
S21403C7D8BDFD2368013B236010BDFFF7FBFC104932
S21403C7E8104A91F90040136884420B4C03F1010385
S21403C7F813602368B8BF087053B90B4800F033FAC0
S21403C8080028E9D1BDE8104001460748FFF7D0BE27
S21403C8180822DAE7A76200207C560020C1C7030077
S21403C828A2620020745600203C6B0020054B1B6850
S21403C8382BB9054B1868003818BF0120704701202C
S21403C848704700BF6C5600206856002010B962B6C1
S21403C858BFF36F8F7047EFF3108072B670473023BD
S21403C86883F31188704780F31188BFF36F8F70477F
S21403C878EFF31180302383F3118870470020704745
S21403C8884FF4004070474FF47A707047012241789E
S21403C89803788A4030214B4341F2100103F1A04349
S21403C8A803F570335A50704709B100F008B82220D0
S21403C8B870470121FEF74EB90021FEF74BB970B554
S21403C8C806460D46FFF7D4FF04461D2E48D8DFE874
S21403C8D806F00F18471D20234726292C47472F32D3
S21403C8E8473538473B473E47474447474747474107
S21403C8F8FEF7F0F8002628602046FFF7B4FF304618
S21403C90870BD4FF4C070CFF7DFFCF3E74FF4207029
S21403C918F9E74FF44070F6E74FF46070F3E74FF427
S21403C9280070F0E74FF48060EDE74FF49060EAE7B5
S21403C9384FF4C060E7E74FF4F060E4E74FF4B06005
S21403C948E1E74FF4D060DEE74FF4E060DBE74FF44F
S21403C958A060D8E74FF48070D5E74FF40860D2E7B5
S21403C96800202126C7E708B5FEF714F980B208BDEC
S21403C97808B5FEF70FF908BD704742DE704738B5AD
S21403C98804460D4600F008F8FFF769FF29462046D7
S21403C998BDE83840FFF7F1BF704710B962B6BFF37A
S21403C9A86F8F7047012070472DE9FF410D461646E5
S21403C9B81F460446A8B14FF00008C0F81C80FEF7CF
S21403C9C811FDBDF82C30424602939DF828302946BF
S21403C9D8CDE9007320463346FEF7CCFC04B0BDE829
S21403C9E8F0812220FAE7F0B51F46002387B00D46EC
S21403C9F8164604468DF81730A8B1C3610DF1170122
S21403CA08FEF712FD9DF817207AB9BDF8343029468B
S21403CA1802939DF830302046CDE900733346FEF77F
S21403CA28A9FC07B0F0BD2220FBE70320F9E738B5D9
S21403CA38FFF71EFF054600F016F804462846FFF7DC
S21403CA4812FF204638BD4FF0B04301285B6904D077
S21403CA58022805D1C3F38010704703F0010070471E
S21403CA680020704770474FF0B0439A6A1207FCD409
S21403CA78186A7047704708B5FFF7FCFF00F01DF803
S21403CA8808BD10B5FFF7E7FE012104460846FEF782
S21403CA981DF92046BDE81040FFF7D8BE10B504467A
S21403CAA800F012F82046FBF74FF82046F8F772F81E
S21403CAB8BDE81040F9F735BC704708B5FFF7FCFF2B
S21403CAC808BD0120704770470020704730B589B00D
S21403CAD80446ADF806108DF81020FFF705FE054648
S21403CAE82046FFF711FE03469DB1BDF80600ABB915
S21403CAF800F0BEF8FF2808BF00200DF10F038DF8DD
S21403CB080F001A46204604990593FEF793FE09B0CC
S21403CB1830BD0028F5D00DF10603F2E700F0A8F8BB
S21403CB28FF2808BF0020BDF806308DF80F00ADF8C3
S21403CB381A308DF8180006ABE3E7008870470170D3
S21403CB48090A41707047012070470120704738B5BD
S21403CB58DFF7C4FF0446D4F7D3FE051E18BF2546E1
S21403CB68D4F7A0FF041E18BF2C46FFF7ECFF0028D7
S21403CB7818BF204638BD38B5FEF70CFA0446F7F753
S21403CB8809FA04281ED002284FF0000508BF01241E
S21403CB98F8F7A8F8042817D0022808BF0124F7F7DF
S21403CBA838FE042812D0022808BF0124FFF7CDFF59
S21403CBB804280DD0022808BF0124002D18BF00241E
S21403CBC8204638BD0125E3E70125E8E70125EDE71B
S21403CBD80024F5E7FF20704708B5FFF7FBFF0020A2
S21403CBE808BD02210120E1F7BBBD08B520B1FFF758
S21403CBF8E1FB00F0010008BD0120FAE708B5FFF7DE
S21403CC08CDFBBDE80840FFF7F0BF008810B1C9B2F6
S21403CC18FFF71ABC70472DE9F041B0F800800646C6
S21403CC280C46D5B2B8F1000F11D029464046FFF797
S21403CC380BFC2246074629464046FFF719FC3A46A8
S21403CC4829462046FFF714FC3480BDE8F0810F46DA
S21403CC58F5E703461B8808468B4202D00021FFF7F8
S21403CC68F3BB002070470069003818BF01207047DF
S21403CC7800207047F8B506460D46FFF755FD03280E
S21403CC88044621D02846FFF74FFD032807461BD046
S21403CC9810F0020318D1A0070DD5F90716D40123FF
S21403CCA83C43E20704D431892A89914218BF0023FA
S21403CCB803F00100F8BD082229463046E1F726FBB3
S21403CCC8B0FA80F35B09EBE70020F3E71846F1E7D1
S21403CCD870B50D4600210646FFF797FF044630B1A8
S21403CCE8FFF77AFB01462846FFF7C4FF08B120463C
S21403CCF870BD21463046FFF7ACFFEFE707B50DF1E9
S21403CD080701FFF73DFD20B19DF8070003B05DF866
S21403CD1804FBFF20FAE700207047FF207047FF2038
S21403CD287047FF2070470020704700200021704797
S21403CD38002070472DE9F8430746084615468846F7
S21403CD481C469DF82090FFF747FB4619A4B19EB1F1
S21403CD584046FFF75DFB254485420FDC2246B9F1C2
S21403CD68000F06D131463846E0F7D6FF0020BDE867
S21403CD78F88339463046F7E72120F8E71D20F6E71B
S21403CD880000000000000000000000000000000093
S21403CD980000000000000000F8B500BFF8BC08BC9F
S21403CDA89E467047F8B500BFF8BC08BC9E46704759
S21403CDB85FF800F0016400205FF800F0A964002023
S21403CDC85FF800F04963002044657669636520745C
S21403CDD8797065206368616E67652064657465634A
S21403CDE87465643A202564202D3E2025640D0A00C8
S21403CDF850726573732064657465637465640D0A9D
S21403CE08004D756C7469207072657373206465745D
S21403CE1865637465643A2025640D0A0052656C657B
S21403CE286173652064657465637465640D0A004CF4
S21403CE386F6E6720707265737320646574656374B8
S21403CE4865640D0A0072656C61795F737461727448
S21403CE585F6C61746368696E675F70756C73653A57
S21403CE6820616E6F746865722070756C73652069CF
S21403CE7873206163746976650D0A0072656C61795F
S21403CE885F6F6E0D0A0072656C61795F6F66660D7B
S21403CE980A0072656C61795F746F67676C650D0A63
S21403CEA80057726974696E6720636F6E66696720D8
S21403CEB8746F206E763A2025730D0A0053697A65D7
S21403CEC83A2025640D0A004661696C656420746F10
S21403CED8207772697465204445564943455F434F36
S21403CEE84E4649475F4441544120746F204E562CA2
S21403CEF8207374617475733A2025642E202862792A
S21403CF087465733A202564290D0A0073756363658F
S21403CF187373210D0A004661696C656420746F207B
S21403CF2872656164204E565F4954454D5F444556C5
S21403CF384943455F434F4E4649472C207573696EF0
S21403CF48672064656661756C7420636F6E666967CF
S21403CF5820696E73746561642C20737461747573C9
S21403CF683A2025642E202862797465733A2025644E
S21403CF78290D0A005573696E6720636F6E666967C5
S21403CF883A2025642063686172732066726F6D0D9C
S21403CF980A25730D0A00736F6E6F66663B5A424D19
S21403CFA8494E494C322D637573746F6D3B4241305D
S21403CFB8753B4C4335693B534136753B52413541C6
S21403CFC8343B004E6574776F726B207374617475A7
S21403CFD873206368616E67656420746F2025640D2B
S21403CFE80A004D616E7566616374757265722074A6
S21403CFF86F6F206269670D0A004D6F64656C207455
S21403D0086F6F206269670D0A00496E697469616CFF
S21403D018697A696E67205A696762656520776974F5
S21403D028682025642073776974636865732C2025E4
S21403D038642072656C6179732C20256420636F768F
S21403D04865722073776974636865732C202564207A
S21403D058636F766572730D0A00436F6E66696720A1
S21403D068706172736564207375636365737366753D
S21403D0786C6C790D0A007265616420766572736953
S21403D0886F6E20666F726D206E6577206C6F6361B6
S21403D09874696F6E0D0A004661696C656420746F67
S21403D0A8207772697465206C6173745365656E5670
S21403D0B8657273696F6E20746F204E562C207374D6
S21403D0C83A2025640D0A004F6C64207665727369EE
S21403D0D86F6E3A2025640D0A0043757272656E7486
S21403D0E82076657273696F6E3A2025640D0A0052BE
S21403D0F84553455420414C4C210D0A0068616C5F2A
S21403D1086770696F5F63616C6C6261636B3A206515
S21403D118787469206C696E6520256C642073746165
S21403D12874757320256C750D0A0068616C5F6770EB
S21403D138696F5F63616C6C6261636B3A206E6F2024
S21403D148667265652045585449206C696E65730D8B
S21403D1580A002F686F6D652F72756E6E65722F776E
S21403D1686F726B2F747579612D7A69676265652DA1
S21403D1787377697463682F747579612D7A69676242
S21403D18865652D7377697463682F73696C61627359
S21403D1985F746F6F6C732F73696D706C69636974F2
S21403D1A8795F73646B2F2E2E2F2E2E2F7372632F99
S21403D1B873696C6162732F68616C2F7A696762653D
S21403D1C8652E630044726F7070696E67206F6C64B7
S21403D1D8204F544120696D6167652C206375727210
S21403D1E8656E74206F66667365743A20256C750AD7
S21403D1F800556E6B6E6F776E20636F76657220636D
S21403D2086F6D6D616E643A2025640D0A00556E6B6A
S21403D2186E6F776E20636D642025640D0A00427571
S21403D22874746F6E207072657373206465746563B7
S21403D2387465642C20627574206E6F20627574742E
S21403D2486F6E20697320707265737365640D0A00C8
S21403D258427574746F6E206C6F6E67207072657398
S21403D268732064657465637465642C206275742022
S21403D2786E6F20627574746F6E206973206C6F6EA0
S21403D2886720707265737365640D0A004E6F2063BA
S21403D2986F7665722073776974636820636F6E664A
S21403D2A8696720696E204E562C207573696E672051
S21403D2B864656661756C74730D0A004174747269EB
S21403D2C862757465206368616E6765642C20657093
S21403D2D83A2025642C20636C75737465723A20258E
S21403D2E8642C20617474723A2025640D0A00506F0A
S21403D2F86C6C20636F6E74726F6C3A2073656E6421
S21403D308696E6720636865636B2D696E0D0A005A3C
S21403D318434C2061637469766974792C20656E744E
S21403D3286572696E67206661737420706F6C6C0D26
S21403D3380A00506F6C6C20636F6E74726F6C3A20C1
S21403D348636865636B2D696E20726573706F6E73A1
S21403D358652C20666173743D25642C2074696D659D
S21403D3686F75743D25640D0A00506F6C6C20636FEF
S21403D3786E74726F6C3A206661737420706F6C6C8F
S21403D3882073746F700D0A00506F6C6C20636F6E99
S21403D39874726F6C3A20736574206C6F6E672070B6
S21403D3A86F6C6C20696E74657276616C3D256C755E
S21403D3B80D0A00506F6C6C20636F6E74726F6C3A54
S21403D3C8207365742073686F727420706F6C6C209A
S21403D3D8696E74657276616C3D25640D0A00506F3C
S21403D3E86C6C20636F6E74726F6C3A206368656347
S21403D3F86B2D696E20696E74657276616C20777220
S21403D408697474656E3D256C750D0A00506F6C6CF7
S21403D41820636F6E74726F6C3A20696E76616C69FE
S21403D4286420636865636B2D696E20696E74657224
S21403D43876616C2C20726576657274696E670D0A60
S21403D44800506F6C6C20636F6E74726F6C3A206654
S21403D45861737420706F6C6C2074696D656F757476
S21403D468207772697474656E3D25640D0A00506FE3
S21403D4786C6C20636F6E74726F6C3A20666173749B
S21403D48820706F6C6C2074696D656F75742C2073CF
S21403D4987769746368696E6720746F206C6F6E674C
S21403D4A820706F6C6C0D0A00556E6B6E6F776E206E
S21403D4B84C6576656C4374726C20636F6D6D616E34
S21403D4C8643A2025640D0A00556E6B6E6F776E20DE
S21403D4D84F6E4F666620636F6D6D616E643A2025E6
S21403D4E8640D0A00496E6465782061742077726952
S21403D4F8746520617474723A2025640D0A004E6FB1
S21403D5082073776974636820636F6E66696720693A
S21403D5186E204E562C207573696E672064656661A7
S21403D528756C74730D0A00496E76616C69642072B3
S21403D538656C61795F696E64657820256420696E19
S21403D548204E562C20726573657474696E67207452
S21403D5586F2064656661756C740D0A003E2000557D
S21403D5686E6B6E6F776E206572726F7200496E709F
S21403D5787574206275666665722069732046554C15
S21403D5884C004D6178696D756D206E756D626572B8
S21403D598206F6620617267756D656E747320657893
S21403D5A86365656465640054686520617267756DB4
S21403D5B8656E74206973206E6F7420666F726D6172
S21403D5C87474656420636F72726563746C7900495A
S21403D5D86E636F727265637420617267756D656ECC
S21403D5E874207479706500496E636F72726563742C
S21403D5F8206E756D626572206F6620617267756D41
S21403D608656E7473004E6F20636F6D6D616E642074
S21403D618666F756E640075696E7438006164646954
S21403D62874696F6E616C002A00756E6B6E6F776E29
S21403D6380077696C6463617264006865786F7074F8
S21403D64800737472696E676F70740075696E7433ED
S21403D658326F70740075696E7431366F7074007546
S21403D668696E74386F7074006865780073747269CD
S21403D6786E670075696E7431360075696E74333279
S21403D688002E2E2E200068656C70000A25730A2566
S21403D6987325730025732008002F686F6D652F7236
S21403D6A8756E6E65722F776F726B2F747579612D31
S21403D6B87A69676265652D7377697463682F74750D
S21403D6C879612D7A69676265652D7377697463680E
S21403D6D82F73696C6162735F746F6F6C732F7369F2
S21403D6E86D706C69636974795F73646B2F706C61B2
S21403D6F874666F726D2F736572766963652F6C65D2
S21403D708676163795F68616C2F7372632F626173F5
S21403D718652D7265706C6163656D656E742E630046
S21403D7282F686F6D652F72756E6E65722F776F72C1
S21403D7386B2F747579612D7A69676265652D7377C2
S21403D748697463682F747579612D7A69676265658C
S21403D7582D7377697463682F73696C6162735F747A
S21403D7686F6F6C732F73696D706C69636974795F17
S21403D77873646B2F706C6174666F726D2F7365724A
S21403D788766963652F746F6B656E5F6D616E61672F
S21403D79865722F6C65676163792F7372632F736C79
S21403D7A85F746F6B656E5F6D616E616765722E631E
S21403D7B8002F686F6D652F72756E6E65722F776FA3
S21403D7C8726B2F747579612D7A69676265652D7337
S21403D7D877697463682F747579612D7A69676265EA
S21403D7E8652D7377697463682F73696C6162735FF9
S21403D7F8746F6F6C732F73696D706C696369747972
S21403D8085F73646B2F706C6174666F726D2F7365CC
S21403D81872766963652F746F6B656E5F6D616E6193
S21403D8286765722F6C65676163792F7372632F73ED
S21403D8386C5F746F6B656E5F6D616E75666163743E
S21403D8487572696E672E630043757272656E74200F
S21403D858436F6E6669673A202530780053657420EF
S21403D868434341206D6F646520746F2025643A2016
S21403D87825307800656E61626C656400646973615F
S21403D888626C6564006F757428636C69656E7429C9
S21403D89800696E202873657276657229004D4647BF
S21403D8A820537472696E673A20257300417070427C
S21403D8B875696C646572204D464720436F64653A04
S21403D8C820307825303458006E6F6465205B00413D
S21403D8D864646974696F6E616C20696E74657266D8
S21403D8E86163657300202025643A200070616765CC
S21403D8F8205B25645D206368616E205B25645D207C
S21403D908707772205B25645D006E6F7420616374A4
S21403D918697665006572726F7220307825303858DC
S21403D9280070616E4944205B3078253034585D209A
S21403D9386E6F64654944205B3078253034585D2023
S21403D948007870616E205B307800706172656E7463
S21403D9584944205B3078253034585D207061726501
S21403D9686E7452737369205B25645D006E6F64651D
S21403D97854797065205B0053656375726974792002
S21403D9886C6576656C205B253032585D006E657471
S21403D998776F726B207374617465205B2530325819
S21403D9A85D20004275666665722062797465733A0F
S21403D9B8202564202F20256400457020636E743A62
S21403D9C8202564006570202564205B656E64706F8F
S21403D9D8696E742025732C20646576696365202533
S21403D9E8735D20006E776B205B25645D2070726F15
S21403D9F866696C65205B3078253034585D2064652D
S21403DA08764964205B3078253034585D2076657215
S21403DA18205B3078253032585D002020202025737F
S21403DA2820636C75737465723A20307825303458E1
S21403DA3820004E776B20636E743A202564006E7759
S21403DA486B202564205B25735D005072696D6172D7
S21403DA5879202870726F290020206E6F64655479C8
S21403DA687065205B3078253032585D00202073655A
S21403DA7863757269747950726F66696C65205B307A
S21403DA8878253032585D0045502025643A202573A2
S21403DA9820004572726F723A2020556E6B6E6F7750
S21403DAA86E20656E64706F696E742E00456E6162D3
S21403DAB86C65206576656E74206465627567206993
S21403DAC86E666F20696E20436F726520434C49204B
S21403DAD8636F6D706F6E656E74006F6E6C7920631E
S21403DAE86F6F7264696E61746F72732063616E2000
S21403DAF8666F726D0A006A6F696E20307825303853
S21403DB08580A006C656176650025732030782530E1
S21403DB1832580A0072656A6F696E0072656A6F69C1
S21403DB286E4469666644657669636554797065000C
S21403DB386578742E2050414E2049443A20004E57AB
S21403DB484B206F70656E3A20257520736563004E0B
S21403DB58574B20636C6F7365640066696E64206A4E
S21403DB686F696E61626C653A2030782530325800EA
S21403DB7866696E6420756E757365643A2030782519
S21403DB88303258004368616E67696E6720746F2089
S21403DB986368616E6E656C2025643A20307825309C
S21403DBA8325800696E76616C6964206E6574776FA7
S21403DBB8726B20696E6465780053686F72742049C7
S21403DBC8443A203078253034582C20455549363485
S21403DBD83A20002C2050616E2049443A203078259C
S21403DBE83034580053746172746564206D756C74B0
S21403DBF8692D70687920696E74657266616365005D
S21403DC084661696C656420746F202573202573202C
S21403DC18307825303258005465726D696E617465C4
S21403DC286420257320307825303258004B6565709C
S21403DC3820616C69766520737570706F72742065E1
S21403DC486E61626C65642E006661696C6564207437
S21403DC586F20736574206B65657020616C697665E3
S21403DC68206D6F64652E00737563636573736675DD
S21403DC786C6C792073657420746865206368696CB6
S21403DC88642074696D656F7574206F7074696F6E40
S21403DC98206D61736B2E006661696C656420746F12
S21403DCA82073657420746865206368696C642074DF
S21403DCB8696D656F7574206F7074696F6E206D611A
S21403DCC8736B2E00646973636F766572004D6174B7
S21403DCD86368202573792066726F6D203078253047
S21403DCE834582C206570202564004E574B20416419
S21403DCF8647265737320726573706F6E73653A200A
S21403DD0830782530345800494545452041646472C7
S21403DD1865737320726573706F6E73653A2000536C
S21403DD286572766963652025737920646F6E652E40
S21403DD3800232020747970652020206E776B2020BE
S21403DD486C6F6320202072656D202020636C7573CA
S21403DD582020206E6F6465202020657569002020CA
S21403DD682564202020203078253034582020307829
S21403DD7825303458202030782530345820307825FC
S21403DD883034582000736C5F7A69676265655F672D
S21403DD9865745F62696E64696E67204572726F7236
S21403DDA83A203078253038580A002564206F6620D4
S21403DDB825642062696E64696E677320757365648B
S21403DDC800656E61626C6564207072696E740064C7
S21403DDD8697361626C6564207072696E740061644D
S21403DDE864206C696E6B206B6579004552523A2045
S21403DDF843616C63756C61746564204352432064A5
S21403DE086F6573206E6F74206D6174636800455286
S21403DE18523A20496E7374616C6C20436F646520B4
S21403DE286D75737420626520382C2031302C2031B0
S21403DE38342C206F72203138206279746573206918
S21403DE486E206C656E677468004552523A204145E9
S21403DE58532D4D4D4F2068617368206661696C6564
S21403DE68643A2030782530325800536574206A6F38
S21403DE78696E696E67206C696E6B206B65790073D3
S21403DE8865742062696E642025643A2030782530EC
S21403DE98327800454D50545900554E494341004D7C
S21403DEA8324F4E45004D554C5449003F2020202004
S21403DEB800496E6465782049454545204164647287
S21403DEC86573732020202020202020204E574B499E
S21403DED86E6465782020496E204643202020202043
S21403DEE854544C28732920466C6167202020204B05
S21403DEF8657920202020002564202020202000206B
S21403DF0820256420202020202020002020253038AB
S21403DF185820200020307825303458202000496EB9
S21403DF286465782049454545204164647265737382
S21403DF38202020202020202020496E204643202011
S21403DF482020205479706520204175746820204B62
S21403DF586579002D202020202000256320202020FE
S21403DF68202563202020202000696573005741522E
S21403DF784E494E473A202052454144494E47204F82
S21403DF8846204B45592056414C5545532044495342
S21403DF9841424C4544204259204D464720544F4B56
S21403DFA8454E004E574B204B6579002573206F75F9
S21403DFB8742046433A202530385800257320736565
S21403DFC871206E756D3A20307825303258002573E7
S21403DFD8206F75742046433A20253038780054431A
S21403DFE820257320002573205461626C6500256420
S21403DFF82F256420656E747269657320757365646E
S21403E0082E005472616E7369656E74204B657900D1
S21403E018256420656E7472257320636F6E73756D41
S21403E028696E67202564207061636B65742062756A
S21403E0386666657225732E0057494C4C0057494C43
S21403E0484C204E4F540054727573742043656E7497
S21403E058657220257320616C6C6F772074727573F4
S21403E068742063656E7465722072656A6F696E7371
S21403E078207573696E672077656C6C2D6B6E6F778A
S21403E0886E206B65792E005365742074696D656F11
S21403E098757420666F722054727573742043656EA8
S21403E0A87465722072656A6F696E73207573696E1C
S21403E0B8672077656C6C2D6B6E6F776E206C696E58
S21403E0C86B206B657920746F202564207365636FF6
S21403E0D86E64732E004552524F523A2000257373CE
S21403E0E87461636B206D75737420626520646F7743
S21403E0F86E2E0052656164696E6720416C6C6F779B
S21403E10865640048617368696E67206F6E6C790092
S21403E118736C5F7A69676265655F6B65795F73655C
S21403E1287474696E67735F743A2030782530345890
S21403E1380020205065726D697373696F6E733A2099
S21403E1482573004572726F723A204661696C65647E
S21403E15820746F2067657420636F6E6669672C206A
S21403E1687374617475733A203078253038580046CE
S21403E17861696C65643A20307825303858004D73E9
S21403E188673A20636C7573203078253034582C2012
S21403E198636D64203078253032582C206C656E20E9
S21403E1A82564006275666665723A2000454D4245E9
S21403E1B8525F00257353454355524954595F4C459E
S21403E1C856454C3A202530325800257365726173DC
S21403E1D865206B65792025643A20307825303858D1
S21403E1E800636D64206E6F74206275696C740073C7
S21403E1F8726320657020253032782C20636C757323
S21403E20820253034780073656E64696E6720746FF2
S21403E218206D756C7469636173742062696E64003B
S21403E22825733A2065703A2025642C20636C3A20BF
S21403E2383078253034582C20617474723A2030783C
S21403E24825303458002C207376723A20256300252F
S21403E258733A20726561643A203078253032780044
S21403E2682C207376723A2025632C206474797065A3
S21403E2783A2030782530325800417267756D656EDE
S21403E2887420617420696E6465783A202564206971
S21403E29873206F7574206F662072616E676500431E
S21403E2A86F6D6D616E6420616C726561647920625E
S21403E2B875696C742E202043616E6E6F74207365C7
S21403E2C874204D46472073706563696669632063E7
S21403E2D86F646520666F7220636F6D6D616E642E62
S21403E2E8004D464720436F64652053657420666F68
S21403E2F872206E65787420636F6D6D616E643A2064
S21403E30830782530345800557365204E6578742068
S21403E31853657175656E63652053657420666F7201
S21403E328206E65787420636F6D6D616E643A203075
S21403E33878253032580044697361626C65204465F9
S21403E3486661756C7420526573706F6E73652053BF
S21403E358657420666F72206E65787420636F6D6DC2
S21403E368616E643A20307825303258004552523A66
S21403E3782072656164696E67206174747269627578
S21403E38874652025303278004552523A20617474F9
S21403E3987269627574652073697A652025642074CA
S21403E3A86F6F206C6172676520666F722062756690
S21403E3B8666572004572726F723A20617474726988
S21403E3C862757465204944203078253034582072A5
S21403E3D865706F727461626C65206368616E6765E9
S21403E3E82069732073697A65202564422C20627538
S21403E3F8742025644220656E74657265640A006E2F
S21403E4086F20636D64004572726F723A20434C49FD
S21403E4182053656E64206661696C65642C2073748A
S21403E428617475733A20307825303858004572720F
S21403E4386F723A2020455549363420617267756DE8
S21403E448656E7420697320656D70747920616E64D7
S21403E458206C6F6F6B7570206279206E6F64652011
S21403E4684944206661696C65642E0047726F75704F
S21403E47800556E696361737400556E62696E642035
S21403E4882573202573307825303258005265717508
S21403E4986573743A20005A444F2073696D706C652F
S21403E4A82064657363207265712025303278005ABC
S21403E4B8444F206E6F6465206465736320726571CC
S21403E4C82025303278005A444F206D6174636820E3
S21403E4D8646573632072657120253032580055735E
S21403E4E8696E67206D79206C6F63616C20455549AA
S21403E4F8363420666F722064657374204555493632
S21403E5083420696E2062696E64696E67005A444FE8
S21403E5182062696E64207265712025303278006344
S21403E5286C7573746572206C696D697420726561A5
S21403E5386368656400696E76616C696420706167F8
S21403E548653A202564206F72206368616E6E656C79
S21403E5583A202564004368616E6765206368616EC8
S21403E5686E656C207374617475733A203078253041
S21403E5783278006475726174696F6E206D75737492
S21403E58820626520696E2072616E67652030202DD3
S21403E598203500636F756E74206D7573742062651D
S21403E5A820696E2072616E67652031202D20380041
S21403E5B87363616E207374617475732030782530C5
S21403E5C83258006E6574776F726B20757064617469
S21403E5D865207365742073746174757320307825A9
S21403E5E83032580041637469766520455020726559
S21403E5F87175657374207374617475733A20307813
S21403E60825303258004C5149205461626C6520729B
S21403E6186571756573743A20307825303258004230
S21403E628696E64696E67205461626C6520726571F1
S21403E638756573743A20307825303258004C656116
S21403E648766520257330782530325800506F776505
S21403E658722044657363726970746F722025733011
S21403E6687825303258005573696E67206D79206CAB
S21403E6786F63616C20455549363420666F72206493
S21403E68865737420455549363420696E20756E6265
S21403E698696E64696E6700526F75746520546162AB
S21403E6A86C65202573307825303258002F686F6DD7
S21403E6B8652F72756E6E65722F776F726B2F747512
S21403E6C879612D7A69676265652D737769746368FE
S21403E6D82F747579612D7A69676265652D73776915
S21403E6E87463682F73696C6162735F746F6F6C739E
S21403E6F82F73696D706C69636974795F73646B2FC4
S21403E70870726F746F636F6C2F7A69676265652FB3
S21403E7186170702F6672616D65776F726B2F636FAA
S21403E7286D6D6F6E2F736C5F7A69676265655F736D
S21403E738797374656D5F636F6D6D6F6E2E630045D9
S21403E7487874656E64656420526573657420696EB3
S21403E758666F3A20307825303458202825732900E8
S21403E7682F686F6D652F72756E6E65722F776F7271
S21403E7786B2F747579612D7A69676265652D737772
S21403E788697463682F747579612D7A69676265653C
S21403E7982D7377697463682F73696C6162735F742A
S21403E7A86F6F6C732F73696D706C69636974795FC7
S21403E7B873646B2F70726F746F636F6C2F7A6967ED
S21403E7C86265652F6170702F6672616D65776F720B
S21403E7D86B2F636F6D6D6F6E2F7A69676265655F02
S21403E7E86170705F6672616D65776F726B5F736C6D
S21403E7F86565702E630053746179206177616B6574
S21403E808207768656E206E6F74206A6F696E65641C
S21403E8183A20257300466F726365642073746179C2
S21403E828206177616B653A20202020202020202055
S21403E83820257300466F7263696E67206465766980
S21403E848636520746F2073746179206177616B65E3
S21403E85800416C6C6F77696E6720646576696365DB
S21403E86820746F20676F20746F20736C6565700063
S21403E8782F686F6D652F72756E6E65722F776F7260
S21403E8886B2F747579612D7A69676265652D737761
S21403E898697463682F747579612D7A69676265652B
S21403E8A82D7377697463682F73696C6162735F7419
S21403E8B86F6F6C732F73696D706C69636974795FB6
S21403E8C873646B2F70726F746F636F6C2F7A6967DC
S21403E8D86265652F6170702F6672616D65776F72FA
S21403E8E86B2F636F6D6D6F6E2F7A69676265655FF1
S21403E8F8737461636B5F736C6565702E630052583F
S21403E9083A205265736574546F466163746F7279FF
S21403E91844656661756C747343616C6C6261636BA2
S21403E92800657A737020636F756E746572732066FC
S21403E93861696C656420257500657A737020526575
S21403E948736574205468726573686F6C64206572A7
S21403E958726F7220257500657A737020536574206C
S21403E9685468726573686F6C64206572726F722080
S21403E9782575002575292025733A202575005365C6
S21403E9887474696E67205468726573686F6C642064
S21403E998636F6D6D616E64003F3F3F004D6163209A
S21403E9A85278204263617374004D61632054782063
S21403E9B84263617374004D61632052782055636126
S21403E9C87374004D61632054782055636173740033
S21403E9D84D616320547820556361737420526574BF
S21403E9E87279004D616320547820556361737420EF
S21403E9F84661696C00415053205278204263617324
S21403EA087400415053205478204263617374004164
S21403EA185053205278205563617374004150532035
S21403EA2854782055636173742053756363657373F1
S21403EA3800415053205478205563617374205265FF
S21403EA487472790041505320547820556361737467
S21403EA58204661696C00526F757465204469736358
S21403EA6820496E69746961746564004E65696768F0
S21403EA78626F72204164646564004E656967686204
S21403EA886F722052656D6F766564004E65696768B8
S21403EA98626F72205374616C65004A6F696E204911
S21403EAA86E6469636174696F6E004368696C642099
S21403EAB84D6F76656400415348204F766572666CE1
S21403EAC86F7700415348204672616D652045727220
S21403EAD86F7200415348204F76657272756E2045F3
S21403EAE872726F72004E574B204643204661696C1C
S21403EAF875726500415053204643204661696C751C
S21403EB0872650041534820584F66660041505320AB
S21403EB18556E617574686F72697A6564204B65799A
S21403EB28004E574B204465637279707420466169BA
S21403EB386C7572657300415053204465637279702F
S21403EB4874204661696C75726573005061636B6502
S21403EB58742042756666657220416C6C6F636174D7
S21403EB6865204661696C757265730052656C6179D8
S21403EB7865642055636173740050687920746F2048
S21403EB884D4143207175657565206C696D69742000
S21403EB9872656163686564005061636B65742056CB
S21403EBA8616C69646174652064726F7020636F7545
S21403EBB86E74004E574B207265747279206F7665B3
S21403EBC872666C6F7700434341204661696C7572C1
S21403EBD865730042726F6164636173742074616263
S21403EBE86C652066756C6C00505441204C6F205041
S21403EBF8726920526571005054412048692050724A
S21403EC08692052657100505441204C6F2050726938
S21403EC182044656E69656400505441204869205055
S21403EC2872692044656E69656400505441204C6FD0
S21403EC3820507269205478204162727400505441FF
S21403EC482048692050726920547820416272740003
S21403EC584164647265737320436F6E666C6963748C
S21403EC682053656E740043534C20527820736368B0
S21403EC786564756C65206661696C6564000D00449F
S21403EC8865627567207072696E742067726F757037
S21403EC982025730A0057726F6E6720706172616D64
S21403ECA8657465720A005363686564756C65206DE0
S21403ECB86F7665206E776B0025732025643A2025CA
S21403ECC864004D6178206D6F7665206C696D697494
S21403ECD82072656163686564206E776B2025643AE5
S21403ECE820256400456E6420446576696365205074
S21403ECF86F6C6C20496E666F726D6174696F6E0017
S21403ED08454D4245525F454E445F44455649434543
S21403ED185F54494D454F55543A2020202020202043
S21403ED28256400506F6C6C20636F6D706C6574653A
S21403ED38642063616C6C6261636B3A202573002000
S21403ED482043757272656E7420506F6C6C20496E22
S21403ED5874657276616C20287173293A2020202501
S21403ED686C640020204C6F6E6720506F6C6C2049D3
S21403ED786E74657276616C20287173293A20202098
S21403ED88202020256C6400202053686F727420505E
S21403ED986F6C6C20496E74657276616C202871738B
S21403EDA8293A2020202020256C6400202057616BF8
S21403EDB8652054696D656F757420287173293A2028
S21403EDC82020202020202020202020256C640020BE
S21403EDD82057616B652054696D656F7574204269A9
S21403EDE8746D61736B3A2020202020202020203069
S21403EDF8782530385800202043757272656E742063
S21403EE08417070205461736B733A202020202020B1
S21403EE182020202020203078253038580020204312
S21403EE28757272656E7420506F6C6C20436F6E74C7
S21403EE38726F6C202020202020202020202573009D
S21403EE48202044656661756C7420506F6C6C204393
S21403EE586F6E74726F6C20202020202020202020C4
S21403EE68257300466F7263696E6720646576696307
S21403EE786520746F2073686F727420706F6C6C00F3
S21403EE88416C6C6F77696E67206465766963652085
S21403EE98746F206C6F6E6720706F6C6C00534C5FDA
S21403EEA85A49474245455F41465F4C4F4E475F5078
S21403EEB84F4C4C00534C5F5A49474245455F4146C1
S21403EEC85F53484F52545F504F4C4C00706F6C6CF6
S21403EED8206E776B2025643A203078253032580028
S21403EEE846696E6420616E642042696E6420496ECA
S21403EEF869746961746F723A20436F6D706C6574D8
S21403EF08653A20307825303258005374617274207D
S21403EF187461726765740046696E6420616E642066
S21403EF2842696E64205461726765740025733A20DB
S21403EF3825733A2030782530325800467261676D5B
S21403EF48656E746174696F6E2052582077696E64B3
S21403EF586F772073697A652073657420746F20252C
S21403EF6864002F686F6D652F72756E6E65722F77E6
S21403EF786F726B2F747579612D7A69676265652D73
S21403EF887377697463682F747579612D7A69676214
S21403EF9865652D7377697463682F73696C6162732B
S21403EFA85F746F6F6C732F73696D706C69636974C4
S21403EFB8795F73646B2F70726F746F636F6C2F7ADD
S21403EFC869676265652F6170702F6672616D657714
S21403EFD86F726B2F706C7567696E2F667261676DDB
S21403EFE8656E746174696F6E2F667261676D656EA0
S21403EFF8746174696F6E2E630052583A20416464D4
S21403F00847726F7570526573706F6E7365203078CC
S21403F018253032582C203078253034580052583A48
S21403F028205669657747726F7570526573706F6E91
S21403F0387365203078253032582C203078253034C4
S21403F048582C20220052583A2047657447726F7529
S21403F058704D656D62657273686970526573706F1B
S21403F0686E7365203078253032582C20307825305A
S21403F07832582C00205B3078253034585D005258BF
S21403F0883A2052656D6F766547726F757052657371
S21403F098706F6E7365203078253032582C203078A0
S21403F0A8253034580065705B253032585D20696416
S21403F0B85B253034585D00436C656172696E672062
S21403F0C8616C6C2067726F7570732E004552523AE6
S21403F0D8204661696C656420746F20637265617489
S21403F0E8652062696E64696E672028307825303239
S21403F0F85829004552523A2042696E64696E672061
S21403F1087461626C652069732066756C6C00455281
S21403F118523A2077726974696E67206E616D65204E
S21403F128737570706F727420253032580052583ACF
S21403F1382041646447726F757020307825303458E0
S21403F1482C20220075760052583A20566965774770
S21403F158726F7570203078253034580075767300D2
S21403F168766965775F67726F75700047726F75703B
S21403F178733A206661696C656420746F2073656EE4
S21403F1886420257320726573706F6E73653A20303A
S21403F1987825303258006765745F67726F75705FDD
S21403F1A86D656D6265727368697020726573706FDA
S21403F1B86E73650064656661756C745F72657370FB
S21403F1C86F6E73650052583A2047657447726F75B9
S21403F1D8704D656D62657273686970203078253086
S21403F1E832582C007575620047726F7570733A2033
S21403F1F86661696C656420746F2073656E64202588
S21403F208733A203078253032580052583A205265DF
S21403F2186D6F766547726F75702030782530345871
S21403F228004552523A204661696C656420746F2023
S21403F23864656C6574652062696E64696E67202808
S21403F248307825303258290072656D6F76655F67AA
S21403F258726F75700052583A2052656D6F76654125
S21403F2686C6C47726F7570730052583A2041646429
S21403F27847726F757049664964656E74696679691D
S21403F2886E67203078253034582C20220061646459
S21403F298004368616E6E656C206E6F742076616CD1
S21403F2A869643A202564005072696D617279002595
S21403F2B873206D61736B206E6F7720307825303836
S21403F2C858005365636F6E64617279004D61736BA2
S21403F2D8206E6F742076616C69643A20256400702A
S21403F2E872696D617279007365636F6E64617279B2
S21403F2F80025733A20536574202573206D61736B5C
S21403F30820746F203078253038580053746174752C
S21403F318730025733A2025733A004368616E6E6559
S21403F3286C206D61736B3A00202020202831292039
S21403F338307825303858205B0020202020283229B2
S21403F34820307825303858205B0053746174653A4A
S21403F35820307825303258202825732900437572C3
S21403F36872656E74206368616E6E656C3A202564F8
S21403F37800546F74616C20626561636F6E733A2024
S21403F3882564004A6F696E20617474656D707473C2
S21403F3983A202564004E6574776F726B2073746128
S21403F3A874653A203078253032580053746F7000ED
S21403F3B825732053746F702E2020436C65616E6925
S21403F3C86E672075702E0042726F61646361737492
S21403F3D8696E67207065726D6974206A6F696E005E
S21403F3E854727573742063656E746572206C696EE7
S21403F3F86B206B657920757064617465207374611E
S21403F4087475730025733A205741524E494E473A4E
S21403F41820736C5F7A69676265655F7365745F6995
S21403F4286E697469616C5F73656375726974795F15
S21403F4387374617465206661696C65642E20436F16
S21403F4486E74696E75696E6720776974686F75740C
S21403F45820696E7374616C6C20636F64652E004557
S21403F46872726F723A20696E7374616C6C20636F84
S21403F4786465207365747570206661696C65642EAF
S21403F48820497320616E20696E7374616C6C206307
S21403F4986F646520666C6173686564206F6E746F4D
S21403F4A820746865206465766963653F00D0D1D2A9
S21403F4B8D3D4D5D6D7D8D9DADBDCDDDEDF00FFFF39
S21403F4C8FFFFFFFFFFFF005A6967426565416C6CE3
S21403F4D869616E636530390025733A2069737375FD
S21403F4E8696E67207363616E206F6E2025732063D1
S21403F4F868616E6E656C7320286D61736B20307857
S21403F508253038582900257320697320616C726585
S21403F51861647920696E2070726F67726573730011
S21403F5285374617274004578616D696E696E6720FD
S21403F538626561636F6E206F6E206368616E6E65C9
S21403F5486C20256420776974682070616E4964208E
S21403F55830782530345800546869732062656163CF
S21403F5686F6E206973206E6F742070617274206FDB
S21403F57866207468652063757272656E74206368A6
S21403F588616E6E656C206D61736B2028307825304C
S21403F5983858292E2047657474696E67206E657817
S21403F5A87420626561636F6E2077686F7365206386
S21403F5B868616E6E656C206269746D61736B206931
S21403F5C873207365742E004572726F723A20257322
S21403F5D820636F756C64206E6F7420617474656D38
S21403F5E87074206A6F696E3A203078253032580076
S21403F5F84E6F20626561636F6E73206C6566742058
S21403F6086F6E2063757272656E74206D61736B2EF0
S21403F618204D6F76696E6720746F206E6578742048
S21403F6287374617465002573206A6F696E696E6703
S21403F63820307825303458206F6E206368616E6EEC
S21403F648656C2025640025732053746174653A201D
S21403F6582573004572726F723A20257320636F759F
S21403F6686C64206E6F74207365747570207365639D
S21403F67875726974793A20307825303258004572A5
S21403F688726F723A205363616E20636F6D706C6598
S21403F69874652068616E646C657220726574757231
S21403F6A86E656420307825303258002573207363DE
S21403F6B8616E20636F6D706C6574652E204265619C
S21403F6C8636F6E732068656172643A20256400254B
S21403F6D87320737461636B2073746174757320305D
S21403F6E87825303258002573206E6574776F726BF1
S21403F6F8206A6F696E65642E0025732074727969B3
S21403F7086E67206E657874206E6574776F726B2EDD
S21403F718004E6F6E65005363616E205072696D61AB
S21403F7287279204368616E6E656C7320616E64201F
S21403F73875736520436F6E66696775726564204BDB
S21403F7486579005363616E205072696D6172792022
S21403F7584368616E6E656C7320616E6420757365AD
S21403F76820496E7374616C6C20436F646500536341
S21403F778616E205072696D617279204368616E6E9E
S21403F788656C7320616E64205573652043656E74DB
S21403F79872616C697A6564204B6579005363616EA0
S21403F7A8205072696D617279204368616E6E656C6C
S21403F7B87320616E64205573652044697374726997
S21403F7C86275746564204B6579005363616E2053D4
S21403F7D865636F6E64617279204368616E6E656CEB
S21403F7E87320616E642075736520436F6E66696760
S21403F7F875726564204B6579005363616E205365A3
S21403F808636F6E64617279204368616E6E656C73AC
S21403F81820616E642075736520496E7374616C6C21
S21403F82820436F6465005363616E205365636F6E90
S21403F83864617279204368616E6E656C7320616ECD
S21403F84864205573652043656E7472616C697A65C6
S21403F85864204B6579005363616E205365636F6E4E
S21403F86864617279204368616E6E656C7320616E9D
S21403F8786420557365204469737472696275746588
S21403F88864204B6579005363616E205072696D611D
S21403F8987279204368616E6E656C7320616E6420AE
S21403F8A855736520416C6C204B6579732028696E07
S21403F8B87374616C6C20636F64652C2063656E7467
S21403F8C872616C697A65642C206469737472696200
S21403F8D87574656429005363616E205365636F6EA0
S21403F8E864617279204368616E6E656C7320616E1D
S21403F8F8642055736520416C6C204B65797320280A
S21403F908696E7374616C6C20636F64652C20636521
S21403F9186E7472616C697A65642C20646973747298
S21403F92869627574656429004F6E2F4F6666207387
S21403F93865742076616C75653A2025303258202523
S21403F948303258004552523A2072656164696E67D0
S21403F958206F6E2F6F66662025303258004F6E2F45
S21403F9686F666620616C72656164792073657420BE
S21403F978746F206E65772076616C756500546F67C3
S21403F988676C65206F6E2F6F66662066726F6D20D4
S21403F9982530325820746F2025303258004552528D
S21403F9A83A2077726974696E67206F6E2F6F666682
S21403F9B8202530325800496E7374616C6C65642078
S21403F9C854797065202842617365293A2020307877
S21403F9D825303258004361706162696C69746965E1
S21403F9E8733A20202020202020202020203078252D
S21403F9F830345800426F6F746C6F616465722056BA
S21403FA08657273696F6E3A2020202020307825307F
S21403FA1834580053656375726520426F6F746C6F54
S21403FA2861646572204B65793A20202020202000E7
S21403FA38426F6F746C6F6164696E67206661696C88
S21403FA4865642100446F776E6C6F61642066616934
S21403FA586C65642E0044656C6574696E6720666120
S21403FA68696C656420646F776E6C6F61642C2073B1
S21403FA7874617475733A2030782530325800496DAE
S21403FA8861676520646F6573206E6F7420636F6E9D
S21403FA987461696E20616E205570677261646520B3
S21403FAA8496D6167652054616720283078253034AE
S21403FAB858292E20536B697070696E6720757067B6
S21403FAC8726164652E00457865637574696E672090
S21403FAD8626F6F746C6F61642063616C6C626163E0
S21403FAE86B2E005374617274696E672045424C200E
S21403FAF8766572696669636174696F6E0045424C20
S21403FB08206661696C6564207665726966696361F7
S21403FB1874696F6E2E0045424C207061737365647A
S21403FB2820766572696669636174696F6E2E00254F
S21403FB3873696E67204F544120636C69656E742041
S21403FB487374617465206D616368696E65007374A8
S21403FB586F7070004572726F723A204E6F20696D2F
S21403FB6861676520617420696E6465782025640082
S21403FB784E6F7420737570706F727465642E0043CD
S21403FB886C69656E7420696D616765207175657249
S21403FB987920696E666F004D616E75662049443A32
S21403FBA8202020202020202020307825303458009C
S21403FBB8496D61676520547970652049443A202069
S21403FBC820203078253034580043757272656E7479
S21403FBD82056657273696F6E3A2020307825303860
S21403FBE85800486172647761726520566572736956
S21403FBF86F6E3A20004E4100517565727920446550
S21403FC086C6179206D733A20202020202020202044
S21403FC18202020256C64005365727665722044693B
S21403FC2873636F766572792044656C6179206D73AA
S21403FC383A20256C6400446F776E6C6F61642044C9
S21403FC48656C6179206D733A2020202020202020BF
S21403FC5820256C640052756E205570677261646562
S21403FC682044656C6179206D733A2020202020207B
S21403FC78256C64005665726966792044656C6179FB
S21403FC88206D733A202020202020202020202025A5
S21403FC986C6400446F776E6C6F6164204572726F94
S21403FCA872205468726573686F6C643A2020256402
S21403FCB800557067726164652057616974205468DB
S21403FCC8726573686F6C643A202020202564004FA1
S21403FCD8544120446F776E6772616465733A2044B3
S21403FCE8697361626C6564004F544120446F776E94
S21403FCF86772616465733A20456E61626C65640079
S21403FD08426F6F746C6F61642073746174653A2014
S21403FD18257300496E76616C696420455020256416
S21403FD28207768656E20747279696E6720746F2011
S21403FD3873656E64204F5441206D65737361676500
S21403FD482E0053656E64696E67205570677261642A
S21403FD586520456E6420726571756573742E00257B
S21403FD68733A20696E76616C696420636D644964CE
S21403FD7820307825303258004572726F723A202048
S21403FD884661696C656420746F2073656E64204FE2
S21403FD98544120636F6D6D616E6420307825303270
S21403FDA8582C207374617475733A20307825303272
S21403FDB8580053657276657220756E6B6E6F776E34
S21403FDC82C2066616C6C696E67206261636B2074B5
S21403FDD86F20646973636F766572792E004D617858
S21403FDE8696D756D207175657279206572726F72AB
S21403FDF8732068697420282564292C20737461721B
S21403FE0874696E672073656172636820666F722013
S21403FE186E6577204F5441207365727665722E0A95
S21403FE28004170706C79696E6720757067726164DB
S21403FE38650025733A20696E76616C6964206F667F
S21403FE48667365742063757272656E7454696D653E
S21403FE582830782530385829203E20757067726117
S21403FE68646554696D652830782530385829004FFD
S21403FE78544120436C75737465723A2077616974CC
S21403FE8820666F72202564207300525865642074B8
S21403FE98696D654F75742030782530385820732C73
S21403FEA8204D41582074696D654F75742030782548
S21403FEB83038582073004D6178696D756D207570FC
S21403FEC86772616465207265717565737473206DF6
S21403FED8616465202825642920776974686F7574BA
S21403FEE820726573706F6E73652066726F6D20730C
S21403FEF865727665722E00557067726164696E67FF
S21403FF0820616E79776179004F5441205365727684
S21403FF1869636520646973636F76657279207072A6
S21403FF286576656E746564202D20616E6F746865EA
S21403FF387220697320616C726561647920696E202A
S21403FF4870726F6772657373004661696C656420C7
S21403FF58746F20696E697469617465207365727657
S21403FF6869636520646973636F766572792E004FDB
S21403FF785441205365727669636520446973636FD9
S21403FF887665727920696E2070726F67726573730F
S21403FF9800436C69656E7420766572696669636189
S21403FFA874696F6E206661696C65642E00536967B1
S21403FFB86E617475726500437573746F6D00706156
S21403FFC873736564004641494C4544004E6F20737D
S21403FFD869676E61747572652076657269666963AA
S21403FFE86174696F6E20737570706F72742C2061FC
S21403FFF87373756D696E6720696D616765206973CC
S214040008206F6B61792E00257320766572696669A0
S214040018636174696F6E2025733A20307825303210
S21404002858004D6178696D756D206E756D626572E0
S214040038206F6620646F776E6C6F616420657272D9
S2140400486F727320726561636820282564292C20E2
S21404005861626F7274696E672E004F544120436C58
S21404006875737465723A2073657474696E6720498B
S2140400784545452061646472657373206F66204F36
S214040088544120636C7573746572005061727469A8
S214040098616C2066696C6520646F776E6C6F61644A
S2140400A820666F756E642C20636F6E74696E75694E
S2140400B86E672066726F6D206F666673657420308F
S2140400C8782530385800466F756E642066756C6CF3
S2140400D87920646F776E6C6F616465642066696CFA
S2140400E86520696E2073746F72616765202876656B
S2140400F87273696F6E20307825303858292E00467A
S2140401086F756E642066696C6520696E2073746FFB
S21404011872616765207769746820646966666572C3
S214040128656E742076657273696F6E20283078253C
S21404013830385829207468616E2063757272656E4B
S214040148742076657273696F6E2028307825303887
S21404015858290046696C6520696E2073746F72614D
S21404016867652069732073616D6520617320637504
S2140401787272656E742072756E6E696E6720766527
S2140401887273696F6E202830782530385829004EE7
S2140401986F20696D61676520666F756E6420696E89
S2140401A82073746F726167652E004F54412053653F
S2140401B8727669636520446973636F76657279201D
S2140401C8756E626C6F636B65640049676E6F7269FF
S2140401D86E67207365727665722066726F6D206C22
S2140401E86F6F706261636B20616464726573730019
S2140401F849676E6F72696E672030782530345820E8
S2140402084F54412073657276657220696E20736553
S21404021861726368206F662054430053657474697A
S2140402286E67204F54412053657276657220746F4A
S214040238203078253034580044656C6179696E67D7
S214040248202564207365636F6E6473206265666F29
S2140402587265207374617274696E67204F54412006
S214040268636C69656E740054696D656F7574207780
S214040278616974696E6720666F72206D6573736151
S21404028867652E00426164204F544120636F6D6D8C
S214040298616E643A20307825303258004F54412035
S2140402A8636F6D6D616E6420307825303258207423
S2140402B86F6F2073686F727420286C656E202564CF
S2140402C8203C206D696E20256429004F5441206324
S2140402D86F6D6D616E642066726F6D20756E7265E3
S2140402E8636F676E697A65642073657276657220D3
S2140402F83078253034582E20204D79204F5441200C
S2140403087365727665723A20307825303458004919
S2140403186D616765204E6F7469667900476F74204F
S214040328756E65787065637465642025732E202061
S214040338537461727420646973636F766572792E78
S2140403480064656661756C74004F54413A206661B2
S214040358696C656420746F2073656E642025732049
S214040368726573706F6E73653A203078253032582C
S21404037800496D616765206E6F7469667900476F1A
S2140403887420756E65787065637465642025732EAD
S214040398202049676E6F7265642E004F54413A20D8
S2140403A844656661756C7420726573706F6E7365E8
S2140403B820666F7220496D616765206E6F74696682
S2140403C8792C20737461747573203078253032580C
S2140403D800496D616765206E6F7469667920636F7E
S2140403E86D6D616E6400257320756E696361737440
S2140403F82C207175657279696E6700496E76616C32
S2140404086964002573202573207061796C6F6164B4
S214040418207479706520307825303258002573208A
S21404042825733A206F7574206F662072616E67654F
S214040438206A697474657220256400257320257300
S2140404483A207061796C6F6164206C656E677468B5
S21404045820646F65736E2774206D617463682074F6
S2140404687970652030782530325820282564203C59
S2140404782025642900257320257320647565207457
S2140404886F206E6F6E2D6D61746368696E67206D7C
S214040498616E7566616374757265722049440025D9
S2140404A8732025732064756520746F206E6F6E2D17
S2140404B86D61746368696E6720696D616765207429
S2140404C87970652049440025732025732064756572
S2140404D820746F206D61746368696E67206669723C
S2140404E86D776172652076657273696F6E00257321
S2140404F82025732C2052782764204A697474657200
S2140405082028307825303258292C205069636B65AA
S21404051864204A6974746572202830782530325805
S21404052829005175657279206E65787420696D6145
S214040538676520726573706F6E7365002573207225
S214040548657475726E6564203078253032582E20AE
S214040558204E6F206E657720696D61676520746F1D
S21404056820646F776E6C6F61642E00257320746F39
S2140405786F2073686F727420282564203C202564D5
S214040588290025733A204E657720696D61676520D2
S214040598697320617661696C61626C6520666F7246
S2140405A820646F776E6C6F61642E00257320697300
S2140405B8206E6F74207573696E67206D7920696D77
S2140405C861676520696E666F2E004552524F523A2F
S2140405D8204E65787420496D6167652069732074B8
S2140405E86F6F2062696720746F2073746F7265205A
S2140405F828307825303858203E203078253038582A
S214040608290025732072657475726E65642073619B
S2140406186D652046696C6556657273696F6E2061F0
S214040628732063757272656E746C7920696E737460
S214040638616C6C65642E004F544120446F776E6776
S21404064872616465732044697361626C65643A20F8
S21404065846696C6556657273696F6E20626568696B
S2140406686E642063757272656E7420696E73746145
S2140406786C6C6174696F6E005374617274696E672A
S21404068820646F776E6C6F61642C2056657273698C
S2140406986F6E20307825303858004572726F723A7B
S2140406A8204661696C656420746F2064656C6574A3
S2140406B86520696D6167652E004572726F723A200F
S2140406C84661696C656420746F2065726173652081
S2140406D86F6C642074656D7020646174612E0049C3
S2140406E86D61676520626C6F636B20726573706FEB
S2140406F86E7365004F54413A20496D616765426CD4
S2140407086F636B5265706F6E736520636F6E74618A
S214040718696E7320696E76616C6964206F722069ED
S2140407286E636F6D706C65746520646174610055E2
S21404073870646174696E67204D696E20426C6F63DD
S2140407486B205265717565737420506572696F64A1
S21404075820746F202564206D7300446F776E6C6F69
S21404076861642064656C61792062792073657276A9
S2140407786572202564206D7300446F776E6C6F6114
S214040788642061626F72746564206279207365728E
S2140407987665722E0053657276657220646F65738B
S2140407A86E277420737570706F7274207061676535
S2140407B820726571756573742C206F6E6C7920755C
S2140407C873696E6720626C6F636B207265717565FA
S2140407D873742E005365727665722072657475722A
S2140407E86E65642027756E737570706F72746564B1
S2140407F820636C757374657220636F6D6D616E64C7
S214040808272E00556E6B6E6F776E202573207374D3
S2140408186174757320636F646520307825303258A8
S2140408280025732068617320646174612073697A93
S21404083865202825642920736D616C6C65722074A4
S21404084868616E2061637475616C207061636B65A2
S214040858742073697A6520282564292E0025732058
S2140408686572726F723A20457870656374656420A1
S2140408786F6666736574203078253038582C206285
S214040888757420676F74203078253038582E2020E9
S21404089849676E6F72696E6700257320696E666FA6
S2140408A820646964206E6F74206D61746368206DBB
S2140408B87920657870656374656420696E666F2E42
S2140408C8202044726F7070696E672E004661696CEA
S2140408D8656420746F20777269746520746F20735A
S2140408E8746F726167652064657669636521004480
S2140408F86F776E6C6F61640055706772616465200B
S214040908656E6420726573706F6E736500536572E6
S2140409187665722061626F7274656420757067729A
S2140409286164652C207374617475733A2030782575
S214040938303258004572726F723A20257320686107
S2140409486420696E76616C69642025733A200066B3
S214040958696C652076657273696F6E0041646469B4
S2140409686E67202564206D732E2064656C6179207B
S214040978666F7220696D6D6564696174652075704B
S21404098867726164652E00436F756E74646F776E64
S21404099820746F20757067726164653A2025642038
S2140409A86D73002053746174653A20202025730003
S2140409B82057616974696E6720666F722072657362
S2140409C8706F6E73653A20257300204E6578742020
S2140409D84576656E742054696D65723A20256420E0
S2140409E86D73002043757272656E7420446F776E5B
S2140409F86C6F6164204F66667365743A2030782598
S214040A08303858202825642525290025733A206679
S214040A1861696C65642070617273696E67204F54EF
S214040A284120636D6420307825303258004F544195
S214040A382044656661756C7420726573706F6E7396
S214040A486520746F20636F6D6D616E642049442061
S214040A583078253032582C207374617475732030BE
S214040A68782530325800496D61676520626C6F637B
S214040A786B20726571756573742074657374206F62
S214040A886E6C7920776F726B73207768656E207347
S214040A987461746520697320424F4F544C4F414427
S214040AA85F53544154455F4E4F4E450052616E6441
S214040AB86F6D2044656C6179206265666F72652087
S214040AC8737461727400446973636F766572696ED1
S214040AD867204F54412053657276657200476574E3
S214040AE8204F544120536572766572204555490057
S214040AF84F627461696E206C696E6B206B65790051
S214040B085175657279696E67204E65787420496DEB
S214040B1861676500446F776E6C6F6164696E672001
S214040B28496D61676500566572696679696E6720FE
S214040B38496D6167650057616974696E6720666FF9
S214040B48722055706772616465206D65737361679A
S214040B586500436F756E74646F776E20746F2055E6
S214040B687067726164650057616974696E6720749A
S214040B786F207570677261646520766961206F7589
S214040B88742D6F662D62616E64206D656368616E90
S214040B9869736D0025733A202564252520636F6DD7
S214040BA8706C65746500496D61676520256400206E
S214040BB8204552524F523A20436F756C64206E6F2C
S214040BC874206765742066756C6C20686561646556
S214040BD87221002020486561646572205665727328
S214040BE8696F6E3A203078253034580020204865DE
S214040BF861646572204C656E6774683A20202564C3
S214040C082062797465730020204669656C64204305
S214040C186F6E74726F6C3A20203078253034580022
S214040C2820204D616E75662049443A2020202020F5
S214040C382020307825303458002020496D616765B7
S214040C4820547970653A20202020203078253034C6
S214040C585800202056657273696F6E3A202020204B
S214040C68202020203078253038580020205A6967FC
S214040C786265652056657273696F6E3A203078250A
S214040C8830345800202048656164657220537472B5
S214040C98696E673A20202573002020496D616765D0
S214040CA82053697A653A2020202020256C64206227
S214040CB879746573002020536563757269747920A6
S214040CC8437265643A202030782530325800202054
S214040CD85570677261646520446573743A202020F1
S214040CE80020204D696E2E204857205665723A20FB
S214040CF82020203078253034580020204D61782E66
S214040D08204857205665723A20202020307825300F
S214040D183458002020546F74616C20546167733A09
S214040D2820256400202020205461673A2030782546
S214040D38303458002020202020204C656E677468C4
S214040D483A20256C64004572726F723A20436F75B8
S214040D586C64206E6F74206F627461696E207461AF
S214040D686720696E666F2066726F6D20696D6167AD
S214040D78652E000A256420696D6167657320696EAF
S214040D88204F54412073746F726167652E00496D55
S214040D986167652064656C65746525732E00457205
S214040DA8726F723A2020436F756C64206E6F7420DD
S214040DB87265616420626C6F636B3A203078253004
S214040DC832582E0A005374617274696E672065720D
S214040DD86173652066726F6D206F6666736574202E
S214040DE830782530385820746F20307825303858B5
S214040DF800436F756C64206E6F742073746172742C
S214040E082045524153452120283078253032582928
S214040E1800454550524F4D20457261736520636FF7
S214040E286D706C657465002F686F6D652F72756ECE
S214040E386E65722F776F726B2F747579612D7A6968
S214040E48676265652D7377697463682F747579614D
S214040E582D7A69676265652D7377697463682F737D
S214040E68696C6162735F746F6F6C732F73696D70EE
S214040E786C69636974795F73646B2F70726F746FCF
S214040E88636F6C2F7A69676265652F6170702F6669
S214040E9872616D65776F726B2F706C7567696E2FEC
S214040EA86F74612D73746F726167652D73696D70E5
S214040EB86C652D656570726F6D2F6F74612D737414
S214040EC86F726167652D656570726F6D2D706167E9
S214040ED8652D65726173652E63002F686F6D652FC7
S214040EE872756E6E65722F776F726B2F7475796173
S214040EF82D7A69676265652D7377697463682F74DC
S214040F087579612D7A69676265652D737769746387
S214040F18682F73696C6162735F746F6F6C732F7379
S214040F28696D706C69636974795F73646B2F70722A
S214040F386F746F636F6C2F7A69676265652F61706B
S214040F48702F6672616D65776F726B2F706C75673C
S214040F58696E2F6F74612D73746F726167652D7374
S214040F68696D706C652D656570726F6D2F6F746131
S214040F782D73746F726167652D656570726F6D2E5B
S214040F8863004F54412053696D706C652053746F29
S214040F987261676520454550524F4D207761726EE1
S214040FA8696E673A20636F756C64206E6F74206789
S214040FB8657420736C6F7420696E666F20666F7232
S214040FC820736C6F7420256420286572726F7220F3
S214040FD8307825303258292E2044656661756C743D
S214040FE8696E6720746F20737065636966696564E3
S214040FF82061646472657373206F666673657473C0
S2140410080053746F72616765204472697665723A34
S214041018202020202020202020202020204F54413B
S2140410282053696D706C652053746F726167652010
S214041038454550524F4D20506C7567696E00526591
S2140410486164204D6F6469667920577269746520F7
S214041058537570706F72743A20206E6F00534F4346
S21404106820426F6F746C6F6164696E672053757085
S214041078706F72743A2020202079657300426F6F6F
S214041088746C6F616465722053746F72616765204F
S214041098537570706F72743A20557365206669725A
S2140410A8737420736C6F7400536C6F7420746F20A1
S2140410B87573653A20202020202020202020202018
S2140410C82020202025640043757272656E742044BF
S2140410D86F776E6C6F6164204F66667365743A202A
S2140410E82020203078253038580045424C20537448
S2140410F8617274204F66667365743A202020202037
S21404110820202020202030782530385800454550A7
S214041118524F4D2053746172743A202020202020A8
S2140411282020202020202020203078253038580001
S214041138454550524F4D20456E643A2020202020C5
S2140411482020202020202020202020203078253011
S214041158385800496D61676520496E666F20537478
S2140411686172743A2020202020202020202020305D
S21404117878253038580053617665205261746520A6
S21404118828627974657329202020202020202020B6
S2140411982020307825303858004F666673657420EA
S2140411A86F6620646F776E6C6F6164206F66667313
S2140411B86574202020307825303858004F666673CA
S2140411C86574206F662045424C206F6666736574A6
S2140411D83A20202020202020307825303858004F08
S2140411E86666736574206F6620696D61676520732B
S2140411F8746172743A2020202020203078253038F4
S2140412085800736C5F7A69676265655F61665F6FCD
S21404121874615F73746F726167655F64726976651B
S214041228725F726561645F63622829206661696C0F
S21404123865642100426164206D61676963206E7588
S2140412486D62657220696E2066696C653A2030782E
S21404125825303258203078253032582030782530DA
S214041268325820307825303258004261642076653A
S2140412787273696F6E20696E2066696C65203078B3
S21404128825303458004572726F723A20726561646C
S214041298416E6456616C696461746553746F7265F3
S2140412A864496D61676528292074726965642074C9
S2140412B86F2072656164206D6F7265206461746165
S2140412C8207468616E20697420636F756C64206886
S2140412D86F6C642E00736C5F7A69676265655F611C
S2140412E8665F6F74615F73746F726167655F64725B
S2140412F8697665725F726561645F63622829204651
S21404130841494C454421004C617374206F666673EA
S214041318657420646F776E6C6F616465643A203018
S21404132878253038580053746F72616765204D6F9E
S21404133864756C653A204F54412053696D706C652A
S2140413482053746F7261676520506C7567696E0008
S214041358496D616765732053746F7265643A20201B
S2140413682564206F6620310A00253032583A006515
S21404137870202530325820636C7573202530345815
S21404138820617474722025303458207376722025B0
S2140413986300206D66672025303258002072657019
S2140413A86F7274206D696E2025303458206D61780C
S2140413B82025303458207270742D636867202530D1
S2140413C838580020726563656976652066726F6DA5
S2140413D8202530345820657020253032582074690A
S2140413E86D656F7574202530345800636C656172BA
S2140413F80072656D6F766500636C656172696E6709
S214041408206C617374207265706F72742074696DD1
S21404141865206F6620616C6C2061747472696275ED
S2140414287465730074657374696E672074696D698E
S2140414386E67206F6620766172696F7573207265B1
S214041448706F7274696E67206F7065726174696F05
S2140414586E73002D2D2D2D2D2D2D2D2D2D2D2D2D51
S2140414682D2D2D2D2D2D2D2D2D2D2D2D2D2D2D2D9B
S2140414782D2D2D2D2D2D2D2D2D2D2D2D2D2D2D2D8B
S2140414882D2D002D2D7461626C6520726561647360
S214041498202D2066756C6C207461626C652D2D0099
S2140414A8726573756C74203D202564206D73002D59
S2140414B82D696E6974202F207363686564756C657E
S2140414C8207469636B2D2D2D002D2D6C6F6164209F
S2140414D8636F6E66696775726174696F6E2064659A
S2140414E86661756C74732D2D002F686F6D652F7289
S2140414F8756E6E65722F776F726B2F747579612DA2
S2140415087A69676265652D7377697463682F74757D
S21404151879612D7A69676265652D7377697463687E
S2140415282F73696C6162735F746F6F6C732F736962
S2140415386D706C69636974795F73646B2F70726F0E
S214041548746F636F6C2F7A69676265652F61707054
S2140415582F6672616D65776F726B2F706C7567692D
S2140415686E2F7265706F7274696E672F7265706F0E
S2140415787274696E672E6300524541445F52505434
S2140415885F43464700726561645F7265706F727484
S214041598696E675F636F6E66696775726174696F93
S2140415A86E005265706F7274696E673A2066616978
S2140415B86C656420746F2073656E642025732072CE
S2140415C86573706F6E73653A20307825303258002C
S2140415D84552523A2072656164696E6720636C7579
S2140415E873746572203078253034582061747472A8
S2140415F86962757465203078253034583A20307816
S21404160825303258004552523A207265706F72740B
S214041618696E67206F66204C4F4E47207374726954
S2140416286E67206174747269627574652074797063
S21404163865206E6F7420737570706F727465643A83
S21404164820636C757374657220307825303458209E
S21404165861747472696275746520307825303458FC
S214041668005265706F7274696E6720456E7472797D
S2140416782046756C6C202D206372656174696E67EC
S214041688206E6577207265706F7274004346475FF4
S21404169852505400202D20646972656374696F6E15
S2140416A83A253032582C20617474723A25303458EE
S2140416B800202020747970653A253032582C206D25
S2140416C8696E3A253034582C206D61783A253034C2
S2140416D858002020206368616E67653A0020202041
S2140416E874696D656F75743A2530345800636F6E87
S2140416F86669677572655F7265706F7274696E671E
S214041708002054434C4B2075706461746520616CEA
S214041718726561647920696E2070726F677265738A
S21404172873004D616E75616C2054434C4B20757084
S21404173864617465206661696C65642E257300535C
S21404174874617274696E6720757064617465207458
S214041758727573742063656E746572206C696E6B3B
S214041768206B65792070726F6365737300557064B7
S214041778617465205443204C696E6B204B65790070
S214041788204E6577206B65792065737461626C6991
S214041798736865643A00204572726F723A00506145
S2140417A872746E65723A20005A434C20676C6F62F6
S2140417B8616C20636C757374657220636F6D6D61FC
S2140417C86E647300646972656374696F6E00646935
S2140417D873632D636F6D2D67656E00646973632D7F
S2140417E8636F6D2D726563006578706563742D721A
S2140417F865706F72742D66726F6D2D6D65007577E2
S21404180872697465006E7772697465007265706FC4
S21404181872742D726561640073656E642D6D652D32
S214041828612D7265706F72740043726561746573B6
S214041838206120676C6F62616C20646973636F76DD
S214041848657220636F6D6D616E6420666F722074B6
S2140418586865206173736F63696174656420766173
S2140418686C7565732E00636C757374657249641FB2
S21404187861747472696275746549641F6D61784E23
S214041888756D626572546F5265706F72741F00438B
S214041898726561746573206120676C6F62616C2081
S2140418A873656E64206D652061207265706F72744E
S2140418B820636F6D6D616E6420666F722074686550
S2140418C8206173736F6369617465642076616C75EF
S2140418D865732E00636C757374657249641F61744E
S2140418E87472696275746549641F646174615479B5
S2140418F870651F6D696E5265706F727454696D6594
S2140419081F6D61785265706F727454696D651F72C5
S21404191865706F727461626C654368616E67651F93
S2140419280043726561746573206120676C6F626139
S2140419386C2072656164207265706F7274696E6774
S21404194820636F6D6D616E6420666F7220746865BF
S214041958206173736F63696174656420636C75735F
S2140419687465722C2061747472696275746520617A
S2140419786E64207365727665722F636C69656E741F
S21404198820646972656374696F6E2E00636C757380
S21404199874657249641F6174747269627574654902
S2140419A8641F646972656374696F6E1F00476C6FA1
S2140419B862616C207265706F7274696E6720636FFB
S2140419C86D6D616E6400656E64706F696E741F6316
S2140419D86C757374657249641F6174747269627590
S2140419E8746549641F6D61736B1F00437265617487
S2140419F86573206120676C6F62616C207265616430
S214041A0820636F6D6D616E64206D657373616765C1
S214041A1820746F20726561642066726F6D20746826
S214041A286520636C757374657220616E64206174D6
S214041A38747269627574652073706563696669652E
S214041A48642E00636C757374657249641F617474DC
S214041A5872696275746549641F00437265617465CA
S214041A6873206120676C6F62616C20777269746595
S214041A7820636F6D6D616E64206D65737361676551
S214041A8820746F20777269746520746F2074686593
S214041A9820636C757374657220616E642061747457
S214041AA872696275746520737065636966696564CE
S214041AB800636C757374657249641F617474726923
S214041AC86275746549641F747970651F646174610E
S214041AD81F004372656174652061206578706563CC
S214041AE8742D7265706F72742D66726F6D2D6D65C8
S214041AF8206D657373616765207769746820617300
S214041B08736F6369617465642076616C7565732E9A
S214041B1800636C757374657249641F6174747269C2
S214041B286275746549641F74696D656F75741F0002
S214041B38437265617465206120446973636F7665D2
S214041B487220436F6D6D616E64732047656E6572AF
S214041B586174656420636F6D6D616E642077697463
S214041B6868206173736F6369617465642076616C59
S214041B787565732E00636C757374657249641F7398
S214041B8874617274436F6D6D616E6449641F6D6130
S214041B9878436F6D6D616E6449641F005365747392
S214041BA82074686520646972656374696F6E20665C
S214041BB86F7220676C6F62616C20636F6D6D616E07
S214041BC864732C2065697468657220636C69656E35
S214041BD87420746F20736572766572206F72207332
S214041BE8657276657220746F20636C69656E742EF0
S214041BF80053657473206120666C616720736F20D8
S214041C087468617420746865206170706C696361B7
S214041C1874696F6E206672616D65776F726B205794
S214041C28494C4C204E4F5420726573706F6E642076
S214041C38746F20746865206E657874205A434C2047
S214041C486D657373616765207468617420636F6D6E
S214041C58657320696E206F766572207468652061E6
S214041C6869722E0053657473206120666C61672060
S214041C78736F207468617420746865206170706C72
S214041C8869636174696F6E206672616D65776F72D9
S214041C986B2057494C4C20726573706F6E642074C1
S214041CA86F20746865206E657874205A434C206DDE
S214041CB8657373616765207468617420636F6D6506
S214041CC87320696E206F7665722074686520616972
S214041CD8722E0053657473207468652044697361B2
S214041CE8626C652044656661756C74205265737011
S214041CF86F6E7365204672616D6520436F6E7472ED
S214041D086F6C2062697420746F2075736520666F23
S214041D187220746865206E65787420636F6D6D61D3
S214041D286E642069662074686520636F6D6D616EE5
S214041D3864206973206E6F7420616C7265616479BF
S214041D48206275696C742E0064697361626C6544FC
S214041D58656661756C74526573706F6E73651F0083
S214041D68536574732074686520666C616720746FA5
S214041D78207573652074686520696E6372656D6581
S214041D886E7465642073657175656E6365206E751B
S214041D986D6265722066726F6D207468652066725F
S214041DA8616D65776F726B20666F72207468652044
S214041DB86E6578742072617720636F6D6D616E64EA
S214041DC82E007573654E65787453657175656E6314
S214041DD8651F00436C6920636F6D6D616E642074C3
S214041DE86F2063616C6C20736C5F7A6967626565E3
S214041DF85F61665F7365745F74696D652066756E8A
S214041E086374696F6E20646F63756D656E7465645C
S214041E1820696E2061662E680075746354696D6562
S214041E281F0053657473207468652074776F206286
S214041E38797465206D616E75666163747572657212
S214041E48207370656369666963206964656E74697E
S214041E586669657220746F2075736520666F7220D4
S214041E68746865206E65787420636F6D6D616E6442
S214041E782069662074686520636F6D6D616E6420E2
S214041E886973206E6F7420616C7265616479206270
S214041E9875696C742E006D66675370656369666948
S214041EA86349641F006E6F742000534C5F5354419B
S214041EB85455535F4E4554574F524B5F5550203038
S214041EC878253034580054727573742043656E74DC
S214041ED865722045554920686173202573636861D7
S214041EE86E6765642E00534C5F5354415455535FD4
S214041EF84E4554574F524B5F444F574E00534C5F12
S214041F085354415455535F4E4F545F4A4F494E45B8
S214041F184400534C5F5354415455535F5A494742FF
S214041F2845455F4E4554574F524B5F4F50454E45B7
S214041F38443A2025642073656300534C5F53544128
S214041F485455535F5A49474245455F4E4554574F83
S214041F58524B5F434C4F5345440025733A20257330
S214041F680064697374726962757465640063656E87
S214041F787472616C697A656400466F726D002573C5
S214041F88696E67206F6E2063682025642C20706154
S214041F986E496420307825303458004572726F7262
S214041FA83A2044657669636520646F6573206E6FAE
S214041FB87420737570706F7274202573206E657440
S214041FC8776F726B20666F726D6174696F6E004A04
S214041FD86F696E00496E76616C6964205365637533
S214041FE8726974792050726F66696C653A20307825
S214041FF82530325800704A6F696E20666F72202545
S21404200864207365633A20307825303258004C696A
S2140420186D6974696E67206475726174696F6E2081
S2140420286F66207065726D6974206A6F696E2066C3
S214042038726F6D20666F7265766572202832353544
S2140420482920746F203235340052583A205A444FA7
S2140420582C20636F6D6D616E64203078253034589B
S2140420682C207374617475733A203078253032588E
S2140420780053696D706C650052583A2025732044E5
S2140420886573632052657370004D61746368002C31
S214042098204D6174636865733A2025640044657648
S2140420A869636520416E6E6F756E63653A20307895
S2140420B8253034580052583A20494545452041644D
S2140420C8647265737320526573706F6E736500521D
S2140420D8583A2041637469766520455020526573E2
S2140420E8706F6E73652C20436F756E743A20256482
S2140420F8004E6F6465002C204D6174636865733AFE
S2140421082030782530345800737461636B20766504
S214042118722E205B25642E25642E256400202573E4
S214042128206275696C642025645D005A444F005328
S2140421384500484100436C757374657200476C6FBC
S21404214862616C0025737478203078253038582CF2
S214042158200050726F66696C653A20257320283013
S2140421687825303458292C20436C75737465723A74
S214042178203078253034582C2025642062797465FC
S214042188732C00205A434C20257320436D64204941
S214042198443A202564005072652D52656C65617357
S2140421A86500416C706861203100416C706861207C
S2140421B83200416C706861203300426574612031D6
S2140421C8004265746120320042657461203300471A
S2140421D84100526573657420696E666F3A203078DC
S2140421E82530325820282573290064656C65746583
S2140421F82062696E64696E673A2025303258202555
S214042208303258000102030405060708090A0B0CB5
S21404221800010101010101010101010101005752F8
S214042228495445204552523A2000257365702025A6
S21404223830325820636C7573202530345820617406
S21404224874722025303458206E6F7420737570703D
S2140422586F72746564002573696E76616C696420B0
S214042268646174612074797065002573617474728E
S214042278206E6F74207772697461626C65005752B9
S2140422884954453A206E6F2077726974652C206A23
S2140422987573742061207465737400524541443A1A
S2140422A8206174747269627574652073697A65202E
S2140422B8746F6F206C6172676520666F7220636145
S2140422C86C6C657200636C6E74007372767200527E
S2140422D85700524F00202052414D20200020746F92
S2140422E86B656E200065787465726E2000454E44F2
S2140422F8504F494E54202530325800636C7573206D
S2140423082F2073696465202F2061747472202F202F
S2140423186D666720202F74797065286C656E292F82
S214042328207277202F2073746F72616765202F20C0
S2140423386461746120287261772900253034582036
S2140423482F202573202F2025303458202F200020B6
S2140423582F202530325820282530325829202F207F
S2140423682573202F202573202F2000556E73757033
S214042378706F72746564004F544120524541443A64
S2140423882065703A25303258206369643A2530341B
S214042398582061747469643A25303458206D736B18
S2140423A83A25303258206D66636F64653A253034B2
S2140423B85800524541443A20636C757320253034DE
S2140423C8582C20617474722025303458206661694C
S2140423D86C6564202530325800524541443A2063DF
S2140423E86C757320253034582C206174747220253B
S2140423F83034582C20646174614C656E3A2025305C
S21404240832582C204F4B002825632925303258256E
S214042418303258253032582530325825303258252F
S2140424283032582530325825303258006469736182
S214042438626C65002573642C2064726F7070696E14
S214042448672065702030782530325820636C7573A1
S2140424582030782530345820636D64203078253051
S21404246832580047656E6572617465640052656328
S214042478656976656400446973636F76657220439C
S2140424886F6D6D616E647320726573706F6E7365BD
S2140424982028636F6D706C6574653A202563292C53
S2140424A8202573204944733A200030782530325862
S2140424B820005F45585400524541445F41545452E5
S2140424C80057524954453A20636C757320253034B6
S2140424D858206174747220253034582000464149C7
S2140424E84C20253032580057524954453A20746FC8
S2140424F86F2073686F727400444953435F415454A1
S2140425085200257325733A20636C7573202530347E
S214042518580053766320446973633A20002573573A
S214042528616974696E672025642073656320666F25
S2140425387220646973636F7665727920746F20639A
S2140425486F6D706C65746500537461746520636F91
S21404255872726573706F6E64696E6720746F207428
S2140425686865207468652072657175657374206E75
S2140425786F7420666F756E640A002573636F6D70DA
S2140425886C6574652E0A00257353657276696365EF
S21404259820446973636F7665727920537461746531
S2140425A8206C696D69747320726561636865640A72
S2140425B8002573496C6C6567616C2062726F616490
S2140425C86361737420616464726573732C20726526
S2140425D86D617070696E6720746F2076616C6964CB
S2140425E8206F6E652E0025734661696C65642074D9
S2140425F86F2073656E64206D617463682064697304
S214042608636F766572793A2030782530325800251B
S214042618735374617274696E6720646973636F7642
S21404262865727920666F7220636C757374657220A0
S2140426383078253034580025734661696C65642003
S214042648746F2073656E642073696D706C6520649E
S214042658657363726970746F7220726571756573D9
S214042668743A203078253032580025734661696CF0
S214042678656420746F2073656E642049454545205B
S2140426886164647265737320726571756573743AF0
S214042698203078253032580025734661696C6564A5
S2140426A820746F2073656E64204E574B20616464F3
S2140426B87265737320726571756573743A20307821
S2140426C825303258004572726F723A20257320629C
S2140426D861642073696D706C6520646573637269E0
S2140426E870746F72206C656E6774682E0025734D5F
S2140426F865737361676520746F6F2073686F72748F
S2140427080025734D65737361676520746F6F207356
S214042718686F727420666F72206E756D2E20656EF3
S21404272864706F696E74730025734D6174636825ED
S2140427387320666F756E642066726F6D2030782518
S2140427483034582E004572726F723A202573206909
S2140427586E76616C6964206C656E677468202825DB
S2140427686420213D2025642920666F722041637405
S21404277869766520456E64706F696E742072657339
S214042788706F6E7365002573676F74206163746970
S214042798766520455020726573706F6E73650055B4
S2140427A854432074696D653A2025642F25642F25C3
S2140427B8642025643A25643A256420282530385848
S2140427C8290028556E6B6E6F776E20636C75732EB2
S2140427D8205B3078253034585D29000D0A5425309E
S2140427E838583A005258206C656E2025642C2065AB
S2140427F87020253032582C20636C75732030782569
S2140428083034582000206D666749642025303458D3
S2140428180020464320253032582073657120253021
S214042828325820636D642025303258207061796CE4
S2140428386F61645B004261736963004F766572205A
S2140428487468652041697220426F6F746C6F6164A6
S214042858696E67002573525820706B7420746F6F06
S2140428682073686F72743A202564203C202564001F
S2140428782573525820706B74206D616C666F726D88
S21404288865643A202564203C20256400202048619D
S214042898766520526F7574657220537570706F7202
S2140428A874002020456E6420446576696365204F6D
S2140428B86E6C79002020456E61626C656400202089
S2140428C844697361626C6564004572726F72207243
S2140428D8657472696576696E6720696E666F2066C8
S2140428E86F72206C6962726172792049442025648B
S2140428F8002573206C696272617279257320707280
S2140429086573656E74005A69676265652050726FF0
S2140429180042696E64696E6700536563757269740C
S2140429287920436F726500536563757269747920FC
S2140429384C696E6B204B6579730043424B452031D6
S21404294836334B310043424B4520445341205369A8
S214042958676E004543430043424B45204453412099
S214042968566572696679005061636B6574205661B2
S2140429786C6964617465005A4C4C0043424B4520AC
S2140429883238334B3100454343203238334B310019
S21404299843424B4520636F7265004E4350004D75A5
S2140429A86C7469206E6574776F726B00456E686127
S2140429B86E63656420426561636F6E2052657100BC
S2140429C843424B45203238334B312044534120563A
S2140429D86572696679004D756C74692D50414E00B0
S2140429E82F686F6D652F72756E6E65722F776F72AE
S2140429F86B2F747579612D7A69676265652D7377AF
S214042A08697463682F747579612D7A696762656578
S214042A182D7377697463682F73696C6162735F7466
S214042A286F6F6C732F73696D706C69636974795F03
S214042A3873646B2F70726F746F636F6C2F7A696729
S214042A486265652F737461636B2F636F6E6669675F
S214042A582F736C5F7A69676265655F636F6E666914
S214042A686775726174696F6E2E63002F686F6D6583
S214042A782F72756E6E65722F776F726B2F747579F9
S214042A88612D7A69676265652D7377697463682F43
S214042A98747579612D7A69676265652D73776974CB
S214042AA863682F73696C6162735F746F6F6C732FDE
S214042AB873696D706C69636974795F73646B2F707E
S214042AC8726F746F636F6C2F7A69676265652F73AC
S214042AD87461636B2F6672616D65776F726B2F61B5
S214042AE865732D6563622E63002F686F6D652F729C
S214042AF8756E6E65722F776F726B2F747579612D8C
S214042B087A69676265652D7377697463682F747567
S214042B1879612D7A69676265652D73776974636868
S214042B282F73696C6162735F746F6F6C732F73694C
S214042B386D706C69636974795F73646B2F70726FF8
S214042B48746F636F6C2F7A69676265652F73746137
S214042B58636B2F73656375726974792F7A69676214
S214042B6865652D73656375726974792D6D616E611B
S214042B786765722D6E6F2D7661756C742E630045CD
S214042B8872726F723A20204661696C656420746FAD
S214042B9820726561642066726F6D20454550524FF9
S214042BA84D2061742030782534582C207374617451
S214042BB875733A20256400454550524F4D20496E9A
S214042BC8697469616C697A65643A202563004545C9
S214042BD850524F4D20427573793A20256300506150
S214042BE8727469616C20576F72642053746F7261D3
S214042BF8676520436F756E743A20256400416464E3
S214042C08726573733A2030782534582C20506172D4
S214042C187469616C20576F72643A203078255800BE
S214042C28636F6E6669726D656400617373756D654E
S214042C3864000A454550524F4D20496E666F004E53
S214042C486F7420617661696C61626C6520286F6CAC
S214042C5864657220626F6F746C6F616465722900B4
S214042C6850617274204465736372697074696F6E18
S214042C783A2020202020202020202025730043618D
S214042C88706162696C69746965733A202020202033
S214042C98202020202020202020307825325800505C
S214042CA86167652045726173652074696D652028BF
S214042CB873293A202020202020256400506172744D
S214042CC82045726173652074696D65202873293AF6
S214042CD8202020202020256400506172742045722C
S214042CE86173652074696D6520286D73293A202000
S214042CF820202020256400506167652073697A6562
S214042D0820286279746573293A2020202020202000
S214042D182020256C00506172742073697A65202817
S214042D286279746573293A202020202020202020E8
S214042D38256C00576F72642073697A652028627957
S214042D48746573293A20202020202020202025641A
S214042D58202825702900454550524F4D20696E6934
S214042D68743A2030782558002F686F6D652F727571
S214042D786E6E65722F776F726B2F747579612D7A04
S214042D8869676265652D7377697463682F747579E6
S214042D98612D7A69676265652D7377697463682F30
S214042DA873696C6162735F746F6F6C732F73696D8C
S214042DB8706C69636974795F73646B2F7574696C76
S214042DC82F706C7567696E2F706C7567696E2D63E6
S214042DD86F6D6D6F6E2F656570726F6D2F6565709C
S214042DE8726F6D2E6300556E61626C6520746F2079
S214042DF8626F6F7420696D61676520617420736CF7
S214042E086F7420256C640A00536C6F74204D616ED1
S214042E1861676572206661696C656420746F2065F5
S214042E287261736520736C6F740A004D6178207242
S214042E38656164206C696D69742073657420746FA9
S214042E482025642062797465730A00416464726597
S214042E5873732020202020202020202044617461C1
S214042E680A00307825346C78202020202020203052
S214042E787825780A004661696C656420746F207248
S214042E886561642066726F6D20666C6173680A00FB
S214042E98536C6F7420256C640A2020416464726540
S214042EA8737320202020203A20307825346C580A62
S214042EB820204C656E6774682020202020203A2045
S214042EC8307825346C582028256C6420627974651B
S214042ED873290A0020205479706520202020202099
S214042EE820203A20004E6F2047424C2070726573AB
S214042EF8656E740A005A69674265650A0054687202
S214042F086561640A00436F6E6E6563740A00426CFA
S214042F187565746F6F74680A00426C7565746F6FB4
S214042F287468206170706C69636174696F6E0A00F6
S214042F384D43550A004F7468657220283078256C0E
S214042F4858290A00202056657273696F6E2020205F
S214042F5820203A203078256C580A002020436170D7
S214042F686162696C69746965733A20307825346CD3
S214042F78580A00202050726F6475637420494420F0
S214042F88203A2000307825582000536C6F74204D62
S214042F98616E616765723A206661696C656420745F
S214042FA86F20696E697469616C697A6520626F6FEF
S214042FB8746C6F6164657220286572726F72203053
S214042FC878253478290A0056657273696F6E20204E
S214042FD82020203A2025640A00506172742020209C
S214042FE820202020203A2025730A0043617061625D
S214042FF8696C69746965733A20307825780A0050D4
S2140430086172742073697A652020203A202564202A
S214043018420A00506167652073697A652020203A61
S21404302820256420420A00576F72642073697A6503
S2140430382020203A20256420420A00536C6F7473BB
S214043048202020202020203A2025640A0046616992
S2140430586C656420746F20726561642066726F6D97
S2140430682073746F7261676520666C6173682028C4
S2140430786572726F72202564290A00496E76616C3F
S214043088696420736C6F7420256420286D61782029
S214043098736C6F74202564290A004661696C65643C
S2140430A820746F2067657420696E666F20666F7279
S2140430B820736C6F742025640A00536C6F74204D5B
S2140430C8616E616765723A20736C6F7420777269F3
S2140430D87465206661696C7572652E204164647235
S2140430E8657373206F6666736574202825642920C3
S2140430F82B207772697465206C656E67746820285F
S2140431082564292067726561746572207468616E27
S21404311820746F74616C20736C6F74206C656E67B2
S214043128746820282564290A00536C6F74204D613E
S2140431386E61676572207761726E696E673A20738E
S2140431486C6F74202564206C656E67746820282567
S2140431586429206E6F7420616C69676E65642074D8
S2140431686F20706167652073697A6520282564294D
S2140431782E2054686520656E7469726520736C6FBA
S214043188742077696C6C206E6F7420626520657293
S214043198617365642E0A00536C6F74204D616E610A
S2140431A86765723A206661696C656420746F206589
S2140431B87261736520256420627974657320696E6C
S2140431C820736C6F742025642061742061646472B3
S2140431D865737320307825347820286572726F7288
S2140431E82030782578290A0045726173656420259D
S2140431F86420627974657320696E20736C6F74201A
S21404320825640A004661696C656420746F207365DA
S2140432187420736C6F7420746F20626F6F74202828
S2140432286572726F72203078253478290A004661F0
S214043238696C656420746F20736574206C69737494
S214043248206F6620736C6F747320746F20626F6FC0
S2140432587420286572726F72203078253478290AAB
S214043268004661696C656420746F20676574206E17
S2140432786577206C697374206F6620736C6F74733B
S21404328820746F20626F6F7420286572726F7220C4
S2140432983078253478290A00426567696E6E696E47
S2140432A86720696D6167652076657269666963611A
S2140432B874696F6E2E2E2E002E6661696C65642105
S2140432C820284572726F72203078253478290A00CF
S2140432D82E7061737365642120426F6F74696E671C
S2140432E820736C6F742025640A00666E692B00666A
S2140432F86E69006E616E00666E692D006C69627395
S214043308006273656E640072657365740072617733
S2140433180073656E645F6D756C74696361737400BD
S21404332873656E642D7573696E672D6D756C746937
S214043338636173742D62696E64696E670074696D7F
S2140433486573796E63006765742D7074692D726190
S21404335864696F2D636F6E66696700636F6E66696E
S214043368672D6363612D6D6F6465006576656E749D
S21404337873007365637572697479007A6967626540
S214043388655F7072696E7400706C7567696E006E3E
S2140433986574006B657973006F7074696F6E00707E
S2140433A86C7567006368616E67656B65790063684A
S2140433B8616E67656B007A646F007072696E74205C
S2140433C872656C6174656420636F6D6D616E647399
S2140433D82E0061747472005A646F2072656C61748E
S2140433E8656420636F6D6D616E64732E00726F750D
S2140433F8746500706F776572006D676D742D6C71F7
S21404340869006D676D742D62696E64006E6F64651D
S2140434180073696D706C65006965656500756E6234
S214043428696E64006E776B2D757064006F75742D05
S214043438636C2D6C69737400696E2D636C2D6C69EE
S2140434487374005A646F20696E2D636C2D6C6973EF
S214043458742072656C6174656420636F6D6D616E4B
S21404346864732E005A646F206F75742D636C2D6C0C
S2140434786973742072656C6174656420636F6D6D1E
S214043488616E64732E005A646F206E776B2D7570A8
S214043498642072656C6174656420636F6D6D616E1B
S2140434A864732E007363616E2D6368616E2D6D619F
S2140434B8736B007363616E006368616E50670063C4
S2140434C868616E005A646F20756E62696E64207255
S2140434D8656C6174656420636F6D6D616E64732ECC
S2140434E800756E6963617374006368616E67656B03
S2140434F865792072656C6174656420636F6D6D61AF
S2140435086E64732E006C696E6B004F7074696F6E10
S2140435182072656C6174656420636F6D6D616E649A
S214043528732E0072656769737465720064697363E1
S21404353800696E7374616C6C2D636F6465006269F0
S2140435486E64696E672D7461626C65007072696E6C
S214043558742D72782D6D7367730061707372657459
S21404356872790041505320726574727920666C61D2
S2140435786720666F72636520636F6D6D616E647332
S21404358800456E61626C65732F44697361626C658D
S21404359873207072696E74696E67206F662052783D
S2140435A8206D657373616765732E00656E61626C62
S2140435B8650042696E64696E67207461626C652092
S2140435C872656C6174656420636F6D6D616E647397
S2140435D82E005365637572697479206B6579732058
S2140435E872656C6174656420636F6D6D616E647377
S2140435F82E0064656C657465004E6574776F726B2F
S2140436082072656C6174656420636F6D6D616E64A9
S214043618732E00666F726D0072656A6F696E2D642C
S2140436286966662D6465766963652D7479706500C8
S21404363865787470616E69640069736F70656E008E
S21404364862726F61642D706A6F696E006368616E7A
S21404365867652D6368616E6E656C00696E697400D3
S2140436686368616E67652D6B6565702D616C697638
S214043678652D6D6F64650074696D656F75742D6F5F
S2140436887074696F6E2D6D61736B006D756C7469FB
S2140436982D7068792D7374617274006D756C746915
S2140436A82D7068792D73746F700066696E64006E89
S2140436B86574776F726B2066696E6420636F6D6DD0
S2140436C8616E64732E006A6F696E61626C6500755C
S2140436D86E7573656400736C6F742D6D616E6167C7
S2140436E8657200636F756E7465727300656E642D1B
S2140436F86465766963652D737570706F7274006699
S214043708696E642D616E642D62696E64006672610A
S214043718676D656E746174696F6E0067726F757035
S214043728732D736572766572006E6574776F726B47
S2140437382D7374656572696E67006F74612D626FA8
S2140437486F746C6F6164006F74612D636C69656E69
S21404375874006F74612D73746F726167652D636F7F
S2140437686D6D6F6E006F74612D73746F726167652B
S2140437782D656570726F6D0069646C652D736C6574
S2140437886570007570646174652D74632D6C696E5C
S2140437986B2D6B6579007570646174652D74632D83
S2140437A86C696E6B2D6B65792072656C61746564E3
S2140437B820636F6D6D616E64730074696D65720065
S2140437C86E6F7700436F6D6D616E647320746F203F
S2140437D8636F6E74726F6C2069646C696E672F739E
S2140437E86C656570696E67206F662074686520640A
S2140437F8657669636500666F7263652D6177616BCC
S21404380865006177616B652D7768656E2D6E6F74DC
S2140438182D6A6F696E6564007265706F7274696E7E
S214043828672072656C6174656420636F6D6D616E84
S21404383864732E00636C6561722D6C6173742D72EB
S21404384865706F72742D74696D6500746573742D74
S21404385874696D696E67006F74612D73746F726135
S21404386867652D656570726F6D2072656C61746529
S2140438786420636F6D6D616E64732E00776970657E
S214043888006F74612D73746F726167652D636F6D55
S2140438986D6F6E2072656C6174656420636F6D6D00
S2140438A8616E6473007072696E74496D61676573DE
S2140438B80072656C6F61640073746F726167652D5E
S2140438C8696E666F00646174612D7072696E740047
S2140438D86F74612D636C69656E742072656C6174AF
S2140438E8656420636F6D6D616E64732E0076657211
S2140438F869667900626C6F636B2D74657374007007
S2140439086167652D72657175657374007570677285
S2140439186164652D72657175657374006469736195
S214043928626C652D646F776E677261646573006593
S2140439386E61626C652D646F776E67726164657319
S214043948006F74612D626F6F746C6F6164207265AA
S2140439586C6174656420636F6D6D616E6473006E6C
S2140439686574776F726B2D7374656572696E6720FC
S21404397872656C6174656420636F6D6D616E6473E3
S2140439882E007072652D636F6E666967757265645E
S2140439982D6B65792D736574006D61736B20726584
S2140439A86C6174656420636F6D6D616E642E00735C
S2140439B8756274726163740067726F7570732D73C1
S2140439C865727665722072656C6174656420636FCF
S2140439D86D6D616E64732E00667261676D656E74D4
S2140439E86174696F6E2072656C6174656420636FB8
S2140439F86D6D616E64732E007365742D72782D7701
S214043A08696E646F772D73697A6500617274696686
S214043A18696369616C2D626C6F636B2D64726F7079
S214043A280046696E6420616E642062696E64207262
S214043A38656C6174656420636F6D6D616E64732E66
S214043A4800696E69746961746F7200656E642D64CA
S214043A5865766963652D737570706F727420726508
S214043A686C6174656420636F6D6D616E64732E009B
S214043A78706F6C6C2D636F6D706C657465642D6304
S214043A88616C6C6261636B00666F7263652D736844
S214043A986F72742D706F6C6C00656E61626C655F16
S214043AA87479706500737461636B00617070007A72
S214043AB8636C006C65676163795F61665F64656201
S214043AC8756700636F756E746572732072656C61D2
S214043AD874656420636F6D6D616E64732E00707216
S214043AE8696E742D636F756E7465722D747970655E
S214043AF80073696D706C652D7072696E74007072EF
S214043B08696E742D7468726573686F6C6473007379
S214043B1865742D7468726573686F6C640072657377
S214043B2865742D7468726573686F6C647300736566
S214043B386E642D726571756573740073656375724A
S214043B486974792072656C6174656420636F6D6D41
S214043B58616E6473007365742D616C6C6F772D7475
S214043B68727573742D63656E7465722D72656A6FEB
S214043B78696E2D7573696E672D77656C6C2D6B6E23
S214043B886F776E2D6B6579007365742D616C6C6F39
S214043B98772D74727573742D63656E7465722D72E1
S214043BA8656A6F696E2D7573696E672D77656C6CBB
S214043BB82D6B6E6F776E2D6B65792D74696D656FD9
S214043BC87574007365742D6B65792D7265717565EA
S214043BD873742D706F6C696379006D66672D746FE6
S214043BE86B656E00617073005365637572697479EA
S214043BF8206170732072656C6174656420636F6DF0
S214043C086D616E64732E004765742F736574204D5A
S214043C18464720746F6B656E2E00656E64706F6918
S214043C286E742072656C6174656420636F6D6D6173
S214043C386E64732E00656570726F6D207574696C9A
S214043C486974792072656C6174656420636F6D6D40
S214043C58616E647300536C6F74204D616E616765A2
S214043C68722072656C6174656420636F6D6D616E35
S214043C78647300626F6F742D736C6F740065726181
S214043C8873652D736C6F74006578742D666C617338
S214043C98682D696E666F00736C6F74732D696E6633
S214043CA86F005072696E74732074696D652E0050C7
S214043CB872696E7473206174747269627574652EA1
S214043CC800436C6561727320746865205A444F20FB
S214043CD86C697374206F6620636C69656E7420283B
S214043CE8696E2920636C7573746572732E0041645B
S214043CF8647320636C75737465727320746F2074B0
S214043D086865206B6E6F776E20636C69656E7420C9
S214043D1828696E2920636C757374657273206F6ED8
S214043D282074686973206465766963652E00436C3D
S214043D386561727320746865205A444F206C6973F1
S214043D4874206F6620636C69656E7420286F7574BA
S214043D582920636C7573746572732E0041646473EA
S214043D6820636C75737465727320746F2074686549
S214043D78206B6E6F776E20636C69656E7420286F8F
S214043D8875742920636C757374657273206F6E205E
S214043D9874686973206465766963652E0053656E76
S214043DA8647320616E20757064617465206368614D
S214043DB86E6E656C20726571756573742E00636823
S214043DC8616E6E656C1F0053656E647320616E20A9
S214043DD8757064617465206368616E6E656C2070C6
S214043DE8616765207265712E205468652073746156
S214043DF8636B2073656E6473206E776B20656E68DC
S214043E08616E63656420757064617465207265719B
S214043E1820666F72206E6F6E2D7A65726F207061E1
S214043E2867652E006368616E6E656C1F70616765F2
S214043E381F00506572666F726D7320616E20656E22
S214043E4865726779207363616E2E007461726765A4
S214043E58744E6F646549641F7363616E447572615A
S214043E6874696F6E1F7363616E436F756E741F009B
S214043E7842726F6164636173747320746865204961
S214043E8844206F6620746865206E6577206E6574B6
S214043E98776F726B206D616E6167657220616E6400
S214043EA820616374697665206368616E6E656C73F9
S214043EB82E006E776B4D676549641F6368616E6E86
S214043EC8656C4D61736B1F00506572666F726D7317
S214043ED820616E20656E65726779207363616E2053
S214043EE86F6E20676976656E206368616E6E656CB2
S214043EF8206D61736B2E007461726765744E6F640F
S214043F086549641F7363616E4475726174696F6E84
S214043F181F7363616E436F756E741F6368616E6E9C
S214043F28656C4D61736B1F0053656E647320612066
S214043F386E6574776F726B20616464726573732040
S214043F487265717565737420666F7220746865206F
S214043F58676976656E2049454545206164647265DF
S214043F6873732E00696565651F0052657175657300
S214043F78747320616E204945454520616464726502
S214043F887373206261736564206F6E2061206769AD
S214043F9876656E206E6F64652049442E006E6F64E5
S214043FA86549641F0053656E647320612073696DE8
S214043FB8706C652064657363726970746F722072BE
S214043FC865717565737420666F72207468652073EE
S214043FD8686F7274206164647265737320616E64BA
S214043FE820656E64706F696E7420737065636966A5
S214043FF86965642E00646573741F746172676574FA
S214044008456E64706F696E741F0053656E64732022
S21404401861206D6174636844657363726970746F54
S21404402872735265717565737420746F207468654D
S21404403820676976656E2064657374696E61746951
S2140440486F6E20776974682074686520676976657A
S2140440586E2070726F66696C652E006E6F646549B3
S214044068641F70726F66696C651F0053656E6473AF
S2140440782061206E6F64652064657363726970746A
S2140440886F72207265717565737420746F20612071
S214044098676976656E2074617267657420646576F0
S2140440A86963652E007461726765741F0053656ED4
S2140440B864732061205A444F2042696E6420636FFB
S2140440C86D6D616E6420746F206120646576696323
S2140440D8652073706563696669656420696E207413
S2140440E8686520636F6D6D616E6420617267756DB7
S2140440F8656E74732E0044657374696E6174696FB3
S2140441086E1F536F7572636520656E64706F696E93
S214044118741F44657374696E6174696F6E20656E86
S21404412864706F696E741F636C7573746572494442
S2140441381F72656D6F746545554936341F6465731B
S2140441487445554936341F0053656E647320616E92
S2140441582061637469766520656E64706F696E7431
S214044168207265717565737420746F207468652091
S2140441786465766963652077697468207468652061
S214044188676976656E2073686F72742049442E00DA
S21404419853656E647320616E20756E62696E642062
S2140441A87265717565737420666F72206120756E0A
S2140441B869636173742062696E64696E6720746FDC
S2140441C8207468652074617267657420646576690E
S2140441D863652E007461726765741F736F75726306
S2140441E8652065756936341F736F75726365206557
S2140441F86E64706F696E741F636C75737465724948
S214044208441F64657374696E6174696F6E455549B5
S21404421836341F64657374696E6174696F6E2065DD
S2140442286E64706F696E741F0053656E64732061E4
S2140442386E20756E62696E64207265717565737436
S21404424820666F722061206D756C7469636173747F
S2140442582062696E64696E6720746F2074686520CE
S214044268746172676574206465766963652E007484
S21404427861726765741F736F757263652065756907
S21404428836341F736F7572636520656E64706F6964
S2140442986E741F636C757374657249441F67726F16
S2140442A87570416464726573731F0053656E647336
S2140442B82061205A444F204D616E6167656D656EB6
S2140442C874204C6561766520636F6D6D616E64203D
S2140442D8746F2074686520746172676574206465F9
S2140442E8766963652E007461726765741F72656DFE
S2140442F86F76654368696C6472656E1F72656A6F6B
S214044308696E1F0053656E64732061205A444F20FB
S2140443184D474D542D42696E64202842696E64697F
S2140443286E67205461626C652920526571756573E1
S2140443387420746F207468652074617267657420CD
S2140443486465766963652E007461726765741F73A5
S21404435874617274496E6465781F0053656E64737D
S2140443682061205A444F204D474D542D4C51492026
S214044378284C5149205461626C6529205265717530
S21404438865737420746F2074686520746172676539
S21404439874206465766963652E0053656E647320BD
S2140443A861205A444F20506F7765722044657363C2
S2140443B8726970746F7220526571756573742074AF
S2140443C86F20746865207461726765742064657606
S2140443D86963652E0053656E64732061205A444FE2
S2140443E820726F75746520726571756573742063C1
S2140443F86F6D6D616E6420746F20746865207461D7
S214044408726765742E007461726765741F696E64DA
S21404441865781F00696E6465781F65756936341F8C
S214044428696E7374616C6C436F64651F00696E64AF
S21404443865781F65756936341F6B65791F005443A4
S214044448206C696E6B206B6579207265717565736F
S2140444587420706F6C6963791F417070206C696E84
S2140444686B206B6579207265717565737420706F3F
S2140444786C6963791F00426F6F6C3A20616C6C6FCD
S214044488772074727573742063656E74657220720F
S214044498656A6F696E207573696E672077656C6CDC
S2140444A82D6B6E6F776E206B65791F0070726F6662
S2140444B8696C6549641F636C757374657249641F17
S2140444C80074617267657449641F00456E61626CA6
S2140444D86573207072696E74696E67206F66205201
S2140444E878206D657373616765732E0053657473FE
S2140444F8207468652062696E64696E6720746162F8
S2140445086C6500696E6465781F636C757374657290
S2140445181F6C6F63616C45701F72656D6F746545BB
S214044528701F65756936341F00436C6561727320A5
S2140445387468652062696E64696E67207461626C6B
S214044548652E005072696E747320746865206269FB
S2140445586E64696E67207461626C6520746F20747B
S214044568686520636F6D6D616E64206C696E652E78
S21404457800436C6561727320616C6C2073656375A7
S21404458872697479206B6579732E0044656C65745A
S2140445986520746865207370656369666965642058
S2140445A86C696E6B206B657920696E6465782E007D
S2140445B85072696E747320616C6C207365637572CF
S2140445C8697479206B6579732E005465726D696E0B
S2140445D86174657320746865206D756C74692D50F4
S2140445E8485920696E74657266616365005573651B
S2140445F86420746F207374617274206D756C7469AA
S2140446082D50485920696E74657266616365206F1B
S21404461874686572207468616E206E617469766564
S21404462820616E6420666F726D20746865206E65FE
S21404463874776F726B2E2054686520737461636B8D
S21404464820757365732073616D652050616E4964C7
S214044658206173206E617469766520726164696F7F
S214044668206E6574776F726B2E00706167651F63C2
S21404467868616E6E656C1F706F7765721F6F7074F5
S214044688696F6E734D61736B2028426974203020FD
S2140446983D20526F757465727320616C6C6F776514
S2140446A8642C204269742031203D2042726F616474
S2140446B86361737420616C6C6F776564291F0041AD
S2140446C87474656D70747320746F206368616E67A4
S2140446D86520746865206368696C642074696D6510
S2140446E86F7574206F7074696F6E206D61736B20BC
S2140446F8746F2066696C746572206F757420756EA5
S214044708646573697261626C652076616C7565733D
S2140447182028652E672E206E6F206D6F72652074B4
S21404472868616E20332064617973292E0074696D7C
S214044738656F7574206F7074696F6E206D61736B26
S2140447481F005377697463686573206265747765B8
S214044758656E20646966666572656E74206B656549
S2140447687020616C697665206D6F64657320737557
S21404477870706F72746564206279206120726F7538
S2140447887465722E004B65657020616C69766520C9
S2140447986D6F64651F005072696E74732074686563
S2140447A82063757272656E74204E6F646520494482
S2140447B82C2045554936342C20616E642050616E91
S2140447C82049442E00496E697469616C697A657378
S2140447D82061206E6574776F726B3B20746869730A
S2140447E82069732061207465737420636F6D6D612E
S2140447F86E64207573656420666F722074632D7307
S2140448087761702D6F75742074657374696E672E7E
S214044818005365747320746865206E6574776F72C8
S2140448286B20696E646578207573656420627920E8
S214044838616C6C2066757475726520434C492063F8
S2140448486F6D6D616E64732E20204265666F7265A7
S21404485820657865637574696E67206120434C49E2
S21404486820636F6D6D616E642C20746865206672B3
S214044878616D65776F726B207377697463686573A7
S21404488820746F2074686973206E6574776F726B12
S2140448982E202041667465722074686520636F6DE7
S2140448A86D616E642066696E6973686573206578E1
S2140448B865637574696E672C207468652066726112
S2140448C86D65776F726B2073776974636865732098
S2140448D86261636B20746F207468652070726576F5
S2140448E8696F7573206E6574776F726B2E2020540B
S2140448F8686520434C492075736573207468652081
S21404490873616D65206E6574776F726B20696E646B
S214044918657820756E74696C20746865206465769D
S21404492869636520726573657473206F7220697491
S214044938206973206368616E676564207468726FA3
S214044948756768207468697320636F6D6D616E643B
S2140449582E00417474656D70747320746F206368D8
S214044968616E676520646576696365206F7665722F
S21404497820746F206120646966666572656E7420AB
S2140449886368616E6E656C20676976656E20696E0D
S21404499820746865206368616E6E656C2061726752
S2140449A8756D656E742E00546865206368616E6E56
S2140449B8656C20746F206368616E676520746F1F6A
S2140449C80066696E64556E7573656450616E4964F5
S2140449D80066696E644A6F696E61626C654E6574DA
S2140449E8776F726B005065726D697473206A6F69AD
S2140449F86E696E67206F6E20746865206E657477BE
S214044A086F726B20666F72206120676976656E2008
S214044A186E756D626572206F66207365636F6E646B
S214044A287320414E442062726F61646361737473C9
S214044A382061205A444F204D676D74205065726D6E
S214044A486974204A6F696E696E6720726571756548
S214044A58737420746F20616C6C20726F7574657241
S214044A68732E00412073696E676C652062797465DD
S214044A7820696E6469636174696E6720686F77205D
S214044A886C6F6E6720746865206465766963652054
S214044A9873686F756C642068617665207065726DDE
S214044AA86974206A6F696E696E67207475726E65BC
S214044AB864206F6E20666F722E20412076616C75B6
S214044AC865206F662030786666207475726E73206B
S214044AD86F6E207065726D6974206A6F696E2069DE
S214044AE86E646566696E6974656C792E1F00436822
S214044AF865636B73206E6574776F726B20706A6F6C
S214044B08696E207374617475732E005772697465C0
S214044B18732074686520657874656E6465642070AF
S214044B28616E20494420666F722074686520646547
S214044B38766963652E0065787470616E69641F0013
S214044B4852656A6F696E7320616E2065786973743E
S214044B58696E67206E6574776F726B20696E206164
S214044B6820736563757265206F7220696E7365635A
S214044B78757265206D616E6E65722077697468203B
S214044B886120646966666572656E74206465766914
S214044B98636520747970652E00426F6F6C65616E6C
S214044BA8206E6574776F726B206B65792061766109
S214044BB8696C6162696C6974791F4368616E6E65B5
S214044BC86C206D61736B1F416E20656E756D657222
S214044BD86174696F6E20696E6469636174696E676F
S214044BE820746865206465766963652074797065E1
S214044BF820746F2072656A6F696E2061732E54681C
S214044C086520737461636B206F6E6C7920616363CF
S214044C186570747320534C5F5A49474245455F454F
S214044C284E445F44455649434520616E6420534CC0
S214044C385F5A49474245455F534C454550595F4579
S214044C484E445F4445564943452E1F0052654A6FF5
S214044C58696E732061206E6574776F726B2E0042DE
S214044C686F6F6C65616E206E6574776F726B206B00
S214044C78657920617661696C6162696C6974791F0B
S214044C884368616E6E656C206D61736B1F004C65BE
S214044C98617665732061206E6574776F726B2E007B
S214044CA85475726E73207065726D6974206A6F69C4
S214044CB86E696E67206F6E20666F72207468652052
S214044CC8616D6F756E74206F662074696D652069F2
S214044CD86E646963617465642E00412073696E6747
S214044CE86C65206279746520696E646963617469A9
S214044CF86E6720686F77206C6F6E6720746865200F
S214044D086465766963652073686F756C642068618A
S214044D187665207065726D6974206A6F696E696E4F
S214044D2867207475726E206F6E20666F722E20412F
S214044D382076616C7565206F662030786666207408
S214044D4875726E73207065726D6974206A6F696E09
S214044D5820696E646566696E6974656C792E1F00D1
S214044D684A6F696E732061206E6574776F726B2064
S214044D786F6E206120676976656E206368616E6E63
S214044D88656C2C2077697468206120676976656E7F
S214044D9820545820506F77657220616E6420504105
S214044DA84E2049442E00546865206368616E6E651B
S214044DB86C206F6E20776869636820746F206A6F4A
S214044DC8696E20746865206E6574776F726B1F4F02
S214044DD86E652D62797465207369676E65642076DE
S214044DE8616C756520696E6469636174696E6720B1
S214044DF874686520545820506F776572207468610B
S214044E08742074686520726164696F2073686F75AE
S214044E186C642062652073657420746F1F5468651B
S214044E282050414E204944206F6E20776869636895
S214044E3820746F206A6F696E20746865206E6574C6
S214044E48776F726B1F00466F726D732061206E65F4
S214044E5874776F726B206F6E206120676976656E53
S214044E68206368616E6E656C2C20776974682061AF
S214044E7820676976656E20545820506F77657220CF
S214044E88616E642050414E2049442E0054686520C3
S214044E986368616E6E656C206F6E207768696368F8
S214044EA820746F20666F726D20746865206E657452
S214044EB8776F726B1F4F6E652D6279746520736900
S214044EC8676E65642076616C756520696E646963CF
S214044ED86174696E672074686520545820506F772B
S214044EE865722074686174207468652072616469E8
S214044EF86F2073686F756C64206265207365742010
S214044F08746F1F5468652050414E204944206F6EC4
S214044F1820776869636820746F20666F726D2074E2
S214044F286865206E6574776F726B1F0054686973C2
S214044F3820696E6974696174657320612054434CF2
S214044F484B207570646174652070726F6365647550
S214044F5872652E00537065636966792074686520E7
S214044F68616D6F756E74206F662074696D65207444
S214044F786F2077616974206166746572206F6E6548
S214044F882054434C4B20757064617465206F7065BB
S214044F98726174696F6E20636F6D706C6574657387
S214044FA8206265666F726520626567696E6E696EF3
S214044FB8672061206E65772054434C4B20757064D7
S214044FC8617465206F7065726174696F6E2E005423
S214044FD8686520616D6F756E74206F662074696DE0
S214044FE865206265747765656E207375627365718E
S214044FF875656E742074727573742063656E746553
S21404500872206C696E6B206B6579207570646174A8
S214045018657320696E206D696C6C697365636F6E61
S21404502864731F00536574206F7220636C65617225
S2140450382073746179206177616B65207768656E83
S214045048206E6F74206A6F696E65640053657420F9
S2140450586F7220636C65617220666F726365206187
S21404506877616B6500446973706C61792074686550
S21404507820736C6565702073746174757300464F8D
S214045088522054455354494E4720505552504F5376
S2140450984553202D206761746865722074696D69AC
S2140450A86E67206D65747269637320666F7220720A
S2140450B865706F7274696E67207461626C65206FC0
S2140450C87065726174696F6E732E00436C656172E5
S2140450D87320746865206C617374207265706F72CF
S2140450E8742074696D65206F6620617474726962D1
S2140450F8757465732E00416464732061206E657749
S21404510820656E74727920746F20746865207265E1
S214045118706F7274207461626C652E005468652022
S2140451286C6F63616C20656E64706F696E7420665C
S214045138726F6D2077686963682074686520617487
S21404514874726962757465206973207265706F720B
S2140451587465641F54686520636C7573746572207F
S214045168776865726520746865206174747269620C
S214045178757465206973206C6F63617465641F5465
S2140451886865204944206F662074686520617474D5
S214045198726962757465206265696E6720726570E7
S2140451A86F727465641F3020666F7220636C69655D
S2140451B86E742D736964652061747472696275749B
S2140451C86573206F72203120666F7220736572765D
S2140451D865722D7369646520617474726962757486
S2140451E865731F546865206D696E696D756D2072E8
S2140451F865706F7274696E6720696E74657276611D
S2140452086C2C206D6561737572656420696E2073F5
S21404521865636F6E64732E1F546865206D617869C4
S2140452286D756D207265706F7274696E6720696E2D
S21404523874657276616C2C206D656173757265642D
S21404524820696E207365636F6E64732E1F546865D9
S214045258206D696E696D756D206368616E6765207B
S214045268746F2074686520617474726962757465F5
S21404527820746861742077696C6C20726573756C29
S2140452887420696E2061207265706F72742062657E
S214045298696E672073656E742E1F0052656D6F768F
S2140452A8657320616E20656E7472792066726F6D00
S2140452B820746865207265706F7274207461626CFD
S2140452C8652E0054686520696E646578206F6620CC
S2140452D8746865207265706F727420746F206265D6
S2140452E82072656D6F7665641F00436C6561727322
S2140452F820616C6C20656E74726965732066726FC3
S2140453086D20746865207265706F727420746162AB
S2140453186C652E005072696E74732074686520720A
S21404532865706F7274207461626C652E00576970BC
S214045338657320616C6C206461746120696E2074E6
S21404534868652073746F726167652064657669633F
S214045358652E005072696E74732061726269747285
S214045368617279206279746573206F662074686543
S214045378204F544120696D616765206F6E2064690B
S214045388736B2E0054686520696E646578206F66B2
S2140453982074686520696D61676520746F20707273
S2140453A8696E742069747320646174611F54686537
S2140453B8206F666673657420696E746F20746865FA
S2140453C8204F544120696D616765207468617420B4
S2140453D877696C6C206265207072696E7465641FE8
S2140453E8005072696E747320696E666F726D6174AC
S2140453F8696F6E2061626F757420746865207374B3
S2140454086F72616765206465766963652E00526508
S2140454186C6F6164207468652073746F7261676565
S214045428206465766963652E0044656C65746573E7
S2140454382074686520696D616765206174207468E6
S214045448652073706563696669656420696E64655A
S214045458782E0054686520696E6465782061742027
S214045468776869636820746F20626567696E20646C
S214045478656C6574696E672074686520696D616714
S214045488651F005072696E74732074686520696DB0
S214045498616765732E00456E61626C6573204F54B0
S2140454A84120646F776E6772616465732E00446981
S2140454B87361626C6573204F544120646F776E671E
S2140454C872616465732E0053656E647320616E2082
S2140454D855706772616465456E6452657175657367
S2140454E87420746F20616E204F5441207365727661
S2140454F865722E0043616E206265207573656420AC
S214045508746F2064796E616D6963616C6C7920745C
S21404551875726E206F66662073656E64696E6720A2
S21404552870616765207265717565737473206F6E34
S2140455382074686520636C69656E74207369646595
S2140455482C206966207468652073657276657220F7
S214045558646F65736E277420737570706F72742029
S2140455687468697320666561747572652E00426F87
S2140455786F6C65616E2076616C7565207475726EE5
S214045588696E67206F6E20283129206F72206F6637
S2140455986620283029207468652070616765207243
S2140455A865717565737420666C61671F0053656E54
S2140455B8647320616E20696D61676520626C6F6331
S2140455C86B207265717565737420666F722061202E
S2140455D866696C65207468652073657276657220E2
S2140455E873686F756C64206E6F7420686176652EB8
S2140455F8202054657374206861726E657373206F17
S2140456086E6C792028746573742063617365203919
S2140456182E352E36202D204D697373696E67204605
S214045628696C6529005072696E747320696E666FBA
S214045638726D6174696F6E206F6E2074686520637E
S214045648757272656E74207374617465206F662053
S214045658746865204F544120636C69656E742064D1
S2140456686F776E6C6F61642E0053746F707320745A
S2140456786865204F5441207374617465206D6163B6
S21404568868696E652E005374617274732074686555
S214045698204F544120636C69656E7420737461747A
S2140456A865206D616368696E652E2054686520738D
S2140456B874617465206D616368696E6520646973D6
S2140456C8636F7665727320746865204F544120733F
S2140456D865727665722C20717565726965732066C5
S2140456E86F72206E657720696D616765732C206418
S2140456F86F776E6C6F6164732074686520696D617A
S21404570867657320616E6420776169747320666FB9
S21404571872207468652073657276657220636F6D8F
S2140457286D616E6420746F20757067726164652E8F
S214045738005072696E747320746865206D616E75A6
S21404574866616374757265722049442C20496D61DC
S214045758676520547970652049442C20616E64205E
S21404576856657273696F6E20696E666F726D6174C2
S214045778696F6E207468617420617265207573653C
S21404578864207768656E2061207175657279206E6D
S21404579865787420696D6167652069732073656E22
S2140457A87420746F20746865207365727665722039
S2140457B862792074686520636C69656E742E00507F
S2140457C86572666F726D73207369676E617475723D
S2140457D86520766572696669636174696F6E206FA1
S2140457E86E2074686520696D61676520617420742D
S2140457F868652073706563696669656420696E64A4
S21404580865782E0054686520696E6465782061742E
S21404581820776869636820746F20626567696E20FC
S214045828766572696669636174696F6E206F66204F
S21404583874686520696D6167651F00426F6F746CD4
S2140458486F6164732074686520696D61676520619B
S2140458587420746865207370656369666965642076
S214045868696E6465782062792063616C6C696E671A
S21404587820746865204F544120626F6F746C6F61A2
S214045888642063616C6C6261636B2E0054686520E7
S214045898696E646578206174207768696368207423
S2140458A86F20626567696E20626F6F746C6F6164DF
S2140458B8696E672074686520696D6167651F0050A6
S2140458C872696E747320696E666F2061626F757490
S2140458D82074686520696E7374616C6C65642062F4
S2140458E86F6F746C6F616465722E005375627472A0
S2140458F8616374732061206368616E6E656C2066EC
S214045908726F6D20656974686572207468652070A6
S21404591872696D617279206F72207365636F6E6445
S214045928617279206368616E6E656C206D61736B55
S214045938206F6620746865206E6574776F726B2DA9
S2140459487374656572696E6720636F6D706F6E65D4
S2140459586E742E00546865206368616E6E656C20EC
S2140459686D61736B20746F207375627472616374EF
S21404597820746865206368616E6E656C2066726F55
S2140459886D1F546865206368616E6E656C20746F5D
S21404599820737562747261637420746865206D611F
S2140459A8736B2066726F6D1F0041646473206120F8
S2140459B86368616E6E656C20746F206569746865CB
S2140459C87220746865207072696D617279206F72CE
S2140459D8207365636F6E64617279206368616E6EA6
S2140459E8656C206D61736B206F6620746865206E25
S2140459F86574776F726B2D7374656572696E67204C
S214045A08636F6D706F6E656E742E005468652063E0
S214045A1868616E6E656C206D61736B20746F2061AF
S214045A2864642061206368616E6E656C20746F1F01
S214045A38546865206368616E6E656C20746F2061B7
S214045A48646420746F20746865206D61736B1F002E
S214045A585365747320656974686572207468652074
S214045A687072696D617279206F72207365636F6EE8
S214045A7864617279206368616E6E656C206D61730B
S214045A886B2E00546865206368616E6E656C206DC5
S214045A9861736B20746F207375627472616374200B
S214045AA8746865206368616E6E656C2066726F6DD7
S214045AB81F5468652076616C756520746F2073655D
S214045AC87420746865206368616E6E656C206D6109
S214045AD8736B20746F2E1F00536574732074686587
S214045AE8207072652D636F6E6669677572656420CB
S214045AF86B657920736F20746861742074686520F8
S214045B086A6F696E696E6720646576696365206383
S214045B18616E20656E74657220746865206E65749F
S214045B28776F726B2E0053657473207468652070E3
S214045B387265636F6E66696775726564206B6579EE
S214045B481F0053746F707320746865206E657477CD
S214045B586F726B207374656572696E672070726FF6
S214045B68636573732E005374617274732074686566
S214045B78206E6574776F726B207374656572696ED0
S214045B88672070726F636573732E0041206D6173AE
S214045B986B206F66206F7074696F6E7320666F7201
S214045BA820696E6469636174696E672073706563DF
S214045BB869666963206265686176696F72207769C9
S214045BC87468696E20746865206E6574776F726B86
S214045BD82D7374656572696E672070726F6365737A
S214045BE8732E1F00446973706C617973207468653A
S214045BF82063757272656E7420737461747573208D
S214045C086F6620746865206E6574776F726B207390
S214045C1874656572696E672070726F636573732E38
S214045C2800436C65617273207468652067726F75CB
S214045C387073207461626C65206F6E206576657279
S214045C487920656E64706F696E74005072696E743C
S214045C587320696E666F726D6174696F6E20616217
S214045C686F75742074686520636F6E74656E7473DC
S214045C78206F66207468652067726F757073207469
S214045C8861626C652E004172746966696369616C49
S214045C986C792064726F70732074686520626C6F08
S214045CA8636B206E756D62657220646566696E65E1
S214045CB86420627920746865207061737365642053
S214045CC8617267756D656E74206F6E6C79206F6E81
S214045CD863652C20616E64207468656E20616C6C44
S214045CE86F77732069742075706F6E2061207265F3
S214045CF87472792E0054686520626C6F636B206E2C
S214045D08756D62657220746F206172746966696362
S214045D1869616C6C792064726F7020746F20666F8A
S214045D287263652061207265747279202D2073650C
S214045D387420746F203078464620746F2064697324
S214045D4861626C651F0053657473207468652072FD
S214045D586563656976652077696E646F772073690D
S214045D687A652E2020427920646566696E697469AE
S214045D786F6E20696E2074686520536D6172742096
S214045D88456E657267792070726F66696C652069FE
S214045D9874206D7573742062652073657420746F3F
S214045DA8203120627574207468697320616C6C6F86
S214045DB8777320697420746F206265206368616E47
S214045DC86765642E00546865206D6178206E756D6D
S214045DD8626572206F662074686520626C6F636BF8
S214045DE873207265636569766564206265666F729A
S214045DF86520616E204150532061636B20697320CF
S214045E0867656E6572617465641F004D616B6573C2
S214045E182074686973206E6F646520737461727485
S214045E28206964656E74696679696E672061732093
S214045E38612074617267657420666F722062696E89
S214045E4864696E67207769746820616E20696E6974
S214045E58746961746F72206E6F64652E0054686589
S214045E6820656E64706F696E74206F6E207768693B
S214045E78636820746F20626567696E20746865209D
S214045E8846696E64696E6720616E642042696E6452
S214045E98696E67207461726765742070726F6365D3
S214045EA873731F004D616B65732074686973206E85
S214045EB86F64652073746172742074686520696EF3
S214045EC869746961746F722070617274206F6620D9
S214045ED87468652066696E64696E6720616E6420FE
S214045EE862696E64696E672070726F636573732E79
S214045EF80054686520656E64706F696E74206F6EF2
S214045F0820776869636820746F20626567696E2005
S214045F187468652046696E64696E6720616E6420DD
S214045F2842696E64696E6720696E69746961746F24
S214045F38722070726F636573731F005365747320E1
S214045F48776865746865722074686520434C4920D0
S214045F58666F726365732074686520646576696322
S214045F686520746F2073686F727420706F6C6C2E63
S214045F78005468652076616C756520696E6469638B
S214045F886174696E672077686574686572207468DA
S214045F9865206465766963652073686F756C64202C
S214045FA873686F727420706F6C6C1F00536574731B
S214045FB820776865746865722074686520646576F9
S214045FC86963657320706F6C6C20636F6D706C65A5
S214045FD87465642063616C6C6261636B2066756EBD
S214045FE86374696F6E20697320656E61626C65649C
S214045FF82E005468652076616C756520696E646940
S214046008636174696E67207768657468657220745E
S2140460186865206465766963657320706F6C6C20A8
S214046028636F6D706C657465642063616C6C626123
S214046038636B2066756E6374696F6E20697320657A
S2140460486E61626C65641F00446973706C61797371
S2140460582074686520737461747573206F66207481
S214046068686520456E6420446576696365732070A8
S2140460786F6C6C696E672E00456E61626C652F6482
S214046088697361626C6520646562756720606C6517
S2140460986761637920617070206672616D65776FD9
S2140460A8726B20646562756760207072696E74200E
S2140460B8747970652E00456E61626C652F64697329
S2140460C861626C651F00456E61626C652F64697356
S2140460D861626C6520646562756720607A636C60CB
S2140460E8207072696E7420747970652E00456E612E
S2140460F8626C652F64697361626C65206465627599
S21404610867206061707060207072696E742074799C
S21404611870652E00456E61626C652F6469736162F2
S2140461286C652064656275672060636F72656020BD
S2140461387072696E7420747970652E00456E61629B
S2140461486C652F64697361626C6520646562756743
S2140461582060737461636B60207072696E74207457
S2140461687970652E0053656E6473206120726571BC
S2140461787565737420666F72204F544120636F757B
S2140461886E746572732E0052657365747320616C41
S2140461986C207468726573686F6C64732076616CBF
S2140461A875657320746F203078464646462E00532D
S2140461B86574732061207468726573686F6C6420F4
S2140461C876616C756520666F7220612070617274E2
S2140461D86963756C61722074797065206F662063D4
S2140461E86F756E7465722E0054797065206F66201C
S2140461F8636F756E7465721F5468726573686F6C26
S214046208642056616C75651F005072696E7473203D
S214046218746865207468726573686F6C6473206F3D
S2140462286620616C6C2074686520636F756E74658F
S21404623872732E00436C6561727320616C6C206304
S2140462486F756E7465722076616C7565732E005072
S21404625872696E747320616C6C20636F756E7465F6
S214046268722076616C7565732E005072696E74734D
S214046278207468652076616C7565206F662074687E
S214046288697320706172746963756C617220636FD8
S214046298756E7465722E0054686520636F756E7427
S2140462A86572207479706520746F207072696E74D4
S2140462B81F005072696E747320616C6C20636F756E
S2140462C86E7465722076616C75657320616E6420E1
S2140462D8636C65617273207468656D2E005365740B
S2140462E8204D464720746F6B656E2C2043414E4EF6
S2140462F84F5420424520554E534554204259204376
S2140463084C492E005072696E74204D464720746FAF
S2140463186B656E2E005072696E74206163746976BC
S21404632865206576656E74732E0044697361626CC5
S214046338652074686520656E64706F696E7420667F
S2140463486F72205A434C206D657373616765732EAC
S21404635800456E64706F696E7420696E6465781F94
S21404636800456E61626C65732074686520656E64AA
S214046378706F696E7420666F72205A434C206D6580
S2140463887373616765732E005072696E7420737434
S21404639861747573206F6620656E64706F696E74B9
S2140463A8732E0053686F7773207468652076657259
S2140463B873696F6E206F662074686520736F6674E1
S2140463C8776172652E005365742074686520636F60
S2140463D86E66696775726564203830322E31352EDC
S2140463E83420434341206D6F646520696E207468C9
S2140463F86520726164696F2E2053656520646F6337
S214046408756D656E746174696F6E20726567617206
S21404641864696E67205241494C5F494545453830A2
S214046428323135345F4363614D6F64655F742E00A3
S21404643841205241494C5F4945454538303231354B
S214046448345F4363614D6F64655F742076616C7571
S214046458651F0052657475726E7320505449207215
S2140464686164696F20636F6E66696720696E666F1C
S214046478726D6174696F6E20746F206465746572DA
S2140464886D696E6520746865205048592074797063
S21404649865206265696E6720757365642062792075
S2140464A85241494C2E2072657475726E2076616C62
S2140464B8756520697320656E756D205241494C5F79
S2140464C8494545453830323135345F507469526130
S2140464D864696F436F6E6669675F7420652E67200C
S2140464E8205241494C5F49454545383032313534A8
S2140464F85F5054495F524144494F5F434F4E4649A3
S214046508475F32503447485A203D2030783030555B
S214046518205241494C5F4945454538303231353477
S2140465285F5054495F524144494F5F434F4E464972
S214046538475F32503447485A5F414E5444495620C0
S2140465483D203078303155205241494C5F49454505
S214046558453830323135345F5054495F52414449E6
S2140465684F5F434F4E4649475F32503447485A5F59
S214046578434F4558203D2030783032552052414903
S2140465884C5F494545453830323135345F505449B7
S2140465985F524144494F5F434F4E4649475F325026
S2140465A83447485A5F414E544449565F434F45580A
S2140465B8203D2030783033550053656E647320616F
S2140465C82072656164206174747220666F72207428
S2140465D868652074696D65206F6620746865206434
S2140465E86576696365207370656369666965642E94
S2140465F82049742073657473206120666C61672073
S214046608736F207768656E206974206765747320D5
S21404661874686520726573706F6E7365206974207C
S214046628777269746573207468652074696D65206B
S214046638746F20697473206F776E2074696D652093
S214046648617474722E0049641F737263456E6470B5
S2140466586F696E741F64657374456E64706F696ED3
S214046668741F005768656E2073656E64696E6720CC
S2140466787573696E6720612062696E64696E672C3B
S21404668820737065636966696573207768657468DE
S21404669865722061206D756C746963617374206219
S2140466A8696E64696E672073686F756C64206265CA
S2140466B820757365642E007573654D756C7469630F
S2140466C861737442696E64696E671F0053656E640D
S2140466D8732061207072652D6275666665726564DE
S2140466E8206D756C746963617374206D657373616A
S2140466F8676520746F206120676976656E20677207
S2140467086F75702049442066726F6D206120676932
S21404671876656E20656E64706F696E742E00677297
S2140467286F757049641F7372632D656E64706F6944
S2140467386E741F00437265617465732061206D650D
S2140467487373616765206279207370656369667917
S214046758696E67207468652072617720627974654B
S214046768732E20557365207468652073656E6420DF
S214046778636F6D6D616E6420746F2073656E64203C
S214046788746865206D657373616765206F6E6365ED
S21404679820697420686173206265656E206372657B
S2140467A8617465642E2045783A20726177203078C3
S2140467B830303046207B3030203041203030203195
S2140467C8312032322033332034342035357D20735B
S2140467D8656E64732061206D6573736167652074E4
S2140467E86F20636C75737465722031352028307891
S2140467F83030304629206F66206C656E67746820D2
S2140468083820776869636820696E636C7564657395
S21404681820746865205A434C206865616465722E46
S21404682800436C757374657249641F446174611F10
S2140468380052657365747320746865206E6F6465AA
S2140468482E005772697465732061206D65737361D1
S21404685867652E00456E64706F696E741F436C75A9
S214046868737465722049441F41747472696275743E
S214046878652049441F4D61736B1F4461746120741D
S2140468887970651F4461746120627974651F0052CB
S214046898656164732061206D6573736167652E0096
S2140468A8456E64706F696E741F436C757374657295
S2140468B82049441F4174747269627574652049449A
S2140468C81F31206966207365727665722064697262
S2140468D8656374696F6E2C203020696620636C6962
S2140468E8656E7420646972656374696F6E1F0053FD
S2140468F8656E64732061206D6573736167652E0029
S21404690844657374696E6174696F6E1F536F75722C
S214046918636520656E64706F696E741F446573746E
S214046928696E6174696F6E20656E64706F696E74E3
S2140469381F00536F7572636520656E64706F696EA9
S214046948741F004C69737473207768696368206FD2
S2140469587074696F6E616C206C69627261726965C5
S21404696873206F662074686520737461636B206196
S214046978726520696D706C656D656E746564206FEC
S2140469886E2074686973206465766963652E0050A2
S21404699872696E747320696E666F726D6174696F5E
S2140469A86E2061626F757420746865206E657477EE
S2140469B86F726B2073746174652C20636C757374C2
S2140469C86572732C20616E6420656E64706F696EE0
S2140469D874732E006F66667365741F005072696E52
S2140469E8747320696E666F726D6174696F6E206663
S2140469F86F7220616C6C20617661696C61626C658B
S214046A0820736C6F74732E00526561647320726110
S214046A187720646174612066726F6D20666C61739A
S214046A28682073746F726167652E004164647265CA
S214046A38737320746F20726561641F4E756D62658A
S214046A4872206F6620627974657320746F2072658D
S214046A5861641F005072696E747320666C61736893
S214046A682073746F7261676520696E666F726D61F4
S214046A7874696F6E2E004572617365732074686559
S214046A882073706563696669656420736C6F742027
S214046A9849442E0053746F7261676520736C6F7473
S214046AA8206E756D6265721F00426F6F7473207472
S214046AB8686520696D61676520696E20746865205D
S214046AC873706563696669656420736C6F742049BE
S214046AD8442E00434C4920696E7374616E636520C6
S214046AE86578616D706C650064756D6D795F696E47
S214046AF87374005A434C20636F6D6D616E64730043
S214046B08626173696300676C6F62616C006D6667C7
S214046B182D636F6465007573652D6E6578742D73C3
S214046B28657175656E636500782D64656661756C58
S214046B38742D7265737000746573742D7265737042
S214046B486F6E73652D6F6E00746573742D7265733E
S214046B58706F6E73652D6F6666005A434C206261CB
S214046B6873696320636C757374657220636F6D6DE7
S214046B78616E6473007274666400436F6D6D616E53
S214046B886420746861742072657365747320616C1C
S214046B986C206174747269627574652076616C75AC
S214046BA8657320746F20666163746F7279206465F8
S214046BB86661756C742E005241494C006C6F77659B
S214046BC8722D6D61632D7261696C2D3830322E31E9
S214046BD8352E342E63006C69627261696C2E61000E
S214046BE8756E636C61696D65640062756666657268
S214046BF82D6D616E6167656D656E742E63006576CE
S214046C08656E742D71756575652E63007A6967629D
S214046C1865652D75707065722D6D61632E63006EE3
S214046C2865696768626F722E63006173736F636960
S214046C386174696F6E2E63003138323173003134F3
S214046C48323231003132310032730031323231316E
S214046C5832003132323131003238310038313100C5
S214046C683138323131003132313131323132323227
S214046C78317300313232003132313132323100313F
S214046C8831313100323238006D61632D6D756C74A4
S214046C98692D6E6574776F726B2E63006C65676119
S214046CA863792D7061636B65742D627566666572AB
S214046CB82E63000000000200000000000000000030
S214046CC8BA040000000000000000020000000000F3
S214046CD800000000BA0400000000000000010203DF
S214046CE80E312E312E332D32316339303835370094
S214046CF80100000203030100060000000000030070
S214046D080000000013B779FAC925DDB7ADF3CFE064
S214046D18F1B614B80102000000000000FFFFFFFFF0
S214046D280100000001000000000000000000000050
S214046D380000000000000000000000000000000042
S214046D480000000000000000000000000000000032
S214046D5800000000073F0300E1320300DD320300B1
S214046D68BB3203008932030019330300EB320300F5
S214046D788B3203002C00000002020203000000000D
S214046D880000000064800050688000500002010083
S214046D980009007FD06D04000100000FB06D0400E8
S214046DA80000000000000000E1FE59FF8FFFADFF61
S214046DB8C1FFD0FFDCFFE4FFEBFFF2FFF6FFFAFFAC
S214046DC8FDFF0000030005005500EDFEFF0064000B
S214046DD81E0000007F001B0DD063FDFF3600B703BE
S214046DE84DDAFFFF1C005901EC3600001100BD0007
S214046DF8C83B00000B00710014350000070049006A
S214046E08352C000005003700052600000300140092
S214046E18FF1400002522040067D5030067D5030085
S214046E2867D5030067D5030067D5030067D5030055
S214046E3867D5030067D5030067D5030067D5030045
S214046E4867D5030067D5030067D5030067D5030035
S214046E5867D5030067D5030067D5030067D5030025
S214046E6867D5030067D5030067D5030067D5030015
S214046E7867D5030067D5030067D5030067D5030005
S214046E8867D5030075D5030067D503008AD50300C4
S214046E9867D5030067D50300AFD5030067D503009D
S214046EA867D5030067D5030067D50300D7D5030065
S214046EB867D5030067D5030067D5030067D50300C5
S214046EC8EFD5030067D503000DD6030001030401BC
S214046ED8010109030B0000000B000000020000007B
S214046EE80000202000000000030000008C8C3C00FA
S214046EF80000000000000000000000001E00000063
S214046F080A0000001A0000000000005812000000E2
S214046F18046F0400554E4B00474F200042544C0063
S214046F28474F3200474F3300474F3400474F35002A
S214046F38474F3600474F3700474F3800474F39000A
S214046F48474F4100474F4200474F4300474F4400CE
S214046F58474F4500474F46004A4D500042445200AA
S214046F685550520042544D004D534D0046544C0063
S214046F78554E4B00474F200042544C0042414400B3
S214046F8846544C00465243004F54410044534C0068
S214046F984241500055504700544D4500464155005F
S214046FA8545A4600554E4B0050494E00454D340041
S214046FB8554E4B0048562000554E4B004558500039
S214046FC84C574D00554E4B005242540044534C0007
S214046FD8454D3400554E4B0041535400554E4B0016
S214046FE856465900494E4800554E4B004C434B00F4
S214046FF858544C004F424600554E4B0048524400E5
S2140470084D454D00425553005553470044424700EA
S214047018444D410056435400554E4B0055502000ED
S2140470285250200041503000415031004150200059
S21404703844502000444543001C6F0400206F04009D
S214047048786F0400AC6F0400B86F0400C06F0400C7
S214047058CC6F0400DC6F0400E46F0400F06F0400D7
S2140470680070040020700400554E4B004649420048
S21404707842544C0045585400505752005744470051
S2140470882053570043525300465348004241440095
S214047098464C540042524F000104010303060105FE
S2140470A8010501090600060B0000070B050B000086
S2140470B800000000000000000400E40C02000104C4
S2140470C81001000000050002000003005C730400C1
S2140470D85873040044730400407304003C730400AB
S2140470E8387304002673040016730400FC72040044
S2140470F8F4720400EA720400E8720400D072040011
S214047108CD720400C5720400B4720400A4720400AC
S21404711892720400787204007072040064720400A8
S214047128607204005C7204004E7204004372040029
S2140471382A72040011720400B5710400B4710400C4
S214047148A47104007C710400717104007071040059
S2140471585C7104000000000000000000000000004D
S21404716800000000000000000F00000000000000FF
S21404717800000000000000000000000000000000FE
S21404718800000000000000000000000000000000EE
S21404719800000000000000000000000001000000DD
S2140471A80000000000000000000000000F000000BF
S2140471B800000000000000000000000000000000BE
S2140471C800000000000000000000000000000000AE
S2140471D8000000000000000000000000000000009E
S2140471E8000000000000000000000000000000008E
S2140471F8000000000000000000000000000000007E
S214047208000000000000000000000000000000006D
S214047218000000000000000000000000000000005D
S214047228000000000000000000000000000000004D
S214047238000000000000000000000000000000003D
S214047248000000000000000000000000000000002D
S214047258000000000000000000000000FFFFFFFF21
S214047268FFFFFFFFFFFF0000000000000000000013
S21404727800000000000000000000000000000000FD
S21404728800000000000000000000000000000000ED
S21404729800000000000000000000000000000000DD
S2140472A800000000000000000000000000000000CD
S2140472B800000000000000000000000000FFFFFFC0
S2140472C8FFFFFFFFFF9C0000FF0000000000000017
S2140472D8000000000000000000000000800000001D
S2140472E80000FFFFFFFFFFFFFFFFFFFF0000000097
S2140472F8FFFF00000000000000000000000000007F
S2140473080000000000000000000000000000FFFF6E
S214047318FF0000000000000000000000000000005D
S214047328000000000000000000000000000000004C
S214047338000000000000000000000000000000003C
S214047348000000000000000000000000000000002C
S21404735800000000FC030101010101010101010113
S21404736801010101010000000000000100200000E6
S2140473780000000101000020020411040402111098
S2140473881A080A021801081110111A080A04020D2C
S2140473980B19195C0110280B0114000000000000EA
S2140473A800000000000000000001010101010100C6
S2140473B801010101010101000001010100010001B0
S2140473C801000000000000000000000000000000AB
S2140473D8000100000000000000000000000000009B
S2140473E801FF010023E1010075E4010063E20100E6
S2140473F863E5010062E1010079EB010064EE010037
S21404740824E1010025E1010026E1010027E101004D
S21404741828E1010029E101002AE101000000010039
S2140474288000010000010100800101000002010043
S2140474388002010020E201000003010000050100AB
S21404744880050100000601002C8901008006010061
S2140474580007010001E5010002E50100000801003B
S214047468800801000040010086321010FFFFFFFF6D
S214047478FFFFFFFF9BDE0300A1DE0300A7DE030079
S214047488ADDE0300B3DE0300567777777777777732
S21404749877777777777777775A6967426565416C40
S2140474A86C69616E636530395A6967426565416C13
S2140474B86C69616E636530394E574B205374656545
S2140474C872696E67000095969595950507090D00EF
S2140474D800000000000102030406000019F7030078
S2140474E8B40A0400CE0A0400E50A0400F80A0400F4
S2140474F8080B04001C0B04002E0B04003E0B0400AF
S2140475085A0B04006F0B04000208010D0D0101015B
S21404751812010000FFFFFFFFFFFFFFFF000000004F
S2140475280000000001090501000200000000000335
S2140475381EF1EE0B4C750400B01704002522040057
S214047548FE000000CC170400AC760400000000001F
S214047558D61704009C76040000000000E317040015
S2140475688C76040000000000F01704007C76040003
S214047578000000000E1804006876040000000000EE
S2140475880618040054760400000000000D180400D1
S21404759840760400000000001B180400307604003F
S2140475A8000000008D1604001C760400000000008D
S2140475B8141804000C7604000000000020180400C8
S2140475C8F875040000000000CCDC0300E87504002D
S2140475D8000000000000000000000000000000009A
S2140475E855470300311804006E180400010100FF13
S2140475F8690E010097180400DC1804000101000154
S2140476080107FF00250E0100291904009419040037
S214047618010100FF650D0100B5190400CE19040028
S21404762800010100FF00000067470300F319040087
S2140476384B1A04000101FF004F470300621A0400B6
S214047648B91A040001010207FF00000049470300B5
S214047658621A0400B91A040001010207FF000000B8
S21404766843470300621A0400B91A0400010102071A
S214047678FF000000190D0100DA1A0400191B0400A3
S214047688010101FFB90C0100381B04007D1B04002E
S214047698010000FF750C0100381B04007D1B040064
S2140476A8010000FFFD0C0100A41B0400AA19040035
S2140476B800FF00003D470300F91B0400C54604000C
S2140476C8FF000000374703006C1C0400C54604008E
S2140476D8FF000000550C0100DB1C0400501D0400CC
S2140476E800FF00002D0C0100681D0400CA1D0400DC
S2140476F800FF000029470300DB1D0400211E0400C8
S21404770802FF0000F50B01002A1E04009E1E04005A
S21404771801FF0000000000009E2104001100000084
S214047728AA21040012000000B2210400130000007D
S214047738BA21040021000000C2210400220000002F
S214047748C921040023000000D0210400AA00000078
S214047758D7210400FF00000000000000FFFFFFFF21
S214047768FFFFFFFF00000000000000000000010803
S2140477780109020A030B040C050D060E070F081070
S21404778801180119021A031B041C051D061E071FEF
S2140477980820012102220323042405250626072798
S2140477A808280129022A032B042C052D062E072F48
S2140477B808300131023203380239043A08E004E199
S2140477C804E204E802E902EA04F008F11000000002
S2140477D800000000040500004078040002000F00C2
S2140477E86878040002000F009078040002000F0076
S2140477F8B878040002000F00E078040002000F00C6
S2140478080879040002000F003079040002000F0013
S2140478185879040002000F008079040002000F0063
S214047828A879040002000F00D079040002000F00B3
S214047838F879040002000F0000000000207A040013
S21404784803000000400000000000000019000000CB
S214047858447A040004000F008000000000000000C2
S21404786800000000207A0400030000004000000026
S2140478780000000019000000447A040004000F0009
S214047888800000000000000000000000207A0400C9
S214047898030000004000000000000000190000007B
S2140478A8447A040004000F00800000000000000072
S2140478B800000000207A04000300000040000000D6
S2140478C80000000019000000447A040004000F00B9
S2140478D8800000000000000000000000207A040079
S2140478E8030000004000000000000000190000002B
S2140478F8447A040004000F00800000000000000022
S21404790800000000207A0400030000004000000085
S2140479180000000019000000447A040004000F0068
S214047928800000000000000000000000207A040028
S21404793803000000400000000000000019000000DA
S214047948447A040004000F008000000000000000D1
S21404795800000000207A0400030000004000000035
S2140479680000000019000000447A040004000F0018
S214047978800000000000000000000000207A0400D8
S214047988030000004000000000000000190000008A
S214047998447A040004000F00800000000000000081
S2140479A800000000207A04000300000040000000E5
S2140479B80000000019000000447A040004000F00C8
S2140479C8800000000000000000000000207A040088
S2140479D8030000004000000000000000190000003A
S2140479E8447A040004000F00800000000000000031
S2140479F800000000207A0400030000004000000095
S214047A080000000019000000447A040004000F0077
S214047A188000000000000000000020012000000094
S214047A28080000000400422130000000B87A040070
S214047A3800FF420030000000000000000000F008CC
S214047A4840000000D97A0400010023044000000026
S214047A58E17A04000600300140000000000000003F
S214047A68FDFF210240000000010000001900000488
S214047A78190001011900020419000301190005047C
S214047A88190006011900070404004100D12E01005C
S214047A98060041005D4F030019008100C14B010038
S214047AA8190084004D560100008000000000000004
S214047AB806435553544F4D000000000000000000D4
S214047AC800000000000000000000000000000000A5
S214047AD800FFFFFFFFFFFFFFFFFFFFFFFF0004019C
S214047AE8040104010401040104010401040104015D
S214047AF8040104010401FFFFFFFFFFFFFFFFFFFF70
S214047B08FFFFFFFFFFFFFFFFFFFFFFFFFFFF000171
S214047B1802030405060708090A0B1F1C1F1E1F1E5E
S214047B281F1F1E1F1E1F07021F012F0037013F00BD
S214047B385701DF02E700FF02000000000000000013
S214047B480000000000000000000000000000000024
S214047B580000000000000000000000003D280400AB
S214047B681900000043280400FFFF0000000000007E
S214047B780E290400192904002522040021290400DA
S214047B882F29040025220400422904004D29040054
S214047B985B2904005F2904006F29040021F8030008
S214047BA87F290400832904008E29040098290400E8
S214047BB8A2290400A6290400B4290400C82904003C
S214047BC8DE29040000800000000000000000000019
S214047BD800000000FFFFFFFFFF0000000000000099
S214047BE80000000000000000000000400000000044
S214047BF8010000007DDC0100000000000000F03FEA
S214047C080000000000002440000000000000594066
S214047C180000000000408F40000000000088C340B9
S214047C2800000000006AF8400000000080842E412E
S214047C3800000000D01263410000000084D797417A
S214047C480000000065CDCD419AFB0300BC920400F9
S214047C580000000004330400AC9204000000000096
S214047C68093304009C920400000000000A33040050
S214047C788C920400000000001B180400789204008C
S214047C88000000000E1804006492040000000000BF
S214047C980F33040054920400000000001533040057
S214047CA844920400000000001933040034920400CF
S214047CB8000000002833040024920400000000009A
S214047CC84533040014920400000000004E330400F8
S214047CD8049204000000000063330400F4910400D6
S214047CE8000000005C090400E491040000000000A1
S214047CF873330400A49104000000000079370400DC
S214047D08008904000000000026270400C088040038
S214047D18000000007A330400008804000000000015
S214047D288333040004870400000000009033040032
S214047D38AC82040000000000AC290400848104001E
S214047D48000000009733040084810400010000004A
S214047D589B3304004481040000000000A0330400A0
S214047D68088004000000000059D6030008800400B8
S214047D780100000090330400AC82040000000000F8
S214047D88A7330400AC82040001000000AC330400EE
S214047D98D47F040000000000B6330400D47F040037
S214047DA801000000BE330400047E04000000000046
S214047DB8D1DD0300D07D04000000000000000000B0
S214047DC80000000000000000E07D0400C233040048
S214047DD825220400FE000000DA330400A889040003
S214047DE8000000004E3804009889040000000000D3
S214047DF8000000000000000000000000147E0400DC
S214047E08DF33040025220400FE000000F5330400D6
S214047E18288B040000000000FB330400188B0400C1
S214047E280000000001340400088B04000000000071
S214047E380A340400F88A0400000000000BDB030080
S214047E48E88A04000000000015D90300B08A04007C
S214047E580000000023E203009C8A040000000000DF
S214047E68143404008C8A04000000000010DE0300AA
S214047E787C8A040000000000193404006C8A04009C
S214047E8800000000203404005C8A0400000000009F
S214047E98BCEC03004C8A04000000000025340400EF
S214047EA8A07F0400000000002C340400487F04006F
S214047EB80000000034340400147F040000000000AE
S214047EC840340400E07E04000000000000000000C7
S214047ED80000000000000000F07E04004B3404009C
S214047EE825220400FE00000095F20300C889040059
S214047EF800000000F3130400B88904000000000022
S214047F08000000000000000000000000247F0400B9
S214047F186C34040025220400FE00000095F20300D9
S214047F28E889040000000000F3130400D88904005C
S214047F380000000000000000000000000000000030
S214047F48587F04008E34040025220400FE00000036
S214047F58AC340400388A0400000000009D3904008C
S214047F68288A040000000000BB340400188A0400B1
S214047F7800000000C0340400088A04000000000062
S214047F88C7340400F889040000000000000000005C
S214047F980000000000000000B07F0400CC34040099
S214047FA825220400FE00000057F20300D48A0400C9
S214047FB800000000E9340400C08A04000000000041
S214047FC8000000000000000000000000E47F040039
S214047FD8F134040025220400FE0000000D350400D8
S214047FE8688B040000000000AC290400588B0400C9
S214047FF80000000000000000000000000000000070
S214048008188004001235040025220400FE0000002F
S2140480182B350400188C04000000000018EF030039
S214048028088C04000000000034350400F88B0400B3
S214048038000000000D350400488B04000000000012
S21404804839350400388B0400000000004635040067
S214048058048104000000000054350400D0800400A5
S2140480680000000062350400908004000000000050
S2140480787A330400008804000000000000000000B2
S2140480880000000000000000A08004006B35040017
S21404809825220400FE0000004D6B0400E88B040053
S2140480A8000000005E6B0400D88B0400000000008B
S2140480B849030400C88B0400000000000000000008
S2140480C80000000000000000E08004008935040079
S2140480D825220400FE000000B3350400388C040092
S2140480E80000000034240400288C0400000000006B
S2140480F800000000000000000000000014810400D6
S214048108BA35040025220400FE000000D1DD030071
S2140481186C8C040000000000F31304005C8C04005C
S214048128000000009D390400488C0400000000008C
S2140481380000000000000000000000005481040055
S214048148DA35040025220400FE000000D1DD030011
S2140481589C8C040000000000FA3504008C8C040093
S21404816800000000F31304007C8C040000000000E8
S21404817800000000000000000000000094810400D5
S2140481880136040025220400FE0000001B36040005
S214048198D08D040000000000E3F30300C08D040043
S2140481A8000000004E360400B08D040000000000F5
S2140481B80BDB0300A08D0400000000001CDB03009A
S2140481C8908D04000000000020360400808D040012
S2140481D80000000038360400708D0400000000001B
S2140481E841360400608D0400000000004836040090
S2140481F8508D04000000000054360400208D04004E
S214048208000000009D390400108D040000000000E2
S21404821863360400008D040000000000080404000F
S214048228F08C04000000000068360400E08C0400AB
S214048238000000007F360400D08C04000000000014
S21404824893360400BC8C040000000000A336040027
S214048258AC8C040000000000B236040078820400E7
S21404826800000000000000000000000000000000FD
S21404827888820400B736040025220400FE000000A5
S214048288CE360400408D040000000000D7360400F3
S214048298308D04000000000000000000000000000C
S2140482A800000000BC8204002522040025220400E5
S2140482B8FE000000DE3604004089040000000000CA
S2140482C8EB3604008487040000000000F43604003B
S2140482D8C4860400000000000737040090860400E3
S2140482E800000000153704005C8604000000000047
S2140482F823370400288604000000000031370400F1
S21404830890850400000000004237040068850400D5
S214048318000000004F370400C88404000000000072
S2140483285A37040070840400000000006D37040007
S2140483384884040000000000FF160400E4830400D8
S2140483480000000080370400A48304000000000036
S2140483588B3704007083040000000000000000004F
S2140483680000000000000000808304009E3704001C
S21404837825220400FE000000C2370400F08D040025
S21404838800000000C8370400E08D04000000000068
S214048398000000000000000000000000B483040091
S2140483A8CC37040025220400FE00000005F4030070
S2140483B8208E040000000000FE370400108E04001F
S2140483C8000000000A380400008E040000000000C4
S2140483D8000000000000000000000000F483040011
S2140483E82038040025220400FE000000D1DD030026
S2140483F8848E040000000000F3130400748E040046
S21404840800000000F9130400648E04000000000055
S21404841895F20300508E0400000000003C38040067
S214048428408E04000000000053380400308E040018
S214048438000000000000000000000000000000002B
S214048448588404005F38040025220400FE00000057
S21404845884380400948E0400000000000000000025
S214048468000000000000000080840400893804002E
S21404847825220400FE000000AD380400E48E040043
S21404848800000000FA350400D48E04000000000042
S214048498B9380400C48E040000000000C038040084
S2140484A8B48E040000000000CD380400A48E040036
S2140484B800000000000000000000000000000000AB
S2140484C8D8840400D838040025220400FE000000DE
S2140484D846370400948F040000000000F5380400B2
S2140484E8848F0400000000009AFB0300748F0400C5
S2140484F800000000C80A0400648F0400000000009E
S214048508AD360400548F04000000000005F4030090
S214048518448F040000000000FC380400348F040074
S2140485280000000007390400248F0400000000003F
S21404853814390400148F04000000000024390400D1
S214048548048F04000000000037390400F48E040089
S214048558000000000000000000000000000000000A
S214048568788504004939040025220400FE0000002A
S2140485789AFB0300A48F040000000000000000001B
S2140485880000000000000000A0850400673904000D
S21404859825220400FE00000005F4030014900400DD
S2140485A800000000C80A040004900400000000004C
S2140485B8AD360400F48F0400000000008A39040075
S2140485C8E48F040000000000B6340400E8850400C4
S2140485D8000000000000000000000000000000008A
S2140485E8F8850400A139040025220400FE000000D2
S2140485F89D390400D48F04000000000095F203009F
S214048608C48F040000000000B7390400B48F0400C7
S2140486180000000000000000000000000000000049
S21404862838860400C039040025220400FE00000031
S214048638D1DD03003490040000000000F3130400A6
S2140486482490040000000000000000000000000061
S214048658000000006C860400E039040025220400AB
S214048668FE000000003A04005490040000000000D5
S214048678133A0400449004000000000000000000C0
S2140486880000000000000000A0860400293A040048
S21404869825220400FE000000493A040074900400F1
S2140486A80000000018EF03006490040000000000B7
S2140486B8000000000000000000000000D48604004B
S2140486C8533A040025220400FE00000005F40300C3
S2140486D8A490040000000000783A04009490040073
S2140486E800000000903A0400849004000000000093
S2140486F800000000000000000000000014870400CA
S2140487082522040025220400FE000000A13A0400E5
S2140487182C87040000000000000000000000000091
S214048728000000003C8704002522040025220400DB
S214048738FE000000AD3A0400F490040000000000B7
S2140487489D290400E490040000000000B33A0400E5
S214048758D490040000000000B73A0400C490040053
S21404876800000000BB3A0400B490040000000000B7
S21404877800000000000000000000000094870400C9
S214048788CB3A040025220400FE000000D1DD0300D5
S2140487987491040000000000E63A040064910400A2
S2140487A800000000F93A0400549104000000000098
S2140487B8F31304004491040000000000063B040080
S2140487C83491040000000000173B040024910400C0
S2140487D800000000253B040014910400000000007B
S2140487E8363B04000491040000000000000000006A
S2140487F8000000000000000010880400433B04004A
S21404880825220400FE0000005D3B0400988B04004B
S21404881800000000903B0400888B04000000000061
S214048828CB3B0400788B040000000000E23B040005
S2140488388C88040000000000EC3B04005888040000
S2140488480000000000000000000000000000000017
S21404885868880400F03B040025220400FE0000009B
S2140488684D6B0400B88B0400000000005E6B040027
S214048878A88B0400000000000000000000000000B0
S214048888000000009C8804000F3C04002522040015
S214048898FE00000030EF030094910400000000007E
S2140488A89D390400849104000000000000000000C4
S2140488B80000000000000000D0880400223C0400E9
S2140488C825220400FE000000D1DD0300D491040034
S2140488D800000000B3350400C49104000000000042
S2140488E834240400B49104000000000000000000D2
S2140488F80000000000000000108904003D3C04004D
S21404890825220400FE000000CD380400EC92040082
S2140489180000000005F40300DC92040000000000D8
S2140489289AFB0300CC92040000000000000000003C
S2140489380000000000000000508904005D3C0400AC
S21404894825220400FE0000007B3C04003C9304003F
S21404895800000000853C04002C930400000000007E
S214048968903C04001C930400000000001B1804003C
S2140489780C930400000000009F3C0400FC920400D2
S21404898800000000000000000000000000000000D6
S2140489981B470300AA3C040025220400FF0000002D
S2140489A817470300B73C040025220400FF00000014
S2140489B869130100C93C040025220400FF000000D6
S2140489C805130100F63C0400BE44040001FF000041
S2140489D869130100363D040025220400FF00000048
S2140489E805130100643D0400BE44040001FF0000B2
S2140489F89D130100A53D0400C63D040000FF0000C9
S214048A089D130100CF3D04002C3E04000000FF0027
S214048A18191401003A3E0400533E0400010001FF05
S214048A2885140100783E0400BA3E04000102FF00E3
S214048A3819140100D03E0400FF3E040001000102A0
S214048A48FF00000095110100303F04006C3F04004D
S214048A5807FF0000B5110100723F0400A53F04009B
S214048A6801FF0000C9110100AD3F0400FD3F0400EA
S214048A780100FF00251201001240040063400400B0
S214048A880101FF00F911010073400400AD40040021
S214048A9801FF000079120100B5400400FE400400FE
S214048AA8010000010707FF00B51401005041040047
S214048AB8A53F040001FF0000B51501009841040015
S214048AC8DC410400010700010700FF0079470300A2
S214048AD831420400774204000107000101FF000048
S214048AE83D150100B3420400EE420400010000FFF5
S214048AF80D1501000C430400504304000100FF0058
S214048B08DD14010063430400504304000100FF0021
S214048B1885150100A2430400AD40040001FF0000CF
S214048B28F5150100DD4304000E4404000100FF00AF
S214048B3825FF0000252204001C440400000707FF44
S214048B48C9FE00002522040035440400000707FF78
S214048B58D5030100252204004144040007FF000051
S214048B68D5030100252204004144040007FF000041
S214048B78CB46030025220400464404000000FF00F8
S214048B88B1030100252204002F1B040001FF000086
S214048B9879030100252204007E44040000FF000037
S214048BA8A9FE00002522040025220400FF00000078
S214048BB8A9FE00002522040025220400FF00000068
S214048BC8A14603002522040025220400FF00000015
S214048BD8A14603002522040025220400FF00000005
S214048BE8A14603002522040025220400FF000000F5
S214048BF879FE000025220400B44404000101FF00A5
S214048C0865FE000025220400C944040001FF000094
S214048C189D4603002522040025220400FF000000C8
S214048C282DFE00009135040025220400FF000000F4
S214048C382DFE0000D344040025220400FF00000093
S214048C48ADFF0000F44404000B45040000010000D6
S214048C5807FF000099460300314504002522040056
S214048C68FF00000029FD00004B45040025220400EF
S214048C78FF0000001347030079450400252204007A
S214048C88FF0000000547030093450400154404004C
S214048C9800FF0000A9060100B845040025220400C8
S214048CA8FF000000FDFB0000D24504002522040056
S214048CB8FF00000091FB0000F5450400724604001E
S214048CC800000310FF0000006DFC0000C746040007
S214048CD83547040001FF000041FC00004A47040031
S214048CE88D47040000FF000055FB00009E47040063
S214048CF825220400FF00000097460300CD47040021
S214048D0825220400FF00000031FB00001948040077
S214048D181544040000FF0000FDFA00005A49040048
S214048D28AF49040000FF0000E1FA0000C949040046
S214048D3825220400FF000000C5FA0000D9490400F3
S214048D4825220400FF00000087460300ED490400BE
S214048D586B4A040000FF000095FA0000F64A040077
S214048D6825220400FF00000051FA0000134B0400FB
S214048D783E4B040007FF000011FA0000484B0400AD
S214048D88A14B0400000500FFC9F90000544C040078
S214048D98674C04000002FF00A5F90000964C040086
S214048DA825220400FF00000087460300A84C0400A0
S214048DB8E24C040000FF000039F90000684D040086
S214048DC8AE4D0400000301FF29F900004E4E0400CE
S214048DD8944E0400000301FFC5740100344F0400D8
S214048DE825220400FF0000001F5303005C4F040004
S214048DF8D74F040002FF0000D51901002C500400C8
S214048E08C546040000FF0000A119010054500400E0
S214048E18C546040000FF0000511901006D50040007
S214048E2825220400FF000000D166010086500400D5
S214048E3825220400FF000000A9660100D3500400A0
S214048E4825220400FF00000035660100FE500400D9
S214048E582451040000010100010102FF0D6601000F
S214048E68A3520400CB52040000FF0000ED65010085
S214048E78F252040025220400FF00000035650100B4
S214048E881C53040025220400FF000000F1510300CF
S214048E983553040025220400FF000000055A01008B
S214048EA85B5304008C5304000002FF005350030075
S214048EB8E953040025220400FF0000004F50030075
S214048EC81654040025220400FF000000B9590100C6
S214048ED8315404005B54040000FF00007957010075
S214048EE88B54040025220400FF000000F54201000C
S214048EF89E54040025220400FF000000DD42010001
S214048F08B654040025220400FF000000CB4F0300DB
S214048F18CF54040025220400FF000000B74F0300C6
S214048F28FC5404007655040000FF00008556010032
S214048F38B555040025220400FF00000075550100FD
S214048F482D56040025220400FF0000009941010064
S214048F587156040025220400FF0000007D4101002C
S214048F688E56040025220400FF000000F541010087
S214048F783957040025220400FF000000E9410100D7
S214048F88C75704000C58040000FF0000B541010050
S214048F98435804009458040000FF0000E13F010011
S214048FA8C758040025220400FF0000007934010095
S214048FB8F35804005C5904000000FF0079340100EB
S214048FC8B1590400135A04000000FF0019350100C3
S214048FD8585A04008B5A04000002FF00254F030069
S214048FE8E05A04002E5B040007FF00004D3601001B
S214048FF84A5B040025220400FF00000061340100D7
S2140490086E5B0400935B040000FF00006D350100EE
S214049018EC5B040025220400FF000000312E01004A
S214049028295C040025220400FF000000F92D010035
S214049038535C040025220400FF000000FD4D0300D5
S2140490488E5C0400FD5C040000FF00005527010048
S2140490584E5D0400CD5D040000FF0000EF4D0300E4
S214049068135E0400655E040000FF0000CF4D030095
S214049078AC5E0400F95E040000FF00001D20010039
S214049088435F0400795F040003FF000055200100D5
S214049098B45F0400FA5F040003FF0000051F010024
S2140490A85060040025220400FF0000005B4D030006
S2140490B880600400BE60040000FF0000554D0300F5
S2140490C8CE600400BE60040000FF00004F4D03009D
S2140490D8F5600400BE60040000FF0000494D03006C
S2140490E81C610400BE60040000FF0000434D03003A
S2140490F844610400BE60040000FF00001F4D030026
S2140491086D61040025220400FF000000254D0300BD
S2140491188F61040025220400FF000000551C01008E
S214049128B7610400F06104000001FF00811C01001F
S2140491381162040025220400FF000000214D0300EC
S2140491483C62040025220400FF0000003D1C0100C8
S2140491585762040025220400FF000000F91B0100E2
S214049168726204009F62040000FF0000E11B010015
S214049178BA62040025220400FF0000002904010046
S214049188E562040025220400FF000000290401000B
S2140491980C63040025220400FF00000019F90000EF
S2140491A81D63040025220400FF000000E5F8000003
S2140491B8326304005963040000FF0000E5F8000069
S2140491C8696304005963040000FF00007DF800008A
S2140491D89063040025220400FF0000007F46030075
S2140491E8AB63040025220400FF000000D9F4000045
S2140491F8CE6304003864040000FF0000B9F40000DD
S2140492085B64040025220400FF000000A11001008E
S214049218C16504004E660400010000FF850F0100C6
S2140492286B660400BF66040000FF0000B90F010067
S214049238D4660400266704000100FF00250F010019
S2140492483C670400296804000107FF0083460300FE
S2140492583968040025220400FF0000008508010080
S2140492684A6804005C680400000101000007FF0067
S2140492787D07010097680400A8680400000101003F
S214049288FF000000B90F0100F7680400086904002D
S214049298010000FFF5060100F76804003A690400B7
S2140492A800FF000065A701004B690400252204009E
S2140492B8FF0000000DF5000097690400252204004D
S2140492C8FF0000007B730300252204002522040007
S2140492D8FF0000002DB50100252204002522040005
S2140492E8FF000000F1B4010025220400DC69040034
S2140492F802FF00009DBC0100E46904002522040066
S214049308FF00000029BC0100106A0400336A040048
S2140493180200FF00FD7303005C6A040025220400B3
S214049328FF00000005BC01007E6A04009C6A040075
S21404933802FF0000DDBB0100B16A04009C6A040059
S21404934802FF000001000000844D00200000000019
S21404935800000000FFFF0000FF4C030000000000B0
S21404936803000000FFFF0100DD4D030000000000BD
S21404937804000000FFFF01006B4E0300000000001D
S21404938804000000FFFF0000EF4E0300000000008A
S21404939806000000FFFF0000614F03000000000005
S2140493A819000000FFFF0100F74F0300B73A040056
S2140493B89C68002000000000000000000000000078
S2140493C800000000086B0400389404000000000045
S2140493D80E6B04003C75040000000000156B0400C6
S2140493E80C770400000000004E380400FC760400E5
S2140493F8000000001E6B0400EC7604000000000069
S214049408306B0400DC760400000000003F6B0400A8
S214049418CC76040000000000506B0400BC76040000
S214049428000000000000000000000000000000002B
S21404943848940400626B040025220400FE00000021
S2140494487D6B040060940400000000000000000027
S2140494580000000000000000337A0300826B04005A
S21404946825220400FF03010001013F040201003F16
S214049478040202003D040202003D04010200010247
S2140494880003010002023D04020100020202010078
S2140494980202000000202020202020202020282847
S2140494A82828282020202020202020202020202093
S2140494B820202020208810101010101010101010D3
S2140494C81010101010040404040404040404041003
S2140494D81010101010104141414141410101010191
S2140494E8010101010101010101010101010101015B
S2140494F81010101010104242424242420202020267
S214049508020202020202020202020202020202022A
S21404951810101010200000000000000000000000DA
S214049528000000000000000000000000000000002A
S214049538000000000000000000000000000000001A
S214049548000000000000000000000000000000000A
S21404955800000000000000000000000000000000FA
S21404956800000000000000000000000000000000EA
S21404957800000000000000000000000000000000DA
S21404958800000000000000000000000000000000CA
S2140495980000000000000002100000002052002016
S2140495A8801300200000020800000000FFFFFFFFF1
S2140495B8FFFFFFFFFFFFFFFF0000000000000000A2
S2140495C8000000000000000000000000000000008A
S2140495D820000000F1E701001000000069E7010020
S2140495E800000001000001010001010120C001B8CB
S2140495F80000000000000000FFFFFFFFFFFFFFFF62
S214049608FFFFFFFFFFFFFFFFFFFFFFFFFFFFFFFF59
S214049618FFFFFFFFFFFFFFFF03040408080808080E
S21404962800B801B802B800B094CA040003040408D9
S214049638080500000000000000000000000000000C
S21404964800000000F8330000E0030000D8370000EC
S21404965814000000383E000008000000002F000038
S214049668F8040000EC37000004000000343E000054
S2140496780300000000000000002F0000F037000080
S21404968801000000403E000039000000012F0000E1
S2140496980100000070B50822804B1A60804B1B68D6
S2140496A8DC0302D50020088070BD0C880019401E13
S2140496B800787C4DA870641C0C8045076D0F052D3A
S2140496C805D8794E3668F60603D5022D0DD0032044
S2140496D870BD9604AE401E4001D1082070BD052D0D
S2140496E803D1104201D1641E0C80AA4848600020A9
S2140496F870BDF3B582B008886C490978491CC9B2AC
S214049708814204D202990918491E097800E000210A
S214049718644A517093785B075B0F01933023019C6E
S214049728052C28D1194232D19478E5081E242C40F9
S214049738CD0702D5250001242C430125A14EE64079
S2140497482E4072D0019FA04EE641402426403E4358
S2140497584C0602D5340020262643947889080D4002
S214049768A7080C2139402943C02525400D4320214C
S2140497782943967051704A490C6855780221232665
S2140497882E4008D0660302D52B40202B01D0052096
S21404979882E0424B196093789B0601D4202203E0AA
S2140497A89278120702D540223C4B1A603D4A9278BA
S2140497B86B461A70C022854B1E680E4001D11542AE
S2140497C812D06E46377827263E40232E03D1E6026B
S2140497D807D4012606E0252E03D0212E04D126031D
S2140497E802D504262D4F3E601B6819402026019F8B
S2140497F8002F1CD11E4027D02A4B5B781A40402ADB
S21404980813D00C221A40042A0FD02A073BD401226C
S214049818002902D0E100CB0F5A4069460978CB07E5
S214049828DB0F1A422FD021012AD4072034E0022F56
S214049838E2D11E4008D00029DED1CC232B4003D128
S2140498486B461B785B0601D5032025E0A30311D5D8
S2140498589C4E73691B051B0D5B1C3668F60205D502
S214049868994E36683607B60F9B1B5B1E9BB2052BB4
S21404987804D1C1E7029B1B78052BBDD006200BE05C
S2140498888021064A1160E90702D4401C039908801F
S214049898AB4803994860002004B0F0BD481002A8FD
S2140498A8C83E0000343E0000440002A8543E0000AF
S2140498B8F2B586494978CA0705D4009A12888018EA
S2140498C8401E037800E000239E4A106802249E4D3A
S2140498D82E68F60611D512695340DBB2002B03D165
S2140498E86E68D30973402340002B03D0020204D4C5
S2140498F80A20F2BDE206954E3260744A1E02C02360
S2140499080B403343914E336093785E07760F022EEE
S21404991806D16D682C4003D1002000990880F2BD5A
S214049928A0250D409E08102737402F433D090E07F3
S21404993802D42E0010253543CC240C401A262E407B
S2140499480A2E04D1CC2C02D02E00FD253540804E9C
S214049958EE40F60705D4000416D5412B10D1082985
S21404996812D17C48E84011210140214320200843B5
S21404997810700D210140009808D000F0A9F8F2BD37
S2140499880B2B01D10029ECD00720F2BD00F020F8FB
S214049998F2BD00005F2F000038B50C006E490B7846
S2140499A81A0953399500491925881B071B0FEB1A02
S2140499B89A1A8018FEF756FE010002D1200000F01D
S2140499C807F832BDF300A3E398144068480002A8D9
S2140499D8F8B50400614805683C4F3878D02630420C
S2140499E802D00D21014005D008205D490860EF200B
S2140499F8FEF7F6FD39782000314204D0090939709B
S214049A0800F066F8F2BD052129401FD002884D49AA
S214049A18CA60544BEC0705D5521C0280690607D465
S214049A28514B05E043242C40422C03D1521C02809F
S214049A3843600DE010224A4B1A604C4A09688B00B2
S214049A48DB0F1901D162802109031160002101800E
S214049A580020F2BD0A888018401E0078830601D4C8
S214049A68121D0A801822024004D00888520880185A
S214049A78C01E088039480068C00702D50888401CFC
S214049A8808803948486000207047344A1368DB0762
S214049A9808D51268920705D40A888018401E0078EC
S214049AA804280CD110202E4A10603048254A126823
S214049AB89300DB0F1A01C2628022120302600020A0
S214049AC8088070470C4000A8080001A8343E00002F
S214049AD831B581B02649002000900822254B1D7810
S214049AE802230C24254202D10022234903E02C40F9
S214049AF8082C00D10222EC0703D50C001E21614075
S214049B0800931D4207D015490968090601D51B4963
S214049B1801E00021C943019B194C21601949FF241F
S214049B288C70009C15012543CD7008701888009920
S214049B3840188018188014485860002036BD000065
S214049B481D310000C83E0000440002A8441002A8C4
S214049B580D0F0C0D071708504B3F0000480002A8CD
S214049B68482002A8C1320000F73200001C1002A8E0
S214049B78DE1B2501343E00002084100000FCFF0193
S214049B88F43E0000483F000005320000343E000062
S214049B98C1290000D9290000D9290000D9290000C4
S214049BA8D9290000D92900000000000000000000A0
S214049BB80000000000000000D9290000D929000090
S214049BC8D9290000192E0000D929000055230000C1
S214049BD865230000F123000039240000B3240000A4
S214049BE81D260000D3240000BD2600001F25000003
S214049BF85D250000D5250000312800000129000055
S214049C0827230000632B00004D200000812B000052
S214049C18F52B0000D9290000D52C00009D2C000047
S214049C28D9290000D9290000212D0000D9290000CF
S214049C38D9290000D92900005D100000531000003F
S214049C4867100000711000007B1000008C488068C4
S214049C58000200D4704780B580208002A8490860B6
S214049C68CF2000F045FA01BDF8B586480068864C52
S214049C78802292032260854E316809051DD5110B92
S214049C88A023034001D0216017E002403FD180277B
S214049C987F4A17607F4A1760084038D0784D287A7C
S214049CA8400705D501207C49086000027B49086006
S214049CB82878002801D0062801DB0020F2BD00F031
S214049CC851FB716889684E682978052907D1B90552
S214049CD8A1606E60B668CC218901704A116000F0F4
S214049CE84AFB012E00DA0226BC2080058549086056
S214049CF8942080058449086065480021C9430164A6
S214049D087142416481490F6040210160D5E7AE483D
S214049D180160FFF79BFF0120F2BD5A4801688905D8
S214049D2804D5C06E0004000F022801D00020704736
S214049D380120704738B580245548046000F012FBAB
S214049D4805007348006800F05FF9280000F013FB6C
S214049D58FFF77CFF4A48007A000705D5A0004A4961
S214049D68086000F0FEFB31BD600397490860AD4803
S214049D78046031BDFEB50500CC20800193494860D7
S214049D88012693480660FFF7C8FF002877D03C4CA6
S214049D982078002873D031020195052802D02A4677
S214049DA80A406CD1CC27BF01884A17609E4A1268BD
S214049DB853075B0F022805D1022B5ED308013749E7
S214049DC80860F7BD4D01032804D1022B55D9334842
S214049DD80560F7BD042802D111404ED0F7BD05280A
S214049DE84BD10198002848D0C005C10F6846417079
S214049DF80198C004C10F6846017000F0B3FA0290D7
S214049E08606869464978002903D006688021214A93
S214049E1811602C04A7496A461278002A0CD0C26836
S214049E280B68D21AA44B1B68234001D0066800E0CE
S214049E384668964200DD1600684640786A461278F8
S214049E48024308D008684242B01E824202DA7042D0
S214049E58886000E00026029800F08DFA01988005D4
S214049E6801D5964804600198054001D094480460DA
S214049E78002E02D009480760F7BDFFF75BFFF7BD61
S214049E88403E0000400002A8402002A8C83E000049
S214049E980CC001A890E001A894D000A8505201A8CC
S214049EA838B5802487480460012049490860864DEF
S214049EB82878052802D0600084490860FFF72DFF3B
S214049EC8002812D012480068000A80214140A86879
S214049ED8000EC9B2814208D2534800684007400FB2
S214049EE8022802D2FFF726FF31BD79480168C0224E
S214049EF80A4002D1C06F204001D00448046031BD36
S214049F081C1002A808E001A808D001A894D001A84B
S214049F1818C000A8F1B582B00F008026B600A020AD
S214049F28384002D06B4806604CE000F01BFA0090FC
S214049F3869480468F80202D5A0680069029000F02F
S214049F485FFBB102606800F069F9217820000022FE
S214049F58491C43788B4200D2002118234B43C5186A
S214049F680C352B78082BF3DA0C00017085605648FC
S214049F78297801703E4007D0574909688968CA6835
S214049F88F90201D403218A43826001261046304030
S214049F9803D100F0F6FB00F0B4FFF104686900F0A2
S214049FA83DF93C2000F0A4F8E0B200F0A1F80098CF
S214049FB800F0E1F930054749086048480660300271
S214049FC8024908600298FEBD401002A84C6201A827
S214049FD894E000A810B542480068800501D4FE2025
S214049FE810BDC02080033F49086000F0BBF93A4919
S214049FF809688A78D20702D589688C7800E00C78D4
S21404A00800F0B9F9200010BD334909688A688B78CE
S21404A018DB0704D5927818235A438A180C329060C2
S21404A02870470000100002A8084001A8F1B582B0E5
S21404A0382D4F3C680026200F000702D1E00102904D
S21404A0482AE000F05EFF00F08DF9019080210903F4
S21404A058606800F0E3F825786D1C6078A84200D2A2
S21404A0680025E80020180C30009000680290802133
S21404A07809030098406800F0D1F83D2000F038F84D
S21404A088E8B200F035F825700098A060019800F052
S21404A09872F902A800F09AFF14480068800407D5ED
S21404A0A8786901F050FC02990818029000D50296C7
S21404A0B80298FEBD48C001A8480002A8481002A895
S21404A0C8482002A894E001A8403E0000506201A877
S21404A0D814C001A8402002A8CC3E000090E000A8C6
S21404A0E8400002A8401002A8D03E0000FC0302A8C4
S21404A0F841490968002901D5404908607047F3B505
S21404A10881B03F4FB9683F4C4A004CD50125090138
S21404A11800D5212501003C4A106856682268920634
S21404A128920E94463A68930080221340624613437C
S21404A138802252001A4300920A0023D0890601D5C9
S21404A148012008E0F021014007D16946097A0C226B
S21404A1580A4002D0022000F03FF82C490968090496
S21404A1680AD53968090701D5022605E0396849037E
S21404A17801D5002600E003264835009A24490968D4
S21404A188890003E0009A2249C9690909402319404D
S21404A19811439A00002E02D0164326660835216617
S21404A1A8024322662566E06D4407640F00F0C4F88F
S21404A1B8A0070BD0052C09D0B868000406D400F014
S21404A1C8D1F80221134A116000F0D5F800F0BDF862
S21404A1D8002000F001F8F7BD0B490A68F0239A43FB
S21404A1E8000110430860C0B270478020C0020A49C4
S21404A1F808607047000000004C0002A8884000A8C9
S21404A208440002A8284000A8683F0000384101A876
S21404A218084001A87CD40350485000A880B5664A74
S21404A228116001F0BBFBFFF7E0FF01BDFEB500F0CF
S21404A23899F802901020614908600023604803607A
S21404A2480220604908606048C0684005C20DD52AE7
S21404A25801D2D52204E0D1204000824200D902006F
S21404A26810000100594C0194843C246864011DD5EF
S21404A278574C0094251D574E367806277E43AA5316
S21404A2880024019D2D7CE540ED070CD5009D06268F
S21404A2986643AD19AD888FB2BD4200D2290086B296
S21404A2A8AE4200D22800641C022CEAD389B2463196
S21404A2B80904494C0C404638C005C00D20434249A1
S21404A2C80860C0200006454908604048017D00290A
S21404A2D80CD04349D52A02D98024E4050C60D1243D
S21404A2E86400A24202D2802424060C6010213D4C4D
S21404A2F821603D490B604188002900D102800298FC
S21404A30800F039F8F7BD80B5384839490860394847
S21404A318C1680902090A19225143416005210160EE
S21404A328FFF784FF01BD33480068C00300D47047B4
S21404A33880B5FFF77BFF01BD8020C0021E49086078
S21404A3482D4800684007FBD470478020C0022B497C
S21404A3580860704701E02A4908602A4909680140EC
S21404A368F9D17047284800682021284A116010212E
S21404A378274A116070473021014002D11020234932
S21404A388086070472048006830210140102901D130
S21404A39801207047002070471E48007806210140B7
S21404A3A807D01D480068022803D0032801D00120DE
S21404A3B87047002070470000401002A8F41302A853
S21404A3C8048002A8409002A87C400050743F000015
S21404A3D8643E0000603E00000000FF01A0600050DC
S21404A3E8A4500050F42302A818E000E07F1A0601DF
S21404A3F8500002A810E000E0400002A8402002A88E
S21404A408282002A8280002A85C0002A85C2002A84B
S21404A4185C1002A8BC3E00006C3F0000F8B5534828
S21404A4288021490281610221514A51600021514A22
S21404A4381160514A118003214D4A116002210160BE
S21404A44820204E49086080204D490860CC208001B1
S21404A4584C49086001204C4908604648806F0090C3
S21404A4680F24070B274049480068C505ED0D103D25
S21404A478C0202843C0B2FFF73BFE3E48006980036D
S21404A4880AD5092F08D0FFF787FF002802D04048CE
S21404A4980068804701F0D8F80098044000943D48C6
S21404A4A804680098032803D0022806D1032F3AD05C
S21404A4B800F002FA0098032803D0062F33D1062D9D
S21404A4C831D0354800680104C90F01D001F084FB77
S21404A4D832480068000109D5052D07D10125012059
S21404A4E82F4908604005FFF735FF00E000252100E6
S21404A4F8380000F0E3F904002A4E002D06D000F0D8
S21404A50889FB0120306002202749086080208003E8
S21404A5187065800925490860FFF73EFF002802D0C9
S21404A528234800688047124880214902C161002FE9
S21404A53808D10221416000200E490861C020C000ED
S21404A5481C4908602000F2BD80B5FFF7F5FE1A48DE
S21404A5580078800602D4022018490860FFF7F5FE42
S21404A56801BD022016490860704700002C1002A896
S21404A578282002A8340002A8743E000094E001A82B
S21404A5880CC001A8506201A894E000A804ED00E0FD
S21404A598E8370000B44000A800E200E0F03E0000FF
S21404A5A8645000A8646000A82C4000A880E200E07C
S21404A5B8E43700002C6001A8C83E0000081002A872
S21404A5C8082002A87B480068800700D4704730B586
S21404A5D881480421904A0123E024E4008568254044
S21404A5E802D01360D160D3600068044002D01360C0
S21404A5F85160536030BD894801218160016070470D
S21404A60810B5012075498A680240FCD1844A04239F
S21404A618D3600C680440FCD15360106010BD8149B7
S21404A62808680122104200D1704710B5E023DB0009
S21404A6380340FF24A41CA34204D37B4B1B689B063D
S21404A64800D54868024001D000F0B6F810BDFEB543
S21404A6580700C820754908600620754908608020E8
S21404A66840037449086074480168744A0A408021A3
S21404A678090111430160724CC020C0002060022505
S21404A688A56168036F4908606F4E7048F0664C20F1
S21404A6986F49C86638686F498968814201D2009153
S21404A6A800E000900099401A38600121380000F054
S21404A6B855FB01903868009940183860FFF782FF08
S21404A6C8634800686349086063480168490601D519
S21404A6D8624900E0624931670199002908D10321DB
S21404A6E8E16100683068054002D08020800220615D
S21404A6F80198FEBDF1B55B4C8020C00120605A4D20
S21404A7080126AE62594F3E601D20286056206866B2
S21404A718072001F009FB022028600621296654490F
S21404A7280968002902D408212966696651492965F9
S21404A738C021C900504A1268F823DB01134001D12E
S21404A748A96700E07961E16B314008D0216BC9073D
S21404A75805D44A490968084001D101F0EDFA484889
S21404A76848490860206B064001D1FFF72BFF009884
S21404A77801F0C8FA206B8001FCD4206A42490860BC
S21404A788F1BD30B53748414B0121026B0A4001D16F
S21404A7985961D9603E4A3F4C54663F4C14650324BD
S21404A7A81C600023CE4D2B6014609162C9030160BF
S21404A7B830BD00004C0002A8F0210901374A116098
S21404A7C80140374801602020364908603649096840
S21404A7D80840C849086070476C0102A8700102A8BE
S21404A7E880B532480821324A13680B4001D001610B
S21404A7F841611178C90602D5862109010160FFF76F
S21404A8080EFF14202B490860BB480168490701D08D
S21404A818FF21416101BD0000681102A86C2102A84D
S21404A828682102A8783F0000400002A8548001A8C6
S21404A8380C9001A8942002A8680102A8FFF1FFFF63
S21404A848441102A8A01002A8E40002A8294E060093
S21404A858300002A8A03F0000FC0302A8CC3F00007A
S21404A868C43F0000100002A8E01002A8442102A871
S21404A87828C000A80C1E0000A88001A8483E0000B6
S21404A888FFFF7F7FB46000A89C3F0000602102A8F9
S21404A898E02002A85E060000041E00002C6001A842
S21404A8A82C5001A8442002A8084001A8301102A888
S21404A8B8F84F0000703F000070470000F8B586B0F7
S21404A8C805000C008D48866AFFF74CFD0590B00518
S21404A8D803D58B480068FFF797FB002001900122F8
S21404A8E87306DB0F87498F688860B8204000864E59
S21404A8F830606608B82030400978F0260E40402EAE
S21404A90802D10100402008430D2D02D13900042746
S21404A9180F43790704D501001420084310218C43FB
S21404A9287A4909686D462A7004930500784EC80566
S21404A93806D580204000774908602800012505438D
S21404A9480498002811D10C20284008280DD0280087
S21404A9586A49496BCA0601D410229043890601D471
S21404A96820218843B121014067D068460078002832
S21404A97865D0B26BB06D012101235207520F921DA8
S21404A9889340C004C00C181A80B2082809D280253F
S21404A99806205A4A106008049D4A106000206A4639
S21404A9A81070812028404DD00820049A002A00D12F
S21404A9B830623A0008271743102084430420039083
S21404A9C80005984A10604008974A10609748016046
S21404A9D868460078002832D00398062838D3944866
S21404A9E8806BC00634D593480068000E01909048E2
S21404A9F8006880B202908F48006A000604D0029865
S21404AA088021490101430291FFF7C6FC002809D0BA
S21404AA1889480078C00605D002988021C9010143F8
S21404AA2889B2029102983061029800123061374860
S21404AA380168C80500D57AE70AE008203062009461
S21404AA48049732E090A06906C90E405C0390BFE7FD
S21404AA580094049703982949CB6A764A126834689E
S21404AA686F463C8128241C400443980CC0012043AC
S21404AA781C001B0E2340102423400343900040224E
S21404AA881040184302AA9070086B000A02A9C870FE
S21404AA98FFF7A0FA02A90871019848716748006888
S21404AAA8C8800298F0660398F0660598FFF763FC7A
S21404AAB808240098400601D55A488460FFF76CFCC1
S21404AAC8002805D05E480078002801D05D48046058
S21404AAD80498C1B2E8B2FFF712FB009807B0F0BDBD
S21404AAE8400102A8081A03D2574909684018401CAE
S21404AAF870470000441002A80C4000A8180002A8DA
S21404AB081CC000A8683F0000B46000A81C0100AA86
S21404AB18540000AA1C2100AAF8B54C4E0F2401259F
S21404AB284B491027706B38401BD0012008704948E1
S21404AB38006849490968FFF7D5FF48490968401875
S21404AB4801284BDB01F0A4F945490968090B0C40B8
S21404AB58022C41D16905434A11604349CF633560E5
S21404AB683AE0F06BC0001ED540480068E02189052D
S21404AB78014033D03A4D28682103014078028142C7
S21404AB882CD1FFF7EFFB3A4A3A490968C90502D5BA
S21404AB983949096811602968090B21400229F3D04C
S21404ABA8FFF7E9FBF1BD354E3068002816D00D7066
S21404ABB801F0A8F8002811D101F06AF928490968B3
S21404ABC8090B0C40022C07D12904264A11600221DD
S21404ABD8254A11600021316001F05EF9F1BD80203C
S21404ABE88004274908607047802040042449086088
S21404ABF870478020C00422490860704780200005FA
S21404AC081F4908607047802040051D490860704742
S21404AC18141100AA1B480168490701D0FF214161A5
S21404AC2870470000401002A8205001A8006101A83F
S21404AC381C4000A8084001A8C43E0000448001A89F
S21404AC48F0370000845000A838C001A8100002A8F5
S21404AC58773E00001CC101A820C001A8E03E000001
S21404AC68AC0002A81C1002A8082002A8204001A8CC
S21404AC78800000AA084000A8904000A84C3E0000A7
S21404AC88382002A80C4000A803010706030107069B
S21404AC98050106060501060603020706030207065B
S21404ACA80502060605020606FF2807D0032805D26D
S21404ACB8A9490978C140C807C00F704700207047E3
S21404ACC8F0B5802000020821A44A11600A23012155
S21404ACD8A34A01249C400443B6A5ED5C254395602D
S21404ACE8F025A04E35609D4DB5A6F65C0227374381
S21404ACF82F6004262E609C4D2D680D4006D1CD028B
S21404AD086D1E03D0966C3603FAD401E00220F0BD1B
S21404AD18956CD66C6D036D0BAE4200D220005B1E9C
S21404AD28D7D508238F4C23609060904B1B685B0133
S21404AD3812D58F4C63785D1C01262E4066701D0064
S21404AD480626754365191268AA80E8802370824827
S21404AD5802789940114301700020F0BDF1B582B025
S21404AD68FFF749FC002481480068400102D401200A
S21404AD7801901DE07F48826B00207D49C3B20625FA
S21404AD886B43CB189B8895B2AB4204D0401CC3B225
S21404AD98022BF3D3FF200870012001907348006843
S21404ADA8400105D50878FFF77FFF002800D00194F6
S21404ADB87148006871498861714D02980068296D68
S21404ADC84618002E15DD00F072FD2860C001301A02
S21404ADD800280EDDFFF714FC00F093F802980068CC
S21404ADE8296D401800F08EFF050002D00298046012
S21404ADF885E0644E802080003060604A106807282A
S21404AE082ED005210840052805D011600C2000F036
S21404AE188BFF050073D15C4D5C482862FFF7F0FB96
S21404AE2802202860E020C0025949086000025949F7
S21404AE38486080208004706002203060012000F0A2
S21404AE4873FF802040002862022000F06DFF9020E7
S21404AE5840012862022000F067FF8020C0002862B4
S21404AE684D4EE02040003060042000F05DFF0500F1
S21404AE783CD10220474908608002B062C001B06233
S21404AE8810203C4908600127F765402643480068B7
S21404AE9830401BD135480068400113D53448007843
S21404AEA86946087068460078FFF7FEFE002809D051
S21404AEB82F4869460978062251434018C0882D4908
S21404AEC8086403E0FFF7FCFE05000FD12948076075
S21404AED8C467022000F028FF314C2660B0002060CA
S21404AEE8022000F021FF8120C002A06201980028F9
S21404AEF805D02A480068800101D4FFF714FA280010
S21404AF08FEBD70B5FFF777FBFFF77AFB02261948F4
S21404AF180660244DF0022862C4082C62012000F062
S21404AF2803FF600828622E601F482862E02040005D
S21404AF381B490860174D2E60FFF7FEF91B4E307844
S21404AF48002800D005200D490860FFF7FEF92C609C
S21404AF5817480068706370BD843F0000889001A895
S21404AF68448001A888A001A8140002A8F03E0000A6
S21404AF78603E00000C8001A8F80302A83C0102A861
S21404AF888C3F0000941002A83C1102A8BD080000DB
S21404AF98142102A8942002A82C9001A84C0002A808
S21404AFA82CA001A83C2102A8FD680000603F000010
S21404AFB8300002A800000001010204081020200046
S21404AFC8505050404040403020202000F8B504003F
S21404AFD8FFF716FB2948C021C900294A1268F82336
S21404AFE8DB01134002D1274A116000E00160009497
S21404AFF82549AC2252008A640A220A602349802220
S21404B00852030A60224C626A224B13408022D20002
S21404B0181A43626280222260022242605003C86099
S21404B0281D48E0601D4E4C20F0661D4D686996214B
S21404B038C901471800980068874200D30700C01B58
S21404B0480099086000210098FFF788FE00990968AF
S21404B058C919009A116031682960124909684906B5
S21404B06801D5114900E011492161F2BD8020000193
S21404B0780F49086000010F4908607047582102A864
S21404B088AC8001A8581102A80C8001A8941002A844
S21404B098440102A8FFF1FFFF286E0600300002A84C
S21404B0A8903F0000FC0302A8CC3F0000C43F000009
S21404B0B8401002A8685000A8F1B584B0B4480068E7
S21404B0C80390B448006B9621C90140180499884235
S21404B0D805D2081A00F016FE002800D013E2AE4C7B
S21404B0E86068C00700D50EE20420AC498862800375
S21404B0F8AB494862AB480568606B8607B60F032EF3
S21404B10803D01020A549886224E0084680218902D5
S21404B1184162A16B890601D5012062E0290610D593
S21404B128A26B02210A400CD19F4A05231360A36B25
S21404B13810273B401943116000211160616B090A0E
S21404B148116004218162A06B002803D5C8039349C3
S21404B15848620026606B400705D5606BC0008021F6
S21404B1684900084003E08B488068C10701D5FFF70B
S21404B17823FB0122154008D0B748B1014018006ADD
S21404B188C004C00C401EB549086000200021B44B1A
S21404B198DB6E1B0417D5B34B1B68002B13D4012195
S21404B1A8AE4B5B69002B0ED0AF4B1A70AF4A1060DB
S21404B1B81022AF4B1A60CA06AE4B9A670723AD4DEA
S21404B1C82B60AB4B5A65AC4AC0239B001360350210
S21404B1D8002901D0190000E02900CC4E31605360E4
S21404B1E87560E16B942292050A40150000D001258B
S21404B1F880263602284300062CD06A482821405C5C
S21404B208C0210140402902D1FFF79EF901E0FFF76B
S21404B218A8F9202020602D0600D174E1944D606BB7
S21404B228400708D570085E4948620220686000F046
S21404B23859FA002806D0042058498862400258491A
S21404B24848626E6057480078000600D45BE1300117
S21404B2585249FEE00125606828405AD1AC48006887
S21404B268C005400F022803D0032801D0062802D1BF
S21404B27869464D7005E0002069464870A548A64909
S21404B2884860680446498862FFF756F87348406E73
S21404B298E16B0E4008D1C00606D5FFF763F8022115
S21404B2A89E4A1160FFF767F8FFF74FF828032060F7
S21404B2B89B4EC02000067060280497490860606B9F
S21404B2C84007C10F684601703020039949072CD5FA
S21404B2D84021A24A1162904F4901396603219164BC
S21404B2E80021116030607D6580207060062000F0C3
S21404B2F81BFD00280DD12802F866022000F014FD74
S21404B30828029749886618207060082000F00CFD0B
S21404B318002800D0F7E024207060E020C00290499E
S21404B328C865A020C00238666FE0E16BC90246D53E
S21404B338BE4949680902090E01914909022901DB37
S21404B348884A01E0B32292000199302937D311497B
S21404B3580B88E72B33D395277F00BB4205D8FB1A07
S21404B3681B095A43920A534204E07F4FDB191B0910
S21404B3785A43930A5BB2019AD2180F6BBC46CF6B3A
S21404B3887B436746FB180B639F2A0FD39F2210E064
S21404B398FC0302A8743F0000100002A81C2002A8A0
S21404B3A81C1002A8C83E0000E40000AA202A00D800
S21404B3B821221102114312040A4329490A606749E3
S21404B3C8AA020A629A4A8A6414220A603060524FB1
S21404B3D87D65E020C0026249C865A803B8664002D5
S21404B3E87060062000F0A0FC002833D12D06FD6608
S21404B3F8022000F099FC5A4885666809706008209F
S21404B40800F092FC002825D17560032000F08CFC1F
S21404B41888481849886700F04AFA874D401DC001D5
S21404B428296B401801908548406F8021C90108405F
S21404B43802900846824908600198049988421FD2F7
S21404B4480846296B401A00F05DFC002816D00298BE
S21404B4587C49086057E000BF0C0000AA204000A8FA
S21404B468CC4001A8784201A8763E0000703E000051
S21404B478645000A83C6000A8046100A804980190E1
S21404B488206AE86204270398384001D0402002E086
S21404B498F8057060C0087060012000F045FCB8012B
S21404B4A81D490860019800F02DFC8A4E684600780D
S21404B4B8002805D161480068F061380586490860A7
S21404B4C802986049086085488549086024487902D6
S21404B4D8416669464978002900D10760206A68628F
S21404B4E868460078002808D0012000F01DFC307853
S21404B4F8000602D5780492490860E06BC00202D5BB
S21404B5084A480068286305B0F0BD00BF045100A887
S21404B518204001A8040000FFB41002A87CE40350ED
S21404B528441102A810B5FEF71DFF864900240C60D6
S21404B5380A22CA61FEF71FFF8348C02189020160F8
S21404B54882494160824810210160C905416540204E
S21404B558804908608048047010BD0000400102A8B5
S21404B568B82002A833070000D6FEFFFF7B48406BCE
S21404B578800300D47047F8B579480468002700208B
S21404B58800257849E20706D5C02080028025ED0309
S21404B598EA0A0A6003E0A20701D4032040252843E8
S21404B5A8C862012000F0C0FB802040006E4908678E
S21404B5B808206E4908606E490968090203D46D4973
S21404B5C809680140FBD0012000F0AEFB6A4EE00794
S21404B5D802D58020800430643564042000F0A4FB7F
S21404B5E8600702D5E020C002F06064483064012099
S21404B5F800F09AFB62483064C320000630645A4858
S21404B6088021490201671021B163890271615D498D
S21404B6180F60012232603022F2638F628021890132
S21404B6284E4A116009010160F1BD0000F83F0000B0
S21404B638F3070000FFFF7F7F743F000020C001A8C7
S21404B64894E001A894D001A8F8B54F4800680D27DF
S21404B65807400424002F00D104274C48102566030D
S21404B66808214B4A4B4B1B682340126814D042608F
S21404B678394004D00220FEF7AFFD474806603C4038
S21404B68807D046480068054344480560B008424960
S21404B69808600220424915E00260394005D00220BD
S21404B6A8FEF79AFDA0023C4908603C4006D03B4899
S21404B6B801680D4305607009374908603848066014
S21404B6C8300329490860FFF751FF00210020FEF7E0
S21404B6D816FDF1BDC83E00001C1002A803000300B6
S21404B6E8482102A810B580202E490A6802400AD0CC
S21404B6F82D4B1A680624144005D15C6E2B4A22404A
S21404B7081B6D9C0101D5002010BD096808400DD0AA
S21404B7182748824203D1180501D5012010BD2548C3
S21404B7280068C107C90F481E8041C00F10BD2248D3
S21404B7380321C163A82181631021016070470000BA
S21404B7481C2002A8D80000AA402002A804000080F2
S21404B758646000A82C4000A8763E0000100002A8EA
S21404B768FC0302A81C1102A8442002A84C6201A8E3
S21404B778C44001A84C4201A8082102A824000001DC
S21404B78898008800600102A8B44000A8E83E0000BB
S21404B7981CC101A8440002A8401002A8683F000083
S21404B7A8685000A8400002A814C001A81F1F000083
S21404B7B8010C000030C101A8082002A86C480068E3
S21404B7C80121084209D16B4A12686B4B000C1840D9
S21404B7D8F03291400B40984201D002207047002076
S21404B7E87047F8B507000F386A461080604CA068A2
S21404B7F80A0004D16B461B8882B29A423AD20022C7
S21404B8086B461A80012502263A0013D02268324075
S21404B81807D000292ED059480088401C574908806C
S21404B82800203900E16056490E6080B2B84201D360
S21404B83869460D805348456000E030BF20683040B4
S21404B84803D1FFF7BBFF0028F7D04D484560390001
S21404B85810D02168314005D048490A886B461B88B1
S21404B868D2180A8006600020E060A068B84201D2B8
S21404B87844480660FFF7A2FFF2BD38B5050000F09D
S21404B88807FB0400012199204543A8093E4A12688B
S21404B8988018123880B2FFF7A4FF05008020C00184
S21404B8A83A490860200000F0F7FA280032BD334809
S21404B8B803883549096802889342F9D110040818A0
S21404B8C87047FEB51238070C6946088000F0E0FA9F
S21404B8D80190274C294D2888B8421ADA01202C49A9
S21404B8E80860274E30BF02202168014006D0306029
S21404B8F84003264908602888401C2880FFF75EFF16
S21404B908002802D12988B942ECDB0121716000289D
S21404B9180DD12888B8420AD1A068694609888842A1
S21404B92805D2002168460088FFF75BFF01E0FFF7B1
S21404B93845FF04008020C00114490860019800F0FF
S21404B948ABFA2000FEBD10B512490A680E4B1B68F8
S21404B9580C689442FAD0DB014033141A02D2886980
S21404B9682418641C0C4800684443181B10BD0000C7
S21404B978280002A804ED00E0FF3F0000743E000023
S21404B988282002A8281002A8300002A880E200E0B6
S21404B9982C1002A820C001A8B43F0000F0B502E0AD
S21404B9A80A601C602E607EC84F1C07D05F1C04D03B
S21404B9B86F1CF5D10A601C60F0BD0A60F0BD00007B
S21404B9C880B5FEF709FC01207F49086001BD80B5F3
S21404B9D8EB2000F001F801BD30B57C490B6818402F
S21404B9E81022134210D07A4B7A4C2468224008D08E
S21404B9F8A84A14682402FF252D022540DD62002487
S21404BA081460802252031A60086030BDF3B5010042
S21404BA1816001C00002500959F48019A330000274D
S21404BA280BE0BC464F5D4743AE009E597E40575DCB
S21404BA3847433740664637436D1CA542F1D3390958
S21404BA4839438A080A43510811430840C109014387
S21404BA580F208A0B0A4302405040F6BDF1B582B067
S21404BA680E0000208B490860FD25AD01EF7AA87A00
S21404BA7801900F21394000910ED00B46874A884919
S21404BA880298FFF7C3FF0199014082480160854880
S21404BA9841438548084001D1012400E0440138099F
S21404BAA815D032003B0929000298009E6D7A751954
S21404BAB84019FFF7ABFF0199091101407548026860
S21404BAC80B0113430360002901D048004443774818
S21404BAD80068204001D10420FEBD0020FEBD80B5CC
S21404BAE80A0000211180724952888018FFF7B6FFB1
S21404BAF802BD70B50F226F4B5C7905780F20204085
S21404BB08C5402009284001259C79C4402C4001D111
S21404BB18032070BD2F4C2468254005D09D68460038
S21404BB28AD5B6D1E644E3560DD78DE79C640F00781
S21404BB3811D5E0060FD5002D0DD06048486008885A
S21404BB48488008881C7800192A4080185A78801873
S21404BB582A09801800E000200880002070BD80B5FF
S21404BB6857480168574A0820014201D050611061BD
S21404BB78C90602D58621090111605349534A126839
S21404BB8812040CD5524A1268530401D5C00305E0C2
S21404BB98C0239B0113404202934200D008600D481C
S21404BBA80078C022024002D1802040050860494837
S21404BBB8006820221040086047480068C00101D485
S21404BBC8FFF705FF01BD00002C4000A8703F0000E9
S21404BBD81C1002A8C83E0000F8B5404F38687E68B6
S21404BBE806403F4830403F4908608024A4033E4D41
S21404BBF8F00227D53D48016801200A0605D53C49C8
S21404BC080968A9602870022014E0014202D0394964
S21404BC18A9600FE00020C9060CD52849A960364A51
S21404BC2891780B071B0F12789A1809095118A980DE
S21404BC38E880A888A880A888002801D0264301E0C0
S21404BC48FFF7C5FE264023D0264E74603460A888C5
S21404BC5800280BD0F969814208D3291D2748AA6809
S21404BC6890470100F3D0FFF7ABFEF1BD01000CD0FE
S21404BC78FC218902B161224902038A6134604C605E
S21404BC88FA69824204D30C60F1BDEB20FFF7A4FEE8
S21404BC98F1BD0000503E000001010101F83E00001D
S21404BCA8383F00001111000021840000F43E000013
S21404BCB8183F0000483F0000204000A8531F00001B
S21404BCC8F84F0000302102A8441002A8384101A801
S21404BCD8204201A8084001A8CC4000A8B44000A807
S21404BCE8FFFFDFFFB46000A8543E0000C83E000013
S21404BCF8EC370000671F0000493F0000D44000A846
S21404BD08B45000A810B5C409FFF7D1FD201A31288D
S21404BD1806DAC000183801D4C01EFDD5002010BDB0
S21404BD282000FFF7CEFD10BDC32148436F3801D469
S21404BD381E38FDD500207047FEB5C020C00436491D
S21404BD48086036483649C86510243648046010200A
S21404BD58FFF7EAFF00285ED1FF2000053249086095
S21404BD6832483349086033482D49086025042E486C
S21404BD780560314807680820FFF7D6FF00284AD12F
S21404BD8808262E4806600120FFF7CEFF2A4880685A
S21404BD9802902B4806602B48214908602248056013
S21404BDA80820FFF7C1FF002835D124480660012083
S21404BDB8FFF7BAFF204DA868019021480660184E80
S21404BDC8214830600299019800F046F80104FC20E6
S21404BDD88003084000900298C10B0198C00B00F03D
S21404BDE83BF80006FC2189050140009801431748E2
S21404BDF80A0C4240FF239B1CD218104008433060AC
S21404BE082F60E00308490860286828601048046022
S21404BE18104981640020FEBD20E000A8F717000042
S21404BE282C0102A8401102A8B02002A80000380E6F
S21404BE38B01002A810103030E04001A8E05001A865
S21404BE48E06001A830301010202020203F3F00007A
S21404BE58402102A8F7FFF00010B54904CA104004B0
S21404BE68C310991A00209A18D30F9A185210521809
S21404BE788B115B0E5B18DB11D2182023541A01D4DD
S21404BE8822001843CC0F611849105B08F6D110BD80
S21404BE98EFF3108072B67047002800D162B6704778
S21404BEA880B5FEF779FA002802D0B74800688047BC
S21404BEB801BD80B5FEF7B2FAB448006800030AD498
S21404BEC8FEF7FAFCFFF752FBFEF75BFC0120FFF7D0
S21404BED829FBFFF716F880208005FEF73BFA01BD1C
S21404BEE880B5FEF79BFA80204002FEF733FA01BDC0
S21404BEF8F8B5FEF721FA052097490860FEF725FAF3
S21404BF08964806680124264201D1FEF774FBFEF71C
S21404BF1885FA9F48016800919E4A40681060B105FA
S21404BF28C80F002126420FD000919B4B5D68156010
S21404BF381D689A4A17687B1BBD4202D39769DB19AA
S21404BF485B1C974FBB42F5D3964D2960002804D056
S21404BF5831000098FDF7DEFF00902868204004D1E1
S21404BF686846FEF774FB002802D10098FEF7C2FB69
S21404BF78A94804606004FEF7EDF9F1BD38B5A74C8E
S21404BF88E06BC00506D580200006206000BF00BF11
S21404BF9840082060FEF724FCFEF740FAFDF764FE2E
S21404BFA805009F489F490860FFF77AFF8020C00273
S21404BFB8FEF7D0F9002D01D08020206001209A4990
S21404BFC8087031BDF8B5FEF729FA984F2C20385C6E
S21404BFD80521014002D0FEF7B7FA01E0FEF7C1FAE0
S21404BFE88E4C0225F86A284001D0012020601020D3
S21404BFF8C0438F4908600026A6638E480660FEF78D
S21404C008CBF9002803D08C480068804700E03E60DF
S21404C018FEF792F989480068E16B090407D400071B
S21404C02805D5FEF79FF986490D60FEF7A4F9FEF7D5
S21404C0388CF9FFF794FDA804FEF78CF9F1BD80B5DA
S21404C048FEF7ECF951480068000303D4FEF799FBA1
S21404C058FEF757FF80204003FEF77CF901BD38B58C
S21404C068FEF7DCF96D4C2025FFF73CFB002806D0CC
S21404C078206B000704D5FFF75AFBFEF7F7FF256089
S21404C088FEF77FFBFEF73DFF6E4800780C21014063
S21404C098042902D1FEF758FA01E0FEF762FA6804AA
S21404C0A8FEF758F94020206031BD1CB5FEF744F968
S21404C0B8052029490860FEF748F9FEF7AFF9FFF7A7
S21404C0C836FBB848006800906846FEF77FFF040011
S21404C0D8FFF7E6FE002C02D10098FEF7EDFF80205D
S21404C0E84004FEF737F913BDF8B5FEF797F9AE4CDA
S21404C0F8256A5020284002D0FEF726FA01E0FEF70B
S21404C10830FA464FFFF7EEFA00281BD1786B400743
S21404C1181DD4386BE0214901014018D1A80611D472
S21404C128FEF70AF9256AA14E354207D0FF20C04318
S21404C1382D182562802000059D490860FEF705F93C
S21404C1482E4002D00120386001E0002020608020C4
S21404C1588004FEF7FFF8F1BD3C1102A8400002A8CF
S21404C16880B5FEF75BF993480068400601D5FEF7EC
S21404C17808FB0120FFF7D6F9FEF7C3FE8020C004AB
S21404C188FEF7E8F801BD0000DC3700000C0002A842
S21404C198B83F00004C3E0000D43E000020C001A872
S21404C1A801FF0000483E000010B526480468FEF764
S21404C1B835F981490968090328D40321C00601D53D
S21404C1C8214001E0A0080140012902D1FEF7BCF98C
S21404C1D80BE0200107D50E20FFF7F2FBA748042141
S21404C1E8016008210160FEF7BCF9A54C2069A54941
S21404C1F80860FFF755FE2068002807D0400012287C
S21404C20802D2FFF791FD01E0FFF737FB8020800399
S21404C218FEF7A0F810BD0000402002A8100002A8EF
S21404C22870012000B46000A8773E0000C43E0000F9
S21404C238442002A8503E0000E0370000844000A8CE
S21404C2487CE40350F03E0000F8B584B00126684646
S21404C258067000270297FEF7E1F80390564C20680C
S21404C268000300D597E00320A849C86386480068F9
S21404C278FB25AD010F210F220240032A03D0000B31
S21404C288014006294DD1A2480068A2498E6DE16B8B
S21404C298890701D59F49CE6DFFF755FB8619FEF72A
S21404C2A87BF800280ED02879C1060BD02868090D1B
S21404C2B84143890B761897490968002902D1000278
S21404C2C8400C3618002E01D5019700E00196606BE5
S21404C2D80107C80F03212A6B0A40022A1BD1039AB6
S21404C2E8D20618D5AA68D30513D5A66B8A4B1E4062
S21404C2F89E4203D11021854AD1630CE092050AD4E4
S21404C308E26B2823134006D16B461F70284A116037
S21404C31801E06A461770029068460678002E03D134
S21404C3280FE07C48406D0190FFF7DCF9002808D040
S21404C338FFF7FDF90298002802D0FEF797FE00E002
S21404C3480026022071490860002E10D03020285C90
S21404C3580C210140042902D0A06BC00602D5FEF7C2
S21404C368F3F801E0FEF7FDF82020606013E0FEF71E
S21404C37808FA802000060E4908606848684908607C
S21404C38801A8FEF723FE0400FFF78AFD002C02D15D
S21404C3980198FEF791FE80200004FDF7DBFF05B048
S21404C3A8F0BD0000CC3F0000D03E000000FFFF00B8
S21404C3B8441002A8440102A80C0002A8FEB50024F2
S21404C3C80194FEF72BF8FFF76BFD564EF06E564DAC
S21404C3D80007000F072807D17068002804D4002037
S21404C3E8FFF7A0F8286841E0012103204F4A736844
S21404C3F85B070BD44E4B1B680B4007D01368DF054E
S21404C4080BD55B0502D43368DB0503D40191916A26
S21404C418890904E01021474B1960916A0909084004
S21404C42800900020FFF77EF80098002805D1706871
S21404C438C00602D4FEF795F801E0FEF785F800205A
S21404C4480199002903D13C480068FFF77CFA69691A
S21404C458401801D5009400E000906846FEF7F7F807
S21404C468002805D10098FEF745F9A869054908602B
S21404C47880200005FDF76EFFF7BD000080E200E0AF
S21404C488AC3F00004C3E0000AC0002A8F8B5FDF72F
S21404C498C5FF002400252948066B80277F0530063B
S21404C4A806D5300709D5FFF742F9FEF7DFFD29E080
S21404C4B801251F480068284019D00020FFF732F8E5
S21404C4C80220064002D01E490C60C8611D48046854
S21404C4D8002D03D02000FDF7A9FD0400FFF727F977
S21404C4E82000FEF7E9FD3800FDF734FFF1BD1648D5
S21404C4F80078C0210140402902D1FEF725F801E062
S21404C508FEF72FF820200D490860ECE7082002A85B
S21404C5180CC101A86C3F000010000010FFFF7F7FCD
S21404C528B46000A8400002A8BC3F0000C83E000053
S21404C538B44000A8441002A81CC101A8100002A810
S21404C548180000AAD83F0000F03E000000F03CF8AF
S21404C55802480349486000F052F800BF732A0000F6
S21404C5680000000080B5EFF305800B2801D23A21BD
S21404C57800E02921FF221632002000F03FFAFEE7E9
S21404C58810B5C20018231340FF249C40E2438907D1
S21404C598090E9940030004D470489B089B00C018F1
S21404C5A806E0AD4B0007000F08388008800018180E
S21404C5B803681A401143016010BD80B573225421E4
S21404C5C8002000F01BFA01BD10B5FFF761FC01213D
S21404C5D8634A1160634B644A1360644A1360032316
S21404C5E8634C2360634C2360634B1960634B196088
S21404C5F88023A44C2360D160FFF74EFC10BDFFF7E0
S21404C60847FC05000024012160B2FFF7B9FF641C4B
S21404C6180E2CF8D301210F20FFF7B2FF01211120B9
S21404C628FFF7AEFF01211320FFF7AAFF0121172009
S21404C638FFF7A6FF03210120C043FFF7A1FF01214E
S21404C6481B20FFF79DFF7348734908607348C16A47
S21404C658C1620168016002207149086001208A49A4
S21404C668086047046F4C20693840FCD02068800175
S21404C67801D4FDF748FE2800FFF70EFC774D0AE0C4
S21404C68800281BD0FDF76EFE18E020693840FCD061
S21404C6983000FFF701FC206E0004000F022801D1C9
S21404C6A8FEF73AFAFFF7F4FB0600FDF76BFE0028E0
S21404C6B8A878E5D0002801D1FDF75DFE0120697849
S21404C6C8002909D12978002905D1704909688906FD
S21404C6D801D45349086030BF0021697029780029BD
S21404C6E8D6D102214E4A116067490860CDE76848EA
S21404C6F8016842680A40674810401B49086080077A
S21404C70803D5A4480188491C0180704770B562485F
S21404C718016840680840000E000660498022120539
S21404C728104218D05E4B1C68641C1C605D4C5E4D41
S21404C7382D682D0407D5A568002D04D007250D609F
S21404C7480125AC4E3560402525601B68012B02D9AF
S21404C75810238B62CA67886770BD000000E400E097
S21404C768040002A80000FF3F282002A82C1002A8F4
S21404C77840E002A844C002A804C001A8044001A8D6
S21404C788F8B5854C206B616B01400091834D0846D3
S21404C798286000988249014007D0FDF7FDFD00286F
S21404C7A803D0009894490968884780200099014076
S21404C7B81CD0F821C90123680B4017D0C0221201E7
S21404C7C8934213D880231B06EB6226680E40944FC8
S21404C7D83F683F043F0F022F01D0032F03D1002EDA
S21404C7E801D09642F1D38F490B6028608E480078B2
S21404C7F806280DDA0098CC218901014008D0FFF7F5
S21404C80847FB04000098FDF7B5FA2000FFF744FB41
S21404C818F1BD0000FFFF9B0800E100E0E04001A82E
S21404C8285C2002A84C0002A810B580480168446839
S21404C8380C407F48046080210C4205D041607D4846
S21404C84801600020FDF796FA600403D580204005B1
S21404C8587949086010BD00001CED00E0763E000033
S21404C86838B57648016844680C40E00707D5FFF7F2
S21404C8780FFB0500FDF714FB2800FFF70DFB7048B7
S21404C888046031BD505201A85C1002A8F40302A843
S21404C898280002A8FFFF00C0B44000A83C6000A817
S21404C8A8703E00002C4000A8384101A8FEB5654C2F
S21404C8B8206C666C064001273E4216D03D06624848
S21404C8C80560206861490F60002802D00021FDF742
S21404C8D8A5FC5F480068A021C90188428041C0437E
S21404C8E8C00F5C4988705C480560FDF73BFD029004
S21404C8F802210E4049D06068C2B20192000A009034
S21404C90808224B4B4C03554D0020019E012E27D080
S21404C918022E38D1009E012E24D1EE780096504E71
S21404C9282F780C2047430020F0512878400590279C
S21404C9387F04C719032038434A4F38601C604A48A6
S21404C9480460301D2B780C246343484C2468009FED
S21404C958E419C45028780C2358433150444811E04D
S21404C9680091DCE7002E0ED1424E37603C4E361D51
S21404C9782D780C277D4370515C601C60C8043E4BC0
S21404C98818603E480260314801600298FDF7F3FCDF
S21404C998F7BD0000743E00001C4201A84C6201A8C2
S21404C9A80200060070B5FDF7DDFC0400FFF770FA18
S21404C9B82C490A68D20717D5294A121D304B5D7AC6
S21404C9C80C2675435659294D2D681E60CE685E6040
S21404C9D84968D9818021C9041B4E3160197B6918BE
S21404C9E85B7A0C256B43D150FFF756FA2000FDF707
S21404C9F8C2FC70BD3C5000A8D8370000002800D000
S21404CA08704710B50C00FDF7ADFC1E490C600122FA
S21404CA181D4B1A600B6C1340FCD1FDF7ACFC10BD23
S21404CA28AC0002A8785201A8403E000090C001A8B5
S21404CA3890E001A80CC001A804ED00E090C000A88E
S21404CA4890E000A800C002A8401002A840E002A88F
S21404CA58404000A8763E0000402002A88D3E000014
S21404CA68300000A860C101A894D001A8200000A83E
S21404CA78F42302A860E101A880E200E0F41302A807
S21404CA88843E0000008002A8409002A8D0CA040091
S21404CA9800000000ACCA040001000000000000000A
S21404CAA800F04902000000004063598F404B4C00D8
S21404CAB80B000B001A00FF7F2C6900200000000002
S21404CAC84CCE0400000000000C4002000180140054
S21404CAD87F40000020400200000000000000000024
S21404CAE830400700000000000000000000000000BE
S21404CAF8000000000000000000400000A00704003A
S21404CB0850400100000000005C40020000000000E5
S21404CB1800000000A840010007000000BC40040014
S21404CB2800000000000000000000000000000000F4
S21404CB380441040000400000FF4C0000FF5D0000B4
S21404CB48FF4D000020C0011000F8070020C0013087
S21404CB58F502080024C00110FF00000024C00130BC
S21404CB680018000028C00700EC80B38343754051C2
S21404CB78A00F00483040000000000000000000003D
S21404CB882E02000050C00400511130040E2D09E690
S21404CB9854060708D1B6020064C00A000430001C14
S21404CBA8403018090D647920EBFCFB017FF6E80396
S21404CBB8BD4B721511A3180510325476980A000056
S21404CBC80000000008000101040700001800010125
S21404CBD80000000020000101088400001C40080131
S21404CBE81000000020F9130407C0520000000000DB
S21404CBF80000000000000003000000000000000021
S21404CC08584006016402FF004108000001000000C5
S21404CC18B0070800A70000000000000080401101CB
S21404CC284B01A0089BC34A74F003000000000000F0
S21404CC38000000000101103050707F7F00000000E3
S21404CC4800000000000000000000000000000000D3
S21404CC5800000000000000000000000000000000C3
S21404CC6800000000E040020133000000000000005D
S21404CC78EC4001017DA8D98BF440050164048307C0
S21404CC888813C83A9C200A0000612000B75635125B
S21404CC980C410301F95412002030042988BB404093
S21404CCA824410201000000000310000030410A017C
S21404CCB86406660C0C010000E853FA000000000045
S21404CCC80000000000000000000000000000000053
S21404CCD800000000010100006841030164048307A2
S21404CCE8881382000000000030420401000000009F
S21404CCF80000000E0000000000000000444202018C
S21404CD0800000000F4811F0054420C0100000000DB
S21404CD1800003C0000000000000000005555555572
S21404CD28170000000000000000000000AAAA060081
S21404CD380000000000000000000000001080010150
S21404CD4803000000388002011149100001000000A9
S21404CD589C800301EB40020070780300D5C00000F5
S21404CD68A8800111F0010000A88001310542CB011A
S21404CD78AC800111F0010000AC80013105228D0061
S21404CD88B080020100030002370000019800020286
S21404CD98000C00044C000000A4000102000400007B
S21404CDA8D0000202050040AA88010000E40001023F
S21404CDB86C2C5111F4000202000000003D210811F9
S21404CDC8FC0001123F000000FC000132005404007D
S21404CDD8300101026000510254010102C43F000000
S21404CDE86801010200040000FC4F0103FCCD0400A6
S21404CDF8FFFFFFFF120000006666660000000000E2
S21404CE08B4CE0400A4CE040000000000001A9A0061
S21404CE18005A620280841E000420F500114950025C
S21404CE28000000004ECE04000000000000000000D1
S21404CE3800000000B1841E0000000000000000008E
S21404CE480000000005020200000000F04902061473
S21404CE58000000E0930405380000A0080000000065
S21404CE68580901040706100A01040707C80A00043B
S21404CE780807800B00040808380C00040908610831
S21404CE8800000000680800000000C7090104040345
S21404CE982C0B01040404920C01040504ED1700008D
S21404CEA8ED1700000000000000000000193F01060E
S21404CEB80410010000010106001027000009000004
S21404CEC8000000000000000029F00100D9EF01006E
S21404CED8E5EF0100D5F00100497E0300EB8303006B
S21404CEE8EF830300F3830300F7830300FB83030045
S21404CEF800000000A8010000081400200001030434
S21404CF0864EE01001000000024E101001A0000008D
S21404CF1879EB01001100000075E40100110000001F
S21404CF2863E511000400000023E11100040000007A
S21404CF3825E101000800000026E101000A000000BF
S21404CF4827E10100020000000000000000000000C5
S21404CF58B9D00400B3D0040000000000BAD004001E
S21404CF68D77B040000000000D17B0400D37B0400B8
S21404CF7800000000D57B040091D00400BFD0040054
S21404CF88D87B0400D27B040000000000D67B040093
S21404CF98ACCF0400CF7B0400D07B0400D47B040011
S21404CFA8CE7B0400000203040508090A0B000102EC
S21404CFB80304051D2000B40108020200AA00FFFFAE
S21404CFC8FFFFFFFFFFFFFFFF0BA30300E54D020073
S21404CFD861790200B1160300717C0200718C0300AB
S21404CFE8738C0300758C0300778C030071DD0200D4
S21404CFF80DB6020051F702005D100300816A0200B4
S21404D0086B8C0300ADB802006D8C0300855E0200CD
S21404D0186F8C03003173030079630200A74803008A
S21404D02800000000001300000000000000000000DC
S21404D0380100000039BC020002000000699D0300DC
S21404D0480300000091BB020004000000E39C0300F8
S21404D0580500000031BB02000000000000000000CC
S21404D0680023001B2200FF00000000000C09020237
S21404D078000000001C1A0B0303FF06080402020241
S21404D08804020A0B030302030480FF0204FF0101DF
S21404D09801010800000000000000005A69674265A4
S21404D0A865416C6C69616E6365303980008F8E8C5F
S20C04D0B880808006080C10803D
S20C04D0C0649CFB7F01000000E4
S21004D0C8D4D0040020650020CB0100003A
S21404D0D40000000000000000FFFF00000100000044
S21404D0E40000000000000000000000000000000033
S21404D0F40000000000000000000000000000000023
S21404D1040000000000000000000000000000000012
S21404D1140000000000000000000000000000000002
S21404D12400000000000000000000000000000000F2
S21404D13400000000000000000000000000000000E2
S21404D14400000000000000000000000000000000D2
S21404D15400000000000000000000000000000000C2
S21404D16400000000000000000000000000000000B2
S21404D17400000000000000000000000000000000A2
S21404D1840000000000000000000000000000000092
S21404D1940000000000000000000000000000000082
S21404D1A40000000000000000000000000000000072
S21404D1B40000000000000000000000000000000062
S21404D1C40000000000000000000000000000000052
S21404D1D40000000000000000000100000000F00150
S21404D1E408000000081000200100230104000000C9
S21404D1F41010002006003001010000001410002066
S21404D204FFFFFFFFC0EA2101C0EA210100800000FD
S21404D21400F04902686600200060070000800000F1
S21404D224E4360020C8000000FE00000000000000F1
S21404D234606D040018100020FFFFFFFFC070040098
S21404D244330000002118010033000000E94C0300F9
S21404D254A0E90300A4E90300B1E90300BEE903005E
S21404D264CBE90300D8E90300EBE90300FDE9030076
S21404D2740AEA030017EA030024EA030039EA03006F
S21404D2844CEA03005EEA030073EA030082EA03003E
S21404D29493EA0300A2EA0300B2EA0300BEEA030028
S21404D2A4CBEA0300DBEA0300EDEA0300FCEA03002E
S21404D2B40BEB030014EB030029EB03003EEB030023
S21404D2C453EB030073EB030081EB0300A0EB0300B2
S21404D2D4BBEB0300CEEB0300DBEB0300F0EB030035
S21404D2E4FFEB03000EEC030020EC030032EC030017
S21404D2F445EC030058EC03006EEC03000000000049
S21404D3040F000000A5EE0300BCEE0300FF000000BF
S21404D3140000000000000000000000000000000000
S21404D3240000000000000000000000000030E704D5
S21404D33400C8180319F703001EF703004BF703008D
S21404D34476F70300A4F70300D2F7030001F80300FA
S21404D3542EF803005EF803008EF80300DEF80300DC
S21404D364FFFFFFFF00F80300FFFFFFFF00000400B9
S21404D37400000400005C2605CC67002006000000BC
S21404D384549304000000000001001900010000008A
S21404D394CC4200200100190001000000CC42002009
S21404D3A40100190001000000CC420020010019000D
S21404D3B401000000CC420020010019000100000016
S21404D3C4CC4200200100190001000000CC420020D9
S21404D3D40100190001000000CC42002001001900DD
S21404D3E401000000CC4200200100190001000000E6
S21404D3F4CC4200200100190001000000CC420020A9
S21404D4040100190001000000CC42002001001900AC
S21404D41401000000CC420020D84600200000000092
S21404D42400000000507C0400844D00208068002026
S21404D43444500020F06A04000600000000000000C7
S21404D4440000000000000000B4930400CC93040021
S21404D454FB6A040025220400FE000000B0680020D5
S21404D4640000000054500020BC500020245100202A
S21404D474000000000000000000000000000000009F
S21404D484000000000000000000000000000000008F
S21404D494000000000000000000000000000000007F
S21404D4A40000000000000000000000001F7D0300D0
S21404D4B41B7D0300FFFFFFFF237D0300FFFFFFFF29
S21404D4C47B820300D7820300FFFFFFFFFFFFFFFFFB
S21404D4D4FFFFFFFFFFFFFFFF2F2A0000FFFFFFFFF2
S21404D4E4000000006D840300F8CE0400FFFFFFFF75
S21404D4F40000000020A10700000000005DBC03003B
S21404D504000000000000000000000000000000000E
S21404D51400000000000000000000000000000000FE
S21404D5240C560020F5430200695D0200252204001F
S21404D53400000000000000000000000000000000DE
S21404D5440C5600208D4A0200000000002522040028
S21404D55400000000000000000000000000000000BE
S21404D5640C560020B5540200695D0200252204000E
S21404D574000000000000000000000000000000009E
S21404D584E86B04000C5600200D6F02000000000037
S21404D5942522040000000000000000000000000033
S21404D5A4000000000C560020117802000000000061
S21404D5B42522040000000000000000000000000013
S21404D5C4000000000C5600206D88020000000000D5
S21404D5D425220400000000000000000000000000F3
S21404D5E400000000B80B00000C5600204D8C02000E
S21404D5F400000000252204000000000000000000D3
S21404D60400000000000000000C5600202D950200C7
S21404D61400000000252204000000000000000000B2
S21404D62400000000000000000C5600209D96020036
S21404D6340000000025220400000000000000000092
S21404D64400000000000000000C560020A592030011
S21404D6540000000025220400000000000000000072
S21404D66400000000000000000C560020E5990200AB
S21404D6740000000025220400000000000000000052
S21404D68400000000000000000C560020899E0200E2
S21404D6940000000025220400000000000000000032
S21404D6A400000000000000000C5600206D9F0300DC
S21404D6B40000000025220400000000000000000012
S21404D6C400000000000000000C56002001F70200D1
S21404D6D400000000252204000000000000000000F2
S21404D6E40000000000000000B5A403000C5600204F
S21404D6F4CD100300695D020025220400000000002A
S21404D7040000000000000000000000000C5600208A
S21404D7143D1703000000000025220400000000005A
S21404D724000000000000000000000000FFFFD00717
S21404D734B80B0000FFFFFFFFCEFAEFBEFFFFFDFFAE
S21404D744FDFF0C002C01001E2C0140068000FFFF88
S21404D75404F8FFFF0C000000000000004000FDFF7A
S21404D7642C019C000000FFFFFDFFFFFFFFFF60EAA3
S21404D7748000800010C1CDAB640A010101FFFFFFE5
S21404D784FFFFFFFFFFFFFFFFFFFFFFFFFFFFFFFF9C
S21404D794FFFFFFFFFFFFFFFFFFFFFFFFFF01FF0584
S21404D7A4FFFFFF0101FFFF0201FFFF640250FF0FAA
S21404D7B40208031E050216010A0C052007051001BB
S21404D7C4010F080101010104FF0301FF0CFF0F7F91
S21404D7D47F0150403000FFFFFF0B03FF050B0103DE
S21404D7E40105020201FFFFFFFFFFFFFFFF01010225
S21004D7F4FFFFFF01056D0000DD6C000067
S80400A079E2
