S01B00006275696C642F72656C656173652F7A69676265652E73333714
S214004000081000208D7B000021C30000A94D03008E
S214004010A94D030029C3000031C30000A94D0300C9
S214004020A94D0300A94D0300A94D0300A94D0300A7
S21400403035C3000044930400A94D0300A94D0300B6
S214004040A94D0300A94D0300A94D0300A576000065
S214004050A94D0300A94D0300A94D0300A94D030077
S214004060A94D0300A94D030035C80000A94D030063
S214004070A94D0300A94D0300A94D0300A94D030057
S214004080A94D0300A94D0300A94D0300A94D030047
S214004090A94D0300A94D0300A94D0300A94D030037
S2140040A0A94D0300557F0000397F0000A94D03008D
S2140040B0A94D0300A94D0300A94D03008517020072
S2140040C09BA9030097A90300E90E0200B1A903000B
S2140040D09FA9030045170200A3A9030079FB01006E
S2140040E0C5170200A94D0300A94D0300A94D030002
S2140040F0A94D0300A94D0300A94D0300A94D0300D7
S214004100A94D0300A94D0300A94D0300A94D0300C6
S214004110A94D0300A94D0300A94D0300A94D0300B6
S214004120A94D0300A94D0300A94D0300A94D0300A6
S208004130A94D03008D
S214004134F0B5114A114C124E00F00105E3695F0711
S21400414413D40DB9334213D103EA00078F4207D1C3
S2140041540B4A1A40002A14BF6FF001000020F0BD7D
S214004164013AEBD16FF00200F9E74FF0FF30F6E7C3
S2140041746FF00100F3E700BF80969800000003503C
S214004184020001000B4B70B5D96911F480310DD1D2
S21400419401244FF48072084E084DF46020462C64C7
S2140041A41A61FFF7C5FF3464EC6070BD6FF0010060
S2140041B4FBE700BF0000035000100350002003502C
S2140041C438B541F6713301220C4C0021E569E363EE
S2140041D40B4B05F48035DA600223606121202361ED
S2140041E4FFF7A6FF10B92120FFF7A2FF0122054B17
S2140041F4DA600DB10023E36338BD00BF000003504E
S214004204001003500020035070B5134C6061E3693E
S2140042145B071ED40E4656F8043B8D18A361AE42C7
S2140042240BD10423002121202361FFF781FF58B915
S214004234BDE870402120FFF77BBF08210846FFF742
S21400424477FF10B10423236170BD56F8043BA361C5
S214004254E5E74FF0FF30F7E7000003502DE9F84399
S214004264154641F67132164B8946DF69DA63012238
S214004274064603F58053DFF8508007F48037DA608B
S21400428455B9284601220F4BDA601FB10022A3F568
S2140042940053DA63BDE8F88306F5005404EA08041C
S2140042A4A41BAC4228BF2C46494622463046FFF79C
S2140042B4ABFF0028E6D12644A1442D1BE0E700BF4F
S2100042C4000003500020035000E0FFFF45
S2140042D02DE9F04F4FF0FD0BC9B09A460DF11B09C2
S2140042E09DF8503108AFCDF80C90CDF808B0019786
S2140042F0059303890446009383790E4690464188C9
S2140043008288407811F05CFF054650B10090A38883
S214004310002062883A4912F097FA284649B0BDE86C
S214004320F08F99F8000033F056FE38B12846A3887F
S2140043306288344912F088FA8D25EEE75A463946E7
S21400434099F8000033F0EFFD8346002851D0529BC9
S2140043501BB1BDF84C3198424BD8002399F8009019
S2140043600793A9F14102012A5FFA8BF123D8384658
S2140043700139254ADFF898C05FFA81FE734513DBE2
S214004380059B04210792C3B907AF18221F489FED6B
S2140043901A7B02FB060420460A460830394684ED9E
S2140043A0027B16F0A7FF11E010F8011F0133514001
S2140043B00CFB01F2E2E7059B33B123464A4638463A
S2140043C000960FF025FEA8E70829DED9B8F1000F01
S2140043D001D088F80090BAF1000F01D0AAF800B01A
S2140043E0529B002B99D05A46184608A916F082FF11
S2140043F093E7012591E700BF0000000000000000E1
S214004400D63C04000B3D0400C59D1C818010002096
S21400441093010001000000002DE9F04F93B0CDE9B4
S2140044200A32DDE91C530E9353EC102BCDE908013C
S214004430104619468DED060B1E9E16F0E5F980B166
S214004440DDE906014FF0FF32C54B16F005FA40B91C
S214004450DDE906014FF0FF326FF4801316F0DEF947
S21400446070B1DDE908019DED060B0E9B1E96CDE9A9
S2140044701C53DDE90A3213B0BDE8F04F00F088B9EE
S2140044800022DDE90601002316F0C8F9002800F036
S2140044903381DDE906A303F1004BCBF30A5016F493
S2140044A08063A0F2FF3008BF06250F9315F0DAFEF2
S2140044B09BA3D3E9002315F03FFF9BA3D3E900237A
S2140044C015F084FDCBF31304894644F07F518046F3
S2140044D00022A44B504641F4401115F075FD94A3FC
S2140044E0D3E9002315F028FF02460B46404649460E
S2140044F015F06CFD16F0BAF9044615F0B3FE8EA35F
S214004500D3E900238046894615F016FF0022964B15
S21400451015F05CFD16F0AAF989A3D3E90023074637
S2140045204946404615F008FF80463846894615F04D
S21400453099FE85A3D3E9002315F0FEFE02460B463E
S2140045404046494615F040FD02460B46CDE90C2391
S21400455015F0F2FEDDE90C23804689461046194622
S21400456015F034FD0022CDE91001804B4046494647
S21400457016F00CF800227E4B15F028FD02460B467E
S2140045804046494616F002F800227A4B15F01EFD0A
S21400459002460B464046494615F0F8FFDDE90C2377
S2140045A08046894600204FF0804115F00DFD0246FA
S2140045B00B464046494615F009FD02460B46DDE926
S2140045C0100115F0E3FF07F2FF3700226A4B15F0E3
S2140045D0FDFC00223B0515F0AFFE52465B468046CA
S2140045E0894616F039F9002840F08980CDE90C8913
S2140045F004F16303C62B8CBF0527042731051BD5A2
S21400460053A3D3E900235046594616F01BF9002859
S2140046107FD051A3D3E900235046594616F0FEF842
S214004620002876D00027A542C6BF2C1B04F1FF3514
S21400463000253C4646F480660E9B9F422CBF4FF0FA
S2140046400008A3EB070816F0020903D0002F18BFD6
S2140046504FF000083CB1DDE90C235046594615F0F2
S21400466095FF82468B46DDE906010022002316F000
S214004670D5F810B10BF100439B46DDE9080126F49E
S2140046800063CDE90183DDE90A324BEC10AB0095FF
S21400469000F07EF802465FB3DDE9091316F0200F3E
S2140046A000F10105089E0CBF65204520B047DDE9F6
S2140046B008010523002205930A23002CCDE90232C7
S2140046C007F1FF374FEAD473B8BF64422A46019316
S2140046D004970A9B009435F0D8FA0246B9F1000F09
S2140046E006D00B9BC41A0B9B1A190E9BA34245D8E7
S2140046F0104613B0BDE8F08FDDE906ABCDE600222C
S214004700404649461A4B15F041FF013CCDE90C01E5
S2140047106EE7002D90D00F9B002B8DD0013D8BE7D0
S214004720FB799F501344D33FB3C8608B288AC63F9B
S21400473061436F63A787D23F71A379094F930A40FD
S2140047401655B5BBB16B0240EF39FAFE422EE63F76
S2140047502D431CEBE2361A3F0000000080842E41F9
S214004760FFFFEF7F0000F83F0000E03F00002C4016
S21400477000002440000018400000F03F2020DDE943
S2140047800913089DA8470134ADE700BF00000000EC
S2140047902DE9F04F5BEC10AB97B0CDE90501DDE9F4
S2140047A02058CDE90723504652465B465946229F7D
S2140047B016F02AF870B90323CDE902870193AA4BB5
S2140047C00093DDE90501DDE9072335F090F917B020
S2140047D0BDE8F08F4FF0FF326FF480135046594615
S2140047E016F01CF828B10423CDE9028701939F4BED
S2140047F0E6E74FF0FF32504659469D4B16F02CF830
S21400480068B19C4A07F00403002B08BF03229A4BAA
S2140048101CBF13460422CDE902870192D0E750461A
S2140048208DA3D3E90023594616F016F838B98CA3A1
S214004830D3E900235046594615F0F0FF68B1DDE98C
S2140048400723DDE905014BEC10ABCDE92187209568
S21400485017B0BDE8F04FFFF7DFBD0022002350463B
S214004860594615F0DBFF002800F091805B46524663
S2140048700020002115F0A8FB012382468B460993F1
S21400488017F4806400F08580092D40F285800024AE
S21400489030210EABA5F109020134202C03F8011BD0
S2140048A0A5EB040901D09442F6D15946504615F0BE
S2140048B0DDFF724B054603EBC90393ED007B8DEDE0
S2140048C00A7B15F0CFFC02460B465046594615F0BB
S2140048D07BFBDDE90A2315F02FFD02460B46CDE9EA
S2140048E00C2315F0EBFF064615F0ACFC02460B4613
S2140048F0DDE90C0115F068FB02460B46CDE90C23FA
S21400490000225F4B15F0A8FF002848D0013630463D
S21400491015F098FC02460B46DDE90A0115F088FF03
S21400492008B100260135B9F1000F45D1284615F02B
S21400493099FC02460B465046594615F045FB0022A8
S2140049404F4B15F06BFF10B9E90700D501350A216A
S2140049500EAB1A19202C0AD095FBF1F001FB10556E
S214004960303502F8015B013405460028F2D107F025
S2140049700302012A55D1B8F1000F52D0099A12B994
S21400498017F00C0F01D008F1FF38302240E00990F4
S21400499076E74FF0060988E7A946002485E7002257
S2140049A0DDE90C01364B15F039FF0028BBD10EB1FE
S2140049B0F007B8D50136B6E70A210EAB1A19202C37
S2140049C00DD0B6FBF1F001FB1063092E03F13003A6
S2140049D009F1FF3904F1010402F8013B11D8302136
S2140049E0A1440EAA202CB2D04C4504F101030AD1F2
S2140049F004F158020DEB02042E2204F8202C1C466B
S214004A00A5E70646DBE7A1541C46EBE71A5501343A
S214004A10444506D2202CF9D1CDE9028701940EAB8D
S214004A20CEE6202CF8D0099B3BB12D2204F158038A
S214004A306B4403F8202C0134EEE77A0704D504F122
S214004A4058032B226B44F4E73B07E5D504F15803E3
S214004A5020226B44EDE700BF0000000065CDCD418D
S214004A600000000065CDCDC1C55A0400C95A040037
S214004A70FFFFEF7FBC5A0400C15A040080A2040066
S214004A800000E03F0000000070B58EB02C22002130
S214004A9003A816F09FFA64234FF002320893CDE97C
S214004AA005230B2301218DF834305B4B8DF8101055
S214004AB01D880D4040F0A980084639F0A5FB0A2263
S214004AC0564B574C1A704FF42873ADF812304FF00F
S214004AD0FF332360534B54491B8820460B82534BAD
S214004AE0534A1B68CD828B61524B0D621B884B82EA
S214004AF0514B1B68CB611CF0DBFE20B14FF41B71E1
S214004B004E483AF0C2FC0521206835F0A7FA20B1DD
S214004B1040F27D2149483AF0B8FC206815F010FABA
S214004B20474B2068196835F05CFB0C2539F0D4FF3C
S214004B306843099039F0D0FF68430DEB05010790F4
S214004B40206817F009F920B140F295213B483AF069
S214004B509CFC25681FF056FA00220146284635F0D0
S214004B60B8FB20B140F2972134483AF08EFC40F270
S214004B700353344D344E2B80052396F90000AB705A
S214004B807F2801D11CF08AFF3378EB7039F0A4FF40
S214004B9000EB80008000A88039F09EFF0023C00054
S214004BA04FF0FF31E880AB604FF0FF3018A3D3E939
S214004BB0002339F07BFC2549206835F043FB20684C
S214004BC002A935F05FFF20B14FF434711B483AF06C
S214004BD05CFC042220680DEB020135F0D7FA0428AD
S214004BE004D040F2D72115483AF04FFC01A9012025
S214004BF034F0E2FE07F0D8FB01201DF0E1FB30F0B8
S214004C00CBFE1DF007FC1CF0E1FE0EB070BD00BF31
S214004C100A0020FF420300001A5E00207165002093
S214004C2040560020B2BB04002C6C0020B8BB040029
S214004C3031E20300B0BB0400B4BB0400F4910400EE
S214004C407C690020345600204A6F0020A5E203004D
S214004C500348044B834202D0034B03B11847704706
S214004C607C6F00207C6F002000000000064B074988
S214004C70C91A891048BF0131491003D0044B0BB143
S214004C8001481847704700BF7C6F00207C6F0020EB
S214004C900000000010B5064C237843B9FFF7D8FF94
S214004CA0044B13B10448AFF300800123237010BDFA
S214004CB0681600200000000058DF040008B5044B0A
S214004CC01BB104490448AFF30080BDE80840CDE7B7
S214004CD0000000006C16002058DF0400A3F5803AA0
S214004CE0704700BF154B002B08BF114B9D46FFF7C2
S214004CF0F5FF00218B460F461148124A121A16F08D
S214004D0069F90C4B002B00D098470B4B002B00D0BA
S214004D1098470020002104000D000B4816F0A0FC68
S214004D2016F030F9200029002FF0AAFC16F086FCB9
S214004D30000008000000000000000000081000202E
S214004D4008100020D4650020C9B6010007B501216F
S214004D5020200DF1070201F041F850B1012120207A
S214004D600DF107028DF8071001F048F803B05DF862
S214004D7004FB9DF807100129F8D00122084815F019
S214004D8017F801210DF1070220208DF8071001F019
S214004D9035F82FF0F7FB4FF4FA6000F069FEE5E710
S214004DA0C8F8030038B501F0B1F9012805D001F0C4
S214004DB0ADF9022801D001F0CFF9064D2B783BB9AA
S214004DC001F0A4F90128044602D12FF050FC2C7003
S214004DD038BD00BF065F002010B5044600882FF0DF
S214004DE0A5FBA37884F84400834202BF0123E37046
S214004DF02371074B04F11C00C4E9073401F044F8A2
S214004E00224620880349BDE8104000F081BF00BF5D
S214004E10C34203008D42030070B5C37804460D46B6
S214004E201646002B34D1D1B1214814F0C1FF01231E
S214004E30E370E36CA6600BB1E06D9847E368F61A82
S214004E4063699E4221D2217E1A480131C9B2217679
S214004E5014F0AEFFA36D13B1217EE06D9847E570A8
S214004E602FF0A3FB15B3237903BBA268238A801A0D
S214004E7083421BD801231048237114F099FF236D39
S214004E80A3B1E06DBDE87040184701232376E6E73E
S214004E900029E4D1094814F08BFF636DE660E570E5
S214004EA02571002BDBD0E06D9847D8E770BD00BFBA
S214004EB0F0F8030001F903002FF903001CF90300C2
S214004EC070B51E46838804460D46C18002810BB12C
S214004ED0868070BD817800882FF014FA0123E37075
S214004EE0064BA680C4E903340C34204600F0CCFF01
S214004EF029462046BDE870402FF04EBB0F43030006
S214004F0010B501790446B1FA81F1008849092FF0FD
S214004F1070FA21796088B1FA81F149092FF069FAAF
S214004F20034B1A68A24204BF00221A6010BD00BFDD
S214004F3084160020F8B543790446ABB100880E4FBE
S214004F400E4E3B6804F1080513B10D4B1B786BB190
S214004F5021792FF04EFA0B4B3C6028463178A3603F
S214004F60BDE8F8402FF018BB4088E8E7064814F084
S214004F701FFF064BF1E700BF84160020EA6E0020F4
S214004F80075F0020014F000045F90300354F000081
S214004F9010B50446E0B10F4814F00AFF0123637110
S214004FA0A37953B9217920882FF023FA236B7BB19C
S214004FB0606B0121BDE8104018472046FFF7A0FFB0
S214004FC004F108002FF0EDFA2046FFF7B3FFEDE7F7
S214004FD010BD00BF7BF9030010B50446F8B11048B9
S214004FE014F0E6FE00236371A3796BB9217920885B
S214004FF0B1FA81F149092FF0FCF9236B7BB1606BA4
S2140050000021BDE8104018472046FFF779FF04F15D
S21400501008002FF0C6FA2046FFF78CFFEDE710BD1C
S21400502086F9030010B5044668B1074814F0C0FEC0
S214005030637920461BB1BDE81040FFF7CDBFBDE841
S2140050401040FFF7A5BF10BD92F9030010B50E4C37
S2140050500E48214614F0ACFE82210D4814F0A8FE3E
S21400506082210220A21E00F0C9FE014630B134F8AB
S214005070022C0848BDE8104014F09ABE0648BDE869
S214005080104014F095BE00BF92570020A1F903000F
S214005090BCF90300C7F903000BFA030038B5104C3F
S2140050A082212246022000F099FEA51C014678B116
S2140050B022880C4814F07CFE2A460B4B03F1340180
S2140050C053F8040B8B4242F8040BF9D133232380A8
S2140050D035F8021C054A0648BDE8384014F068BE9C
S2140050E09057002016FA030096FA03009257002005
S2140050F074FA0300034B1B781BB18B4201D82FF0C8
S21400510041BA7047EB6E002010B5044601460E48C3
S21400511014F04EFE012C11D10C4B0D481A884FF698
S214005120FF739A421EBF0022094B5A742FF047F9AC
S21400513001F0DAFEBDE8104001F0ACBD0448BDE861
S21400514010402FF03EB900BFCAFA03009C6E002044
S2140051500869002070B500241A4D1B4E3378A34210
S2140051601BDC0024194D1A4E3378A3421BDC0024A6
S214005170184D194E3378A3421BDC00F0C7FF0128F8
S21400518016481CD12FF01BF901F0AEFE01F082FD8F
S214005190BDE87040124800F0D9BF2846FFF71CFE55
S2140051A001346035DAE728462FF0EFF8013434355D
S2140051B0DAE728462FF022F901343835DAE72FF0FF
S2140051C000F9E5E7742300200D5F002094270020F7
S2140051D00E5F0020442100200C5F0020086900209C
S2140051E0095100002DE9F04F87B0FFF757FFBC4B81
S2140051F005A805932FF026F9054615F0E7FDB94CEE
S214005200C2B21F2A627004D9B74814F0D1FD00F06C
S21400521023FC2946A01C16F06DF805A82FF012F9FD
S214005220054615F0D3FDC2B21F2A84F8212001D905
S214005230AE48EAE7294604F1220016F05BF805A816
S2140052402FF000F93226044600272578002D40F07E
S2140052509480A74CFFF77EFF2378DFF8D4A2DFF810
S214005260D482A44E00939AF8003098F80020317843
S214005270A14814F09DFD327898F800109AF80000C6
S214005280531803449D4F20782C4603443846DBB21F
S214005290AA4200F3EE82012B38BF0123DFF864B286
S2140052A002935A4600235D464FF482714FF6FF7410
S2140052B002980133834213705180948002F10C02ED
S2140052C0F6DB8F4B8F498748AB6000F0FBFFE87931
S2140052D0AB6800EB400003EB800000F0C9FDEB7903
S2140052E00133EB71884B1B88A34203D0854987485E
S2140052F001F0EAF84FF00009814C32784A4500F395
S214005300E18200274FF00C09814ADFF8F8B198F8DF
S21400531000003178B84200F3EA8247180C210025D5
S21400532001FB07B19AF800009423A842794A00F3DB
S214005330FC820C2500274FF4827A98F800303678E5
S214005340DFF8F4811E44064405FB06B5DFF8ECB131
S214005350674B1B78BB4200F3FB820299694800F05A
S21400536015FE059B5E491A468B4240F008836A4844
S21400537007B0BDE8F04F14F01BBD532D0FD1637876
S2140053804C2B40F05B81A378502B40F057810122D4
S214005390624B1A7005A82FF055F8044655E74C2DB9
S2140053A00ED16378502B40F0CB80A378303B092B8E
S2140053B000F2C680A01C2FF052F8594B1870E9E78F
S2140053C0442D13D16378303B092BE3D8601C2FF0B3
S2140053D046F8544B544A1978002386B2994202F193
S2140053E06002D7DD22F8466C0133F7E7422D0BD179
S2140053F06378542B55D1A01C00F0D8FC424B188083
S21400540018462EF020FFC5E7582D33D8412DC1D9B8
S214005410433D152DBED801A353F825F0DF570000F5
S21400542095530000955300009553000095530000D7
S214005430955300008F5500009553000095530000CB
S2140054404155000087540000955300009553000016
S2140054509553000095530000C15600003D560000CD
S2140054609553000095530000955300009553000097
S21400547037570000692D8DD1601C2EF0F0FF80B2EA
S2140054802FF07CF886E71B4B0120197800231B4A77
S214005490994202F1A8027FF77DAF02F8A60C01330D
S2140054A0F6E7601C00F082FC0546E01C2FF04FF883
S2140054B00121024628462FF006F8602119481A4CAA
S2140054C003785943621865524FF4FA6111824FF41B
S2140054D0487151611549568311650133037059E7C8
S2140054E0925700201C680020E9FA030000FB030026
S2140054F0085F00200B5F002010FB0300981E0020B2
S21400550050170020D81600209C6E00208816002019
S214005510981D0020DC1B002060FB0300075F0020B6
S214005520EA6E00200D5F0020742300202F44030045
S214005530095F00200A5F002038210020D0180020D4
S214005540601C00F033FC00224FF034088146CD4F3B
S21400555011462EF0B8FF3878CB4D08FB00F325F83F
S2140055600390EA18E3781046693B18BF012393704E
S2140055702EF00BFF0021C54A3B785160012103FB4A
S21400558008550B443B7015600F46117402E7601C0B
S21400559000F00CFC0022114681462EF094FF3422C7
S2140055A0B84DDFF8E482287802FB00F328F8039071
S2140055B008EB0301E3780846693B18BF01238B70AC
S2140055C02EF0E3FEB24A00231046916B31BB00EB8F
S2140055D0831034232A7802FB03838363AD4A0023B7
S2140055E01046D2F8A410F9B9A82202FB030034230F
S2140055F02A7802FB0383C0F8A4305FB9A34A3B466F
S214005600114652F8040BA8B93422287800FB02820F
S21400561041F823202B7801332B70BBE60133042B93
S21400562002F14002D1D1D9E70133042B02F1A802DE
S214005630D7D1E2E70133042BE3D1EBE7601C00F09F
S214005640B5FB8046E01C2EF082FF01210246404654
S2140056502EF039FF60219048904D0278DFF858C24E
S21400566051436B1825F801804FF44871198259612F
S2140056708B495E839965E178A824642904BF0121DB
S21400568099709CF80030DFF80CE25C430EEB0401E6
S2140056900EF804304FF400744C8003240C718C71A7
S2140056A002EB420405EB441532240133DBB201322F
S2140056B04B718D6081F8A04002708CF8003069E66E
S2140056C0601C00F073FB00224FF0380A8146DFF8BA
S2140056D0E08111462EF0F7FE98F80030714D0AFB77
S2140056E003F325F803904FF00109EA1882F80490B6
S2140056F0E37873B1E01C00F059FB00220446114623
S2140057002EF0E1FE98F800300AFB03535C8083F825
S214005710069065485E4A03789901535498F800103D
S21400572002EB8314C1EBC10205EBC2054A1C65639C
S21400573088F80020D1E6601C00F038FB8046E01CAC
S21400574000F034FB0546601D2EF001FF04460246BD
S214005750012140462EF0B7FE2246284601212EF0B3
S214005760B2FE60204FF4487CDFF82CE14B4A9EF8EE
S214005770003000FB03F422F80480DFF824811119BE
S214005780A1F810C0C1F814C04E83C1F85880591C47
S214005790C9B248431418A4F810C0C4F814C06683ED
S2140057A0C4F8588094241552404D981C8EF800007A
S2140057B02878DFF808C1444303EB430301EB4101BB
S2140057C00CEB040E02EB431302EB41120CF8040040
S2140057D0CEF80430CEF8082001302870DAE5601CD8
S2140057E000F0E4FA8046E01C00F0E0FA00220546ED
S2140057F0114640462EF067FE002238241146284601
S2140058002EF061FE2A48274A03784FF0000E04FB6C
S21400581003FC22F80C804FF0010802EB0C0181F823
S21400582006E081F8048003EB0801C9B24C4302EBA2
S214005830040C15539C1C04704FF482741D4D8CF898
S21400584006E028788CF804804443DFF874C0C3EB85
S214005850C303C1EBC1010CEB040E02EBC30302EB66
S214005860C1020CF80400CEF80430CEF808204044FC
S214005870B3E790F805C001358C4584BF04714471C8
S214005880A83005E50E5F0020942700200869002058
S214005890981D0020981E00200D5F00207423002015
S2140058A0F5500000442100200A5F0020095F002018
S2140058B00C5F0020085F00200B5F0020DC1B002030
S2140058C0D0180020B9F1000F07D01BF8052C02EB0A
S2140058D0420204EB8204CBF808405946384601F0F1
S2140058E0D7FC09F10109A8370BF10C0B05E579186F
S2140058F00AD0481E09FB00B0C07900EB400004EB5C
S214005900800409FB01B08460104609FB0151039234
S21400591001F07CFA31781E48394409FB015101F048
S2140059209FF9039A01374032F1E4FD4218BF11F89F
S214005930050C03911EBF00EB400004EB80048C6056
S21400594003FB052001F0A4F8039901350C31E9E4C6
S214005950F74218BF15F8053C29461CBF03EB430366
S21400596004EB83040AFB07B018BFAC6000F042FFEC
S2140059702946404601F074F901370C35E8E413F87F
S214005980011D00297FF4EEAC3B2102F8011CE9E47E
S2140059903821002007B5012121200DF1070200F073
S2140059A01DFA18B99DF80720024B1A7003B05DF86F
S2140059B004FB00BFEB6E002007B5064B8DF8070012
S2140059C0187001210DF10702212000F017FA03B02C
S2140059D05DF804FBEB6E002007B5022101200DF1F7
S2140059E0060200F0FBF938B9044814F0E1F9BDF8F6
S2140059F0060003B05DF804FB0020FAE77DFB030019
S214005A0007B50221ADF806000DF10602012000F0F0
S214005A10F5F9014610B1034814F0CAF903B05DF871
S214005A2004FB00BF9EFB030010B5FFF7D5FF04463E
S214005A300146074814F0BCF90121064814F0B8F9ED
S214005A4024B9BDE810400120FFF7DABF10BD00BF43
S214005A50CEFB0300E0FB030008B5044814F0A8F9E9
S214005A6000F0DCF92EF08EFD2EF089FDF6FB03002B
S214005A7038B50446084D094B28462B6000F004FA5A
S214005A80002C18BF21462846BDE8384008BF4FF412
S214005A9096712EF081BD00BF982800207D4403003B
S214005AA02DE9F043384D91B008AC0746894690463C
S214005AB00FCD0FC495E80F00002684E80F000125DF
S214005AC00323324C3248CDE90366CDE905668DF8EE
S214005AD00E300796029539F081FC2E4839F07EFC90
S214005AE032462D4920468DF8176004F0F9FC3346FF
S214005AF032462A498DF81900009020468DF82390EA
S214005B00CDF82C808DF8216004F004FD0A90204624
S214005B108DF8097004F066FC204608AA05A904F072
S214005B201FFD02AA204603A92FF092FE4FF4007232
S214005B301B4B5A62194BE560626A920510D46BB92A
S214005B404FF40072164B11485A6204F04BFC114891
S214005B5039F047FC002011B0BDE8F083013BEBE7CD
S214005B60002BEDD0094908A82FF0A5FE4FF40072CF
S214005B700B4B06485A6204F035FC064839F031FCF7
S214005B80BDF82000E7E700BFFC9204000040005A82
S214005B90A4950400A095040080841E0040420F00D7
S214005BA00060005A0122034B1870034B1980034B08
S214005BB01A707047105F0020A46E00200F5F002050
S214005BC0F8B5454B1B780BB90020F8BD434B1B7846
S214005BD0012B03D1BDE8F8402EF053BC404B1C8887
S214005BE04FF6FF739C42EFD03E4839F0F7FB002398
S214005BF0260AE4B21A462146304604F0B3FB012ECC
S214005C00354604F0010335D015D9B51E012DDBD875
S214005C10002B0BBF4FF480754FF080754FF470610A
S214005C204FF070610BBF01274FF480370F204FF401
S214005C3070202D4B11E0002B0BBF4FF480754FF0FA
S214005C4080754FF470614FF070610BBF01274FF401
S214005C5080370F204FF47020244B1A6802401CD067
S214005C60BA421AD01A680A4032D11A6822EA0102E9
S214005C702A4316E0002B0BBF4FF480754FF080755B
S214005C804FF470614FF070610BBF01274FF48037FF
S214005C900F204FF47020164BDFE71A6822EA000246
S214005CA03A431A602EF0EDFB054600288CD00836E5
S214005CB044EA06102A460321C0B2FFF7F1FE40F67A
S214005CC0FF73684300F2FF70B0FBF3F080B27CE72E
S214005CD095427FF479AFC8E70F5F0020105F002081
S214005CE0A46E0020A495040028C3035020C30350CC
S214005CF024C3035010B5044C237823B9034839F065
S214005D006DFB0123237010BD125F0020A4950400D4
S214005D102DE9F0431F4C85B0074688469146FFF7AD
S214005D20E9FF23781BB901F0CDFF012323707BBA6E
S214005D30ADF80C3030220023174E02FB03F4315D21
S214005D40A51901BB012333554FF0FF3304F11000B2
S214005D5012493044AB606F80C5F80480C5F80C90DB
S214005D6009F042FA04F10801042231440C4B009574
S214005D7003A802F07DF8A96802460A4814F018F84D
S214005D8005B0BDE8F0830133102BD6D1064814F0D9
S214005D900FF8F5E7115F0020C0280020A744030095
S214005DA0B944030003FC030031FC030080B1027811
S214005DB0A2F14103032B0BD840783038C0B2082834
S214005DC006D8054B134413F8413C40EA03207047BD
S214005DD04FF6FF70704700BF1C93040008B50B46D3
S214005DE042B101460448006803F086F9BDE8084061
S214005DF02EF0BEBB022008BD7469002008B50B4615
S214005E0042B101460448006803F0FEFABDE80840C7
S214005E102EF0AEBB022008BD74690020F0B5002647
S214005E20124F8DB0FF2300930A223346386802A92A
S214005E302FF0CBFAC0B102AB1D4603EB800404E0A2
S214005E4055F8043BB34228BF5E1CAC423868E9D91B
S214005E50296803F05FFC0028F2D02D28F0D00DB0A2
S214005E60BDE8F0402EF084BB0DB0F0BD7469002094
S214005E7028B1034B0360034B4360002383607047E5
S214005E80190000031C690020FF2307B50021044AFF
S214005E900093083009F02CF903B05DF804FB00BF4E
S214005EA0934503000B4604490246086803490978EF
S214005EB008B12EF081BB7047CC2B0020145F002069
S214005EC0F7B50C4618B12921194839F0DEFA2468CE
S214005ED023685E795F8830463946FFF7E3FFF0B106
S214005EE08568E5B1A089227D3946904291BF0020A1
S214005EF0801AA36880B294BF03469B18E27C009089
S214005F003046A8470138032803D8DFE800F0080F1A
S214005F100B0D0024204632F0C8FD204600E081200C
S214005F2003B0F0BD8024F5E79324F3E78724F1E778
S214005F3059FC0300F8B515460D4A044610680D4A8C
S214005F400B46117850B122462EF036FB034628B198
S214005F5000210C27C678B14201DB0020F8BD07FB04
S214005F6001F45A681019125BAA42F7D00131F2E721
S214005F70CC2B0020145F002008B5034B1B6803B130
S214005F809847002008BD00BFC82B00202DE9F74F1A
S214005F9004460D460026454B454F1860454B197084
S214005FA033010021F85C01360FF0F8FE0C2EF7D115
S214005FB00C2D28BF0C254FF0000901953C4EDFF84C
S214005FC000A13D4DDFF8FC80019B4B4502DC03B091
S214005FD0BDE8F08F23784FF0000B33706388738032
S214005FE0A388B380A379C6F80880B371E379C8F8AC
S214005FF0005088F804304FF00003A768A8F8063071
S214006000E3795B450ADC012116F8100B0FF0C6FE9B
S21400601008F1080809F101090C34D5E74FF0000330
S21400602038886B812880FB784FF0000C2B81BA787B
S214006030C5F804A0002A00920CBF802240222A73D2
S21400604079680AF10C02634513DC03EB43030AEBA1
S214006050830ABB6843B1009A4FF6FF71B2FA82F228
S214006060164B520932F0B1FC14350BF1010B0C370C
S214006070C6E7B1F800E00CF1010C22F80CEC91F840
S21400608002E00C3202F816EC91F804E00C3102F84B
S21400609015EC11F809ECBEF1010F14BF4FF0100E0D
S2140060A04FF0110E02F814ECCDE700BFCC2B002009
S2140060B094420020145F0020D0310020C15E000012
S2140060C0D02B002050340020014B1860704700BFD2
S2140060D0C42B002070B5128805460E46FFF72AFF2F
S2140060E0044670B102790499806814F0C5FF064B27
S2140060F01B680BB9002070BD314628462288984799
S214006100F8E78620F7E700BFC42B002008B50EF09E
S214006110E1FE022806D0012806D0044B187840007D
S214006120C0B208BD0120FCE70220FAE7135F00209A
S214006130054B10B51C682CB1FFF7E8FF2346BDE8F9
S2140061401040184710BD00BFC02B0020014B186040
S214006150704700BFC02B0020034B1A781AB90122E3
S2140061601A700AF0BDBE7047135F00200022024B73
S2140061701A70FFF7DDBF00BF135F002037B5044677
S214006180002836D00EF0A6FE022834D1608933F0FF
S21400619009F8E079237A003818BF0120012B637ACA
S2140061A008BF40F008000BB140F0100063890BB147
S2140061B040F00400257CA188A2790DB1E36893B96C
S2140061C00F4B10F0C7F92178084610F03FFA32F06E
S2140061D0F5FA044610F0F8F97CB100280CBF002050
S2140061E0032003B030BDCDE90035064B10F0B2F900
S2140061F0E9E70220F5E70120F3E72046F1E700BFD4
S214006200EF490400F218040008B50CF0C7FF014679
S21400621030B1044813F0CCFDBDE808400DF062BB79
S21400622008BD00BFCBFC0300034B044A5B7C012186
S21400623003201370FFF7E2BD08690020155F0020F9
S21400624010B50446FFF7F0FFB4F57F4F0BD10024DE
S2140062500F4B1A8813449C70FEF7F8FE2046BDE8E4
S2140062601040FFF705BC4FF601739C4204D1BDE811
S214006270104008482EF08BB84FF602739C4205D1AA
S214006280BDE81040044B1878FFF796BB10BD00BF62
S2140062909057002008690020EB6E002010B5074CD0
S2140062A0012122460320FFF799FD28B92378044AE6
S2140062B0003B18BF0123537410BD00BF155F0020BC
S2140062C008690020F8B5564B564C1A884FF6FF73EF
S2140062D09A4218BF03234FF0080218BF2370524B90
S2140062E030251A7032225A70DA70DA7135229D70B3
S2140062F05D7139251A724FF400129D714B4D36268A
S214006300C5644B4D426405654A4D012285654A4D7C
S2140063101E71C565494D86184566494DC667856632
S214006320484D494E0567494D80F848204567202569
S21400633080F8785080F8845000F12105C0F8885025
S214006340434D80F85420C0F88C5080F8602080F8C8
S2140063506C20C0F8806080F89020C0F89440C0F8A8
S214006360B8303C4B3C4CC0F8BC300223C0F89840D8
S2140063703A4C80F8C030C0F8A4400F24384B80F860
S214006380A840C0F8C430374B374CC0F8C83082231A
S214006390C0F8AC40354C80F8CC30C0F8B04009248A
S2140063A0334B344DC0F8D030334B80F8B440C0F88F
S2140063B0D4302C7C314B80F89C20C0F8A00080F8AC
S2140063C0D820C0F8DC3044B12D4B80F8E420C0F86B
S2140063D0E03005F11103C0F8E8304FF0000CCA7940
S2140063E08E6802EB42039F00443006EB830326F8D8
S2140063F007C0586001200D349870DC701318CB71FC
S214006400FFF7C8FAFFF74AFFFFF780FE012806D11C
S2140064102B7C23B1BDE8F84016482DF0B8BFF8BD78
S2140064209C6E0020EC6E0020165F00203593040062
S214006430010020003493040002002000339304007F
S21400644003002000329304000500420004004200CE
S21400645007003000FDFF210012001001004042003E
S2140064603093040000FF440120930400060042001D
S214006470905700200869002002FF2001EB6E0020E4
S21400648001FF100113B504460D482DF0E7FE642207
S214006490C0F30F43637083B2B3FBF2F3A0782370AC
S2140064A0202201212EF0AAF8A078212201212EF028
S2140064B0A5F80449201D02B0BDE810402EF06CB8C7
S2140064C09C6E0020E09304000B7870B583704CF649
S2140064D01E0303804FF02013C362012380F8303080
S2140064E080F83C30C3180364124B0446436402230E
S2140064F0114A80F84830114B8263C3644063CA79FE
S2140065008D6802EB420305EB830004F12C0646601F
S2140065100B4E45F8236000238360531CCB71094B58
S214006520201DC4E90134FFF7AFFC2046BDE87040EB
S214006530FFF7A8BFFDFF21002100200036930400CE
S2140065400100010385640000F8B54FF6FF73994219
S21400655004460E4609D0B0F87E308B4205D04FF682
S214006560FE729142037B01D10BB9F8BDEBB1204618
S2140065702EF00DF920462EF0CDF84FF6FE739E4213
S21400658013D1A068FEF728FD6068FEF725FD2EF003
S2140065900CF800232373A0674FF47F4260784FF413
S2140065A08171BDE8F8402EF029B8B4F87E50237B00
S2140065B0B5422CBF02250125AB4218D0D4E901070D
S2140065C0637B13B13B4607461846012D41D1FEF7C3
S2140065D0DFFC3846FEF700FD2DF0E7FF4FF47F4264
S2140065E0A0674FF48171607825732EF007F8E38971
S2140065F0A4F8806004F1B4060BB9238A7BB3B4F820
S2140066007E30A4F888302DF0D0FF012DB4F87E300F
S214006610B4F88020C4F8840038D1D31A022DE1895A
S21400662003D1208A002818BF0146594364235943E2
S21400663042F21073B1FBF3F10AB19A4201D101F6AE
S214006640B83130462DF0A8FF2046BDE8F8402EF0C1
S214006650A9B8FEF7C1FC3846FEF79AFCBCE742F242
S2140066601072012D08BF1346A4F87E3014BF002315
S214006670642360784FF48171A37508222DF0BEFF65
S2140066803046BDE8F84002492DF086BF9B1AC5E7A4
S214006690E0930400094A437B0C211370C38953809E
S2140066A0038A9380438AD380838A1381B0F87E302E
S2140066B0538100781130C0B2FFF7A0BB12580020FB
S2140066C038B5044600780D4D11302A460C21C0B26C
S2140066D0FFF784FB80B92B78204663736B88E381D1
S2140066E0AB882382EB8863822B89A3826B89A4F80C
S2140066F07E302DF0D9FFA07538BD00BF125800209F
S214006700024B53F820002EF0F8B800BFB03400203B
S21400671010B50446052923D8DFE801F003080C224B
S214006720221020462EF0DEF8002010BD20462EF067
S214006730DDF8F9E720462EF0DCF8F5E7E18911B937
S214006740218A0029F0D082B17BB1117864290ED855
S21400675020462DF0C6FF014620462EF0B4F8E3E7AB
S214006760044813F025FB0120DFE70320DDE70220C5
S214006770DBE700BFF8FC030010B4054C114654F8E4
S21400678020001A46BDF804305DF8044BFFF7C0BF82
S214006790B034002000234FF0967210B5C0E90323F2
S2140067A03222044682750F4A8382C267C0F884305C
S2140067B0A0F888308367A0F880308C30FFF764FB41
S2140067C0094B04F1B400C4E92334FFF75DFB074B23
S2140067D004F1DC00C4E92D34FFF756FB044BC4E992
S2140067E0373410BDFFFF8813D5480300E147030088
S2140067F0C947030038B504460B78294A43700D464E
S21400680042F82300FFF7C6FF2046FFF759FF4FF474
S2140068104013A3610123237784F8283084F83430AA
S21400682084F8403004F10D0363641E4B1E4AA364D3
S214006830022322621D4A84F84C30626204F116027A
S214006840E2621B4A84F85830226304F10C02A26309
S214006850184A84F86430E26304F10E022265164A90
S21400686084F87030626504F11002E265134A04F1A0
S2140068701403226604F11202A266114A6367E266F6
S214006880EA79A86802EB420300EB830118344C60F7
S2140068900C4C40F823400C4B8B60531CEB7138BDFE
S2140068A0B034002002FF21011F5F002008002000F6
S2140068B000FF300001FF100103FF210104FF21014A
S2140068C005FF2101020101087967000010B44FF4AA
S2140068D08274427B0C48013A012904FB020006D070
S2140068E0022908D059B95DF8044B2DF0FBBF5DF8BE
S2140068F0044B2DF0FBBF5DF8044B2DF0FABF0348A8
S2140069005DF8044B13F054BAD018002014FD0300B1
S214006910B0F85C302DE9F0418B4204460E4639D083
S214006920437B077C93B31C4A12789A422ED34FF4CB
S21400693082751A4A013B05FB032390F80F801B7BE8
S21400694042462DF0F3FFB845054601D1FF281FD17A
S2140069503A463146204694F890302DF0E7FF2F4611
S2140069600546552212216078A4F85C602DF046FE9C
S214006970FF2F03D039462046FFF7A8FFFF2D09D08A
S21400698029462046BDE8F0412EF010B8FF25DFE787
S2140069900746E6E7BDE8F081085F0020D018002033
S2140069A041688268C978D27849B112B10321FFF7ED
S2140069B0AFBF837B002B0CBF01210221F7E72AB172
S2140069C0837B002B0CBF02210121F0E7014813F066
S2140069D0EFB900BF25FD0300037BD3B14368DA7827
S2140069E012B18268D278A2B91B7933B1837B002BAF
S2140069F00CBF04210521FFF78BBF83681B792BB1E1
S214006A00837B002B0CBF05210421F4E7014813F01B
S214006A10CFB9704757FD0300084A437B0521137022
S214006A20837B5370C37B9370037CD370037B13719B
S214006A3000780E30C0B2FFF7E1B900BF205F00203B
S214006A4038B5044600780C4D0E302A460521C0B2F3
S214006A50FFF7C4F920B1BDE83840084813F0A8B9DC
S214006A602B7863736B78A373AB78E373EB7823743C
S214006A702B79237338BD00BF205F002093FD0300F1
S214006A80024B53F820002DF0DBBF00BFD8340020A7
S214006A90F8B504460B78424A43700D4642F8230088
S214006AA0404E2DF0EBFFFFF7CBFF6268A3683E4831
S214006AB03E49D6641165D4655065C3E91410DE649A
S214006AC0DC654FF0987302266361012304F10C0124
S214006AD0E16137491032216204F10D01A1623549A6
S214006AE02376E16204F10E016163334984F82430B1
S214006AF0A16304F10F012164304984F830306164E9
S214006B0004F11001E1642E4984F83C3084F84830E2
S214006B10216584F85460A265E879A96800EB400214
S214006B2001EB820704F1140CC7F804C04FF4817C13
S214006B30244F41F82270C218D2B202EB420241F84A
S214006B4022C001EB820700227A601F4A84F8703068
S214006B5022661E4A84F88830A2661D4A1D4BE266ED
S214006B601D4AC4F88C3062671C4A8319A26704F178
S214006B705C02C4F88020DBB2194A03EB4303C4F876
S214006B80842084F8646084F87C6001EB83026034BF
S214006B905460144A033041F82320E871F8BD00BF62
S214006BA0D8340020A1690000034A0300D969000018
S214006BB00100200102001001030030010400300132
S214006BC00500210101FC01064A002100389304005B
S214006BD0510010003A9304003B9304005500210036
S214006BE06F0018001200010470B50D4606461446E4
S214006BF013460A460146164813F0DAF825B9204629
S214006C00BDE87040FFF71CBB072D05D12146304676
S214006C10BDE8704000F000BB4FF601439D4205D131
S214006C2021463046BDE87040FFF72ABF062D05D145
S214006C3021463046BDE8704000F0A2B8B5F5817F29
S214006C4005D121463046BDE87040FFF759BD70BDFE
S214006C50C2FD03000148FFF737BA00BFE96B00002A
S214006C604FF4C01330B5036001230371074B8C68E3
S214006C708360CA7902EB420304EB8305686004482C
S214006C8044F82300531CCB7130BD00BF3C93040076
S214006C900400010138B50024044D55F8040B08B172
S214006CA02DF0FCFE01340A2CF7D138BD003500204B
S214006CB0042908B50AD172B16BB113781BB92DF04F
S214006CC018FF002008BD2DF00AFFFAE7034813F06E
S214006CD06FF80120F6E70320F4E700BFF5FD030098
S214006CE010B4054C114654F820001A46BDF804307E
S214006CF05DF8044BFFF7DCBF003500200229024692
S214006D0008B50ED004D839B910462DF0F2FE06E0CC
S214006D104029F9D0412907D110462DF0E0FE002089
S214006D2008BD2DF0F0FEFAE7024813F041F8012006
S214006D30F6E700BF15FE030010B4054C114654F8E4
S214006D4020001A46BDF804305DF8044BFFF7D6BFA6
S214006D5000350020426B094B52791A7082785A70BF
S214006D60C2789A70826B12B190F83C20DA70007884
S214006D7004210930014AC0B2FFF740B8255F002061
S214006D80024B53F820002DF0DABE00BF003500207D
S214006D9038B504460078084D09302A460421C0B2AA
S214006DA0FFF71CF830B96B78A370AB78E370EB781C
S214006DB084F83C3038BD00BF255F002038B5044657
S214006DC00078114D09302A460421C0B2FFF706F8B4
S214006DD0C8B9A3782A78022B0CD004D863B9204609
S214006DE02DF087FE01E0FF2B0AD02046BDE8384094
S214006DF02DF054BE002AF2D120462DF070FEF4E7A6
S214006E00002AF9D1EBE738BD255F0020F8B5044627
S214006E100B78284A0D4642F823004370FFF7B8FF68
S214006E20636B254A5C631A632046FFF7C7FF20465C
S214006E302DF034FE4FF4801363600123626BA66B63
S214006E400532E2601D4A23722261A21C2375A261EC
S214006E5066B11B4A84F82030E261E21C6262194A7D
S214006E6084F82C3004F13C03A26223630627EA79F7
S214006E70A96802EB4203002E21F8237001EB830081
S214006E800CBF02230423C370012383700E4B04340B
S214006E908360531C4460DBB20C4C03EB430341F8A5
S214006EA0234001EB830000234360094B02328360DA
S214006EB0EA71F8BD003500201B4B0300034030018B
S214006EC001FF300102FF1001396D000008000100CB
S214006ED0E16C000028B1034B1B78834234BF0020CE
S214006EE0012070470A5F002070B500250A4C0B4E43
S214006EF03378AB4200DC70BDD4F8A42042B12379CD
S214006F001BB16079FFF7E6FF10B910462DF030FA96
S214006F100135A834ECE700BF981E00200B5F002068
S214006F2008B5427901461046FFF7D4FFA8B1CB78E2
S214006F300A48013A042B00EB82100ED8012B08D821
S214006F401BB9BDE808402DF0CABDBDE808402DF0CD
S214006F50D0BDBDE808402DF0D6BD08BD981D002068
S214006F6008B5427901461046FFF7B4FFA8B1CB78C2
S214006F700A48013A042B00EB82100ED8012B08D8E1
S214006F801BB9BDE808402DF0B4BDBDE808402DF0A3
S214006F90A6BDBDE808402DF0B6BD08BD981D002072
S214006FA010B586B00446FFF7B1F8012830D1E27874
S214006FB0042A2DD8DFE802F0133234030300617987
S214006FC00846FFF787FF58B31648032A00EB8110E0
S214006FD050F80C3C58791DD1003818BF0120637852
S214006FE04FF480728DF804304FF48273ADF806309B
S214006FF00623ADF8083001238DF80B3000238DF8FA
S2140070000A0001A8CDE903238DF81430FFF7B6F87F
S21400701006B010BDB0FA80F04009E0E70020DEE7D9
S2140070200220DCE7981D002010B586B00446FFF766
S2140070306DF8012830D1E278042A2DD8DFE802F076
S21400704013133203030061790846FFF743FF48B382
S2140070501548032A00EB811050F80C3C5B791DD1D3
S2140070601A1E18BF012263788DF80A208DF80430A6
S2140070704FF48273ADF806300623ADF808300123CE
S2140070804FF480728DF80B30002301A8CDE903235E
S2140070908DF81430FFF772F806B010BDB3FA83F21D
S2140070A05209E0E70222DEE7981D002010B586B000
S2140070B00446FFF72BF8012812D16378094A8DF8A9
S2140070C004304FF48273ADF806304FF48073CDE988
S2140070D00223002301A804938DF81430FFF74EF81E
S2140070E006B010BD0800070110B586B00446FFF7CD
S2140070F00DF8012820D16278104B8DF804204FF44B
S214007100827294F8A01094F8A10059701870ADF827
S214007110062004934FF480720223094901A88DF8D3
S2140071201430CDE90212FFF729F894F8A130013B9C
S21400713018BF012384F8A13006B010BD295F0020D7
S2140071400800050110B58378044603B30379022BC3
S2140071500AD142791046FFF7BDFE28B10C48013A25
S21400716000EB82102DF0CFFCA379022B02D1204633
S214007170FFF716FF2046FFF7B7FF02236078A4F854
S2140071806C305522BDE8104012212DF037BA10BDE4
S214007190981D00204388094A08211380838853805D
S2140071A083681B8A938090F8A03093718379D3719B
S2140071B000780430C0B2FEF721BE00BF1E58002083
S2140071C038B50D4604460178114812F0F1FD4FF629
S2140071D002739D420ED10F4B1B782BB9637120466C
S2140071E0BDE83840FFF7D6BF62790AB19342F6D2BF
S2140071F00123F3E7B5F57F4FF1D120462DF01CFDB6
S214007200A378022B0CBF01220022A3689A70E6E73F
S21400721031FE03000A5F0020024B53F82000FFF700
S214007220CFBF00BF2835002038B504460078144D7F
S21400723004302A460821C0B2FEF7D0FD20B1BDE8D2
S2140072403840104812F0B4BD2B8863806B88E9780C
S214007250A380AA88A3681A82AB7984F8A030EB7959
S214007260A371094B1B780BB9637138BD09B19942FC
S214007270FBD9064812F09CFD23780133F4E700BFE3
S2140072801E5800204BFE03000A5F002074FE030019
S214007290F8B504460B78474A0D4642F8230043707B
S2140072A0FFF7C2FFA268444BD465D364434B022663
S2140072B05365434BA11C13654FF44013E360012351
S2140072C06161E1623F49103221632265211D3E4A19
S2140072D0A1633E483E49626504F1A002A061E163F5
S2140072E0E265E01C611D3B4A206261643A483B4906
S2140072F02266A21D2374237784F8283084F834305D
S21400730084F84030A16484F84C6084F8583084F8DF
S21400731064306062A266E879AA6800EB400102EB7E
S214007320810704F10C0CC7F804C04FF0060C2C4F74
S21400733042F82170C118C9B201EB410142F821C0E0
S21400734002EB810700217960264F84F8803027679A
S214007350254F84F89830A767244F254BE767254FBD
S21400736084F8746084F88C60C4F89C3004F16C0671
S214007370831CC4F88470C4F890601F4F1F4EDBB2A5
S21400738003EB4303C4F89460C4F8887002EB8306EA
S2140073907034746008261A4C42F82340C31CDBB2D3
S2140073A003EB430302EB8304043042F8236061607E
S2140073B0E871F8BD283500208F4B0300D94B030039
S2140073C04571000001FF300104FF2001100030016C
S2140073D002FF200105FF300100FF300103FF2101FD
S2140073E0070001084A0021003E93040051001000E7
S2140073F04093040041930400550021006F001800DC
S2140074001200010400239B6AB3F5804F03D219686B
S214007410064A914203D0002303708360704701221E
S21400742002709A689B694260F7E700BF07B0CD5EBE
S214007430024B034A1A602FF023B800BF000000205A
S21400744002020FF073B53F4B04461A781AB10222B7
S2140074501A7002B070BDCDE900220028F9D00126CE
S2140074601E7037F01DFF384D384B186017F082FA43
S2140074702B785BB902F0F2F940B935480823354A53
S2140074803549006801F038FE00B92E70334B5A6853
S214007490E260334A9A601A6E22605A6E6260D3F8CF
S2140074A07021A2601B6E5C042CD52E4AD368D807C8
S2140074B0FCD42D4B1A68531C29D04FF480139340EC
S2140074C02A4A13660423294C4FF0804223664FF461
S2140074D080632366102323664FF4005368462366B2
S2140074E001A9226663662DF0BFFB009B2366019B05
S2140074F063662B78002BACD0164B1A6822665B6846
S2140075006366A6E71A4AD368D907FCD4D1E7194BB5
S2140075101B78002BD6D1184B5A68144B12B94FF46F
S21400752080121A66154A526812B94FF400121A668B
S214007530134B5B68002BC5D14FF480020B4B1A66C9
S214007540C0E700BF2C5F00202D5F002060350020C4
S2140075507469002064350020007108000080004433
S21400756055CEAC0000000440406900200090004466
S214007570000004502B5F00200080055000C005501E
S2140075800000065038B5224D04462B78012B02D059
S21400759001232B7038BD0028FCD02DF08AFB01306B
S2140075A009D02DF086FB40F20113984203D0194A09
S2140075B0D368DB07FCD42268174B1A6662685A66E3
S2140075C0A268C3F87021E268D40744BF00229A601C
S2140075D0124B1A68013213D1114A127882B9114936
S2140075E04968C80748BF1A600F4A5268D10744BFA7
S2140075F001221A600D4A5268D20744BF02221A605E
S21400760017F0C0F90A4B186837F045FE0023C0E7AC
S2140076102C5F0020000004400080004440690020E9
S2140076202B5F00200080055000C00550000006506B
S2140076306035002070B50024A36AB3F5804F23D2CE
S2140076401A68134B9A421FD1124E337813F0FD0579
S21400765018D14FF480341048FFF7F4FE032004F0EE
S2140076604FFC0E4B0320DC6004F02EFC0C4B1C6120
S214007670AB6ADB69984704460748FFF783FF0CB9F7
S21400768001233370204670BD4FF48174FAE700BFC3
S21400769007B0CD5E2B5F00205035002000A00044D0
S2140076A00090004413B5204B1B7803B9FEE7002377
S2140076B01E4CCDE900336A4608231D49206801F0B8
S2140076C01BFDF8B91B4AD2F84031D2F840211F2BD7
S2140076D04FF0010311D9203A9340019A1A430192C0
S2140076E008236A461249206801F08EFE124B134AA0
S2140076F01A602EF0C5FE02B010BD9340009A1A43E1
S2140077000092EDE72D28F1D10A4AD2F84031D2F89E
S21400771040211F2B4FF0010385BF203A9340934032
S214007720019398BF0093DBE72C5F0020746900206C
S2140077300071080000800044000000200B020FF0DB
S21400774038B50025AB6A0446B3F5804F10D21B6BE4
S214007750B3F5804F0CD20748FFF774FEAB6A20469D
S2140077601B6B5B689847BDE838400248FFF70ABFC6
S21400777038BD00BF6C35002013B50024A36A019005
S214007780B3F5804F13D21B6BB3F5804F0FD2094869
S214007790FFF758FEA36A01211B6B01A89B69984757
S2140077A004460448FFF7EEFE204602B010BD4FF434
S2140077B08174F9E76C35002070B50026B36A04467C
S2140077C0B3F5804F0D4612D21B6BB3F5804F0ED229
S2140077D00848FFF737FEB36A20461B6B29469B69AD
S2140077E0984704460348FFF7CDFE204670BD4FF489
S2140077F08174FAE76C35002070B50026B36A04463B
S214007800B3F5804F0D4612D21B6BB3F5804F0ED2E8
S2140078100848FFF717FEB36A20461B6B2946DB694C
S214007820984704460348FFF7ADFE204670BD4FF468
S2140078308174FAE76C350020F8B50027BB6A044669
S214007840B3F5804F0D46164611D21B6B7BB1094827
S214007850FFF7F8FDBB6A20461B6B324629465B6A7B
S214007860984704460348FFF78DFE2046F8BD4FF4C0
S2140078700174FAE76C35002070B50026B36A04463A
S214007880B3F5804F0D4612D21B6BB3F5804F0ED268
S2140078900848FFF7D7FDB36A20461B6B29469B6A4C
S2140078A0984704460348FFF76DFE204670BD4FF428
S2140078B00174FAE76C350020F0B50027BB6A044671
S2140078C0B3F5804F0D461646ADF5337D20D21B6BC3
S2140078D0B3F5804F1CD21048FFF7B4FDBB6A2046B4
S2140078E01B6B40F2C1225B6A01A99847044630B17F
S2140078F00948FFF747FE20460DF5337DF0BD836A45
S21400790032461B6B2946DB6A01A898470446EFE718
S2140079104FF40174EFE700BF6C35002010B500246B
S214007920A36AB3F5804F10D21B6BB3F5804F0CD211
S2140079300748FFF787FDA36A1B6B1B6B9847044637
S2140079400348FFF71FFE204610BD0124FBE700BFDB
S2140079506C350020F0B58FB0044601A80E461546DB
S214007960FFF7EEFE9DF80C30012B12D1B5F5402F37
S21400797027D8B4F5402F24D86319B3F5402F20D864
S21400798021462A46304613F0B5FC002420460FB0A8
S214007990F0BD0027BB6AB3F5804F15D21B6BB3F55D
S2140079A0804F11D20A48FFF74DFDBB6A2A461B6B73
S2140079B0314620465B6B984704460548FFF7E2FDD4
S2140079C0E4E740F20244E1E740F20114DEE700BFDC
S2140079D06C350020F0B58FB0044601A80E4615465B
S2140079E0FFF7AEFE9DF80C30012B1FD1B5F5402FEA
S2140079F006D8B4F5402F03D86319B3F5402F13D932
S214007A0040F2024420460FB0F0BDE258013225D1C4
S214007A1004339D42F9D82A46314620462DF079F99E
S214007A200028EDD00024EDE70023F2E70027BB6A2C
S214007A30B3F5804F15D21B6BB3F5804F11D20A48B1
S214007A40FFF700FDBB6A2A461B6B314620469B6B40
S214007A50984704460448FFF795FDD3E740F20344F1
S214007A60D0E740F20114CDE76C35002070B58EB03B
S214007A70044601A80D46FFF763FE9DF80C30012B67
S214007A8022D144EA0503C3F30C03002B33D1B5F52A
S214007A90402F04D940F2024420460EB070BDB4F523
S214007AA0402FF7D82544B5F5402FF3D8204604F5E7
S214007AB000542DF027F9AC4202D00028F6D1E9E7B1
S214007AC00028E7D00024E7E70026B36AB3F5804F26
S214007AD014D21B6BB3F5804F10D20A48FFF7B2FCE6
S214007AE0B36A29461B6B2046DB6B9847044605485D
S214007AF0FFF748FDD0E740F20444CDE740F201141A
S214007B00CAE700BF6C350020BFF34F8F0549064B10
S214007B10CA6802F4E0621343CB60BFF34F8F00BF26
S214007B20FDE700BF00ED00E00400FA0570B5D0B137
S214007B30C9B10E4E431E013913F8014F2046325D7F
S214007B4002F00302012A11F8012F08BF04F12000F9
S214007B50B55C05F00305012D08BF2032801A01D15F
S214007B60002CE9D170BD0120FCE700BFA1BA0400DB
S214007B700348044A0449121A92102DF016B900BFA1
S214007B8034410000D04200007066002008B5154B56
S214007B9083F30A8800F030F8FFF7EAFF124B134928
S214007BA08B4212D30020124B12498B4218D3FDF79A
S214007BB099F8186850F82240586840F82240013278
S214007BC098688242F5D30C33EAE70022F8E71C688F
S214007BD044F8220001325C68A242F8D30833E4E796
S214007BE00022F8E70800002060DF04006CDF0400D5
S214007BF06CDF04006CDF0400124B134A70B59A6009
S214007C00D3F88820114D42F47002C3F888206FF034
S214007C10010205F50054226641F2FF7262660222F6
S214007C20C3F8D020BFF34F8FBFF36F8F4FF44036AB
S214007C30032004F065F90320E66004F045F92E61A0
S214007C4070BD00BF00ED00E0004000000080004472
S214007C50014B1860704700BF48690020054B18604C
S214007C60054B1B6F03F00703032B01D135F0CABB8E
S214007C70704700BF50690020008000502DE9F04199
S214007C8004464FF001080C250D4E0CB9BDE8F081F6
S214007C9094FAA4F0B0FA80F00F2808FA00F2C8BFF1
S214007CA0103824EA0204CABF05FB006205FB006226
S214007CB0B4325768002FE8D09168C0B2B847E4E7FE
S214007CC07C35002008B50C4837F088FB192004F0F6
S214007CD009F928B1192004F013F9192004F0F4F872
S214007CE01A2004F0FFF828B11A2004F009F91A2027
S214007CF004F0EAF8002008BDA49504002DE9F04140
S214007D000E461746054618B30F2923D80378DBB16D
S214007D10013BDBB2022B19D8104AD35C6A78D340F9
S214007D20DB0717D50E4BD3F81043ACB937F0B8FACB
S214007D3080463A462846314602F042FE404637F034
S214007D40AAFA2046BDE8F0817F23E7E70023E5E7AF
S214007D502224F6E72124F4E70224F2E794930400B1
S214007D6000C0035010B5044610B30378E3B1013BDE
S214007D70DBB2022B1AD8104AD35C6278D340DB07FA
S214007D8018D537F08DFA0122617823788A403021A1
S214007D904B4341F2100103F1A04303F570335A50F0
S214007DA037F079FA002010BD7F23E6E70023E4E7EA
S214007DB02220F8E72120F6E79493040010B5044645
S214007DC010B30378E3B1013BDBB2022B1AD8104A9A
S214007DD0D35C6278D340DB0718D537F061FA01220E
S214007DE0617823788A4030214B4342F2100103F138
S214007DF0A04303F570335A5037F04DFA002010BDFB
S214007E007F23E6E70023E4E72220F8E72120F6E7D1
S214007E109493040038B50D46044618B311B303789E
S214007E20E3B1013BDBB2022B1AD8104AD35C62786E
S214007E30D340DB0718D537F033FA30222378534384
S214007E4003F1A04303F570335B696278D34003F017
S214007E5001032B7037F01FFA002038BD7F23E6E7BA
S214007E600023E4E72220F8E72120F6E794930400B5
S214007E702DE9F0410D4616469846044600284FD098
S214007E8000294DD00178002940D04B1EDBB2022BD2
S214007E903ED8254AD25C6378DA40D20701D4FF295F
S214007EA040D1022E01D9042E3CD137F0F9F92378BF
S214007EB00746FF2B05D032462046296802F0C6FD4D
S214007EC028602B68013309D12378FF2B06D1174B86
S214007ED06078D3F824142DF043FD286029684B1CE5
S214007EE018D00C23124A03FB0122069BC2F804801A
S214007EF093602378FF2B04D001230E4A8B40C2F8F0
S214007F002434384637F0C7F9002007E07F22C2E75E
S214007F100022C0E7384637F0BEF92D20BDE8F081D4
S214007F202220FBE72120F9E79493040000C00350C9
S214007F307C35002000D0035008B502F037FD044B16
S214007F4000F05530C3F82004BDE80840FFF796BEA1
S214007F5000E0035008B502F029FD044B00F0AA30FB
S214007F60C3F82004BDE80840FFF788BE00E00350D1
S214007F702DE9F04F144605460E469B46C36B87B068
S214007F8001225B6902A960689847EB6B01225B6976
S214007F9003A93046984702A82DF006FB074648B1CD
S214007FA00023A37563754FF0FF33A360002007B06E
S214007FB0BDE8F08F03A82DF004FB0123A375237EF4
S214007FC004EBC303DE611F846368B3420ED12060F6
S214007FD003A82DF018FB4FF0FF332075A360237D18
S214007FE0043B022B26D80023A375DFE723681A1A62
S214007FF053425341A37503A82DF005FB237D83420E
S21400800018BFA77503A82DF0E0FA074602A82DF0C2
S214008010DCFA874218BF002303A818BFA3752DF00B
S214008020DCFA074602A82DF0D8FA87421CBF0023C8
S214008030A375D4E703A82DF0C8FA80B1EB6B022233
S21400804030465B6904A9984704A82DF0CDFA03468C
S214008050207D032839D8DFE800F03838040903A863
S214008060F3E7CC22237E04EBC3031A8401F06EFCF4
S214008070109B187003A8277E2DF09BFA04EBC70709
S21400808087F82200237E03A804EBC303B3F82090EE
S21400809093F822702DF099FA804603A82DF09DFAE9
S2140080A08246B8F1000F15D0EB6B022230465B69B2
S2140080B004A9984704A82DF05CFA6075637D6BB937
S2140080C00023A3754FF0000838E0227E04EBC202BE
S2140080D01384CBE703A82DF037FAEEE794F8168062
S2140080E0B8F1000FEED0B9F1000F09D1DFB10123CE
S2140080F0E375637E002B4FD1012F42D1677614E0E3
S2140081006B6C06EB0A015A4286EA010010421CBF5D
S2140081100022A2755A1E0A409B1A9945D0D8A37D04
S214008120002BE3D1CEE7E37D43B94FF000084B4682
S2140081305246314628462CF082FFA060A27D12B13E
S21400814023694B4423611A49237E097899422AD928
S21400815001332376BBF1000F27D032B3E37D23B380
S214008160B8F1000F21D1032F1FD0A1684B1C1CD0E3
S214008170109B2246009328460123FFF7F9FEA075C0
S21400818013E095F8343063B9EB6A0133CFD1032F8F
S214008190CDD10123A376C8E7012FCFD0032FC4D1BA
S2140081A0F7E79846C3E70023A375A07DFFE600BF68
S2140081B0B89304002DE9F04F0E46984600238BB086
S2140081C004464FF0FF31104617468DF8133001F085
S2140081D0A7FBB6F5801F20D2314605AA04F1080099
S2140081E02DF034F9451C014603D1237CBBB92D2064
S2140081F010E0384601F094FB0122394620460DF186
S21400820013032CF06EFF0028EFD09DF8133088F88B
S214008210003000200BB0BDE8F08FB01CE5D1E56A59
S214008220691C36D12046616A2CF04FFE0546B31C09
S21400823018BF0123DFF8CC900193636A626C029347
S214008240236805A902FB053AE36B05225B695046E5
S214008250984705A82DF043FA2DF066FA50462DF003
S2140082606EFA4FF0000B824601464B1C05D0636C3D
S21400827081EA0A025B42134211D0294620462CF0BE
S21400828024FE029BAB422CD0BBF1000F2CD105463E
S214008290D3E72368ED1A636CB5FBF3F5C7E74846EA
S2140082A001F03EFB0DF1130349462046019A2CF0DF
S2140082B018FF034690B1B21C03D0D9F80020B24292
S2140082C00CD19DF8132003930D4B88F800204946E7
S2140082D01A68384613F00EF8039B9B46D9F8081028
S2140082E0C3E7BBF1000F82D0B6F5801F91D23146AE
S2140082F098F800307A6804F1080001F03FFA88E741
S214008300B4930400583D00202DE9F3410446174677
S21400831098460E46184D816AE36A8B4201D04B1C84
S21400832002D102B0BDE8F081284601F0F9FA012238
S214008330294620460DF107032CF0D3FE38B14346FC
S214008340294620469DF80720B8470028E9D0A968A6
S2140083504A1C04D1696820462CF044FE0146012ED2
S214008360DAD16B6881EA0302636C5B421A4218BF7B
S2140083704FF0FF31D0E700BF2C3D00202DE9F04F35
S2140083804FF0FF334FF6FF720025044600F1080653
S214008390C0E909238BB0C362056205633046884690
S2140083A02DF025F820462CF060FD60BB20464146A7
S2140083B02CF0DBFD20462CF058FD60BB5E200BB099
S2140083C0BDE8F08F2368E26B606C576900FB0530F0
S2140083D0052205A9B84705A82DF081F9012807460A
S2140083E00CD1294620462CF091FD012F024600D1E3
S2140083F00132294620462CF057FD03E02DF099F96E
S2140084000028EED10135E3699D42DBD320462CF0EF
S2140084102CFD0028CAD000254FF0FF394FF6FF7319
S214008420CA46A846C4E90853E36998450AD3A5EBAB
S2140084300905012D2CD84FF6FF72636A93423CD192
S2140084406720BCE72368E26B606C576900FB083066
S214008450052205A9B84705A82DF041F9834605A8C9
S2140084602DF014F9074658462DF05EF968B15745C9
S21400847038BFC4F82480B94528BFB946BD4238BFC6
S2140084803D46BA46236A0133236208F10108CBE76A
S2140084904FF6FF7300256362E3699D42CBD2676C9B
S2140084A02068E36B052207FB05005B6905A9984772
S2140084B005A82DF0EBF80135EEE7E26B676C206857
S2140084C0694607FB030055690522A84768462DF054
S2140084D0DDF8626A2368606C4B4D00FB02302DF0BD
S2140084E02EF94FF0FF33A062E3622A466FF00101D7
S2140084F0204605ABFFF75EFE002846D1AD6829464C
S2140085002046E5622CF08DFC206320B92046E16A07
S2140085102CF068FDE062294620462CF063FD0546F7
S214008520A36A9D4233D120462CF04EFC002780469D
S214008530B946E36999453CD3B84559D92046616A9E
S2140085402CF0C3FC0026054604F1400AB74212D8B8
S214008550626C2368694602FB0539E36B05225B699A
S2140085604846984768462DF091F8534602464946D5
S214008570E06B2DF0E6F8294620462CF0A6FC0136E6
S214008580B0450546E2D1642019E7A56AB7E7294653
S21400859020462CF046FC236B2946034407462363FB
S2140085A020462CF01FFD0546002FB9D1C4E90B0765
S2140085B0B6E7636C2568052203FB0955E36B05A93E
S2140085C05B692846984705A82DF089F82DF0ACF889
S2140085D058B128462DF0B3F8014620462CF021FC71
S2140085E0636C143B984208BF013709F10109A0E704
S2140085F030462CF0FCFE002320461946034AFFF7BF
S21400860083FE0020DBE600BF843D0020D15003003F
S2140086102DE9F041036B9046826B07689A4288BF4B
S2140086208363426C436A90B002FB0377C36B0E46CB
S214008630052201A95B6904463846984701A82DF033
S2140086404EF801280146307057D0656CE26B2368FF
S214008650606AD2F814C005FB0030052206A9E04780
S21400866006A82DF03CF801284FF0000523D0D4E9E9
S2140086700A3201219342CDE90B458DF834800E95E0
S2140086808DF83C102AD1194620462CF0ABFC236B03
S214008690626C14339B1AE06223630C9B53B99DF8FB
S2140086A03C303BB1626A616C2368E06B01FB0231CF
S2140086B02CF0CDFF0C9DE36B05225B6901A93846C3
S2140086C0984701A82DF00BF830702846236BA26B54
S2140086D09A4288BFA36310B0BDE8F081237C33B90B
S2140086E01C490BAA04F1080001F096F8D5E72046CD
S2140086F0194A0BABFFF708FECFE7237C23BB2246C5
S214008700164904F1080001F087F8616A20462CF04B
S214008710FDFB616A421C20462CF0C6FB054620B9CC
S214008720236B626C1344143B23632046A16A2CF02F
S21400873059FC2368A062C01A636CB0FBF3F0606259
S21400874020462CF092FCB6E700232046044AFFF7AA
S214008750DBFDDAE7B58E0000318E00006B510300BA
S2140087600751030073B50D46D11E4A421C461B7EB8
S2140087704A419A4226D129682368994222D36368DF
S21400878099421FD8114E0DF107033246FFF712FD2E
S214008790C0B972686B689A4214D19DF80730DA1E29
S2140087A053425341227E93420CD163690133636185
S2140087B0D4E90323934205D22968A26842F823101D
S2140087C001332361012002B070BD00BF843D00204C
S2140087D02DE9F04F9B4689B09DF848309046514AA7
S2140087E00193136907465B450D46C0F09580D94650
S2140087F053680093B9F1000F7BD0FB6B01225B69D5
S21400880005A90098984705A82CF0DBFE454B1B6889
S214008810984240F0848005A82CF0DFFE0428064627
S21400882015D105A82CF0E0FE009B04461E44019BD3
S214008830002B3ED1804512D91C46A8EB00083846CE
S21400884000992CF0CFFBA9EB04090090D2E7FB6B54
S21400885002225B69009806A9984706A8E2E7A0EB03
S21400886008045C4528BF5C46032C4644ABEB040B6F
S2140088701DD9FB6B294630465B69A208984724F051
S214008880030304F0030A1E441D44DDF80480BAF115
S214008890000FD4D0FB6B012206A930465B699847CF
S2140088A05246284606A912F025FD5544C7E7A246BB
S2140088B0EBE7824600F0030302932B18039306446B
S2140088C0039BA6EB0A00A3EB0A05029B9A4514D16C
S2140088D0BAF1000FB3D0FB6B012206A95B6998477B
S2140088E05246284606A912F0C1FE0028DDD04FF0F9
S2140088F03609484609B0BDE8F08FFB6B012206A991
S2140089005B6998470422284606A912F0AFFE0028A5
S214008910EDD1AAF1040AD3E74FF06309E9E74FF077
S2140089206F09E6E7B03D00202DE9F0410F461646F8
S2140089309846044688B060B390F83450FDB10121E3
S2140089402CF088FA00210E9BCDE90511CDE90237FF
S2140089509DF83C30CDF804808DF81C30237C0496BE
S2140089608BB90D4901AA04F1080000F055FFDDE9B6
S2140089700553E06B002E08BF1D462CF004FC28466D
S21400898008B0BDE8F0812046044A01ABFFF7BCFC06
S214008990EDE70546F3E700BF3551030065870000A5
S2140089A07FB590F84260044601920DF10B030A462B
S2140089B0304611492CF0EFFB012E0546E36B17D12C
S2140089C032465B6903A998479DF80B10039B019AF2
S2140089D059B19BB243EA0243012228460393E36B54
S2140089E003A99B69984704B070BD62F30F03F3E7D1
S2140089F001229B6901A9F5E7B03D00202DE9F04F63
S214008A0099B00E460D920A69416C0B931439D31D2A
S214008A10B3FBF1F3013302EBC302036B044693424C
S214008A20C0F001820023DFF804940893E36A484606
S214008A301946059300F074FFD6E9033707930B9B9E
S214008A40022B4DD1CC2F40F0D7810D9B3BB1314648
S214008A5020462CF0F6FB656C1490012044E00120C3
S214008A60079B656C1B68149300F0010000280CBF80
S214008A7004230823782F0E9349D8059A6B1E1340BB
S214008A80ED1A3B1D9D423CD2002F3DD0082D3ED80E
S214008A900023042506934FF0040A336806990B98C2
S214008AA0C9F80030C9F810702CF0B1FD4FEA9A03EF
S214008AB00F93059B89F814000393002309930C93E6
S214008AC004930A93616C039B4A1E1A408B1A27B3C1
S214008AD05544AB4223D8236B5B1A134423632FE120
S214008AE0782F656CB9D8F07D0D9B002BBCD0E36B5E
S214008AF001225B69706816A9984716A82CF065FDD8
S214008B00B4E700250695C6E704250697C3E70123C4
S214008B1000254FF0080A0693BFE75345DBD3A3EBC7
S214008B200A029742039BB84628BF90469742534492
S214008B3028D90122D9F8101089F817208F4226D19B
S214008B400399C9F80410049299F817200AB399F803
S214008B5018100398CA1C09EBC20250600498013131
S214008B60A2F80880907289F81810B8F1000F07D0A4
S214008B700B9A022A40F08180099A72B1012209926A
S214008B809B46ABE0049A002A18BF0322DBE70222CA
S214008B90D9E7039AC9F80420E7E70C9A4244032A67
S214008BA0EED9E26B1846956914A901220993A847E5
S214008BB0099B05460028E1D03D2D40F01E8104F1BA
S214008BC0080303932368059A606CA2EB030ABAFBBA
S214008BD0F0FA00FB0A302CF0B2FDE16A804620462F
S214008BE02CF000FAA26A824200F00F81626CD9F87B
S214008BF00830511E0B40216B2768891A0B442363EB
S214008C00089BE062DF1BB7FBF2F7BA4540F0FA803C
S214008C10059BB3EB080A12D0E36B4FEA9A02414673
S214008C209B6998478346E36A059A5344E362236B3D
S214008C3003989B1A434423632CF0D9FBDA46236837
S214008C40616CE06B01FB07312CF0EEFC20462CF04B
S214008C500CF920462CF009FA2063BAF1000F00F058
S214008C60D4803269616CD31D1439B3FBF1F3013340
S214008C7002EBC3029042A5D2BFE00D9A002A77D13C
S214008C80B8F1030F4FEA98026ED9E16B18468D696A
S214008C9007991093A847109B0546C0B918F003051E
S214008CA015D0079A28F0030B02EB0B019B444FF0FC
S214008CB0FF3215A815922A46109312F01BFBE26BA2
S214008CC05846956915A90122A8470546109B9B465C
S214008CD0079A42440792002D40F08B80049B16A80A
S214008CE00193069B009399F814204346316800F0E0
S214008CF0CDFDE36B0F9A9B69039816A99847039AD4
S214008D00051E089B18BF1346089343465246204646
S214008D1003992CF094F9236B08F10302A3EB0A03E2
S214008D2022F003029B1AC9F808002363002D7FF483
S214008D3043AF0C9BA7EB080743440C93CDF80CB04D
S214008D40204603992CF04EF900250390002F7FF45F
S214008D50B9AE364A3168936804F10800E362526897
S214008D600B9B00F00BFD49E09B46454607999EE7A6
S214008D709B4606F120021092F27D7068A2B1002296
S214008D8096F818C00A99D5B2AC4511D9109D02F1D3
S214008D90010E35F832508D4228D90E9806EBC202E5
S214008DA00144D069084403E00E9A0A990A44104424
S214008DB0E26B15A9556901221193A847159A0A9BDB
S214008DC01392E26B043395695846012213A90A935D
S214008DD0A847119B054603EB0802A2EB0B02042AE8
S214008DE07FF679AF28B90BF1040BC5E77246491B2D
S214008DF0C9E7CDF820B088E770252F46384619B069
S214008E00BDE8F08F4FF0000A19E73269616CD31D98
S214008E101439B3FBF1F3013302EBC302236B934225
S214008E20BFF404AEE9E71C27E8E700BF583D002082
S214008E30032A2DE9F34106460D4617461C4606D181
S214008E40237A012B23D0012002B0BDE8F081DFF8A1
S214008E506080096842460DF10703FFF7ABF96060D2
S214008E600028EDD19DF80720237A032AE8D0D8F809
S214008E7004106A689142E3D1012B2969D4F80CC02A
S214008E8007D172690CEB0103934202D92074207C4F
S214008E90DAE708316144E1603B4601222946304664
S214008EA0FFF7ACFD60600028CAD00020CCE700BF0A
S214008EB0843D00202DE9F341089C032A17462668C6
S214008EC006D1237A012B24D0012002B0BDE8F08120
S214008ED0DFF89080304642460DF10703FFF76AF947
S214008EE060600028EDD12568D8F80400A96AD5F896
S214008EF044C04840CCF100031840227AE1D1012A50
S214008F0009D1E268D8F8103013447269934202D946
S214008F102074207CD9E72868EB6A1B1A081AB3FB72
S214008F20FCF3B0FBFCF083420BD1706CF36A421E7C
S214008F301340326B121A1344284633632CF052F84F
S214008F40E862D8F81020E36808321344E360012290
S214008F503B4604492068FFF751FD60600028B0D00A
S214008F600020B2E7843D00202DE9F0410025604B4B
S214008F700E46D3F8008004461D6018B92125284601
S214008F80BDE8F08190F8347007B30A6803689A4227
S214008F9040F0A3804A6843689A4240F09E808A6800
S214008FA083689A4240F09980CA68C3689A4240F043
S214008FB094800A6943699A4240F08F808A69C36B3D
S214008FC09A4240F08A804B698361D8E76822394626
S214008FD0856B11F0FFFFD6E90212336804F1080032
S214008FE023607368A5636360336963617369A36113
S214008FF02CF00FFAB36904F14000E3639B689847CE
S21400900020B9676C17B16368B3FBF7F794F8433081
S214009010E761002BB2D00023656C2366002D64D078
S214009020002F62D02368B3FBF5F205FB1233002B4A
S21400903055D16668B6FBF5F305FB1363002B4ED1DE
S21400904020462BF0DEFEA369043303449E4248D339
S21400905040F634726369CC3B934244D8B5F5805FE2
S21400906043D3032120462BF0F5FED4E90001E36B41
S2140090701B6898470546E36B0220DB689847CDB926
S21400908041462046FFF77AF96428054604D1414652
S2140090902046FFF773F90546666C5DB9236A2046DD
S2140090A0143E5E432BF0ADFEA369043303449E4298
S2140090B038BF5A25002D0CBF0123002384F8343016
S2140090C007D1D4E900010B4A1368013313602CF072
S2140090D03AFAE06B2CF057F851E75D254FE7592533
S2140090E04DE75A254BE75F2549E75B2547E700BF75
S2140090F0E8360020E43600202DE9FF410C461646EF
S2140091001F46054680B390F834307BB3B1F5801F18
S2140091102ED2DFF8608001212BF09CFE21464246CD
S21400912028460DF10F03FFF745F8044670B99DF881
S2140091300F30012B11D1D8F81030BB4212D10246A5
S214009140009031462846FFF743FB0446E86B2CF0B8
S2140091501AF8204604B0BDE8F081022B14BF2D2477
S2140091606024F3E76324F1E72124F2E71124F0E713
S2140091702924EEE7B03D00202DE9F04385B00C46EB
S21400918017461E460546DDF8308098B390F8343012
S21400919093B3B1F5801F31D2DFF8649001212BF034
S2140091A059FE21464A4628460DF10F03FFF702F8FE
S2140091B0044688B99DF80F30012B14D1D9F8102039
S2140091C006EB08039A4213D30090434632463946CC
S2140091D02846FFF7FDFA0446E86B2BF0D4FF20463E
S2140091E005B0BDE8F083022B14BF2D246024F3E7FE
S2140091F06324F1E72124F2E71124F0E72924EEE7BF
S214009200B03D002073B50C461646054630B390F8C0
S21400921034302BB3B1F5801F24D201212BF01AFE77
S21400922021462846104A0DF10703FEF7C3FF044601
S21400923080B99DF80730032B0CD0022B0CD12846A2
S21400924009492BF0FEFF3060E86B2BF09CFF2046B0
S21400925002B070BD2D24F7E76124F5E72124F6E778
S2140092601124F4E72924F2E7B03D00202DE9F3416C
S2140092701E4600230C4617460546336050B390F84A
S21400928034304BB3B1F5801F28D2DFF8548001216B
S2140092902BF0E0FD2146424628460DF10703FEF777
S2140092A089FF0446A0B99DF80730032B10D0022B87
S2140092B003BF01233B600423D8F8103018BF386082
S2140092C03360E86B2BF05FFF204602B0BDE8F0810C
S2140092D02D24F6E72124F7E71124F5E72924F3E700
S2140092E0B03D002073B50446056B2BF08AFD636E17
S2140092F003449D422CBF00230123854294BF0025D2
S2140093002D1A207C84F85030656584F85800A8B182
S21400931000230C4E1A461946204600962CF055F8A7
S214009320002305461A461946204600962CF056F8A5
S214009330E3682844984294BF0020C01AE06502B053
S21400934070BD00BFFFFF0F002DE9F3471E464369BF
S2140093500446B342884617469DF828904ED300250B
S2140093608DF8075020462BF04CFDD4F830A08245EF
S2140093700AD2236AB5EB430F06D2002220460DF12F
S2140093800701FFF745F9B8B39DF80730012B05D163
S214009390002220460DF10701FFF73AF9B9F1030F55
S2140093A006D0314620462BF01CFD256B854227D380
S2140093B0144D4FF0FF31284600F0B2FA4B462946CE
S2140093C000222046C5E90376C5F80080FFF716FBA5
S2140093D0236E054663B12046FFF784FF94F85030AD
S2140093E013B994F858301BB1236E04F15000984717
S2140093F0284602B0BDE8F0870135B3E76225F7E7F7
S2140094001C25F5E7843D00202DE9FF410F469046D8
S2140094101E46054698B390F8343093B3B1F5801FD6
S21400942031D21A4C02212BF015FD22463946284629
S2140094300DF10F03FEF7BEFE024678B10123424649
S2140094400093394633462846FFF77EFF0446E86B0E
S2140094502BF099FE204604B0BDE8F0819DF80F3051
S214009460012BEBD12169B142E8D100934146334646
S2140094702846FFF7ADF904460028DFD1E7E72124A8
S214009480E8E71124E6E72924E4E700BFB03D002022
S2140094902DE9F04790F8423086B0012B054603913F
S2140094A0A1EB020740F0AA80FF2F03D81E464FF01C
S2140094B0640807E00226012B14BF4FF032084FF075
S2140094C06408013600244FF6FF79DFF844A195F8CA
S2140094D04230012B14BF322364239C4202D35FFA2E
S2140094E088F40DE005AB2246514628462BF087FE51
S2140094F095F84230012B059B34D14B452DD1E4B273
S21400950095F84230012B14BF32226422121BB2425D
S21400951017D3012E39D10022012B05978DF8132081
S21400952027D1082205A90DF113002CF024F99DF887
S2140095301330059A42EA032221462846FFF730FAFE
S21400954040B10223324900932846CC23096803AA77
S214009550FFF7FAFE06B0BDE8F087DBB203B90234C7
S2140095600134B4E7591CCAD09BB2002BF8D10134A1
S214009570F6E7102205A90DF113002CF0FCF89DF873
S2140095801330059A42EA0342D6E7039A012B059266
S21400959023D10823202205A90DF113008DF81330DE
S2140095A02CF0E9F89DF81320120221462846FFF712
S2140095B0F7F995F84230611C012BC9B21AD1002880
S2140095C0BFD12846BDF81420FFF7EAF90028B8D125
S2140095D00234BDF81620E1B2AFE71023202205A919
S2140095E00DF113008DF813302CF0C5F89DF81320FC
S2140095F01204DAE70028A4D1059A9EE7B7F5803F63
S2140096004FF00106BFF457AF4FF032085AE700BFDD
S214009610B03D002070B586B00E4605460392A0B356
S21400962090F834309BB3B1F5801F32D202212BF074
S21400963011FC31462846184A0DF11703FEF7BAFD0D
S214009640044618B99DF81730032B0ED10223314675
S21400965000932846CC2303AAFFF776FE0446E86B61
S2140096602BF091FD204606B070BD022B0BD10A49A7
S21400967028462BF0E6FD039902468142EFD02846A5
S214009680FFF706FFEAE76124E9E72124EAE7112469
S214009690E8E72924E6E700BFB03D0020F7B50C4612
S2140096A01646054668B390F8343063B3B1F5801FAC
S2140096B02BD202212BF0CEFB21462846144A0DF170
S2140096C00703FEF777FDC0B99DF80730032B14D0CB
S2140096D0022B14D10E4928462BF0B3FD471C024638
S2140096E039462846FFF7D4FE044606B13760E86BD5
S2140096F02BF049FD204603B0F0BD2D24F7E761248A
S214009700F5E72124F6E71124F4E72924F2E700BF61
S214009710B03D002030B50C46054685B028B390F81D
S214009720343023B3B1F5801F23D202212BF092FBF5
S2140097300DF10F03214628460F4AFEF73BFD034670
S21400974088B99DF80F20032A0DD0032221460092E7
S21400975002462846FFF7F8FD0446E86B2BF013FD9B
S214009760204605B030BD2D24F7E72124F8E7112464
S214009770F6E72924F4E700BFB03D00202DE9F043CA
S214009780466886B3056898464FF0000CA946AE4674
S21400979055F83C400CF1010CC4F31307013401D01A
S2140097A0B94217D0B4450EF1080EF1D12F46002469
S2140097B003E0B44207F1080712D055F834300134FC
S2140097C00133F6D1C1F3130141EA0851C7E900128B
S2140097D0BDE8F08341EA0851CEE90012BDE8F08307
S2140097E0B8F1030F03D101230372BDE8F083002311
S2140097F003E0B34209F10809F5D055F833400133C8
S214009800C4F30754032CF4D1C1F3130343EA0853FB
S214009810C9E90032BDE8F0832DE9F041064640680C
S21400982082B0B8B10F4690460024336853F83450DF
S21400983003EBC403C5F30752C5F31301013506D085
S2140098405B683046CDF80080B84718B170680134C0
S2140098508442EAD302B0BDE8F08100BF024B19682B
S214009860024B1868FFF780BB54690020746900201B
S21400987008B535F008FD014B186008BDDC3D00203A
S214009880014B186835F0FABCDC3D002073B5044681
S2140098902248012A00EAC1119DF8185023F07C40A6
S2140098A007D9961E012E28D9073303F07F031943E4
S2140098B008E09DF81C300A43DB0603F0C053134350
S2140098C043F060410023C4E900108DF80730B5B1BD
S2140098D0202221460DF107002BF04DFF1A220DF134
S2140098E00700211D2BF047FF082063689DF807201E
S2140098F043EA8263636002B070BD1143E2E71B2255
S2140099000DF1070021462BF036FF23689DF807204F
S214009910042043EAC2632360EDE700BF80FFFF0731
S21400992038B5094B0D461A680021044611F052FB63
S21400993000234FF0FF322383C4E900252361A26091
S214009940E382A37638BD00BFB49304000138C0B2EA
S21400995005289ABF014B185C01207047B993040094
S2140099602DE9F0410746154600240E46596888B092
S214009970490A012922464FEA510104F10104F8D8A8
S214009980DC78997824031B88C90201F4006104F48A
S21400999080540C43C3F30A035203234492B24FF09D
S2140099A000089C18274B6FEA0444039325F078437D
S2140099B0ED4302A90DF107001B2202938DF80780E4
S2140099C02BF0D9FE9DF80720029B02A943EAC2634A
S2140099D00DF107001B2225F07845049302958DF8BB
S2140099E007802BF0C8FE9DF80720029B6FEA144400
S2140099F043EAC26305934FF0FF330794069307A923
S214009A00BB69012206F110009847BB6905A9044608
S214009A10012206F108009847BB69404518BF044676
S214009A2004A90122301D98470122404518BF04466C
S214009A30BB69304603A99847404508BF204608B092
S214009A40BDE8F08101009AB238B5104B0546D3F850
S214009A5000310C4603F00303022B0BD0032B0DD072
S214009A60012B0FD133F0E8FC032305B1286004B1C5
S214009A70236038BD33F02AFD0723F6E735F016FCE1
S214009A800623F2E701230020EFE700BF0080005026
S214009A9038B5134B0546D3F820010C4600F00700F6
S214009AA004281AD8DFE800F003090D111500012379
S214009AB005B1286004B1236038BD33F083FC04236D
S214009AC0F6E733F0B9FC0323F2E733F0BBFC0523DB
S214009AD0EEE733F0ADFC0223EAE700231846E7E79B
S214009AE00080005038B5104B0546D3F840310C4680
S214009AF003F00303022B0BD0032B0DD0012B0FD149
S214009B0035F0D6FB082305B1286004B1236038BDC4
S214009B1033F0DCFC0723F6E735F0CDFB0923F2E74C
S214009B2001230020EFE700BF0080005038B5104B3F
S214009B300546D3F860310C4603F00303022B0BD026
S214009B40032B0DD0012B0FD135F0B2FB082305B146
S214009B50286004B1236038BD33F0B8FC0723F6E76D
S214009B6035F0A9FB0923F2E701230020EFE700BF49
S214009B700080005041F6713210B5104C104BA042D8
S214009B8094BF00240124D969DA639A6801F480310D
S214009B9022F4401242EA04529A600A4A90420A4A62
S214009BA0D2F818028CBF40F0020020F00200C2F883
S214009BB0180209B10022DA6310BD00BF005A620223
S214009BC00000035080F0FA0200C007502E4B984267
S214009BD04AD022D82D4B984240D014D82C4B9842CD
S214009BE039D00AD82B4B984232D02B4B98422FD0E4
S214009BF02A4B98422CD000207047294B9842FAD125
S214009C00284B186F7047284B98422AD0274B98420B
S214009C10F1D1244BD3F880007047254B98422BD0C7
S214009C2009D8244B984223D0234B9842E3D11D4BAE
S214009C30D3F88C007047214B984221D003F574036B
S214009C4003F510539842D6D1164BD3F898007047B8
S214009C50144B986D7047134B586E7047114B586FE6
S214009C607047104B986F70470E4BD3F884007047C0
S214009C700C4BD3F8880070470A4BD3F89000704717
S214009C80084BD3F8940070470048E8010024F4001D
S214009C90C0CF6A0080841E0000093D0040420F00CD
S214009CA0405DC6000080E00FC0EA210180BA8C014A
S214009CB0007E560380D54302006CDC020090D00381
S214009CC037B50C460021114B0191D3F8803105467B
S214009CD003F00303022B0ED0032B11D0012B03D16C
S214009CE001A8FFF7D5FE0D210DB1019B2B6004B135
S214009CF0216003B030BD33F0A5FB05210190F3E7EA
S214009D0033F096FB02210190EEE700BF0080005082
S214009D1038B5104B0546D3F840320C4603F0030323
S214009D20022B0BD0032B0DD0012B0FD135F0C0FA30
S214009D30082305B1286004B1236038BD33F0C6FBA4
S214009D400723F6E735F0B7FA0923F2E700231846AB
S214009D50EFE700BF0080005038B5144B0546D3F837
S214009D6000020C4600F0070004281BD8DFE800F0CD
S214009D7003090D111500012305B1286004B1236005
S214009D8038BD35F095FA0823F6E733F09FFB072336
S214009D90F2E735F090FA0923EEE733F033FB0C23B5
S214009DA0800AE9E700231846E6E700BF0080005077
S214009DB038B5144B0546D3F808020C4600F00700E9
S214009DC004281BD8DFE800F003090D111500012355
S214009DD005B1286004B1236038BD35F069FA082360
S214009DE0F6E733F073FB0723F2E735F064FA09234E
S214009DF0EEE733F007FB0C23800AE9E7002318465A
S214009E00E6E700BF00800050032814D005D80128DC
S214009E1005D0022809D0002005E00F28FBD1084B0A
S214009E20186FC0F3013001307047054BD3F890002F
S214009E30C0F30460F7E7024B186FC0F38020F2E728
S214009E40008000501FB500230193252817D8DFE8AF
S214009E5000F0131A1D272C363B51565B60656A7856
S214009E60161A401616561A272C27361A5127783BEC
S214009E703B3B3B2727275B6033F0AAFA019001980B
S214009E8005B05DF804FB33F0BDFAF7E733F0A0FA4F
S214009E9002460220FFF7B8FFB2FBF0F20192EEE7AF
S214009EA033F0B0FA02460320F4E733F0ABFA02468A
S214009EB00320FFF7A9FFB2FBF0F25208EEE70021FD
S214009EC001A8FFF7FDFEDAE7002101A8FFF7E0FD95
S214009ED0D5E702934FF0E0231B695B0705D533F007
S214009EE091FA0290029B0193C9E703A902A8FFF723
S214009EF0F9FDF7E7002101A8FFF7F4FDBFE7002111
S214009F0001A8FFF713FEBAE7002101A8FFF724FF18
S214009F10B5E7002101A8FFF74BFFB0E7002101A835
S214009F20FFF792FDABE7094BD3F8803003F003034D
S214009F30022BA8D0032B01D000209FE733F082FA33
S214009F409CE7002101A8FFF7E3FE98E70080005099
S214009F5008B50120FFF776FFBDE8084003498842B0
S214009F6094BF01210221032000F002B880F0FA021B
S214009F70032810B50C4627D004D8012804D00228A0
S214009F8017D010BD0F28FCD12BF013FC2BF019FCBA
S214009F90124A013C136F23F4405343EA0433136719
S214009FA033F030FA0021FFF7E5FDBDE81040FFF77B
S214009FB0CFBF0A4A4C1ED2F8903023F0F85343EA3B
S214009FC00463C2F89030DCE7044A4C1E136F23F497
S214009FD0806343EA84231367D3E700BF0080005002
S214009FE01FB500230193252821D8DFE800F01320B1
S214009FF02020202A2F454A4F54595E7120203420B5
S21400A000204A202020202A204520712F2F2F2F2065
S21400A01020204F54314B1B6F03F00703013B032BEB
S21400A02005D8DFE803F00C02080A04230193019820
S21400A03005B05DF804FB0323F8E70623F6E70223E2
S21400A040F4E7002001A9FFF73BFEF0E7002001A996
S21400A050FFF71EFDEBE702934FF0E0231B695B075B
S21400A06005D533F0CFF90B230393039BDEE703A953
S21400A07002A8FFF737FDF8E7002001A9FFF732FD39
S21400A080D5E7002001A9FFF751FDD0E7002001A980
S21400A090FFF762FECBE7002001A9FFF789FEC6E7BF
S21400A0A0002001A9FFF7D0FCC1E70C4BD3F88030A5
S21400A0B003F00303022B03D0032B05D00023B5E7E0
S21400A0C033F0A0F90B23B1E733F0BCF90523ADE775
S21400A0D0002001A9FFF71CFEA9E700BF0080005082
S21400A0E008B50320FFF790FE034B18702BF061FBBA
S21400A0F0BDE808402BF065BB2E5F002010B5044677
S21400A10033F080F90021FFF735FD1CB1BDE81040A3
S21400A110FFF71EBF034B0320BDE810401978FFF77A
S21400A12027BF00BF2E5F002038B50546FFF74EFD5F
S21400A130204B04465A68012A04D11F494A609A698E
S21400A1409207FCD10020FFF74BFF042803D12BF029
S21400A15030FB2BF036FB194A24F0407395421FD093
S21400A160174A95421FD0174AD16811F0060FFBD147
S21400A1709068936091684B4013F4F81F16D12846F8
S21400A180FDF766FD0020FFF72BFF042810D133F003
S21400A19039F90021FFF7EEFCBDE83840FFF7D8BEDE
S21400A1A043F00073DFE743F08073DCE79060E9E795
S21400A1B038BD00BF00C0015000E0015040420F0013
S21400A1C080841E000000015070B504460020FFF792
S21400A1D007FF03287CD045F60E030221414AC2F849
S21400A1E08030414B9962012103F580539962936D4B
S21400A1F0D903FCD4D4E900131B0543EA0163E17BD1
S21400A20094F823500B43217B43EA0143617B43EAE6
S21400A2100133A17B43EA811313619169D4E90403F6
S21400A2201B0643EA806301F000410B43A17EE07EFB
S21400A2300B43217E43EA0143617E43EA0123936197
S21400A240E169136A002923F00D0343EA010314BFF2
S21400A2500121002143EA800343EAC103136294F814
S21400A260203094F82200916A4FEA431331D194F8D3
S21400A270216021F0330143EA06130B4343F0010348
S21400A28093621A49174A936D31EA0303FBD1022100
S21400A290154B9962936D5B00FCD41369A16823F497
S21400A2A0700343EA015313614FF000420E4B9A616C
S21400A2B018B9022203F580539A6215B901220C4B95
S21400A2C09A6294F824301BB1064B0A4AC3F88020E1
S21400A2D070BD21F0330129430B4343EA40039362E8
S21400A2E0EFE700BF00C0005000D000500300014060
S21400A2F000E00050F1A7FFFF014B93F90000704704
S21400A3002F5F0020014B1880704700BFA66E00200C
S21400A3100C4A10B51369044643F00403136133F086
S21400A320E1FB2BF052FA084B084AC3F8202430BF52
S21400A3302BF04CFA02F066F91CB9BDE8104033F079
S21400A34061B810BD00ED00E000E003500000FFFF24
S21400A350034A0179D36E23F030030B43D36670476C
S21400A36000400050F8B504460D461F4616464AB152
S21400A37001238B403021184A01FB0022F7B141F23D
S21400A3801001535004EB4403072D4FF00F014FEA22
S21400A390031316D8A80006FA00F281400F481844A6
S21400A3A02BF017FA4EB9012330210B4AAB4001FBC4
S21400A3B0042277B141F210015350F8BD42F2100169
S21400A3C0DFE7A5F10800800006FA00F281400448A5
S21400A3D0E5E742F21001EFE700C0035004C0035067
S21400A3E00CC00350012200F5805310B55A60244B70
S21400A3F0244AC36043691340FCD18361C0F8983097
S21400A400436913F4401FFBD14369DA052CD4836FEC
S21400A41053BB43699B0529D4D0F8883033BB012150
S21400A420C26FD0F88C2000F5005251603021836056
S21400A4300361C36203620167C0F880101249884254
S21400A44008D142F26004114984640165436584655D
S21400A450016643660C49884202D10020102B08D1C1
S21400A4600B4B5362936210BD436FCDE7D0F8843038
S21400A470CFE703F1280441F824000133EEE700BFDC
S21400A48012000200520001000040005A00C0028084
S21400A4908F330F80084608B569B91820FFF7D2FC3D
S21400A4A0B0B10C4B984206D90B4B9B68C3F30273B2
S21400A4B00133B0FBF3F0094B00F5742000F23F20A7
S21400A4C0B0FBF3F001387F2828BF7F20C0B208BD5C
S21400A4D00120F0E7005A62020040005A40420F0096
S21400A4E00B4B10B5994228BF19460C461AB91820CE
S21400A4F0FFF7A8FC0246631E1344B3FBF4F0A34226
S21400A50028BF00F1FF30032828BF0320C0B210BDCB
S21400A510005A620210B51048104C002B08BF0446C3
S21400A5208C4228BF0C461AB91820FFF78BFC02464F
S21400A5309DF8083040F2FF300133B2FBF3F2631EA1
S21400A5401A44B2FBF4F3A24228BF03F1FF33984249
S21400A55028BF184610BD00BF80969800404B4C00A0
S21400A5602DE9F04F2DED068BB64D0C4616462946C6
S21400A570002285B00746FFF7B3FF94F80580012256
S21400A580804538BF804607F500535A6020795FFA49
S21400A59088F850B91820FFF755FCA842014628BF96
S21400A5A0B0FBF8F13846FFF775FF4FF00009E37887
S21400A5B022781B01524202F0020203F030031343DA
S21400A5C062780004524202F004021343A27800F4B8
S21400A5D0FE00524202F0080213434FEA087202F0ED
S21400A5E0E04213431843E3882289B8603B616389DD
S21400A5F0DFF85CA243EA02433B62574502D1B9F159
S21400A600020F08D1012307F580577B6005B0BDEC2B
S21400A610068BBDE8F08F002235788B488B49B468EE
S21400A620954218BF01462B468948CDF80080FFF7B3
S21400A63071FF07EB09118B6CA2B223F0405323F491
S21400A640EE2323F01F0305F003041C4373788242B5
S21400A6504FEA830303F01C0344EA0304B37838BFCD
S21400A66002461B03F07803F4E0432343040404F497
S21400A670E024234334794FEA091C240704F04054AD
S21400A68023438B648C6C09F1050BC4F30234013C44
S21400A6907049042C26D8DFE804F0252503101A009C
S21400A6A0D1F88041240C2DB3C2F309020AEB0B1338
S21400A6B05A6009F1010910369FE7D1F88441002D50
S21400A6C0F2D1D1F88C11A4B20914490015E0D1F8E2
S21400A6D08441002DE8D1D1F88C11240C091401EB2B
S21400A6E041010AE0D1F88041A4B2002DDCD1DFEDB3
S21400A6F05A7A06E0D1F88C11091407EE901AF8EE93
S21400A700E77A01210CF1B44C0CF5804C2304DCF8FC
S21400A710483024F4C045C3F3820C0CF1010C01FA56
S21400A7200CF107EE101A4FEA854548BF45F0004584
S21400A73013F01C0FB8EEC79AF6EE008A454B55D1BB
S21400A740D3F88C110BB208EE103AB8EEC88A38EE81
S21400A750278A9FED42AAF7EE049A00285DD103925D
S21400A7602BF0B1F807EE900AF8EE677A87EE8A7A51
S21400A770C9EE877A27EE888A039A9FED397AC7EE64
S21400A780097A9FED387A67EE877AB1EE007AB5F1EE
S21400A790004F48EE077A0BD09FED337A06EE104A4C
S21400A7A077EE876ABAEEE86AF0EE477A56EE267AD1
S21400A7B0F5EEC07AF1EE10FACBBFF1EE677A78EEDE
S21400A7C0E78A77EEE87AFDEEE87AC8BFFDEEE77A2C
S21400A7D017EE901AB1F5003F2ADB6FEA55456FEA8F
S21400A7E045451B484FEA0B1145505DE7D3F89011DD
S21400A7F069EE286A09B207EE101AB8EEC77AD3F8DF
S21400A800881177EE677A0BB208EE103A87EEA67AD2
S21400A810B8EEC88A38EE078A9BE7D6ED037AF8EEDC
S21400A820677A87EE8A7AC9EE877A27EE888AA4E75F
S21400A83011F5003FAABFC1F3110145F400350D43E1
S21400A840CFE700BF005A6202404B4C00809698004B
S21400A8500040005A0080E00F0000000000007A442C
S21400A86000008043000020440000004941F6713299
S21400A870034BDA63012203F50053DA60704700BF2A
S21400A8800000035041F671320121044BDA6303F5F0
S21400A8900052D1600022DA63704700BF0000035008
S21400A8A0044B1868421C02BF034AD2F89400186092
S21400A8B0704700BF7869002000400050CB784A7887
S21400A8C010B55B010C7843EA82030A79234343EA16
S21400A8D002130C22424302F1B0421363012C02BF62
S21400A8E08A78024B43F8202010BD00BFD08003506A
S21400A8F008B54FF0B0435A6802B960B15B680BB157
S21400A9002BF009F84FF0B04130B10120074B5860EA
S21400A9102BF001F8C86008BD2AF0FDFF0223CB60CB
S21400A9202AF0F9FF0122024B5A60F4E700100058A3
S21400A930002000584FF0B0414B6810B50BB12AF01C
S21400A940EAFF01220B4BC4785A608378934043EAAF
S21400A950840344782343047943EA0413447943EA9E
S21400A960C4038B60044B5A600378C3F10203CB60C8
S21400A97010BD00BF0020005800100058054B5B6952
S21400A980C3F38512827003F03F021B0B4270037004
S21400A990704700BF00C007500120034B9B680A3376
S21400A9A003F01F03984070470080E00F034BD3F876
S21400A9B02424D3F820041040704700BF00C0035082
S21400A9C02DE9F8431E4B0546D3F810334B1E0E2BCD
S21400A9D00E46174690F8009044781DD909B34FF0FC
S21400A9E000082846D7B134F069FC09EB4903072C68
S21400A9F04FF00F014FEA031315D8A400114808FAC8
S21400AA0004F2A14018442AF08EFFBEB928468FB142
S21400AA10BDE8F84334F052BC8846E2E72AF092FFDD
S21400AA20E3E78846E1E7083CA400074808FA04F292
S21400AA30A140E7E7BDE8F8432AF084BFBDE8F88305
S21400AA4000C0035004C003500CC003502DE9F04171
S21400AA50204B1646D3F810234A1C05460C46407871
S21400AA6004D1D3F824142AF07BFF0446002C2EDBF6
S21400AA70072C14DC03274FEA84082A7807FA08F71D
S21400AA803946154802FA08F22AF04DFF6A78394628
S21400AA9002F00302114802FA08F22AF044FF0123EA
S21400AAA016F0050F0E4A18BF0E4903FA04F30CBF42
S21400AAB0C2F81034C1F8103416F0060F18BF094A51
S21400AAC0C2F814340123064AA340C2F820342046B4
S21400AAD0BDE8F08100C0035000C4035008C4035012
S21400AAE000E0035000D0035070B504462FF08AFBF8
S21400AAF0064630B90FCC044D0FC594E80F0085E824
S21400AB000F00304670BD00BFE03D002047F6FF73E3
S21400AB109A42F0B570D0022970D8394B5B5C022B94
S21400AB206CD8384DDE0005EBC304A77815F8333033
S21400AB30012F394638BF0121012B16D1E078401A83
S21400AB400021884205D8012F2CBFC0190130C0B2A1
S21400AB50F0BD431A6568A0EB530335F913509542D0
S21400AB60D4BF194603F1FF30EBE760680028EFD04A
S21400AB70B0F90040944204DBB0F902409442B8BFFA
S21400AB80144683883544FF2B19BFC8232827B0F9FD
S21400AB900630B0F90870A3EB04030CBF01220022B4
S21400ABA093FBF7F36E7813441BB29E4201DD002B35
S21400ABB001DA731E1BB24FF47A7C00EBC305EA88F9
S21400ABC0AD685F1C14FB02521D4622EAE2723BB2DD
S21400ABD05C329E42B2FBFCF204DD00EBC307BF888A
S21400ABE09742EAD200EBC5039888904228BF1046E9
S21400ABF0884238BF0846AAE7FF20A9E70020A7E753
S21400AC00BF930400E03D00200229F0B560D8314B28
S21400AC10595C02295CD8304B13F83100012816D154
S21400AC2003EBC1039C78D878012C214638BF01215C
S21400AC30904294BFC1EB0001C1EB0201001BCAB2F7
S21400AC408242C8BF00225B6833F91200F0BD002ABA
S21400AC503CD003EBC1035968002939D0987890425C
S21400AC6002D3B1F90200F1E7DC78B1F900009442B2
S21400AC70ECD95C788B88013CA3F1FF06734201F1A6
S21400AC800405E4B2734101F10C07DEB2B44216D8F3
S21400AC9005EBC3034FF47A756A43B3F902405B6869
S21400ACA0D21A04EBD47302EB630292FBF4F29042E6
S21400ACB0CCDBB1F902009042C8DC10B2C6E737F828
S21400ACC033C05E1C9445E3D33346DEE70348BDE756
S21400ACD00348BBE7BF930400E03D00200CFEFFFFE7
S21400ACE00080FFFF08B50448FFF7FEFEBDE80840F9
S21400ACF001202FF08DBA00BFC49304007FB5142244
S21400AD00002101A810F066F9044B01A94FF0FF30AE
S21400AD1002932FF0C3FA07B05DF804FB006A180030
S21400AD202DE9F0418CB08846DDE912761D460446D2
S21400AD30002847D0002945D0002F43D0002E41D010
S21400AD4013F00F033ED120482049A360002A08BF15
S21400AD5001462362C4E90013404609A92AF092FE80
S21400AD6068BB2046099934F004FB2946204634F097
S21400AD7000FB694640462AF014FF00BB69462046A1
S21400AD802AF03FFF404603A92AF016FFB8B920462E
S21400AD9003A92AF036FF06970127204645F00055FE
S21400ADA006A9079708952AF02CFF204609A90996B8
S21400ADB00A970B9534F003FB204634F0BDFA0CB02E
S21400ADC0BDE8F0812120FAE700010004000101043B
S21400ADD02DE9F04F97B0894690461F460546DDF8A8
S21400ADE080A0002800F0BB80002900F0B8803AB1AF
S21400ADF0229B002B00F0B380239B002B00F0AF803B
S21400AE00BAF1000F00F0AB80219B002B00F0A7806A
S21400AE1067B13C680026229B43440293464507D30D
S21400AE2007B13C60002017B0BDE8F08F3C46F1E764
S21400AE305CB1229B219A9B5D125D01345340239A9C
S21400AE4004F00F0493550136E8E7A8EB060BBBF1B8
S21400AE500F0F58D9434B4846C5E90034AC602C6206
S21400AE6013A92AF00FFE0028DDD1284613992BF0EF
S21400AE700F0B34F07EFA5946284634F07AFA4846E4
S21400AE8004A92AF08EFE0028CDD1284604A92AF06F
S21400AE90B8FE484607A92AF08FFE0028C3D12846E8
S21400AEA007A92AF0AEFE012322992F4ACDF828A042
S21400AEB00B930C928A190D9228464BF000520AA961
S21400AEC00E9303920F922AF09CFE28460DA92AF0B4
S21400AED098FE239B039A99190123109111931292BD
S21400AEE0214A284610A9CDF84CA01493159234F0A8
S21400AEF066FA284613A934F062FA284634F01CFA9B
S21400AF005E4400288FD1229B03EB060B239B1E4436
S21400AF10029B9B4501D1464680E7ACB9219B224661
S21400AF20CDE900A3494610232846FFF7F9FE00287E
S21400AF307FF479AF0AF1100212F8013D0133DBB25B
S21400AF4013700BB95245F7D1219A1BF8013B125DDD
S21400AF500134534006F8013B04F00F04D8E72120E3
S21400AF6061E700BF03030004100000207FB50E4613
S21400AF701D460446F0B102B9E3B9012301920293DB
S21400AF8045F00053039300230B4AA360C4E9002353
S21400AF902362204601A92AF034FE3146204634F0CA
S21400AFA0E8F92046294634F0E4F9204634F0C4F99E
S21400AFB004B070BD2120FBE700000943084B98420F
S21400AFC002D0084B984207D10B88B3F5105F14BF28
S21400AFD06FF08500002070476FF08500704700BF57
S21400AFE0004440040013C0041038102808D8064B4C
S21400AFF0C34013F0010F0CBF6FF0860000207047AF
S21400B0006FF08600704700BF010101002DE9F04F88
S21400B010A7B008AFCDE90501DDE93295DDE9346A70
S21400B02000210792384610229846DDF8D8B00FF077
S21400B030D1FF102200210CA80FF0CCFF069B2BB9E5
S21400B0406FF08604204627B0BDE8F08F079B002BE4
S21400B050F6D0B9F1000F01D1002DF1D1309B13B914
S21400B060319B002BECD116B9BAF1000FE8D1BBF139
S21400B070000FE5D040460599FFF7A0FF04460028DC
S21400B080E0D1014628221CA80FF0A4FF202221466A
S21400B09014A80FF09FFF1CA834F061F9002840F0B8
S21400B0A0AF80DDE90612059814AB2AF0F6FD0446DB
S21400B0B00028C7D11498FFF797FF04460028C1D18F
S21400B0C015B9CBF80000BDE7B14518D209EB05036A
S21400B0D09E4214D25545B3D82A46494630460FF00C
S21400B0E0CBFF554B984526D006D3544B984524D0D5
S21400B0F003F54073984520D06FF08504A2E74F4BC8
S21400B10098451BD003F54073984517D04A4B984591
S21400B110F2D1554594D815F00F0291D12B46CDE9C2
S21400B120009614A91CA8FFF7FBFD814600285CD1F9
S21400B130CBF8005086E7B146EDE7B1461022002175
S21400B14010A80FF047FF55453FF67AAF3C4B9845A1
S21400B150319B39D10D2B7FF473AF01238DF840302E
S21400B160309B0DF1410203F10C0153F8040B8B42A6
S21400B17042F8040BF9D11B78137001238DF84F3079
S21400B18015F00F0842D025F00F034B440DF1300C9C
S21400B19003F1100E624618685968083303C27345F7
S21400B1A09446F7D10F2D33D825F00F03334403937D
S21400B1B00CABCDE9017310AB00934246002314A9F3
S21400B1C01CA8FFF705FEB0E7102B7FF439AF309BC5
S21400B1D010AA03F1100E9446186859680833ACE8B4
S21400B1E0030073456246F6D1CAE752460021304650
S21400B1F00FF0F0FE0023B9F1010FCBF8003002D0BB
S21400B2006FF092041EE76FF08B041BE70F2D8FD9AB
S21400B21010ABCDE9029600930197002325F00F02AC
S21400B22014A91CA8FFF7D4FD81460028DDD1B8F18B
S21400B230000F3FF47DAFB7E7004440040010C004A1
S21400B2400013C0042DE9F04F8A46A1B00021DDE9C5
S21400B2502A56DDE92C790590934606A810229846D2
S21400B2600FF0B8FE102200210AA80FF0B3FEBAF1C4
S21400B270000F05D16FF08604204621B0BDE8F08FA0
S21400B280BBF1000FF6D00DB9002EF3D117B9B9F106
S21400B290000FEFD12E9B002BECD040460599FFF710
S21400B2A08DFE04460028E7D10146282216A80FF096
S21400B2B091FE202221460EA80FF08CFE16A834F030
S21400B2C04EF8002854D15A46514605980EAB2AF03F
S21400B2D0E4FC04460028CFD10E98FFF785FE04460E
S21400B2E00028C9D116B92E9B1860C5E7BD4216D2F4
S21400B2F0AB199F4213D24E45BCD832462946384633
S21400B3000FF0BAFE3A4B98455BD003F5407398456C
S21400B31031D0384B984511D06FF08504ACE7344BEC
S21400B32098454FD003F54073984525D0314B984546
S21400B330F2D14E4503D96FF089049DE73D463307A9
S21400B34098D133460122CDE900570EA916A8FFF77B
S21400B350E7FC2E9B05461E6000288DD04A4600213D
S21400B36038460FF037FE00232E9A012D13603BD08F
S21400B3706FF0920480E73D460D3E4E45DBD8012334
S21400B3808DF828302B460DF1290205F10C0153F8F3
S21400B390040B8B4242F8040BF9D11B780D35137061
S21400B3A04FF48073ADF8363006AB01930AAB0093CA
S21400B3B032460023CDE902570EA916A8FFF708FD6E
S21400B3C0C7E73D46103E4E45B5D82B460DF1280C36
S21400B3D005F1100E624618685968083303C27345B3
S21400B3E09446F7D11035DFE76FF08B0444E700BFD3
S21400B3F00010C0040044400410B54FF42F72002122
S21400B40004460FF0E7FD8023C4F88C30054B04F1AA
S21400B4109C00C4F88430012384F88830BDE81040CE
S21400B42029F087BCA9FE030010B5D0F8A0400A4654
S21400B4308CB92AF048FE044610B90024204610BDF8
S21400B4402D2896BF064B074953F82010064A074892
S21400B4502AF07FFFF2E7D0F8A4101046A047ECE7EA
S21400B460B0940400ACFE030001FC0300DCFF030004
S21400B470F8B590F88060044616B100263046F8BD50
S21400B4802AF054FC0028F8D1012384F8803094F880
S21400B490883033B1D4F884101F4884F888602AF0C6
S21400B4A058FF4FF0FF37D4F8B402421C1FD0C4F840
S21400B4B0B47210F0FF052CD020462AF034FC294642
S21400B4C0204600F0A7FB0028EDD020462AF039FCE5
S21400B4D094F888303BB1D4F884100F482AF039FF2E
S21400B4E0002384F88830002384F88030C6E72AF0EA
S21400B4F015FF431CDDD1D4F88C30D4F89420013BE2
S21400B5009A4204DB054A064906482AF022FF01262D
S21400B510E9E70126C7E700BF7711040001FC030036
S21400B520BAFE0300DCFF0300F8B50B780446302BA8
S21400B5300D46164604D14B7803F0DF03582B11D086
S21400B540284F6A1E12F8011F002934D128460A2205
S21400B5500FF030FC202C03460D4631D1B1FA81F0B5
S21400B56040091AE04A1C1F4912F8013F8BB92846C9
S21400B5700FF02CFC1C4B02382340032B12D1013455
S21400B580A41084420AD1A87837288CBF0020012056
S21400B59003E0CB5C13F04400E6D1F8BDCCBF01203D
S21400B5A00020FAE7002CB8BF0334B0EBA40FD4BFDA
S21400B5B001200020F1E77B5C13F00400C2D1ECE729
S21400B5C026B1084302D0013B61F100050122A240EA
S21400B5D0013A1A40002D08BF9A420CBF01200020F5
S21400B5E0DBE700BFA1BA040003000080F0B50378D3
S21400B5F001467B2B17D10646022400220B4F16F875
S21400B600015F7D2D05D10B5D6BB9D24302F00100C1
S21400B61008E07B5D13F0440002D001320134EEE70F
S21400B620202DFBD0F0BD0020FCE700BFA1BA04002F
S21400B63070B506460D460FF0C9FB044630462AF0A4
S21400B64088FE044EAC4200D370BD30462AF081FE20
S21400B6500134F7E74F0804002DE9F84F04460221AD
S21400B6605148FFF7E5FF1E212068FFF7E1FF6368FA
S21400B67058682AF06EFE4D482AF06BFE67683B7BE2
S21400B680FD2B12D8D7F808804FF0FF3640460FF053
S21400B6909DFB0546DFF81091DFF870A1DFF84CB18E
S21400B6A00C3717F8013BFF2B01D1BDE8F88F212B93
S21400B6B018D8212B36D8DFE803F0377274111B1D1B
S21400B6C01F213535353535353535232527292B2D9D
S21400B6D02F3135353535353535353D33344C002D40
S21400B6E02BD12EE0334C344AFE2B08BF1446F6E727
S21400B6F0324CF4E7324CF2E7324CF0E7324CEEE7ED
S21400B700324CECE7324CEAE7324CE8E7324CE6E7FC
S21400B710324CE4E7324CE2E7324CE0E7324CDEE70C
S21400B720324CDCE7234CDAE7314CD8E72AF005FE4A
S21400B73001362AE0002DB4D02E4C202B06F101064F
S21400B740AFD002214846FFF773FF1E214846FFF799
S21400B7506FFF50462AF0FDFD594620460FF090FE3A
S21400B7602549002818BF214624482AF0F2FD3B78D8
S21400B770202B02D12B202AF0E0FD21482AF0E9FDFB
S21400B7804DB118F806301F2B05D018F806001F28F4
S21400B79001D0AE42CADB05482AF0DBFD81E7194C32
S21400B7A09DE7194C9BE700BFEF49040001FC03002E
S21400B7B064FF030076FF03005B190400C1FF03006B
S21400B7C0C8FF0300B9FF0300B5FF0300ACFF03008A
S21400B7D0A2FF030098FF0300ADFF0300A3FF0300D2
S21400B7E099FF03008EFF030087FF03007EFF030020
S21400B7F063FF030069FF030074FF03007711040072
S21400B800ED020400C0FF0300C7FF0300431A040054
S21400B8102DE9F04F9BB005468B460024009203931B
S21400B8200FF0D4FA249F039B04901C6028463C60CB
S21400B8300AAA09A92AF0AFFD064658B90A980FF0D9
S21400B840C5FA3446B046039B1860D5F89C30029380
S21400B850029B1BB920461BB0BDE8F08F029BD3F8B5
S21400B8600890B9F1000F6CD02E4416F8013B202B3F
S21400B87011D000260C23734309EB030A59F8033052
S21400B8800193002B58D0099B434555DB9AF80820B6
S21400B8902AB1721C39E03B6801333B60E5E7396842
S21400B8A0D5F894200793039B521A1A601AAB03EB41
S21400B8B0880151F8403C0199184605930FF0A0FD09
S21400B8C006900028E5D101980FF080FADDE90623FE
S21400B8D00146DAF80400D7F800A090F80CC0BCF1D6
S21400B8E0FE0F16D103F1FF3EC64512D0D0F80090E9
S21400B8F0059801920FF06AFA0AF1010A019A50447B
S21400B9002B5C23B1386008F101081646B2E7013017
S21400B910F6E7D5F894200591A2EB0A028A4220DCCD
S21400B92058460FF053FA059901447B290DD958461D
S21400B9301F4A009929F024FA2B46049A2A44934277
S21400B9402CD1029B1B68029382E7DDE90012584661
S21400B95029F016FA5846174A0099013429F010FAC9
S21400B96097E7BCF1FE0F94D1013B434591D1D0F847
S21400B97000A0DFF840905AF80C2B22B9049B3B60DD
S21400B980039B1A60D8E75846009929F0F9F94A4609
S21400B9905846009929F0F4F90134ECE713F8011B36
S21400B9A00029CCD14FF0200103F8011CC7E700BFE7
S21400B9B0CEFF03004F0804002DE9F047002486B0B0
S21400B9C01C60DDE90EA8064689468AF80040116824
S21400B9D0154888F8004017461D468DF81740FCF7B6
S21400B9E0A5F818B901242B6801332B600020D6F87F
S21400B9F09C6036B914B1012388F8003006B0BDE863
S21400BA00F087B06868B14B460021CDE902A8CDE9C1
S21400BA1000750DF117022AF0F5FA9DF81730002B85
S21400BA20E8D13668E5E700BFD3FF03002DE9F0470D
S21400BA300446ADF5447D8022002104A802AF0FF035
S21400BA40C9FA80222046009703AB04A9FFF7E0FE60
S21400BA5001283DD104A80FF0B9F903993B68461AAE
S21400BA600B4426EAE6762344054604A832460144FB
S21400BA7018460FF03FFC00228255D4F89060039BD6
S21400BA803968D4F890201944B14212DCD4F89410E6
S21400BA90E81A0244C4F89020014404AAC4F894109A
S21400BAA0D41825182B1B002B0DDC0DF5447DBDE8A6
S21400BAB0F087A05C2AF041FCD4F8903001360133C0
S21400BAC0C4F89030DBE714F8010B2AF036FCE9E7FF
S21400BAD0EBDD24AD8022002128460DF5887A0FF094
S21400BAE079FA0DF110094FF40072002150460FF05C
S21400BAF071FA4FF001084A46002312F8016BA6B906
S21400BB0004A84AF828300FF061F9294633469845CC
S21400BB101CDB19F8016B0DF5887C5CF8042B82425F
S21400BB200CD101F8016B0133F1E7202E03F101037C
S21400BB3004BF4AF8283008F10108DEE70DF1100EC0
S21400BB407244D25CB242E8D00022EA54D4F8906044
S21400BB50039BB3422FDC23462C4A04A92C482AF028
S21400BB60F8FB28460FF032F90646039B3F68F61AA4
S21400BB701F4426EAE672E01917441D44E11904F151
S21400BB80900399423CD904F19803984238D26A1E31
S21400BB9081190B1A002B27DD12F8013F00F8013B34
S21400BBA0D4F890300133C4F89030D4F89430013390
S21400BBB0C4F89430EDE7D4F890300136E05C2AF013
S21400BBC0BCFBD4F890300133C4F89030C0E7D4F80A
S21400BBD09020013B0132C4F89020D4F89420013222
S21400BBE0C4F89420002BF2DC00232E44E355731B8C
S21400BBF0002B7FF75AAF15F8010B2AF09EFBF6E7ED
S21400BC0029460FF077FB3346ECE700BFA9FE03009A
S21400BC10D8FF03002DE9F843D0E9245604460F4622
S21400BC20002294F89830012B07D10A2F07D1002361
S21400BC3084F898300020BDE8F88300F29F801B2F20
S21400BC4001D10223F4E70D2F0DD1012384F898309B
S21400BC500D202AF072FB0A202AF06FFB0023012039
S21400BC60C4E92433E7E74FF00008082F84F89880EB
S21400BC7034D1454530DDB5420FD138462AF05DFB5C
S21400BC8020202AF05AFB013D38462AF056FB013E9A
S21400BC9004F80580C4E92456CCE7FBDA05F1FF3941
S21400BCA038462AF04AFB04EB0903A6EB09026119A1
S21400BCB018460FF0E1F904F806800146013E4848B0
S21400BCC02AF047FB35464D4501DC4D46E2E70820A5
S21400BCD02AF033FB013DF6E7ACD0DBE77F2F1CD123
S21400BCE0002EA7DDB542A5DA6319691C2144184663
S21400BCF0721B0FF0C1F904F80680014639482AF095
S21400BD0028FB0820013E2AF018FBB542F9D1D4F8EA
S21400BD109430013BC4F894308CE70A2F98D0092F52
S21400BD2003D12046FFF782FE84E7D4F88C30013B2F
S21400BD30B3427FF77FAFB54204EB050805F1010972
S21400BD400CDB384688F80070D4F89430C4F890902D
S21400BD500133C4F894302AF0F0FA6BE74146721BC0
S21400BD6004EB09000FF088F940462AF0F2FA0820A2
S21400BD70013E2AF0E2FAB542F9DDE2E7022B06D1EF
S21400BD805B2F01D1032353E784F8982049E7032B60
S21400BD907FF450AF413F84F89820032F3FF64AAF18
S21400BDA0DFE807F002070A16012120462AF076FA95
S21400BDB040E74FF0FF31F8E7B542BFF63BAF605DB6
S21400BDC02AF0BBFAD4F890300133C4F8903031E74B
S21400BDD0002D7FF72FAF013D0820C4F89050BAE73A
S21400BDE0E1FF0300DB03040008B50248FEF79CF9F8
S21400BDF0002008BD00B4C40430B58BB06C46174DA7
S21400BE000FCD0FC40FCD0FC495E8030084E80300E0
S21400BE10134BD3F84C2112031CD5A3F5FE431C8804
S21400BE204FF6FF739C4208BF8C248DF81940FEF72E
S21400BE3063FA204480F308008DF818000948FBF7E1
S21400BE400DFF6846FEF7C0F93220FEF75BFA0020C9
S21400BE500BB030BDD3F85041E4B2E6E76895040075
S21400BE600080E00F00F049020028ACBF00F16040FF
S21400BE70064B4FEA0111C9B2ABBF00F5614000F0B6
S21400BE800F0080F800131954704700BF14ED00E04F
S21400BE9008B533F005FA0B4B1A7872B901221A70FE
S21400BEA033F0F9F96FF0040210460132052152B260
S21400BEB0FFF7DAFF3D2AF7D108BDBDE8084033F0AA
S21400BEC0EAB900BF305F0020002807DB01234109E4
S21400BED0034A00F01F00834042F82130704700BF3D
S21400BEE000E100E0054B421153F8223000F01F003D
S21400BEF023FA00F0C04300F00100704700E100E0C4
S21400BF00002808DB01224309034900F01F00824095
S21400BF10603341F82320704700E100E010B5044686
S21400BF2033F0B1F9024B1C6033F0A8F9002010BDC5
S21400BF30083E002010B533F0A6F9034B1C6833F01A
S21400BF409DF9204610BD00BF083E002038B50C46BF
S21400BF501546014610B9FFF7EDFF01462B4622466F
S21400BF6003480DF047FF0028D4BF3720002038BD17
S21400BF70ED64030008B500F0E3FB18B16A2102483F
S21400BF8033F083FA002008BDE6FF030008B500F092
S21400BF9049F80C4A536A43F470235362EFF308835C
S21400BFA04FF0CD31084A043B934208D200F070FAB5
S21400BFB0FFF7E0FFBDE808400448FEF795BD43F8EC
S21400BFC00419F1E700ED00E008000020C493040027
S21400BFD007B5042200200DEB02012EF0D7F8042846
S21400BFE003D0D721044833F050FA019800F0DCF96A
S21400BFF003B05DF804FB00BFE6FF0300082310B59E
S21400C0000C0A41400648C9B241F30002013B024017
S21400C01013F0FF0382EA5101F6D184EA010010BD55
S21400C0202083B8ED38B5FEF73BFC044629F06DFCDE
S21400C030E3072AD401221046114600FA01F32340F2
S21400C04002F1010223D01D4B33F811301C48062B99
S21400C050028844881B4920D14FF20F039C4219D115
S21400C060B2F5406F28BF4FF4C0624CF23C330A80F2
S21400C070438040F201730A889A4201BF124B134A6A
S21400C080D2E90001C3E9000115E00021DBE7102A30
S21400C090D2D1DBE74FF4C062E7E740F20725AB42B8
S21400C0A00AD14FF20F05AC4206D19A4204D14CF2A7
S21400C0B03C320B80428038BD0B80DAE72C970400B8
S21400C0C06C660020265800200C3E00206466002087
S21400C0D0014B1888704700BF26580020014B18886F
S21400C0E0000A704726580020044B05481B881A0A89
S21400C0F0B3F5406F38BF00EB82007047265800202B
S21400C100FC960400044B1888044B020A53F82230AD
S21400C110C0B203EB8000704726580020CC9604007F
S21400C12010B5044633F0B3F84FF20F02044B1C80F0
S21400C1305A80BFF35F8FBDE810402AF0A1B900BF58
S21400C1406C6600206D4A2DE9F0416D4B55686D4CCC
S21400C1505D65516A99656C49D1F80002D865D1F8D9
S21400C1600412586B1966916A10F0040F5966D16A6A
S21400C1704FF000009966116BD966516B1967D26B48
S21400C180D8645A67D3E90E1218BF11465F4A914227
S21400C1901A655DD301F12000A04259D88869C5F31D
S21400C1A008051864CE69062D5E6455D1584DA84220
S21400C1B052D3584DA8424FD205884DF6426085426C
S21400C1C04AD11868C3F890005868C3F8940040F243
S21400C1D00170A242154604D22E680432B6F1CD3F55
S21400C1E0F7D00022C3E91E22C3E92022C3E9222297
S21400C1F0641BDFF81CC1434DDFF818E19C648D42D8
S21400C2002DD8D3E91EC7D3E92065D3E922414FF0E4
S21400C210000E013AD2B2FF2A3CD1BEF1000F05D083
S21400C220C3E91EC7C3E92065C3E92241B3F8543009
S21400C230C3F308030C2B3BD8022B54D9DA1E092A69
S21400C24051D8DFE802F03157404350505050504D1F
S21400C2500021C3E910112D494FF42060B9E755F8C5
S21400C260044D6445CBD37445C9D2E607C7D500262E
S21400C270294F57F8048FA045C1D00136062EF8D1B5
S21400C28032B1013AD2B202F11E0643F82640B6E7B2
S21400C2900522F8E7E0464FF0010EBC4637462E462C
S21400C2A025460C464146B4E740F60120BDE8F0813D
S21400C2B03B2B18D1194B9B6913F0020F40F2025327
S21400C2C018BF1846F2E740F60320EFE740F60422D0
S21400C2D040F20173B0F5206F0CBF10461846E5E734
S21400C2E040F60520E2E740F60722013B4B2B98BFBD
S21400C2F01046DBE740F60220D8E700BF00ED00E07E
S21400C300D46500200810002000E100E008000020AE
S21400C310D0420000A0F80300486600200080015AC2
S21400C32000F00CB800F00AB800F008B800F006B844
S21400C33000F004B800F002B800F000B872B61EF0C4
S21400C340080F09D01EF0040F0DD0DFF850E0AEE85D
S21400C350FF1F6FF002000CE0DFF840E0AEE8FF1FC2
S21400C3606FF00E0005E0DFF834E0AEE8FF1F6FF078
S21400C37006006946EFF309828EE8070086460848FD
S21400C380084C854501D3A54501D384F30888FFF7FB
S21400C390D9FE84F30888FFF7C3FE0000D4650020AA
S21400C3A048000020081000204BF6EF6283B2002BF6
S21400C3B008BF1346044A000C13804FF6CE2308BF6E
S21400C3C01846024B18807047AA6E0020A86E002000
S21400C3D00B4BB3F900201888002AB8BF80F0620023
S21400C3E042001A80074AB2F9001013880029BCBF21
S21400C3F083F4805383F00B03590011805840704734
S21400C400AA6E0020A86E002007B5684600F01AF84D
S21400C410DDE900010022034B03B05DF804EB2AF0CF
S21400C4202BBB00BF143E002007B5009313460A46F8
S21400C430014603482AF0D4F803B05DF804FB00BFB9
S21400C440143E00200249034A0160521A42607047B7
S21400C450806F00200000012000487047143E002036
S21400C46038B54160044632F00EFF054621460448C2
S21400C47028F062FC2846BDE8384032F0FFBE00BF18
S21400C4803C3E0020014828F054BC00BF3C3E002043
S21400C4900222014B1A6770470040005070B532F018
S21400C4A0F2FE174E0546174832F098FF3378CBB9A0
S21400C4B000F046F9044620B1284632F0DFFE20465A
S21400C4C070BDFFF7DFFF33F053F80F4B1C6031F001
S21400C4D085FC0E4B0E4A1860536F43F001035367FA
S21400C4E02AF0E6FA00F028F82AF0F9FA094B0024B8
S21400C4F0186001232846337032F0C0FEDFE700BF25
S21400C5003C5F0020A4950400403E0020683E0020CA
S21400C51000400050443E0020054B1B685843054B26
S21400C52000F5742000F23F20B0FBF3F0704700BF28
S21400C530683E002040420F00294B2A4AD3F80031BB
S21400C54070B503F00303136031F0DEF94FF4C870E2
S21400C550FFF7E2FF0022244B24491860244C0B68A6
S21400C5600132D2B20A2A44F8040BF9D1034400EB94
S21400C570C00003440B601F4B1F4D1B7813B3184BB2
S21400C580D3F8003103F00303022B22D0032B23D071
S21400C590012B17D130F050FF024698B1174B184EBA
S21400C5A0DC6800231946C4F30B04013404EB84044E
S21400C5B00138E4FB06010EF0A1F9FFF7ADFF2B688A
S21400C5C003442B601F20FFF7A7FF2B6803442B6054
S21400C5D070BD30F07BFFDFE732F068FEDCE700BFBF
S21400C5E000800050A83E00206C3E0020703E0020D8
S21400C5F0743E0020405F0020A03E002000C0015096
S21400C60040420F000122154B10B55A67144B154CCB
S21400C6101B7813B3022032F09CFFF0B131F064FCBB
S21400C620D8B1A36DD90302D5E36D9A0715D40D4B87
S21400C6309B6DDB0711D401220B4B1A7032F07DFF85
S21400C640BDE81040094B0A4A1860136F23F0070331
S21400C65043F00303136730F0D5BE10BD00D0005082
S21400C660415F002000C000503E5F00209C3E00203E
S21400C670008000500122014B1A707047415F002075
S21400C68007B5FFF7C1FE01A8FEF778F99DF805305B
S21400C690012B25D1234B9A6DD20311D45A6B6FF31D
S21400C6A0162242F4BC1242F4A0625A631A6B22F4B9
S21400C6B0704242F440421A631A6B42F4E0621A6314
S21400C6C09DF8043063B94FF000531B68164B1B6887
S21400C6D0164B1B68164B1B68164B1B68164B1B68C5
S21400C6E0164AD2F8803043F00303C2F880302AF0AE
S21400C6F0FEF9FFF7CDFBFFF777FBFFF77DFB0DF0AD
S21400C700C3FBFFF7CBFE00F01BF82AF0F1F9FFF7AA
S21400C7103DFC2AF0FCF92DF073FB03B05DF804EB4A
S21400C7202AF0E7B900C0005000400020008000203A
S21400C73000C00020000001200040012000800050C2
S21400C74070B532F0ADFD144E05463478FCB9134B87
S21400C7501C60134B1C60134B1C6000F031F801206A
S21400C76031F0B0FC31F0A2FC0F4B0246186020B945
S21400C770284632F090FD232070BD234640F2E73174
S21400C7800A480EF0BBF80A4B18600123337028469F
S21400C79032F081FD0020EFE7445F0020B83E002025
S21400C7A0B43E0020C03E0020BC3E002018FCFFFF28
S21400C7B0B03E0020014B1868704700BFB03E002016
S21400C7C01FB50024184B18689A880290D3F8060004
S21400C7D09B7A00901548ADF80C208DF8043032F0A6
S21400C7E0FDFD02A88DF808408DF80C40FEF7A2F873
S21400C7F0694601208DF80040FEF760F81F220C4BBA
S21400C8009A615A614FF0B042936A13F00803FBD165
S21400C81013620120FEF76CF80A20FFF771FB0A206E
S21400C820FFF752FB04B010BD559704009C9504001A
S21400C8300020005810B532F033FD4FF0B0430446E8
S21400C8405B691A07074A03F0010003F00D0348BFAF
S21400C85040F00200536131F05DFB2046BDE8104019
S21400C86032F019BD0020005821282DE9F341054675
S21400C87004D82C46204602B0BDE8F08100240B4EBA
S21400C8800B4FDFF830800023CDF800801A4619469B
S21400C890386828F09AFD8442EBD2222CE9D056F86C
S21400C8A0043BAB42E6D00134EDE700BF749A0400C7
S21400C8B074690020FFFF0F002DE9F04F644E654DB0
S21400C8C089B02AF070F931682868FCF74DFB0446F9
S21400C8D0002827D033680024D3E900019A6912683B
S21400C8E09047336804A89B699B6898473368022082
S21400C8F09B69DB689847326805985368E7B2B3FBD4
S21400C900F0F3BB42916904F101044ED8CB680020D5
S21400C910984733689B695B68984731682868FCF7D6
S21400C92023FB04460027DFF844A1DFF84481DFF844
S21400C9304491F4B9484B2868DB5D002B00F08380F7
S21400C940D8F8006002AB314603AAFCF78FFC2D280E
S21400C95007D070B9039B012B0BD031462868FCF733
S21400C960D9FEDAF8003031461A682868FCF752FE1D
S21400C97004460137222F0AF1040A08F1040809F1D7
S21400C9800109D6D1B4FA84F3344A5B0913702B68D4
S21400C9901B7C33B12AF0D3F818B1DB21304832F0D3
S21400C9A074FD204609B0BDE8F08F12680B6907FBDE
S21400C9B0002098479FE7D8F8003003AA194402AB36
S21400C9C00191FCF753FC2D28034601992BD02868CB
S21400C9D013B30BF1010B5FFA8BF18E422868EAD88D
S21400C9E0204BDB5D002BC4D0F3B27E2B2868C0D86A
S21400C9F0D8F8003003AA06EB030B594602ABFCF747
S21400CA0035FC2D28B5D059462868FCF783FE01363C
S21400CA1004460028E8D0ACE7039B7BB999F80020D1
S21400CA20029B9A42D5D099F80030DAF800202868A0
S21400CA30FCF7EAFC0028CCD00446D1E70191FCF7CD
S21400CA4069FE0199EFE7084BA346DE5DC3E700BF2A
S21400CA505469002074690020509A0400465F002044
S21400CA606D0004002E9A0400EA9904006097040002
S21400CA70749A04000C9A0400F8B51F46214B04462D
S21400CA801B780D46164623B100F47E23B3F50E2F11
S21400CA902BD02046FFF7E8FE2128044614D81A4B70
S21400CAA053F82010194B1B78ABB1194B212C186882
S21400CAB01DD8184B1B5DD3B13268FCF7ABFD04469E
S21400CAC050B12AF03BF807E0FF2807D93A4631462E
S21400CAD080B229F047FD00242046F8BD4FF4A97126
S21400CAE00D4832F0D2FC0021DCE70146DAE77F2D64
S21400CAF008BF00253B46324651FA85F1FCF784FC18
S21400CB00DDE700BF455F0020749A0400465F002002
S21400CB1074690020509A04006D00040030B5134676
S21400CB2000F07E62B2F17E6F8BB00DD10A46C0F384
S21400CB300B016846FEF71AFA20B140F29311094835
S21400CB4032F0A3FC0BB030BD5A0829F0FAFF0028DB
S21400CB50F8D04FF49C7103480BB0BDE8304032F07B
S21400CB6094BC00BFFE0004002DE9F743C707054646
S21400CB700E46144604D540F2E311494832F085FCCF
S21400CB80E10704D54FF4F271454832F07EFC454B80
S21400CB9093F80080B8F1000F20D043F260239D4246
S21400CBA008D12246314640480EF0A4FB002003B0D0
S21400CBB0BDE8F083C5F30B0705F44055B5F5805F77
S21400CBC014BF4FF40F204FF40E20234632467F2129
S21400CBD0384303B0BDE8F043FFF74EBF05F470439B
S21400CBE0B3F5805F3FD1C5F30B05304A05F17E658E
S21400CBF0631E2B44934230D82F46DFF8A49007EBF1
S21400CC000408474542D1AA070ED04FF6FF7336F800
S21400CC10022BA81E43EA024304220DEB02010193F5
S21400CC20FFF77CFF0235023CA3070ED0023C24F03F
S21400CC300103F35A04226FEA03436FEA13430DEB32
S21400CC40020128190193FFF769FF002CAED0224697
S21400CC5031462846FFF762FFA8E740F2FD1110486C
S21400CC6032F013FCC8E705F46043B3F5005F04D167
S21400CC70C5F30B0505F53E25BEE740F2052108483D
S21400CC8032F003FC6FF00F074546B6E717F8013B96
S21400CC90FF2BB6D04FF40471484632F0F6FBB0E7EF
S21400CCA0FE000400455F0020AC6E0020FF03E00F8E
S21400CCB010B500F077F829F090FF044618B100F0A0
S21400CCC079F8204610BD00F07BF804460028F6D11F
S21400CCD00122014B1A70F2E7475F0020054B1B78D4
S21400CCE033B1054BC0F3130100221868FCF7D6BC1D
S21400CCF011207047475F002074690020144B2DE90F
S21400CD00F0411B7805460E461746FBB129F04CFF4E
S21400CD10012805D9841EE4B2012C09D9212412E089
S21400CD203B4631462846BDE8F041002200F052B8A6
S21400CD3000F038F83B4600223146284600F076F8E8
S21400CD40044600F037F82046BDE8F0811124FAE7E3
S21400CD50475F0020124B70B51B7804460D461646FA
S21400CD60E3B129F021FF012805D9831EDBB2012B90
S21400CD7008D9212410E0324629462046BDE87040F6
S21400CD8000F040B800F00EF820463246294629F05A
S21400CD9026FF044600F00EF8204670BD1124FBE77F
S21400CDA0475F002008B532F06EFA014B186008BDE8
S21400CDB0C43E0020014B186832F060BAC43E002022
S21400CDC0024B1968024B1868FCF7CEB8546900206D
S21400CDD07469002037B505460C46C0F313010848B1
S21400CDE0ED02006805D5224603B0BDE83040FCF7EA
S21400CDF009BA009313462246FCF7BEF903B030BDCD
S21400CE007469002030B405461346074A0C46C0F342
S21400CE1013011068EA0203D5226830BCFCF7FABB9F
S21400CE20224630BCFCF7F0BA74690020F7B5054618
S21400CE300F4614461E461BB92125284603B0F0BDF2
S21400CE400029F9D029F0B0FE4BF23462ABB293421F
S21400CE5020D14FF0FF3322466946CDE900332548FE
S21400CE603346FFF7E3FF08220546234968460EF0DF
S21400CE70FDFB38B933462246694641F2F010FFF70B
S21400CE80D5FF0546002DD8D13246694638460EF005
S21400CE9031FAD2E741F2F01293420FD1174B311913
S21400CEA008299A6CDB6CC7D8CDE9002332460DEB17
S21400CEB0040138460EF01EFA0025BEE702280BD104
S21400CEC0C5F30C4332199342B6D3C5F30B0104F1F4
S21400CED07E6432462144ECE7032809D1C5F30C43AF
S21400CEE032199342A8D3C5F30B0104F53E24F0E7AC
S21400CEF00125A2E7021008C0009B04000080E00F96
S21400CF0010B52CF01DF92DF0D3F9BDE810400346FE
S21400CF1001210220014A02F00BBC00BF950104006B
S21400CF2013B5D0E9023253F822301C7820462CF094
S21400CF3019F92346009001210220024A02F0F8FB6C
S21400CF4002B010BDA9010400014B18782BF0DFBC1D
S21400CF50485F0020FF232DE9F04F8FB011220021FB
S21400CF6008A88DF813300EF035F808A82AF08DFEC4
S21400CF7001210220B04A08AB02F0DAFB41F2490375
S21400CF80AE4A0121022002F0D3FB06A82AF0ACFF2D
S21400CF9008A90DF113002AF0B2FF02200021A84ACA
S21400CFA002F0C6FB00202BF0E3FC10B106A809F047
S21400CFB0CDFB9DF92A3001210220A24A00939DF85C
S21400CFC02B3002F0B5FB2CF0B7F8831EDBB2FC2B3F
S21400CFD0054631D8012102209B4A02F0A9FB012414
S21400CFE09A4E9B4FDFF8D08223463246002102201D
S21400CFF002F09EFB05A9E0B22CF0A0F8034650B163
S21400D000A0F11602012A40F2AA804246012102201F
S21400D01002F08EFB0CE09DF914303A4601939DF821
S21400D02016300121009302209DF8153002F080FB97
S21400D0300134E3B29D42D7D8BDF8284007F072FF0E
S21400D04023460021834A0090022002F071FB022052
S21400D0500021814A02F06CFB00202BF089FC10B105
S21400D06008A809F073FB01217C4A022002F060FB4D
S21400D0702BF0C0FF04462BF0BBFF23460121784A65
S21400D0800090022002F054FB08F024FC002102204D
S21400D090744A02F04DFB9DF81330FF2B65D000213B
S21400D0A00220714A02F044FB01216C4A022002F081
S21400D0B03FFB2AF029FF012103466C4A022002F0BA
S21400D0C037FB07F007FF00210346694A022002F0FB
S21400D0D02FFB2AF01FFF04462AF01EFF23460121DD
S21400D0E0644A0090022002F023FB32F0DBF908F0DD
S21400D0F099FC01210346604A022002F019FB002534
S21400D100DFF8B88108F08EFCECB2A04233D832F0DB
S21400D110C9F90123594A1946022002F009FB0020EA
S21400D1202BF0F5FB564B574C0093012100230220B1
S21400D130554A02F0FDFA236863B1012102201B78EC
S21400D140524A02F0F5FA2368012102205B78504A21
S21400D15002F0EEFA2BF0E0FB0FB0BDE8F08F0121F5
S21400D16002204C4A02F0E4FA62E7002102204A4A12
S21400D17002F0DEFA98E7494B204603EB0416D6F891
S21400D180089008F009FD8246204608F051FC444FFE
S21400D19000280CBFC346BB46204608F0FDFC0AF03C
S21400D1A0B7FA002808BF4746534600210220CDE9BB
S21400D1B000B73C4A02F0BCFAB37901210293B38867
S21400D1C0022001937388384A0093337B02F0B0FA4A
S21400D1D00026DFF8ECB099F80430F4B2A34203D886
S21400D1E032F060F901358DE714235C43D9F80070FE
S21400D1F002203A5B07EB040A9AF90C3000922B4A9D
S21400D200002132EA230228BF5A461346284A02F073
S21400D2108FFA00202BF0ACFB38B150463C5B2AF06E
S21400D220E2FE014620460AF0C1FA01210220214A08
S21400D23002F07EFA0136CEE7EA010400F9010400A6
S21400D24015020400410204001C020400320204001D
S21400D250390204006E0204008E020400D8020400A4
S21400D26097020400B9020400DA200400C402040095
S21400D270DA020400F0020400060304007F03040040
S21400D28097030400604300208B030400A5030400FA
S21400D290B90304005602040076FF030094420020FF
S21400D2A0C10104001103040031030400DE01040080
S21400D2B067030400EF49040061020400C90104008A
S21400D2C0D20104002DE9F7430025134EDFF85880FD
S21400D2D008F0A8FBECB2A04202D803B0BDE8F08389
S21400D2E02701204616F8079008F0A2FB0B4A4B468B
S21400D2F0002808BF4246002102200092084A02F099
S21400D30017FAF05D2AF00CFE01210220054A02F011
S21400D3100FFA0135DCE700BF944200208850040075
S21400D320D4030400EF4904009250040008B5836853
S21400D3305A681178C26853F82230A1F1650251424A
S21400D3405141187808F02AFD30B9BDE8084001219F
S21400D3500220024A02F0ECB908BD00BFDF03040059
S21400D36000210220014A02F0E3B900BFF9030400DD
S21400D37000210220014A02F0DBB900BF27040400A6
S21400D38010B5044686B01822002168460DF022FE2D
S21400D39068462BF03BFAD4E9022052F8203002EB24
S21400D3A080021B788DF80B30516891F900108DF8CB
S21400D3B00A1091680988ADF808106168091A0329EF
S21400D3C007DDD26803F01F03127843EA42138DF894
S21400D3D00B30684607F054FE00210346024A02203E
S21400D3E002F0A6F906B010BD4304040007B50020FD
S21400D3F02BF066FE00210090034B0220034A02F049
S21400D40097F903B05DF804FB5004040056040400CA
S21400D41013B5D0E9023253F8221003EB82035B689F
S21400D420087819680023094CA222994208BF2146B1
S21400D430C01A18BF01202BF037FE01210090044BC4
S21400D4400420044A02F074F902B010BD00F8FF0789
S21400D4501D4604006805040013B5D0E9023203EB4C
S21400D460820153F82230D1E901141878FF220038DF
S21400D47018BF0120237809682BF016FE01210090C2
S21400D480034B0420034A02F053F902B010BD00BF5C
S21400D490610404006805040008B5002101230C4A55
S21400D4A02BF074FC0A482BF0D2F90020094909F049
S21400D4B0E5F900202BF05CFA10B1054809F046F9B2
S21400D4C0BDE8084001210420034A02F031B900BF3C
S21400D4D07964002076040400EF49040010B52AF0B1
S21400D4E01DFD034630B1BDE8104001210420054A69
S21400D4F002F01EB90121BDE810400420024A02F0E5
S21400D50017B900BF840404009504040010B52BF07E
S21400D510A2F9BDE81040034601210220014A02F0AC
S21400D52007B900BFA004040010B52BF065F9BDE8EC
S21400D5301040034601210220014A02F0F9B800BF5C
S21400D540B604040037B5D0E90232012453F822307D
S21400D5504FF6FF701D78FE2204FA05F100232BF02B
S21400D56017FE2B46009021460420024A02F0E0F8FF
S21400D57003B030BDCA040400D0E9023253F82230AA
S21400D5801B7823B101210220024A02F0D1B8024AD8
S21400D59013707047E9040400485F002007B568462A
S21400D5A02AF0A2FC07F0BEFC01210346084A02202E
S21400D5B002F0BEF8684609F0C9F807F027FF012117
S21400D5C00346044A022002F0B3F803B05DF804FBF9
S21400D5D0FF0404001905040037B5D0E90245406889
S21400D5E054F82530401B0328D8BF002004EB8504E0
S21400D5F0C8BFE06819786368C8BF00781A78A3685F
S21400D60093F90030009001202BF03CFD38B9012141
S21400D6100220084A03B0BDE8304002F089B8064B45
S21400D6200190009301210220044B054A02F080F885
S21400D63003B030BD2A05040032050400CC310400D6
S21400D6404605040007B501202BF024FD48B90090DC
S21400D65001210220084B094A02F06AF803B05DF87F
S21400D66004FB054B0190009301210220044B054A60
S21400D67002F05EF8F2E700BF320504005D05040024
S21400D6807B5E04004605040008B5D0E9023253F874
S21400D690223018782BF0B2FC30B9044A0121BDE8DC
S21400D6A00840042002F044B8014AF7E77205040077
S21400D6B08E05040008B5D0E9023253F822301888E7
S21400D6C02BF09AFC30B9044A0121BDE8084004203A
S21400D6D002F02EB8014AF7E7AD050400DD050400A8
S21400D6E073B50378044613F0050F0ED04588062D53
S21400D6F017D1836801215B68174A1B7801938388DA
S21400D70004200093154B02F013F82378012B20D049
S21400D71001210420114B124A02B0BDE8704002F00D
S21400D72007B835B98388012104200E4A02F000F8B4
S21400D730EBE7012DE9D186680B49002009F09EF839
S21400D740304609F003F829460420084A01F0F0FFA5
S21400D750DBE702B070BD00BF130604000A06040033
S21400D76065060400300604004D060400EF49040078
S21400D7702DE9F04F00268FB0364D09AC0FCD0FC403
S21400D7802B6801210220344A236001F0D1FF344681
S21400D790DFF8DC902AF0BCFBF5B2A8420BD82AF0E2
S21400D7A0B7FB23460090012102202C4A01F0C0FF5F
S21400D7B00FB0BDE8F08F284605A92BF001FC034604
S21400D7C0002841D19DF81430032B39D904238DF855
S21400D7D014302B4600210220214A01F0A9FF9DF8B3
S21400D7E014300EAA02EB830300214A4653F8143C79
S21400D7F0022001F09DFF28469DF821A09DF815B057
S21400D8009DF81870BDF816802BF0DCFB5346CDE96A
S21400D810028000210220CDE900B7124A01F088FFFD
S21400D82001340020E4B22BF0A3F818B10DF1190072
S21400D83008F08CFF002102200B4A01F079FF01E07E
S21400D840002BC6D10136A5E700210220074A01F0C9
S21400D8506FFFF7E7089B040077060400F006040055
S21400D86034020400A406040001FC0300CB060400F6
S21400D87077110400C3688268013BDBB252F823309C
S21400D88002201B78652B14BF00220121044B1BBF0E
S21400D89001211A70034A044A08BF197001F048BFF4
S21400D8A0156F00200707040015070400D0E90232B0
S21400D8B053F822301A88014B1A807047AE6E00204B
S21400D8C007B5D0E9023103EB810253F821305268E4
S21400D8D01988054B0548128800930088012309F033
S21400D8E029FC03B05DF804FBE1D60000AE6E002014
S21400D8F0C3688268013BDBB252F823305B78A3F141
S21400D900660253425341014A13707047186F002055
S21400D91030B5D0E9023253F8223089B01D780123A1
S21400D92002AA194604462BF031FA0123009310236D
S21400D93002210DEB030220462BF009FA284604AA22
S21400D94002A92BF03FFC044600202BF011F818B17A
S21400D9502146044807F076FB0020034908F074FFD0
S21400D96009B030BD24070400EF490400002330B599
S21400D9708FB00221009309AA122305462BF0E7F97F
S21400D98005AA014609A807F0E1F8044698B123283D
S21400D99005D1134A0121042001F0CAFE09E021281E
S21400D9A001D1104AF6E70346012104200E4A01F091
S21400D9B0BFFE0FB030BD01232846194603AA2BF040
S21400D9C0E5F905A903A82BF0FFFB054620462AF03B
S21400D9D0CFFF18B12946054807F034FB044AD9E7BB
S21400D9E031070400540704008F070400B007040042
S21400D9F0EF490400F0B5D0E9023253F8221003EBE9
S21400DA0082039B6805461F7887B038460E782AF052
S21400DA108FFF044608BBD5E9022101238DF80830A4
S21400DA20194452F8210002EB810200888DF8097033
S21400DA309268ADF80A00127804218DF80C2028466A
S21400DA400DF10D022BF0A2F9304602A98DF8154013
S21400DA502BF0BAFA04462AF05FFF33460121042071
S21400DA60024A009401F064FE07B0F0BDC50704004A
S21400DA702DE9F04101218EB00220274A01F058FE20
S21400DA80002005AB01AA09A92BF096FB0025044649
S21400DA90224E234FDFF898801CB128460EB0BDE812
S21400DAA0F08102202B463246214601F041FE2046F8
S21400DAB02AF05EFF10B10AA808F048FE3A46002198
S21400DAC002209DF8303001F033FE4246002102204D
S21400DAD0079B01F02DFE00210220BDF82030114AE0
S21400DAE001F026FEBDF8143000210F4A022001F096
S21400DAF01FFE013501A82AF036FFEDB201210220F3
S21400DB000A4A01F015FE284605AB01AA09A92BF022
S21400DB1053FB0446C0E700BFF70704003D080400B7
S21400DB2045080400F92004005A080400EF490400E0
S21400DB30510804002DE9F047064698B0C0B92AF00F
S21400DB40E5F9074600250EA82BF040FB0121022030
S21400DB50384A01F0EDFD2C46DFF8E080DFF8E09073
S21400DB60DFF8E0A0BC4205D3284618B0BDE8F08731
S21400DB700127E7E713A82BF029FB002E4CD0022341
S21400DB8006A913A88DF84C30FE242BF011FB0028B4
S21400DB903FD102A913A82BF011FB9DF8593043F092
S21400DBA001038DF85930002E3DD123463146022020
S21400DBB0214A01F0BDFD9DF859300AA943F0010342
S21400DBC013A88DF859302BF0F9FA00202AF0D0FE71
S21400DBD010B114A808F0BAFD0C9B424600210220A2
S21400DBE001F0A6FDBDF82820002112F4007F0CBF2E
S21400DBF04C23412312F0100F0CBF6E227922022014
S21400DC0000924A4601F094FD06A82AF0ACFE0135C3
S21400DC10EDB20134E4B2A5E720460AAB06AA13A982
S21400DC202BF0C8FAB3E752460021022001F080FD2F
S21400DC30C1E700BF640804003D0804005108040062
S21400DC40A00804009908040030B5012499B00EA875
S21400DC502BF0BCFA13A88DF838402BF04DFAC0B95B
S21400DC60BDF84C1011EA040513D121460220444A9F
S21400DC7001F05EFD29460220424A01F059FD214688
S21400DC8002203F4A01F054FD214602203C4A01F0A2
S21400DC904FFD06A90EA82BF08BFA20B11022FF210B
S21400DCA006A80DF097F904A82BF08AFA059B012127
S21400DCB00220354A0093354B01F03AFD9DF81230AC
S21400DCC001210220324A0093304B01F031FD002141
S21400DCD02E4B304A022001F02BFD06A82AF043FE08
S21400DCE013A82BF073FA02230AA913A88DF84C3058
S21400DCF02BF064FA00283FD10B9B009301210220F1
S21400DD00254B264A01F014FD0121234B244A02200C
S21400DD1001F00EFD0120FFF70DFF01211E4B214AE9
S21400DD20022001F005FD0020FFF704FF04462AF05C
S21400DD30EDF823460090012102201B4A01F0F8FC72
S21400DD4001211A4B174A022001F0F2FCFFF790FE61
S21400DD501749022803461748174A28BF0A460849A3
S21400DD6028BF01460092CDE9013102200121134A65
S21400DD7001F0DEFC19B030BD4FF0FF33BDE700BF49
S21400DD80EF490400B3080400F1080400E9080400A1
S21400DD9001090400563004007D3E04001409040006
S21400DDA0240904002B09040034090400480904006F
S21400DDB0AF080400C025040012260400560904001B
S21400DDC010B5D0E9023253F822301C78201E18BF56
S21400DDD001202BF07DF9054A054B0020002C18BFCA
S21400DDE01A46BDE81040034908F02EBD830904001A
S21400DDF07E0904008C090400D0E9023210B553F8FD
S21400DE0022301C8820462BF065F92246BDE81040DB
S21400DE100020014908F018BDCD09040037B50446B6
S21400DE2007F058F8014638B100200D4A0D4903B0F6
S21400DE30BDE8304008F008BDE368A268013BDBB2ED
S21400DE4052F8233008481D780123084A00936C2DA9
S21400DE5008BF0246102320462AF079FF03B030BDE3
S21400DE601B0A0400230A0400FE6E0020EE6E00204B
S21400DE7013B583689A681278672A22D101A82BF016
S21400DE803BF90446A8B9BDF80420174908F0DCFCA5
S21400DE90BDF80430DA070AD413F0020F134B144A05
S21400DEA018BF1A461349002008F0CEFC19E0124AA3
S21400DEB0F8E702461149002008F0C6FC2246104941
S21400DEC0F1E7C26801A953F8220003EB82035B68FE
S21400DED000681B68ADF804302BF014F904460028DF
S21400DEE0ECD102B010BD00BF560A0400490A040077
S21400DEF0B3310400770A0400390A0400890A0400D2
S21400DF00B50A0400034A04491388C8540133138031
S21400DF10704700BF365800204E5F002073B5154D81
S21400DF2001242B78144E13F0040F0CBF0223042395
S21400DF30124A21461470328802200192EB5C104A85
S21400DF400093104B5B8801F0F3FB002102200E4A81
S21400DF5001F0EEFB0D4B2946009332882346022043
S21400DF6001F02CFC21460220094A02B0BDE87040B0
S21400DF7001F0DEBB4E5F0020365800204D5F0020CB
S21400DF80C40A040028580020E90A04000B0B040009
S21400DF90EF49040070B516464FF48A52114B124DE5
S21400DFA0DA805980114B1B881A1E18BF012240EADE
S21400DFB082000F4A1278003A18BF012240EA021087
S21400DFC0287063B103246B701B0AAB7009F00EFC5B
S21400DFD0631C2855EE54074B02341C8070BD012488
S21400DFE0F4E700BF285800204E5F00203458002079
S21400DFF04C5F00203658002038B5D1E902320C4676
S21400E000054653F82230024619880C4B1878FFF75D
S21400E010C1FFE368A268013352F82330188828F05D
S21400E02020FE4DB1E368A268023352F82330187818
S21400E030BDE83840FFF766BF38BD00BF495F002027
S21400E040F0B50546EB68AA68023352F82330084656
S21400E0501C78294685B0FFF7CFFF204629F0AFFF92
S21400E060204E214F78B3204629F0B5FF0321441CEB
S21400E07003AA284627F05CFE3288E4B2C2F1FF030A
S21400E08003991B1B9BB28B4222443CBFC2F1FF0389
S21400E09003930123032100933A449DF80C3028464D
S21400E0A02AF055FE039A022C338804BF0F48110A43
S21400E0B0FA5408BFC15413441C44348005B0BDE86C
S21400E0C0F040FFF72BBF204607F00CFC01233288F8
S21400E0D004460093032103463A4428462AF037FEB6
S21400E0E03388E9E7365800204E5F00204F5F002057
S21400E0F0052307B5012100930220044B044A01F0D2
S21400E10017FB03B05DF804EBFFF79EBDF20A0400B0
S21400E110F90A040013B504462AF0EAFF38B1CDE93F
S21400E120004001210220034B034A01F001FB02B02C
S21400E13010BD00BF1B0A0400100B0400194B37B5B6
S21400E1401B783BB901210220174A03B0BDE83040D6
S21400E15001F0EEBAD0E90232144C53F82230012115
S21400E1601D78638802200093114A2B4601F0E0FADE
S21400E170104B25711B78104D63B1012102200F4A08
S21400E18001F0D6FA20460E4A298803B0BDE8304092
S21400E19029F0B6BC20460A4A298803B0BDE83040BC
S21400E1A029F070BD4D5F0020270B04002858002082
S21400E1B0350B04004A5F0020365800204C0B040044
S21400E1C04E5F00202DE9F041D0E9023253F82210CC
S21400E1D003EB82035A680C7817889A68DB68B2F8F3
S21400E1E00080C6B01D780021304B0220304A0094D3
S21400E1F0CDE9017801F09CFA002D0CBF6E2379233F
S21400E200012102202B4A01F093FAFF23002D0DF185
S21400E210170606AD019320460CBF802340234246D6
S21400E2203946029600952AF010FA0446002835D1A1
S21400E230307829F0CAFE0746B0B128462AF057FBC8
S21400E2401D4BFD28A8BFFD200093234682B20DF18A
S21400E2501901022001F0B2FA01210220174A01F04A
S21400E26067FA46B0BDE8F081307829F0B4FE60B1B8
S21400E27028462AF041FBFD28A8BFFD200E4B82B29F
S21400E28000930DF11A013B46E3E7307807F02AFBCE
S21400E2900B4B0246009329460123DAE70090012142
S21400E2A00220084B084A01F043FADAE7193F040057
S21400E2B0660B04008B0B04009D530400EF4904001A
S21400E2C00B0B040013140400950B0400D0E9023273
S21400E2D053F8221003EB82032DE9F04F5A680F78AB
S21400E2E0B2F800809A68C7B0B2F80090DA681B6986
S21400E2F092F800A01E7800212F4B304A0446CDE944
S21400E30001890220009701F013FABAF1000F0CBF42
S21400E3106E23792301210220294A009606AD01F0DA
S21400E32007FAFF22002128460CF054FE304629F05A
S21400E3304CFE834608B30023052100932046FD23A8
S21400E3400DF119022AF003FD2870BAF1000F0CBF78
S21400E350802340234A4641463846CDE900562AF0F7
S21400E3603FF90146144806F06DFE01210220154AC9
S21400E37001F0DEF947B0BDE8F08F304629F02BFEFD
S21400E38060B1FD2305212046CDF800B00DF11A023C
S21400E3902AF0DDFC85F801B02870D6E705903046F7
S21400E3A007F0A0FA059A0346009205212A46204661
S21400E3B02AF0CDFCC9E700BF0C3F0400660B040042
S21400E3C0A60B0400EF4904002DE9FF471C465B68D6
S21400E3D0E5685B1B00255FFA83F803952E46FFF77A
S21400E3E0D9FDEBB298450BD90C9B9B5D282B39D8F1
S21400E3F0202B00F2CB800136F6B2002B40F0C9800D
S21400E400FFF78CFD04B0BDE8F087132A2FD801A1D2
S21400E41051F822F0DBE40000EDE40000FFE4000029
S21400E42033E5000001E4000001E4000001E4000020
S21400E43001E400006FE400006FE400006FE40000F9
S21400E4406FE400006FE400006FE400006FE400007B
S21400E4506FE400006FE400006FE400007FE400005B
S21400E46059E50000A3F13102D1B21329CDD9013606
S21400E470F6B2A3F14102032AC2D8422B6CD06C4FED
S21400E48000213A88DFF8B0A1C2F1FE039BB2FF2B51
S21400E49028BFFF2301320091DBB22046524469B206
S21400E4A02AF031FC3B880AF8030001331844388010
S21400E4B011E04FF00409E368A2682B4452F82330B9
S21400E4C01F68F8B209F1FF39FFF71CFD19F0FF09C4
S21400E4D04FEA1727F5D1013583E7E368A2682B4496
S21400E4E052F823301878FFF70DFDF4E7E368A268CA
S21400E4F02B4452F82330188828F0B3FBEBE7E36888
S21400E500A2682B4452F823301F68B7F1807F09D2E7
S21400E510F8B2FFF7F7FCC7F30720FFF7F3FCC7F3E3
S21400E5200740E0E72B4601210820424A01F000F9A7
S21400E53066E74FF00409E368A2682B4452F82330DC
S21400E5401F68F8B209F1FF39FFF7DCFC19F0FF0984
S21400E5504FEA1727F5D1BEE7294603AA204627F03B
S21400E560E7FB0021324F344A3B88DDF80C9002EB83
S21400E570030CCAB2914501F1010102D84B443B801D
S21400E580A9E710F802A00CF802A0F2E7242B3FF649
S21400E59070AF013B232B3FF633AF01A252F823F0B6
S21400E5A0DBE40000EDE40000FFE40000B3E400005C
S21400E5B001E4000001E4000001E4000001E40000C2
S21400E5C001E4000001E4000001E4000001E40000B2
S21400E5D001E4000001E4000001E4000001E40000A2
S21400E5E0DBE40000EDE40000FFE4000033E500009B
S21400E5F001E4000001E4000001E4000001E4000082
S21400E60001E4000001E4000001E4000001E4000071
S21400E61001E4000001E4000001E4000001E4000061
S21400E620DBE40000EDE40000FFE40000B3E40000DB
S21400E63036580020BF0B04004E5F0020094B1B78A5
S21400E64023B101210820084A01F072B8D0E902324D
S21400E65053F82230054A1B88012113800820044AFB
S21400E66001F066B84D5F0020E50B0400345800202A
S21400E670270C0400D0E9023253F82230054A1B78F2
S21400E6800121003B18BF012308201370024A01F045
S21400E6904FB800BF4B5F00204D0C0400D0E902329B
S21400E6A053F82230034A1B78012113700820024ACF
S21400E6B001F03EB84C5F00207C0C040010B5D0E999
S21400E6C00232044653F82230132219880B4B18786E
S21400E6D0FFF760FCE368A268013352F8233018782D
S21400E6E0FFF710FCE368A268023352F8233018786C
S21400E6F0FFF708FCBDE81040FFF710BC495F00209C
S21400E70010B5D0E90232044653F822301122198897
S21400E7100B4B1878FFF73EFCE368A268013352F80B
S21400E72023301878FFF7EEFBE368A268023352F84E
S21400E73023301878FFF7E6FBBDE81040FFF7EEBB86
S21400E740495F0020D0E9023253F82230034A1B7892
S21400E750003B18BF0123DB0013707047495F0020A1
S21400E76010B5D0E9023253F82230044619880E4B11
S21400E77006221878FFF70EFC0120FFF7C3FBE368BC
S21400E780A268034452F82330188828F06AFAE3682F
S21400E790A268023352F82330188828F062FABDE8DF
S21400E7A01040FFF7BBBB00BF495F00202DE9F043D8
S21400E7B0D0E902324FF0FD09013253F8221003EB84
S21400E7C082035A68C7B017889A68B1F80080147830
S21400E7D053F8043C002C0DF1170506AE18783A469F
S21400E7E014BF4023802341460295CDF8049000963E
S21400E7F029F02BFF034638B1184A0121082000F003
S21400E80097FF47B0BDE8F083201E18BF01200A22FC
S21400E8104146C000FFF7BEFB384628F022FA2878AB
S21400E820FFF770FB4A463146287829F07CFB044601
S21400E83028B10B4F3D88C5F1FF03984202DD234601
S21400E840084ADAE7024608483146284425440CF0D0
S21400E85051FD3D80FFF762FBD3E700BFB20C04001A
S21400E86036580020CE0C04004E5F002010B5D0E9CC
S21400E8700232044653F82230082219880B4B1878C7
S21400E880FFF788FBE368A268023352F82330187853
S21400E890FFF738FBE368A268013352F82330188884
S21400E8A028F0DFF9BDE81040FFF738BB495F0020CD
S21400E8B073B5D0E902320546023253F8221003EB54
S21400E8C0820353F8042C53F8083C0C781988234B21
S21400E8D0168818780622FFF75DFB0020FFF712FB6C
S21400E8E0304628F0BEF92046FFF70CFBEB68AA6816
S21400E8F0033352F82330188828F0B3F9EB68AA6877
S21400E900043352F82330188828F0ABF9204609F073
S21400E9106DF9E8B9204606F0E5FF052104460190AA
S21400E92001AA284627F004FA019B01469C4206D01D
S21400E930224631460A480BF03BFA02B070BD094D3C
S21400E94009482E882246304434440CF095FB2C802F
S21400E95002B0BDE87040FFF7E1BA00BF495F002093
S21400E960FA0C0400365800204E5F002073B5D0E93C
S21400E97002324FF48A5153F82230104D1A88104B49
S21400E980D9805A8000232A4600930121FF232AF0CB
S21400E990DEF92B78044613F0040F0A4B08BF012655
S21400E9A01B7818BF032613B108F020FFA855064BA6
S21400E9B01C8002B0BDE87040FFF7B0BA4E5F002082
S21400E9C0285800204B5F002036580020D0E902323D
S21400E9D053F82230034A1B78003B18BF01231370FC
S21400E9E0704700BF4A5F002010B50C4608B907F014
S21400E9F089FE024B18715C7110BD00BF28580020BC
S21400EA0002462DE9F341D0E90253526855F8231027
S21400EA10D21A0C8805EB8301013BDBB255F8238044
S21400EA20294D022A4868C8BF8A682B78D8BFFF21BC
S21400EA300078C8BF11783BB901210220234A02B0F2
S21400EA40BDE8F04100F074BEFFF7CEFF06F06AFAAC
S21400EA501F4F204E3B880146224600931E483346F1
S21400EA6029F0DFFE0246C8B998F804103B885F29F3
S21400EA7017D1CDE900364FF6FF712046164B29F028
S21400EA8033F828B1034601210220144A00F050FE54
S21400EA900023134A2B701380124A137002B0BDE88D
S21400EAA0F0814FF6FB718C4208D9CDE9003621463D
S21400EAB0094B4FF6FF7029F075F8E2E72146064A43
S21400EAC0009629F0A1F8DCE74D5F0020450D040014
S21400EAD0365800204E5F0020285800204C0D0400B9
S21400EAE0345800204C5F0020002210B50A2104464E
S21400EAF01046FFF74FFA002028F0B3F80122044B27
S21400EB001A70FFF70BFA2046BDE81040FFF778BFF3
S21400EB107664002038B51C461546012322462AF0A6
S21400EB2035F960B9214628462AF00CFB044620B188
S21400EB3001210420034A00F0FBFD204638BD0024D6
S21400EB40FBE700BF730D04002DE9F0430C461546A5
S21400EB501F46D0E9022352F8231002EB8302936883
S21400EB600E8893F80080D3688BB0B3F800903246D6
S21400EB70012106ABFFF7CEFFF0B90DF1200CF4B182
S21400EB8001232A884021CDE902C2CDE90471CDE9EE
S21400EB9000932221434606AA30462AF02EF90B4B54
S21400EBA00B4A00930B4B0190002C08BF1346012123
S21400EBB00420094A00F0BCFD0BB0BDE8F0836246B5
S21400EBC028686968032303C22246DBE7D20D0400E7
S21400EBD0B70D0400B10D0400BF0D040007B50123F6
S21400EBE06A4600212AF0D2F86846034908F04EFB30
S21400EBF003B05DF804FB00BFE1D60000D0E90232A6
S21400EC0053F822300149188808F012BBE1D60000FC
S21400EC1010B5D0E9023203EB8201496853F822307E
S21400EC2009784FF48A5218882AF0D7F8BDE81040C1
S21400EC30034601210420014A00F07ABDDC0D0400E1
S21400EC40D0E9023253F8223002214FF48A5210B52E
S21400EC5018882AF0B4F8BDE81040034601210420C5
S21400EC60014A00F065BD00BFF50D04001FB5D0E9F0
S21400EC70023203EB820153F82230496818884FF4B9
S21400EC808A5309880293094B094A0193094B1B785A
S21400EC9000931278084B2AF008F901210346042055
S21400ECA0064A05B05DF804EB00F042BD3858002077
S21400ECB04E6000204D600020425800200C0E0400DC
S21400ECC02DE9F043D0E9023253F8221003EB820319
S21400ECD05A680E8817789A68DB688BB092F80090AE
S21400ECE0B3F800803246042106AB0446FFF712FF55
S21400ECF028BB08AD01232A46052120462AF046F8FF
S21400ED0038B9042001210F4A00F012FD284629F0E8
S21400ED10EBF84FF48A53CDE904930023CDE9025370
S21400ED2003232121CDE9008306AA3B4630462AF07C
S21400ED3064F801210346044A042000F0F9FC0BB0F5
S21400ED40BDE8F083240E0400530E040038B5D0E965
S21400ED50024303F18043023B02220F4954F823008A
S21400ED609D000CF083FC60B90C4B0D491A78042A00
S21400ED700BD82C44A068008821F8120001321A70C3
S21400ED8038BD084B08491A78F1E70121BDE838403C
S21400ED900420064A00F0CCBC473704004E60002032
S21400EDA0425800204D60002038580020650E0400B0
S21400EDB008B5C368806803F18043023B0222064917
S21400EDC050F823000CF052FC10B9044B187008BD24
S21400EDD00022034B1A70FAE7473704004E60002003
S21400EDE04D60002037B5D0E9023153F821208C0061
S21400EDF015784268521A012AC5BF1B195B686C0950
S21400EE001C78DCBF44F0180405F01F052946204690
S21400EE1029F00FFF034640B12346012104200E4A85
S21400EE20009500F085FC03B030BD0121A94074B9FF
S21400EE302346FE224FF6FF702AF0AAF90121034668
S21400EE400420064A03B0BDE8304000F071BCFE2244
S21400EE5041EAC461EEE700BF7B0E04009B0E04008F
S21400EE6070B5D0E9021551F8253001EB850104464E
S21400EE7018884B681A788B68052A1B8802D85E1E8D
S21400EE80072E0BD9012104200C4A00F051FCBDE8E6
S21400EE907040012104200A4A00F04ABC6468641BE2
S21400EEA0032CCABFC968074909682AF071F9BDE88A
S21400EEB0704002460449002007F0E0BCB90E04008A
S21400EEC0D90E040000F8FF07F60E040008B5D0E9D6
S21400EED0023253F8220003EB82035968FF220388AC
S21400EEE009684FF6FF702AF053F9BDE8084002465D
S21400EEF00149002007F0C2BC090F040008B5D0E99C
S21400EF00023253F8223005214022188829F057FF94
S21400EF10BDE8084002460249002007F0AFBC00BF2B
S21400EF202A0F040008B5D0E9023203EB82014868D4
S21400EF3053F82210027840230988312029F092FFE6
S21400EF40BDE8084002460249002007F097BC00BF13
S21400EF504B0F040008B5D0E9023203EB8201486883
S21400EF6053F82210027840230988332029F07AFFCC
S21400EF70BDE8084002460249002007F07FBC00BFFB
S21400EF80650F04001FB5D0E9023253F8221003EBD8
S21400EF9082039B6808881A780023D21A18BF0122B9
S21400EFA0CDE9023302A94023D20129F06AFF0121EC
S21400EFB00090044B0420044A00F0BAFB05B05DF84C
S21400EFC004FB00BFD20D0400830F040007B5D0E990
S21400EFD0023253F8223003214022188829F0EFFE2F
S21400EFE001210090034B0420034A00F0A1FB03B06C
S21400EFF05DF804FBD20D0400920F040037B5C36819
S21400F0008268053352F8233004211D786A460123AE
S21400F010044629F0BBFE38B904200121064A00F058
S21400F02087FB684628F060FF2B466A46002120468C
S21400F030FFF78AFD03B030BDAC0F040007B5D0E97A
S21400F040023203EB8201486853F82210027840230C
S21400F0500988322029F006FF01210090034B042086
S21400F060034A00F065FB03B05DF804FBD20D040014
S21400F070DD0F040070B585690446EA0705F0020650
S21400F08005D476B1C5F3072029F052FC09E01EB17D
S21400F090B2210F4830F0F9F9A069C0F3810029F0D9
S21400F0A036FCE3691BB9BA21094830F0EEF9204670
S21400F0B014F0D0F9E3693EB1607E9847AB0706D0FE
S21400F0C0BDE8704029F028BC20469847F6E770BD9A
S21400F0D0F20F040008B514F0D1FD28B1BDE80840D1
S21400F0E04721024830F0D1B908BD00BFF20F040036
S21400F0F02DE9F041FF2B04460F4690461D469DF82D
S21400F100186005D0FF2E03D0D521114830F0BDF988
S21400F1100023FF2D18BFAD000E4A1CBF45F00105A9
S21400F120EDB222600C4AC4E9063818BFA561FF2E6E
S21400F130C4E901232361E76007D0A36943F0020313
S21400F14023F47F4343EA0623A361BDE8F08100BFB2
S21400F150F20F0400C83E002075F00000002310B532
S21400F160054C03610460054CC261C0E901430123FC
S21400F170C160836110BD00BFC83E002075F000006E
S21400F18070B58669044606F00303032B0D4603D1CB
S21400F190FC21144830F079F9FF2D16D0B20704D4BC
S21400F1A040F201110F4830F070F9284629F05CF85B
S21400F1B0FF28054604D14FF482710A4830F065F9FD
S21400F1C02DB204EB4514204670BDF307FBD5A369AA
S21400F1D013F00C0FF7D040F20B11024830F055F93F
S21400F1E0F1E700BFF20F04000023054AC0E906312C
S21400F1F003610260C360034A034B4260836070474A
S21400F200C83E002075F000002134020001482BF0B3
S21400F210BFBE00BFC83E002001482BF0C5BE00BFE1
S21400F220C83E002013B50E482BF08CFE27F095FD47
S21400F2302AF03AFE2AF056FE2AF05DFEFCF748FF5A
S21400F2400446FCF75FFF2346009001210420054A90
S21400F25000F06EFA02B0BDE81040FCF73FBF00BFFA
S21400F260C83E002085100400022808B503D130F0FF
S21400F27005F9014B186008BDF83E002008B50CF0F3
S21400F2800FFF0122044B1A7030F081F9BDE80840E8
S21400F29002490348FDF7E4B850600020806900206A
S21400F2A0FC3E0020014B1870704700BF4F600020E6
S21400F2B0024B187808B105F019BE70470E6F002093
S21400F2C008B5074B1B780BB1002008BDFFF7F0FF11
S21400F2D00028F9D106F0E4F9023818BF0120F4E757
S21400F2E04F60002070B5FFF7EBFF174D20B1FFF71A
S21400F2F08DFF0428044613D82B781BB930F047F945
S21400F30001232B7027F037FD0446D8B12B781BB9A4
S21400F310F7210E4830F0B9F8BDE87040FFF776BF29
S21400F32027F02BFD0028E7D02B785BB12FF0ABFF42
S21400F3300646002101202EF06BF930462FF09EFF86
S21400F34000232B70204670BD50600020A6100400DD
S21400F3501FB5FFF7C7FF0446FDF72CFAA04228BFEB
S21400F360204688B103A92EF03FFD034638B9CDE903
S21400F3700000064A0399064830F09CF818B18E2122
S21400F380044830F082F8012004B010BD756D03000B
S21400F390D83E0020A61004000D4B70B51B780D4D0E
S21400F3A00D4C0121002B0CBF2B46234602200B4A96
S21400F3B000F0BEF90A4B01211B780220002B0CBF7F
S21400F3C02B462346BDE87040064A00F0B1B900BFA0
S21400F3D00E6F002066370400853704003C110400D9
S21400F3E04F6000205B11040010B5D0E9023253F8DC
S21400F3F0223002201B780121002B15BF0124002497
S21400F400044A054A00F094F92046BDE81040FFF78C
S21400F41049BF00BF7A11040097110400D0E90232F8
S21400F42053F82230034A1B78003B18BF01231370A1
S21400F430704700BF0E6F002038B50125084B1D70C1
S21400F4402FF021FF0446294628462EF0E1F82046F4
S21400F4502FF014FFBDE8384002490348FDF700B816
S21400F4605160002088690020243F002070B514F009
S21400F4708BFC10F0070F1D4D11D02B785BB90126C1
S21400F4802E702FF000FF0446314630462EF0C0F8AE
S21400F49020462FF0F3FEBDE8704014F039B929F08D
S21400F4A053FE0228E9D1124C2378032BE5D914F039
S21400F4B06BFC10B92378032B14D814F029F90446F2
S21400F4C00028DAD02B785BB100262E702FF0DBFEFA
S21400F4D00546314601202EF09BF828462FF0CEFE3A
S21400F4E0204670BD4FF0FF34ECE700BF51600020AF
S21400F4F0F56400201FB5FFF7B9FF0446FDF75AF97B
S21400F500A04228BF204688B103A92EF06DFC034612
S21400F51038B9CDE90000064A039906482FF0CAFF1D
S21400F52018B18C2104482FF0B0FF012004B010BDA4
S21400F5303F730300043F0020B611040010B5094CC9
S21400F5400949002007F080F923681B68587928F0DD
S21400F550C1FE23681B68587927F0FAFE04F092FE75
S21400F560002010BD244400204412040008B529F0F1
S21400F570DBFD024628B1BDE808400020014907F03F
S21400F58063B908BD6712040008B529F0E3FD02461A
S21400F59028B1BDE808400020044907F055B95422B8
S21400F5A0BDE80840FF2102480BF014BD7F1204009E
S21400F5B04C58002038B504460D4629F0CFFD0246CB
S21400F5C028B1BDE838400020034907F03DB9034B99
S21400F5D023F8145038BD00BF9D1204004C5800207C
S21400F5E02DE9F34100240C4E0C4DDFF838800C4F0B
S21400F5F056F8043B0BB9D8F8003035F8022B3946DC
S21400F600009200202246013407F01EF92A2CEFD182
S21400F61002B0BDE8F08100BF94690020A058002029
S21400F620B91204009069002008B52A21034829F081
S21400F6308DFDBDE80840FFF7D3BF00BFA0580020EF
S21400F64007B5D0E9023253F822301A78292A0DD8A5
S21400F650084B53F822300BB9074B1B6807490020AC
S21400F66031F812100091064907F0EEF803B05DF885
S21400F67004FB00BF9469002090690020A058002079
S21400F680B912040008B52A21034829F061FDBDE837
S21400F6900840FFF7A5BF00BFA058002038B5D0E946
S21400F6A0023253F8221003EB82035B680C781D8845
S21400F6B00020044907F0C8F829462046BDE838402F
S21400F6C0FFF778BFC41204002DE9F34100240C4E66
S21400F6D00C4DDFF838800C4F56F8043B0BB9D8F8C1
S21400F6E0003035F8022B39460092002022460134BD
S21400F6F007F0AAF82A2CEFD102B0BDE8F08100BFCF
S21400F700946900204C580020B9120400906900202B
S21400F71010B5024627F032FE20B9044C236811B11A
S21400F7201343236010BD23EA0203FAE7406A002071
S21400F7300CB413B502460C4627F020FE60B9094B00
S21400F7401B681A4208D005A9049801910AF044FBE8
S21400F75014B105482AF034FB02B0BDE8104002B0F0
S21400F760704700BF406A0020C3150400034610B56A
S21400F770D3E9023253F8223008461C78211E18BFFF
S21400F7800121FFF7C5FF014648B9084A084B022089
S21400F790002C08BF1346074AFFF7CAFF10BD00211A
S21400F7A00220054AFFF7C4FFF8E700BFC9010400BE
S21400F7B0C1010400C5150400DB1504002DE9F04165
S21400F7C005461F460C46DFF82C808E18B44201D141
S21400F7D0BDE8F0810021284614F8013B069AFFF7A1
S21400F7E0A7FF002FF2D0424600212846FFF7A0FFD1
S21400F7F0ECE700BF4F08040002460249002007F06D
S21400F80023B800BFEC15040010B5234C2348FF2195
S21400F81027F095FA207802281ED003282ED001283B
S21400F82004D02120BDE81040FFF7E6BF1C4B197836
S21400F8300029F7D002231B4A23701378052B0EBF2E
S21400F84000230133DBB29942137003D105231370F2
S21400F8500020E7E7052BFBD0124B1B78052B02D1C7
S21400F86003232370DDE7104A104932F8230007F01F
S21400F870DFFC032323700028D4D110BD094B0C4AAB
S21400F8801878094B03EB8001897833F8200007F0DD
S21400F8909FFC0123EEE700BF526000202C3F0020B3
S21400F8A05B600020106F0020F458002091FA0000E2
S21400F8B03DFA00002DE9F04F0D46144695B0049031
S21400F8C0112200210FA89946DFF86C810BF082FB0D
S21400F8D004EB45030393D9F800301C2B02D0039B9E
S21400F8E09C4202D115B0BDE8F08F0123DFF844A199
S21400F8F08DF81C3023884C4AADF81E309AF800303C
S21400F9004A4D08EB83039B7828788DF820301368DF
S21400F9108DF81D00CDF821305368CDF8253028F03D
S21400F920FDFF049B8DF8290021882878002B4AD1FA
S21400F93028F0C1FC002844D09AF800300FAA38F806
S21400F940230007A927F036FD00283AD028F0E0FA71
S21400F9504FF0000B074606461C255FFA8BF29742CF
S21400F96034D8B7422BD99DF81C30032B1AD10FABD5
S21400F9700193BDF8213000220421009301202C4B76
S21400F98006F0E8FD9AF8003008EB83039978274BD9
S21400F990187806F05BFE9AF80030002038F823103E
S21400F9A028F00FFF5DB107A9304629F00DFB214B6B
S21400F9B005461B78304638F8231029F007FBC9F8AF
S21400F9C00050023487E728F06DFCB3E710460BA919
S21400F9D0059229F0F5FA30B99DF82C1031B9059A40
S21400F9E0B74208BF16460BF1010BB6E7BDF82E006E
S21400F9F0BDF81E209042F6D19DF830009DF82020DC
S21400FA009042F0D19DF81C208A42ECD1032A14BF04
S21400FA10082202220DF121010DF131000BF026FE25
S21400FA20002808BF0025DEE7536000200F6F002087
S21400FA3069180400106F0020F458002013B5034620
S21400FA400020114A9C6812780190052A03D01B7882
S21400FA50032B00D12CB9012002B0BDE81040FFF7FF
S21400FA60CBBE6268217801ABFFF724FF217A012024
S21400FA70E26801ABFFF71EFFFF21044802B0BDE8B5
S21400FA80104027F054B900BF106F00202C3F002014
S21400FA90094B1B78052B02D00378032B02D00120DC
S21400FAA0FFF7AABE8168054A0B68054813604B68D5
S21400FAB0FF21536027F03BB9106F002053600020F1
S21400FAC02C3F002038B50024114B124D1870124BF5
S21400FAD0FF211C702C7006F0B9FD01220321104690
S21400FAE00E4B06F037FD4FF6FF712246084628F00B
S21400FAF06BFE044648B940F6B832FF21084827F0A6
S21400FB000DF901232B70204638BDFFF775FEFAE786
S21400FB100F6F0020526000205B600020EF49040059
S21400FB202C3F0020144BF0B51A6814491368097866
S21400FB30587988420BD11249D78808460022114DC1
S21400FB401E792B78D4B2A34203D8052C0AD1002004
S21400FB50F0BD0C88BC4202D18C78B442F7D001329A
S21400FB600431EFE7A342F2D120F82270013300EB14
S21400FB70820086702B70EAE7244400200F6F002076
S21400FB80F45800205B600020FF2307B50021044ADC
S21400FB9004480093FFF7ACFA03B05DF804FB00BF1F
S21400FBA009F800002C3F00201FB5B42303210446AB
S21400FBB0ADF80E3028F076FB98B12123204600934E
S21400FBC0002203210DF10E0328F01BFD0446002041
S21400FBD0054B064A0649009406F036FE204604B059
S21400FBE010BD8624F3E700BF161604002316040093
S21400FBF038160400D0E9023253F82230034A1B7844
S21400FC00012113700220024AFFF792BD2B6F0020DD
S21400FC10471604000122014B1A7070472B6F002014
S21400FC200A4B90F805111B7890F8082119448A426F
S21400FC30BCBFB2FBF3F103FB11234FF0FF32B8BF9A
S21400FC40DBB202FA03F380F80A3170472B6F00200C
S21400FC502DE9FF410446057F867EDFF870806E43FF
S21400FC60237F98F8002013449D4212DB607F60B922
S21400FC70238B029363690193237C00936288A31D00
S21400FC80217805F0EFFDFF232370002004B0BDE8C7
S21400FC90F081E37EAB42E9D9A77E228BF11991422F
S21400FCA0A4BF921BD7B205EB0323E3813A46334643
S21400FCB02946204627F098FB0028E7D1637F374483
S21400FCC0013301356377BEB2EDB2C9E72B6F002072
S21400FCD037B5054629F0AEF90D4B04461B68694654
S21400FCE01B78032B82BF0B4B1B881B18284688BF2C
S21400FCF09CB229F027FA38B9684629F09DF918B958
S21400FD00044B1B8823449CB2204603B030BD00BF82
S21400FD1060430020B66E0020084B1B78FF2B0BD1EB
S21400FD20074B1B78FF2B07D1064B1B78022B03D003
S21400FD304FF4807028F088BD704700BF446A0020EA
S21400FD407C4000204C3F002010B50446FF2126F0E2
S21400FD50F6FF054B9C4202BF0023A4F5887423706F
S21400FD60BDE81040FFF7D8BF5C4000202DE9F04703
S21400FD709A462A4B81461B7888461646BDF8205080
S21400FD80002B49D0FF2D3ED938252846BDE8F08700
S21400FD90234B0C223146A01D636184F80090A4F822
S21400FDA002800BF069F9A289414642F4004242F013
S21400FDB040022046A28127F029FB2A465146606968
S21400FDC00BF05AF941464846A21D258328F073FEDB
S21400FDD0A0760028D8D00544013DB5FBF0F0FF28FA
S21400FDE0D2DC0023E0762046A383FFF731FF0546EA
S21400FDF080B923794FF48070B37228F0E8FC227C37
S21400FE00099B1A80C1E7074C2778FF2FC0D040F621
S21400FE100345BAE72770F2E70225B6E72B6F002006
S21400FE205D6000207C400020B0F9063010B5002B45
S21400FE3025DA144C2278237CFF2A02D0827A9A4252
S21400FE4007D0114C2378FF2B17D0827A237C9A4256
S21400FE5013D169B9637F013BDBB263775BB90B4AA9
S21400FE60237F1278204613442377FFF7F1FE0146DE
S21400FE70204627F0DAFAFFF74FFF012010BD0020DA
S21400FE80FCE700BF7C400020446A00202B6F002067
S21400FE902DE9F04F9A46B1F9063091B0002B0D4689
S21400FEA01746DDF86880049080F22981B8F80030A3
S21400FEB0FF2B04D94FF4B871A6482FF0E6FAA64BEC
S21400FEC000241A7893F80401B3F80211002A40F0CF
S21400FED0A5802E7AA14A1278B24240F2AF80022262
S21400FEE0A3F802711A70AA7AFF2483F8042100226C
S21400FEF0A3F8084183F80521A3F80621B8F80020E6
S21400FF00954883F80C21FFF78BFE3846FFF7E0FE96
S21400FF10214600EB4002924826F000FF4FF4807026
S21400FF2028F055FC8C4C94F80A91B9F1FF0F20D1BB
S21400FF308A4A94F8053112781344B34219DC94F8CF
S21400FF400C1184F80531B4F80631204601FB023363
S21400FF50A4F80631FFF764FE0122824B38461A7079
S21400FF60FFF7B6FE494600EB400204F5887026F01F
S21400FF70D5FE94F80531B34260D8DFF8E0B19BF8BF
S21400FF8000C00CEB0302964258DA764994F8082132
S21400FF900878013A002853D0964205DAB8F80020CF
S21400FFA084F80C2100220A70B6FBFCF901220CFB37
S21400FFB0196994F80A015FFA89F902FA09F2D1B2CE
S21400FFC0024076B92889000A844584F8080108D9D1
S21400FFD02046CDE906210593FFF722FEDDE906213E
S21400FFE0059B94F80A01014384F80A1182B994F833
S21400FFF00921B4F806C1013284F80921B8F80020B6
S214010000DAF800100CEB0200FF2826DD032323702C
S21401001094F80831013B9E4230D138E0AE7A8642F0
S21401002002D18F4200D11C462E7A002C7FF47BAF82
S214010030002A3FF44FAF012A3FF44CAF01205FE0A6
S2140100409642B1DA94F80C1198F800209142ABD0A0
S21401005004F58870FFF778FEF0E794F80CE1F31AE0
S2140100600EFB03C3A01C10FA83F005920BF004F8F4
S21401007094F80831059A013B9E4244D0012394F836
S2140100800A2103FA09F3013B1343FF2B04D122464D
S2140100902946384627F0BBF994F8083194F8092127
S2140100A09A42CBD19BF80030B2FBF3F103FB11224D
S2140100B012F0FF0218BF13462278022A26D1264ADA
S2140100C0023410785178012804BF013151700122A1
S2140100D024F8022CEA88B4F8041122F04002EA80DF
S2140100E094F809210A44591E94F80A3113FB01F3C6
S2140100F01344A8F80030CAF80040FFF70DFE0020B0
S21401010011B0BDE8F08F84F80B21C0E769790029AA
S21401011094D0032A92D1B4F8062194F80B1108AEB4
S21401012011445A1E94F80C31284613FB02F30B4473
S21401013000219BB2A21CA8F80030CAF80020CDE925
S21401014000710296049907F05FFD8921304628F078
S214010150AFFC7DE76E1604004C3F00202B6F00209D
S2140101605C4000205C60002013B5044618B10128ED
S2140101700BD002B010BDFF2301460093064A074884
S214010180FEF7B6FF064B1C70F3E7FFF743FDFF22B1
S214010190044B1A70EDE700BF49FD00005C400020EB
S2140101A04C3F00207C40002013B501A909F0D2FE87
S2140101B0044648B9BDF806309DF80420034906F008
S2140101C043FB204602B010BD8120FBE70517040063
S2140101D013B5694609F0CAFE044688B9BDF802306F
S2140101E09DF80020074906F049FB2046019906F0D4
S2140101F09DFA2046044906F027FB204602B010BDB2
S2140102008120FBE7291704004F17040037B569461C
S21401021009F0D0FE044618BB9DF801309DF8002079
S214010220104906F02BFB104D9DF80120E3B29A42CF
S21401023006D800200D4906F007FB002003B030BDAC
S2140102400198630003F4FF7302220021184428F08A
S21401025048FB29460246002006F010FB0134E3E77E
S2140102608120EBE75117040080170400EF490400D2
S21401027013B501A909F074FE044648B9BDF8063065
S2140102809DF80420034906F0DFFA204602B010BDAF
S2140102908120FBE78A17040030B500240B4D85B09A
S2140102A06946E0B228F08CFE50B99DF80030032B69
S2140102B006D12946BDF805309DF8012006F0C4FA9E
S2140102C00134202CECD105B030BD00BFB1170400BD
S2140102D008B50020034906F0B7FABDE80840FF203C
S2140102E000F0DEBAC31704002DE9F04F85B00646CC
S2140102F00D46174627F0D9F8044640B130463A462F
S214010300294627F0BCF8002005B0BDE8F08F4FF075
S21401031003094FEA15285FFA84FA6946504628F021
S2140103204FFEB8B99DF800B0BBF1000F12D1694677
S21401033050468DF800908DF805508DF806808DF8A2
S214010340016028F041FE02460028D7D058460649EB
S21401035006F07AFA0134202CDDD10020034906F09C
S21401036073FA8920D0E700BFD8170400FF170400EE
S2140103701FB5002304468DF80F3027F081F828B109
S2140103809DF80F3063F07F038DF80F30182301932B
S2140103900DF10F030022009304214023204628F08C
S2140103A01FF9024618B10020024906F04DFA04B0C2
S2140103B010BD00BF1A1804001FB502A909F0E8FD18
S2140103C0044688BBBDF80820184906F057FA2046AF
S2140103D0039906F0ABF92046154906F035FA4FF6B3
S2140103E0F672BDF80810134C4B1E9BB2934219D8F7
S2140103F02368039A1B685879FFF776FF23681B79F1
S214010400012B0BD8BDF808300022CDE900030421EA
S214010410094B092006F09EF828F044FB6FF0FF0018
S21401042004B010BD8720E9E78120F9E739180400F8
S2140104304F170400244400205018040070B50446E9
S2140104408AB005AD1122002128460AF0C3FD2046D8
S21401045004A909F091FD044600283AD11E4EBDF8C4
S21401046010201E4906F0F0F932681379012B28D8BE
S2140104704FF6F670BDF810104B1E9BB2834224D87F
S2140104801368587927F011F808B333682A461B68B1
S214010490BDF81010587926F0F1FFBDF81030012292
S2140104A00421CDE9004309200D4B029506F052F8D0
S2140104B028F0F8FA034620B100200A4A0A4906F055
S2140104C0C3F96FF0FF000AB070BD8724E5E78B24FF
S2140104D0E3E78120F7E700BF244400205318040017
S2140104E0681804006C180400771804002DE9F0471A
S2140104F09AB004A909F058FD0446002840F0B580DA
S2140105009DF810205B4906F0B9F925465A4E9DF82C
S2140105101020EBB29A4254D80020584906F094F9BC
S2140105209DF81050002D40F099802C462E46544FD1
S21401053006A9F0B228F044FDC8B99DF81830032B7F
S21401054015D13B689DF819201B685B799A420ED13C
S2140105509DF81D2005F168036B4403F8402C9DF8B7
S2140105601E200235013403F83F2CEDB2E4B2013609
S214010570202EDDD19DF810300BB1002C77D00AABC0
S214010580CDE90143FF2302220421009309203D4BBC
S214010590039505F0DFFF28F085FA034660B19DF864
S2140105A01020002A5FD0384A3849002C08BF0A4676
S2140105B00020374906F048F96FF0FF001AB0BDE891
S2140105C0F08705986B0003F4FF730222002118449C
S2140105D028F087F931460246002006F04FF901352A
S2140105E095E70598730003F4FF730222002118446F
S2140105F028F077F9002780465FFA80FA06A9F8B254
S21401060028F0DEFC00BB9DF81830032B1CD1D9F86E
S21401061000309DF819201B685B799A4214D19DF829
S2140106201D30534510D19DF81E30C8F307229A425B
S2140106300AD105F168036B440235013403F840AC76
S21401064003F83F2CEDB2E4B20137202FD6D10136A4
S2140106509DF81020F3B29A42C3D88BE70025DFF845
S21401066020902E46F4E7084AA2E78120A6E78B20D1
S214010670A4E700BFD118040080170400EF49040066
S21401068024440020F0180400A2180400C018040036
S214010690F41804002DE9F04389B002A909F072FCB0
S2140106A00446002867D1BDF80820344906F0CCF886
S2140106B04FF6F672BDF80850DFF8D4906B1E9BB269
S2140106C0934254D8D9F8003029461B685F793846DA
S2140106D026F0EBFE00284CD026465FFA86F8404608
S2140106E003A928F06DFC28B92946384603AA26F046
S2140106F0C9FE20B90136202EEFD14FF0FF08404643
S21401070028F05CFC014658BB112203A80AF062FCE3
S2140107102946384603AA26F0B2FED9F800301A79DF
S214010720012A18D81B68BDF80810587928F09AF8DD
S214010730BDF8083003220421CDE900430920104BFF
S21401074005F008FF28F0AEF9034620B100200D4A57
S2140107500D4906F079F86FF0FF0009B0BDE8F083A7
S21401076002460A49002006F06FF80124D5E78724DF
S214010770D3E78B24D1E78120EFE700BF16190400E9
S2140107805018040054190400771804002D190400A9
S214010790244400202DE9F043DFF894800020D8F8A7
S2140107A0003021491B688BB05E79002506F04CF8B5
S2140107B001275FFA85F9484601A928F001FC04469D
S2140107C090B99DF80430032B0ED19DF80530B34245
S2140107D00AD1484628F0F2FB0146A0B10246134969
S2140107E0204606F031F827460135202DE1D1D8F80C
S2140107F0003000211B68587928F034F887F0010092
S2140108000BB0BDE8F083112205A80AF0E3FBBDF8A2
S21401081009403046214605AA26F031FE21463046DB
S21401082028F020F8E0E700BF611904002D19040044
S2140108302444002037B5694609F0B0FB044638BBAE
S214010840BDF80020134906F019F8134D204601990A
S21401085005F06CFF2046114905F0F6FF2B681B6872
S214010860587928F00EF970B14FF6F672BDF80010FF
S2140108704B1E9BB2934209D82B68019A1B68587984
S214010880FFF732FD0446204603B030BD8724FAE761
S2140108908120F9E775190400244400204F1704004D
S2140108A07FB505460024E6B26946304628F088FB47
S2140108B0A8B99DF80030032B11D19DF80130AB4249
S2140108C004D0FF2D0BD19DF80D3043B9304628F0EA
S2140108D075FB024618B10020034905F0B5FF013447
S2140108E0202CE0D104B070BD2D190400034B1B6809
S2140108F01878012808BF0220704700BF6043002017
S214010900D0E9023253F822301A78024B1A7000F0FE
S214010910E7BA00BF5C61002070B5D0E902456B1EE6
S214010920DBB254F8230003221B490AF09FFE54F859
S214010930253004EB8504197863681A78A2F10B0355
S2140109400F2B05D915490020BDE8704005F07CBF86
S21401095001290FD1124C9140236840B90B43114A2B
S21401096023600020BDE870400F4905F06DBF23EA03
S2140109700103F4E702290CD101230C4903FA02F220
S2140109800B6818B913430A4A0B60EAE723EA020325
S214010990F9E70A460749D6E7991904009D190400A4
S2140109A0686A0020B3190400BB190400646A0020B9
S2140109B0CE190400D819040007B5D0E9023103EBBB
S2140109C0810253F821300B491B785268012B0A4BE0
S2140109D008BF0B4612684FF000001A600092074AE3
S2140109E0074B084918BF1346074A05F02DFF03B009
S2140109F05DF804FB686A0020646A0020F3190400AD
S214010A00EB190400FD1904002C9B040038B5254A97
S214010A10254B264C0020264905F016FF00202549C7
S214010A2005F012FF22682449002005F027FF206800
S214010A30224C234D05F0E2FE2146002005F004FF7E
S214010A402A682049002005F019FF286805F0D6FE1F
S214010A502146002005F0F8FE1B4B1C491A781C4B5A
S214010A60002053F8223005F0EFFE00F00DF9194989
S214010A700246002005F0E8FE174B00201A781749B9
S214010A8005F0E2FE164B17491A78002005F0DCFE49
S214010A9004F020FABDE8384002461349002005F06C
S214010AA0D3BE00BF2C9B0400171A0400686A0020FE
S214010AB01E1A0400261A0400341A0400D802040080
S214010AC0646A0020451A04008A610020561A040050
S214010AD06C6A0020691A04006F6100207D1A040008
S214010AE06E6100208F1A0400A11A040007B500F0F9
S214010AF071F8054B0090054A0020054905F0A4FE53
S214010B0003B05DF804FB00BFB71A04002C9B040079
S214010B1038160400F8B504460B4F0C4E0C4D002059
S214010B200C4A0D4905F090FE20463B78297832782C
S214010B30F5F71CFB00233B7033702B70FF21BDE8DB
S214010B40F840064826F0FBB88A6100206E61002056
S214010B506F6100202C9B0400BC1A04009C400020FE
S214010B6037B51248FF2126F0EAF8114B187810F035
S214010B70100505D0002003B0BDE8304003F01CBFCF
S214010B800121B42004F020FB04460A4B0A4A0B4913
S214010B900090284605F058FE2046FFF7BBFF4FF4AD
S214010BA0806003B0BDE8304027F04EBE9C40002078
S214010BB08A610020D31A04002C9B04003816040016
S214010BC00021024A0248FEF7C9BA00BF610B0100C4
S214010BD09C40002008B5054B1B7823B11720FFF772
S214010BE099FF002008BD0220FCE700BF8A610020B3
S214010BF010B550B1054B00F1100250F8044B90426D
S214010C0043F8044BF9D1024B197010BD70610020F6
S214010C108061002037B5174D04462B78DB0626D5B4
S214010C200090154B0020154A154905F00DFE1E2CA7
S214010C300BD0652C09D0032C19D0002028F040FADF
S214010C4040F61C40FFF766FF0DE028F061FA4FF40E
S214010C50FA63B0FBF3F202FB1300C218FF21094846
S214010C6092B226F05BF82B7823F010032B7003B0BA
S214010C7030BD00BF8A610020EC1A04002C9B0400E2
S214010C80381604009C400020014B1879704700BFBD
S214010C900859002070B54C4E8EB0337803F0FB0235
S214010CA0A3F10905022AEDB258D0042B41F604122D
S214010CB057D0A3F108014B424B415B001343434815
S214010CC0ADF80C3026F021FC48B9414B3F4A03F100
S214010CD0100153F8040B8B4242F8040BF9D13D4B3B
S214010CE01B78002B3FD03C4B0DF10E0203F1100197
S214010CF053F8040B8B4242F8040BF9D103A828F0F1
S214010D00FFF92328044610D1012D49D80020334A83
S214010D10334905F099FDBDF80C3003A823F40053C0
S214010D20ADF80C3028F0ECF90446002C41D14FF414
S214010D300C7028F0E3F9044600283AD103F0FAFED5
S214010D40012D36D8274A01AB1068516803C32649DE
S214010D5001A828F039FA78B319242AE043F60412D8
S214010D60A7E70223AAE73378042B0DD0082B0BD074
S214010D701E4B0DF10E0203F1100153F8040B8B42CA
S214010D8042F8040BF9D1B9E7104A0DF10E0302F14E
S214010D90100152F8040B8A4243F8040BF9D1ADE76F
S214010DA0337803F0FB03022B03D10020104905F032
S214010DB04BFD20460EB070BD044901A828F004FA88
S214010DC004460028C8D1F4E78A6100205E6100204D
S214010DD0B91B040080610020706100202C9B040078
S214010DE0101B0400CA1B04001C9B0400D31B040038
S214010DF06B1B040070B5002686B00446252028F03B
S214010E0065F91622002116480AF0E4F8154B1E6013
S214010E10154B1878FFF76AFD022814BF0123042337
S214010E2003208DF8083028F09FF904238DF8103040
S214010E300E4B02A80593039403F030FD05460C4BB8
S214010E400C4A19680C4B3046A14208BF1346009461
S214010E500A4A0B4905F0F8FC284606B070BD00BFEB
S214010E6008590020BC4000208A610020551101006D
S214010E70686A0020EB190400F31904002C9B040097
S214010E80E41B040008B5134A1378042B09BF124B60
S214010E9001331B78C3F10603DBB2137003F0FD02C6
S214010EA0092A04D11720FFF735FE172008BD0A4A84
S214010EB01278002A14BF052206229A4207D1074B50
S214010EC018680028EED0FFF795FF4D20EEE70020CA
S214010ED0ECE700BF8A61002080610020646A002080
S214010EE073B51E4C1E4E23683268134334D01D4B17
S214010EF01B6853B31C4D2B783BBB03F0EBFFF8B9D3
S214010F004FF4806027F063FC184B24681B7894B17B
S214010F10C3F102032B7003F047FD2046FFF76AFF7B
S214010F2004460020124B134A1349009405F08CFC2A
S214010F30204602B070BDC3F1060334682B70EAE7A1
S214010F400121B42004F040F9EAE70020094A0B49E0
S214010F5005F07AFC0224E4E70224E9E7686A002047
S214010F60646A0020604300208A61002080610020BE
S214010F702C1C04002C9B040038160400121C0400D0
S214010F802DE9F347384D394E00202A792B88384908
S214010F9005F05AFC3268287922FA00F010F00100B8
S214010FA002D1344905F050FC334F3C783CB108225D
S214010FB0324933480AF05AFB041E18BF0124DFF8F1
S214010FC0DC80DFF8A490DFF8B4A014E098F8000005
S214010FD049460130C0B288F8000028F069F80028B8
S214010FE035D13C783CB10822514625480AF03EFBF3
S214010FF0041E18BF01242A793368D340DB07E5D5E0
S214011000002CE3D100922B881E4A1F49204605F08A
S2140110101BFC1E4B1878FFF769FC012303221249BB
S21401102028F04CF81A4A054613780133137010B9A4
S21401103002B0BDE8F08720462B46124A154905F056
S21401104003FC284602B0BDE8F047FFF763BD002069
S214011050114905F0F9FBFFF715FF0028E8D102B0AA
S214011060BDE8F04700F01CB808590020BC4000203D
S214011070321C0400631C0400896100208161002089
S214011080165900202C9B0400321D04008A610020A2
S2140110906E610020D31C0400FC1C04005D6100206E
S2140110A02DE9F041214C224D2378002055F82330BC
S2140110B0204A214905F0C8FBFFF7ECFD03461D4E0B
S2140110C01E4FDFF874802BB92378042B15D8B3B9DB
S2140110D01B4B15E032463946002005F0B5FBFFF7FD
S2140110E0D1FE00BB2378324655F82330414605F041
S2140110F0ABFBFFF7CFFD0346E5E7092BE8D1114B24
S21401110000201B68104A11491360114B187027F014
S214011110CFFF20B1BDE8F0410120FFF7FBBCBDE8E1
S214011120F041FFF72DBFBDE8F08100BF8A610020C6
S2140111306C6A00202C9B0400521D04005F1D0400F5
S214011140646A0020686A0020BC400020085900201C
S2140111505D61002070B51C4C23789BB3838913F422
S214011160407F2FD0056835B12A46BDE87040002083
S214011170164905F069BB27F099FF154E03463070F6
S214011180144A2846144905F05FFB33781BB1BDE8C5
S2140111907040FFF785BF2378082B0CD8042B0CD89A
S2140111A00E4B1B78C3F1060323700D4BBDE8704050
S2140111B01868FFF71FBE0A2BF2D1BDE87040182051
S2140111C0FFF7A8BC70BD00BF8A6100208A1D04001D
S2140111D06F6100202C9B0400B71D04008061002075
S2140111E0646A002030B5464D03460446454A002051
S2140111F0454987B005F028FB2B782BBB01A827F0C3
S214011200E5FF022301A88DF8043027F0CDFFB0B921
S2140112103E4901A827F0CAFF88B1152C0FD127F047
S21401122077FF47F23153B0FBF3F202FB130000F5F0
S2140112301C50103080B203F0BFFB07B030BD162C37
S214011240FBD103F0F3FBF8E7152C2AD100202D4A39
S2140112502F4905F0F9FA2B78042B11D0082B0FD063
S2140112602C4B1B78DA070BD401A827F043FF18B9DB
S214011270BDF804309B0703D42B7843F010032B7082
S21401128027F046FF4FF4FA63B0FBF3F2FF2102FBAF
S2140112901300C218204892B207B0BDE8304025F0CE
S2140112A03DBD27F067FF04460028C6D12B78013BD9
S2140112B0092B1ED8134A194905F0C6FA184A1949C6
S2140112C013780133D8B2107027F0F2FE60B12046D1
S2140112D0154905F0B9FAFFF7D5FD0028ADD107B0DD
S2140112E0BDE83040FFF7DCBE07B0BDE83040FFF791
S2140112F047BE40F61C4007B0BDE83040FFF70ABCC9
S2140113008A6100202C9B0400DB1D04001C9B04004A
S214011310F21D04005C6100209C400020051E0400B4
S2140113205D61002008590020FC1C04002DE9F041F5
S2140113300B4686B004460E4617463A49024600203A
S21401134005F082FA4FF000080123CDE901380DF1CE
S21401135016030093424640230621204627F075F9DE
S214011360054640B102463049404605F06DFA28462A
S21401137006B0BDE8F0819DF816202AB936B90020DE
S2140113802A4905F061FAF2E7012EF8D082F001034E
S214011390002027498DF8173005F056FA9DF81730CA
S2140113A00DF1170633B310230022CDE900630621A1
S2140113B04023204627F014F9064630B13246002075
S2140113C01C4905F041FA3546D1E74FB908212046B8
S2140113D026F068FF20B120469DF8171027F043FA43
S2140113E00521204626F05EFF0028C0D0204627F0C3
S2140113F037FABCE74FB90821204626F053FF20B143
S21401140020469DF8171027F02EFA10230022CDE96A
S214011410006306214023204627F0E2F8064600280E
S214011420DED0CBE7342004005020040069200400FD
S21401143089200400A9200400002208B5034B1146A8
S2140114401B681B685879FFF771FF08BD244400200C
S21401145008B5044B00221B6801211B685879FFF769
S21401146065FF08BD2444002008B5044B00221B6814
S21401147002211B685879FFF759FF08BD2444002054
S21401148010B50123002488B001A88DF80430CDE9F9
S2140114900244F5F7B7FF20469DF80420124905F0EF
S2140114A0D3F92046039A114905F0CEF92046029A4F
S2140114B00F4905F0C9F910220E4B0DEB02011888F1
S2140114C040F0604040F48010FBF718FC20460A49C3
S2140114D005F0D4F904A827F046FA2046074905F096
S2140114E0B3F908B010BD00BFC2200400E12004001B
S2140114F000210400FC9A04001F210400EF490400A7
S21401150008B526F033F80020024905F09DF90120C0
S21401151008BD00BF3C2104000023054A8360C36068
S214011520044BC0E9002311B14FF6FF730B807047DF
S214011530491045AA0030031110B5044660B10020D9
S214011540064905F081F9052C06D002F0CBF90449CD
S2140115500246002005F078F9012010BD5021040054
S2140115606121040037B500216A4601AB054626F025
S214011570BEF8044668B100220F49104605F064F92A
S21401158002F0B0F90D490246002005F05DF903B0FE
S21401159030BD0B4905F058F9012024F0C1FF01F0D8
S2140115A099FF431C02D008F025F8F0E721462846AB
S2140115B0FFF7A6FFEBE700BF8A21040061210400C4
S2140115C0D221040038B5054601F084FF044627F011
S2140115D012F94DB100200E4905F036F9631C14BF0F
S2140115E02046002007F0C8FF25F0CEFF022804465B
S2140115F005D0012805D10020064905F025F9204629
S21401160038BD0020044905F01FF90024F7E700BFA4
S214011610EF210400092204002222040008B500205C
S214011620034A044905F010F9BDE8084000F050BD32
S214011630CC3104003B22040008B50020034A0449CB
S21401164005F002F9BDE8084001F0CAB95A220400C3
S2140116503B2204001FB5D0E9023253F82230684617
S2140116601C78214601F0D0FB684601F073FC28B9CE
S2140116702246044905F0E8F804B010BD6846FFF7B5
S21401168071FFF9E7602204000020014905F0DCB88B
S2140116907C2204007FB50DF1060102A8FFF73CFF8E
S2140116A00020264905F0D0F80020BDF8082024497E
S2140116B005F0CAF80020BDF80A20224905F0C4F852
S2140116C0039A0020204905F0BFF800201F4905F0C5
S2140116D0D5F84FF6FF73BDF806209A4229D00020B0
S2140116E01B4905F0B1F800201A4A1B4905F0ACF871
S2140116F000201A4A1A4905F0A7F80022194910468F
S21401170005F0A2F80020154A174905F09DF80A22AF
S2140117100020164905F098F80A220020144905F021
S21401172093F80A220020134905F08EF807B05DF8F9
S21401173004FB0020104905F087F8D4E78B2204004B
S214011740A3220400BC220400D5220400EE220400D9
S214011750F9200400E093040004230400C0270900D4
S2140117602323040042230400612304008023040091
S2140117709F230400BD2304000123040008B50020B4
S214011780034905F061F8BDE80840012001F0FAB907
S214011790DB23040008B50020034905F055F8BDE831
S2140117A00840002001F0EEB9F423040030B5104BD8
S2140117B0104D1B5C85B08DF80F302B7804468342A4
S2140117C006D00D4B0D4953F82020002005F03CF8BB
S2140117D030232C700A4801930DF10F030093062263
S2140117E080231921007826F0FBFE05B030BD00BF2E
S2140117F0439B040092610020509B04000C240400CB
S214011800126F00201FB5232303900193064803ABF4
S2140118100093012280231921007826F0E1FE039827
S21401182005B05DF804FB00BF126F002073B5164DBE
S21401183004462B78154ECBB125F0C7FE012815D0EE
S214011840346040F6B244124B1B78072B17D02D7824
S214011850C5B925F0BAFE031E18BF01230D48009531
S21401186022461921007826F03FFA03E00023336070
S214011870002CE8D1201E18BF012002B070BD022541
S2140118800123EBE70025FBE78F610020C040002025
S21401189092610020126F002008B50448FFF7C6FFCA
S2140118A0BDE808400220FFF781BF00BFC02709003E
S2140118B010B5064C208826F0D7FF608826F0D4FFA6
S2140118C06068BDE8104026F0DEBF00BFC4400020BF
S2140118D07FB523238DF813300DF1130302930423F0
S2140118E00648019305AB0093012280231921007855
S2140118F026F0ABFE059807B05DF804FB126F0020DA
S2140119002DE9F047DFF84C91044699F8000090461F
S2140119100F4626F0A9FC0B2899F8002005D9BDE84A
S214011920F04700203F4904F08FBF00263E4B3F4D55
S2140119301E803F4BDFF820A103EB00135B880120DC
S2140119402B802A7104F0A8FE05F050FF04F0A4FED7
S214011950204604F0A1FE0123042C8AF800300BD89F
S214011960022C45D89C4216D02346BDE8F0470020FD
S214011970304A314904F068BF062CF5D130462F496C
S21401198004F062FF384604F087FEFFF791FF97B137
S2140119908AF800600FE04FF6FF76294F3888801BE3
S2140119A018BF012004F078FEFFF782FF3888B042A6
S2140119B001D026F059FF19236B8099F800300020DA
S2140119C02B71204B1B786B71EB8843F04003EB8047
S2140119D01D4B198826F0F5FE034620B1224600204D
S2140119E01A4904F031FF4046BDE8F047FFF71EBF35
S2140119F0304604F051FEFFF75BFFFFF769FF26F064
S214011A0042FF134B1B78002B0CBF3F20202004F015
S214011A1043FE042CCFD14FF4806026F025FF322000
S214011A20C7E700BF1F2404002C59002030590020AE
S214011A3094420020131404006B2404004E24040076
S214011A4020590020116F0020B06E0020842404006D
S214011A508E610020126F00208F61002038B5044689
S214011A6005200D46FFF7A2FE184B1A884FF6FD73A8
S214011A709A4207D10020164904F0E6FEBDE8384038
S214011A80FFF70ABF65B1134A13780133DBB2092B9E
S214011A90137014D90A2200200F4904F0D5FEEDE791
S214011AA0012C0ED10B4B1D700C490D48FFF734FD70
S214011AB0BDE83840002101200A4AFFF721BF012C6A
S214011AC0F2D0BDE838400748FFF7B0BEB06E002040
S214011AD0BE24040091610020E9240400205900205E
S214011AE0C4400020E093040008B50649002004F035
S214011AF0ABFE0548FFF736FDBDE808400021084665
S214011B00FFF7ACBF2D250400C4400020814237B545
S214011B100346154608D2002000910F4A0F4904F0EB
S214011B2093FE002003B030BD0C1A224600200C495B
S214011B3004F08AFE40F6BB5322460020094904F011
S214011B4083FE4FF47A735C43074B01209C4294BF9B
S214011B502C602B60E6E700BF131404003E2504004A
S214011B607B2504009625040080EE360010B5044659
S214011B700820FFF71BFE0D4B3CB91C700021BDE889
S214011B80104006200A4AFFF7BBBE1B78092BF5D981
S214011B900A220020074904F057FE0020064904F0F7
S214011BA053FEBDE81040FFF79FBF00BF91610020C4
S214011BB0C0270900C22504000326040073B51F4D83
S214011BC02C7834B100201E4902B0BDE8704004F004
S214011BD03BBE0220FFF7EAFDFF221A4E1A4B307871
S214011BE01A7026F041FB0B2807D920463278174990
S214011BF002B0BDE8704004F027BE154B15490093AE
S214011C0001EB0011012319224FF6FD70498805F0FA
S214011C1091FA70B12046104904F016FE00220F4BCF
S214011C200F481C700F4B1A7002B0BDE87040FFF7EA
S214011C30FDBD01240C492C70EEE700BF9061002029
S214011C4014260400126F0020116F00201F240400C8
S214011C504D1F010094420020552604008F6100208C
S214011C60C0270900916100207B26040038B5144D79
S214011C7004462B78052B21D91249FFF75DFC24B9C0
S214011C8018B9114904F0E0FD0424104B195D21B97F
S214011C90BDE838400846FFF769BF032C06D02B780D
S214011CA0052B03D006200A4AFFF72AFE0021094B1E
S214011CB008461970BDE83840FFF7D0BE38BD00BFF2
S214011CC092610020C44000209D260400399B040038
S214011CD0C02709008F61002030B5044689B007206F
S214011CE0FFF764FD052C0AD100222A4B03A91A70BE
S214011CF002A804AA01F0FEFD30B1022045E09CB91D
S214011D000122244B1A700224224D287878B1421EF3
S214011D10504221495041FFF755FC022304462B70DF
S214011D20022C0ED10A200FE0022CE6D1EBE7631F4E
S214011D305A424FF0050018495A4125F04DFC044619
S214011D40EEE7032C04D10020FFF770FD09B030BD8B
S214011D50062C06D10020114904F076FD01232B70D4
S214011D60E0E70F4A0F4B2878002C18BF13460E49A0
S214011D700E4A0094002808BF0A4600200C4904F0C9
S214011D8063FD201E18BF0120400009B0BDE83040A9
S214011D90FFF76CBF8D610020C4400020D8260400E8
S214011DA0D1260400CA260400B9260400C32604006E
S214011DB01327040013B51F4C0620FFF7F7FC227803
S214011DC0092A09D900201C4904F03EFD042002B06E
S214011DD0BDE81040FFF74ABF184B1B782BB3002015
S214011DE024F0C2FB25F0F1FB68B9FFF771FD144B37
S214011DF0196825F0E1FB02460420002102B0BDE887
S214011E001040FFF77DBD01A825F0DDFBFF2809D1B5
S214011E104FF4FA6023780133237002B0BDE8104016
S214011E20FFF704BD0198FFF7EDFC4FF4FA620320BB
S214011E30E3E700BF916100202E2704008E61002099
S214011E40D4400020F023F0B589B0CDE90003344832
S214011E508023002219210078324E334F26F0C0FB32
S214011E600020324904F0F0FC3246394603A801F05E
S214011E7041FD032804462E4D1CD10626039A2D4902
S214011E80002004F0E1FC0398FFF7BCFC0020396851
S214011E9000F0ACFE2E7001F09FF900220446264B9E
S214011EA030461A70FFF782FC84BB09B0BDE8F040EB
S214011EB0FFF780BF28BB7268204904F0C5FC2146A5
S214011EC004A8FFF729FB059B726893420BD02046B6
S214011ED01B4904F0B9FC072305202B7009B0BDE8A7
S214011EE0F040FFF7F9BE1A462046164904F0ACFC4E
S214011EF00523002101202B7009B0BDE8F040FFF753
S214011F00ADBD0020104904F09FFCF1E7042C05D07C
S214011F10042009B0BDE8F040FFF7A8BE09B0F0BD47
S214011F20126F0020C4400020D44000206627040021
S214011F30926100209727040091610020D2270400B7
S214011F400B2804005F2804009B280400F7B504460C
S214011F50876800202378364D012B287004D0354B36
S214011F603549187004F070FC26785EBB334B1B783D
S214011F70FF2B04D103B0BDE8F040FFF78DBC304B1A
S214011F801B78032B11D82F4C0320FFF70FFC694653
S214011F90208827F0D7F8002843D02B49208805F061
S214011FA047F920B12E70FFF777FC03B0F0BD01248E
S214011FB0204B26491C7004F047FC0320FFF7F6FB74
S214011FC02C70F2E7012E25D13B78002BEDD01B4D6E
S214011FD02B78FF2BE9D1A68802F0A4FF864206D112
S214011FE000201B4903B0BDE8F04004F02DBC194B9E
S214011FF0A2881B783BB132B11749002003B0BDE877
S214012000F04004F021BC7B6814491B782B700D4B03
S2140120101A80F2E7032E08D108226846A16809F063
S2140120202BF86846FFF70EFFBFE700232B70A1E7EA
S2140120308F61002090610020B6280400116F0020F7
S21401204092610020B06E00204D1F01007B26040027
S214012050D62804008C610020FC28040027290400EF
S2140120607FB5094B1A78FF2A0AD1187001F088FB50
S2140120700022064B0DF1060102A81A80FFF74CFA62
S21401208007B05DF804FB00BF126F00201E59002048
S214012090152838B517D10C4B1D78A5B927F038F897
S2140120A0C4B2012C38BF01240120FFF77FFB28466C
S2140120B02246064904F0C8FB4FF47A706043BDE837
S2140120C03840FFF7B3BB38BD9261002044290400B5
S2140120D0034B1B78022B01D8FFF770BD704700BF7A
S2140120E09261002070B5284C25F06AFA2578274EB3
S2140120F0BDB10020264904F0A7FB264A1378013318
S2140121001370002323703378062B0AD1BDE8704084
S214012110214B1868B0F5FA6F38BF4FF4FA60FFF735
S21401212085BB3378013B082B2CD8DFE803F0050983
S2140121300D2B13191D222700BDE87040FFF7C8BFFD
S214012140BDE87040FFF73ABD00232370BDE870403C
S214012150FFF7A2BB2946BDE870400120FFF77EBC11
S214012160BDE87040FFF726BE0220BDE87040FFF7CD
S214012170B3BD0120BDE87040FFF7F8BCBDE8704074
S214012180FFF7B2BC70BD00BF8F61002092610020D6
S2140121907329040091610020C040002010B9052079
S2140121A0FFF764BD034B1B78062B01D1FFF79ABFDF
S2140121B0704700BF926100202DE9F0478E68054602
S2140121C033189A780C46092A8EB008D90020A349FC
S2140121D004F03AFB852420460EB0BDE8F08750B9DE
S2140121E08B899F49895C8B4205D200919D4904F0F9
S2140121F02BFB8024EFE79C4BE7881B889F4236D059
S2140122009A490978012932D932B13A4600209849CB
S21401221004F01AFB7E24DEE7964B1A70934B267960
S2140122201B78052B03D0012B3AD8FFF751FF5EB977
S2140122303146204626F03CFC0346002851D0304665
S2140122408D4A8E4904F000FBD4F80880A48998F8DA
S214012250037098F80450002E4CD13046884A8949BC
S21401226004F0F2FA00210120FFF7F8FB4FE000210D
S214012270804B1970072A00F28A8301A353F822F0D3
S2140122801D220100CB230100CB230100DD25010027
S214012290DD250100DD2501007328010073280100FA
S2140122A0022B17D102F03EFE8742B3D00020764AB9
S2140122B0764904F0C9FAFFF781FC46BB3146204651
S2140122C026F0F6FB034610B36B4A6C49002004F077
S2140122D0BBFA1CE06E4A00206E4904F0B5FA0124F0
S2140122E079E7A3681B78DA06AED432466A4904F069
S2140122F0ABFAA9E700210AA8FFF70EF9032F08D9C0
S2140123005F4B664A66490097002004F09DFA002458
S21401231061E76B1E632B04D9594B604A61490095EE
S214012320F2E7614BE4B2DB5D9C4209D0CDE90143A3
S2140123300020534B594A5D49009704F085FAE6E7B9
S21401234057B3A4B222460521404626F0CAFABDF884
S2140123502830834203D04A4B554A5649B6E7012FE7
S2140123601AD022460721404626F0BBFABDF82A308D
S214012370834203D0424B4E4A4F49A7E7032F0BD166
S21401238022460921404626F0A9FA0B9B984203D122
S2140123903B4B474A494999E7642D3FF463AF26F022
S2140123A0B7FE6423C0B2B0FBF3F203FB12030133A2
S2140123B0DBB29D42BFF456AFCDE900530020304B4F
S2140123C03B4A3F4904F040FAA1E7284B1B78052B0E
S2140123D001D03C4A7FE7EB1CDBB2277BF45C44B1BF
S2140123E023460020374A384904F02EFA00210C46CD
S2140123F00BE00F2F0DD81023204634490093314AA5
S2140124003B4604F021FA802401210020FFF726FB39
S214012410E1E60435EDB220462A4A2D4904F014FAC5
S2140124207A1B7119D2B206A825F0DDF805443A46A2
S214012430E9B2304626F052FA264D069A2B68264F08
S2140124409A42386001D100284AD1244900201D4A09
S21401245004F0FAF985240121D7E700BF902904008A
S2140124607C9B0400A8290400B06E00209261002025
S214012470D72904008F6100204D2A0400552A040044
S214012480DD2A0400F22A04001B2A0400282A04007C
S2140124907D2A04008A2A0400A72A0400072B0400C8
S2140124A00F2B0400292B04003F9B0400472B04003C
S2140124B09C2F0400812B0400AB2B0400D32B0400BB
S2140124C0FA2B04002E2C0400482C0400772C040060
S2140124D08E2C0400C4400020D4400020B72C0400F9
S2140124E000F08EFF3E68B0420AD200F089FF9D4997
S2140124F003463246204604F0A7F98924012184E7E1
S214012500079A6B689A4205D12046974A974904F084
S2140125109BF96BE79649097859B19A4209D2204648
S214012520944904F091F996210620934AFFF7E8F9B9
S2140125305CE7924A924905A801F0DCF9079E48B982
S2140125406A68964206D88F4904F07EF90520FFF79F
S214012550C3FB40E6324600208B4904F075F9396822
S2140125600027002000F042FB00206E60FFF74AF9CA
S214012570864B06201F80FFF719F9854B1F7001F067
S214012580B1F90646F8B94FF6FF73824A0AA81188D0
S214012590994214BF13463B466A88298801F012F90E
S2140125A00AA800F0D7FC58B10AA801F0DDF938B145
S2140125B03046794904F048F90420FFF757FB0AE64C
S2140125C0FFF7F8FB07E6042805D1744B19211878A4
S2140125D025F0A1FBFFE538467149EBE7714B1B7807
S2140125E0062B01D0704A76E6DFF8A0A1EB1C94F822
S2140125F00C90BAF80080DBB22EB930466B4904F075
S21401260023F98724E7E5F75C2C1D972FE4B22FD03A
S21401261025D8812F71D0952F67D017BBB9F1100F30
S2140126207FF6E7AD31194A460AA824F0DCFF0444D8
S214012630E4B221464A46304626F050F9231DDBB265
S214012640053416F803A0E4B2A9EB04035345054686
S21401265066DA009338465346534A5549C7E5982FDC
S21401266043D03B460020504A524904F0EDF8C8E7F3
S214012670B9F10A0F7FF6BDAD1FFA89F721463A4632
S214012680304626F02BF905F1080104463A46C9B250
S214012690304626F023F90AAA01462046FFF736FA05
S2140126A008B9454B0A93B9F10C0F12D905F10C0183
S2140126B03A46C9B23046DDF8288026F012F90446BB
S2140126C002463E49002004F0BFF8AAF80040444400
S2140126D00A940A9C3A492246002004F0B5F820469E
S2140126E0FFF7A4F824F077FF11E63649002004F03E
S2140126F0ABF80320FFF7BAFA09E6334C23786BB13F
S21401270024F05CFF50B10020304904F09DF800230E
S214012710237024F060FFFFF74DFBF8E52C49E5E751
S214012720DFF8A49099F8003043B9FFF7D1F8854255
S214012730034607D01C4A27490095E5E524F045FFE6
S2140127400128F2D110220D480AA908F08FFF10B90E
S214012750BAF13F0F42D9144A1F49002004F074F819
S2140127604FE700BFD62C04002E2C04000E2D0400CB
S2140127708B610020432D0400C0270900C4400020BF
S214012780D4400020D2270400842D04001E590020C6
S2140127909161002020590020A62D0400126F002010
S2140127A0C52D040092610020EB2D0400002E0400CC
S2140127B02D2F04000F2F0400E09304003B2E04008D
S2140127C0662E0400852E04008E610020A12E0400D2
S2140127D0E02E0400692F0400A52F04006D4B18702D
S2140127E099F800304BB124F0E9FE30B1284624F0C8
S2140127F0E8FE042807463FF48AAD514628463219BA
S21401280025F022F828B10020634904F01DF80420C1
S21401281070E799F80030554463B124F0CFFE48B113
S214012820FF2FF4D0012F3FF472AD032F16D124F001
S214012830D0FE05462846FEF7E5FF0446024605217A
S214012840564824F0F7FE564B1B689C420AD3204696
S21401285024F0F5FF0520FFF73FFA58E524F0B7FE10
S2140128608046E7E74046FEF7E1FF00287FF44FADDC
S21401287051E74C4B1B7803F0FD03082B01D04A4A65
S21401288029E5A48935B1F27822B10020474903F041
S214012890DBFF2EE7E4B22246F11C0AA824F0A3FED1
S2140128A0434BBDF828201988054691420DD04FF6B6
S2140128B0FF718A4209D03C4A00203E4B3E4903F054
S2140128C0DDFFBDF828203D4947E7BDF82A20598895
S2140128D091420CD04FF6FF718A4208D0324A00204E
S2140128E0374B354903F0CAFFBDF82A20EBE70B9AB0
S2140128F05B689A420AD0013208D02B4A2E49002042
S214012900304B03F0BBFF0B9A2F4926E7A4B2E91C14
S2140129102246C9B2304625F0E1FFE91DC9B2074695
S2140129202246304625F0DAFF431C014606D1082030
S214012930FEF73CFF2548FEF779FFE8E4384606AA8D
S214012940FFF7E4F8A8B9214B0693214B002219782A
S214012950204B187824F023FE069C2046FEF766FFDF
S214012960224600201C4903F06FFF0920FEF71EFFD8
S214012970CDE440F6B733069A9A42E6D840F6B83226
S2140129800020164903F060FF40F6B833DCE78124E7
S21401299021E400BF91610020D82F0400FB2F040022
S2140129A0D440002092610020043004001930040055
S2140129B0C44000209B2B040040300400F920040092
S2140129C0C52B04005B3004005838040080EE360046
S2140129D0116F0020126F002093300400683004004D
S2140129E008B50420FFF742F90020FEF7DFFE0023BA
S2140129F0054A19211370054A1370054B1878BDE86E
S214012A00084025F088B900BF8F6100209061002042
S214012A10126F002010B5164B164C1A78164B002074
S214012A2053F82220154903F00FFF2178144B154A5D
S214012A300020002918BF1A46134903F005FF237822
S214012A402BB1124B00201A68114903F0FDFEFEF768
S214012A503FFF0446FEF73CFF0E4B196824F0DDFDF0
S214012A602246BDE8104003460B49002003F0ECBEA9
S214012A70926100208F610020509B0400AF3004005B
S214012A808537040066370400BC300400C0400020CF
S214012A90D6300400D4400020EF30040038B501469B
S214012AA004460020FFF788FB054698B1E37C00202A
S214012AB00A4A0B4903F0C8FE2379042B0AD029469B
S214012AC0204625F0F5FF034620B10020054A0649B9
S214012AD003F0BAFE6FF0FF0038BD00BF1314040008
S214012AE0173104004D2A0400552A040010B5134678
S214012AF0094A127882420DD163B1084A002014684F
S214012B000A46074903F0A0FE2146BDE81040012011
S214012B10FFF752BB10BD00BF126F002024440020F7
S214012B203931040010B50D4B1C782CB1BDE81040AE
S214012B3000200B4903F088BE6420FEF763FE4FF6C3
S214012B40F0716FF00F02074B0320C3E90012224613
S214012B502146BDE81040FEF7D3BE00BF92610020BB
S214012B6072310400C4400020014B1870704700BF4A
S214012B708E61002000210620014AFEF7C1BE00BF7B
S214012B80C0270900014B1870704700BF8B610020F9
S214012B90114B2DE9F04107460D4618680F49101AEA
S214012BA0096824F03AFDDFF840800D4E98F80040A1
S214012BB00346FF2C307004D0A8420AD32C44A0420E
S214012BC007DB3A460020074903F03EFE337888F8D3
S214012BD000303078BDE8F081DC400020D84000208D
S214012BE093610020A0320400136F002050EA010216
S214012BF008D0FF22054B091A1A70054B1860054BC1
S214012C001960704711461046FFF7C2BF136F0020C8
S214012C10DC400020D84000202DE9F04FAFB006ADD3
S214012C20284600F0FDFD0026624FDFF8D0912846C9
S214012C3000F090F9044648B900F0BEFD5E49024630
S214012C40204603F001FE2FB0BDE8F08F3946002084
S214012C50F2B203F0F9FD284616A900F0FFFD04467E
S214012C6020B15649002003F0EFFD8FE0BDF8582053
S214012C70534903F0E9FD49462046BDF85A2003F0C2
S214012C80E3FD2046BDF85C204E4903F0DDFD2046FD
S214012C90BDF85E204C4903F0D7FD2046BDF8602004
S214012CA04A4903F0D1FD2046199A494903F0CCFD63
S214012CB02046BDF86820474903F0C6FD2046464930
S214012CC00DF16A0203F0C0FD44492046239A03F041
S214012CD0BBFDBDF85C30D90705D520469DF8902090
S214012CE03F4903F0B1FDBDF85C309A0714D50020CA
S214012CF03C4903F0C3FDBDF85830B3F5807F4FD192
S214012D00002025F035FE18B10DF1910003F01EFDEF
S214012D100020354903F098FDBDF85C305B070BD504
S214012D200020BDF8B220314903F08EFD0020BDF829
S214012D30B4202F4903F088FD062228460DF116031C
S214012D400AA924F099FC044690BBBDF8162029492F
S214012D5003F07AFDDFF8A8A0DFF8A8B00DF1280887
S214012D60BDF81610A2B2914210D9B8F8002051460B
S214012D70002003F069FD0134D8F8042059460020EC
S214012D8003F062FD062C08F10808E9D16C462046DE
S214012D9000F05AFD94E80F00013685E80F0046E77B
S214012DA00123202200200DF1910103F0B1FCAFE7D1
S214012DB0114957E7B23204007F340400BB320400E5
S214012DC0DF320400133304002C33040045330400BF
S214012DD05E3304007733040090330400A533040007
S214012DE0C1330400DA330400EF490400ED33040074
S214012DF0063404001F34040052340400F832040080
S214012E0030340400403404002DE9F04188B004ADAC
S214012E10044628468846002700F002FD6E464745D0
S214012E2007D195E80F0084E80F00204608B0BDE8FA
S214012E30F081304600F008FD96E80F0085E80F00A7
S214012E40284600F087F801370028E8D1014B0FCB60
S214012E50E9E700BFF49D04001FB5D0E9023253F83C
S214012E60223068461978FFF7CFFF684600F07CFDF0
S214012E7048B1042809D1074A0020074903F0E4FCB9
S214012E8005B05DF804FB054AF6E70020044903F0A7
S214012E90DBFCF5E71B3E04009A340400D13704003E
S214012EA0A62D040010B5D0E9023203EB8201496871
S214012EB053F8223098B00C6804A81978FFF7A4FFDD
S214012EC003AB40220093214608AB04A800F0E2FCC5
S214012ED0024628B100200E4903F0B6FC18B010BD1A
S214012EE0039808A900F007040122C0F3C70003F005
S214012EF055FC039908A8091B0144064801232246EC
S214012F00008803F005FC044803F03EFCE6E700BF3A
S214012F10AA3404003C590020EF490400F0B50446E9
S214012F200D460B4BEF880FCB84E80F00AB882E893C
S214012F309B0741BFD5F83900D5F83D1004F10803C9
S214012F4003C3EA682046278066806260F0BD00BF42
S214012F50889B0400102208B5034908F087FB003857
S214012F6018BF012008BD00BFF49D040008B526F077
S214012F7056FDC288FF219208012A38BF0122024865
S214012F8023F0CCFE012008BDEC40002038B51346E6
S214012F9090B10120274A1070274A00201160274A65
S214012FA013600A46264903F04FFC02F09DFB254BB1
S214012FB01870022002F09EFB26F04CFDE8B91D4D6C
S214012FC01D4C2B782BB926F02AFD2268C3681344C2
S214012FD023601A4B24681B689C4229D226F01FFDE9
S214012FE0C168204606F0AAF8002402462C7050B9A3
S214012FF026F030FDFFF7BAFF03E0FFF7B7FF002822
S214013000DDD0012038BD20460F4903F01DFC0D4BD5
S214013010187802F06FFB00200C4903F015FC00F055
S21401302091F908B900F0AEF92046FFF7B7F8E8E7DE
S2140130300124ECE795610020E4400020E0400020F8
S214013040D134040094610020FD3404001D350400D1
S21401305038B500F04BFA044600F042FA241A26F07E
S214013060DEFC054618B9B1211B482CF00EFAAB88D8
S21401307003F00303032B03D0B22117482CF005FA03
S21401308000F02EFA054624F06AFB01238340013B3B
S2140130902B4203D0B42110482CF0F7F924F05FFB43
S2140130A001238340013B234203D0B5210A482CF07B
S2140130B0ECF905F019FE054624F051FB4FF4806348
S2140130C0B3FBF5F3C440A34205D2BDE83840BA21AC
S2140130D001482CF0DAB938BD33350400FF2108B5B4
S2140130E0044823F02CFEBDE8084000221146104695
S2140130F0FFF74CBFEC400020F7B504460E4600F043
S21401310089F8054626F08BFCC3682B449C4220D3E5
S21401311024F025FB2C44C440013C114F3B68DEB132
S214013120A34219D101340023ADF8043000F0E4F9CC
S214013130054605F0D9FD103504FB005405F0D4FD15
S21401314001A90246204605F021FE24F018FB38604E
S21401315004E04FF0FF34E0E7A342E4DB03B0F0BD48
S214013160986A00204FF0FF320A4B10B51A60002211
S214013170094B1A7000F0B4F9044600F0B7F921467D
S21401318002460120FFF702FF00280CBF01200420A1
S21401319010BD00BF986A00209661002038B500F087
S2140131A0D1F808B9002038BD094D0A4C2B7823B94F
S2140131B024F0E5FA012320602B70246824F0CFFA6E
S2140131C001348440EED000F025F82044EBE700BF40
S2140131D096610020986A002070B50D4C2368002B7C
S2140131E001DA012070BD00F07BF9054626F017FCD8
S2140131F02468C66824F0B3FA013404FA00F12944BD
S21401320001208A19FFF7C2FE0028EAD00420E9E768
S214013210986A0020024B18680C3024F0E0BA00BF10
S2140132209C6A0020FF2307B50021044A0448009346
S214013230FBF75EFF03B05DF804FB00BFDD30010065
S214013240EC4000200E4B70B51C680546036804F57B
S21401325082641C440E46FFF7DDFF2B68834208D2CA
S21401326032681A44824208D9C31A012033602C609E
S21401327070BD044A126813441C1A0020F7E700BF09
S2140132809C6A0020E84000202DE9F04FB3F5803F0E
S21401329087B00F469846019003D3002007B0BDE8DB
S2140132A0F08F03A904A8CDE90332FFF7CBFF002472
S2140132B0824600F10109DFF888B05FFA89F9019BBF
S2140132C0DDE90356AAB27BB13046109926F0AEFB73
S2140132D00028E2D1B9F1020F2BD1DBF800300493BC
S2140132E0019B03BB2F4421E03946304605F04EFDD5
S2140132F00028D2D1BAF1000FECD0002CEDD105F0A8
S214013300F3FC2E44B6FBF0F303FB10600028E4D078
S21401331005F0EAFC05A902463046059405F036FD9F
S2140133200028DAD0B9E7109B2B441093A8EB0505CB
S2140133300395631C4B454FF00104C0D32046ADE70F
S214013340E84000207FB56B460C4A1068516803C3FD
S21401335090680C2218600A4B0DEB0201186826F0E3
S21401336065FB0C2268460DEB020108F07FF9B0FA06
S21401337080F0400907B05DF804FB00BF989B04008D
S2140133809C6A00201FB5084A01AB1068516803C348
S214013390906801A91860054B0C22186805F0F6FC28
S2140133A005B05DF804FB00BF989B04009C6A0020F2
S2140133B0F7B5044615460E4681B9072A03D80024F8
S2140133C0204603B0F0BD0D4B80791968E3790630CD
S2140133D000EB03200C3180B224F00BFA00272146C3
S2140133E02B46324638460097FFF74EFF0446002824
S2140133F0E5D039467019FFF77FFEE1E79C6A0020A9
S214013400024B1868A0F50060704700BFA86A00204C
S21401341010B58AB0684606F09DF810F0FF0027D177
S214013420009BFBB1174C01A9206006F00BF810F0C9
S214013430FF001DD12268009B9A4204D34FF4DD7130
S21401344011482CF022F8019B104A11491360029A88
S21401345013440B600F49A3F500630A600E4A13601C
S214013460009B63B940F2CF1107482CF00EF806E036
S214013470044A034612680020084903F0E5F90AB039
S21401348010BD00BFA06A0020E6350400E840002019
S214013490A46A0020A86A00209C6A00208E360400D8
S2140134A008B5FFF7B5FF26F0BAFA50B126F0B7FA1D
S2140134B0064B02691B689A4203D2B32104482BF0DB
S2140134C0E4FFFFF7C5FD012008BD00BFA86A002084
S2140134D0E6350400014B1868704700BFA06A00205B
S2140134E0014B1868704700BFE8400020014B186880
S2140134F0704700BFA46A0020014B1868704700BFE0
S2140135009C6A002010B5FFF749FE044628490020B2
S21401351003F09AF90020274903F096F9002026497E
S21401352003F092F90020254903F08EF9244B002080
S2140135301A68244903F088F922462349002003F03B
S21401354083F9FFF767FE21490246002003F07CF964
S2140135501F4B00201A681F4903F076F91E4B1F4CBB
S2140135601A6800201E4903F06FF9226800201D49E1
S21401357003F06AF94FF4806200201B4903F064F9F6
S214013580226800201949103203F05EF922680020F3
S21401359017490C3203F058F922680020154902F544
S2140135A0826203F051F9BDE8104005F0D1BA00BFC0
S2140135B00D3704004A3704006937040089370400D0
S2140135C0A06A0020B4370400D3370400F63704009D
S2140135D0E840002019380400A46A00209C6A0020F4
S2140135E03C3804005F38040082380400A538040023
S2140135F0C8380400EB3804002DE9F04194B00446C5
S2140136000D460020482102AA24F004F918B95349AE
S21401361003F01AF919E060220021204607F0DAFCCF
S21401362004224F4902A808F021F890B16DB19DF827
S2140136300B30002001939DF80A309DF80820009376
S21401364048499DF8093003F0FFF8012014B0BDE8A1
S214013650F081BDF80C20B2F5807F228003D042496C
S21401366003F0F2F8F1E7BDF81420BDF80E10228140
S214013670DDF816206180E2600499BDF81A206160C9
S214013680228284F8320007AD04F112020FAE2B46F7
S21401369003CBB342106051601D4602F10802F6D119
S2140136A00F9B324A63631360314B10221846002188
S2140136B007F090FCE288A388028022894280E268B3
S2140136C042600BB90020C1E700263546A388D9071A
S2140136D009D536B105F150026A4412F8482C84F82F
S2140136E038200135EDB29A0714D5208823F0A8FFBB
S2140136F007466EB102AB03EB05080246414604F1EC
S214013700390007F0F7FD3A4641461A4807F0F2FD40
S2140137102F44FDB2A3885B070DD556B105F15003C2
S2140137206B4433F8482C33F8463CA4F85A20A4F8E6
S2140137305C300435EDB2002EC4D1482D02D9304696
S2140137400D4965E72946382002AA24F063F808B92E
S2140137500A495DE738250126B8E700BF0E3904009F
S214013760A49B040040390400763904000C41002073
S214013770104100201841002091390400E13904006D
S21401378030B50B4C99B025786DB9FFF789FE68B155
S21401379029466846FFF730FFB0FA80F0054B40092E
S2140137A0187001232370002019B030BD0120FBE7FB
S2140137B09761002098610020014B1878704700BF80
S2140137C09861002070B51E46134B044618881D46A6
S2140137D0884298B002D15B88934206D00F4B0FCB3C
S2140137E084E80F00204618B070BD96B100216846E7
S2140137F0FFF702FF0028F1D1BDF804305B0708D5BA
S2140138003388BDF85A209A42E8D8BDF85C209A421F
S214013810E4D395E80F00E3E710410020F49D04008F
S214013820064B10B51B7804462BB9054B0FCB84E825
S2140138300F00204610BD034BF8E700BF986100203B
S214013840F49D04001041002010B50446024B0FCB36
S21401385084E80F00204610BDF49D04000B4B10B504
S2140138601B78044608467BB10021FFF7C5FE48B920
S21401387010222146064807F0F9FE003818BF01203D
S214013880C0B210BD0120FBE70120FAE798610020D5
S214013890104100202DE9F0410E4690460E491022B7
S2140138A01F4607F0E3FE044670B90C4B3A461D6806
S2140138B03046AD1B454528BF4546294623F0AAFF9D
S2140138C028B9074902F0C0FF0120BDE8F081069B38
S2140138D020461D60F9E700BF104100200C41002082
S2140138E0E13904000022024B1A70FFF73BBC00BF0F
S2140138F0986100202DE9F0419CB00F46164680469F
S214013900FFF74CFC054602461549002002F09CFFD5
S214013910382D20D9012104A8FFF76EFE0446D0B940
S214013920119B04A93B606F463846FFF7F7FA97E804
S2140139300F0086E80F00119BAB4297BF01210324BD
S214013940084AC8F8003094BF1170C8F800502046E5
S2140139501CB0BDE8F0810022024B01241A70F6E784
S214013960133A04009861002070B5084D00262B78A4
S21401397053B1FFF7F7FB04461022002104482E70CE
S21401398007F028FB204670BD3446F5E79861002015
S2140139901041002008B50020064902F055FF064BED
S2140139A000201A78054902F04FFFBDE80840FFF7EE
S2140139B0A9BD00BF323A0400986100205C3A0400B9
S2140139C003460120024AC3E9032000221A70704709
S2140139D00100FEFF2DE9F0410024264E264FDFF8B8
S2140139E0A88088B000F0D4F9A5B2854202D308B009
S2140139F0BDE8F081284603A923F042FFA2B2314672
S214013A00002002F03BFF9DF80D2012B39DF8121026
S214013A10BDF81030402914BF6E2179210020CDE970
S214013A2000313946BDF80E3002F028FFBDF81420EB
S214013A301AB10020114902F021FF9DF80C00BDF8D3
S214013A40182070B9079B0E490093BDF81A3002F092
S214013A5015FF00200B4902F0F7FE01342BF022FD82
S214013A60C0E7BDF81C304146009300209DF81A308F
S214013A70EDE700BF753A04007B3A04009E3A040065
S214013A80A83A0400EF490400CF3A040010B500F04C
S214013A90ABFABDE810400346024A0020024902F094
S214013AA0D3BE00BF4A46040068050400D0E90232CE
S214013AB053F8223010B5188800F086FABDE8104099
S214013AC00346024A0020024902F0BEBEF73A04004D
S214013AD06805040010B5D0E90232002486B08DF8DE
S214013AE0044053F8221003EB8203097801A88DF8ED
S214013AF005105A681288ADF806209A681288ADF843
S214013B000820DA681278ADF80C40A24214BF4022B1
S214013B1080228DF80A201A691288ADF810205A6999
S214013B209B691288ADF812201B68059300F0D0FB44
S214013B30034A03460349204602F086FE06B010BD3E
S214013B40991904006805040038B50024064D2BF0C9
S214013B5095FC45F824000634C02CF8D10020BDE8B9
S214013B603840024902F070BE80100020FE3A040080
S214013B7030B5002087B0204902F066FE00201F49BC
S214013B8002F062FE00201E4902F05EFE2BF076FC7B
S214013B9000240546A0B201A9013423F071FE202CB1
S214013BA0F8D12BF06BFC1749421B002002F04CFEAB
S214013BB01549002002F048FE2BF060FC0446012067
S214013BC000F09EF82BF05AFC0E49021B002002F072
S214013BD03BFE0E49002002F037FE2BF04FFC044658
S214013BE023F03FFE2BF04AFC021B0020054907B0DC
S214013BF0BDE8304002F028BE2A3B0400593B0400D1
S214013C00893B0400A63B0400B53B0400CF3B0400FF
S214013C1010B50C4603F07CFD08B9032C12D101F057
S214013C2059F904280ED001F055F905280AD006489E
S214013C3002F0BAFC1C2801D124F0C0FDBDE81040FA
S214013C4002F0C2BC10BD00BF6D7803002DE9F04F35
S214013C5000274FF0FF36DFF8A4B0264C87B0BBF83C
S214013C600030B8B2834209D8731C3BD03246FF21DC
S214013C70214807B0BDE8F04F23F050B801A923F062
S214013C80FFFD9DF8050001F05BFFF8B19DF804808B
S214013C90B8F1000F1AD1BDF810A0BDF812902BF0A4
S214013CA0EDFB18210246BBB24B43E018E158007CFD
S214013CB04FF47A73A2EB010C50B103FB0AF3634590
S214013CC00ED30B44981A864228BF06460137C6E72C
S214013CD04D466B43FAD06345F5D31944881AF2E78B
S214013CE04046F0E7FF21044807B0BDE8F04F23F057
S214013CF026B800BF80100020204100202259002055
S214013D002DE9F041014688B058B1022810D023F0C1
S214013D10D1FD78B3D221194808B0BDE8F0412BF0A7
S214013D20B4BBFF23164A17480093FBF7E1F9EEE709
S214013D3000244FF001082746134EA5B2284603A9D2
S214013D408DF80D7023F09CFD9DF80D0068B101F013
S214013D50F7FE20B19DF80C300BB986F810800134BF
S214013D60202C06F11806E8D12546084B1D80FFF7E2
S214013D706DFFCCE708B0BDE8F08100BFEF3B040063
S214013D80B54001002041002080100020225900206B
S214013D90014B1888704700BF225900202DE9F04FCB
S214013DA0634A077D89B004466249002002F066FD39
S214013DB0002024F0DDFD20B12368218A588803F015
S214013DC0F5FC00205C4902F03FFD637DDFF874914D
S214013DD0002B236808BF08205988574B18BF0020BE
S214013DE00093228A4FF0090314BF4FF080084FF06A
S214013DF0400802F089FBA289BB1C93420CDB24F02D
S214013E0051FE034620B100204C4A4D4902F01CFDEC
S214013E10012009B0BDE8F08FA068791C89B2C55DA4
S214013E2024F05FFD0337012D0646BFB213D8236881
S214013E30324659885879238A0093434624F099F9E3
S214013E40824600283ED1862002F026FC284602F053
S214013E5023FC304668E08520F6E703A923F010FD31
S214013E609DF80C30AB4223D123689DF80D105A798A
S214013E7091421DD1BDF80E105A88914218D1BDF855
S214013E801020B24214D19DF81220424510D1BDF83F
S214013E901410228A91420BD1002D38D0BDF818108B
S214013EA0E288914204D19DF81A201B799A422ED0BD
S214013EB00BF1010BB9F800305FFA8BF08342CCD8D6
S214013EC08B20C1E74FF0000BF4E79AF8020002F0EE
S214013ED0E3FBBDF8180024F0C7FCBDF81A0024F077
S214013EE0C3FC9AF8020003F081FE002883D19AF8F9
S214013EF0020001F0F7FC0546079E002D3FF47BAF5C
S214013F00F0B2013D02F0C8FB360AEDB2F5E700203B
S214013F1002F0C2FB284602F0BFFB304624F0A4FCA8
S214013F20012DD2D1BDF81C0024F09EFC63E700BF32
S214013F307E3C040056300400EF4904008B3C04002C
S214013F40A83C0400225900202DE9F04391B06946AF
S214013F50804623F095FC0023194F8DF801303888F0
S214013F60431E98B28045388009D16946404623F001
S214013F708FFC684623F073FC11B0BDE8F0834FF068
S214013F80180905A923F07CFC0E4C3E880AAD09FBF6
S214013F9006460FCE0FC596E8030009FB084485E8E0
S214013FA003000AAE404605A923F072FC0FCE0FC4EB
S214013FB095E8030084E8030069463888D7E700BF20
S214013FC0225900208010002008B5064B1B8883422A
S214013FD005D9FFF7B9FFFFF739FE002008BD2720F6
S214013FE0FCE700BF2259002038B5074D2C882CB9B4
S214013FF0FF21064822F0A3FE204638BD601E80B28F
S214014000FFF7A2FFF2E700BF22590020204100205F
S2140140102DE9F3479A4618239DF82890244FCDE9B9
S214014020001203FB09731446D3E9022324F019FE98
S214014030064620460D4603F0D9FD04F0FD03382B55
S21401404080460FD1009432462B460021DAF8100044
S21401405023F041FCB8F1010F1BD135431ED102B04C
S214014060BDE8F087392CDAF810300BD107EE906AEC
S21401407007EE103AF4EEC77AF1EE10FAACBF012063
S2140140800020E7E79E4275F100032CBF01200020C7
S214014090E0E7B8F1000FE2D10028E0D0182303FBD7
S2140140A0097701233B7402B0BDE8F047FFF7CEBDA8
S2140140B0801000202DE9F04F00252E46A846AA467E
S2140140C02C46DFF8BC91D1B0694BA8B21B8883425D
S2140140D009D81CB161882079FFF79AFDFFF7B6FD74
S2140140E051B0BDE8F08F0BA923F0CAFB2BF0C6F93F
S2140140F01823AFB27B4309EB030B59F80330059045
S2140141009DF82D00049301F01BFD002800F0AE8001
S2140141109DF82C10002940F0A980DDE90432D01A60
S2140141204FF47A72BDF838305343834200F29E80D2
S2140141309BF8103043B9BDF83A30002B00F096805A
S2140141405343834200F29280FD230022CDE90132DF
S21401415010AB00930DF119020DF11A03E9B20BA889
S214014160F0F7B6F8002877D1BDF81A30DA1C0493B8
S214014170D2B214B33F4B9DF82D101B8813442279FD
S214014180914214D1BDF82E10628891420FD19DF84C
S2140141903220B8EBD21F0AD1BDF83420524506D1E1
S2140141A0B3424DDD0020344902F04EFB01E0B3423C
S2140141B0F8DC61882079FFF72BFD02F041FA04460E
S2140141C09DF932002D4BC043C00F0093BDF834203B
S2140141D00A23BDF82E10C0009DF8328002F094F933
S2140141E09DF82D304FF0000B23714FF48A53FF26B4
S2140141F0BDF834A04FEAD818E38007A95FFA8BF020
S21401420024F0DEFEC0B2B0B99DF81D109DF82D2039
S214014210914210D1BDF81E10BDF82E2091420AD150
S21401422022469DF829109DF81C0024F044FCB0425B
S21401423028BF3046C6B20BF1010BBBF1200FDCD113
S214014240BDF8300024F010FB9DF8190002F024FAA6
S214014250049910A802F034FA182300225F4309EBF0
S21401426007031A742BF00AF949F8070001352BE702
S214014270225900202C590020673D0400EF49040014
S2140142808010002070B500240126104D8AB02B88BE
S214014290A0B2834204D80AB0BDE87040FFF7D6BC8E
S2140142A005A923F0EDFA9DF8150001F049FC50B17F
S2140142B09DF814303BB91A46CDE901360093E1B2B8
S2140142C005A8F0F705F80134E1E700BF2259002000
S2140142D02DE9F0430389DFF858818BB0B8F80090D8
S2140142E000930446837982884188407823F041FF11
S2140142F0002800F09580E78927B1A389BB4200F228
S21401430091800027B8F80030BDB2AB4214D84D46B4
S21401431001264FF6FF73E2899A4226D146B9B8F8CC
S2140143200030AB4202D92846FFF70EFEFFF78EFC9F
S21401433000200BB0BDE8F083284605A923F0A0FABB
S2140143409DF814307BB92268059B5340FF2B0AD891
S2140143506368069E5E4036F07F4604D1BDF81C2099
S21401436023899A42D5D00137CCE7E2689A422BD00E
S214014370002E53D1D4E90323CDE9082305A823F061
S2140143806EFA0028D5D1B8F80030AB4204BF6B1CDA
S214014390A8F800302BF072F818236B43234AE9B2D1
S2140143A0D050D418002305A81A46CDE9013300934E
S2140143B0EFF78EFF18B100220023C4E90223284636
S2140143C005A923F065FAB1E7234605AA04F1100C06
S2140143D0174618685968083303C763453A46F7D144
S2140143E01868386005A823F03DFA0028C0D01F2DB4
S2140143F01AD800238DF8143063788DF81530638849
S214014400ADF81630A388ADF81830A3798DF81A30B8
S2140144102389ADF81C300028B0D1ABE70020E6E7D1
S214014420862086E7872084E7892082E7801000209F
S214014430225900202DE9F04FB04A90F814908DB023
S2140144400446AF49002002F019FA002024F090FA41
S21401445020B12368218A588803F0A8F90020A949C9
S21401446002F0F2F9637DDFF8B8A2002B14BF8023B7
S21401447040230293236808BF08205988A14B18BF20
S21401448000200093228A072302F03EF800230393BC
S214014490A28909F10305954211DB039B13B918465E
S2140144A002F0FAF824F0FEFA034620B10020964AFC
S2140144B0964902F0C9F901200DB0BDE8F08FA06859
S2140144C009F1010189B210F8096024F00AFA3246AE
S2140144D0804603468E490020ADB202F0B5F98EB192
S2140144E0012E00F08A808527384602F0D5F830463E
S2140144F002F0D2F8404624F0B7F9852FD2D0012336
S214014500039376E0A06809F10401A28989B2475DA8
S21401451024F0E7F909F10601A289049089B2A0689E
S21401452024F0DFF93A4605900090049B304679491D
S21401453002F08AF909F1080938461FFA89F503F0ED
S21401454055FB002857D1384601F0CCF929460346D9
S2140145508146A289A06824F0B5F96F4983463046A2
S21401456002F08CF9A1684A4629443346304602F0E7
S214014570CFF83046634902F067F9A9441FFA89F576
S2140145802368424659885879238A0093029B23F070
S214014590F0FD18B18378BB4240F0AC80483FFFB2D3
S2140145A0092F05D840F21133FB40DB0700F1A48048
S2140145B000238DF81C30236807A85A798DF81D2032
S2140145C05B88ADF82080ADF81E30029BCDF82CB08C
S2140145D08DF82230238AADF82430049BADF82830BC
S2140145E0059BADF82A30FFF773FE074600287FF4D7
S2140145F07BAFA9464CE7B346C2E72946A289A06825
S21401460024F06FF94FF0000B02460746434900209D
S21401461002F01AF909F10509BAF800301FFA89F50E
S214014620BAF800201FFA8BF94A4503D81F2B31D957
S214014630892759E7484607A9049323F021F99DF8ED
S2140146401C20049B012A22D122689DF81D00517965
S21401465088421CD1BDF81E005188884217D1BDF88A
S2140146602010414513D19DF82210029881420ED1A7
S214014670BDF82400218A884209D1BDF82800E188C6
S214014680884204D19DF82A10127991421BD00BF171
S214014690010BC5E7012299468DF81C202268517945
S2140146A08DF81D105188ADF82080ADF81E100299C6
S2140146B08DF82210218AADF82410E188ADF8281073
S2140146C012798DF82A2007A8ADF82C7023F0C7F8C8
S2140146D0074600287FF408AFBAF8003048469945E7
S2140146E008BF09F1010307A908BFAAF8003023F0A3
S2140146F0CFF87EE78D27F7E68C27F5E6923D040096
S21401470056300400EF490400F33D0400A83C0400C1
S2140147109A3D0400B73D0400D83D0400E33D040083
S214014720225900202DE9F04F07468846914600257C
S21401473089B09A46BDF848B09DF84C60149C224B4F
S2140147401A88A8B2824235D903A923F099F89DF8B0
S2140147500C201D4BB2BB9DF80D10B94232D1BDF8ED
S2140147600E1041452ED1BDF8101049452AD19DF8AD
S2140147701210514526D1BDF81410594522D13046A4
S214014780029201F0AFF8A6F14103012B01460AD8C7
S214014790204624F0ACF80D4B0D4A204484420CD13F
S2140147A00421029302ACEDB232462046009503ABDB
S2140147B0FFF72EFC09B0BDE8F08F14F8011F4B403F
S2140147C05343EBE70135BBE722590020C59D1C8109
S2140147D0930100011FB50F4C2478C4B142EA0322AD
S2140147E09DF818308DF8051042EA43220A4BADF8C1
S2140147F00C201A78094B8DF80610079903EB021363
S21401480000908DF80400DB6868460291984704B072
S21401481010BD00BF996100209B610020404100202F
S21401482073B51A4DFF211A4822F089FA2B7853B333
S214014830184C194E2378180106EB03131A7A596897
S214014840305C24F049FC4D281DD0E0B10123002145
S2140148502278CDE900311201B25CC0B2FFF7BAFF8F
S2140148600A2223780A480133DBB2B3FBF2F102FBDA
S2140148701133FF2123702B78013B2B7002B0BDE86A
S214014880704022F054BA02B070BD00BF996100209A
S214014890E04100209B61002040410020F8B5104F08
S2140148A03E780A2E1AD00FC8DFF840C00D4D9CF88E
S2140148B00040013605EB041585E80F000A23013494
S2140148C0E4B2B4FBF3F203FB12440748FF218CF871
S2140148D000403E7022F02BFA0020F8BD0120FCE7D4
S2140148E09961002040410020E04100209A610020AB
S2140148F00021024A0248FAF731BC00BF21480100F4
S214014900E0410020002337B50C46124D12492A78A3
S214014910CDE9003312018A5C01230146E0B2FFF7BC
S21401492059FFA4B90D490A788AB10A202B78013AB1
S2140149300133DBB2B3FBF0F40A70FF2100FB143342
S21401494007482B7003B0BDE8304022F0F0B903B041
S21401495030BD00BF9B6100204041002099610020CE
S214014960E041002008B500F0BDF850B1054B064AFD
S2140149700649052808BF1A46BDE80840002001F090
S21401498063BF08BD073E0400EF490400283E04004B
S21401499008B5032024F0BAFB10B90122014B1A70A6
S2140149A008BD00BF9C6100200022024B18781A70D7
S2140149B0704700BF9C6100200246FF21014822F09B
S2140149C0ADB900BF00420020114B37B51D78C5B9FF
S2140149D0FF21104822F0B3F9FFF7DAFF04460090F2
S2140149E00D4B28460D4A0E4901F02EFF4CB10D4BDA
S2140149F01B78DB0605D5284624F062FB204622F00C
S214014A009FFD094B186803B0BDE83040FFF7D4BFDF
S214014A109C61002000420020453E0400733E0400D5
S214014A20381604008A610020AC6A0020FF21014884
S214014A3022F085B90042002070B51A4E054633783B
S214014A400C466BB30020184A184901F017FF032CD7
S214014A5001D0652C20D11649002001F00FFF224617
S214014A600020144901F0F0FE0020134901F006FF72
S214014A70012329460822002001F04AFE00200F49A2
S214014A8001F0E2FE032C88BF0023204688BF337066
S214014A90BDE87040FCF7BEB8012CE0D00849DBE762
S214014AA070BD00BF9C610020733E0400221A040002
S214014AB0863E0400D9200400A43E0400EF49040009
S214014AC09C3E0400014B1860704700BFAC6A002092
S214014AD00021024A0248FAF741BB00BFC94901005A
S214014AE000420020054B10B51C782CB90448FF2164
S214014AF022F01DF9204610BD0520FCE79C61002030
S214014B0000420020F8B50024074B084E1D68084FE8
S214014B10E3B29D4204F1010400D8F8BD394656F8C7
S214014B20230021F0C3FAF3E750B9040054B9040096
S214014B30786B002010B5044C23780BB124F0D6FA1C
S214014B400123237010BD00BF146F00202DE9F74329
S214014B50254B0D4616460446019350B14AB104232F
S214014B6001AA12F8011BA94235D0013B13F0FF033D
S214014B70F7D1212003B0BDE8F08317F8010F90FAB2
S214014B80A0F0000E21F0CEFC014608EB0703994584
S214014B90F3DCCAB2C1F30F2392FAA2F293FAA3F39B
S214014BA0120E1B0E03EB0223DB43621912F8020CF2
S214014BB099B2DBB298420CD112F8013CB3EB112F3B
S214014BC007D132462146284603B0BDE8F04324F01B
S214014BD0EDB92320CEE74FF6FF71671EA5F1020956
S214014BE0C4F10108D1E700BF080A0E12F0B5154658
S214014BF08FB00E4607462AF0EDFC254B02A81C781E
S214014C0024F078FA15F0FD0F3BD028B9BDF808302E
S214014C109B0701D5032D36D01DF0A4FE58B309A875
S214014C2024F0D4FA0323306871688DF824300AAB77
S214014C3003C39DF83130012D43F002038DF8313066
S214014C4019D105A909A824F0B9FA002818BF022429
S214014C5023F062FE032D18D80E4B0F4A0020CDE933
S214014C60004753F8243052F825200C4901F0ECFD9A
S214014C7020460FB0F0BD032DEAD1042C08BF002456
S214014C80E6E70324E4E72C46E2E70324F0E700BF67
S214014C909D610020989D0400889D0400AB4504009A
S214014CA0014B1870704700BF9E610020024B1A68C6
S214014CB018608260704700BFB06A0020024B186817
S214014CC000B14068704700BFB06A002070B5044666
S214014CD000250A4B1B687BB100211E8807E05A6835
S214014CE002EB0110013145B9021B554255418AB20A
S214014CF09642F4D89B68EEE7184670BDB06A00206D
S214014D002DE9F04F1E46002393B0022E0746884633
S214014D101446DDF870909DF874A0ADF81A3040F294
S214014D20C08099F800305A0729D5042E40F2B98080
S214014D3099F804B000255F4B33F83520002A00F0BF
S214014D40B68001350A2DF7D1209B002B40F0AD80AF
S214014D50FF250023207908AA0DF119018DF81930D5
S214014D6023F052FD70B1BDF82C309DF81900238058
S214014D7023F0CDFD0790C0B113B0BDE8F08F99F8D0
S214014D8002B0D7E7207923F06FFA0B28059000F2DE
S214014D908A80207923F0CCFD07900028ECD1464A82
S214014DA0059B02EB03135B8823804FF6FF73002FEE
S214014DB008BF434662880021CDE900235846524683
S214014DC0238802F0FDFD18B1E38843F02003E38059
S214014DD0209B07A90DA8CDE90D34CDF83C90ADF880
S214014DE04080ADF842608DF844708DF845A023F000
S214014DF01CFD08B10798BFE7484602F025FDA01D37
S214014E0002F010FD22464146384623F054FEB042D9
S214014E1027D3E3882246C3F30E03E3809DF87C3054
S214014E2041460393BDF87830384602930DF11A03D4
S214014E30CDE90093F3B222F08AFF209B079003B3DB
S214014E40F8B9BDF81A2042B1092D06D81B4B03EB61
S214014E50C5018A80209A43F83520112023F0B7FC3B
S214014E601CE0BAF1000F0AD10DF11A03CDE9006377
S214014E7022464B4641463846FAF778FFDDE73820AA
S214014E80DBE7052807D1E388DB0607D500230120E9
S214014E900793FFF705FF079B002BDED023F03CFDB1
S214014EA0A8E7012068E7212066E71C2064E7EDB249
S214014EB04FE700BF284200209442002024420020F1
S214014EC04FF6FF72024B1A805A809A80704700BFD5
S214014ED02459002010B5044C2379FF2B02D124F06D
S214014EE033F92071207910BD2459002010B50C4CDF
S214014EF02379FF2B08D1002023F009FD20B924F0E7
S214014F0023F9207123F008FD2079022805D0043802
S214014F10012894BF0020012010BD0020FCE700BF3F
S214014F20245900204FF6FF7310B5044C22889A428C
S214014F3002D124F0FFF82080208810BD24590020DB
S214014F4010B5FFF7BDFF40F61D439842044607D84B
S214014F50B0F5416F05D2182826D8152848D829D08B
S214014F6010BDA0F541630D2BFAD801A252F823F02B
S214014F70B54F0100B54F0100614F0100614F0100BF
S214014F80614F0100614F0100614F0100614F010057
S214014F900550010017500100B14F0100B14F01004B
S214014FA0B14F0100B14F010040F606439842D7D1F8
S214014FB01C4920E0FFF7B6FF1B490246002001F01E
S214014FC043FC152C05D124F09FF8BDE8104023F0D2
S214014FD035BC164B164A1749B4F5416F08BF1A4639
S214014FE0002001F031FC23F028FC23F027FCECE73D
S214014FF01628DDD11049002001F026FCBDE810403E
S21401500023F041BD22F08AFFBDE8104002460B495D
S214015010002001F019BC0020BDE81040084901F04D
S21401502013BC00BFCF4604007C460400EF490400D1
S2140150307746040098460400B8460400E446040097
S2140150400C47040007B5094A0346108831B9084AD7
S214015050084903B05DF804EB01F010BC0091064A64
S214015060064901F00BFC03B05DF804FB3C59002037
S2140150706F1304002C4704001314040038160400B0
S2140150800D4B37B51B68044693B11D780389012D76
S21401509008BF02250093C37A084A0020084901F098
S2140150A0D3FB2146284603B0BDE8304024F004B8BF
S2140150B0022003B030BD00BF60430020A1470400BA
S2140150C050470400002010B523F021FC0D4B1B684F
S2140150D063B15A78052A03D862B1052402220AE090
S2140150E0FF2AFAD00020084901F0AEFBBDE81040C7
S2140150F023F012BC1446104624F03AF8204624F059
S21401510035F8F3E760430020A647040013B5134CB7
S214015110002023F0FCFBFFF7D3FE23689BB101A818
S21401512022F0EFFE78B923681A789DF804309A4287
S21401513009D0D91E032906D9D11E012903D9012A6E
S21401514007D1022B05D1032301A8ADF8043023F0C3
S214015150B9FF02B0BDE8104023F0DEBB604300207B
S21401516000231946034A01330A2B918042F8081B93
S214015170F9D17047244200207FB50E46054623F03C
S214015180A3FF2A46044603460D49002001F05CFBB6
S21401519096B10C4B36211A889B78ADF80C208DF809
S2140151A00E300323002200934FF6FC7003AB8DF8FC
S2140151B00D5023F0CAFE0446204604B070BD00BF61
S2140151C0C7470400049E0400FF2810B50C4604D10E
S2140151D00020044901F038FBFE202146BDE81040BE
S2140151E0FFF7CABFE0470400F8B51E460B8807461E
S2140151F00C461546002B64D14A88B1F902100020EE
S2140152000029B8BF6B78304901F01EFB6288132A6B
S2140152101DD002F5FF437F339BB2052B23D8A2F5A1
S2140152200042013A052A1ED8DFE802F0193F1D03A5
S2140152303C09264A2649002001F006FB13E0254AD0
S2140152402349002001F01AFB2A792349F3E7022EAD
S21401525094BF4FF6FF72B5F801202049EBE7002016
S2140152601F4901F0F1FA33462A462146384624F012
S21401527094FE70B933462A462146384624F08FFEFE
S21401528048F2210362889A4203D13846697823F0AE
S214015290C4FA6388B3F5004F02D9082023F0D4FA84
S2140152A00120F8BD2A790F49C5E70F4A08490020B1
S2140152B001F0E4FA032E94BF4FF6FF726A880B4999
S2140152C0B9E70020EDE700BF1B480400434804008F
S2140152D04A4804005B480400614804006F48040023
S2140152E087480400A1480400C3480400C8480400D5
S2140152F02DE9F04116888AB0DFF88C80ADF80E30C3
S2140153000DF10E03C8F8002015460093324610AB87
S21401531007460C46FAF7BCFD90BB109B8DF824009F
S2140153200693BDF80E3004A8ADF81C30AB898DF895
S2140153301070ADF820306B890594ADF81E60ADF89D
S214015340223023F070FAD8B921463046BDF80E3027
S214015350109A01F0C9FF98B921463046BDF80E30C3
S214015360109AFFF741FF58B9CDE90060394620464B
S214015370BDF80E30109A02F049FB08B9C8F80000D3
S2140153800AB0BDE8F08100BF20420020F0B585B02C
S21401539004AB03E9030000231C469DF80D609DF84D
S2140153A00E70154AD9B202EBC1004568EDB99DF8F9
S2140153B00C30284600939DF80A209DF80B300F49C3
S2140153C001F05CFA26B1324628460D4901F056FA3C
S2140153D00C4A0020002C18BF2246BDF808300A49A6
S2140153E005B0BDE8F04001F02FBA12F831100133D4
S2140153F0B94208BF2C46D5E7AC9D0400DA48040044
S214015400EB480400DE120400EF4804004FF6FF7379
S21401541010B5084C88B062889A4207D102A90DF1EE
S214015420070022F06CFDBDF810306380608808B07C
S21401543010BD00BF245900202DE9F04F85B08946E4
S21401544092461C460746BDF83850BDF83C80109E73
S214015450002833D00346464A0020464901F00EFA9A
S2140154602388002B76D040F20912934274D0424A28
S2140154704249B3F5827F08BF0A46CDF804806188A9
S214015480002000913E4901F0F9F9238893B1B8F163
S214015490020F0FD933783B4913F0010F3A4A18BF70
S2140154A00A4659074FF000004CBF3379B3783749A5
S2140154B001F0E4F90020364901F0C6F90023354928
S2140154C031F83320AA4249D1334A52F833B0002387
S2140154D031F83300DA00A84246D100202E490A44AA
S2140154E0908041F8330047B9238833B9B4F90230C4
S2140154F0002B02DB082023F06AF9012023F0A4F92F
S2140155009EB13578EB0710D515F0040004D042465D
S2140155100121304623F0E5F9CDE9017043462246E4
S21401552051464846009622F0FCFEBBF1000F06D01D
S2140155304346224651464846CDE90067D84743468A
S214015540224651464846CDE9006722F0B0FB05B039
S214015550BDE8F08F114A90E7114A8EE701330A2B16
S214015560AED14FF0000BB2E701330A2BB0D1BAE748
S2140155701B0A040016490400DF1204000449040053
S21401558024490400074904000F4904005549040052
S214015590EF4904002842002024420020FD48040070
S2140155A0014904000D4BF0B54FF00C0C1F88054661
S2140155B000230B4EDCB2BC4201D30020F0BD0CFB35
S2140155C004F43019345DAC4205D144888C4202D1D2
S2140155D004799442F2D00133ECE700BFB26E0020AA
S2140155E0C06A002073B501262B4D2C4C2A46204656
S2140155F0FF2300210096F9F77BFD2A462046FF236C
S21401560000210096F9F774FD2A462046FF23002163
S2140156100096F9F76DFD2A462046FF2300210096E5
S214015620F9F766FD2A462046FF2300210096F9F782
S2140156305FFD2A462046FF2300210096F9F758FD14
S2140156402A462046FF2300210096F9F751FD2A46F7
S2140156502046FF2300210096F9F74AFD2A462046F8
S214015660FF2300210096F9F743FD2A462046FF2333
S21401567000210096F9F73CFD2A462046FF2300212B
S2140156800096F9F735FDFF232A46002120460096AD
S214015690F9F72EFD02B070BDDD75030074420020DF
S2140156A02DE9F84300244FF00C090C4B0C4F1E78E3
S2140156B0DFF830803A88E5B2954202D33046BDE83D
S2140156C0F88309FB0585FF21A86821F03FFB18B97F
S2140156D0AB799E4238BF1E460134EBE79F6100203E
S2140156E0B26E0020C06A0020014B1878704700BFD8
S2140156F09F610020014B1870704700BF9F6100201A
S214015700F8B506460C4623F07DF80546C8B930467E
S21401571022F0AAFD0B2815D80B4B03EB00131F7BB9
S21401572087B95A88012122809A88304662809B79FF
S214015730237100F037FA39466071304600F032FACC
S214015740A07101252846F8BD9442002070B5044694
S2140157500E46154622F088FD0B2802D94FF6FF703B
S21401576070BD094B03EB00131A7B002AF6D146B92C
S21401577001222946204600F03DFA0028EED0008896
S214015780EEE7012EEAD1F4E794420020FF2313B599
S2140157900DF1070104468DF8073023F031F818B1F2
S2140157A09DF8070002B010BD074B03EB04131B7BEB
S2140157B00BB1FF20F6E7204600F03AF90028F8D0B2
S2140157C0204600F0E9F9EDE79442002013B5F6F71C
S2140157D085FC0446F6F788FC22460346124900205B
S2140157E001F032F800F084FFFFF7BAFC00F0A6F8EB
S2140157F00221084602F074FDFFF764FC41F24900FD
S21401580023F0D0FC4FF0FF130093FF2368468DF87A
S214015810043023F0A5FC4FF4004023F083FC002065
S21401582023F0A0FC02B010BDA449040038B505461B
S21401583023F006F890B9284623F0C0FB044628B1A9
S21401584040F60443984214BF88248D2423462A46F2
S2140158500020034900F0F8FF204638BD8D24FBE701
S214015860BC4904002DE9FF4705460E4617469846F3
S214015870BDF83090DDF834A0BDF83840CDF8009082
S214015880CDE9014AE4B2FFF7D7FD43463A46314631
S2140158902846CDE90094CDF808A024F047FBFF2167
S2140158A0034B044A044804B0BDE8F04700F01ABEB2
S2140158B0305900202C59002077630020044B014604
S2140158C01888102240F0404040F48010F7F716BACE
S2140158D0FE9A0400024B18685968FFF757BD00BFCF
S2140158E036DE04000123064AD15C814202D1054A14
S2140158F0D05C704702335F2BF6D10020704700BFA3
S214015900069E0400079E040070B500220446094B5B
S2140159101D78094BD0B2854201D8FF2070BD1E7894
S214015920A64204D10029F9D05E7BF607F6D40132EF
S2140159301033EFE7A0610020944200202DE9F041EA
S21401594098B06B46304A1068516803C390680CAA39
S21401595018602E4B14469C4603F118061546186827
S2140159605968083303C5B3422A46F7D112AA174627
S214015970274B03F11806154618685968083303C5FE
S214015980B3422A46F7D1234A03AB106851684FF059
S214015990010E03C3906871681860DCF830000022BD
S2140159A006AB03C30C21EC46B068CDE909221860AA
S2140159B0194BDFF86C801970184B0DEB01060B9232
S2140159C006AD09A91CF8010B0132187034F8020B58
S2140159D00C2A588037F8020B83F80DE0988016F8E9
S2140159E0010B03F1100303F80A0C15F8010B08EB81
S2140159F0C00043F8080C11F8010B03F8040CE1D1C0
S214015A0018B0BDE8F08100BFD649040076A10400B5
S214015A108EA10400E3490400A06100209442002006
S214015A20709E0400014B1878704700BFA0610020EB
S214015A30034B03EB0013587B00F00100704700BFD7
S214015A4094420020F0B504460846D9B100220E4B18
S214015A5011461F780D4B1D46D6B2B74201D800201D
S214015A6010E01E78A64206D09E68F688314489B2B8
S214015A7001321033F0E75E7BF607F9D505EB021528
S214015A800180A868F0BD00BFA061002094420020FC
S214015A902DE9F347894690461D46074618B900206A
S214015AA002B0BDE8F0870029F9D0002AF7D0002B14
S214015AB0F5D0002400780DF10601ADF80640FFF799
S214015AC0C1FF0028EBD039460DF10602BDF806608D
S214015AD022F0BFFA07460028E1D00DF10602BDF814
S214015AE006A022F0DDFA0028D9D0C9F80070C8F85F
S214015AF00000037913F0200219D1DB0614D4BDF897
S214015B0006300C4A564413FA86F612FA86F20BE071
S214015B101A790C33920642BF13F8092C891889B2F8
S214015B209842F5D8044A0A4401202A60B8E721467B
S214015B30024BF5E7C3620020A1610020B0A004007B
S214015B4008B50021FFF7E0FEFF2817BF044B084603
S214015B5003EB0013587B18BF00F0010008BD00BF1F
S214015B60944200202DE9F0410D4616461F4622F0CC
S214015B707BFB0B280AD8074C3B4604EB0010324649
S214015B802946BDE8F041806822F03BBB0020BDE815
S214015B90F08100BF94420020014B0001185C704761
S214015BA09442002070B50C4622F05EFB0B281BD8F1
S214015BB00F4B03EB00139A68C2B100231426184654
S214015BC01579D9B28D4200D870BD116806FB031154
S214015BD0097B34B911F0800F1CBF0130C0B201330C
S214015BE0EFE711F0400FF7E70020EDE71046EBE78F
S214015BF094420020F8B50D46164622F035FB0B28D8
S214015C000BD80F4B4FF0140C03EB00139A680023CC
S214015C101C461779D9B28F4201D80020F8BD10680A
S214015C200CFB0300017B46B911F0800F03D0AC4298
S214015C30F4D00134E4B20133ECE711F0400FF5E79C
S214015C40944200202DE9F04F064600243A4B87B0D7
S214015C501B783A4F0093009B9C4207D2FF2E08D038
S214015C60304622F001FB0B28044606D907B0BDE8F2
S214015C70F08F07EB04131B7B2BBB23014FF00008AF
S214015C80019307EB041A14E014221B6802FB053586
S214015C902B89B3F5967F01D929F004FC4FF0000952
S214015CA04FF00C0B29891FFA89F291420ED808F1A0
S214015CB00108019B5FFA88F5FB189B681A79AA42CE
S214015CC0E2D8FF2ED2D10134E4B2C4E71FFA89F03C
S214015CD00BFB00F06B6819180A7912F0100F23D12C
S214015CE09AF800E012F0400F8DF80CE0B5F800E0ED
S214015CF0185AADF80EE00CBF4FF0400E4FF0800E74
S214015D00ADF8120028468DF810E022F06EF9530720
S214015D10ADF81400C8780AD50228896800D9096840
S214015D20002203A822F03DFA09F10109BAE7022888
S214015D308CBF89680831F3E7A061002094420020F7
S214015D40052370B5094A06881488B44208D19578A7
S214015D50047B2C403F2C03D90D4201D0506870BD06
S214015D60013B02F10802EFD11846F8E720A1040032
S214015D7070B50024074D084E2B78E0B2834200D858
S214015D8070BD06EB0010437BDB0701D522F04BFB11
S214015D900134F1E7A061002094420020F8B50C46DA
S214015DA000210546FFF7B0FDFF2829D0154A060158
S214015DB002EB00135B7B03F001016CB143F00103BE
S214015DC01644A142737305D0C4B100B202EB0010B1
S214015DD022F029FB0120F8BD2346F1E77B43116839
S214015DE02846CA18127BC95AD20921F088FF013405
S214015DF0B268E3B211799942F0D8EBE71427F7E7D6
S214015E000846E8E794420020F0B59446497D20B361
S214015E1039B3012918BF042100254FF6FF702F461C
S214015E202A46144E3488644511D196F803E01EEADA
S214015E30010F0CD0B4789C4209D30AB1BC4206D8F3
S214015E401EF0100F03D08AB1BC420CD370B90135D5
S214015E50072D06F10406E5D1F0BD002908BF08218B
S214015E60D8E70221D8E727460020F0E72746012297
S214015E70FAE700BF04A104002DE9F04F0A9FBDF820
S214015E8024E09DF82C809DF830904C7D78B394B337
S214015E90012C18BF04240025194800F11C0C0688A3
S214015EA096421ED190F803B01BEA040F19D08678EB
S214015EB0464516D31BF0100F91F80FA004D0BAF187
S214015EC0000F0ED0B1F810A0BAF1000F09D1A94504
S214015ED013D0AE4511D95E553E88013501363E8058
S214015EE0ADB204306045DAD10120BDE8F08F002C58
S214015EF008BF0824CDE70224CDE70020F5E700BF60
S214015F0004A104002DE9F04F0024B1F57C4F0E46A4
S214015F1038BF4FF0010BA246A1464FF6FF781F4649
S214015F2028BF274B85B028BFB3F800B00090019278
S214015F305C4503D3404605B0BDE8F08FB6F57C4F0F
S214015F400CD3204B3A4603EB840331465B8800981A
S214015F50FFF708FE054680B300232AE03A4631469D
S214015F60009822F0B1F9F5E70C229CB254436A6816
S214015F700199105B02EB040C884219D3B9F1000FAA
S214015F8001D0504514D861462846CDE9023222F0A8
S214015F902CF8029B60B1039A125BB9F1000F03D093
S214015FA0524501D3804503D9924680464FF00109F8
S214015FB001332A899CB2A242D6D80134A4B2B7E7EB
S214015FC0669E0400689E04002DE9F04F91461A462D
S214015FD000238BB08DF82020BDF850208DF81C00D2
S214015FE0ADF81E10ADF8242005460F461A4604A942
S214015FF007A8159C9DF858609DF85CA09DF860B0B8
S2140160009DF864800493ADF8229022F076F8049807
S21401601050B92B46CDE90079644A654900F014FC75
S21401602086200BB0BDE8F08FBAF1000F14D183784B
S214016030B34206D050465D4A5E4900F005FC8D200D
S214016040EFE7037913F0010306D11846574A5A4978
S21401605000F0FAFB8820E4E703795B072CD5836818
S2140160605A689B6805920693807822F0DCFD049BB3
S2140160700546DF782146022F03463A4610D805A882
S21401608022F08DFD81462B463A46214606A822F08F
S21401609086FDB9F1010F01D001300DD18720C0E78F
S2140160A0059822F07CFD0128F8D02B463A46214679
S2140160B0069822F074FDEFE7BBF1000F6FD1049F45
S2140160C04FF6FF722146B87821F02DFF00286BD0DD
S2140160D0BDF82430C5B20093CDE902549DF82030B6
S2140160E0BDF82220BDF81E109DF81C00019622F076
S2140160F096FB002895D1BDF82430CDE902540093D3
S214016100BDF822209DF82030BDF81E109DF81C0019
S214016110019622F062F9002883D121469DF8682075
S21401612007A822F03EF800287FF47BAFB8F1000FF5
S21401613007D03B462046BDF81E209DF81C1022F0D5
S214016140D3F8BDF82430BDF82220BDF81E109DF806
S2140161501C000093CDE901649DF82030FEF7E2FAB9
S214016160BDF82430BDF82220BDF81E109DF81C0095
S2140161700093CDE902549DF82030019622F04EFBA3
S214016180BDF82430BDF822200093BDF81E109DF8FE
S21401619020309DF81C0022F0F8F8002041E700208E
S2140161A0064900F051FBF8E701203AE7F049040000
S2140161B0FC490400284A04003C4A0400504A0400F2
S2140161C07FB500258DF80830BDF820308DF8040025
S2140161D0ADF80610ADF80A20ADF80C306946BDF8EA
S2140161E02830099A01A80B9E009521F086FF0446E7
S2140161F030B916B1009B9B783370204604B070BD51
S2140162008928FAD12846024900F01EFBF5E700BFAF
S2140162106D4A04002DE9F04F4FF0000AC7B0FFF7B2
S21401622001FC5FFA8AF6B04202D847B0BDE8F08FAB
S2140162305B4B36019A5D00205A4900F005FB0020B1
S214016240594900F001FB00230593554B9DF8144076
S21401625033449B681A79A24202D80AF1010ADEE7A2
S21401626014224FF000091B6802FB043422891FFA2E
S21401627089F39A4202D8059B0133E5E70C231FFAFE
S21401628089F803FB08F8D4F804B029F00BF90BEBF6
S21401629008052B79454913F0400F3BF80830228852
S2140162A04FF000000093424B18BF0B46414900F0E7
S2140162B0E5FA2946204621F098FE074600283CD1FB
S2140162C03D4900F0DBFA2979DFF814C111F0010F1E
S2140162D03A4818BF604611F0020FAA78EB7832D11F
S2140162E0DFF800C111F0100F354918BF6146CDE93E
S2140162F000010020334900F0C1FA2B793BF8082051
S21401630013F0400F4FF0000B4FF0FD030DF118088E
S2140163102188CDE9023BCDE9007821480CBF402316
S2140163208023805DFFF74CFF86280ED1264900208A
S21401633000F08AFA09F1010998E70246234900208C
S21401634000F09CFABFE72249D1E7A87821F03DFE8C
S214016350D8B1404622F0CBFA421C92B20123414604
S214016360002000F0D5F93946208801F001FA4FF6F1
S214016370FF73984207D0174B174903EBC0035A68BF
S214016380002000F061FA1549D1E7A87821F023FE34
S21401639020B1404622F0B0FA821CDEE7EA78DDE75B
S2140163A094420020BF4A0400CD4A0400974A0400E4
S2140163B09C4A04000D4B0400843B0400A44A0400DC
S2140163C0A74A0400214B04003D4B0400DE4F0400A5
S2140163D0AF4A0400F0A10400641A0400EF49040067
S2140163E0A14A0400B74A04002DE9F04FC7B0BDF832
S2140163F044A10646BAF1040F0D4614461F46BDF8E1
S21401640040B163D9CDE9013B00920B4602463049C3
S214016410002000F019FAFD230DF117090DF11808F7
S2140164203046029322463B462946CDE900B8CDF8D0
S2140164300C90FFF7C5FE0646B8B9FD22414699F80D
S214016440000021F070FD0746C0B1AAF104038342A3
S21401645038BF8926204622F007FA8EB1304600F072
S2140164601BF9304647B0BDE8F08F009023462A4618
S2140164700020184900F0E8F90027EBE78926E9E74C
S214016480DFF85CA0BA1CBAF80030C3F1FF039A42E9
S21401649019DA304600F000F999F8000000F0FCF82F
S2140164A0BAF800900C483A4641464844B94404F0CC
S2140164B021FFAAF8009023462A463046074900974E
S2140164C000F0C2F9CDE7892000F0E6F88926C8E792
S2140164D0494B0400844B040077630020AB4B040057
S2140164E02C59002010B5044C206004480180044952
S2140164F00A60044A136010BD5C4300202A5900203C
S214016500584300205443002030B587B00AAC0D46EE
S21401651054F8041B0093CDE90114134609490246B9
S214016520094809880068059422F09EF84FF48A52BB
S214016530064B1B681880064B1B685D80DA8007B027
S21401654030BD00BF2A5900205C430020584300207C
S2140165505443002008B410B587B009AB0C4653F875
S214016560041B0092CDE9011302460B490B48059323
S21401657009880023006822F077F84FF48A52084B06
S2140165801B681880074B1B685C80DA8007B0BDE883
S214016590104001B0704700BF2A5900205C4300201C
S2140165A05843002054430020044A03461168044817
S2140165B0044A09881268006821F02FBB584300205E
S2140165C0544300205C430020044B054A1B681268B4
S2140165D01988044B186821F093BA00BF584300206D
S2140165E05C4300205443002007B5074B1B681B88FB
S2140165F00192064A12680092054A126821F0E1FAF1
S21401660003B05DF804FB00BF584300205C43002044
S214016610544300201FB51446064A12681288CDE975
S21401662001430091044B05491B68096821F0A5FA4E
S21401663004B010BD584300205C43002054430020A2
S214016640014B1868704700BF54430020024B1B687B
S21401665018715971704700BF5443002010B50024CB
S214016660084B1C70FEF75EFC074BFF221880214684
S214016670064804F0AFFC064B1C80064B1C605C60B1
S2140166809C6010BD816400202E5900207763002095
S2140166902C5900203059002007490B88FE2B9FBF3C
S2140166A0064AD054581C80B29DBF088000F1FF30C6
S2140166B080180020704700BF2C5900207763002007
S2140166C0F8B5094F0D463B885C18FE2C0ADC074ED0
S2140166D00A46A4B20146F01804F0CEFC3C80641BC6
S2140166E0A019F8BD0020FCE72C5900207763002094
S2140166F0024B034A00201A60704700BF6043002027
S2140167006C9E0400014B1878704700BF944200202D
S21401671030B4044D044C002B0CBF2B46234630BC32
S21401672022F00EB90B0B04007E4C040070B5054632
S21401673008460C4622F0DBF8611C0246024B28464E
S214016740BDE8704022F0FCB89D53040000B5037804
S21401675089B0069343783E220593837808490493CB
S214016760C378039303790293437901938379009362
S214016770C3790448008800F081F809B05DF804FB8D
S214016780D94B04003C590020024B024602491888A6
S21401679000F05AB83C590020771104002DE9F04763
S2140167A005460E4617460024DFF84480DFF844A06D
S2140167B0DFF84490AC4201D1BDE8F087B8F800009C
S2140167C006EBC4015346082222F0BAF80134B8F8A1
S2140167D000003FB9044AA54208BF4A46034900F0F3
S2140167E04DF8E7E74A46F9E7EF4904007611040059
S2140167F03C5900207E4C040000FC03002DE9F041CA
S2140168000E4E0446308822F0B3F8A8B100250C4F8E
S214016810DFF83080E3070AD518B94146308800F022
S2140168202DF830882A46394600F028F80020013530
S2140168301B2D4FEA5404EDD1BDE8F0813C590020F0
S214016840D0370400214904000EB417B505A9044643
S21401685051F8040B019103F0BFFA01210220054A09
S214016860F8F766FF044B1C8003B0BDE8104003B088
S214016870704700BFEF4904003C5900200EB417B51D
S21401688005A9044651F8040B019103F0A5FA034B40
S2140168901C8003B0BDE8104003B070473C5900208F
S2140168A013B503680446587900F032FF90B923689F
S2140168B05A88032A0ED0E17C5B79CDE9002116497E
S2140168C0164AFFF7C1FF0121204622F0F1F8012008
S2140168D002B010BD637D012B0AD0637D33B92368F6
S2140168E0228A5988587921F0CBFC48B9C3200AE09E
S2140168F02368228A5988587921F0CBFC0028ECD0ED
S214016900204622F037F8064B1B78002BDFD110F516
S214016910807FDCD0C1B2D7E7064C0400FE4B0400F2
S21401692078640020002970B50F491D460F4B1446A8
S2140169300CBF6E227922002808BF0B4600200C49A6
S214016940FFF79CFF0B4E2544AC4205D1BDE87040D5
S21401695000200949FFF778BF3146002014F8012BC3
S214016960FFF78CFFF0E700BF3F4C0400354C0400F6
S214016970484C04007C4C04000D2F04002DE9F04F18
S214016980C27C8BB00592427D0368002A14BF802228
S2140169904022077D0446856886895879B846B3F84B
S2140169A00290069200F0B4FEA0B9059B052B05D80F
S2140169B06FF02D03059A1341DB070BD5B9F1030FD1
S2140169C008D0AB490020FFF73FFF0121204622F007
S2140169D06FF876E0E37B1BB1228A002A00F0B781CC
S2140169E0607D0022B0FA80F05B4203F00403DFF81A
S2140169F08CB2400943EAC000ABF80020FFF74CFE1A
S214016A00E37B1BB3208A21F02FFF8246A07CFFF791
S214016A1043FE059A162A00F29A81DFE812F0190061
S214016A209E016C005600D2016C009201D9019A01B8
S214016A30E001E701EE01390102029801980198018F
S214016A401402580214027002390102029A46DDE766
S214016A5000204B46874A8849FFF7F6FE0120FFF7DC
S214016A601BFE08F10207B74229D84146324628469E
S214016A7021F037FF8046236842465879BBF800303C
S214016A804946C3F1FF039BB20193238A0093069BF9
S214016A9023F086FA10B11FFA87F8E2E72368424628
S214016AA05879BBF800304946C3F1FF039BB2019306
S214016AB0238A0093069BFFF797FC8928EBD121F0E8
S214016AC0F1FF01200BB0BDE8F08F4FF0000B042062
S214016AD0FFF7E2FDF31E0893089B984552D3BBF1DE
S214016AE0000FECD1E37B94F81480002B0CBF02223C
S214016AF00422624B1A804FF0000B0420FFF7CCFDF6
S214016B005F4608F1030A564540F29D8032464146EB
S214016B10284621F0E6FE05EB08039B78F21EAA4400
S214016B20A2EB080207905146184692B2099321F04B
S214016B30FAF90890002879D02268099B5079CDE9A6
S214016B4001A3238A49460093DDE9063221F01AFDA6
S214016B5082464A460020079B4949FFF78FFEBAF155
S214016B60000F55D10BF10103504646495FFA83FBEE
S214016B70FFF76AFE089B08F1030813FA88F81FFA64
S214016B8088F8BEE732464146284621F0AAFE05EBC4
S214016B9008039F78089B08F10301A3EB0802294428
S214016BA0824692B23846099121F0BDF9079068B342
S214016BB023680999587902970191238A52460093CE
S214016BC04946069B21F02EFD0746B8B10BF101039D
S214016BD038465FFA83FBFFF75FFD504621F044FE1F
S214016BE053464A4600202649FFF72EFE3A46002025
S214016BF02549FFF729FE802F3FF471AF079B08F167
S214016C00030813FA88F81FFA88F865E78027DDE796
S214016C105046FFF741FD079821F026FE0137524600
S214016C2000201949FFB2FFF70FFEA3E78720FFF701
S214016C3033FD079821F018FE01378722124908987C
S214016C40FFB2FFF701FE059B052B3FF43AAF002F7D
S214016C507FF435AFBBF1000F05D10C495846FFF75D
S214016C60F3FD8021B2E63846FFF716FD27E700BFA1
S214016C70C9010400894C0400D64C04002C5900209C
S214016C80934C0400D64B0400AF4C0400B94C0400EE
S214016C900599A84AA84B0020152918BF1346CDF818
S214016CA00090A64AA649FFF7CFFD059B0C2B14BF03
S214016CB016200D20FFF7F0FC32462846394621F013
S214016CC010FE059B3D440C2B0646AD7835D1192D9B
S214016CD028BF1925E37BB3B14FF6FF73278A9F427E
S214016CE011D1206832464946069B4079FFF70AF9DA
S214016CF0B84208D0BAF1000F05D020828AF8000009
S214016D00000A8AF801000020BBF80070FFF7C4FCF7
S214016D10236832465879059B4946A3F1150CDCF1E8
S214016D20000343EB0C03CDE90153238A0093069B32
S214016D3021F09CFB834BD855C1E6132D28BF1325A4
S214016D40C8E72046FDF776FB00287FF4BAAE81211E
S214016D503CE62046FDF722F8F6E7B9F10A0F05EB07
S214016D600708A6EB070A21D1DFF8DCB19BF8003053
S214016D70E3B1E37BD3B9BAF1080F17D132463946EE
S214016D80284621F0AEFD88B998F8023073B998F814
S214016D900320E22A0AD13246391D2846059321F0FE
S214016DA09DFD21F06AFE059B8BF800304146484662
S214016DB01FFA8AF223F0F6F800287FF482AE00214B
S214016DC004E6F21B484692B2E91921F047FDF3E7C3
S214016DD0F21B484692B2E91921F003FDECE7F21BDB
S214016DE0484692B2E91921F026FDE5E7F21B48462E
S214016DF092B2E91923F0D8F8DEE72368EE5D5879F8
S214016E00238A0137ED5D0193069B3246494600937E
S214016E102B4621F06AFA2A463146484621F0E3FC21
S214016E204FE605987A1CE95DB31AA0F11606704282
S214016E3070410039009018BF012148469BB22A4490
S214016E4021F0D3FCB8E7059BEE5D112B3D446F782E
S214016E5038D11220FFF720FC0025E37BB3B14FF6B3
S214016E60FF73B4F81080984510D133464A46214640
S214016E702846FEF7C9FF404508D0BAF1000F05D0F5
S214016E8020828AF80000000A8AF80100BBF8008018
S214016E90DFF8B0A0C8F1FE0292B208F10103009239
S214016EA053444A4621462846CDE90267CDF804B048
S214016EB0FEF7E2FFBBF800300AF808000133ABF832
S214016EC00030FCE51420FFF7E7FB0125C5E77B1C36
S214016ED09E422CD3EF5D1D44003F18BF0127F31AD5
S214016EE09EB233462A4639460020FFF71BFD009620
S214016EF02B463A464846218A21F07BFC5CE77B1C00
S214016F009E4214D3EF5DF61A003F18BF01271D44B9
S214016F10B6B233462A4639460120FFF703FD0096EE
S214016F202B463A464846218A21F061FC44E7002078
S214016F30C8E500BFEF490400844C0400CA4C0400B5
S214016F40D44C0400776300207664002038B54FF6F1
S214016F50FB750446A9424FF001019DF8100098BF49
S214016F6043F40043217023816260A0720223002053
S214016F70084A0949FFF768FCE07A084B40F6CA025E
S214016F8003EB4010FF211FF0C9FEBDE83840042086
S214016F9021F01DBCE44C0400EF4C0400A443002087
S214016FA030B5054685B028B91D4905B0BDE8304065
S214016FB0FFF74ABC0024007B21F0A9FC2046194AB1
S214016FC019492C70FFF740FC184BE87AFF2103EBB8
S214016FD040101FF0B4FE2046154B02019A5C22B900
S214016FE001300428F9D121F02FFC696899B1B5F96F
S214016FF008302A899B1303F002038DF80430C2F38C
S2140170000E03ADF806304FF6FF73ADF808300023D7
S21401701001A80393884705B0BDE8304021F07CBC49
S2140170201A4D0400E44C04004C4D0400A443002017
S214017030644300200948037873B91946084AD37295
S2140170400133042B1173117051601181917202F199
S2140170501002F4D101230370704700BF776400204B
S2140170606443002008B5FFF7E5FF002305491A0130
S2140170708A5C01EB03101AB10133042BF7D100200F
S21401708008BD00BF6443002070B50D460646FFF7F5
S214017090D1FF0023094800EB0514A17AB14205D1BE
S2140170A0217819B12B4400EB031070BD0133042B7A
S2140170B004F11004F1D10020F7E700BF644300207B
S2140170C010B50446FFF7B6FF0E4B9C4212D003F1F3
S2140170D02002944210D003F1400294420ED0603355
S2140170E09C420DD10323084800EB0310BDE8104075
S2140170F0FFF756BF0023F6E70123F4E70223F2E782
S2140171000020F3E7A44300206443002070B5002468
S214017110064D074E2846324600210134F8F71EF880
S214017120042C05F12005F5D170BD00BFA443002055
S214017130C17001002DE9F34105460C4617469846F5
S214017140FFF790FF064640B91C4A1D49FFF77CFB36
S2140171500224204602B0BDE8F0814FF6FB739D4243
S2140171600AD94FF6FD739D4204D00020134A1549F3
S214017170FFF76AFB4FF6FD75434621463A46284619
S21401718021F063FC044600F02FFE804634B123460E
S21401719000200A4A0C49FFF757FBDAE73B46204630
S2140171A0064A0A49FFF750FB062329463046089A45
S2140171B0CDF80080FFF7CAFECBE700BFE44C040021
S2140171C0594D0400834D0400B84D0400E14D040000
S2140171D0F7B506460C461746FFF744FF054638B98D
S2140171E0104A1149FFF730FB0224204603B0F0BDD8
S2140171F021464FF48A52304621F0EFFD044600F056
S214017200F3FD34B123460020064A0849FFF71CFB6C
S214017210EBE7009004233A4631462846FFF796FEF0
S214017220E3E700BFE44C0400594D0400094E040096
S214017230F7B506460F46FFF715FF054638B9104A5B
S2140172401049FFF701FB0224204603B0F0BD0022DF
S21401725040231146304621F09FFF044621F09AFF55
S21401726034B123460020064A0749FFF7EDFAEBE75B
S214017270009001233A4631462846FFF767FEE3E7CA
S214017280E44C0400594D04003C4E040073B504461A
S2140172900E46FFF7E7FE054638B9104A1049FFF7D4
S2140172A0D3FA0224204602B070BD002220461146C1
S2140172B021F074FF044621F06DFF34B1234600200F
S2140172C0064A0849FFF7C0FAECE700902346324623
S2140172D04FF6FC712846FFF739FEE3E7E44C04005D
S2140172E0594D04006A4E04002DE9F0418846107895
S2140172F000219EB014461D46FFF7C6FE064600282E
S21401730000F0FD800778002F7BD0B8F80010002928
S21401731040F0F5800389B8F8022043F40040824229
S21401732040F0ED80617800296BD1A2F50042062A73
S21401733000F2E580DFE812F0A100A100E300E3001F
S2140173400700B8006900E3880D3DADF824302389B5
S21401735015F00105ADF8263063798DF82830E37A0B
S21401736003F1060214F812208DF814308DF81C2053
S21401737042D10BA98E46069104F10C005FFA85FCFA
S2140173809C4500F1020009D210F8018C10F802CCDD
S21401739001350CEB082C2EF802CBEFE701EB43018D
S2140173A01A440891D2B2590001F10D009A42C0B2B6
S2140173B00BD025186D78205C7831694400EB0520E8
S2140173C0013321F84C0CDBB2EDE7B6F9082033891E
S2140173D0002AACBF01220322C3F30E038DF8082056
S2140173E06288ADF80A3005ABADF80C20049302A90B
S2140173F0304621F015FB04E0424A43490020FFF7DE
S21401740023FA38461EB0BDE8F081042D02D83D4A65
S2140174103E49F3E72379053DADB29D42B4F80280BB
S21401742002D0384A3A49E9E73A4A3B4B0020002D58
S21401743008BF13463949334ACDF80080FFF704FAEE
S21401744005348DF81450B6F90830069485B1002B32
S214017450ACBF012303238DF82C303389ADF830807F
S214017460C3F30E03ADF82E3005AB0D930BA9BFE7A2
S214017470002BACBF06230523EDE70B2DC7D9D4F8A7
S2140174800200D4F8061013F4004F05AA03C20CBF7D
S214017490042203228DF82C206289C3F30E03ADF873
S2140174A03020ADF82E30DFE7042DB0D96388ADF873
S2140174B0303023790533DBB29D4206D00020114AD5
S2140174C017490095FFF7C0F99BE70E4A00201549BA
S2140174D0FFF7BAF9B6F908203389002AACBF0122B2
S2140174E00322C3F30E03ADF82E3005AB0D93631DD7
S2140174F0069323798DF82C208DF81430B6E70027F3
S2140175007FE700BFE44C0400974E0400BF4E040022
S214017510D34E040087090400EF490400FA4E040024
S214017520174F0400584F0400304BF0B5B0FBF3F290
S2140175304FF4616503FB1200B0FBF5F3DCB205FB0B
S21401754013033C25B3FBF5F3DBB2A0EB04104B7140
S214017550C3EB0313A0EB83004FF4FA630B8040F2F6
S21401756001134B8001230C711F4600246425204E15
S2140175708871944200D1F0BD91F802C013B1BCF1FC
S214017580020F2BD006EB0C0010F801ECC878704502
S2140175900BBF012001300CF1010CC0B208BF81F80D
S2140175A002C0C87088780D2816D10B888F700133F9
S2140175B09BB298070B8014D1B3FBF5F005FB103096
S2140175C080B280B94FF4C870B3FBF0FC00FB1C33EB
S2140175D09BB2B3FA83F35B090134CAE74FF01D0E81
S2140175E0D4E70023F8E70123F6E700BF8051010046
S2140175F0B2A1040010B5044688B006A9FFF794FFAF
S2140176009DF81E300A4803939DF81D30049402939A
S2140176109DF81C309DF81A200193BDF818300549D5
S214017620009300889DF81B30FFF70EF908B010BDD7
S2140176303C590020714F0400026808B51188154BAB
S21401764019805188598051791971117959714FF4FE
S2140176508A51D980D28812F0200F0CBF0A464FF407
S2140176608B528169DA800C4A137831B9C0880B498C
S21401767023F002030880137008BD43F00203137061
S214017680074B15221846013103F0F6FC002200F8DC
S214017690012CF1E730590020816400202E5900208A
S2140176A03F59002010B5184C2368587920F0DCFDAE
S2140176B00B2822D8154B03EB0010027B237F9A423E
S2140176C01BD12368428819888A4205D04FF6FF707D
S2140176D0814212D1120410D42279023A012A06D923
S2140176E0A37B63B9BDE810400748FFF747B919897E
S2140176F058791FF0EFFE0028F2D1002010BD024895
S214017700BDE81040FFF7CCB8284400209442002082
S21401771008B520F0A9FD0B2896BF024B0020185C87
S21401772008BD00BF8664002008B5002021F0EFF8F0
S214017730FF2020F0CCFD21F0EFF820F094FFFEF7BB
S21401774071F901210246064803F044FC054BFF216E
S214017750054A0648FEF7C6FEBDE80840FEF708BB28
S21401776086640020305900202C59002077630020C1
S214017770F0B5002204464FF6FF750B4F90B237F86E
S21401778030600346AE4201D12846F0BDA64209D17B
S214017790B4F57C4FF9D307EBC3035B888B42F4D077
S2140177A00029F2D00132E9E7F0A1040010B5044641
S2140177B0FFF7DEFF094A034610884FF6FF72934231
S2140177C014BF074A2246BDE8104017BF02EBC303A9
S2140177D004495A680449FFF751B800BF3C590020D4
S2140177E0F0A10400944F0400641A0400034B1878B7
S2140177F00130C0B2187000F07F007047166F00208D
S214017800044A137818B143F001031370704703F06C
S214017810FE03FAE781640020014B1870704700BF31
S2140178208464002038B1074B1B78012B04D10388F0
S21401783043F0400303807047022BFCD1038823F0FA
S2140178404003F7E78464002068B1074A1378012BE8
S21401785007D1064B1B781370037843F010030370AF
S21401786001E0022BF8D07047836400208264002078
S2140178707FB50121264B274E197033780246D9076A
S21401788044D42549096881B10868C1888D0641BF7D
S214017890224CE18841F02001E180C1884C0641BFBD
S2140178A01E48C18841F04001C1801D4D1D49287800
S2140178B0097840074CBFE97069701B4913F0020450
S2140178C0098809D0164A194820F0A3FF337823F017
S2140178D00203337004B070BD154B18884FF6FB7366
S2140178E0984208D80B46CDE9005201460B4A20467D
S2140178F020F067F9EEE74FF6FF73CDE901420093FA
S2140179000A46074B054920F038F9E3E70020E1E78E
S214017910786400208164002024440020305900202F
S21401792077630020176F00202C5900203E59002055
S2140179302E59002070B503790446012B0D461646D4
S21401794031D883681B78DB0600D561B3A37B13B9F6
S214017950E37C0B2B27D00022144B1A80637DB3FAED
S21401796083F35B09D800E37BABB9FEF795FEA07CF9
S214017970FEF792FE0B20FEF78FFEE07CFEF78CFEF4
S2140179802846FEF789FE2046FFF756FE3046BDE83C
S2140179907040FFF76DBF40F00400FEF77DFE208AC1
S2140179A020F062FFE3E7002070BD00BF2C590020E5
S2140179B0024B0A4601461868FFF7BCBF2444002064
S2140179C0F0B4054618460F4B0C461B78BDF8101050
S2140179D0012B0D4E01D0377827B1002333700020DC
S2140179E0F0BC70470CB9002AF9D143B14FF65743A2
S2140179F0994204D02B462246F0BC20F0F0BE01206E
S214017A00EEE700BF186F0020856400202DE9F04FD7
S214017A10684C4FF0000A25468446964698460F461F
S214017A20654B664E83F800A00FCE0FC596E80F0093
S214017A3085B085E80F00DDF83C90BDF83830724619
S214017A400093394643466046CDE9019400F0DCF8E0
S214017A50DFF89081064670B90025FEF7FFFD162275
S214017A600021574803F0B6FA00232846C8F800302C
S214017A7005B0BDE8F08F534BA27CC8F800401A70E1
S214017A80514B1B78002B36D020F0F9FF4F490246A8
S214017A905046FEF7F3FE22685046537952884C4909
S214017AA00092A289FEF7EAFE504620F061FF20B15F
S214017AB02368218A5888FFF779FEE37B23B10020EB
S214017AC0228A4449FEF7DAFEA36800201A78E37C8E
S214017AD041490093A37CFEF7D1FE207DA289A168CF
S214017AE0121A01440123002092B2FEF711FE002073
S214017AF03A49FEF7A9FE2F48FFF79EFD2D4822F0D2
S214017B004AFA054630BBB9F1000F25D12168E08855
S214017B100B8801904988BA1E032A00918CBF002267
S214017B2001220121E07CFFF74BFF38B923685B791E
S214017B30FF2B3AD0FFF7B6FD05468EE72368DB88B4
S214017B409A06F3D40121264C1A48217020F0B0FF82
S214017B5084F80090354680E7B9F814309B07E5D4E1
S214017B607AE75846FEF718F882465846FDF760FF52
S214017B7088B123685046228A598820F078FB50B194
S214017B803846FFF759FD236889F804A083F805A055
S214017B90FFF788FD00B9284605460136FDF742FF86
S214017BA05FFA86FB5845DCD857E70026014FDFF819
S214017BB03890F3E72844002078640020D0A1040020
S214017BC03E590020176F0020156F0020AD4F0400AE
S214017BD0B64F0400D74F0400E34F0400D802040058
S214017BE08564002024440020305900200023054AE3
S214017BF0D15C814202D31A44507870470233DBB21B
S214017C00F6E700BFBEA1040073B515462E781A46E6
S214017C1016F0040F0CBF032605269E42089C08D9C1
S214017C20224A234900960020FEF70EFE002002B0ED
S214017C3070BDBDF8183021712060E380A560A28177
S214017C402B7803F00103A3732B7803F00403002BB6
S214017C5014BF01210021E1732978C1F3C0016175C8
S214017C604FF00101217518D0284620F03AFE237DF9
S214017C70208202332375227D531CDBB22375A95C57
S214017C800232D2B2A1742275EB5CE374A3899A42E4
S214017C9005D900920749054AC5E72382EBE7079B0A
S214017CA00120A36100232377C1E700BF1B0A04005C
S214017CB026500400425004002DE9F7430024204FCB
S214017CC0DFF89C80DFF89C90E0B221F099F9FF285C
S214017CD005460FD12346012102201A4AF7F728FD4F
S214017CE0194B013418781EF01BFC152CECD103B08F
S214017CF0BDE8F08346B238EA260328BF4B46012189
S214017D000093022057F82430104AF7F711FD002E91
S214017D10E6DA0923E340DB070AD50D4A0D4B15F0D9
S214017D20010F18BF1A4601210220F7F701FDD7E718
S214017D300A2CD5D1084A094B15F0010FF1E700BF0F
S214017D4008A204009B500400196F0020C3500400D1
S214017D50745004005E5004009050040086500400E5
S214017D6087090400EF49040008B55422002102489F
S214017D7003F030F9002008BD2C5A002008B5542223
S214017D80FF21024803F026F9002008BDD85900203B
S214017D90024B23F810100020704700BFD85900206E
S214017DA0002310B4074ADCB2A14203D85DF8044BA5
S214017DB0FFF7DABF2A2BF9D032F8024B20F813402E
S214017DC00133F0E72C5A0020002310B5054A9942EA
S214017DD001DD2A2B00D110BD32F8024B20F81340EA
S214017DE00133F4E72C5A0020024B187800F07F008C
S214017DF0704700BF92640020034B18780130C0B270
S214017E00187000F07F0070479264002030B51C4661
S214017E1000238BB0ADF82220021D92B2012A0E9DDE
S214017E20ADF82030ADF81E10ADF81C3003D94FF672
S214017E30FF7290420FD10022CDE90352CDE9012411
S214017E40094B01461B784FF6FF70009307AB21F0F4
S214017E50F5F80BB030BD0146CDE901531846009444
S214017E6007AA21F007F9F4E71A6F002038B505468E
S214017E704FF480500C4603F0B3FA4FF48053286059
S214017E80236030B940F2A511BDE83840014827F01B
S214017E90FCBA38BDB2510400004870470A5D0020A4
S214017EA0014B1878704700BF366F0020014B1888C9
S214017EB0704700BFBA6E0020014B1878704700BFAC
S214017EC02F6F0020014B1878704700BF266F0020E7
S214017ED0014B1878704700BF296F0020014B1878B6
S214017EE0704700BF97640020014B1870704700BFB1
S214017EF097640020014B1878704700BF96640020F5
S214017F00014B1870704700BF96640020014B18782B
S214017F10704700BF2A6F0020014B1888704700BFCA
S214017F20B86E00202DE9F74F414B424A0193424B70
S214017F30DFF844911B78DFF84481DFF844E1DFF88D
S214017F4044C13E4F3E4E3F4D3F49404802EB431A27
S214017F50019B524503F1200309F1200908F120088D
S214017F600EF1200E0CF1200C07F1200706F1200679
S214017F7005F1200501930FD100221146344B324DF5
S214017F801C78344E344B314FD0B2844203F1200377
S214017F9046D803B0BDE8F08F304B314C5360002318
S214017FA049E907432F4CDFF8E0B048E907432E4C78
S214017FB0C2E902304EE907432C4C11604CE90743F5
S214017FC02B4C136147E907432A4C49E9050348E965
S214017FD005034EE905034CE9050347E9050349F89E
S214017FE0201C48F8201C4EF8201C4CF8201C47F892
S214017FF0201C46F8201C46E90743019C45E907B3C7
S214018000DFF888B046E9050345E9050344E907B307
S21401801044E9050345F8201C44F8201C203297E764
S21401802043E9085643E9061743F8101C0132ABE74B
S21401803070470020904800203D6F0020D047002068
S214018040B0470020904700200C570020EF4904005D
S214018050346F002091C6020010480020E96F02002C
S214018060F3B6030049840200710F03004DC70300F5
S21401807031A70200AB8F0300704800205048002053
S21401808030480020F0470020A13C0300ED6C0200C0
S214018090002208B5074B1A605A6020F06DFF064BA8
S2140180A0187020F069FF054B1870054B1A78054BC0
S2140180B01A7008BDAE560020F2640020F16400205C
S2140180C0276F0020F0640020002100B593B0084619
S2140180D06A460AF0FBF90146C8B90E4B0E4A0993E7
S2140180E00E4B0D920A930E4A0E4B0E920B930E4AAE
S2140180F00E4BCDE90F230C930D4B6A4611930AF0F4
S2140181009BFC003818BF012013B05DF804FB01206A
S214018110FAE700BF07B20300E57D02000BB40300D7
S21401812015470200ED8F0300E59402006BB40300CF
S21401813035780200084B1878112806D8012809D985
S214018140064BC34003F001007047A0F143035842B9
S2140181505841704700207047F46400203400020044
S21401816008B5064B1B78013B022B05D80020FFF70C
S214018170E1FF0138C0B208BDFF20FCE7F56400202E
S214018180044B00F1100250F8041B904243F8041B04
S214018190F9D17047F6640020044B03F1100253F83E
S2140181A0041B934240F8041BF9D17047F664002083
S2140181B030B5002491B0114B0546214614220BA878
S2140181C0CDE9094302F006FF102209ABCDE90044D0
S2140181D00693CDE90452CDE90252094B09490AA892
S2140181E01DF09DFD04460AA821F07CFC1CB1A021CF
S2140181F0054827F04AF911B030BD00BF00248000C1
S21401820000444004F66400203D52040070B500248A
S21401821090B0154B05460E46142221460BA8CDE913
S214018220094302F0D7FE102209ABCDE900440693BC
S2140182303146CDE90452CDE902520C4B0AA81DF095
S2140182406EFD04460AA821F04DFC1CB1BA2108486F
S21401825027F01BF9099B102B03D0BB21044827F0FC
S21401826014F910B070BD00BF002480000044400423
S2140182703D52040030B50D4600218FB0124B044626
S214018280142209A8CDE9071302F0A4FE102207ABB9
S214018290CDE90242CDE90042049329460B4B08A8DA
S2140182A01DF03FFD044608A821F01CFC1CB1D1219D
S2140182B0074827F0EAF8079B102B03D0D221044881
S2140182C027F0E3F80FB030BD0024800000444004DE
S2140182D03D520400014B93F95A0070474456002062
S2140182E00022034B1870034B1970034B1A7070472A
S2140182F00765002008650020066500202DE9F04F7F
S214018300DFF89080064698F800300D4685B0002BC1
S2140183103AD04FF6FB73984236D84FF0000B1C4FFD
S214018320DFF874A03C7898F800305FFA8BF94B457B
S2140183309AF8000011D9484402AA0DF10601C0B20C
S21401834016F028FA082229460DEB020003F08EF9F2
S2140183500BF1010B0028E6D14C463B78A34208D12D
S21401836098F80020631CDBB29A423B7004BF0023DE
S2140183703B70324629469AF800301C44E0B205B0FC
S214018380BDE8F04F16F0F4BA05B0BDE8F08F00BFB7
S2140183900665002008650020076500202DE9F74FD7
S2140183A006460D4614461F464FF0010BDFF878903F
S2140183B003F10C0A15B903B0BDE8F08F102DA846DD
S2140183C028BF4FF010083A46164B5FFA88F152F86C
S2140183D0040B524543F8040BF9D101919AF8002099
S2140183E011481A70002389F80F4089F800B089F8FF
S2140183F00E30FFF7DDFE324601340B480199E4B238
S21401840012F801CB10F8013B83EA0C0302F8013C99
S214018410931BDBB28B42F3D3A5EB080816461FFA73
S21401842088F5C7E70A650020096500202DE9F04FA9
S2140184309046914685B00090981A029383B20193B4
S214018440009B0F46354903F10C0453F8045BA34225
S21401845041F8045BF9D11B78314E0B704923337018
S214018460019BF0731B0A3046B373FFF7A1FE02218E
S214018470BB460D46737888EA030373704FF0000A13
S2140184801DE0C5F11004A9EB0A039BB2A4B29C42FD
S21401849028BF1C4600231FFA83FCE8186445C0B2B7
S2140184A01FD82544EDB2A344102D54441FFA84FA74
S2140184B005D1002530460391FFF77AFE0399D14591
S2140184C0DFD807EB080B25B115480391FFF770FEBF
S2140184D0039901294FF000050DD00121DDF8049024
S2140184E0CCE71BF803C016F800E001338CEA0E0C4B
S2140184F006F800C0CFE7029B09491F44094B3846DE
S2140185001C78224602F0F6FE2A4621463846009B93
S21401851005B0BDE8F04FFFF741BF00BF0A65002078
S214018520096500203E6F002030B540780C460128D2
S2140185304FF0110387B001F1100516D1144A01A9B5
S2140185400BF002F8234601AC224618685968083336
S21401855003C2AB421446F7D111230D4A002001A9EC
S2140185600AF0F2FF002007B030BD0120094A01A938
S2140185700AF0EAFF234601AC224618685968083318
S21401858003C2AB421446F7D11123024AE6E700BF05
S21401859075E4010079EB010030B50C46407887B0F0
S2140185A001284FF011030DBF0B4A0C4A012001A907
S2140185B018BF01A90AF0C8FF234601AA05AD144653
S2140185C003CCAC4218605960224603F10803F6D189
S2140185D0002007B030BD00BF75E4010079EB010053
S2140185E010B50C4688B01A230C4A01A901200AF0DE
S2140185F0ABFF21460DF10E0304F1100251F8040BF6
S214018600914243F8040BF9D11A230020034A01A929
S2140186100AF09AFF002008B010BD00BF24E1010057
S214018620F0B58BB004460D4622F062FDA8B101A854
S21401863013F082FE88B1667B271D16F0020F05D067
S2140186400822384601A903F011F8D0B901AB46F06B
S214018650020603CB6060796066731A230A4A03A98F
S21401866001200AF071FF29460DF116030DF12602CD
S21401867053F8040B934241F8040BF9D100200BB0D8
S214018680F0BD2D20FBE700BF24E10100F0B5054653
S214018690071D00220C463846082193B022F0BAFC8A
S2140186A06A7B0646D0070BD5687808A921F04BF9F6
S2140186B0DDF83D306B60DDF841307B6080B10BE06A
S2140186C0910709D5D2000121384602F0800221F037
S2140186D047F9FF28687002D12D2013B0F0BDD6B13E
S2140186E0687801A921F0C4F89DF81C305B0604D512
S2140186F04FF4C6710A4826F0C8FE234603AD07AC00
S2140187002A4603CAA24218605960154603F10803B7
S214018710F6D10020E1E708A921F015F9CEE700BF60
S214018720BB5204002DE9F04106468AB01F480F46A9
S21401873015460024FFF730FD002C01A914BF4FF0A9
S2140187405C0C4FF0360C10238846184A12F8010BC1
S214018750013B8CEA000013F0FF0301F8010BF5D191
S21401876005A823F0BDFA4246102105A823F0BCFA5D
S214018770C4B93946324605A823F01EFB2A460DF138
S214018780140C0DF1240E634603CB73451060516043
S2140187909C4602F10802F6D114B10AB0BDE8F08198
S2140187A00124C9E72A461021E5E700BF3965002004
S2140187B02DE9F04791460D46C0B09DF82041DDF801
S2140187C028811E46DFF87CA09DF824310746224604
S2140187D0494640468AF8003002F08CFD9DB123469A
S2140187E0324641463846FFF721FEB44207D9A11B5F
S2140187F03B46012289B208EB0600FFF7CFFD0020B9
S21401880040B0BDE8F087A11B3B46012289B208EBC8
S2140188100600FFF7C3FD22464146684602F06AFDA0
S2140188203246694638462346FFF700FE9AF800208E
S2140188300DEB040109EB040002F018FF0028DED05E
S2140188402C20DDE73E6F002038B50346104601F1C7
S214018850100451F8045BA14242F8045BF9D10449C3
S2140188601BB1FFF7D3FC002038BDFFF703FDFAE785
S2140188703965002030B5054689B0694620F06DFEA1
S2140188806B8804ACABB122462946684620F005FE4B
S2140188900E4A08AD234603CBAB42106051601C461E
S2140188A002F10802F6D10948FFF76AFC002009B078
S2140188B030BD6B46054D1A4603CAA2422860696060
S2140188C0134605F10805F6D1EDE700BF396500202E
S2140188D050B10B4B0B4A03F1100153F8040B8B42BA
S2140188E042F8040BF9D17047064B054A03F1100113
S2140188F053F8040B8B4242F8040BF9D1704700BFC2
S214018900396500201965002008B51022024802F0DA
S214018910B3FB002008BD00BF2965002008B5084646
S2140189201022024902F0A8FB002008BD296500209C
S21401893010B5044686B001A9114A112301200AF098
S21401894003FE9DF8143001A8E37023F0BFFD80F00C
S21401895001000C4A01A96070112301200AF0F4FD00
S2140189609DF8143001A8A37023F0B0FD80F001003B
S214018970207012F06DF86060002006B010BD00BFD8
S21401898075E4010079EB010010B5044686B01123A9
S214018990134A012001A90AF0D7FDA3789DF81420F7
S2140189A09A4207D08DF81430002011230C4A01A9F1
S2140189B00AF0CAFD11230B4A012001A90AF0C4FDE1
S2140189C0E3789DF814209A4207D08DF814300020E1
S2140189D01123044A01A90AF0B7FD06B010BD00BF75
S2140189E079EB010075E401002DE9F04186B00646F9
S2140189F003A80C4614F0EEFC054600284AD1BDF843
S214018A000C30980646D510222946204602F0E2FA96
S214018A1001A813F091FCC0B1777B06F1040817F0AA
S214018A20020F06D00822404601A902F01FFE0028C8
S214018A302ED101AB47F0020703CB7060C8F80410D3
S214018A407773238843F008032380238843F00203C7
S214018A50238013F041F8606022F04AFB30B10E4BE0
S214018A601B68A360238843F0040323800B4B1A681A
S214018A70D1035EBF238843F010032380130203D57E
S214018A80238843F400632380284606B0BDE8F081BE
S214018A902D25F9E72425F7E7C0480020C448002023
S214018AA010B5D0E9023253F8223090B01C6840224B
S214018AB06946204620F0BAFF034630B12246002020
S214018AC00549FDF7C1FE10B010BD01226946082018
S214018AD0FDF764FEF7E700BF5153040070B500F0E0
S214018AE0B1F800280CBF6E22792200201349FDF749
S214018AF0ABFE00F0A7F8F0B120F0ACFF00280CBFE9
S214018B006E22792200200E49FDF79EFE08220020E3
S214018B100C49FDF799FE00250B4C0C4E234654F8E4
S214018B20042C314600200335FDF78EFE182D04F186
S214018B300C04F3D170BD3F22E4E700BF8953040063
S214018B40A0530400B0530400E8490020CF530400AA
S214018B5070B520F064FF044621490020FDF774FE3D
S214018B602CB92046BDE870401E49FDF76DBE00F0E9
S214018B70BBF805461C4B62690020002A08BF1A464E
S214018B801A492668FDF760FEA28800201849FDF7FD
S214018B905BFE1849E2880020FDF756FEA38822896D
S214018BA013F010001ABF002013491449FDF74CFEBC
S214018BB0E26800201249FDF747FE226900201149AC
S214018BC0FDF742FE104A114B0020B6F5817F38BFF3
S214018BD013460F492A46BDE87040FDF735BE00BF73
S214018BE00454040011540400012304003254040008
S214018BF050540400715404008E540400AB54040015
S214018C00C9540400E7540400FC530400F253040062
S214018C100555040038B5014600230C25084A05FB16
S214018C2003F4A0181459013404D10C2202F024FADA
S214018C30002038BD0133082BF1D10120F9E700BF30
S214018C40E4490020034B1878012894BF0020012036
S214018C50704700BF4B65002038B50446044D2878A0
S214018C60A04203D0214620F0BAFE2C7038BD00BFCA
S214018C704B65002000B58FB03422002101A802F018
S214018C80A9F901A8EEF75CFD0598D0B182680E4BF4
S214018C90B2F5803F34BF92B2C2F38F2241881A8167
S214018CA0028828BF41F010011A6042689980DA8074
S214018CB0C268DA6002691A6142695A61027E184620
S214018CC01A760FB05DF804FB68490020054B1B7847
S214018CD020B1012B04D80220FFF7BEBF012BFBD821
S214018CE0704700BF4B65002010B5084C237853B978
S214018CF020F095FE0123237028B10368B3F5817F28
S214018D0024BF037E2370207810BD00BF4A65002073
S214018D1070B5184B1B78012B2BD820F063FE164D2F
S214018D20024616490020FDF78FFD0120FFF7CEFF12
S214018D302E78FF2E1DD1FFF79DFFC8B184886022D3
S214018D403146C4F340040E482C7002F043F9602209
S214018D5031460C4802F03EF95CB1FFF7C5FF042826
S214018D6007D9BDE8704040F22B11074826F08DBBAD
S214018D70287070BD4B6500203F6F00202855040009
S214018D80E4490020844900203A5504002DE9F04FBB
S214018D90DFF884928DB003AB07468846144699E8FF
S214018DA0070083E80700FFF7B3FFFFF79DFF944B2B
S214018DB006461D784B46012D40F07081012840F291
S214018DC07281B7FBF0F200FB1272002A00F06B8191
S214018DD08C4900228B46D1F800C0BCF1FF3F04D07D
S214018DE0087A6044874200F019810132082A01F1AD
S214018DF00C01F0D193E8070006AE0DF1240A86E8CF
S214018E0007008AE80700FFF76FFFB7FBF0FB00FBE0
S214018E101B7BA0EB0B094A46414606460AA8099762
S214018E208DF82C9002F066FA00224FF00C0E76496F
S214018E3002E00132082A0ED00EFB02F000EB010C14
S214018E4008580130F5D19AE807008CE807006F4909
S214018E500A7801320A70A14504DD4FF4E2716C48CC
S214018E6026F013FBA41B5C444F44A1B217FA84F40A
S214018E70B4FBF6F206FB1242C8448E1A91B1A41A4C
S214018E8008EB060107A88DF82020069402F032FAB6
S214018E9006A8FFF7BFFEFF2804D140F2D9115C48AF
S214018EA026F0F3FAB6B2B6B10320FFF7D5FE802E50
S214018EB00AD832464146574802F01CFA324638462E
S214018EC0544920F097FD05460220FFF7C5FE2846C7
S214018ED00DB0BDE8F08F0025F9E74FF40E714C4850
S214018EE026F0D3FA464B1B78012B00F0E380002CCA
S214018EF036D00320FFF7B0FE802C2FD822464146FD
S214018F00444802F0F7F922463846424920F072FDFD
S214018F1005460220FFF7A0FEDFF8F09099F8003032
S214018F2093B1039CFFF7E0FE374B002798461A687B
S214018F30511C04D0197A411A521A944224D001378E
S214018F40082F03F10C03F2D1002DC0D1039B01338E
S214018F50C1D003A8FFF75EFE0546B8E70125D8E7AE
S214018F602546D9E740F26D21294826F08EFA0125DB
S214018F7024E0012D30D0802E2FD832462549039883
S214018F8020F038FD054628E0002DA0D10C247C43B6
S214018F9008EB04039DF814A093F808B00AEB0B0342
S214018FA0802BDFDC1B4B524604A9184602F0A2F9BF
S214018FB0211D5A464144504402F09CF90C2303FB00
S214018FC007839DF814201B7A13449E42D1D040F2A9
S214018FD073210F4826F059FA01250220FFF73CFEBF
S214018FE099F8003013B1013B89F800304FF0FF3398
S214018FF008EB040248F80430C2E9013367E700BF12
S2140190003F6F0020E4490020844900204965002084
S2140190103A550400E84800206CA204004FF00C0A00
S2140190200AFB02B3187AA6EB00095FFA89F9A14593
S21401903001D35FFA84F90AFB02FA0AF1040528440F
S2140190404A464146584402F055F90BEB0A031A7A90
S214019050A4EB09044A44D2B2B242A4B21A7219D19C
S21401906003200193FFF7F8FD32460BEB05015BF891
S2140190700A0020F0BFFC05460220FFF7EDFD4FF089
S214019080FF32019B4BF80A20C3E90122002D7FF431
S2140190901EAFC844002C3FF41EAF4F44104B1B7844
S2140190A0012B7FF424AFB7FBF6F306FB1373002BFB
S2140190B07FF413AFE319B3FBF6F506FB1535002D68
S2140190C03FF415AF641B5B1B08EB04012A4604A89A
S2140190D00393A4B202F00EF98DF8145007E700BF0F
S2140190E03F6F002070B5134B1B78012B0CD1FFF797
S2140190F00FFE0026104D55F8043C013306D1033609
S214019100182E05F10C05F6D1002411E00320FFF717
S214019110A3FD55F8044CFFF7E7FD29460246204615
S21401912020F068FC04460220FFF796FD002CE6D0EE
S214019130204670BD3F6F0020E849002070B5054607
S2140191400C46FFF7E5FD0520FFF786FD214628467C
S21401915020F05EFC06460220FFF77EFD00220A4B49
S2140191602C441968481C08D0A94206D3A1423EBF28
S2140191704FF0FF31C3E9001199600332182A03F159
S2140191800C03EED1304670BDE4490020D0E902322E
S21401919053F8223010B51C68204600F095FA28B125
S2140191A02146BDE81040024800F002BE10BD00BFD7
S2140191B0B855040008B5D0E9023253F822301868D1
S2140191C000F06CF920B1BDE80840024800F0F0BD9F
S2140191D008BD00BFDA5504002DE9F041D0E902329E
S2140191E053F8221003EB82035B680F681D789AB070
S2140191F0642D04D96421114800F0DAFD64252A465D
S214019200384601A900F002F9044698B90C4800F066
S214019210CFFDDFF8348001AE013DA54202DC1AB075
S214019220BDE8F0813919404616F8012B00F0C0FD63
S2140192300134F2E7034800F0BBFDF0E7FD550400FA
S2140192401D56040047560400345604002DE9F04725
S21401925000252D4FDFF8E080DFF8E0908CB028463F
S21401926003A900F0EFF810B10CB0BDE8F087049B3D
S2140192702946039A0093384600F09AFD404600F0CE
S21401928097FD059910290CD810290CD8DFE801F0B4
S2140192900F14320B340B0B0B360B0B0B0B0B0B0B90
S2140192A03A0020292CD0194800F082FD07E0184822
S2140192B000F07EFD0135D2E7164800F079FD0699EB
S2140192C0484600F075FD0799134800F071FD1348F4
S2140192D000F06EFD1024DFF868A00DF11F06504661
S2140192E016F8011F013C00F063FD14F0FF04F6D1EF
S2140192F00B48DDE70B48E0E70B48DEE70B48DCE709
S2140193000B48DAE70B48D8E7625604000757040013
S214019310B7560400C75604002D57040045570400ED
S21401932001FC0300CF560400D7560400E0560400A3
S214019330EB56040002570400A65604001657040014
S2140193405657040010B50B4C8EB023785BB9EEF778
S21401935071F9014650B9012301A82370EEF7F0F91F
S214019360054B049A1A6020780EB010BD034800F031
S2140193701FFDF8E74C650020284D00205C570400CF
S21401938000B58FB0FFF7DEFF002829D001A8EEF761
S214019390D7F9059B1448198800F00AFD059B134868
S2140193A05969134B002908BF194600F001FD059BBA
S2140193B01048598800F0FCFC059B0F48196900F01D
S2140193C0F7FC059B0D48D96800F0F2FC059B0C489C
S2140193D0197E00F0EDFC0B4B0B48196800F0E8FC19
S2140193E00FB05DF804FB00BF99570400AB570400AB
S2140193F001230400BD570400D1570400E5570400BB
S214019400F9570400284D00200D58040070B5064693
S21401941015460C4679B172B1FFF794FF68B1214643
S2140194202A463046EEF796FA014618B1044800F08F
S214019430BFFC012070BD2120FCE71120FAE700BF28
S2140194401F58040037B505460C46FFF77BFFE0B111
S214019450114B1B68AB421AD9CCB1002124222046FD
S21401946001F0B8FD214628461BF015FC88B92846B0
S21401947001AA04F10801EEF71FFA20B140F20643F3
S214019480C01A18BF012003B030BD1120FBE7212010
S214019490F9E70120F7E700BF284D0020F0B593B0AB
S2140194A00546FFF74FFF002845D0254B1A68AA420C
S2140194B007D829462348013A00F07AFC212013B048
S2140194C0F0BD05A8EEF73CF9284603A91BF0E3FB1F
S2140194D098BB049A22F4FF57C2F30C0327F01F0728
S2140194E02BB14FF400532946174800F061FC039E48
S2140194F07FB125F0D7FF30464FF40051EEF7B6FAAC
S2140195003346044606F5005650B9039BF31ABB4290
S214019510EFD32A4639460D4800F04AFC002406E0FF
S21401952000902A464FF40051094800F041FC201EE5
S21401953018BF0120C3E71120C1E70120BFE700BF24
S214019540284D00204D580400FB580400BA59040069
S2140195506959040010B5044638B1FFF7F3FE30B17F
S2140195600020044B1B68236010BD2120FCE711205E
S214019570FAE700BF284D002010B50446FFF7E2FECB
S214019580B0B10C4B1A68A24206D821460A48013AE5
S21401959000F00EFC212010BD25F084FF40F2C12210
S2140195A020460649EEF748F9003818BF0120F2E7D1
S2140195B01120F0E7284D00204D580400644A002091
S2140195C010B50446FFF7BEFE70B121460848EEF717
S2140195D053F940F20323984208D040F201239842FF
S2140195E00CBF0520012010BD1120FCE70020FAE782
S2140195F0644A00202DE9F0412D4D04462F68FFF7FF
S214019600A1FE002851D02968A14207D84A1E294840
S214019610214600F0CDFB2120BDE8F0812648EEF77B
S214019620EBF8DFF894800246B0B943462E689642BE
S21401963022D1BE4214BF3A4606F1FF3212BB314672
S2140196401D48C8F80040EEF7B7F8014600B31B48BE
S21401965000F0AEFB0120DFE72046EEF78DF804466A
S21401966038B10146164800F0A3FB201E18BF0120A2
S214019670D2E7EDF7DDFEF8E753F8041B8C42DDD0A8
S2140196800132D4E70C499200081D01F0F5FCD6E73B
S21401969029680948EEF7B0F8044610B101460948B2
S2140196A0D6E7EDF7C5FE2046B6E71120B4E700BFC2
S2140196B0284D00204D580400444A0020005A04005A
S2140196C0D6590400335A0400F8B50446FFF73AFEAB
S2140196D0002845D0234B1A68A24207D821462248C3
S2140196E0013A00F065FB21242046F8BD1F4800F032
S2140196F05FFB25F0D7FE40F2C1221D492046EEF75A
S2140197009BF840F20327054625F0CCFE184E65B1BE
S21401971040F203239D421AD02946164800F048FB22
S2140197200124154800F044FBDEE725F0BBFE294680
S2140197303046EEF7A1F8B84209D040F2012398422C
S21401974003D10E4800F034FBE1E70546DFE721468A
S2140197500B4800F02DFB2046FFF74CFF0446E0E7E0
S2140197601124C1E7284D00204D5804006A5A040010
S214019770644A00208A5A040001FC03000D2F0400ED
S214019780A25A040010B50A46044619B1024B00213C
S2140197901B68984710BD00BF78A2040010B5114C95
S2140197A02378580744BF23F00403237023789907CE
S2140197B005D500F05DF8237823F002032370637863
S2140197C01BB10023084A6360536000230821064842
S2140197D06370FFF7D7FF2378DA0744BF23F001034E
S2140197E0237010BD2C4D0020304D002038B51A4C8A
S2140197F062782378022A01D1072B11D0DD0712D512
S2140198002378980707D400F02BF82378054643F011
S2140198100203237080B96278237882B15A0716D57D
S2140198200025284638BD1CF0F8F92378054643F094
S214019830010323700028E3D0FFF7B0FFF1E7D90753
S214019840ECD5064962604A6002226270E6E743F0A0
S21401985004032370E4E700BF2C4D0020304D0020A8
S2140198600122024B002083F8F0207047384D00207B
S2140198702DE9F0410A4C002526464FF00108032742
S2140198802046C4F81C802776013520F00EF9062DF7
S21401989004F12804F4D1002386F8F030BDE8F08105
S2140198A0384D00202DE9F04F984691B00B1E0A93D3
S2140198B0B44B914614BF83469B4600251A9E98F8E2
S2140198C0000070B94D4538BF2A464B464FF00000A0
S2140198D00A9928BF09F1FF32D847284611B0BDE8DA
S2140198E0F08F252808F1010806D02A464B460A992A
S2140198F06C1CD8472546E2E70023414611F8012BA8
S2140199002B2A16D00AD8202A16D0232A17D0A2F13D
S2140199103000092834D800270A2418E02D2A05D05B
S214019920302AF4D143F001038846E6E743F0020308
S214019930FAE743F00403F7E743F00803F4E743F0DC
S2140199401003F1E7884604FB0722A2F130074146DF
S21401995011F8012BA2F130000928F3D998F800205C
S2140199602E2A52D198F8011008F10102A1F1300017
S214019970092843F480633ED800244FF00A0E11E014
S2140199802A2A08D156F8047B8846002FBCBF43F02C
S21401999002037F42E2E70027E0E702460EFB0411DE
S2140199A0A1F13004104610F8011BA1F1300CBCF1F6
S2140199B0090FF2D99046424612F8011B6C292DD0A8
S2140199C025D8682933D06A293BD04246904618F8F4
S2140199D0010B672860D8572836D8452808D084D97F
S2140199E0462800F0188147287FF47FAF43F40063D0
S2140199F043F0200327E12A2906D156F8044B08F143
S214019A00020824EAE474D6E790460024D3E77429D2
S214019A1001D07A29D9D143F48073D7E798F8011099
S214019A206C29F8D143F4407308F10202CEE798F8A6
S214019A300110682902D043F08003C7E743F0C00352
S214019A40F2E743F40073C1E7A0F158020F2A3FF68C
S214019A504CAF01A151F822F0F99A0100EB980100F0
S214019A60EB980100EB980100EB980100EB980100E0
S214019A70EB980100EB980100EB980100EB980100D0
S214019A80F99A0100659C0100F99A01003B9C0100CE
S214019A901B9C01003B9C0100A0F16901C9B20F2982
S214019AA03FF623AF012249F2410C8A4012EA0C022A
S214019AB018D10A2900F0158107297FF416AF43F063
S214019AC0210305930823CDE903431023CDE90123A0
S214019AD056F8043B2A46009358464B460A9920F00E
S214019AE0D4F8A8E06F2800F05E8110D9782808D154
S214019AF0102223F00C0310E0582839D0622800F019
S214019B0054810A2223F01003642806D0F1E769285D
S214019B104FF00A0223F01003F6D1590548BF23F08F
S214019B200103692803F4007101D0642840D111B300
S214019B30073626F00706B24670685AF8081BCDE9C4
S214019B40077300230593C30F0028029306940B4660
S214019B50049202DA4B4260EB4000CDE900304B46FE
S214019B602A4658460A9920F0D2F805465646A6E6F1
S214019B7043F02003BCE7D90506F1040A04D5316891
S214019B8005E000BFED9A030058060CD53178CDE903
S214019B900224CDE9047300294FEAD1730193B8BFBB
S214019BA04942009120E01906E9D5B6F90010EEE722
S214019BB079B1CDE907730023CDE9042306F1070A3D
S214019BC02AF0070A06940293FAE80223CDE9002355
S214019BD0C5E7D80506F1040A0DD5CDE90473CDE92C
S214019BE002240191336800934B462A4658460A9947
S214019BF020F04BF8B9E7590607D53178CDE904735B
S214019C000023CDE902240193CBE7316813F0800FDE
S214019C1018BF89B2F2E743F02003CDE90173073696
S214019C2026F007060094B6EC020B4B462A46584629
S214019C300A99EAF7ADFD054641E600F0DF00472840
S214019C4001D143F40063CDE90173073626F0070618
S214019C500094B6EC020B4B462A4658460A99EAF798
S214019C60DBFBE8E713F0020426D04FF0010A6B1C79
S214019C700B932A464B460A9916F8040BD84774B339
S214019C8054460B9A21E04B4620200A99D8470AEB06
S214019C9005020AF1010A5745F5D83A1E18BF0122F6
S214019CA0002A07F1FF3308BF002307F1010A1D440C
S214019CB008BF4FF0020ADAE7A246E8E7551C4B4612
S214019CC020200A99D8472A460134BC42F6D3A7EB8E
S214019CD00A03574538BF00230B9A1A440B920B9D73
S214019CE0EDE53246002C52F8046B14BF21464FF0C6
S214019CF0FF310B9232463144107808B1914211D1AE
S214019D00A2EB060A13F480620C9202D0A24528BF89
S214019D10A24613F002030D931BD1AAEB05032A46B4
S214019D200F9308E00132E7E7531C0E9320204B46C1
S214019D300A99D8470E9A0F9BD318BB42F4D3A7EBC8
S214019D400A03574538BF00230AF101021D4403EBFD
S214019D50020AAB1B0E9304E01C464B462A460A99A0
S214019D60D8470E9BF51816F8010B28B10C9B002B53
S214019D70F3D0631E002CEFD10D9B93B12A46AAEBBC
S214019D80050405E0561C4B4620200A99D847324662
S214019D901319BB42F6D3A7EB0A03574538BF002376
S214019DA01D440B9E8BE50822A3E60222A1E600BF16
S214019DB00FB41FB506AA52F8043B02A903920092FB
S214019DC004484FF0FF32FFF76DFD05B05DF804EB78
S214019DD004B07047AF9D03001FB5034600914FF0D6
S214019DE0FF3203A90248FFF75DFD05B05DF804FBED
S214019DF0AF9D03001FB5CDE90201009302A91346EA
S214019E0003484FF0FF32FFF74DFD05B05DF804FB48
S214019E10B79D03001FB5094B094A1868094B01A9EC
S214019E201860094B1360094A0192094A1268CDE984
S214019E3002231BF099FF05B05DF804FB606B002060
S214019E40003E0020043E0020546B00200B910400CD
S214019E50E8500020014B18681BF09ABF606B002089
S214019E6038B5F2F767F80446064D2B68D3F8B0020A
S214019E70F2F754F828681BF09EFF2046BDE83840EC
S214019E80F2F74CB8606B002010B51F4CF0F728F9BC
S214019E90236F012023F0070343F002032367F0F743
S214019EA02DF9D4F82031002023F0070343F00103F5
S214019EB0C4F82031D4F8403123F0030343F0010302
S214019EC0C4F84031D4F8603123F0030343F00103B2
S214019ED0C4F86031D4F8403223F0030343F00103A1
S214019EE0C4F84032D4F8003223F0070343F00103EC
S214019EF0C4F80032D4F8083223F0070343F0010314
S214019F00C4F8083210BD00BF00800050064B1B6825
S214019F101A7A022A01D81AB97047032A00D0704764
S214019F201B68024A13607047646B0020E8500020EB
S214019F300022024B5A60DA601A607047EC5000202B
S214019F4008B501F037FF0022014B1A7008BD00BFAB
S214019F504D6500200A4601491FF097BF99BA0400D3
S214019F600A4601491FF091BF94BA04000A46014906
S214019F701FF08BBF8DBA04000A4601491FF085BF4A
S214019F808ABA04000A4601491FF07FBF87BA040057
S214019F900A4601491FF079BF82BA04000A46014900
S214019FA01FF073BF7DBA04000A4601491FF06DBF5A
S214019FB078BA04000A4601491FF067BF71BA040067
S214019FC081F0004102E000BF83F0004330B54FEA64
S214019FD041044FEA430594EA050F08BF90EA020FD1
S214019FE01FBF54EA000C55EA020C7FEA645C7FEA64
S214019FF0655C00F0E2804FEA5454D4EB5555B8BF87
S21401A0006D420CDD2C4480EA020281EA030382EAF7
S21401A010000083EA010180EA020281EA0303362D89
S21401A02088BF30BD11F0004F4FEA01314FF4801C5C
S21401A0304CEA113102D0404261EB410113F0004F6E
S21401A0404FEA03334CEA133302D0524263EB430325
S21401A05094EA050F00F0A780A4F10104D5F1200EC3
S21401A0600DDB02FA0EFC22FA05F2801841F100011E
S21401A07003FA0EF2801843FA05F359410EE0A5F1F2
S21401A08020050EF1200E012A03FA0EFC28BF4CF023
S21401A090020C43FA05F3C01851EBE37101F00045D9
S21401A0A007D54FF0000EDCF1000C7EEB00006EEBE6
S21401A0B00101B1F5801F1BD3B1F5001F0CD3490870
S21401A0C05FEA30004FEA3C0C04F101044FEA4452C7
S21401A0D012F5800F80F09A80BCF1004F08BF5FEA4E
S21401A0E0500C50F1000041EB045141EA050130BD2E
S21401A0F05FEA4C0C404141EB0101013C28BFB1F540
S21401A100801FE9D291F0000F04BF01460020B1FA8A
S21401A11081F308BF2033A3F10B03B3F120020CDA5D
S21401A1200C3208DD02F1140CC2F10C0201FA0CF03B
S21401A13021FA02F10CE002F11402D8BFC2F1200CA0
S21401A14001FA02F120FA0CFCDCBF41EA0C01904056
S21401A150E41AA2BF01EB0451294330BD6FEA04049F
S21401A1601F3C1CDA0C340EDC04F11404C4F120028A
S21401A17020FA04F001FA02F340EA030021FA04F39C
S21401A18045EA030130BDC4F10C04C4F1200220FAF3
S21401A19002F001FA04F340EA0300294630BD21FA31
S21401A1A004F0294630BD94F0000F83F4801306BFF7
S21401A1B081F480110134013D4EE77FEA645C18BFEB
S21401A1C07FEA655C29D094EA050F08BF90EA020F82
S21401A1D005D054EA000C04BF1946104630BD91EA7A
S21401A1E0030F1EBF0021002030BD5FEA545C05D17D
S21401A1F04000494128BF41F0004130BD14F58004BC
S21401A2003CBF01F5801130BD01F0004545F0FE412F
S21401A21041F470014FF0000030BD7FEA645C1ABF64
S21401A220194610467FEA655C1CBF0B46024650EA9B
S21401A230013406BF52EA033591EA030F41F40021C7
S21401A24030BD00BF90F0000F04BF0021704730B54D
S21401A2504FF4806404F132044FF000054FF0000122
S21401A26050E700BF90F0000F04BF0021704730B5E3
S21401A2704FF4806404F1320410F0004548BF4042B8
S21401A2804FF000013EE700BF42004FEAE2014FEA0D
S21401A29031014FEA02701FBF12F07F4393F07F4FE8
S21401A2A081F06051704732F07F4208BF704793F0EB
S21401A2B07F4F04BF41F40021704730B54FF46074FE
S21401A2C001F0004521F000411CE700BF50EA010201
S21401A2D008BF704730B54FF000050AE050EA0102AA
S21401A2E008BF704730B511F0004502D5404261EB1A
S21401A2F041014FF4806404F132045FEA915C3FF45B
S21401A300D8AE4FF003025FEADC0C18BF03325FEAF7
S21401A310DC0C18BF033202EBDC02C2F1200300FAA8
S21401A32003FC20FA02F001FA03FE40EA0E0021FACD
S21401A33002F11444BDE600BF70B54FF0FF0C4CF4BB
S21401A340E06C1CEA11541DBF1CEA135594EA0C0F6D
S21401A35095EA0C0F00F0DEF82C4481EA030621EAA8
S21401A3604C5123EA4C5350EA013518BF52EA0335E3
S21401A37041F4801143F4801338D0A0FB02CE4FF095
S21401A3800005E1FB02E506F00042E0FB03E54FF0C5
S21401A3900006E1FB03569CF0000F18BF4EF0010EBD
S21401A3A0A4F1FF04B6F5007F64F5407404D25FEAB9
S21401A3B04E0E6D4146EB060642EAC62141EA55516C
S21401A3C04FEAC52040EA5E504FEACE2EB4F1FD0CAE
S21401A3D088BFBCF5E06F1ED8BEF1004F08BF5FEA2C
S21401A3E0500E50F1000041EB045170BD06F00046DE
S21401A3F046EA010140EA020081EA0301B4EB5C048B
S21401A400C2BFD4EB0C0541EA045170BD41F4801182
S21401A4104FF0000E013C00F3AB8014F1360FDEBFA7
S21401A420002001F0004170BDC4F10004203C35DA83
S21401A4300C341BDC04F11404C4F1200500FA05F306
S21401A44020FA04F001FA05F240EA020001F00042A7
S21401A45021F0004110EBD37021FA04F642EB06011D
S21401A4605EEA430E08BF20EAD37070BDC4F10C0447
S21401A470C4F1200500FA04F320FA05F001FA04F20B
S21401A48040EA020001F0004110EBD37041F10001F7
S21401A4905EEA430E08BF20EAD37070BDC4F1200502
S21401A4A000FA05F24EEA020E20FA04F301FA05F26A
S21401A4B043EA020321FA04F001F0004121FA04F212
S21401A4C020EA020000EBD3705EEA430E08BF20EAE2
S21401A4D0D37070BD94F0000F0FD101F0004640001C
S21401A4E041EB010111F4801F08BF013CF7D041EA9E
S21401A4F0060195F0000F18BF704703F000465200A2
S21401A50043EB030313F4801F08BF013DF7D043EA72
S21401A5100603704794EA0C0F0CEA135518BF95EA28
S21401A5200C0F0CD050EA410618BF52EA4306D1D1AF
S21401A53081EA030101F000414FF0000070BD50EACE
S21401A540410606BF1046194652EA430619D094EA58
S21401A5500C0F02D150EA013613D195EA0C0F05D142
S21401A56052EA03361CBF104619460AD181EA030196
S21401A57001F0004141F0FE4141F470014FF000004E
S21401A58070BD41F0FE4141F4780170BD70B54FF0E9
S21401A590FF0C4CF4E06C1CEA11541DBF1CEA135569
S21401A5A094EA0C0F95EA0C0F00F0A7F8A4EB05044B
S21401A5B081EA030E52EA03354FEA013100F0888042
S21401A5C04FEA03334FF0805545EA131343EA12630B
S21401A5D04FEA022245EA111545EA10654FEA0026C0
S21401A5E00EF000419D4208BF964244F1FD0404F579
S21401A5F0407402D25B084FEA3202B61A65EB0305D5
S21401A6005B084FEA32024FF480104FF4002CB6EB91
S21401A610020E75EB030E22BFB61A754640EA0C0011
S21401A6205B084FEA3202B6EB020E75EB030E22BF51
S21401A630B61A754640EA5C005B084FEA3202B6EB92
S21401A640020E75EB030E22BFB61A754640EA9C0051
S21401A6505B084FEA3202B6EB020E75EB030E22BF21
S21401A660B61A754640EADC0055EA060E18D04FEADF
S21401A670051545EA16754FEA06164FEAC30343EA7F
S21401A68052734FEAC2025FEA1C1CC0D111F4801F4C
S21401A6900BD141EA00014FF000004FF0004CB6E745
S21401A6A011F4801F04BF01430020B4F1FD0C88BFE4
S21401A6B0BCF5E06F3FF6AFAEB5EB030C04BFB6EBEF
S21401A6C0020C5FEA500C50F1000041EB045170BDE2
S21401A6D00EF0004E4EEA113114EB5C04C2BFD4EB0F
S21401A6E00C0541EA045170BD41F480114FF0000E93
S21401A6F0013C90E645EA060E8DE60CEA135594EA0F
S21401A7000C0F08BF95EA0C0F3FF43BAF94EA0C0F11
S21401A7100AD150EA01347FF434AF95EA0C0F7FF486
S21401A72025AF104619462CE795EA0C0F06D152EADA
S21401A73003353FF4FDAE1046194622E750EA4106BE
S21401A74018BF52EA43067FF4C5AE50EA41047FF4CF
S21401A7500DAF52EA43057FF4EBAE12E74FF0FF3C34
S21401A76006E000BF4FF0010C02E000BF4FF0010C05
S21401A7704DF804CD4FEA410C7FEA6C5C4FEA430C7E
S21401A78018BF7FEA6C5C1BD001B050EA410C0CBFCD
S21401A79052EA430C91EA030F02BF90EA020F00202F
S21401A7A0704710F1000F91EA030F58BF994208BF96
S21401A7B090422CBFD8176FEAE37040F00100704753
S21401A7C04FEA410C7FEA6C5C02D150EA013C07D1AA
S21401A7D04FEA430C7FEA6C5CD6D152EA033CD3D0F5
S21401A7E05DF8040B704700BF8446104662468C46EF
S21401A7F01946634600E000BF01B5FFF7B7FF002822
S21401A80048BF10F1000F01BD4DF808EDFFF7F4FF4A
S21401A8100CBF012000205DF808FB00BF4DF808EDD5
S21401A820FFF7EAFF34BF012000205DF808FB00BFF8
S21401A8304DF808EDFFF7E0FF94BF012000205DF81A
S21401A84008FB00BF4DF808EDFFF7CEFF94BF0120CF
S21401A85000205DF808FB00BF4DF808EDFFF7C4FFC8
S21401A86034BF012000205DF808FB00BF4FEA41021B
S21401A87012F5001215D211D56FF47873B3EB62524C
S21401A88012D94FEAC12343F0004343EA505311F073
S21401A890004F23FA02F018BF404270474FF0000005
S21401A8A0704750EA013005D111F0004008BF6FF043
S21401A8B0004070474FF00000704700BF4A0011D2B9
S21401A8C012F5001211D20DD56FF47873B3EB625204
S21401A8D00ED44FEAC12343F0004343EA505323FA10
S21401A8E002F070474FF00000704750EA013002D185
S21401A8F04FF0FF3070474FF00000704753B94AB928
S21401A900002908BF00281CBF4FF0FF314FF0FF3071
S21401A91000F08CB9ADF1080C6DE904CE00F006F834
S21401A920DDF804E0DDE9022304B070472DE9F04FBD
S21401A930099D0E4604460F46002B47D18A4294468F
S21401A940B2FA82F35AD943B102FA03FCC3F12002E8
S21401A9509F409C4020FA02F217434FEA1C461FFA1A
S21401A9608CFE220CB7FBF6F106FB117701FB0EF00D
S21401A97042EA0742904208D91CEB020201F1FF3776
S21401A98002D2904200F23C813946121AA4B2B2FBBE
S21401A990F6F006FB102200FB0EFE44EA0244A64532
S21401A9A008D91CEB040400F1FF3202D2A64500F2DE
S21401A9B02A81104640EA0140A4EB0E0400211DB195
S21401A9C0DC400023C5E90043BDE8F08F8B4205D982
S21401A9D00DB1C5E9000100210846F5E7B3FA83F198
S21401A9E000294FD1B342C0F00281824240F2FF807B
S21401A9F00846002DE8D0C5E90047E5E7002B40F002
S21401AA00AF808A1A4FEA1C4E1FFA8CF70121B2FB5F
S21401AA10FEF60EFB1620220C42EA004207FB06F069
S21401AA2090420FD91CEB020206F1FF382CBF4FF003
S21401AA3001094FF00009904203D9B9F1000F00F067
S21401AA40DC804646121AA4B2B2FBFEF00EFB1022C0
S21401AA5000FB07F744EA0244A7420FD91CEB0404A3
S21401AA6000F1FF322CBF4FF0010E4FF0000EA7424F
S21401AA7003D9BEF1000F00F0C9801046E41B40EA7E
S21401AA8006409CE7C1F120048B4006FA01FC00FA5F
S21401AA9001FE22FA04F7E6408A401F4320FA04F337
S21401AAA04FEA174843EA0C031FFA87FC4FEA13499B
S21401AAB0B6FBF8F008FB106649EA064600FB0CF9FF
S21401AAC0B1450ED9BE1900F1FF3A2CBF4FF0010B6C
S21401AAD04FF0000BB14503D9BBF1000F00F0A28087
S21401AAE05046A6EB09061FFA83F9B6FBF8F308FBF6
S21401AAF0136603FB0CFC49EA0646B4450ED9BE199B
S21401AB0003F1FF382CBF4FF001094FF00009B4459F
S21401AB1003D9B9F1000F00F08280434643EA0040B2
S21401AB20A6EB0C06A0FB028C66454346E14602D323
S21401AB3007D1C64505D2B8EB02036CEB070C01380A
S21401AB40E1465DB1BEEB030266EB090606FA04F4C4
S21401AB5022FA01F3CE401C43C5E90046002133E743
S21401AB6002FA03FCC3F1200299409C40D6404FEA0A
S21401AB701C4E20FA02F21FFA8CF7B6FBFEF00A43CF
S21401AB800EFB1066110C41EA064100FB07F68E42E9
S21401AB900ED91CEB010100F1FF382CBF4FF0010963
S21401ABA04FF000098E4202D9B9F1000F34D0404669
S21401ABB0891B92B2B1FBFEF60EFB161142EA014268
S21401ABC006FB07F191420ED91CEB020206F1FF3893
S21401ABD02CBF4FF001094FF00009914202D9B9F19B
S21401ABE0000F16D04646521A46EA00410FE7841A6D
S21401ABF066EB030201201746FBE6023E624421E7AC
S21401AC0002396244C1E664440238D3E66444023839
S21401AC1034E7023E6244E6E702386144C8E7023B95
S21401AC203E447BE702383E445BE700BF704700BF07
S21401AC302DE9F04F924685B089461E460D46554A87
S21401AC400390294615F8014B135D13F00803F8D15C
S21401AC502D2C7CD02B2C4ED04FF0FF3102936FF071
S21401AC600043CDE9001336F0100851D037464FEABD
S21401AC70E6783A464346DDE90001FFF73FFE00234A
S21401AC8083468E4618461946A44613E0ACF13704AF
S21401AC90A6421FDD002B09DB83457EEB010305D3AE
S21401ACA08E4508BF83453BD1A24239DA4FF0FF33C8
S21401ACB015F801CBACF13004092CE9D9ACF141040B
S21401ACC0192CE3D9ACF16104192C03D8ACF1570463
S21401ACD0A642DFDC5A1C2FD0029A12B1404261EB29
S21401ACE04101BAF1000F03D0002B48D1CAF80090F9
S21401ACF005B0BDE8F08F4FF0FF30029336F0100834
S21401AD006FF000432C7801F10205CDE90003ADD1C7
S21401AD10302C25D0002E3AD10A27B0463E46A8E769
S21401AD2000FB08F307FB0133A0FB07010B442018C7
S21401AD3043EBE4710123BBE72223039A1360BAF1C4
S21401AD40000F17D005F1FF39DDE90001CEE74FF01E
S21401AD500047009301232C788D1CCDE9017382E70F
S21401AD602B7803F0DF03582B0CD086B90827B046A2
S21401AD703E467EE7DDE9000105B0BDE8F08FCDE98E
S21401AD800001DFE710276C7802353E4671E7102791
S21401AD903E466EE7A1BA04004AE700BF10B4044C71
S21401ADA013460A46014620685DF8044B40E700BF9B
S21401ADB0946B002010B4044C13460A4601462068E2
S21401ADC05DF8044B34E700BF946B002020F00301CC
S21401ADD010F00300C0F1000051F8043B00F1040C30
S21401ADE04FEACC0C6FF000021CBF22FA0CF21343A0
S21401ADF04FF0010C4CEA0C2C4CEA0C4CA3EB0C0269
S21401AE0022EA030212EACC1204BF51F8043B0430D2
S21401AE10F4D0C2F1000102EA0102B2FA82F2C2F1F2
S21401AE201F0200EBD20070472DE9F04780460C4622
S21401AE304548264614F801EB10F80EC01CF0080C25
S21401AE40F7D1BEF12D0F5BD0BEF12B0F3AD0654680
S21401AE5033F010003ED04FF0FF379A46B7FBF3F7BA
S21401AE6003FB07F96FEA0909002630460EE0AEF14A
S21401AE70370C63451DDD002E04DBB84202D833D102
S21401AE80CC4531DD4FF0FF3614F801EBAEF1300C56
S21401AE90BCF1090FEDD9AEF1410CBCF1190FE6D9A1
S21401AEA0AEF1610CBCF1190F03D8AEF1570C634536
S21401AEB0E1DC731C1CD005B140420AB1F6B9116041
S21401AEC0BDE8F08733F0100094F800E0654606F11F
S21401AED00204C0D1BEF1300F17D06BBB0A234FF06E
S21401AEE005091A4F9A46BFE700FB0AC00126CBE7C1
S21401AEF022233046C8F80030002AE1D0611EDEE782
S21401AF0094F800E00125B41CA2E7207800F0DF00E9
S21401AF10582807D083B908234FF007096FF0604718
S21401AF209A46A1E7102394F801E04FF00F09023486
S21401AF306FF070479A4697E710234FF00F096FF0AE
S21401AF4070479A4690E700BFA1BA040099999919EB
S21401AF506AE700BF10B4044C13460A46014620684F
S21401AF605DF8044B60E700BF946B002010B4044CFE
S21401AF7013460A46014620685DF8044B54E700BFB5
S21401AF80946B00200F4B70B50F4DAB42A3EB05063B
S21401AF9007D0B6100024013455F8043B9847A64262
S21401AFA0F9D80A4D24F07CFC094B5E1BAB424FEAF4
S21401AFB0A60606D00024013455F8043B9847A6425D
S21401AFC0F9D870BD746F0020746F0020746F002074
S21401AFD0786F002070B5860747D0541E002A3ED0F1
S21401AFE0CAB2034601E0013C39D303F8012B9D07A1
S21401AFF0F9D1032C2CD9CDB20F2C05EB052505EB89
S21401B000054535D9A4F1100C03F1100E1A462CF0A3
S21401B0100F064FEA1C1CB644C2E90055C2E90255A8
S21401B02010327245F8D10CF1010214F00C0F04F045
S21401B0300F0C03EB021213D0ACF1040323F003034D
S21401B0400433134442F8045B9342FBD10CF003042F
S21401B0502CB1C9B21C4403F8011BA342FBD170BD3D
S21401B06064461346002CF4D1F9E703461446C0E7BC
S21401B0701A46A446E0E700BF88420ED98B188342E1
S21401B0800BD900EB020C002A6ED0624613F801CDF4
S21401B090994202F801CDF9D170470F2A0FD803461D
S21401B0A002F1FF3C002A5FD00CF1010C013B8C44FD
S21401B0B011F8012B614503F8012FF9D1704740EAD9
S21401B0C001039B0751D1A2F1100301F1200C70B5C9
S21401B0D023F00F0501F1100E00F110041B09AC441A
S21401B0E05EF8105C0EF1100E103444F8205C5EF829
S21401B0F01C5C44F81C5C5EF8185C44F8185C5EF84E
S21401B100145CE64544F8145CEAD1013312F00C0FE6
S21401B11002F00F0C01EB031100EB031329D0ACF185
S21401B120040C1C1F8E462CF003064FEA9C0C1E4492
S21401B1305EF8045B44F8045FB442F9D10CF10104F3
S21401B14002F0030203EB840301EB840102F1FF3CEE
S21401B1504AB10CF1010C013B8C4411F8012B6145FD
S21401B16003F8012FF9D170BD704702F1FF3C034689
S21401B1709AE76246EAE700BF2DE9F04F82468E461F
S21401B1803F4875461EF801BB10F80B4014F0080442
S21401B190F7D1BBF12D0F5BD0BBF12B0F6FF0004940
S21401B1A004BF9EF800B005F1020E33F0100010D176
S21401B1B0BBF1300F04D0002B5ED10A231F4609E0F5
S21401B1C09EF8000000F0DF0058284ED0002B53D127
S21401B1D008231F460025B9FBF7F6284607FB1698F5
S21401B1E00EE0ABF1370C63451DDD002D04DB864216
S21401B1F002D321D1E0451FDA4FF0FF351EF801BB1F
S21401B200ABF1300CBCF1090FEDD9ABF1410CBCF13F
S21401B210190FE6D9ABF1610CBCF1190F03D8ABF1EC
S21401B220570C6345E1DC6B1C0AD004B140420AB1FD
S21401B230CDB91160BDE8F08F07FB00C00125DDE741
S21401B2402223CAF800305AB10EF1FF314846F0E722
S21401B2509EF800B04FF0004905F1020E0124A4E764
S21401B2604846BDE8F08F8146EEE710239EF801B010
S21401B2700EF1020E1F46ADE710231F46AAE700BFD8
S21401B280A1BA0400242B02D8012B00D074E710B514
S21401B29000F02EFA16230360002010BD10B5242AF4
S21401B2A0084C1346246807D8012A05D00A460146E9
S21401B2B02046BDE810405FE700F01AFA1623036047
S21401B2C0002010BD946B002010B5242A084C1346AC
S21401B2D0246807D8012A05D00A4601462046BDE85B
S21401B2E0104049E700F004FA16230360002010BD61
S21401B2F0946B0020844641EA000313F0030349D10E
S21401B300403A23D30B6803604B6843608B688360C5
S21401B310CB68C3600B6903614B6943618B698361C9
S21401B320CB69C3610B6A03624B6A43628B6A8362B1
S21401B330CB6AC3620B6B03634B6B43638B6B836399
S21401B340CB6BC36340304031403ADBD230320BD353
S21401B3500B6803604B6843608B688360CB68C3608F
S21401B36010301031103AF3D20C3205D351F8043BA9
S21401B37040F8043B043AF9D2043208D0D2071CBF85
S21401B38011F8013B00F8013B01D30B8803806046AE
S21401B390704700BF082A13D38B07B1D010F0030300
S21401B3A0AED0C3F10403D21ADB071CBF11F8013B70
S21401B3B000F8013BA4D331F8023B20F8023B9FE79B
S21401B3C0043AD9D3013A11F8013B00F8013BF9D20E
S21401B3D00B7803704B7843708B78837060467047A8
S21401B3E0024B014618681BF0A5BA00BF946B0020FB
S21401B3F0024B014618681BF0A0BA00BF946B0020F0
S21401B400CAB384460B4630B504460843800719D0B4
S21401B4109CF800000C78A04212D150B3012A28D023
S21401B420E64603E01CEB030F23D010B31EF8010F12
S21401B43011F8014FA2EB0E03A04203F1FF33F1D046
S21401B440001B30BD032A07D8E2E7043A11D01EF0EC
S21401B450803F0ED1032A10D92068194653F8045BA1
S21401B460A446A0F1013E0434A8422EEA000EECD018
S21401B470CEE7002030BD10467047A4461946C7E700
S21401B48080EA010C1CF0030F37D110F0030C20F0FA
S21401B490030021F0030150F8042B08BF51F8043BC8
S21401B4A00ED08CF0030C6FF07F434FEACC0C23FADE
S21401B4B00CFC51F8043B42EA0C0243EA0C0300BFC1
S21401B4C0A2F1013C9A4201BF2CEA020C1CF0803F1B
S21401B4D050F8042B51F8043BF2D04FEA02604FEAD1
S21401B4E01222012828BFB0EB036F08BF1B0AF4D055
S21401B4F003F0FF03000EC01A704710F0030F0AD0C6
S21401B50010F8012B11F8013B012A28BF9A42F4D00A
S21401B510A2EB030070474DF8045D50F8042B01F0D0
S21401B520030521F0030151F8043B022D26D04DD826
S21401B53022F07F45B5EB132FA2F1013C2CEA020C59
S21401B5400DD11CF0803C08BF51F8043B0AD185EAB6
S21401B5500205B5EB036F0CD150F8042BE8E74FEA70
S21401B56013235BE03CF07F4C54D10B784FEA126515
S21401B57054E04FEA126503F0FF034FE04FEA02453D
S21401B580A2F1013C4FEA15452CEA020CB5EB134F2C
S21401B59018D11CF0803C08BF51F8043B07D185EA5E
S21401B5A00205B5EB034F09D150F8042BE6E75FEA35
S21401B5B00C4C2FD10B884FEA12452FE04FEA03437C
S21401B5C04FEA12454FEA134328E000BF02F0FF0599
S21401B5D0B5EB136FA2F1013C2CEA020C0DD11CF065
S21401B5E0803C08BF51F8043B0AD185EA0205B5EB59
S21401B5F0032F0AD150F8042BE8E74FEA13630DE056
S21401B60012F0FF0F06D051F8043B4FEA122523F043
S21401B6107F4303E04FF0000020BC704705F0FF02B7
S21401B62003F0FF00012828BF904204BF2D0A1B0A21
S21401B630F4D0A2EB000020BC704700BF08B5064B53
S21401B640044613B1002100F0AFF8044B1B6803B1A8
S21401B6509847204619F0A7FBA9B7010034520020ED
S21401B660002301461A46184600F048B8032A30B4AB
S21401B67015D941EA000484460B46A40704D0541E9B
S21401B6800FE0043A032A08D91946604653F8044BDA
S21401B6905CF8045BA542F4D0F1E760461946541EF7
S21401B6A07AB1431E0139021901E09A4209D013F812
S21401B6B0010F11F801CF6045F7D0A0EB0C0030BCAC
S21401B6C07047002030BC704738B5074D074C2C1B1F
S21401B6D0A41005D0013C55F8043D9847002CF9D13B
S21401B6E0BDE8384024F0E2B87C6F0020786F002077
S21401B6F0014B1868704700BF946B0020F0B5264CCC
S21401B70083B006460F46256805B36C681F2C3FDCE0
S21401B710A6B1D5F8880048B3D0F800114FF0010C57
S21401B72040F82420022E00EB84020CFA04FC4CEABA
S21401B7300101C0F80011C2F8803010D0631C00204F
S21401B74002346B6045F8247003B0F0BD1349144809
S21401B750216010B10068C1F88800104DD5E7D0F817
S21401B760043143EA0C03C0F80431E7E70D49CDE99B
S21401B770002369B14FF48470FFF732FE40B1002117
S21401B7806C68C0E94011DDE90023C5F88800C5E70B
S21401B7904FF0FF30D8E700BFC452002038520020D7
S21401B7A000000000E1B301002DE9F04FDFF8B4908E
S21401B7B083B0D9F8006096B3884601907568D6F8CC
S21401B7C088706C1E2BD4013507F1800B06EB8505BE
S21401B7D0B8F1000F26D173682A68013BA3423BD01B
S21401B7E000232B60BAB1D6F804A05FB30123D7F8C3
S21401B7F00011A3400B4225D0D7F8040157F82410B6
S21401B80003422BD1019890477368D9F8002053451D
S21401B8101ED1B2421CD1013C043D631CD8D103B0F9
S21401B820BDE8F08F4FB15BF824304345D3D0013CDF
S21401B830043D621CF3D0002FF5D1013CEFD3013C4F
S21401B840FBD2ECE790477368D9F800205345E0D067
S21401B850002AE4D01646B1E77460C3E7084690476D
S21401B860D2E700BFC4520020431E033306D8044B60
S21401B870984228BF1846642838BF6420704700BF26
S21401B88040420F0038B5194B05461B680C4603B1FC
S21401B890984744B1236833B11B68013303D0E3688A
S21401B8A00BB1A3684BB91EF0ACFF00204FF4C17278
S21401B8B0412100F0FFF9212038BD204602F04AFC64
S21401B8C000230B4A85F83C31C5E93743C2E900330A
S21401B8D063694BB1074A422110684FF4D272C31A0A
S21401B8E05842584100F0E6F90020E5E734550020BB
S21401B8F01068002098550020F8B5044623F0C3FCD4
S21401B900002607460E4B1B6893B19E68AEB196F8AB
S21401B9102420D20711D435460FCC0FC50FCC0FC546
S21401B92023682B6096F8243043F0010386F8243010
S21401B930384623F0A3FC3046F8BD1B68E4E700BF99
S21401B940E86B002010B5044618B9054B054A13608C
S21401B95010BD00F0D9FCD4F8E830002BF6D1F4E79E
S21401B960AD9F0300E46B0020014B1868704700BFD1
S21401B9701068002008B502460868FFF775FF0860E2
S21401B9804868FFF771FF48608868FFF76DFF8860B9
S21401B990C868FFF769FF0B69C860581C03D00B48DD
S21401B9A0834228BF03460B614B69581C03D00748E6
S21401B9B0834228BF034688694B61FFF755FFBDE800
S21401B9C008408861104601F07BBC00BF40420F0072
S21401B9D0D0F8E0302DE9F04105460C4613B1C38D91
S21401B9E08B424CD0D5F8DC30002B4BD09E68002E15
S21401B9F048D0D868002845D0013800B200281ADBA4
S21401BA00002106E0128A591CA24217D209B28842C6
S21401BA1011DB0B1803EBD3735B1003EBC30206EBCE
S21401BA208202B2F80EC003F1FF3EA445EAD90FFA2E
S21401BA308EF08842EDDA2120BDE8F0814FF6FF72E4
S21401BA4099B29142F7D09BB203EBC30306EB830690
S21401BA502846B6F9122095F83011D5F8F080EFF7A0
S21401BA6055F80746B8F1000F04D0002332462846A1
S21401BA701946C047EC85C5F8E06085F839710020A5
S21401BA80BDE8F0810E20BDE8F08100BF2DE9F0474A
S21401BA9082B004460F46164601F086FE002863D1A2
S21401BAA04F4D2B68D4F8DCA0D4F8E0800BB1534599
S21401BAB076D04FF00009AF6001F09EFE01280746E0
S21401BAC065D120461EF0DCFD002851D12B68DAF83E
S21401BAD00010D8F8002013B1186888426BD02046B1
S21401BAE01EF080FDC5E900A8D4F8F0508DF8076077
S21401BAF0002D67D00022204611460DF10703A84706
S21401BB00204600F0EDFF0546B9F1000F0FD076B9DB
S21401BB10D4F88C300BBB012F05D025B1314B002159
S21401BB2003205B689847284602B0BDE8F087B5FA5F
S21401BB3085F040F207523321400900F0BBF8314648
S21401BB40204601F00BFA284B05461B684146204665
S21401BB509847D4F88C30002BDDD000224FF40073C8
S21401BB60204600F0E1FBD6E700231D4D6B6098E709
S21401BB7094F82530DA07A9D5D4F894305B05A5D515
S21401BB801A4B0122002120461B6898479EE7002198
S21401BB90012000F001FC01F02FFE0128FBD190E707
S21401BBA06B68002B85D0434583D1AB689F4215D087
S21401BBB04FF001097FE7696811B10968914291D098
S21401BBC059688CE794F82A1094F83931324699422C
S21401BBD028BF1946204600F0D1FE91E70025A2E7CE
S21401BBE010680020F06B0020E46B00203855002020
S21401BBF0F8B50F46054623F046FB39460646284665
S21401BC00FFF7E6FE044620B1304623F037FB204618
S21401BC10F8BD01F0A7FD224639462846FFF736FF54
S21401BC2004460028F0D128461EF02AFD0028EBD055
S21401BC3095F8253013F001030DD0D5F89420520560
S21401BC400DD5B5F82A21BA4205D0B5F82C31DB1B43
S21401BC50B3FA83F35B09034A82F8C430D4E7234678
S21401BC60F9E700BF001E00B013B5044669461EF092
S21401BC70CBFA20461EF00FFCFF28024606D02046CF
S21401BC809DF80010EEF7C0FF02B010BD0048FBE7BC
S21401BC900080FFFF38B5044D044C054B2860216039
S21401BCA01A6022F045FF38BDC8540020EC6B002016
S21401BCB0CC54002010B550B90548064B0160064823
S21401BCC002601868054B18601868FFF7E3FF10BD9F
S21401BCD0EC6B002024560020CC540020C8540020D1
S21401BCE02DE9F0418AB001AC05460B462746194AB4
S21401BCF002F1200C264610685168083203C66245D8
S21401BD003446F7D1002B08BF3B46002710681C4677
S21401BD103060384603F10C0690B95FFA87F8424660
S21401BD20284621881EF0AFFC50B942462846E188D5
S21401BD301EF0BAFC20B94246314628461EF0C6FC23
S21401BD400137032F06F1080604F10204E4D10AB014
S21401BD50BDE8F081C4BB0400F0B589B005460E46C7
S21401BD601EF0C3FC044600BB01AC06F10C070FCF66
S21401BD700FC497E8070084E8070001A92846FFF7E3
S21401BD80F9FD2846311D1EF08AFE044648B92846AC
S21401BD90074901F057FA044618B9284601F0C6FDCE
S21401BDA0044628463168FFF79BFF204609B0F0BDE0
S21401BDB0BCBB040001491EF07ABA00BFFDD80100E1
S21401BDC070B5164E032804460D4633781ED023FA66
S21401BDD004F202F00102AA421DD053B10122A24090
S21401BDE0A54023EA02032B43DBB233704BB101209B
S21401BDF070BD2DB10A4B01201B6898473378EDE7DB
S21401BE003570074B00201B689847F0E79A07DED08D
S21401BE1003F0FC03E9E7002070BD00BF4E6500207B
S21401BE200C55002038B504460D4605F077FD60B187
S21401BE3001F0C6FC48B9012D07D801201EF000FC10
S21401BE400D4B1B6823B15B6898470C4B1C7038BDC3
S21401BE5023F073FB0A4B1A68801A186021F0E2FF80
S21401BE604FF47A72074B1B6802FB00301EF01DFA76
S21401BE70012001F0ADFCE8E730550020416F0020BD
S21401BE800455002008550020F8B505460C4623F059
S21401BE90FAF9104F06463B7833B1012D04D01CB990
S21401BEA00D4821F011FF3C7021462846FFF788FF18
S21401BEB00A4B04461B783BB93B782BB91EF0B4FB02
S21401BEC010B1074B1B689847304623F0D7F9204638
S21401BED0F8BD00BF4F650020E05400204E650020ED
S21401BEE0F06B0020054A0B46117831B10021117024
S21401BEF0034A012152681878104770474F650020A1
S21401BF00F06B0020124B0239012910B518701ED8AB
S21401BF1005F004FDD8B101F053FCC0B101F034FACC
S21401BF20A8B90C4B1C6834B123689847BDE810408B
S21401BF3000201EF085BB1EF0B6F9074B186023F0F3
S21401BF40FCFA064B1860204601F042FCEEE710BDF5
S21401BF50416F002030550020085500200455002070
S21401BF6038B5044680B123F08EF90121044608460F
S21401BF7021F04EFB01210B4A08461AF0AFFD204680
S21401BF80BDE8384023F07AB923F07DF9054621460D
S21401BF90012021F03DFB01202146024A1AF09EFDB8
S21401BFA02846EDE7EF910400F0B585B023F06BF974
S21401BFB0344D04462B7823B1334821F085FE002802
S21401BFC052D121F00BFF02AA03A91EF017FB03466C
S21401BFD0002838D01EF026FB029B98421CD1002078
S21401BFE02A4B03991B682A4E9942307020D90027A4
S21401BFF0C91A012324482B70264A3346CDE9007717
S21401C00023F077FA002837D1234A1378D90701D5C8
S21401C0103178F9B1204611E01EF002FB029B9842EE
S21401C02028D0002318461949194A09681370039144
S21401C0300121FFF7C5FE002320462B7023F01EF9D1
S21401C040002005B0F0BD20462B7023F017F9212003
S21401C05005B0F0BD03F0FE031370002BDAD10F4BD1
S21401C0601B6898472046E9E7204623F007F90E208B
S21401C07005B0F0BD0220B3E7032320462F703370CE
S21401C080F3E700BF4F650020E05400200055002074
S21401C090406F0020E5BE01004E6500200C550020D3
S21401C0A038B523F0F0F80F4D04462B789BB90E4AAD
S21401C0B00E4913700E4B0F4A0F481A600F4A5A600A
S21401C0C0F0F7CEF90E490F48F0F7CAF90E4B0F4AB2
S21401C0D01A6001232B70F0F7CDFA204623F0CEF834
S21401C0E0002038BD506500204F650020E8BB0400E5
S21401C0F0F06B0020A9BF0100D054002089BE0100CA
S21401C100F0BB0400D85400200C55002061BF01008C
S21401C1102DE9F0438F7880460F2F0C4685B003D962
S21401C120212005B0BDE8F08327B90123374A002056
S21401C1301370F6E70D784E78EDB9002EF0D194F92C
S21401C1400310E08803F00AF82128E9D055EA06032F
S21401C150A088DFF8C89013D003F064F84FF6040304
S21401C160B9F8002001469A424BD1AE42334638BF59
S21401C1702B4600262DE0082DD2D8082ED0D8DEE793
S21401C18003F050F84FF6040501464FF60500204A25
S21401C190136E9BB2AB4208BF0346B1F5803FA9F8C8
S21401C1A000300FD902230825136680230126C2F822
S21401C1B080302B4649084FF6FF720139914228BF5D
S21401C1C0114608E08023012608251666C2F880304D
S21401C1D02B460029EFD1002202920122013FFFB235
S21401C1E0009201972A4608F1F80002F0B7FE1EB148
S21401C1F04FF48012074B5A65074BA2681A60022358
S21401C20094E703480266A9F80030AEE751650020BE
S21401C21000C001B800D001B818550020C26E002039
S21401C22010B50446D0F818210B4B4FF40061C3F843
S21401C230A82090F82420D20102F4006205F0D2FA78
S21401C24094F8243013F0100F4FF4007314BF034A10
S21401C250034A136710BD00BF001E00B0001002B8ED
S21401C260002002B8431C07D06FF0FF02034B1040BA
S21401C2701A62A3F580531862704700BF00E000B849
S21401C280F8B504460F46164622F0FDFF0546A047C0
S21401C290044620B1284622F0F1FF2046F8BD04F0FE
S21401C2A07FFC04220549D1F8D83E23EA070333432D
S21401C2B0C1F8D83E024B1A67ECE700BF001000B089
S21401C2C0002002B800F01803182B0AD003070AD47E
S21401C2D040F2011310F0100018BF1846034B186502
S21401C2E070470020FAE70120F8E700BF001F00B002
S21401C2F0044B1868830654BFC0F30F204FF6FF7037
S21401C300704700BF0056002038B10368044A002B6E
S21401C31008BF1346034A13607047014BFAE700BF94
S21401C320F5A20300FC6B002010B4D0E95441224072
S21401C3300B4052EA030104D003495DF8044B096837
S21401C34008475DF8044B7047FC6B00200F2938B591
S21401C35005460C460ED801F04FFA01280CD1074AC3
S21401C3602846D36B23F00F032343D3631EF0CCF987
S21401C370002038BD2120FCE70220FAE7001F00B0AC
S21401C380014B186C704700BF001F00B0014B002026
S21401C39019647047001F00B003282DE9F34788464B
S21401C3A055D82C4B13F800902B4B1E5C2B4B13F8D7
S21401C3B000A022F068FF074604F03EFB054640B1A8
S21401C3C000230022CDE9003301200023002104F0E0
S21401C3D079F904F039FB48B100230022CDE9003396
S21401C3E0002000234FF4004104F06CF96EB31C4B9F
S21401C3F0DC6C04F008041B4B3146DC64484604F050
S21401C4002DFC52463146484604F092FC164BDC643D
S21401C4106DB1164B1868D0F89410F83003F06EFA28
S21401C42013490868FFF71EFF4FF0FF330B60B8F1A2
S21401C430000F04D00F4B002103205B689847384655
S21401C44002B0BDE8F04722F019BF3446D3E702B088
S21401C450BDE8F08700BC0400FCBB0400F8BB040088
S21401C460004000B8006000B8005000B82456002014
S21401C470F86B0020F06B00200F4A136F13F0A00F2B
S21401C48015D1506F10F0040013D10C4BD3F8D83EE1
S21401C49023F07F4323F0FF035BB1D368C3F303624A
S21401C4A0092A07D0B2F10C0018BF012070470020FE
S21401C4B070470120704700BF000002B8001000B0AE
S21401C4C070B50D46064620B91A4B1B68A3B10E205F
S21401C4D011E001F091F9012829D1174B93F9004099
S21401C4E0C4F11C04641BC4F11C03002BB8BF5B42DF
S21401C4F0232B0CDD212070BD81EAE173A3EBE173F0
S21401C500DBB2232BF6D80C4B19700020F3E786F824
S21401C510285022F0B8FE094AE402D36904F4FF2445
S21401C52023F4FF231C43D46122F0A8FEEDE702208A
S21401C530E1E700BF245600205265002000C000B885
S21401C54018B9034B93F90000704790F9280070471B
S21401C5505265002010B504461EF092F810B1012075
S21401C56001F0D4F92046FFF75BFE22F08CFE0A4A62
S21401C5700121D2F8A030044623F02003C2F8A030EF
S21401C5800222064B08469A60054B5B689847204690
S21401C59022F074FE002010BD001E00B0001002B88C
S21401C5A0F06B0020064B5A6A920207D4D3F880300B
S21401C5B013F4706F14BF01200020704701207047EC
S21401C5C0004001B8F8B50E46D0F8943002EA0104EE
S21401C5D023EA01032343C0F89430464A01F00B03D3
S21401C5E023EA0401D1642340A2F58052D364720782
S21401C5F0054610D50121FFF7D5FF60B104F0D0FA4A
S21401C6004FF4007314F0040F14BF3B4A3B4A5362C5
S21401C61004223B4B1A67F30606D514F0100F14BF1D
S21401C62000221B22374B5A6537061DD5200616D524
S21401C6304FF40012304B1A62012203F58053C3F8FF
S21401C640002122F020FE0E210746032003F09EF86B
S21401C65040F201222B4B3846DA6222F00FFE2146C9
S21401C66005F1F80003F04AF9F10503D5E2052AD5EC
S21401C67003F05CF8B30503D5A70527D503F062F8E8
S21401C68016F48C6F1DD014F4806224D095F82530F2
S21401C690DC070CD5EA8DB5F82A31934219D0B5F8E6
S21401C6A02C31981A43424341174A82F8C430D5F8D0
S21401C6B0E41028461DF01FFE8022144BD864144B4C
S21401C6C01A610020F8BD03F02BF8D3E703F034F825
S21401C6D0D6E70123E8E77105E9D595F82530DB07AC
S21401C6E0E5D5094B114683F8C4200A4B28461B683A
S21401C6F09847DCE7006000B8005001B8006001B858
S21401C700002002B8004000B8001E00B0001F00B0B4
S21401C710000002B838550020014B1868704700BF6A
S21401C7202455002037B522F0AEFD00240123002257
S21401C730CDE90034002305461946104603F0C2FF32
S21401C740022002F0E7FA064B21461C60054B022048
S21401C7505B689847284622F091FD204603B030BD1D
S21401C7602C550020F06B00202DE9FF4102290D46D3
S21401C77016469846039004D1FFF7D4FF04B0BDE8EF
S21401C780F08122F080FD1E4F04463B683BB1B34268
S21401C79005D022F073FD002321203B60EEE7194B04
S21401C7A00022C3F800803E60002301264FF00008F7
S21401C7B010461946CDE9006603F084FF124B0220AD
S21401C7C083F8008002F0A6FA43462A46022003A90F
S21401C7D002F0BEFA0D4B039A1A6008B92046D8E754
S21401C7E00B4D2B689847212804D0204622F046FDA1
S21401C7F00020C3E731466B6802209847F5E700BF83
S21401C8002C55002028550020546500202455002072
S21401C810F06B0020044B5B6E5B054EBF0120034BA3
S21401C820187800F00100704700C001B85465002078
S21401C8300A78022A11D0101F4242424152004B7818
S21401C8401201022B0BD0191F4B424B415B000549CD
S21401C850054842EA8312FFF713BD0122EFE70123E1
S21401C860F5E700BFF0FFFF0041D801000B78022B6F
S21401C87010D0181F434243415B004A78022A0BD06E
S21401C880111F4A424A4152000F21044843EA8202DC
S21401C890FFF7F6BC0123F0E70122F5E76DD80100AA
S21401C8A02DE9F8430E780446042E0D4690F83081A3
S21401C8B00BD100275FFA87F9484601F07DFD08B1E4
S21401C8C04E4602E00137042FF4D1304601F074FDE4
S21401C8D0002849D094F83031B34209D1AA88D4F857
S21401C8E0A8309A4204D16A88B4F832319A4238D0D4
S21401C8F084F83061AB883046A4F834316B88A4F8EC
S21401C9003231AB8804F59875C4F8A830FF2384F853
S21401C9102B301DF0AAFF84F82A00284601F078FC87
S21401C92018BB284601F03EFDF8B9D4F8E03053B103
S21401C93094F83011414506D02046B3F91220EEF79F
S21401C940E5F884F83901204601F09AFE0949A4F871
S21401C95034010123084AD1F8FC1004F1F80003F071
S21401C960AFFC0020BDE8F88321200C2384F8303189
S21401C970F8E700BF001F00B0581F00B0F8B5054625
S21401C98090F830010C460C28164623D0FF2923D0F8
S21401C9901AB14FF0FF32114B1A601DF066FF0746C1
S21401C9A095F8300101F068FD844228BF0446E4B2E0
S21401C9B0BC4238BF3C46E0B285F82B0001F002FECF
S21401C9C0FF280CBF2124002416B9284601F068FD73
S21401C9D02046F8BD0224FBE72124F9E7006C00207D
S21401C9E010B590F8303104460C2B43D0D0F8E03027
S21401C9F080F82A10D3B3D0F8F020CAB990F83931AC
S21401CA008B421BD300222046FFF7B8FF40BB1A4BD0
S21401CA101B78022B23D8204601F032FE174901234A
S21401CA20174AD1F8FC1004F1F80003F049FC16E0AF
S21401CA30B0F94220B3F912309A42E3DD00222046D3
S21401CA4094F83911FFF79AFF50B9C4F8E000204670
S21401CA501DF054FB4FF6FF739842014601D10020AA
S21401CA6010BD2046BDE81040FFF7C2B8FF2380F88E
S21401CA702B30F4E70220F3E7C66E0020001F00B05B
S21401CA80581F00B0F0B51D46144B04461B780F46E0
S21401CA90164685B05BB1D0F8E030E3B102AAB3F92F
S21401CAA012300092002218F07BFF05B0F0BD02A9FB
S21401CAB01DF0AAFB9DF808103A462046EEF726F828
S21401CAC0014626B92A462046FFF758FFEDE72046DD
S21401CAD0FFF786FFE9E71846E7E700BFC2930400C1
S21401CAE0D0F89C30012B01D10020704770B5044668
S21401CAF065498CB01DF0EEFED4F8E0600146E58D88
S21401CB00C4F8E40026B1336813B15B68002B71D119
S21401CB1022F0B9FB22F0B2FB0123D4F8E4108DF821
S21401CB200630B389D6E90120EB1A9BB200FB03223B
S21401CB305648ADF80430036800928B4207D0204671
S21401CB401DF0D9FB80225249524BC8641A61514DDF
S21401CB5000F052FE0128FBD1AB689E06F8D42046B1
S21401CB609DF80620009906AB03F0E6F800283ED1B2
S21401CB7000F042FE0128FBD1464A136FD801FCD4CF
S21401CB8093689906F9D4684606A903F08DFA054616
S21401CB9068BBE28D404B5A6494F8243060F341033D
S21401CBA084F8243000F0EEFFD4F8E0305969431ED3
S21401CBB00E68DBB2FD2B029622D9F31C34D84B68E3
S21401CBC0FF2803935ED10126DA1C25D8024602A966
S21401CBD020461DF0A8FDE6B9D4F8543199053FD496
S21401CBE094F8243043F0020384F8243011E0022044
S21401CBF00CB070BD1A68032A8AD99B6A5B0E8EE751
S21401CC004B6801280393DED00246204602A91DF098
S21401CC108AFD00200CB070BD0133204B5B6816D036
S21401CC20DA1C23D80393D1E71C4B01361B6818BFC7
S21401CC300126DD1C06D802934B68FF280393C3D058
S21401CC400020C3E7FF284B6819D00393C3E7DD1C18
S21401CC500FD80246204602A903931DF064FDBBE7E8
S21401CC6020464FF480311DF0E6FED2E7FF28B2D110
S21401CC70E6E7FF28B0D10022204602A9EDE7012011
S21401CC800393A1E72A46C0E7FC1F00B01455002015
S21401CC90001F00B0000002B8008001B8086C002038
S21401CCA010B50C4619B11DF0EBFC00B1043420465A
S21401CCB002F0B8FA024B4042C3F8C80E002010BD7D
S21401CCC0001000B0838E70B593420C4615461CD3F7
S21401CCD0836C8B4208BF002422F0D5FA4FF49C5394
S21401CCE00B490646CA68C2F30362D340DA0702D587
S21401CCF00B6F9B0304D401222946204601F016F847
S21401CD00304622F0BBFA002070BD2120FCE700BFB0
S21401CD10000002B82DE9F84F064615460B4611B934
S21401CD202120BDE8F88F002AFAD0032905D8002271
S21401CD3001F05EF903460028F2D01C889978B4F514
S21401CD40804F01F0070080F0C580A0F1070C1A792A
S21401CD5093F805A0DF88DCF1000343EB0C030528FC
S21401CD602B7394BF0023C1F30013C1F3801C6B73B4
S21401CD708B0985F810C003F00203C1F3C00C43EA27
S21401CD800C03C1F340116B74A974AF82002A40F002
S21401CD90828096F81E31013BDBB2EB74D6F89430F4
S21401CDA0DF0600F18380063801287FD8B6F81280A6
S21401CDB0F76908F1FF38484B083C04EA08045B6D44
S21401CDC03B5D0134802B0EBF6FF07F03323B5BB2BD
S21401CDD0AB730023AB6096F8279004EA0804B9F118
S21401CDE0000F61D1631D03EA08035A1C02EA080218
S21401CDF0BA5CFB5C43EA0223D9040FFA83FB4CD5E9
S21401CE00D6F8E43013B11B68022B05D841F24D72F7
S21401CE104C210020FEF74EFFD6F8E420CBF30B039F
S21401CE2092F82420DB000AB1B3FBF2F39A4508D846
S21401CE303BB1CAEB0A2ABAFBF3FA6FEA0A0A5FFAAF
S21401CE408AF9D6F8EC3023B1484695F90E10984782
S21401CE508146631C85F80F9003EA0803F95C0133E9
S21401CE6003EA0803FA5C013303EA080341EA0221F4
S21401CE70FA5C013303EA0803F85C41EA0241002345
S21401CE8041EA00616A7C304603F0D8FA062328603E
S21401CE90AB71002045E7531E7EE717F804904FEA72
S21401CEA049095FFA89F9CCE79946D2E700230020C1
S21401CEB0EB730A4B5A69C2F30723120448BF63F0A7
S21401CEC0FF035AB212F1800F1CBF323B5AB2AA734B
S21401CED00346DCE7022024E7004000B800C000B8A3
S21401CEE038B5148811F003054FEAC40422D13F2C4B
S21401CEF020D9B4FA84F4C4F11903DBB2052B01D8A6
S21401CF00192C15D0052B28BF052301240633DBB2C7
S21401CF109C40C4F3CF03138003828161448700F0F1
S21401CF202DFF054A631E2343C2F8A430284638BDA8
S21401CF302B46EAE72125F9E7001E00B011F5004F60
S21401CF401FBF01F30E01044BC1F30E01002014BFF5
S21401CF5099642120704700BF008001B8F8B50446E7
S21401CF600E4619B990F824305A063FD44FF6FF738F
S21401CF70618ED4F8E470994204D0314B1B680BB132
S21401CF80204698472F4D2B68BB424DD02E4B1B6831
S21401CF903BB11FB13A68002A48D0BF6839462046DF
S21401CFA098470727204601F06BFB002E32D0062754
S21401CFB00126264B94F9282093F900302449C3F121
S21401CFC01C039B1ACA69DB0222F4FF2203F4FF2327
S21401CFD01343CB61D4F8E4301E4A2B601E4B97678F
S21401CFE020461E701DF090FB0020F8BD4FF6FF7125
S21401CFF0144DD0F8E4702A6866F38613974241868A
S21401D00080F8243017D0104B1B68002BC1D101F0DB
S21401D01037FB072711493B46114AD1F8FC1004F1AA
S21401D020F80003F04DF9C2E70127BBE71746204693
S21401D03039469847B5E701F023FB0127EAE700BF29
S21401D04020550020145500201C5500205265002054
S21401D05000C000B8006000B853650020001F00B093
S21401D060581F00B0054A12681AB190F81E1119B976
S21401D0701047084602F0AABB014870471055002029
S21401D08000FEFFFF344B2DE9F7431C6801F40079DD
S21401D09000F00103174653EA090206460D4635D04D
S21401D0A04FF000083BB30023002200210120CDE908
S21401D0B0008803F007FB042001F02CFE41462046C1
S21401D0C0FFF7D0FF01224146208610461CF0C8FF1C
S21401D0D0D4F8941004F1F80002F010FC1F49086817
S21401D0E0FFF7C0F84FF0FF330B6094F8243043F09D
S21401D0F0040384F82430B9F1000F07D0012120463B
S21401D1001DF099FC25F4007506430D432B46324667
S21401D1102046FFF709F9FB070FD51149114A0868A0
S21401D12000211368116001210F4A117003B198475D
S21401D1300E4B002102205B68984717F00E0F08D0AF
S21401D1404FF409723B21002003B0BDE8F043FEF71F
S21401D150B1BD03B0BDE8F08324560020F86B002073
S21401D160285500202C55002054650020F06B002027
S21401D17008B5482200210248FDF72CFF002008BD13
S21401D180DC1E00B073B578216422A0F81411822148
S21401D1900C23C0E94112C0E94322C0F8002107224E
S21401D1A04FF0FF35002680F830314FF6FF73044606
S21401D1B0C28700F14C0282641E4AC385A0F8403043
S21401D1C080F82C3043864263038780F82860C0F8D5
S21401D1D0A850458580F8265003F03EFC2046FFF710
S21401D1E0C7FF94F928102046FFF76AF9602340F636
S21401D1F0FF71114A2046D36402F11C42D162D16507
S21401D2000E4A2946D36440220D4B1A67D4F894205F
S21401D210FFF7D8F90E230022CDE9003340F20223AE
S21401D2201046194603F04EFA01F0E2F8304602B015
S21401D23070BD00BF4000FFFF004000B8005000B8BE
S21401D240002002B810B50C46FFF792FFBCB1A378D8
S21401D250082B16D8E278082A13D843EA021313F0EB
S21401D260FF030CBF19466168074AC2F8DC10217833
S21401D27082F82011617882F8233182F8211100208A
S21401D28010BD2120FCE700BF001E00B0012A10B52A
S21401D29012D8032B10D803EB82020123074C9340CC
S21401D2A094F82201DBB221B10343002084F8223135
S21401D2B010BD20EA0303F8E72120F9E7001E00B0BD
S21401D2C0034670B50C68B0F83421013408BFD3F8B2
S21401D2D000418D6808BF0C604C68F830013404BF0B
S21401D2E0D3F80C414C606E1C3CD1D3F80841CE6893
S21401D2F08C60751C3CD1D3F804510E69CD600136A3
S21401D30004BFD3F8F8600E614E69013604BFD3F846
S21401D310FC604E618E69013604BFD3F810618E61E0
S21401D3208E695EB35A32B24238BF32460E688A619F
S21401D33016B15A2E38BF5A26C3F808414C68C3E9BD
S21401D3404065C3E943420A69C3F8F8204A690C49B3
S21401D350C3F8FC20D1F8FC1007230A4A02F0B0FFFC
S21401D360002070BD02F15A04AC4238BF2C46BEE71D
S21401D37002F17805B54238BF3546BEE76422D5E7E7
S21401D380001F00B0581F00B070B521F07CFF0446A6
S21401D3900B4E00F031FA012805D0204621F06EFF31
S21401D3A00225284670BDF36813F0706FC3F303655A
S21401D3B0EFD1B36ADB06ECD5204621F05FFFF0E73C
S21401D3C0000002B838B521F05EFF4FF6FF710A4A39
S21401D3D013888B4203D121F051FF0E2038BD074C34
S21401D3E0074D1B046566A4F580546366118021F021
S21401D3F045FF0020F2E700BFC46E0020006001B8C0
S21401D4000000FFFF2DE9F74304460F4615461E466A
S21401D410FFF732F830B3A38A23B320461CF036FF59
S21401D42078B9002E40F0F280794BD3F8D83E03F05D
S21401D4303002102A00F0EA8003F0C003402B00F00F
S21401D440E580DFF80082D8F81430D90740F1DE8095
S21401D45021F019FF0646032001F058FD30B1304691
S21401D46021F00CFF022003B0BDE8F083D8F81420A9
S21401D47012F00608F3D1304621F000FF644B4FF45A
S21401D48000612046D3F8D89ED3F8AC6E04F0BEF9FE
S21401D49040B14FF4007201215E4B08461A674246BE
S21401D4A01CF0DEFD94F82530DA0707D5D4F8943061
S21401D4B05B0542BF4FF40022574B1A673946204698
S21401D4C0FEF796FB524BC3F8D89EC3F8AC6E002805
S21401D4D0C9D194F82430980601D4002D57D0C5F34D
S21401D4E0400003F023FB022315F4807F1BBF0021BD
S21401D4F0494A484A136717BF484A1367516113637D
S21401D50003F04EFB4FF4806315F0040F14BF444A3A
S21401D510444A15F0400F53624FF004023D4B284633
S21401D5201A674FF0400314BF3F4A404AC2F888309A
S21401D530FEF7C8FE20461CF0D3FF38B14FF48073C7
S21401D54015F0010F14BF344A324A1367A90647D5AE
S21401D5504FF6FF72B4F8403093420FD0344A354943
S21401D560526E100CC2F301120132B3FBF2F30880C3
S21401D5702B4A2C4930481B0448665366003D18BFA9
S21401D580012594F8243065F3451384F824302046A9
S21401D5901DF076F8F0B120461CF0A2FFD0B14FF492
S21401D5A00031204604F032F9431C03229BB2234883
S21401D5B001A91DF01DF99DF8042002F00703052BB3
S21401D5C09DF8053015D112070DD443F480731C4A1B
S21401D5D0C2F8B830002003B0BDE8F0431DF015B91D
S21401D5E0FFF7F0FECAE713F0040F09D19DF80630E5
S21401D5F0EBE703F03002202A05D113F0010FF4E720
S21401D6004FF48073E3E79DF80630E0E70E202AE743
S21401D610001000B0002002B8001002B8004000540C
S21401D620005001B8006001B800D000B800E000B8B2
S21401D630004001B8C46E00200000FFFF08400054FF
S21401D640001E00B000C001B82DE9F3410646884629
S21401D65015461F4621F017FE0446032001F056FC2E
S21401D66038B1204621F00AFE0E24204602B0BDE85D
S21401D670F081042001F04AFC0028F2D1204621F076
S21401D680FDFD01232A4641463046FFF7BBFE044610
S21401D6900028EAD1DFF8C8805FB388F80000394671
S21401D6A03046FEF735FD00284CD198F80030012BA6
S21401D6B01CD02022244B1A67244BDB6CB3F5817FE8
S21401D6C01FD201201DF0E2F821F0DDFD204B0646B9
S21401D6D01B680193CBB901F093FC15F0800526D1A8
S21401D6E001F0E0FC284603F0F5F925E003F008FA1E
S21401D6F0BBE798F80030012BF8D0002BD9D12124B4
S21401D700B3E78022134B1A61DBE7042001F002FB2A
S21401D71000230122042001A901F01AFB0028DAD116
S21401D72003F056FA2124304621F0A8FD9DE7002299
S21401D730094B9A6701F0B6FC084B01215B68002093
S21401D7409847F0E7044690E7001002B8001F00B0C3
S21401D75018550020000002B800C001B8F06B002088
S21401D7605165002008B50C4BD3F84C114B1C12D058
S21401D77011F080410FD1094B1B6813B10320FEF74E
S21401D7800BFE4FF080624FF40071054BDA67054AD5
S21401D790D16201225A6108BD0080E00F24560020A4
S21401D7A0001002B8004000B84FF40022034B186F77
S21401D7B003F500531A67C0F3C0407047000002B873
S21401D7C0024B586900F00100704700BF00C001B865
S21401D7D0084B5A69D10707D508B901F077BA5B69D2
S21401D7E0DA0706D401F064BA5B69DB0701D40028C6
S21401D7F0F8D1704700C001B80F4BDB68C3F3036371
S21401D800013B0B2B0FD8DFE803F006060C060606D5
S21401D81006080A08080802207047042070470520F9
S21401D820704703207047054B5B6913F0060F0CBF6A
S21401D83001200420704700BF000002B800C001B8F4
S21401D840094AD368C3F303630B2B08D06FF49050D7
S21401D850184100F0010080F0010040007047106F91
S21401D86010F48030EDD17047000002B80C4AD3683E
S21401D870C3F30363062B07D8042BD8B20BD8C31EF9
S21401D8805842584140007047072B06D1D2F8300164
S21401D8900028ECD17047022070470020704700BF77
S21401D8A0000002B8094BDB68C3F303639A1E012A22
S21401D8B08CBF00220122012B02701EBF4FF40262B0
S21401D8C022FA03F303F001030B707047000002B85D
S21401D8D0094AD368C3F30363032B01D0072B08D18E
S21401D8E0536FDB0605D4906F80F00800C0F3C000CC
S21401D8F070470020704700BF000002B8024B0022AC
S21401D90019681CF09EBE00BF64BC0400024B1B6875
S21401D91003B11847704700BF44550020024B1B68EF
S21401D92003B11847704700BF4055002010B5FF22CD
S21401D9304FF6FF7104461CF0A6FE68B9FF224FF6AB
S21401D940FF7120461CF0B0FE30B92046BDE81040FD
S21401D950FF2202491CF0BABE10BD00BF08BC04007D
S21401D9602DE9F0411C46184B05461E680F469046A9
S21401D97046B1306801F01CFEF3681BB1B368186845
S21401D98001F016FE114B1B682BB1DA681AB19B68C1
S21401D990186801F00DFE9DF81830640744EA084245
S21401D9A05B0503F0BC6342EAC7621A43284608498E
S21401D9B042F4C87203F016FF002228461146FFF70C
S21401D9C081F90020BDE8F08160BC040064BC04005D
S21401D9D09007E12D08B5FFF77BFF88B1094BDA699F
S21401D9E012030DD5186F10F4003009D19B6F13F098
S21401D9F0100F4FF010030CBF034A044A936708BD8B
S21401DA000220FCE7000002B8001002B8002002B8AD
S21401DA1038B50446F8B1124AD3691B031DD5556FB4
S21401DA20104BC5F38115032DB3F8B4300DD1082280
S21401DA30083B9BB221460C481CF0DAFE0020084B3E
S21401DA4025729B6F1B0A637238BD022D05D1023BFE
S21401DA502A469BB2EEE72120F6E70220F4E700BF54
S21401DA60000002B8001E00B038400054431EDBB26E
S21401DA70FD2B14D9FF280B6801D14A68134313F014
S21401DA80802F1EBF42F20102074BC3F8282251F82D
S21401DA902020054BC3F85022C3F8542270470128B2
S21401DAA0F5D10023E9E700BF004001B8F0B585B025
S21401DAB06D460E460F4B074614460FCB85E80F0002
S21401DAC00D4BD3F848020090D3F84C2201923EB198
S21401DAD0631EDBB2FD2B0AD93060FF2C00D17260C9
S21401DAE02246294638461CF01EFE05B0F0BD012C24
S21401DAF0F4E700BF10BC04000080E00FF0B585B06D
S21401DB006E460D4B07460D460FCB86E80F0000F01C
S21401DB1039F831460446024638461CF07DFF4DB1C1
S21401DB2040B9FF2C1BBF04AB03EB8404009B54F8E5
S21401DB30103C2B6005B0F0BD10BC040030B50C4B9A
S21401DB400546187085B0082380B90A4AC2F8FC3326
S21401DB5051B96C46084B0FCB84E80F00074B2A4699
S21401DB6021461868FFF7A2FF05B030BD044AEDE76D
S21401DB70426F0020001002B820BC0400245600208A
S21401DB80002002B8014B1878704700BF426F002092
S21401DB90124BD3F8E020D2031ED54FF48032104941
S21401DBA0C1F8E020A1F58051C1F8EC201A6CD1B281
S21401DBB0C2F30722C3F88010C3F880200422C3F8FA
S21401DBC080200022C3F88020C3F88020C3F880207C
S21401DBD0C3F88020C3F88020704700BF004000547F
S21401DBE000600054F0220A4B01219A64A022A3F59A
S21401DBF080539A64074B826CC3F8C010FC21C3F8AB
S21401DC009810C3F89C204FF40052C3F8BC2070470C
S21401DC10006000B800400054F8B50D4617460646A9
S21401DC2021F031FB01230421084C094A2363A76034
S21401DC30E6602561C2F8E010064AC2F8843121F098
S21401DC401DFB0DB102232363F8BD00BF0040005445
S21401DC500060005400E100E00222024B58611A63A2
S21401DC60704700BF004000540122044B1A6640F67C
S21401DC70FF729963D863DA65704700BF00400054AD
S21401DC802DE9F04F042A05460B4683B039D9012603
S21401DC900978141F81615A7803F1040982619A7820
S21401DCA08261DB7883610368D0F808B003F007036C
S21401DCB006339E4006F1FF3A0AEA0B084768A6EBD0
S21401DCC00802944247F000570ED84946224607EB11
S21401DCD00800FDF70FFB46EA0A0604EB0B0232408A
S21401DCE0AA6003B0BDE8F08F494607EB0800019231
S21401DCF0FDF700FB019A384609EB0201A21B4244DC
S21401DD00E7E7013A032AECD8DFE802F00B08050240
S21401DD1013F8012B826113F8012BAA6113F8012B6A
S21401DD20AA611B78AB6103B0BDE8F08F38B50C462D
S21401DD30154601460F4B60B101220F48C3F8C020BB
S21401DD402246FFF79DFF1DB104220A4BC3F8C020EF
S21401DD5038BD64B1D3F8A420A24284BF0122C3F81F
S21401DD60C0200222C3F8A040C3F8C020EBE701227E
S21401DD70FAE700BF004000549840005438B5044606
S21401DD8021F081FA01211A4A638F054611663BB3D9
S21401DD90B3FA83F3C3F11903DBB2A069C2F890109A
S21401DDA093660723D066C2F88C304FF4A02302F5A1
S21401DDB00052C2F8E030A2F58052C2F8EC300022E0
S21401DDC00C4B1A600C4B1B6F5B0209D54FF480029B
S21401DDD00A4B04F1F8001A67D4F8941001F08EFD8E
S21401DDE04FF4E0232846E363BDE8384021F046BA05
S21401DDF00040005448550020000002B8002002B838
S21401DE002DE9F84305460C46B1B1D0F81880478F86
S21401DE1021F039FAB5F83CC0791E01EA0C0323F06B
S21401DE200702032C0646DFF8F8E042445CD1DEF830
S21401DE30004024B921F022FA0E20BDE8F88324F030
S21401DE400104DEF8000020F00100A04251D10023B9
S21401DE50CEF80030238894426FEA43436FEA534377
S21401DE6023803CD1EB8F08EB07091846083880B2AF
S21401DE7002F108044C4528BF4446082804D9B4F8E2
S21401DE8000E0BEF5804F3ED263440F431B1A3B4071
S21401DE909BB2AB87E887118894781C4AC1F30C01C2
S21401DEA051645367C2F88C004FF48022184B04F07B
S21401DEB00704C3F8E0200122164BC3F88421FFF7BC
S21401DEC067FE042C0BD14FF48002134B05F1F800CA
S21401DED01B6F124B1A67D5F8941001F00FFD3046F0
S21401DEE021F0CCF90020A8E7601E012898BF14464F
S21401DEF0A7E7E88F4344E31A48BFDB19083898427E
S21401DF00A8DC304696E72246B0E700BF0040005442
S21401DF100060005400E100E0000002B8002002B8F2
S21401DF2048550020144B10B51968CA8F8B8F488F3F
S21401DF3013440138073B8C69034023F007031C4454
S21401DF4002F108030D4A9BB2CB87C2F88C304FF41E
S21401DF5080220B4BC3F8E02001220A4BC3F8842130
S21401DF60A07800F00700042803D1074AD3681B03F2
S21401DF70FCD4064B1C6010BD245600200040005403
S21401DF800060005400E100E0000002B8485500209F
S21401DF9010B5064C216839B1CB0703D4044B186879
S21401DFA0FFF72EFF0023236010BD00BF4855002059
S21401DFB0245600204FF480320B4B0C49C3F8EC205A
S21401DFC0A3F50053C1F8E020D3F888109A6E012318
S21401DFD002F0070206329340C1F30C01083B994256
S21401DFE001D8FFF7D5BD70470060005400500054BB
S21401DFF02DE9F04780460C4616468769458F21F085
S21401E00042F9B8F83C2005F1FF3C02EA0C0323F084
S21401E0100701032C82463944B8F83E0019D1494C11
S21401E02024689CB90244073A02EA0C0222F007026D
S21401E030BC183B44E31A48BF5B19834210DB5046C9
S21401E04021F01CF900242046BDE8F08724F00104E5
S21401E050EFE7012C02D0022CEBD108380C46E8E79A
S21401E060002E3DD08C423FD1374AD2F844903649F3
S21401E070B8F81270D1F88820C2F30C02934247DA3E
S21401E0802588B5F5804FDAD2A378C5F30C0503F0E1
S21401E09007037A1EA5EB09053A43052B337005EAFB
S21401E0A002052DD82DB2E84340F241420421C00FAB
S21401E0B0FDF700FE7580E3783374D8F81C207B1ECC
S21401E0C003EA0903D118B160A9B213FA85F5AF4284
S21401E0D02FBF0023FF1AB780F26024BFB180F36020
S21401E0E0504621F0CBF8AEE7A4F10802974284BF70
S21401E0F0ED0802EBC502B2F80090C9F30C09B6E7C9
S21401E100124B5B6D003B18BF0123A5EBC305C9E7A6
S21401E1100B6C7A1EA3EB09033A431A400C4915B25D
S21401E120002DCB680BDCC3F30363D81E4342434187
S21401E130DB0033708B6F72801B0A3374BDE70823D4
S21401E140F7E700BF4855002000400054004000B8E3
S21401E150000002B8054BA822D3F84C013121431C1C
S21401E1600CBF0120C0F38070FDF7A4BD0080E00F56
S21401E17038B5094D0446286840F69702003818BF9E
S21401E18001202B21FDF796FDFA235C432B680A201C
S21401E190B4FBF3F4604338BD7C550020174B30B513
S21401E1A01A68431C164B22D0B2F1407F1FD3154D7F
S21401E1B000F03F04D5F8002122F03F021443C3F8D3
S21401E1C0C84001F03F042243C3F8D020D5F80431FB
S21401E1D00D4A1A400D4B03EA500003EA5101104361
S21401E1E01143074BC3F8CC00C3F8D41030BD002050
S21401E1F00146C3F8C800C3F8D000F2E70080E00F7C
S21401E200001F00B0000002B81FF087E1E0FFFF7FAB
S21401E21073B5574E0446317819B91C225548FCF798
S21401E220D9FE2378544A6188137051804FF0FC62FE
S21401E230524CFF21C4F8FC204FF47F02C4F8082199
S21401E2404F4A022B4F4D117033D1042307224E49FA
S21401E250C4F8FC23C5F8FC33C4F800114FF4C071B0
S21401E260C5F80011C4F8FC234FF48052C5F8FC33FE
S21401E270C5F870214FF40052C4F87021C4F8083173
S21401E2804FF4FF13C4F8FC304FF4BB13C5F8FC3051
S21401E2908023C4F8703148F2C8023C4BC3F8D8203A
S21401E2A03B4B3C4A0020C3F8C02F0123337002B019
S21401E2B070BD394A012BC4F80021384B27D14FF4E1
S21401E2C0C072C5F80021D3F83802D3F83C12FFF724
S21401E2D065FF0723C4F8FC330223C5F8FC334FF46B
S21401E2E08053C5F870314FF40053C4F870310423DD
S21401E2F0C4F808310DEB0300ECF740FB9DF8053040
S21401E300023B012B9CBF8023C5F87031C3E7244A2A
S21401E310C5F80021D3F83002D3F83412FFF73EFFD8
S21401E3200723C4F8FC330123C5F8FC338023C4F863
S21401E33070314FF4805301A8C4F87031ECF71EFB1E
S21401E3409DF80530012B05D19DF8043053B948F2EC
S21401E3505D1309E0FBD9023B012B9CBF4FF4005330
S21401E360C5F8703148F25813084AC2F8D83097E712
S21401E37055650020C41F00B0C66E0020002002B8FC
S21401E380466F0020001002B8C0F10F00001F00B059
S21401E390001000B050550020C0F70F000080E00FBD
S21401E3A0C0F60F00034B1A6802609B88838000202A
S21401E3B0704700BFC66E002010B5044601F026F86F
S21401E3C00A4BD3F8F83724B983F40023C3F3C040CB
S21401E3D010BD012C05D113F4C02F0CBF0120002065
S21401E3E0F6E7A31E58425841F2E700BF000002B804
S21401E3F06FF07F42154BD3F8FC37934208D0144A8E
S21401E40003F03F031370F123124A1370124A13707C
S21401E4101249134B09781A68A9B1B2F1A06F12D349
S21401E420D3F850120F4A104BB1F1FF3F18BF1346F5
S21401E4300E4A136041F66A020D4B1B68B3FBF2F3FA
S21401E4400C4A13607047084BF2E700BF000002B8A1
S21401E450476F0020486F0020496F0020456F00205D
S21401E4600080E00F5082E00F44BC04004C550020B1
S21401E470985500207C550020012807D0022802D09C
S21401E48030B100207047034B18787047024BFBE70A
S21401E490024BF9E7476F0020486F0020496F0020C4
S21401E4A00023F0B590F8304185B002462046CDE90C
S21401E4B00133CDF80B30FFF7DFFF92F82B30411E0A
S21401E4C0C9B28B4228BF0B46002C3CD0012C38D158
S21401E4D0042418464FF00F0C384E0DEB0405B0FB24
S21401E4E0FCF7F75D013CC01BC0B2814238BF00207B
S21401E4F06055002CF3D105240F278DF80830B3FBA7
S21401E500F7F0305C0344DBB28B4228BF0B462B5539
S21401E51001340B2CF3D10F2602F1A800D43215F8E2
S21401E520013BB3FBF6F14C1CC1EB01115B1A013345
S21401E530DBB2E4B21B0443EA045340F8043F8242D0
S21401E540EDD105B0F0BD042418464FF00F0C1C4F5A
S21401E5500DEB0406B0FBFCF5EDB27D5D013C401B06
S21401E560C0B2814238BF0020A055002CF2D105244C
S21401E5700F258DF80830B3FBF5F0385C0344DBB2A9
S21401E5808B4228BF0B46335501340B2CF3D10F2594
S21401E59002F1A804D43216F8013BB3FBF5F1481C8E
S21401E5A0C1EB01115B1A0133DBB2C0B21B0443EAB3
S21401E5B0005344F8043FA242EDD1C2E73DBC04003B
S21401E5C030BC040038B5284B05461A7827490C2A72
S21401E5D002D1FF20087038BD10461CF046F90446EB
S21401E5E01046FFF749FFA84228BF2846C0B2A042FE
S21401E5F038BF20460B78C0B28342ECD0087088B191
S21401E600431EDBB2022A1A490ED14FF0FC62C1F852
S21401E610FC20A1F50051D1F8FC2042EA4353C1F891
S21401E620FC30D8E70346EDE7124A134C1268AC32C9
S21401E630C4F8C02F4FF47F02C1F808210F49CA6FF2
S21401E640D202C8D40F22B3FBF2F2551CC2EB02125F
S21401E6509B1A0133D1F808411B0443EA05532343AF
S21401E660C1F80831B7E700BFC66E0020466F00202C
S21401E670002002B824560020001000B0000002B8A6
S21401E6802DE9F04F90F830510646D0F8A82087B013
S21401E69035BB1F2A38BF1F22093A4C24844B8548B4
S21401E6A01B6A96F82B10C3F38213DC400368DFF86D
S21401E6B02CA29342DFF828827F4B04F0010414D188
S21401E6C01F78A74211D19AF80070AF420DD17B4F47
S21401E6D03F788F4209D1B8F8040007B0BDE8F08F43
S21401E6E0032A38BF0322023AD7E7026098F80000EF
S21401E6F01C70FFF7C1FEFF2924D128461CF0B5F88F
S21401E70007466F493CB3D6F8E4702FB13B68082B37
S21401E71040F2CB8097F838701DBB0B6840F2712130
S21401E720B3FBF1F353431922B3FBF2F339462A46FE
S21401E73005A805931CF06FF802023C04059842F008
S21401E740110988E0471E8F4228BF0F46012F38BFA8
S21401E7500127FFB2D5E7012D29D0022D01D0B5B38F
S21401E76027460B6840F27121B3FBF1F3534319229C
S21401E770B3FBF2F33946012207EB072405A80593FC
S21401E78007EB04241CF047F87F00032F38BF03274C
S21401E790020242EA001242EA0009033F00F01F00AB
S21401E7A007FA00F0FFF7E4FC00F5FA6758E00F23DC
S21401E7B0B7FBF3F3581CC3EB0313FB1A0133DBB2AD
S21401E7C0C0B21B0443EA0053C3F30747C9E70C680A
S21401E7D040F27121B4FBF1F40F2354431922B7FB25
S21401E7E0F3F3B4FBF2F43748374A0068A2FB04128D
S21401E7F0013350FA83F313F8013C0392A3F140016D
S21401E8002A4603A801931CF006F8039F2F4AE41B2F
S21401E810A2FB041200903021049204A82A461BF0A1
S21401E820FAFFDDF810B08146A4EB0B040122059433
S21401E830102144F2100405A81BF0EDFF009B1A02FC
S21401E840019B42EA091244EA0344059B42EA000995
S21401E85007EB0B001844FFF78BFC00F50C57283725
S21401E86040F6FF711A4B3846C3F8C010A3F5805323
S21401E870C3F8C090A3F58053C3F8C440154C276075
S21401E88001F0B0FC4FF47A72134B4042986523684E
S21401E8900A49B3FBF2F3A8F8043096F82B30B7FB1D
S21401E8A0F2F08AF800500B7017E7002734E700BF34
S21401E8B0004001B8006C002056650020436F002020
S21401E8C0985500204C55002069C2F568911E856B4D
S21401E8D0006001B880550020001F00B0446F002082
S21401E8E0C66E0020014B1870704700BF456F0020B0
S21401E8F010B5044603F012F878B1174B1B786BB9C4
S21401E90064B1164B1B784BB1154B1B78013B012BA1
S21401E91004D84FF40042134BDA6710BD124BDB6F7D
S21401E9201B04FAD420F0AFFC4FF400420F4B044610
S21401E930DA67A3F5A0435B682BB1FEF741FF10B180
S21401E94002201BF0A3FF0222094B2046BDE810401F
S21401E950C3F8842420F092BC576500205865002037
S21401E96084550020002002B8000002B8001002B84A
S21401E97000D003500122024B00201A70FFF7B8BFE7
S21401E980576500200022024B01201A70FFF7B0BF26
S21401E99057650020F7B50646504C00F037FD504B42
S21401E9A02578504F1E7085BB2846FFF7A1FF2378B8
S21401E9B0013B012B19D8E37B01A88DF80430237C99
S21401E9C08DF80530E9F7FAF9C7F884544FF6FF7267
S21401E9D0454BC3F88420F822A3F58053C3F884205E
S21401E9E00022404BC3F884240DE04FF6FF723E4BE5
S21401E9F0C7F88454C3F88420F822A3F58053C3F8DB
S21401EA008420C7F88454394B5BE00020FFF770FF81
S21401EA102378013B012B08D8E37B01A88DF804304D
S21401EA20237C8DF80530E9F7C9F90023C7F884344B
S21401EA30002ECBD062685AB32D4B1B6803EB5203F2
S21401EA40B3FBF2F3013B1B0243F0F8032678264999
S21401EA50022E284A1ED0032E4FF6FF75214826D0D7
S21401EA60012E34D143F00203C1F88450C2F8843039
S21401EA700723C0F88434E37B01A88DF80430237C97
S21401EA808DF80530E9F76EF90120FFF731FF17E041
S21401EA90F823DBE74FF6FF7043F00103C1F884006B
S21401EAA0C2F8843006220F4BC3F88424E3E743F010
S21401EAB00503C1F88450C2F884300423C0F88434B6
S21401EAC00D4B4FF080420020DA6703B0F0BDC1F86D
S21401EAD08450C2F884300023F0E700BF845500203C
S21401EAE05865002000C00350006000B8002002B83E
S21401EAF098550020005000B8001002B8F0B5294F14
S21401EB0006463D4604460FCE0FC5336885B02B60DA
S21401EB1000F07CFC0022244BC3F88424A17A627A9C
S21401EB2042EA0142C3F89024217CE27B42EA014298
S21401EB30C3F88C24217B627B41EA0240C3F8880437
S21401EB403B78032B2AD8DFE803F022020C178DF856
S21401EB50041004218DF805200DEB01000022E9F7D1
S21401EB60CDF8E37B00228DF80830237C042102A82F
S21401EB708DF80930E9F7C2F8637A01228DF80C3076
S21401EB80A37A042103A88DF80D30E9F7B7F8074BEF
S21401EB90187805B0BDE8F040FFF7FCBE212005B0AF
S21401EBA0F0BD00BF8455002000C00350586500200A
S21401EBB0034BDB6F002BBCBF024BC3F888007047CA
S21401EBC0000002B8004000B82DE9F0471BF0C2FE75
S21401EBD04FF47A762D4BB0FBF6F618604FF4FA73C5
S21401EBE0734307462A48190E1B021818294A4FF084
S21401EBF0000341F10001FBF781FE274BA0F580726F
S21401EC0005461A6320B948222B21FDF753F8012542
S21401EC104FF47A724FF0000A6A43534650083102A5
S21401EC20FBF76CFE1C4B1D4AB7F57A7F9A601C4BAE
S21401EC304FEA056819601B4B8946044618604FEA7F
S21401EC40152505D29B222B215046FDF733F80126C8
S21401EC504FF47A73A8FB030103FB05117308C01870
S21401EC6041F1000100233246FBF748FE0E4B023409
S21401EC7019600E4B49F10009A408186044EA89742A
S21401EC80054B013C9C63BDE8F08700BF985500200A
S21401EC9020A1070040420F0000C001B80211010088
S21401ECA0A8550020A4550020A05500209C55002002
S21401ECB01022044BC3F884215A600122024BDA6009
S21401ECC0704700BF00E100E000C001B81022064B0B
S21401ECD0C3F88421C3F88420BFF34F8FBFF36F8F2F
S21401ECE00422024BDA60704700E100E000C001B880
S21401ECF010B50446A242A2EB0000A3EB010104D228
S21401ED00034B01399B6B0133184401F0030110BD1D
S21401ED1000C001B838B501250A4B02019D504FF4D9
S21401ED2080730446084A8340536620F0ACFA074ACB
S21401ED30A540137823EA05031370BDE8384020F098
S21401ED409DBA00BF00E101B800E001B8616500208E
S21401ED502DE9F84F164605468A461F4620F093FAD7
S21401ED60022E00F09080804620F09AFA594B5A4ABB
S21401ED70D3F82090147D5A6EE4B2520744BFD3F8FC
S21401ED802090013404F0030420F085FA4846214619
S21401ED9000F036FA8446DAF80000012E04BF01308E
S21401EDA06044ACEB000C08BFCAF80000BCF1804F11
S21401EDB07DD300F037FA8145A1EB040188BF454BAE
S21401EDC0DFF834C188BF01F1FF3101F0030188BFCC
S21401EDD09B6BA0EB090E0CF80510A1B1F90742BF19
S21401EDE041F61F723D4B5A67BA0742BF3B4B3C4A3E
S21401EDF05A677B0742BF0022364B9A673C0742BFE1
S21401EE000022344B9A6511244FF0010A314B05F16B
S21401EE101002120103EB051BCBF80C0131499C5083
S21401EE201A6A0AFA05F4586E0B78A2EB0902E4B2E4
S21401EE30234372450B7025D34FF48073AB400342D6
S21401EE4020D11CF80520002A40D10EB3264AF80727
S21401EE50536607D541F61F7140F201101F4B5967E3
S21401EE6050675967B90706D51C4B1D4A1E491F48EE
S21401EE705A6748675A677A0742BF01221C4B1A61D4
S21401EE803B071AD4404620F0F9F90120BDE8F88F77
S21401EE90184A2D0142F805A042F89C3C20F0F3F9EF
S21401EEA010490B7823EA04030B7020F0E7F940467B
S21401EEB020F0E4F90020BDE8F88F2120FFF778FE66
S21401EEC04FF48032034B4046DA60DCE7064A4046A0
S21401EED05366D8E700C001B80856002000E001B824
S21401EEE000001F1F6165002000D001B8000001016D
S21401EEF0000002B800E101B859650020024B1878FD
S21401EF00003818BF0120704761650020034B1030A0
S21401EF100001185800F00100704700BF00C001B89A
S21401EF2070B50646FEF74CFC044608B1FFF7CEFE68
S21401EF300023084D3046AB61EB612B6200F072F99D
S21401EF40054BC9B2197528620CB1FFF7B1FE002056
S21401EF5070BD00BF00C001B8085600202DE9F04181
S21401EF609DF818800D46B8F1000F08BF0022214E0B
S21401EF70B5F5803FB168074621F4700141F4A00160
S21401EF80B1609DF820409DF81C104FEA042444EA25
S21401EF90016444EA031444EA084444EA02044FF0D4
S21401EFA0180140F2E9222CBF002001207465FCF70D
S21401EFB081FE3564B8F1000F1AD00F4BBC68D3F848
S21401EFC088305A2C38BF5A245B0606D500F0F0FB71
S21401EFD018B10A4BB3FBF0F31C44204600F022F9AB
S21401EFE00130854238BF0022024B34BF5A64586450
S21401EFF0BDE8F08100C001B800C000B800093D00BE
S21401F000214B10B51A6E1A66596C59B11F49C96859
S21401F01000292EDB596D4FF0FF3301F00F018B40B5
S21401F0209A4326D110242020FFF7C2FD184B9C607E
S21401F03002F088FB2022174BC3F8842101F0F4FC70
S21401F04048B1002200200821FEF71CF8124B5C662E
S21401F050A3F580531C670D4AD36803F07063B3F1C0
S21401F060807FF9D9084B0D4A5A6741F201429A67E7
S21401F07010BD01F0D9FC0028F4D0094B064A5366AE
S21401F080A2F580521367EDE700C001B8000002B890
S21401F090001002B800E100E000E001B8011B011811
S21401F0A01000002008B52120FFF782FD4FF48032C2
S21401F0B0014BDA6008BD00BF00C001B8F8B5184DB5
S21401F0C004462B6A1B0426D500F0E6FB2B6AA0FB40
S21401F0D0044613F0787F4FEA9367C3F34450C3F3B3
S21401F0E0044505D140F25A422B21FCF7E3FD0120ED
S21401F0F0AD01B5FBF0F010EB871005D140F25F4291
S21401F1002B21FCF7D7FD012002460023204631467D
S21401F110FBF7F4FBF8BD00F04BFBA0FB0401F9E79D
S21401F12000C000B80246012030B50B4CA0F1200308
S21401F130C0F1200524FA05F504FA03F32B4304FA7B
S21401F14000F595428B4100D330BD0F2801D0013028
S21401F150ECE7FF20F8E700BF40420F0010B50C4671
S21401F160FFF7ACFFC30943EA4163C01A61EBD11153
S21401F170FFF7D8FFFF2814D00F220C4B40F01000E9
S21401F180C3F88820A3F58053C3F88800A3F58053FD
S21401F1901B6ADBB2802B06D02046BDE8104000F08B
S21401F1A067BB212010BD0220FCE700BF00E000B8CD
S21401F1B038B520F075F8084B084A1D6A147D5A6E5A
S21401F1C0E4B2520744BF1D6A013420F064F82846B1
S21401F1D004F0030138BD00BF00C001B80856002086
S21401F1E00346064A103302EB00111B01D1F80C014D
S21401F1F0D158C1F340011BF054BB00BF00C001B899
S21401F200064B1B68434303EB8171054B1B68A3FB4D
S21401F210003013F1004341EB00007047A055002079
S21401F2209C5500200C4A20F04043014610B50020B2
S21401F23014684FF00042E4FB0320084A890F126865
S21401F24002FB0300064B9B6B984204D90133013144
S21401F250C01A01F0030110BDA4550020A8550020D6
S21401F26000C001B8044B01F0F071103041F0030109
S21401F27000011950704700BF00C001B808B5222030
S21401F280FFF796FC4FF48022014BDA6008BD00BF01
S21401F29000C001B808B5064B4FF030401A68054962
S21401F2A09200FCF727F8BDE8084001F0E3B800BF7C
S21401F2B080BC040084BC040070B50C68651C15D0C5
S21401F2C0C4F302669E42C4F3074530D1A4B2944209
S21401F2D02DD804EB8506B24229D2141BA50824F0CA
S21401F2E003040E59340F04D0012C08D00022212427
S21401F2F002E06B1C51F82320C0E9002470BD0E4CBF
S21401F30034F8133042EA03431A686B1C51F8234061
S21401F31001EB83014B6822405E4036F0704404D115
S21401F3201B0F032B04BF8B681A430024E4E7013547
S21401F33001EB8501C1E700BF58BC040007B501A871
S21401F340EBF71CFB4822164B5A65164AD2F8D43006
S21401F35023F4FC33C2F8D430134B1B689DF80530F8
S21401F360023B012B19D84022104BC3F8FC23104B4B
S21401F370D3F85C32DBB2FF2B00D10623094A1B030C
S21401F380D2F8FC139BB20B43C2F8FC33D2F83021FF
S21401F390084B1A6003B05DF804FB00F0E7FEECE7EB
S21401F3A0008001B8000002B8002000B0001002B8CA
S21401F3B00080E00F3C55002000224FF400710F4BF7
S21401F3C010B51A675A679A670D4AD162012102F58C
S21401F3D0E8325161DA6812F0706FFBD14FF03042BB
S21401F3E001245A6602F5FC5208329C66DA64054B23
S21401F3F01B689847044B5C6110BD00BF000002B853
S21401F400004000B8046C0020002002B801230F4A17
S21401F4100F49C2F880328A6A22F002028A620D4AD5
S21401F42053600D4A53600D4A5360A2F58042536003
S21401F430A2F54042536002F5C032536002F58042A5
S21401F4405360A2F500425360704700BF0080005031
S21401F45000C0005000D000B800500054005001B861
S21401F46008B5FFF7D3FF0E4B0E4ADA6700F076FEBB
S21401F470FFF764FF03220C4BC3F8E020012203F5DB
S21401F4804043DA674FF460725A614FF40072DA67EC
S21401F490FEF778FBBDE808400021FEF74FBB00BF32
S21401F4A0000002B80048F000005001B82DE9F04F06
S21401F4B0054687B002900F4657F8044B631C06D1E9
S21401F4C0029B2C60E81A801007B0BDE8F08F5FEA57
S21401F4D0147B18BF0123344AC4F3016108BFC4F387
S21401F4E0074332F81120A4B24FEAC30A2F4844EA70
S21401F4F002440AF104022A4482421BD20722CA406D
S21401F50002F0010201929A0004EB830303930123A4
S21401F510B94603FA0BF808F0940305F108060492BD
S21401F5200593039B09F10409A34208D104995544A4
S21401F5303944C0E71D4A9542E0D80020C4E7059B40
S21401F54053B918F0420F19D118F0280F0BD146F80D
S21401F550084C59F8042C21E04FF420623221002097
S21401F560FCF7A8FBF3E740F6042232210198FCF7EA
S21401F570A1FB04F5805246F8082CEAE740F60D2276
S21401F58032210198FCF796FB04F50052BBF1010FFE
S21401F59046F8082CDDD159F8042CD24346F8042C41
S21401F5A004340836BDE700BF58BC0400003000B084
S21401F5B0F8B50546F0B10026154B34461F461549E9
S21401F5C053F8042BBAB9A00000F13040294600F5E3
S21401F5D00150FFF76BFF30B940F6AE323621BDE879
S21401F5E0F840FCF767BB0C4B0134044447F826503F
S21401F5F023F81640F8BDAA42FCD001360C2E02D0E4
S21401F60031F81640DCE740F6C83236210020E6E73E
S21401F610AC550020FE5D0020005E002070B504465B
S21401F620A8B1C1B1384A52F8043B984215D100231B
S21401F63036498A689206FCD49B00354A03F130436A
S21401F64003F50153C2F8B0302022324B9A6070BDE8
S21401F65001330C2B02D1304D12E0012352F8041B6A
S21401F660A142F5D12D4A32F81330E1E704D16268A0
S21401F670C3E90012083403E0012A01D104341960F9
S21401F6802268531CE3D0C2F3016335F81300110C52
S21401F69093B211F0FE0F43EA004360680DD00434C4
S21401F6A0CAB2022A2168E1D9D4E90160033AC3E962
S21401F6B0001698600C340C33F3E7120F072AD9D8DA
S21401F6C0DFE802F00704090D1013181DC04303F507
S21401F6D000531860CEE71A6842401A60CAE703F57D
S21401F6E08053F6E71BF0D2F8C4E7012203F58053F6
S21401F6F08240F2E7012203F500538240EDE71A68E3
S21401F70030EA0202FBD1B5E7AC550020000002B892
S21401F710001E00B0001002B858BC0400FE5D0020B8
S21401F7200122014BDA677047001002B80122014B33
S21401F730DA677047002002B84022014BDA6770474B
S21401F740002002B84022014BDA677047001002B869
S21401F7500B4B1B68D3F8E43023B11A68022A01D98F
S21401F760186A7047074B9A6D90B238B1064BC2F3D0
S21401F77007421B68DB085343B3FBF0F0704700BF3A
S21401F78024560020004001B898550020064BDB683F
S21401F790C3F30363984206D1044AD36B23F0F00304
S21401F7A043EA0111D1637047000002B8001F00B0A0
S21401F7B0054B1B68D3F8E43013B11A680A2A01D83E
S21401F7C0FFF7C6BF186C7047245600202DE9F74393
S21401F7D006461BF054F800248046DFF890901FF090
S21401F7E052FD0DF1070105460DF10600FEF75AF828
S21401F7F09DF806308BB9721C29D01BF040F8A0EB9F
S21401F800080428461FF03AFD9DF8063013B99DF806
S21401F81007303BB3A642E2D824E0D9F80C3013F403
S21401F820603FE8D0D9F810001BF096F8731C074625
S21401F83003D01BF024F8A0EB080428461FF01EFD99
S21401F84017F5007FE0D0384603B0BDE8F0832846C0
S21401F8501FF014FD9DF80630002BC0D19DF807302F
S21401F860002BBCD1004FEEE700FEFFFF00C000B842
S21401F87010F1800F04D04D28CEBF7F20323040B229
S21401F880FF22044BC0B21A62A3F58053186200200F
S21401F890704700BF00E000B80B4A10B5136E0B4C62
S21401F8A0116E03F00703E35CC1F3CD0101FB0333E3
S21401F8B0126E0748C2F3454202FB0333006880011B
S21401F8C0B0FBF3F010BD00BF004001B850BC04000F
S21401F8D098550020084910B5D1F89C3040B11C4617
S21401F8E0CA68D1F89C309C42F9D1C2F30362027017
S21401F8F003F00F0010BD00BF000002B8094B01F075
S21401F90080011B6F03F480030B4309D14FF40012EF
S21401F910054B1A62837F1BB10122044BC3F80021F9
S21401F920704700BF000002B8006001B8005001B87F
S21401F9302DE9F04F404F804685B038680C461AF0E6
S21401F940A5FC20B90024204605B0BDE8F08F22466C
S21401F95000214046FBF73EFB384B5D6915F001057B
S21401F960F0D1FCF701F806460028EBD03F68384690
S21401F9701AF0C4FB4FF6FF73984234D04FF0605133
S21401F9802F4E304B304AD3F82090D6F88C30116287
S21401F9904FF00061A2F58052116224220421C6F8BC
S21401F9A08C202A4A4FF4804B91604FF480520027F6
S21401F9B0DFF8A4A0CAF868B0F262A7421ED30421F9
S21401F9C0234A9160A2F5F032C2F88C304FF06052B3
S21401F9D01D4B1A6209EA02031E4A13624FF4804263
S21401F9E01D4B9A66AFE7314638461AF02BFB0146A7
S21401F9F03846FCF7FDF80028C0D0A3E7B26E5104E4
S21401FA00FCD5B268D205F9D5CAF868B0D6F8902008
S21401FA100135012D0392D0D9E21B042AA8BF042286
S21401FA2008EB070003A901930092FBF763FC009A19
S21401FA30019B3A4497B2C0E724560020000002B862
S21401FA40004000B8004001B8006001B8001002B8DC
S21401FA50002002B8005001B8006000B84FF604015B
S21401FA604FF60502044B01201B6C9BB28B4208BF6C
S21401FA701346024A136670470080E00F00C001B8C3
S21401FA802DE9F74F81460F464FF0FF35FFF790FB04
S21401FA90002601908A462C463046DFF8D8B006F19B
S21401FAA010031B015BF8033003F00308B8F1010FE4
S21401FAB015D13046FFF794FB02460B460198514696
S21401FAC0FFF716F9DBF8643006F10802D340DB07CE
S21401FAD039D5002F40D000252C463E6040460136E1
S21401FAE0082EDCD160B3234A0027D2F808C0916BF8
S21401FAF00CF440330131A4FB0141641941F10001CA
S21401FB00B3F5003F30D1536B0CF4405C013347F141
S21401FB100006BCF5805F22D1156B15F5807505FBD7
S21401FB2006F647F1000203FB0266A5FB03323244E8
S21401FB30594304FB0212A3FB04341444C9E90034FC
S21401FB4003B0BDE8F08FA84271EB0403C6D207B13B
S21401FB503E6005460C46C1E73D463C46BEE73202DE
S21401FB6042EA13621B02E3E7136B13F5807347F156
S21401FB700002DDE700C001B808B51AF001FF044B2A
S21401FB805A7C012302329340024A536108BD00BFEA
S21401FB9008560020002000582DE9F34105460F467F
S21401FBA068461146FFF76CFF0646B0B1AFB1DDE916
S21401FBB000321B0A43EA0263A5FB0384094B120ABF
S21401FBC005FB02441A6812B91AF0C4FE0246002365
S21401FBD040462146FAF792FE3860304602B0BDE84C
S21401FBE0F08100BF9855002037B50446FFF70EFC9C
S21401FBF0E17822791B4841EA0243C0F8CC34E57922
S21401FC00A37943EA0543C0F8D03423784BB18DF885
S21401FC10041004218DF805200DEB01000022E8F701
S21401FC206DF863785BB10421A37900228DF8043066
S21401FC30E3790DEB01008DF80530E8F75FF82278DF
S21401FC4001235AB1084AC2F8C834627802233AB18D
S21401FC50054A0020C2F8C83403B030BD034AF2E7B3
S21401FC60024AF6E700C0035000D0035000E00350FC
S21401FC7070B52C4B0C461A7812B92B4A926D1A7035
S21401FC802A4AD26F52054AD51D78294B05F00F0630
S21401FC90B0FBF3F040434FEA151505D140F27C6204
S21401FCA02B21FCF707F80120224A0A217243B2FBF6
S21401FCB0F0F34843B3FBF1F602EB5002B2FBF0F26D
S21401FCC001FB1633042BD2B207D8C3EB8310C3EB68
S21401FCD080035BB283B96DB217E0C3F10B0303EB8C
S21401FCE08303DBB2B3FBF1F32B44DDB20F2DF2D964
S21401FCF0013AD2B2053DEEE7053B5BB293FBF1F369
S21401FD001D44EBB26DB2002D04DB002042EA051261
S21401FD10226070BD01320533D2B25DB2F5E7022032
S21401FD20F7E700BF62650020008001B8000002B856
S21401FD30403B2500809698004FF0000C2DE9F84FC7
S21401FD40A2FB017BC84EDFF85CE3BE1999466BF156
S21401FD500003B6457CEB030308D240F23E220E2197
S21401FD606046FBF7A7FF0220BDE8F88FD0F8E4A0B5
S21401FD700C461546BAF1000F04D0DAF80030032B12
S21401FD8000F21B81B94BBA4A9B6BD2F8FCA0C3F3B5
S21401FD901408B84BD3F8EC305E00B64B48BF48F4B5
S21401FDA000181B6E48EA456858074EBF4FF44003DB
S21401FDB09B0503F0E07348EA03081DF03DFB012DA7
S21401FDC00646D0D10028CED0AB4B984200F0048135
S21401FDD003F5122303F5F863984200F00381A74B5D
S21401FDE0984200F02F81002502462B4600204FF056
S21401FDF00071FAF783FD2B46013007FB03F3C8F3C6
S21401FE00130100FB0B33A1FB0662A7FB007001FB8D
S21401FE100522034420339B09C9F80030F60C984BA1
S21401FE2046EA423618F4801F1C6008BF7642954B9E
S21401FE30954DC9F8144034441E602C60BAF1000F89
S21401FE4000F0B98000239149C8F381528A5C1946B3
S21401FE5018F0807F18BF6408002EB8BF764292065D
S21401FE606008C2FB06012246FAF748FDDAF80030C0
S21401FE700E2B08D97F4B7D4A926BD969D3F80C318A
S21401FE80C90600F1D68018F4001814BFC42240F247
S21401FE9007127F49C0F31300A1FB04614FEA511119
S21401FEA002FB01F1C9F80400DAF818004FF4FA73FE
S21401FEB0B1FBF0F118BF4FF0000801FB03F3A4FB00
S21401FEC00262FA33A3FB003004FB0822B3429041DE
S21401FED038BF0131C9B241F4006CC9F808C0002925
S21401FEE07ED0DAF81C00A1FB003624B1B4FA84F205
S21401FEF00E2A40F38880E203002E77D1B2FBF3F29C
S21401FF00530003FB0113A3FB00764FEA044EBE45E4
S21401FF104FEA144474EB060609D34E003344A0FBA3
S21401FF200371BE4574EB010102F10102F6D2C2F380
S21401FF300E024CEA023C4CF00063C9F808301DF092
S21401FF407BFA2B68002B00F08880B3FA83F4D4F197
S21401FF5002044CBF1C4623FA04F44E4B9C4288BF55
S21401FF606408002846D0B4FBF0F3642100FB13427A
S21401FF7001FB02F2904244D85A1E52085B08013B2C
S21401FF80120242EA0313C9F80C301DF021FA0028C8
S21401FF905CD0B4FBF0F2642100FB124401FB04F4D4
S21401FFA0A0425ED8531E5B085208013A1B0243EA80
S21401FFB00213C9F810300020D6E6042BDAF82880A0
S21401FFC07FF4FBAE18F0807F0CBF08F0E0734FF4AF
S21401FFD0400328F0E078EEE600232F481D460CE7A4
S21401FFE02120C1E600232D481D4606E70B460022C8
S21401FFF089E7044640F2C2422B210020FBF75AFE55
S2140200002346013BB8E7C2F10F0702F1110E06FACA
S2140200100EFEFB4043EA0E03A7F1200E26FA0EFE62
S21402002043EA0E03FE40013304FA02F246F10006EA
S21402003062E702F4801203F400131A4308BFC0F505
S214020040801020E7002316481D46D6E640F2E54219
S2140200502B21FBF72FFE621EA4E70028C9D01C4600
S214020060CFE71446F7E700BF006CCA88008001B8E5
S214020070001F00B0004001B800F04902005A6202B8
S214020080E4550020E0550020DC55002068BC040042
S214020090D34D62103FBE40250A3BB2DF313641DC0B
S2140200A0D694BFD6807C814A10B50B46044686B0ED
S2140200B039B98279016821486B460068FFF73CFE31
S2140200C06B461F4A196851631E4AD2F8FC2062B377
S2140200D05A6842B11C4A1D49C2F80C115968A2F569
S2140200E08052C2F80C119A6842B1174A1849C2F8EF
S2140200F0EC109968A2F58052C2F8EC101549D8683F
S214020100D1F8642122F4EE620243C1F86421D1F8E8
S2140201105C21186922F4EE620243C1F85C21A1F563
S214020120FF4158692839FFF7A3FD0020A2880A4B31
S2140201309A6203F5A033186406B010BD2456002058
S214020140008001B8001F00B0006001B8FFFF0F007A
S214020150FFF8FF0F000002B8004000B84FF48062BC
S214020160014BDA67704700BF001002B84FF4806296
S214020170034BDA67034B1B780BB1034A9365704750
S214020180002002B862650020008001B840B1036812
S214020190012B05D90069034B002808BF1846704793
S2140201A00048704770BC040010B590B10468012C7A
S2140201B00FD902696AB11168094B102C196051688F
S2140201C05960916888BFD268996094BFD960DA6036
S2140201D010BD102200210248FAF7FCFEF8E700BF25
S2140201E0EC550020084BC1171A68A2FB000302FB5D
S2140201F0013310F1807043F10003400E40EAC31051
S214020200803820EAE0707047FC5500200722164B23
S21402021070B5DA66154B164A1D68164BEC08E005F3
S214020220C0184FEA153141F100010023FAF766FBC8
S214020230114B124E18604EF66020FFF7D3FF404275
S214020240C6F884000E48FEF7EDFF024658B1E301F9
S214020250500818184FEA15714FF0000341F10001DB
S214020260FAF74CFBF06570BD000002B89855002006
S21402027065CD1D00B2E60E00FC550020001F00B042
S21402028040420F0010B5044698B10B4BD3F8FC0061
S214020290FFF78AFF4FF47A7303FB04F0074BA0F6CE
S2140202A0AC50DA689B681044C01ABDE81040FFF7ED
S2140202B099BF4EF66020F8E7001F00B0EC5500200C
S2140202C02DE9F8430546084614461E46FFF76CFF1E
S2140202D00DB306F0020716F004061ED1DFB14FF486
S2140202E07A706B685843002B40F08C80FFF77AFFD9
S2140202F060626B69002B00F08C804B4AD0684FF42A
S2140203007A7202FB0300A0F503501038FFF76AFF6B
S2140203102062002E57D1BDE8F8832869002868D0ED
S2140203204FF47A735843404BA0F6AC509B68C01A01
S214020330FFF758FFE061A88B00285DD04FF47A7370
S2140203405843394BA0F6AC509B68C01AFFF74AFFD9
S2140203502061364BE968D3F8008000294FD04FF46D
S2140203607A735943304BA1F6AC519A685B68891A86
S214020370C91A2F4BC8171A68DFF8BC90A2FB0113E4
S21402038002FB003311F1807143F10003490E41EA8A
S214020390C3118039274B6161DB6EA361D9F8003047
S2140203A053B140461AF06CF930B12246D9F8003003
S2140203B01D49D8F8D80098470021A869FFF762FFC0
S2140203C0A062002F8BD1A86830BB47F23050FFF7EF
S2140203D009FFA0604FF47A702B6858432BB1124B7A
S2140203E01B6803F51C5310331844FFF7FBFEE0604E
S2140203F091E74EF660209BE74EF66020A6E74EF6A3
S2140204006021B6E7084B1B6803F51C5310331844EB
S2140204106CE747F2305079E74FF47A735843A0F509
S21402042003501038D3E700BFEC55002024560020B6
S214020430FC550020001F00B0E855002038B50546E0
S21402044008461C461AF03EFA0246D5F8E400FFF7C4
S2140204509DFE4368A018002B044AA8BF4FF4FA7208
S2140204601A44034B92FBF3F2104438BD0CFEFFFF16
S21402047018FCFFFF70B5124C88B001AD0FCC0FC54B
S21402048094E8070085E807008C2200210D48FAF759
S214020490A1FDD42200210C48FAF79CFD0B4B0C4A16
S2140204A05A6301F04DFA0B4B1B783BB1044E01AD7B
S2140204B00FCD0FC695E8070084E8070008B070BDA8
S2140204C0C41F00B0A01E00B02C1F00B0001F00B05A
S2140204D0101111115565002008B51EF0D4FE0E4B02
S2140204E01A78A2B90D4A126812F4843F0FD10C4A48
S2140204F01021D1671B7863B9084B1B68DB0508D44B
S214020500074B2022DA67BDE808401EF0B7BE054A50
S214020510EEE7044BF5E700BF6865002048160020AA
S214020520002002B8001002B80A4B197801F0FF0248
S21402053029B10021197008499202C1F8B4205978ED
S21402054001F0FF0229B1002159709302024AC2F853
S214020550B830704763650020005000B8064BD3F8E9
S214020560D80E064B5B6F1A0103D4054B9B6E1B0419
S21402057001D500F580707047001000B0000002B888
S214020580004000B810B51EF07EFE0E210446032081
S214020590FFF7FCF840F20122034B2046BDE810406C
S2140205A0DA621EF06BBE00BF004000B808B51EF04F
S2140205B06AFE4FF00042224BC3F88020BFF34F8FF3
S2140205C0BFF36F8F0122C3F88420BFF34F8FBFF3B0
S2140205D06F8F0222C3F88420BFF34F8FBFF36F8F53
S2140205E00422C3F88420BFF34F8FBFF36F8F082215
S2140205F0C3F88420BFF34F8FBFF36F8F1022C3F868
S2140206008420BFF34F8FBFF36F8F2022C3F884205E
S214020610BFF34F8FBFF36F8F4022C3F88420BFF320
S2140206204F8FBFF36F8F4FF48072C3F88420BFF3EF
S2140206304F8FBFF36F8FBDE808401EF01FBE00BF8E
S21402064000E100E008B51EF01EFE4FF00042094B26
S2140206501A6001225A6004225A6008225A60102246
S2140206605A6020225A6040225A60BDE808401EF0B6
S21402067005BE00BF00E100E0012370B5074C237001
S214020680074B1E68074B3240D3E9005319402840F7
S214020690FCF7F8FC0023237070BD00BF66650020DF
S2140206A004560020481600200022044B1A70044B01
S2140206B0197811B11A70FFF70FBF704767650020EF
S2140206C0686500202DE9F047DDF820A003EA01085E
S2140206D0099B06460C4602EA000703EA0A09BAF133
S2140206E0000F40F04E81031F0B4300F00E810528D9
S2140206F071F1000380F0E48050EA010300F06081AB
S214020700431E0B4300F02481FFF750FFAD4AD2E9A7
S214020710005323EA040325EA06053D4343EA080795
S214020720A94BC2E900571E68DFF8F48226EA0A06D9
S21402073046EA09061E60FFF7CFFE15F02A4F14BFE1
S21402074048F202034FF40043A04AB007D26EA04814
S21402075048BF43F4005383EA020122EA0302C26658
S2140207609C4A0B408166D366C5F380421203290376
S21402077048BF42F48072EB0648BF42F40052964BE2
S214020780AC0648BF42F400726806D3F80C3248BF83
S21402079042F48062290648BF42F400628F4882EA29
S2140207A0030123EA0203C0F80C328D4B0A40C7F35A
S2140207B04024A404C0F80812C3F80C22EA0448BF76
S2140207C044F48034AB0348BF44F48014A80748BFFF
S2140207D044F4800415F4001F06D0D8F800001AF07E
S2140207E0A5F908B944F40024E90248BF44F40034E9
S2140207F0FA0648BF44F4000473077A4B48BF44F035
S21402080004041A6A44F4001484EA020323F001037F
S21402081075491A400A621C40CB61744B16F0010FF0
S2140208201C62734B734A18BF1A46734B7C071B6FC6
S21402083048BF42F00062714882EA030123EA0203DB
S21402084003676F4B0A4041661A676E4A05F001035A
S214020850516CA0F5803081EA030221EA030141646B
S21402086082631A40684B28025A64D8F8002048BFB0
S214020870664B92F8F62058BF654B690748BF43F4AB
S214020880806322B115F4C06F18BF43F48073320739
S214020890604A48BF43F00043D2F8EC105E4883EA51
S2140208A0010222F4A0221140C0F8EC101340C0F856
S2140208B0E0205A4ABDE8F047C2F8EC30FFF7C2BE65
S2140208C0A0F580630B4306D020F48063A3F5007383
S2140208D00B437FF419AF1EF0D6FC3A49D1E9003239
S2140208E023EA060322EA040242EA08023B43C1E97B
S2140208F000324B4A126892F8F610474A09B313F4CC
S214020900C06F1ED04FF4807311E01EF0BCFC2D4A5F
S214020910D2E9003123F004033B4341EA080157EAD7
S2140209200807C2E900314FF480633B4A0BD0C2F895
S214020930E030A2F58052C2F8EC30BDE8F0471EF077
S2140209409DBC4FF48073C2F8EC30C2F8E030F4E796
S2140209501EF099FC1B4AD2E9003123F001033B4307
S21402096041EA0801C2E9003101232E4A57EA080784
S2140209701BBF9363A2F580525364536408BF93630C
S214020980DBE750EA01037FF4BFAEBAF1010F7FF452
S214020990BBAE1EF078FC0C4A136823F0010343EA50
S2140209A0090313604FF48063144AB9F1000F04D0B0
S2140209B05366A2F580521367BFE713675366BCE718
S2140209C0BDE8F0874816002004560020004000B814
S2140209D0006000B8005000B8004001B8006001B8DE
S2140209E0005001B8000002B8002002B8001002B899
S2140209F0041C00030418000300C001B800E001B89C
S214020A0000D001B800C000B800D000B80D0A0A092C
S214020A10090A0A09004000540060005400500054BD
S214020A202456002000E000B8024B5868C0F3C0000D
S214020A30704700BF48160020024B186800F00100FD
S214020A40704700BF48160020024B5868C0F3C030FB
S214020A50704700BF4816002010B50446FEF700FD9A
S214020A60FFF7A4FD2046FDF7BDF8FEF7A5FCFEF74E
S214020A70ABF8FEF71DF9FFF7C9FB13490723134A24
S214020A80D1F8FC1004F1F800FFF71AFC4FF0807161
S214020A900020FEF7E7FB4FF000720D4B4FF40011FB
S214020AA00120C3F80021FEF7DDFBFEF7D7FF20B9D1
S214020AB040F292321421FBF7FDF819F06AFFBDE806
S214020AC010400120FDF766BF001F00B0581F00B09F
S214020AD000D001B88023074A1367082340B1136782
S214020AE0054AD2F8A03023F02003C2F8A03070479F
S214020AF0024AF4E7001002B8001E00B0002002B856
S214020B0010B51EF0C0FB012104460020FFF7E2FFED
S214020B10044B1961044B5B6898472046BDE81040B9
S214020B201EF0ACBB000002B8F06B0020F8B5194C02
S214020B300546207840F2E442B0FA80F03E214009B1
S214020B40FBF7B8F855B9607840F2E442BDE8F840E1
S214020B50B0FA80F03E214009FBF7ACB84FF440668D
S214020B600D4F0E4DD7F8B43040F2E442C3F3812362
S214020B702370C5F8B46060783E21B0FA80F0400970
S214020B80FBF798F8D7F8B830C3F381236370C5F83B
S214020B90B860F8BD63650020004000B8006000B889
S214020BA0F8B5084C084D236F0423084F2B67236FB4
S214020BB05B0300D4F8BD042602203E6719F066FEE9
S214020BC02E67F4E7000002B8001002B8002002B850
S214020BD0A82238B51A4B1D6F03F500531A67102268
S214020BE09A60A3F5804302F100521A675A66FFF72D
S214020BF09BFC144B1B7813B90320FEF78BF80024DA
S214020C00114B9C67FFF7CCFF104A114BD2F8D81E47
S214020C100B40C2F8D83E04220E4B1A670E4BAA06A9
S214020C20C3F8AC4008D503F58073DB6CB3F5817F5F
S214020C3022BF8022024B1A61BDE83840FCF7C2BBD5
S214020C40000002B86565002000C001B8001000B0C0
S214020C50DF0000FF002002B8001E00B010B549B940
S214020C6030B3164AD3681B0E13F00E0F20D19368CA
S214020C709A061DD4FFF786FC104C0020FEF72AFECB
S214020C80032801D0092805D1636FDB03F5D4E36D91
S214020C900C2BF2D9FFF784FF4FF40072084BDA628E
S214020CA0012203F5E8335A61042203F580531A67DA
S214020CB04FF4C062034BDA6210BD00BF000002B8F8
S214020CC0004000B8006001B808B503210920FEF70D
S214020CD05DFD2022014B1A6108BD00BF000002B86C
S214020CE038B505461EF0CFFA0E4B04461868FDF7D7
S214020CF045F835B1FFF7D8FC2046BDE838401EF06F
S214020D00BDBA094B1B78002BF6D0084B1D78002D78
S214020D10F2D1FFF7C9FC2A464FF480400021FFF7C4
S214020D20ABFCE9E7245600206765002066650020D4
S214020D302DE9F84F5C4B06460D4614461B6F002AFB
S214020D4040F0AE8013F0A00F14BF4FF001094FF031
S214020D500009FCF737FBA0234FF0000ADFF8688192
S214020D600320C8F87030FDF7D5FF0420FDF7D2FF48
S214020D704E4FFFF799FC4E4B4FF0040B7B67C7F8BC
S214020D8078A0FFF70DFF4B4B4FF48071D3F8A020ED
S214020D90494842F02002C3F8A020FF22C8F80820E3
S214020DA0414A1161D0F8D82E44491140C0F8D81EE5
S214020DB0C8F870B0C3F8ACA07B6913F0060F04D075
S214020DC0FEF75CFA5846FDF7A5FFB9F1000F08D00A
S214020DD04FF400623A4B1A674FF40042A3F5E03331
S214020DE09A6666B1374BDB6C180701D4FFF7CAFB6D
S214020DF0FFF76AFF0420FDF78DFFFFF795FB2A4BEE
S214020E005A69D10747D5DA6812F0706FFBD12E4BBC
S214020E102E4A1A672E4AD36B23F0F003D36315B11A
S214020E202046FFF75DFF2B4BD3F84C315A1C01D0FE
S214020E305B0002D50122244B5A6164B3214BDA6E61
S214020E4003F500539A6603F5D0331B6A1E4A23F055
S214020E500103D361204BD3F80C1203F50053C3F8F9
S214020E60081203F50053D3F8841003F5005399676C
S214020E701A4BD3F8EC1003F50053C3F8E010184BE6
S214020E80596C03F500539963164903F58033596686
S214020E904FF6084313670020BDE8F84FFCF736BD4F
S214020EA04FF0000955E700BF000002B800C001B8C5
S214020EB000000101001E00B0001000B0DF0000FFBD
S214020EC0001002B8004000B8002002B8100030003F
S214020ED0001F00B00080E00F004001B80040005440
S214020EE000C000B85000002F9B4B2DE9F04F9F6EBC
S214020EF0DB6E85B01F40994B9F66994BD3F8E05046
S214020F00D3F8EC301D40974BC3F8E050964BD3F81D
S214020F100822D3F80C3202EA0309944BC3F808926B
S214020F2003F52043DA691B6A02EA0308904B08F4C9
S214020F307702DA618F4BD3F80422D20605D4D3F8AF
S214020F400431C3F30016DB0651D51EF09CF98A4B1A
S214020F505A695E6E1B6F12F0060F06EA0306874A90
S214020F6026F0007314BF4FF0010A4FF0000A23F474
S214020F7000637407536604D5814A137D0133DBB2DE
S214020F8013751EF07BF9002F00F0E28017F4004381
S214020F9000F0D3801EF077F90146FFF7DFFA044629
S214020FA0784BD3F800B0DBF80020DBF800309A422A
S214020FB0FBD0DBF800209A42FBD0FFF7CFFAA04224
S214020FC017D108461EF05AF96F4B1C606F4BD3F8C8
S214020FD070B01BF4E0520ED124F07F4424F0DF04FC
S214020FE00CB9FFF7F5FD4FF0807B002414E0B24603
S214020FF0C9E70446D7E70192FFF7EAFD5C4B019A80
S2140210001BF480541A6740F09A801BF4806F0CBF62
S2140210104FF0805B4FF0806BB80715D55B4A54489B
S214021020126F02F460410167002900F08B80110400
S21402103000F18B8012F4005F0CBF4FF000524FF0AD
S214021040006200244BEA020BC7F340377F00504A87
S2140210502A40002A4AD015F4206F0AD040F6A3127E
S21402106006210020FAF726FE0020FFF739FE25F4B7
S2140210708025EB0506D5FF213D4A4BF4C06B9160F7
S214021080FFF780FA15F0090F0AD040F6B8120821C9
S2140210900020FAF70FFEFFF717FE0121304A116310
S2140210A015F0106F0CD040F6C11209210020FAF795
S2140210B001FEFFF709FE002211461046FCF736FE37
S2140210C015F4202F0AD040F6C91207210020FAF79D
S2140210D0F1FD0020FFF704FE25F48025E80301D584
S2140210E0FCF768FF002DB8BF47F0080769070DD563
S2140210F01B4AD26A12F4005F4FF4005217BF194916
S2140211002449CA624BF4000B08BFCA626A0548BF8C
S2140211104BF0040B15F48023019300F0A480FCF737
S21402112001FF0138062837D8DFE810F028012B0126
S21402113028012E013101340134019B4655E74FF058
S214021140804B52E74FF000727BE74FF0004278E7A1
S214021150BB463C467BE700BF004000B8006000B8D4
S2140211600040005400600054004001B8006001B81E
S214021170002002B800E100E000C001B800E001B8BB
S2140211800856002004BC040000560020000002B8E6
S214021190090B0B890050005440F6FA120321002076
S2140211A0FAF788FD01218548826ED0F8883002F071
S2140211B00702063201FA02F2C3F30C0CA2EB0C028F
S2140211C092B2072A12D97E4A126F53020ED47D4B70
S2140211D0826B806D5B6D5BB102F007020632914056
S2140211E0C0F30C00091A89B2072901D84BF4007B18
S2140211F0754A1278002A36D0704AD2F8E02012F4E5
S214021200A02F30D1714A724912789AB9F20411D4D9
S2140212100A787AB14FEADB026E4842EA447282F0FA
S2140212200102D0F8D80E02F00102520020FA02F2B1
S214021230930718D10420FDF76DFD674A674850678B
S214021240FFF732FA62490A784AB9654A127832B129
S214021250644A654912680BEA02020A4201D14BF45B
S214021260804B26F48056B9F1000F1DD019F4805F2A
S21402127018BF4BF4802B19F4807F18BF4BF4002B59
S21402128019F4005F18BF4BF0100B19F4007F18BF5B
S2140212904BF0200B19F4806F18BF4BF0400B19F47B
S2140212A0006F18BF4BF0800BB8F1000F48D018F44F
S2140212B0001F0AD04D4A13683BB1414A4C48116F91
S2140212C000680022C1F3C061984718F4802F18BF47
S2140212D044F4007418F4803F18BF4BF4805B18F493
S2140212E0801F18BF4BF4003B18F4800F18BF4BF05A
S2140212F0020B18F4003F18BF4BF4801B18F4000FC3
S21402130018BF44F0100418F4002F19D0394AD2F846
S214021310A02012F0C00F13D02949CA68C2F3036294
S214021320032A01D0072A05D14A6FD00602D48A6F53
S214021330120732D54FF400212F4A28F40028D16133
S214021340002E00F01B81330540F18F802B48DFF81A
S2140213508890C2782A49002A58D04FF40063013A8E
S214021360D2B24B66C27032B9264A1278C2B140F681
S2140213700141254A51670022002173E04BF4803B6D
S21402138010E74BF4006B0DE74BF4806B0AE74BF467
S214021390807B07E74BF0080B04E74BF4001BCFE714
S2140213A0D9F8782012F4A05F15BF4FF4807240F689
S2140213B00142C9F85820C9F87820DCE700400054FA
S2140213C0000002B8004000B868650020676500208B
S2140213D06A650020001000B000C001B800000101DC
S2140213E06965002048160020088D01003855002047
S2140213F024560020001E00B0002002B859650020C6
S21402140000E001B86565002000D001B80320FDF7B2
S21402141081FCD9F81420A84B12F0060F04BF41F63F
S2140214201F72A649A64808BF4A674FF40061A34A3E
S2140214305166D9F8142012F0060208BFC9F87820BF
S2140214405A8A12F4006162D022F400625A8202784A
S21402145002F0FF09002A5ED1FDF710FFFFF7B8FB86
S2140214604A4620214BEA020B0C43B00009D52E2037
S214021470FDF79EFB4FF00051904A44F008041167B6
S2140214805166F10606D52B20FDF792FB10218B4AFA
S2140214901167516616F0306F05D1F20463D5BAF1C2
S2140214A0000F00F0C080330117D52920FDF780FB1E
S2140214B0844A526C12B11021834A9160FFF7B4FA43
S2140214C048B1824A82487D494A66026700F5405022
S2140214D0C068400422D444F0040416F0007A28D0EF
S2140214E00420FDF717FC2720FDF762FBFFF770FBD1
S2140214F04FF00071714A5166764AD2F8D82E5206DB
S21402150079D40221704A916044F0020428E00278FD
S2140215104FF40052A6E74FF400422DE70A67202058
S2140215204A66FDF745FB2D2044F00C04FDF740FB10
S214021530D3E716F0807FDFF88C9147D00420FDF7C2
S214021540E9FB2820FDF734FBD9F87820002A3AD1A7
S214021550FFF73EFB594A5D4944F0010411675166A4
S2140215600021584A9165720508D55B498A78002A97
S21402157000F0D880013A8A7000221743574AD2F800
S214021580A020130603D558462146FCF7C7F93A466B
S21402159058462146FFF770F8019B0BB1FCF7F8FCA2
S2140215A001224F4B05F00435C3F8E0504D4B18F4BA
S2140215B0002FC3F884211EBF4FF40022424BDA618B
S2140215C005B0BDE8F08FC9F878A0C3E7F104C7D527
S2140215D00420FDF79FFB444AC9F87420FDF74EFE2F
S2140215E0D9F8642012F0407FBAD12A20FDF7E0FA3B
S2140215F0FFF7EEFA80E7394AD2F8A0108B0683D4BA
S21402160002203A4988603A49096891F82510C807C5
S2140216107FF57AAF92F8C420002A3FF475AF802196
S214021620344A116170E7344A1268013202D04BF034
S214021630010B98E728490A7952B1013AD2B20A71E7
S21402164012B9234A2D49516700224BEA020B8AE758
S2140216500420FDF75FFB0320FDF75CFB194A2249D5
S21402166051671DF010FE81460DF10F00FEF732F9AC
S214021670234A824612780AB1FEF784FFBAF1030FB4
S2140216800ED1DFF870A00020FEF724F9032807D158
S214021690DAF87420D103F6D4DAF85C200C2AF2D9F0
S2140216A09DF80F20032A2FD10121164A48461170B1
S2140216B01DF0E4FDC8E700BF0856002000E001B8B0
S2140216C06565002000C001B8002002B810000020A6
S2140216D000D001B8001000B059650020001E00B00E
S2140216E00060005400E100E000000101001002B8B2
S2140216F024560020000002B8F86B00200000010DFE
S2140217006B65002067650020094AD2F8E02012F4D3
S214021710A02FC9D1FEF7C8FF48461DF0AFFD4FF413
S214021720804292E70220FDF7F5FA012225E700BF84
S214021730004000540122024B1A62DA61704700BF71
S214021740002002B80D4B10B5DC691A6A14400C4A28
S21402175024F47F01D161E20706D5D9684FF0FF3045
S214021760C1F3036119F01FF9630706D5BDE81040FF
S214021770042200200021FEF77FBF10BD000002B841
S214021780002002B80C4A08B5936B526C13400B4A01
S2140217909363DB070FD50A4B40F663421878122193
S2140217A000F00100FAF786FABDE8084000220120A0
S2140217B00021FEF761BF08BD00C000B800E000B817
S2140217C048160020054AD2F88430DB07FBD4936F14
S2140217D0D2F884201340024A93677047008001B80B
S2140217E000A001B870B514460D461DF04CFD064B20
S2140217F0D3F8A06074402C407440C3F8A0401DF09B
S2140218003DFD06EA050070BD001E00B0034BD3F88E
S214021810A03099430CBF012000207047001E00B084
S2140218202DE9F04117460A43012A1D469DF8184045
S2140218309DF81C60DDF8208029D8B44227D2082EF5
S21402184025D8032B23D8B8F1000F20D00A46002152
S214021850FBF71CFDFF21EB009940C943DFF834C0BB
S21402186008F1FF38FF00E2B2964202D80020BDE837
S214021870F0813D190CEB8505D5F8E02018F8010F2C
S2140218800A4098401043C5F8E0000134EBE72120F7
S214021890EDE700BF001E00B0034B1868034B00289C
S2140218A008BF1846704700BF2056002054DD0400CB
S2140218B02DE9F843DFF860900646D9F8008008461E
S2140218C01746B8F1000F03D00E242046BDE8F88371
S2140218D006B3336801331DD1E1B1FAF70DF80546B8
S2140218E00028F1D0C9F80000FAF72CF8284618F0BC
S2140218F06EFB044640B14046C9F80080FAF722F86B
S214021900284618F05FFBE0E73560002FDDD028465A
S214021910B847DAE72124D8E724560020024B186895
S214021920003818BF0120704724560020002108B551
S214021930024B08465B689847002008BDF06B002003
S2140219400523064AA2F84A3092F8493003F001030A
S21402195063F0730382F84930704700BF001F00B07F
S2140219600023F0B585B0CDE901330393124B134D36
S2140219701B78134E8DF804301DF092FC2A783378CB
S21402198004469A420F4F0CD03178386801AA297063
S21402199019F03EF850B140F608210B481DF075FDCF
S2140219A004E0386819F014F80128EDD020461DF03E
S2140219B072FC05B0F0BD00BF1B6F0020526F002006
S2140219C0536F002040560020F4910400F8B52B4BCC
S2140219D01B7823B140F6FC3129481DF056FD1DF058
S2140219E05FFC284B07461C8814F0060409D0012128
S2140219F04FF480701CF008FC3846BDE8F8401DF035
S214021A004ABC21464FF480701CF0FEFB204600F0D4
S214021A10ABFF022808D180221B4B8021186818F0E1
S214021A20A0FBFFF79DFFE7E7204600F09DFF054677
S214021A3038B1012807D040F6314111481DF025FD86
S214021A40DAE70246E8E7FF220F4E104B30681A70BC
S214021A50FFF76CFF306818F0BBFF0128CCD02A468F
S214021A602946306818F0B6FF21462C201CF0F8FBF9
S214021A7021460A201CF0F4FBBEE700BF7165002079
S214021A80F49104001A5E002040560020526F002097
S214021A90002101481DF0FEB9706C00207F2837B582
S214021AA0044610D14FF6FF73022217480DF10601C5
S214021AB0ADF80630EBF722F9BDF80640E2054CBF5A
S214021AC06FF04A0464B21DF0EBFB104B05461C7027
S214021AD00F4B1B88DB0710D50E4B1B78002B0E4BCB
S214021AE00CBF21466FF07F01186818F05FFB20B12B
S214021AF040F6786109481DF0C8FC284603B0BDE8E8
S214021B0030401DF0C8BB00BF641002C04A6F002000
S214021B101A5E00207265002040560020F4910400F0
S214021B2010B513F039FF60B113F038FF0B4A80B1DD
S214021B3041F20D03BDE8104041F20D0107481CF0CA
S214021B40B5BC074B1A781B799A4204D100220023AF
S214021B50F0E70D23EEE7034AF9E700BF400D030066
S214021B601B6F0020488D0100F8B5164E0D463378DF
S214021B7002F0010423B140F2C53113481DF085FC82
S214021B80124B134F1D60134DA4B1134B997801B13C
S214021B90012120201CF038FB2B783B700F4B1C7861
S214021BA00F4B00211C70042333700E48BDE8F8402A
S214021BB01DF070B9214620201CF026FB2B783B70C6
S214021BC0EEE700BF71650020F49104003056002055
S214021BD06E650020546F0020345600206F6500208A
S214021BE070650020706C00202DE9F8431DF058FB4C
S214021BF0DFF8A0810546B8F80030614C13F4807F08
S214021C0003D0237873BBFFF7E1FE002108461CF0E1
S214021C1027FB5C4B1A78FF2A13D01A7802F0FF06CD
S214021C2032BBFF221A702378052B0AD100232846DE
S214021C3023701DF030FB304618F07AFF1DF030FBA3
S214021C4005462378504E062B09D13378FF2B06D053
S214021C503378022B15D100214C481DF01BF9FF23C7
S214021C6033702BE000214FF480701CF0CDFACCE7E5
S214021C701A78012A4FF0FF0214BF33264C261A7038
S214021C80D4E7337813B13378012B22D11CF05CFBF6
S214021C9007463E4896F8009001F0DCFBFF235FFA09
S214021CA089F9337077B1B9F1010F44D1642137480D
S214021CB084F800901DF0EEF8FFF752FE28461DF05D
S214021CC0EAFA06E0284627701DF0E5FA384618F0CC
S214021CD02FFFB8F800301B0605D5002180201CF027
S214021CE093FA17F019FA01F0F1FA294E308000B390
S214021CF02778012F42D11CF0E1FF054610B30130D0
S214021D001DF0A1FC00F44060B0F5006F1AD1042269
S214021D10394628461CF012FF28441DF094FC4FF664
S214021D20FF7398420ED10020318800F0FFFC00239A
S214021D303380BDE8F8830023284623701DF0ABFAF3
S214021D403F20C4E7114801F085FB002108462170B8
S214021D50012500F09DFC23780BB9FFF737FE002023
S214021D60318800F0E3FC00233380002DE1D0207898
S214021D700028DED1BDE8F84319F025B80025EAE7C9
S214021D8071650020516F0020506F0020706C00209B
S214021D90185E00201A5E002008B513460A46194649
S214021DA0064B186818F08FFA30B1BDE8084040F2CA
S214021DB0F44103481DF069BB08BD00BF4056002031
S214021DC0F491040008B513460A461946064B1868ED
S214021DD018F073FA30B1BDE8084040F2FB41034800
S214021DE01DF053BB08BD00BF40560020F49104000E
S214021DF0024B1878431E58425841704771650020BE
S214021E0008B5064B1B7823B140F2255104481DF055
S214021E103CFBFFF7DBFD002008BD00BF716500201C
S214021E20F491040008B5054B01EB810118684900DE
S214021E3018F0BEF9002818BF212008BD4056002021
S214021E4008B5044B1868F9F70FFF0A2390FBF3F066
S214021E5040B208BD40560020014B1878704700BFBC
S214021E60536F002008B5044B186818F00CF9B0FA46
S214021E7080F0400908BD00BF4056002038B5124D1C
S214021E800C462B78012B04D940F246510F481DF020
S214021E90FCFA21460020FFF7E5FF90B10C4B1C70C0
S214021EA02B785BB9FFF792FD0A4B93F900100A4BA9
S214021EB0C901186818F050F9002038BDFFF750FD28
S214021EC0F2E72120F9E700BF71650020F4910400D3
S214021ED0536F0020736500204056002008B5074B5C
S214021EE0186818F0CEF830B1054BB3FBF0F083B2A9
S214021EF00BB1184608BD0120FCE700BF4056002083
S214021F0040420F002DE9F3475C4E01201DF0BAFA5D
S214021F103388990704D440F63F4159481DF0B5FA74
S214021F20DFF8808198F80030053B012B04D940F693
S214021F30414153481DF0A9FA524F3B6823B940F677
S214021F4044414F481DF0A1FA348814F0200478D09A
S214021F50012122201CF084F94FF47A74FFF7BEFFA9
S214021F603B681B780933434304EBC30498F80030FC
S214021F70A5B2062B0BD11CF0AFFD0446FFF7AEFF51
S214021F80602358430C2303FB0400284485B2D7F889
S214021F9000903D4B99F800801C7808F1FF381FFA34
S214021FA088F8002C52D133885A0505D409F101006D
S214021FB01DF049FBC0F340143449354A887812783C
S214021FC04B7812FB00F2334F93423B70A4BF9B1A2E
S214021FD03B703B78CA78BD60934238BF13463B706D
S214021FE013F0E2FC002833D013F0DCFC012814BF07
S214021FF01025082525430023DFF8ACA00093802295
S21402200043464946DAF8000018F004F920B14FF4C6
S2140220103B611B481DF039FA1F4BDAF800001978AD
S2140220201E4B197033889B0614D52A461C4B009704
S21402203018F0ECFCC0B9002002B0BDE8F0471DF075
S21402204021BA214622201CF00BF987E70024B3E7C9
S2140220502546D0E72A460F4B18F0D6FC014618B99B
S21402206025201CF0FDF8E6E7214626201CF0F8F8AD
S21402207040F6F43102481DF008FADCE71A5E00204A
S214022080F491040030560020746500201B6F002077
S2140220906E650020206C0020536F0020526F0020D7
S2140220A0345600207165002040560020184B10B5AB
S2140220B01B889B0704D440F6A66116481DF0E5F976
S2140220C0154B1B78053B012B04D940F6A761114836
S2140220D01DF0DBF9114B1B6823B940F6A9610D48C8
S2140220E01DF0D3F900240E4B0E4921201C701CF063
S2140220F0B7F8014618B9BDE81040FFF703BF02283B
S21402210004D12046BDE810401CF040B910BD00BF07
S2140221101A5E0020F49104007165002030560020FB
S2140221206C650020C5220200F8B55A4C23889A072F
S21402213004D54FF43E7158481DF0A7F9574801F0F0
S21402214089F91DF0ADF8238805465B070DD54FF0DB
S214022150FF3018F0A6F8524B1B68C01AB0F5717F14
S21402216003D9002104201CF04FF828464D4D1DF0DF
S21402217092F82B78042B32D11DF092F8238806466B
S2140221805F0708D5454800211CF084FE3046BDE8AE
S214022190F8401DF080B81DF07EF81DF081F8424B25
S2140221A006461B78414F13B9238859050FD50523D8
S2140221B0012102202B701CF027F8FFF777FF30462C
S2140221C01DF069F83B68DA78394B1A70F8BD386842
S2140221D001301DF038FA8206E9D50623E8E7062B19
S2140221E04DD1344B1B78FF2BF0D1334E13F0DEFB70
S2140221F03378002B3DD01DF053F8238805465B0745
S21402220005D5264800211CF045FE2846BFE71DF0EE
S21402221042F83378013B33701DF042F80446012140
S21402222002201BF0F1FFFFF741FF20461F4C1DF076
S21402223032F8206801301DF006FA00F44060B0F56E
S214022240006F13D124680121042220461CF076FC7C
S21402225020441DF0F8F90146184B04201A7833780A
S214022260D21AD2B2BDE8F8401DF0B6B94FF6FF71E9
S214022270F2E740202B70BDE8F84018F059BC012B5D
S214022280A4D100232B700E4B1868FFF74FFB3F209C
S214022290F1E700BF1A5E0020F4910400706C002083
S2140222A02C560020716500207465002030560020F0
S2140222B06D650020506F00206E650020546F002070
S2140222C04056002008B50A4B1A7882B90122102817
S2140222D01A7004D040F69D6106481DF0D6F800211B
S2140222E020201BF091FFBDE80840FFF70BBE08BD9B
S2140222F06C650020F491040008B5094B1B88DB06C8
S21402230004D440F2C35107481DF0BFF81020002144
S2140223101BF07AFF044B1868BDE8084018F06DBB46
S2140223201A5E0020F491040040560020012208B5EF
S214022330074B1146186818F04DFB00212C201BF0A5
S2140223408FFFBDE8084000210A201BF089BF00BFAE
S21402235040560020014B4008185C70474C6F002026
S21402236008B513460A461946064B186817F0B1FF19
S21402237030B1BDE8084040F6E94103481DF085B893
S21402238008BD00BF40560020F491040008B5044B77
S214022390186818F01DFB013818BF012008BD00BFE1
S2140223A040560020054B10B54C00224601461868E0
S2140223B017F0ECFE031B5842584110BD4056002051
S2140223C070B505461CF06CFF0E4B0F4E1B8804467C
S2140223D0DA07357008D50D4B0D4D1B78012B08D941
S2140223E00121286818F09EFB2046BDE870401CF0CC
S2140223F052BF1BB113F0CEFAC305F1D4317881F087
S2140224000101EEE71A5E00204B6F00207265002085
S214022410405600200C4B10B51B880446DB0711D52E
S214022420FFF77EFB094B84F0010208211868D200F0
S21402243017F097FE30B1BDE8104040F636710448FA
S2140224401DF023B810BD00BF1A5E002040560020C3
S214022450F491040008B5044B0146186817F044FFCF
S214022460003818BF012008BD4056002010B50A4C9F
S21402247023787BB1FFF75AFF002104201BF0C4FE2D
S214022480002102201BF0C0FE00232370BDE810408E
S214022490FFF79CBA10BD00BF7165002038B5094829
S2140224A000F0E8FC0024084D95F84430E0B2834280
S2140224B000D838BD05EBC000043000F0DBFC013468
S2140224C0F2E700BFE45600204456002008B5104646
S2140224D002494822F8F70EFF002008BD9C5600204D
S2140224E008B505481DF041F9014620B9BDE8084087
S2140224F001481CF0CFBC08BD906C0020002238B505
S2140225001C4B15461C461A700132082A5D609D80D7
S21402251043F8085FF8D1482200211748F8F75AFD19
S2140225204FF6FE73A4F868306FF48033E365134BFE
S21402253000211A88124B1868F8F74CFD114BC4E9B3
S2140225401255C4E9283584F8445084F8505065651D
S21402255084F8A850E9F73CFFFF220B4B01211870C4
S2140225600A4B00201A70E2F78FFA0020FFF7B8FF36
S214022570002038BD445600209C560020BC6E002029
S214022580506B00200000FFFF75650020CA65002022
S21402259010B5AC24084B04FB0030836C53B990F89A
S2140225A050403CB931B1C0E912122046FFF798FFFD
S2140225B0204610BD2120FCE744560020AC2370B50F
S2140225C003FB00F5094E731993F850405CB9204698
S2140225D010F0AAFC735D204643F002037355FFF722
S2140225E07FFF204670BD0120FCE700BF4456002056
S2140225F0AC235843024A135C23F003031354704778
S2140226004456002070B516461F4A04461278C2BBCE
S214022610AC211E4D01FB00518A6C92BB91F85020F2
S2140226203AB1022B2DD191F84410072907D91C2064
S21402263026E091F844100729F9D8012B08D0AC20DF
S21402264000FB0450CA00011D0C30F8F715FD0021EE
S214022650AC2303FB04F000249DF8143000EBC10108
S2140226602944CB71049B8E808B602B1893F84420F0
S214022670204601328C7183F84420FFF731FF204652
S21402268070BD0120FCE700BF7465002044560020A0
S214022690F8B5234B04461B780F46002B3ED1AC23DD
S2140226A0204D03FB0053B3F8A03023B940F2453166
S2140226B01D481CF0EAFEAC2202FB0452D2F8A460CB
S2140226C036B192F8A33039460020B2F8A020B047BF
S2140226D0AC2300216343EA18A2F8A010C2F8A410A3
S2140226E0482192F8A82001FB02322A44D2F8982008
S2140226F0964213D0EB5C9B070CD5AC226243AB5CD4
S214022700204623F0020343F00103AB54BDE8F84031
S214022710FFF7E6BE10F02AFC0028EED1F8BD00BF97
S21402272074650020445600204B9204002DE9F04FB9
S21402273089B0059008460D461CF0C0FA044618B942
S214022740212009B0BDE8F08F28461CF0D3FAC0B2AB
S2140227500838215C221892F802A00491D1785268B7
S214022760277803920022B4F80130ADF81E20434ABF
S214022770029192F800B0BBF1000F08D0404B1B68E4
S2140227801BB120464FFA8AF298470020D9E703F099
S2140227900703022B70D001340922594620461CF04A
S2140227A0CDF9023F3F1A3B0606465FFA87F8C7D4C2
S2140227B0344FD7F89090B9F1000F27D100210DF1D0
S2140227C01E0B434622460846CDF800B010F0E4FA47
S2140227D0C3B20546002B4BD1BDF81E0018F0ECF92B
S2140227E0E0B9BDF81E0018F0E3FA8146BDF81E00F7
S2140227F018F0E2F9F0B906EB080201232146584622
S21402280092B200F07BFDD0B119209AE75B465A4699
S21402281001212846C8470028D0D191E7D7F894303E
S214022820BDF81E00002BDCD0A11998470028D8D18D
S214022830022086E742464846A119F8F75BFDBDF836
S2140228401E001CF03BFA029B059A0372049B80F85A
S21402285009A08372039B1BBAC360AC2303FB0273FB
S21402286093F85020BDF81E0022B1DB6C03B19847E6
S214022870E8B266E7BB6FF9E7012062E774650020FD
S21402288028560020445600202DE9F84308460F46F5
S214022890164602F1010918F090FA8046384618F0FA
S2140228A084F9042856D1384618F0A3F948F661058B
S2140228B04FF6FF7248F64103294C904208BF1D4668
S2140228C0B4F85C10301D1CF0C0FE384618F091F9C2
S2140228D00146B01D1CF0B9FEB4F85E1006F1080001
S2140228E01CF0B3FE06F10A0438460DF067FF10B17D
S2140228F045F01005ADB2294648461CF0A6FE3846FD
S21402290018F056FA424601462046F8F7F3FC3846D7
S21402291001211CF00BFA4444074660B11CF0EAF9A8
S214022920054638461CF0CAF9EDB201462A4620464C
S214022930F8F7E0FC2C440B4AA41B13780134591C0C
S2140229401170F37034703046BDE8F8430922012155
S2140229501CF0F4B848461CF076FE4C460546C3E723
S2140229604456002075650020AC2210B5482450431A
S214022970094B1A1892F8A81004FB0100034493F8B6
S2140229807700022806D092F850301BB9032818BFE9
S214022990012010BD0020FCE74456002070B508B1A7
S2140229A0012070BD234C94F8A850002DF8D129467A
S2140229B0B4F85C20FFF706FA29462846B4F85E20EB
S2140229C0FFF7EAF92946284604F16002FFF7C8FC39
S2140229D094F87730002BE3D0284694F85860FFF737
S2140229E03BFA864215D1002094F95A50FFF728FA8E
S2140229F0854216D10020FFF7B7FF044600201CF0E0
S214022A0053F80028CDD02146BDE870400020FFF7DD
S214022A10F7B9284694F85810FFF730FA0028E2D0A3
S214022A20BFE7002094F95A10FFF7FCF90028E1D01E
S214022A30B7E700BF445600200346AC2010B5144644
S214022A40164A00FB032292F8770002280CD1E07F98
S214022A50022809D141B112490978012913D992F8FD
S214022A605810227891420ED118462178FFF7FAF9CB
S214022A7090B1482221460B48F8F73CFC00201CF097
S214022A8013F808B9002010BD044B93F8A8000028DC
S214022A90F8D1FFF783FFF5E72120F4E7445600203C
S214022AA0216F00209C56002038B5AC230D4C0546FD
S214022AB003FB004300205A6DD86483F8500012B11D
S214022AC05865FFF719FCF5F74BFBFF281EBFAC2332
S214022AD003FB054484F8A8000020FFF75FFF0020F0
S214022AE038BD00BF445600207FB51D4C94F8A83070
S214022AF023B1002084F8A800FFF750FF94F85A305C
S214022B00B4F8A0608DF80F3026B940F2FD211548C2
S214022B101CF0BBFC144B31461D6800202A46FFF70A
S214022B20B3FEE46F02469CB10DF10F03019300233E
S214022B30294630460093A04702462C7854B92046D0
S214022B402146FFF7A5FD2046FFF7CAFC04B070BD7C
S214022B500122F2E729460020FFF706F8F6E700BF53
S214022B60445600204B920400506B002038B5494B67
S214022B701C78002C58D1484800F06CFC20461BF00C
S214022B8093FF002850D0454C2378D90733D594F8C4
S214022B9050201AB123F00303237045E023F001030B
S214022BA0237010F0CBF9237805469A0701D510F06A
S214022BB0BBF9294600200FF053FF40B92378284678
S214022BC043F001032370BDE8384010F0ADB900238E
S214022BD0482284F8A33094F8A83084F8A25002FB66
S214022BE00343D3F89830A4F8A000C4F8A430BDE894
S214022BF03840FFF779BF94F84400B0B104F1A0035F
S214022C00251D95E8030083E80300FFF76DFF94F89F
S214022C1044202846D20004F10C01F8F72DFA94F865
S214022C204430013B84F8443038BDA26C62B99B073D
S214022C3011D52378002023F0020343F0010323700A
S214022C40BDE83840FFF74CBC0123A06484F850303E
S214022C50904723789EE710F089F90028E9D194F886
S214022C60A83073B1F5F77CFA94F85030002BDBD11C
S214022C70FF2818BF84F8A800BDE838400020FFF7F8
S214022C808DBED4F88C30002BECD098470028CBD1E0
S214022C90E8E700BF74650020906C002044560020D0
S214022CA070B5044600201BF0FFFEAC235C430B4EBF
S214022CB0351995F850300BB1002070BD0028FBD0B6
S214022CC007481CF052FD0028F6D1335D002BF3D1E5
S214022CD095F84400B0FA80F04009EEE7445600202A
S214022CE0906C002010B5084A034618F074F8146871
S214022CF04FF6FF7203EB40039C42184603D9018845
S214022D0002339142F8D010BD005700202DE9F0475B
S214022D10204F05463B88A3B3B0F90230002B30DBC8
S214022D20DFF87C801C49D8F80000F8F7A9FB20B928
S214022D304FF4EA7119481CF0A8FB0026DFF85CA0E5
S214022D40DFF860903A88B3B29A4204D84FF4EB7137
S214022D5050461CF09AFBD9F80030B2B253F8320053
S214022D60D8F8001003EBC20468B943F83210A388FF
S214022D7028460133A38018F02EF8E38803EB4003BD
S214022D80E380BDE8F087F8F77BFB01360028D9D14F
S214022D90EDE700BF1C5E0020189204002292040099
S214022DA0B06C0020F456002038B5094C094D226854
S214022DB02B689A4204D94FF4877107481CF065FBCA
S214022DC028682368C01A20F0010080B238BD00BF10
S214022DD000570020085700202292040038B5124CF3
S214022DE0124D21462846F5F741F823680BB12B68A9
S214022DF01BB9DE210E481CF048FB2A680D4B0E4913
S214022E001A60236823F0010313440B600B4B1A600D
S214022E102AB9BDE83840F82105481CF036BBFFF752
S214022E20C3FF6428F5D938BDF8560020FC560020AA
S214022E302292040004570020085700200057002062
S214022E4038B5094C094D22682B689A4204D34FF4D0
S214022E508A7107481CF019FB28682368C01A20F0FC
S214022E60010080B238BD00BF04570020085700207A
S214022E70229204002DE9F0411D4B04461B78012BDB
S214022E8024D100881BF0FCFE0546D8B10426DFF8E4
S214022E9064802C461CF004FA07462046FFF736FFED
S214022EA0638843EA08036380A05B1BF0E9FE0446DE
S214022EB038461CF0F0F91CB1B4F90230002BE9DAFE
S214022EC0062E01D1BDE8F0810626E2E7022BF9D1F3
S214022ED01CF0E6F9024620881BF0D2FE18B10388E1
S214022EE0C3F30E0323801046BDE8F0411CF0D3B9AD
S214022EF0766500200080FFFF2DE9F04F0024BA4BD4
S214022F0097B006461C801CF0CBF90123DFF8EC8252
S214022F10B64F3B70B8F80030A8F80040ADF816304F
S214022F20B34B1B6801931CF0B6F9B24B21461A88C4
S214022F30B14BD2001868F8F74DF80DF11600FFF7FE
S214022F4099FF002E3CD1DFF8B8924FF0000B012516
S214022F50D9F80040019B9C4239D3BBF1000F39D10E
S214022F60002DF2D0D9F80040DFF898A22546224676
S214022F70019B9A4273D302230DF116003B70FFF7B2
S214022F8079FF002E40F08F80D9F800603246AA42C0
S214022F9080F0A28090881BF073FE18B10388C3F3FA
S214022FA00E039380D0881BF06BFE18B10388C3F320
S214022FB00E03D3801046FFF795FE0246E7E79847D2
S214022FC0E3B256F823300134002BF8D1BBE7BBF14D
S214022FD0000F3ED00BF1FF335FFA83FB16AB03EB19
S214022FE08B0252F8402CB2F9020051880028B1DA5E
S214022FF04B04AFD4924641F48040931D2AF8020F48
S21402300002933AF8020F1BF03BFEF0B1B0F902E071
S214023010B0F802C0BEF1000F17DB6FEA4C4C6FEA45
S2140230205C4CA0F802C00390FFF770FEBBF10F0FD6
S2140230308FBF002516AB039A03EB8B009EBF0BF1E6
S214023040010340F8402C5FFA83FB029B9A45D8D1D5
S21402305080E72046FFF746FE22460446C3E71046B0
S21402306017F0B9FE8346B2F90200118800280AEA70
S214023070010108DA20461BF0F9FD084381B204EB91
S2140230804B0402EB4B0510461180FFF72BFE02465F
S2140230906EE798475FFA8AF356F823300AF1010A78
S2140230A0002BF6D170E74FF0000AF3E73046FFF741
S2140230B019FE82467EB1B6F902307188002B0ADA12
S2140230C03088C0F30E001BF0DBFD864203462DD18E
S2140230D0C1F30D0171805646AE42E7D3DFF81CA15C
S2140230E01CF0DEF800210646504617F0D7FE1BF00D
S2140230F0C7FD0546002800F0878030461CF0CBF856
S214023100284617F068FE064620461BF0AFFD8146AD
S2140231107600324629462046F7F7AEFF0022494699
S2140231200DF116001CF0F9FA3444D9E71BD93046E3
S21402313017F051FEC1F30D01420071801846314668
S21402314092B2F7F799FFC6E75046FFF7CBFDD14696
S214023150854203D9B0F90230002B01DA824603E039
S214023160FFF7C0FDF4E7B146554507D9BAF80000A7
S214023170C0F30E001BF084FD8245E5D3B9F1000FC3
S21402318030D0B9F80000C0F30E001BF079FD0346FC
S21402319038B93346CB46994513D8B1459BD0D94664
S2140231A0ECE7484617F017FEB9F802204946C2F384
S2140231B00D02A9F80220420092B21846F7F75CFF09
S2140231C0E7E718460193FFF78DFD019B9B46854274
S2140231D003D9B0F90230002B01DA0346DBE7FFF72A
S2140231E081FDF4E7CB46DAE71E5E00207665002016
S2140231F0005700201C5E0020F4560020205E0020AF
S214023200045700200080FFFFBDF816303870A8F87B
S2140232100030044B30461C601CF03DF817B0BDE889
S214023220F08F00BF005700202DE9F04105461BF045
S21402323027FD0F460446D8B11CF059FA20B940F2D1
S214023240FB4120481CF021F928461BF053FD054699
S2140232502046FFF747FDBD42064609D004D840F295
S214023260035118481CF011F92588ED0B02D027816E
S214023270BDE8F0816780204617F0ADFD074604EBF7
S21402328040081CF00DF8104B1A68B2420AD1C3F877
S21402329000801CF000F82A464046BDE8F041FF21B7
S2140232A0F7F798BEA6EB0806B5B21BF0F4FF072D9B
S2140232B0F1D90023083D44F81730C8F80430A8F8BE
S2140232C00250D5E7229204000057002038B51BF0C2
S2140232D0E7FF00210546044817F0E0FD04462846AD
S2140232E01BF0D9FF204638BD205E0020024B18880E
S2140232F0B0FA80F040097047205E00202DE9F74FB3
S214023300044600881F461BF0BBFC88461546064648
S2140233101CF0EDF920B940F2FE613F481CF0B5F80A
S2140233203388DB0B009306D033892B44338100208D
S21402333003B0BDE8F08F20881BF0DCFC82463046E6
S214023340FFF7D0FC01901BF0ABFFDFF8D0B0019B7B
S214023350DBF8002081469A421DD1FFF725FDA842E0
S21402336004D248461BF097FF1A20E1E70AEB050352
S21402337073803FB120881BF0A1FC2A464146504488
S214023380F7F7B8FF3046FFF7ADFCCBF8000048462B
S2140233901BF081FFCBE71BF07EFF20881BF0AAFC08
S2140233A02844009980B21BF0FDFC06460028DBD0BC
S2140233B01BF084FC814620881BF080FC8246208815
S2140233C01BF098FC514602464846F7F793FF3046F4
S2140233D0AFB11BF073FC074620881BF08BFC2A4615
S2140233E041463844F7F786FF012120881BF09EFCF1
S2140233F00121024630461BF0ADFC268097E71BF003
S2140234005DFC804620881BF075FC2A4639464044FF
S214023410F7F7E0FDE8E700BF22920400005700201D
S214023420342101481CF031B836920400036910B505
S2140234305BB18268064B9A4201D1002010BD4469F6
S2140234401CF01CF8201AF9D5F7E74FF0FF30F5E725
S2140234502134020082681C4B70B59A420446056805
S21402346019D11BF01DFF236923B1A34206D1002206
S2140234702A601A61BDE870401BF00DBF1A4611465D
S2140234801269A242FBD12A68A24208BF29600B61D8
S21402349000232361EEE7036993B198426E6803D175
S2140234A09D210A481BF0F1FF2B46B44209D122693E
S2140234B09D4218BF1A614FF0000308BF6A6023617D
S2140234C070BD33463669F0E72134020036920400B6
S2140234D02DE9F047074600254FF0010A154EDFF8A2
S2140234E058808AB0347914B90AB0BDE8F087D6F8A5
S2140234F0009087B900972A46B8F80010234603A81A
S2140235001CF0A2F92246484603A9E9F723FC254403
S214023510EDB20836E6E7224603A94846E9F7EEFB8F
S214023520CDF800A023462A46B8F8001003A81CF0DF
S2140235308BF9ECE780DD0400225E00200148FFF7ED
S21402354099BC00BF225E00209C46174BF7B5054685
S21402355008461988164611B1144B1C78CCB10146A0
S21402356062463046BDB103B0BDE8F040E9F7C6BBDF
S2140235701C44E4B208373B79002BF0D03A689642F6
S214023580F6D185F00105224600951CF05DF903B0E0
S214023590F0BD074FEFE7E9F7DDFBB0B203B0BDE8D9
S2140235A0F04015F0BDBD00BF225E0020556F002022
S2140235B080DD040010B5074C238843B10020FFF7D6
S2140235C087FF0020FF22044B20801A7010BD0220C5
S2140235D0FCE700BF225E0020556F0020142810B5BD
S2140235E018D8082805D115F014FEC401E4B2204606
S2140235F010BD0E2802D115F00FFEF6E7064B53F863
S2140236002040002CF3D00A282478F0D107F0C2FB21
S2140236100443EBE7FF24EAE7D0DD0400014BB3F8EE
S214023620680070474456002000487047AE56002097
S214023630014B1878704700BFED640020014B1878E4
S214023640704700BFF0640020014B1870704700BF3F
S214023650F0640020204B022810B5204C187002D0CF
S2140236600438012822D82378042B0BD000211C48CA
S2140236701BF010FC2378033B012B03D900211948C9
S2140236801BF008FC184B1B689A0022D513F0805FCB
S21402369040F6114418BF4FF44164204616F06EF906
S2140236A0C8B92046BDE8104015F038BD0C48FFF7F3
S2140236B0D1FE0C48FFF7CEFE17F069FE2378033BD7
S2140236C0012B03D816F054F91624E6E70DF0BAFFDC
S2140236D0FAE71524E1E710BDF4640020F564002043
S2140236E0D46C002030480020C4480020024B1878D2
S2140236F000F00F00704700BFF4640020034B1878F8
S21402370000F00F00831E584258417047F4640020B0
S21402371008B517F027FEC0B117F03DFEA8B10FF0AE
S2140237201BFD90B90A4817F070FB70B1094817F0F4
S2140237306CFB50B115F075FD38B116F021F920B9C1
S214023740BDE80840044817F023BC002008BD00BFAF
S214023750245E0020585E00200C57002030B5054637
S2140237600C4693B081B910B9002013B030BD1023B7
S214023770214A69460120FFF7E7FE9DF805305A1EEA
S214023780052A28D91720F0E7182200212046F7F745
S21402379021FC002DEBD1FFF7B1FF30B315F0E9FBAA
S2140237A06A4601460020FEF791FEBDF80430204628
S2140237B023819DF80230A3729DF80030E37217F061
S2140237C0AFFF002304F11401237304F1100004F088
S2140237D0F7FDE081C8E7094A9DF804101278914285
S2140237E0D0D12B70002CD6D1BEE7054B1B78033BFD
S2140237F0022BD3D9C6E700BF64EE0100286F002073
S214023800F464002030B593B005460C46FFF776FF09
S21402381020B90C4B1B78033B022B10D815F0A9FBE2
S2140238206A4601462846FEF751FE00209DF8023001
S214023830607023709DF80030A37013B030BD17205F
S214023840FBE700BFF4640020054B1878012805D07A
S21402385000F0FD00A0F1310358425841704700BF06
S214023860F46400202DE9F3410E46002105461BF0C4
S2140238704EFF0023124FADF806002B800DF1060016
S21402388017F0C3FA044610B102B0BDE8F081214633
S2140238900DF1060017F002FB80461BF00FFA438A72
S2140238A0B34207D99B1B43822246414628461BF059
S2140238B034FFE3E743895B07E0D53B88F3E700BFC5
S2140238C0BE6E002008B50A48FFF7C4FD09484FF44B
S2140238D07A71FFF7C7FF074817F097FA30B9BDE8C5
S2140238E008404FF47A7102481BF0D4BA08BD00BFF4
S2140238F0B46C0020CC6E00201FB50146002201A841
S2140239001BF098FB064801A91BF064FF20B11BF0D0
S214023910D5F94089C0F3400005B05DF804FB00BF4E
S214023920CC6E002030B585B00D460022014601A8B7
S2140239301BF080FB084801A91BF04CFF50B11BF09E
S214023940BDF90446014608222846F7F795FB60892A
S214023950C0F3400005B030BDCC6E002010B5044C5C
S214023960204617F089FA6388181A80B210BD00BF85
S214023970CC6E0020F8B50546F8B100210F481BF0C2
S214023980C6FE0446A8B10D4F20461BF097F9064620
S2140239901BF03CFB830705D4082229463046F7F77E
S2140239A065FE38B1214638461BF0D5FE044600288F
S2140239B0EAD10024201E18BF0120F8BDCC6E0020DC
S2140239C010B50C46014606481BF004FF30B11BF04A
S2140239D075F943891C4214BF0120002010BD00BFA8
S2140239E0CC6E00201FB51446024601A81BF022FB2F
S2140239F0074801A91BF0EEFE40B134B11BF05EF998
S214023A00142201462046F7F737FB012004B010BD0A
S214023A10CC6E00201FB50146002201A81BF00AFB4F
S214023A20094801A91BF0D6FE58B11BF047F9438995
S214023A30024613F0020004D0507B80F00800C0F368
S214023A40C00005B05DF804FBCC6E002001460148BC
S214023A5017F038BBCC6E0020F8B504460E4614208C
S214023A6000211BF09FF90546204617F005FA6388E9
S214023A70834225D925B33146204617F023FB08BBDF
S214023A8028461BF01BF907460A223146F7F7F4FAD6
S214023A90082206F10A0107F10A00F7F7EDFA0A4BC7
S214023AA01B887B82238823B94FF47A7107481BF060
S214023AB0F1F92046002229461BF02FFE0020F8BD11
S214023AC01C20FCE72E20FAE7BE6E0020B46C002015
S214023AD010B5044686B0B0B11BF098FA10F002009A
S214023AE011D1CDF80E006168CDF81200ADF81600BF
S214023AF0206801AB03C32289044801A91A80FFF794
S214023B00ABFF06B010BD2120FBE700BFCC6E002045
S214023B10F8B50D4616461F46044648B31BF076FA1D
S214023B2030BB2046FFF792FFE0B1214611481BF05A
S214023B3051FE1BF0C3F8438905734673877343F03F
S214023B40020321894381204601F0F2F9FF28044648
S214023B5006D001F0F3F818B10022074B43F82420F0
S214023B60002004E02046FFF7B3FF0028DDD0F8BDB2
S214023B702120FCE7CC6E002000460020F7B59DF819
S214023B8024400D4601949DF82040064600941F46A8
S214023B900DF076FC4FF6FF718842044610D0BB0744
S214023BA011D4284600F0CCFF20461BF0A7FAFF28C7
S214023BB01FBF084A32F8103023F4804322F8103030
S214023BC0204603B0F0BD02462946304617F081FA79
S214023BD0EAE700BFE85D002073B50E4601461448CA
S214023BE01BF0F8FD0546D8B11BF068F84389044679
S214023BF0334012D09B0736B20BD5002E09DAA17BD2
S214023C00437B0289007B0191012100912146FFF747
S214023C10B5FF638923EA06036381628912B1012034
S214023C2002B070BD2946024817F057F9F7E700BF01
S214023C30CC6E00200148FFF71DB900BFCC6E0020F5
S214023C401FB50C460B4A014601A81BF0F3F901A862
S214023C50FFF7FCFE60B101A907481BF0BBFD1BF095
S214023C602DF80368236043680020636004B010BD2B
S214023C702D20FBE73EDE0400CC6E002013B53E4C42
S214023C8012F04CFCD4F8FC311020C3F30743019326
S214023C90FFF7A4FC000650D50020FFF79FFC0106A4
S214023CA04BD5019B802B3ED1236A9A0704D440F65B
S214023CB01544204602B010BDE3699B07F7D52F488E
S214023CC016F07EF9012016F04EFF12F03AFC04467A
S214023CD00028EED100F086F9294817F033F900F0F3
S214023CE0F1F9E8F775F912F018FC0AF0F1FC0AF09F
S214023CF043FDF4F717F9F4F7CBF9F4F7E5F904F016
S214023D0003FD15F088FA15F089FA15F03CFE1D48F9
S214023D100CF00CFC07F092FE15F0F4FD0028C8D05B
S214023D2015F0F2FDC5E7019B812BC0D1D4F80C310A
S214023D305B00BCD5D4F80C31BFE71020FFF74EFC71
S214023D400006BCD40020FFF749FC0106B7D5019B4C
S214023D50802B05D1084B1A6AD207A8D5DB69ACE7D7
S214023D60019B812BA3D1044BD3F80C21002A9EDAA7
S214023D70D3F80C31A1E700BF0080E00F690345ECE1
S214023D800C570020F938020010B517F0FDFA70B390
S214023D9001F0B8FB80F00104E4B20020FEF7F6FA68
S214023DA044EA800424B217F0DDFA10BB0220044372
S214023DB016481BF0DAFC44EA401415481BF0D5FC02
S214023DC024B244EA001413481BF0CFFC24B244EA9F
S214023DD0801411481BF0C9FC24B244EA40240F4860
S214023DE01BF0C3FC24B244EAC02080B210BD0124FA
S214023DF0D3E70B4817F009F80028D7D0094817F080
S214023E0004F880F00100C0B24000D0E7146D002034
S214023E10F86D0020C8480020786D0020D86D00207C
S214023E20245E0020585E002008B501F047F90EF027
S214023E30DFF8FDF7D9FE154816F0E7FF08B906F0D9
S214023E4065F9134816F0E1FF08B907F0E1FD03F043
S214023E5059FC0CF01DFD0F4817F0A6F80E4B1B7808
S214023E60043B022B09D80D481BF07FFC28B1FFF754
S214023E708BFF102801D109F07DF915F0D4F917F05F
S214023E8036F9BDE808400648FFF736B8245E00203B
S214023E90585E00200C570020F5640020F86D0020C4
S214023EA048DE0400014B1868704700BF40560020E9
S214023EB0F8B54FF6FF77104B06461B780C46033BC9
S214023EC0012B0F8009D830460AF0BAFC4FF6FF7372
S214023ED0984220800ED000200DE00CF023FEB8425F
S214023EE005462080F7D1304600F002FDA842208029
S214023EF0F1D1E8E72D20F8BDF56400204FF6F77300
S214023F0070B5984204460D4686B05AD817F0F0F8B7
S214023F10A04207D108222C492846F7F7ADF8002020
S214023F2006B070BD294EB6F86830A3420AD1002208
S214023F30082106F16A0017F06DF818B9082206F192
S214023F406A01E9E7ACB1224B1B78033B012B1AD876
S214023F50002301221946204600930AF01BFBFF2885
S214023F6023D1294620460AF0BFFC80F00100C0B2E9
S214023F70D6E7184B1B689B07E5D4284608F0DCF901
S214023F800028E0D0CBE7204600F06AFFFF2806D1E3
S214023F9029462046FFF754FE0028D9D1BFE7294616
S214023FA000F080FF0028F3D0B9E702A918F0CEFA95
S214023FB00028D6D1DDF80D302B60DDF811306B60AD
S214023FC0ADE70120ACE700BF77650020445600202D
S214023FD0F5640020C4480020014B1870704700BFEB
S214023FE0286F002010B5054C082221460448E8F741
S214023FF085FE204617F0B6F810BD00BF7765002094
S21402400034B608C00048704777650020082208B515
S2140240100349F7F72BFBB0FA80F0400908BD00BF52
S21402402077650020014B1870704700BFE8640020D7
S214024030074B44F6FF701A7840F6FF73012A18BF42
S2140240401846044B1B780BB140F40040704700BF83
S214024050F5640020E8640020F7B50D4604461646CF
S2140240601F460021284601F0F1FF0B4B002183F882
S21402407059402A463346204600970EF0AFFC0146CA
S21402408030B10222204603B0BDE8F04000F006B888
S214024090012003B0F0BD00BF4456002013B51346FE
S2140240A00C461AB1022A0CBF134601230021044A09
S2140240B0019100922246FEF7A5FA02B010BD00BF9B
S2140240C06BB4030000B5002093B0FEF717FA1E4B40
S2140240D018880CF031FA1D4B1D491A7800200EF094
S2140240E0A1FD342200216846F6F774FF0B238DF8F3
S2140240F000306FF4803301934FF6FE73ADF8103044
S21402410003238DF81D30134B134A0893134B106884
S2140241100993134B51680D93124B6A460E93124B3A
S2140241200F93124B1093124B119302AB03C3002151
S2140241300846FEF781FC6A4601210020FEF77CFC59
S21402414013B05DF804FB00BFB66E00203B6F002084
S2140241505CA204006D4502007765002007B20300EA
S214024160E57D020015470200E59402006BB40300E9
S21402417035780200014B1878704700BF7F65002033
S214024180014B1888704700BFD06E00202DE9F74F0C
S214024190814610460E4690461BF055FADFF840B1AF
S2140241A005469BF8003033B94A4B1B681BB94A4B8D
S2140241B01B68002B7FD015F4406A05F040071BD120
S2140241C09FBBB5F5804F61D24FF48074B9F1400FB2
S2140241D073D0B9F1800F63D0B9F1100F6BD1002301
S2140241E09BF800003D4AD9B2884264D932F8021BD5
S2140241F00133A142F7D166E008F103001BF023FA6F
S2140242004FF6FF73984214BF0124022487B1052794
S21402421005F44043B3F5004F44F0080425D0B5F545
S214024220804F24D244F4807421E054460327EFE7FB
S214024230B5F5804F4FF00507F4D3BAF5406F14BFBB
S21402424002200820384440441BF0FDF9019016F085
S2140242506CFF019B05F4404598420CBF44F00804ED
S21402426044F00404B5F5004F01D144F08004BAF5D9
S214024270006F0FD108EB07001BF0E5F9054616F0B4
S21402428037FFA842A2D144F010049FE75446032702
S2140242900220D7E7BAF5406F08BF44F0200495E73E
S2140242A00C4B1B683BB10022D1B233F8110033F934
S2140242B01110002903DA002008E0074BF1E7A042BC
S2140242C002F10102F0D106B13480012003B0BDE84C
S2140242D0F08F00BF1C57002020570020825E00206F
S2140242E0C7650020034B1A78022A04BF09221A70F7
S2140242F0704700BF806500200C22034B1A211A70FB
S2140243000320002202F024B8806500200C2208B5A3
S214024310054B1A211A700022104602F019F80022E4
S214024320024B1A6008BD00BF806500202857002097
S2140243300C2270B50D4B05461E781A7030B9304601
S214024340BDE8704000221A2102F002B8084B1C7821
S214024350E1B21A29F3D825FA04F3DB0703D544227F
S214024360304601F0F5FF0134F2E700BF8065002019
S214024370576F00200C22024B1A7015F0FABA00BFD3
S21402438080650020F0B50C8805460E468BB0E4B971
S2140243904FF6FF77ADF8247015F0FEFA10B902203A
S2140243A00BB0F0BDCDE90340CDE90544134A0294B3
S2140243B0B2F85C306032019300923B464CF6010143
S2140243C0FF2009AA18F00BFC3080284617F026F8C2
S2140243D00B4C70B1237863B1013BDBB228462370E5
S2140243E017F01CF838B12078B0FA80F04009C0B255
S2140243F0D6E70523F2E70120F9E700BF445600207E
S214024400566F0020034B11461B6803B1184714F081
S21402441043BE00BF285700200C22024B1A700AF037
S214024420F1BC00BF806500200148FEF723BD00BF37
S214024430265E00207FB505460C4616461AF00EFF8D
S21402444000286BD1062D03D85223EB40DB071AD483
S214024450B4F1006F05D3E30E1C3B032B18D94F2093
S2140244602EE000222F4B1A602F4B1D7016F0FBFD1C
S21402447003460A2D54D8DFE805F02D183E491825C4
S21402448018535341360002F03BFCB4F1006FE2D2FF
S2140244900022244B042D1A60234B1D70E6D1022005
S2140244A001F02EFC16F0DFFD0346012202921F4A9F
S2140244B001921F4A00921F4A314620460EF088FE9D
S2140244C004B070BD314620461B4A04B0BDE87040B9
S2140244D00EF066BE31462046184B194A04B0BDE8B7
S2140244E070400EF041BE00220292164A0192104A15
S2140244F00092154AE0E702220B4B1A700022104681
S214024500124904B0BDE87040FEF742B8002202929B
S2140245100F4A0192064A00920E4ACDE74D20CFE797
S2140245200120CDE728570020806500203143020095
S2140245306D45020057B40300194402000D43020001
S214024540054402007543020085430200E54202006C
S214024550F942020019B4030008B50EF069FE0C22F7
S214024560014B00201A7008BD80650020F0B585B0AA
S214024570ADF8060018B9762164481AF086FFBDF831
S214024580060016F012FB0446BDF8060016F00DFBF8
S214024590082846D00C2CBDF8060042D116F008FCBE
S2140245A007461BF050F80DF10F010646BDF806004F
S2140245B014F01AFE002879D00922002138461AF093
S2140245C0BDFA9DF80F301033C518BDF806001AF074
S2140245D091FBEDB2854269D22946BDF806000EF07F
S2140245E035FF06F44C4416F44066054614D0F81C13
S2140245F01BF029F84FF6FF73984208BF44F04004B8
S214024600B6F5006F08D1781D1BF01DF84FF6FF7344
S214024610984208BF44F010049DF80F305BB3072D94
S21402462044D1BDF8060016F0B6FA0446BDF80600F8
S21402463016F0BBFA082817D0A30615D524F02001D9
S21402464089B2BDF8060016F091FABDF8060016F01B
S214024650AFFB002109221AF071FA00F1100189B2AB
S2140246600DF1060018F0E4FB0022BDF806102848FB
S2140246701BF053F81AE0082D16D8BDB1013D072DE0
S21402468014D801A353F825F0E5460200F1460200CD
S214024690AD460200B1460200AD460200FD460200EB
S2140246A023460200034702007C2D24D005B0F0BD4D
S2140246B024F48844A4B2B4F5084FF7D1BDF8060036
S2140246C016F06EFABDF806100BF0D0FF0028A8D040
S2140246D0BDF8060016F0CFFA0022014602201AF0B4
S2140246E07BFFE3E724F48064A4B2B4F5484F97E76F
S2140246F0B4F54C4F94E7B4F54C4F92D04CF65003B9
S21402470001E04CF640439C428AE700BF4492040014
S214024710245E00202DE9F7430F469046994606464A
S2140247201AF0CCFA044630461AF0E4FAC5B2083D4E
S2140247302C44E178094BA2781970094B31461A705D
S214024740002043463A46CDF8009012F09CFB003813
S21402475018BF012003B0BDE8F08300BFA4650020A7
S214024760A36500202DE9F04FDFF84081DFF8409185
S21402477098F8002099F8003006469A4285B004D38D
S21402478040F2191142481AF080FE30460DF10F0130
S2140247901AF068FC20B14FF48E713D481AF075FE8F
S2140247A098F800709DF80F403D1B15F0FF0530D0BD
S2140247B04FF0FF3C374B01211B78A140184699F871
S2140247C000304FF6FF790CFA03FC0023324A01F15F
S2140247D0FF3E0193C1F1000A9DF80430984243D887
S2140247E0122004FB00002D4BA0F1120105EBC502BE
S2140247F05200194404F101091844F6F73DFC4FEA49
S21402480089092748A9F104010144AA004844F6F799
S21402481033FC224904EBC40201EB420321F8126086
S214024820204A013712784FF6FF71DA731A745A74F7
S21402483012025A801C4A0D2012781A7110225A71DE
S21402484000229A73C3F80620C3F80A20144B43F8D2
S214024850242088F800701AF0BFFE0EB908F05CFF3C
S214024860204605B0BDE8F08F13884B450AD0536842
S2140248700AEA030B03EA0E030B4403EB4B0343EA79
S2140248800C035360019B083201330193A4E700BF77
S21402489057920400356F00205C460020D85B00204B
S2140248A000460020A465002081650020EE640020FA
S2140248B0336F00202DE9F041074600250A4B0B4EC8
S2140248C093F80080ECB2A04503D8FF242046BDE84A
S2140248D0F08108223846B11DF6F7C8FE01350028D9
S2140248E0F4D01236EEE700BFEE640020D85B00205C
S2140248F008B5FFF7DFFFFF281DBF00B2044B00EB31
S214024900C0004FF6FF7018BF33F8100008BD00BF96
S214024910D85B002007B50DF107011AF0A3FB30B1F2
S2140249209DF80730034803EBC30300EB430003B0D4
S2140249305DF804FBD85B00202DE9F843294E0446B7
S21402494033785D1E2D1A8342EDB204D84FF4A1715E
S21402495025481AF09AFD0123A3404FF0FF305F1E50
S2140249603B4400214FF6FF7E6FEA03081F4A92F887
S21402497000C01F4A127890401E4ACBB29C4523D8EC
S214024980BDB127B204EBC4041B48640005EBC502A4
S21402499004F11201014452002044F6F76DFBBF00F9
S2140249A01648AA00391D014402F0FC023844F6F704
S2140249B063FB33780022013B33704FF6FF71BDE88C
S2140249C0F8430E201AF008BE1388734507D05368C2
S2140249D008EA03093B4003EB5903034353600832DA
S2140249E00131CAE7EE64002057920400356F0020BA
S2140249F0336F00205C460020D85B00200046002073
S214024A0010B50A4C207858B9094B1B781A2B03D9D3
S214024A10992108481AF039FD0322074B1A7010BD77
S214024A200138C0B2FFF788FFECE700BFEE64002053
S214024A30336F002057920400EA6400202DE9F04705
S214024A4005461AF0DDFEFF28044624D1DFF88490DE
S214024A501E4B99F800201B789A422BD22846BDE8B6
S214024A60F047FFF77FBE38883B79504518D86F2B42
S214024A704FEA131214D85B0710D0123708F1010858
S214024A8099F800105FFA88F6B142ECD80023104A73
S214024A90DEB28E4214D32046BDE8F087022AECD955
S214024AA00DF0E2F90028E8D129463046BDE8F04785
S214024AB016F0F5BC4FF000084FF6F77A044FDFE722
S214024AC0107901338F28EFD81232E1E7336F0020D6
S214024AD0D85B0020EE6400204FF6F773984210B5BC
S214024AE014D8FFF7ABFFFF2810D0134C00B200EB30
S214024AF0C00004EB400412F01FFC104938B962886B
S214024B000B7802EB0313A3EB1213638010BD227C17
S214024B10637C09789A42E2732374617407D98B42E4
S214024B2003D213468B4228BF0B461B02EDE78A428E
S214024B30F8D31346F9E700BFD85B0020A46500202F
S214024B402DE9F04106460F4600240E4DDFF8388068
S214024B5098F80030A34201D8BDE8F0810822294621
S214024B603046F6F783FD40B935F8063CBB4204D022
S214024B702046FFF7E1FE013CE4B20134E4B212350E
S214024B80E6E700BFDE5B0020EE640020F8B50546CF
S214024B9008460E46FFF78EFEFF2830D01D4B2946EC
S214024BA053F820703046FFF7CBFF2846FFF746FF44
S214024BB0FF28044625D10CF083F8FF280AD1164CAC
S214024BC0207838B114F0D8F92378B0FBF3F202FB60
S214024BD01300C0B2294616F062FC044623B20F4DFB
S214024BE003EBC30305EB430508223146A81DF6F77F
S214024BF043FA2B79204603F00F032B71F8BD0027EA
S214024C00D3E7074B1B78002B18BF0027014B43F84E
S214024C102070E3E700460020336F0020D85B0020B8
S214024C20586F002038B50B4B04461B780D4683425E
S214024C3004D840F25A2108481AF027FC074804EB29
S214024C40C40400EB44002946BDE83840082206307A
S214024C50F6F712BA336F002057920400D85B002092
S214024C6070B5044608460E461AF0CAFDFF280546E9
S214024C7010D02046FFF71EFEFF2807D0084B1B78F1
S214024C8023B9084B53F8202043F82520214628460E
S214024C90FFF7C8FF31462046BDE87040FFF750BF19
S214024CA0586F0020004600202DE9F8430024804675
S214024CB001272646114DDFF84C9099F80030A342A2
S214024CC010D83E430134E4B21A2C4FEA470705F1E6
S214024CD01205F2D14FF0FF30094B1B789840304353
S214024CE0BDE8F8832B884345EBD0284616F02FFC08
S214024CF00328E6D82B796F2BE3D8E3E7D85B0020AE
S214024D00336F0020EE64002010B5084C00EBC000A4
S214024D1004EB400423795B0707D1204616F017FC04
S214024D20237923F007031843207110BDD85B0020B7
S214024D30014B1878704700BF596F0020014B187856
S214024D40704700BF586F002070B51A48FEF782FB06
S214024D50194B1B78033B012B28D805F0A3FB03F065
S214024D6057FBBDE870404FF47A5112481AF092B8D9
S214024D7023798F2B4FEA131111D80131204616F0F2
S214024D8016FC062901D8032909D12379002223F02B
S214024D9007034FF6FF710F2023711AF01DFC123421
S214024DA001353278EBB29A42E2D8D6E70025034CB8
S214024DB0034EF6E7D46C0020F5640020D85B002092
S214024DC0EE6400200022084B1878084BD1B28842C5
S214024DD003F1120300D8704713F80D1C013221F0BC
S214024DE0100103F80D1CF1E7EE640020D85B0020EA
S214024DF02DE9F04702261227DFF85C90DFF85C8088
S214024E0099F8004000250CE007FB05F338F803A0EC
S214024E100021504616F0B0FB10B15CB1013CE4B282
S214024E20013599F80030EAB29342EDD8A34204D194
S214024E304FF6FF7A5046BDE8F08714F09DF899F8D1
S214024E400030012EA3EB040390FBF3F202FB1300E7
S214024E50C4B2EDD00126D5E7EE640020D85B002070
S214024E6010B504461AF0CCFCFF2808D120461AF0EA
S214024E7045F9FF281FBF024B1B78C018C0B210BDF1
S214024E80336F0020044B00211A78044B04481B7829
S214024E901A449200F6F79EB8336F00203A6F00204D
S214024EA00046002010B5134B0C461B7886B0834292
S214024EB012D9114900EBC00001EB4001082220463E
S214024EC00631F6F7D9F800220821204616F0A2F895
S214024ED080F00100C0B206E0C01A01A9C0B20CF010
S214024EE02BFA10B1002006B010BD01AB03CB206038
S214024EF06160E8E7336F0020D85B002008B5074BF7
S214024F00024653F820308B4206D915204FF6FF7121
S214024F101AF062FB002008BD0120FCE700460020D4
S214024F20024B013143F82010704700BF00460020B4
S214024F302DE9F34781460C4600272A4EDFF8ACA03F
S214024F409AF80030FDB2AB4210D86946204617F0F8
S214024F5032FCC0B3082269464846F6F787FB90B390
S214024F604946204616F0C9FDFE2537E006F106083A
S214024F70082241464846F6F779FB90B94FF6FF738A
S214024F809C422BD03388A34228D020461AF0B6F88B
S214024F90FF2814D14946204602B0BDE8F047FFF785
S214024FA0F5BD14B912360137CAE73388A342F9D1E0
S214024FB000220821404616F02DF80028F2D1284695
S214024FC0FFF7BAFCCCE7494600201AF067F8FF283C
S214024FD0054603D0044B1B780344DDB2284602B0D4
S214024FE0BDE8F087D85B0020336F0020EE64002017
S214024FF008B5FFF7E7FE054B1B78013B012B03D8EC
S214025000BDE808400CF084B908BD00BFF564002076
S2140250100F4B1B7883420CD8C01A0E4AC0B232F825
S2140250201030D90411D443F4805322F810300120F2
S2140250307047094B00EBC00003EB40035A79D106D8
S21402504003D442F010025A71F1E70020704700BF05
S214025050336F0020E85D0020D85B0020F0B5134BCC
S21402506006461B78FBB100251148DFF84CC090F8C5
S21402507000E0104807781F44E8B2864501D80020B1
S214025080F0BD7C1B94FBF3F003FB10440CEBC40056
S2140250903CF83440B44204D1002AF1D184788C42E0
S2140250A0EED00135E8E71846EAE700BF356F002084
S2140250B0B0480020EC6400205C46002070B511F079
S2140250C01EFA14250F49104E0B78328830809B1A30
S2140250D003449BB2B3FBF5F405FB14330B700B4988
S2140250E0E2B20B78934292BF00239B1ADBB2032AEA
S2140250F00B7088BF002306499EBFD2000B68D340C0
S2140251000B6070BD84650020285E0020EB640020E2
S214025110B0480020084B1868084BC2B21B789A4267
S21402512008D2074BC0F307201B78984234BF0020F2
S2140251300120704701207047B0480020356F0020DC
S21402514083650020F8B505461746FFF7E3FF0646D7
S21402515010B9184B1A783AB9212001224FF6FF717E
S2140251601AF03AFA0020F8BD1348DFF854C0037864
S2140251700133B3FBF2F402FB143303700F48DCF87E
S214025180002000EBC30420F8335002F10132A17074
S2140251903846CCF80020FFF787FDE670606015F011
S2140251A0A7FFA84201D10120DDE7E3780133E370CF
S2140251B0F9E700BF356F0020EC6400205C46002053
S2140251C0B048002010B50B4C0B4A2378063B1370F0
S2140251D011F095F90022094BFF211880084B094867
S2140251E01A602278D200F5F7F5FE0422064B1A70F2
S2140251F010BD00BF356F002083650020285E0020AA
S214025200B04800205C460020EB64002048B139B16B
S214025210044B1B780B70044B1B78037001207047FD
S21402522008467047826500205A6F00202DE9F84331
S21402523007461AF023F905461A481AF096FA1A4B48
S21402524048B31C683C1B2C44A4B20022174BDFF860
S21402525064901B78164D99F8006005EB03155FFA0B
S21402526082F8464509D9AB8805F11000A34215D944
S214025270B21A29461201F5F7FFFE013689F80060D8
S214025280AC80B8F1000F03D13946064819F002FE89
S2140252902846BDE8F8833C461D60D6E7054601323F
S2140252A0DDE700BFF46C00202C5700208665002046
S2140252B000450020876500202DE9F74F1AF0DEF83A
S2140252C04FF0000E284D294F2978294C97F800A058
S2140252D004EB011303EB0A120092F3465246DFF880
S2140252E098801FFA80FC0646B8F80000ACEB00096E
S2140252F0A0EB0C001FFA89F901900098984217D18A
S214025300BEF1000F00D02970524503D200203A7039
S214025310FDF7E6F83B7823B32B78164804EB031424
S214025320A188C8F8006003B0BDE8F04F19F0B2BD1E
S214025330B3F804C0CC450FD84FF0010E93F802C064
S21402534001310CF1FF3C013AA3F804B083F802C025
S214025350C9B2D2B21033D0E701988444A3F804C08D
S214025360F8E703B0BDE8F08F866500208765002069
S21402537000450020F46C00202C5700207FB56C46B8
S2140253801E4B1F4D1E78013EF6B21E7095E80F00AA
S21402539084E80F001B4B28461A7805F110013244A8
S2140253A01201F5F769FE9DF8026016F00F0511D19D
S2140253B0BDF808000EF0C4F9360918BF29464FF0AA
S2140253C00002BDF8000008BF039904B0BDE87040B3
S2140253D003F0F4BCBDF80400FFF728FF03468288FA
S2140253E004ADADF80420224603CAAA4218605960EA
S2140253F0144603F10803F6D104B070BD866500209A
S2140254000045002087650020F8B50024084D094FA6
S214025410094E3B783178E2B20B449A4204F1010419
S21402542000DBF8BD2846FDF725FD1035F1E700BF85
S21402543000450020876500208665002070B5134B66
S21402544006460D46104612491A78124B09781B7802
S2140254500B44934206DB1F204FF6FF711AF0BCF88E
S214025460002070BDFFF7E2FE013506808570044617
S21402547019F0FFFFE0800EF069F940F60243208142
S214025480E3600020FDF72CF80120EAE7326F0020E7
S21402549087650020866500202DE9F84386460023AE
S2140254A0144FDFF85C803E7898F800501249721963
S2140254B0DCB294421CDA4FEA041C31F80C90013339
S2140254C0F14501EB0410F3D1631CD21A0CF1100C57
S2140254D012016144F5F7D0FDA5428BBF05F1FF35F9
S2140254E006F1FF3688F800503E700CB9034B1C706C
S2140254F0BDE8F8838765002000450020856500200A
S21402550086650020044B054A1B781278D3420CBFEE
S21402551001200020704700BF8665002087650020B6
S214025520024B1878003818BF0120704786650020A5
S214025530002108B5084B09481970094B1970094B28
S2140255401970094B1A781201F5F744FDBDE80840B8
S2140255500648FDF77FBF00BF876500200045002094
S2140255608665002085650020326F0020F46C0020DE
S21402557010B50B4C23784BB10A4803F0ABFD58B17B
S214025580084B0121188815F0F5FE08B9002010BD59
S2140255900122054B1A70FAE7FFF7F0FEEAE700BFB2
S2140255A086650020004500208565002010B50E4B5C
S2140255B01B78BBB10D4C238883424FF0000311D1F8
S2140255C00B4AE160137049B9A3781033A37016F042
S2140255D0C7F918B9A37823F00F03A370FFF7CEFE1E
S2140255E0012010BD1846FCE7866500200045002015
S2140255F08565002070B592B00C46064613F0B9FCDD
S214025600E17A05460020FCF72DFC28B394F90A003F
S21402561015F00EFD10BB134BE27A294683F858208C
S214025620A27A83F85A206A46FCF750FF4FF6FE73BA
S2140256309E420CBF4FF6FF7323896A462946002016
S214025640ADF80660ADF80430FDF7F6F940B92289E8
S214025650054B5A8012B070BD5520FBE75620F9E77D
S2140256602120F7E7445600203057002010B50446A4
S214025670014608220948F5F7FFFC237B022B0AD8CD
S214025680002B14BF3122012205490B7017234B61F0
S214025690044B1A7010BD00230122F5E73457002090
S2140256A030570020F4640020014610230120014AEE
S2140256B0FDF74ABF64EE0100014B5861704700BF18
S2140256C030570020014B1878704700BF3057002033
S2140256D010B5054C2378112B03D0E221034819F0AC
S2140256E0D4FE4123237010BDF464002062920400AD
S2140256F0064B01461B78042B04D1054A137E05335C
S21402570013767047034819F0C5BB00BFF564002046
S21402571030570020146D002008B50648FDF7AAFB96
S2140257200548FDF7A7FB13F06BFDBDE8084001F046
S21402573003BB00BF245E0020585E0020064B18788C
S214025740332806D000F0EF00A0F143035842584138
S21402575070470120704700BFF4640020002208B59D
S214025760074B4FF6FE701A7015F0CEFC4FF6FF7020
S21402577015F0E7FC034B5869BDE8084013F0CEBCB1
S214025780F46400203057002008B5064B187838B16C
S2140257900548FDF74BFE4FF47A73B0FBF3F0C0B248
S2140257A008BD00BFE9640020704800202DE9F043E0
S2140257B08BB00746154698460E469DF8489049B95E
S2140257C0104605AC19F09AFC21460BF0B5FD1728D9
S2140257D018BF2646B9F1000F0AD1124B1B781BB927
S2140257E0284617F00DF8D0B92846FEF713F902E05E
S2140257F0284617F005F880F00104E4B29DF8503010
S2140258002A4602939DF84C303146CDE9009338463D
S2140258104346039415F00CFF0BB0BDE8F0834C46EC
S214025820ECE700BFF06400202DE9F04F97B09946F0
S2140258309DF88830BDF880B0219D08939DF88C3085
S2140258400E4658460FA90492079317F053FC05B369
S214025850002800F0208195F801A00FACCAF3400A98
S2140258608E4B19F0800F1B7814BF4F4649F0800705
S214025870022B17D04FF6FF78002D40F087810225C5
S214025880584615F08DF92B464246214615F0A9FCDE
S214025890BCE0584615F005FA0446002800F0FB80E6
S2140258A0AA46DDE71EB97E4B1B78002BE2D00DF12F
S2140258B03A012046FEF7FCFA584615F005FA01288A
S2140258C038BF0120C3B2059395B3281D19F0BBFE5D
S2140258D0804609F002032046069315F0E4FB2146B3
S2140258E009908146002019F0D9FB069A099B12BB43
S2140258F0FF2820D1F2F7E6FA6A4A1278824200F0CE
S21402590032814FF6FF72099B934214D1FEF726F8B6
S214025910002800F028814FF6F773984523D916F031
S214025920BCF811A98146FEF7E9FA0028F7D02EE066
S214025930BDF83A80CDE74FF6F772904520D89342ED
S21402594011D898450FD0194622460AA819F072FBBC
S2140259500A980B9913AB03C3BDF83020022113A893
S2140259601A80FEF739F9404611A9FEF7C7FA024631
S21402597028B9082111A815F04DFB002866D0C146AB
S2140259804FF6F67209F1FF339BB29342C7D8BAF1CB
S214025990000F03D1444B1B78002B60D1584615F0FC
S2140259A0FFF8059B4A4601930123214600933B4696
S2140259B0FEF7E4F84FF6FF739842804600F0D38075
S2140259C0014600220AA819F035FB0A980B9913AB78
S2140259D003C3BDF83020022113A81A80FEF7FCF894
S2140259E0002D3FF44DAF002E40F0D28045460123F5
S2140259F0C7F3C0074246CDE9016321462B46049809
S214025A000397CDF800A015F013FEA846BAF1000FD2
S214025A100FD04FF6FF7398450BD0404619F06EFB39
S214025A20FF281FBF214A32F8103023F4804322F8A1
S214025A301030089B7BB315F05BFB249B014600935A
S214025A404246234607980CF0EDFC24E00822204646
S214025A5011A9F5F70BFE00287FF461AF8FE7002D42
S214025A6064D0134B1B68980727D5049B0F2B21D0B5
S214025A70281D19F0E8FD02230121CDE9013100239A
S214025A80C7F3C0070246009321464FF6FF730498F9
S214025A90039715F0CDFD17B0BDE8F08FF464002033
S214025AA0E9640020ED640020F0640020E85D002038
S214025AB0C4480020079B012BDAD1281D19F0C3FD2C
S214025AC0804619F01BFB0990404619F099FE4FF6E6
S214025AD0FF71BDF83A208A4256D04245099B53D1FF
S214025AE0FF2B4AD0184616F0A1FE784010F0EF0FB2
S214025AF014BF01230023BDF83A00099319F0FEFAF9
S214025B000690BDF83A0019F07BFE099B66B14FF687
S214025B10FF7CBDF83A10614506D0414504D0069A8E
S214025B200240D2B2FF2AA3D1002BA1D12246494677
S214025B300AA819F07FFA0A980B9913AB03C3BDF8AB
S214025B40302058461A8015F02BF83A460146059B37
S214025B5013A8FDF7DDFF30B94FF6FF73BDF854808A
S214025B6098457FF43DAF4FF6FF789DB10126281D7C
S214025B7019F069FD4546804639E7FF2804D0069BA2
S214025B80B3FA83F35B09B6E70023B4E70226EEE72F
S214025B900026ECE7012573E60022014B1A767047D1
S214025BA03057002008B50B4B1B78022B10D10A4B3E
S214025BB01B78033B012B0BD9084B187800F0010029
S214025BC0FEF730FA0023064AC2E90133538008BDC5
S214025BD00020F3E7F4640020F5640020E964002066
S214025BE03057002038B5174D2B78033B012B1CD8B5
S214025BF0154BB3F868204FF6FF739A4215D103206F
S214025C00FDF728FD02F0CEFBFFF7CCFF2B78033B17
S214025C10012B01D909F0FCF8002018F045FF78B1F5
S214025C20BDE83840002015F0D1B8FDF7FDFC04466B
S214025C30FDF7F4FC0146204608F05EFB0220DFE793
S214025C4038BD00BFF56400204456002008B5114A4E
S214025C50114B58611378032B1BD0D3B1332B01D0D1
S214025C60432B10D10D4B1B78033B012B05D8032386
S214025C701370BDE8084013F051BA13F04FFABDE8AE
S214025C800840FFF7AFBF21231370BDE8084002F0BB
S214025C909DB908BDF464002030570020F56400204A
S214025CA038B504461348FDF7D5FB134B1B78013B6A
S214025CB0012B1DD8114D5CB92B7823B140F6194043
S214025CC02C7013F02BFA0024FFF76CFF204638BD29
S214025CD0FF2C05D04FF47A710648614319F0DAF8C2
S214025CE02B78002BEFD1012340F618402B70E8E703
S214025CF00224E9E770480020F5640020E9640020E9
S214025D0038B5114D04462B78834218BF287013F01D
S214025D103BFE80B124B9204613F038FE02220DE085
S214025D20012013F033FE2B781A1F012A05D9062B01
S214025D30F4D1032202E0002CF5D10122BDE838405E
S214025D400021084615F09ABBF564002030B50446DB
S214025D5085B068460D46FFF7A7FC94B10021284699
S214025D60144A02F043FB144B20681B7861688DF8D6
S214025D700430124B1B788DF8053002AB03C306F0D5
S214025D80B1FA0F4B93F8582093F85A308DF8032047
S214025D908DF8023015F0C9F9ADF8000015F0A8F933
S214025DA01023ADF8060069460020064AFDF7CCFB34
S214025DB005B030BD00F8FF07286F0020F56400200C
S214025DC04456002064EE010010B5144B04461A78BF
S214025DD0134B002083F8582018F066FE10B10020FE
S214025DE014F0F4FF00210846FFF7B0FF0D4B1B78B6
S214025DF0033B012B0ED813F0BBFD2046FCF754FEE6
S214025E0040F6174013F08AF90023074A1380074A20
S214025E10138010BD0BF016FCEFE700BF886500206C
S214025E2044560020F5640020FE5D0020FC5D002044
S214025E301FB504466846FFF737FC54B100238DF8B9
S214025E400530102369460020064AFDF77DFB04B0A4
S214025E5010BD15F04DF9ADF8060015F066F9ADF86F
S214025E600000EEE764EE010010B50146044600208D
S214025E70FBF7F8FF90B10C4B1B78023B032B0FD8B5
S214025E800A4B1C7019F0EAF960B9094A0949FCF78D
S214025E907FFB003818BF0120800010BD5520FCE7AC
S214025EA00220FAE74D20F8E7F46400208865002017
S214025EB08D950200C95D0200F8B5064619F0CEF9C6
S214025EC0044668B918F0F0FD50B1064D204695F824
S214025ED0587085F8586014F079FF10B185F858703C
S214025EE04D20F8BD445600202DE9F0418046184664
S214025EF0033B012B0E46174602D918B121243CE07B
S214025F00FFF7FEFE294B1B78012B4CD0284B1D7841
S214025F10022D08D0032D46D1B8F1000F03D1254B30
S214025F201B689B073FD43320FDF794FB01F0E8FC87
S214025F30B6F1006F34BF204B052231464FF0060003
S214025F4038BF1A78FEF776FA044628BB1B4D28732C
S214025F50012000F029FF15F0E8F868802846B8F11D
S214025F60000F0DD0022300F8043B15F0D9FB6C732A
S214025F702F613946304613F00BF82046BDE8F08113
S214025F80012300F8043B15F0CBFB6C732F613946F6
S214025F90304612F0FCFFF0E72846FDF75BFBB8F14F
S214025FA0000FF4D0E5E70224E7E700BFF56400201F
S214025FB0F4640020C44800205B6F002030570020A5
S214025FC0034B187818B9034B034A1B78D05C70470A
S214025FD0F3640020F56400203BDF040038B5174B5D
S214025FE004461B78033B012B06D8437BDB0703D50D
S214025FF090F9090013F0BBFC0025114B83F85950A9
S2140260002079FFF759FFFFF7DBFF618824880346F4
S21402601022462846FEF720F8044620B11720FFF74E
S21402602015FE204638BD1723064DC82106486B616B
S21402603018F030FF03232B76F3E700BFF564002049
S2140260404456002030570020146D0020F0B51A4D3B
S21402605006460C4693B0A5F8680005F16A0729BB08
S214026060C5F86A10796012F084FF6A46014600207D
S214026070FCF72CFAD5F86A30ADF81060CDF812307D
S2140260807B68CDF8163012F074FF6A46014600208F
S214026090FCF7D2FC4FF6FF73B5F86800984203D0BF
S2140260A014B1064912F077FF13B0F0BD0822384645
S2140260B0F4F7E2FFD7E700BF44560020AE560020B2
S2140260C02DE9F041DFF8B8801F4698F80030054603
S2140260D00C4616461BB102252846BDE8F081531E23
S2140260E0052BF8D819F0BAF80028F4D13B7B032B1D
S2140260F014D14FF6FE739C4212D1012E09D0022E05
S214026100E9D114F0F5FF4FF6FB73984203D814F06A
S214026110EFFF044604E015F0C0FCFAE7012EDAD0E1
S214026120EDB939462046FFF765FA05460028D3D171
S21402613098F80030332B03D0532B1CBF0E4B18613C
S2140261403046FFF7DDFD00214FF6FF70FFF77EFFBA
S2140261500A4B1B78002BBFD00BF048FABCE7397B02
S214026160721ECB1E594259415042504107F054F913
S21402617005460028D5D0AFE7305700205C6F0020D8
S214026180F46400202DE9F84305468846914614F04B
S214026190AFFF3F4E04463378033B012B06D86B7B9A
S2140261A0DB0703D595F9090013F0E1FB14F0A0FF15
S2140261B0384B394F188014F0B8FF384B1880FDF76B
S2140261C02DFA374B1880FDF72FFA0822014635487C
S2140261D0F4F752FF14F055FF334B18702879FFF787
S2140261E06BFE00216888FFF731FFFDF72DFB60B1DB
S2140261F04FF6F672631E9BB2934206D915F04DFC1B
S214026200B7F8683004468342F8D0204614F07CFF84
S214026210288814F096FF4946B7F86800C047044637
S21402622028B91920FFF712FD1920BDE8F883B7F840
S214026230681014F0F4FC00231C4D87F859302B78B4
S21402624003F0FB03022B02D0204615F0E1F90022F0
S21402625020461146FFF7F2F80446A8B117236B61F1
S2140262603378042B09D1C821114818F013FE0323F2
S2140262702B7684F00100C0B2D7E74FF416710C48B3
S21402628018F008FE0023F3E71720FFF7DFFCF0E71D
S214026290F56400202E5E0020445600202C5E00206E
S2140262A02A5E002089650020916500203057002074
S2140262B0146D0020F0B50C461E460B4620490746D4
S2140262C089B004F1140053F8045B834241F8045B7E
S2140262D0F9D11B8802AD0B80D4F80E00D4F8121048
S2140262E0238803C5ADF8103023798DF812208DF877
S2140262F0133000233A468DF814304FF6FE71012013
S21402630002ABFFF7DDFEC8B902A8FFF7AFF9237BA1
S2140263104BB10C4D0C4B01AA29460120019313F0F8
S21402632002FB2A781AB92046FFF758FE03E02046F9
S2140263300199FFF727FF08B9044B1E7009B0F0BD9C
S214026340305E00203057002037B7030092650020E9
S21402635001232DE9F341304E05460F4600202F4912
S2140263601446737300F0EEFC13F003FBDFF8AC8008
S21402637038B9012D01D9042D0FD12146384612F025
S21402638091FE102000210AF07FFC00283CD000205D
S21402639002B0BDE8F041FCF7A3B8002CF1D1204BC7
S2140263A01B78212B03D0062B01D0532B02D101F0F0
S2140263B00DFEE6E7FDF748FA0028E2D000F0EEFC14
S2140263C028B9307BC0F11800FFF740FCD9E7154B1F
S2140263D041462046019300F0B5FC20B140F6190173
S2140263E0114819F052F801AA0B4998F80C0013F05C
S2140263F09AFA32781AB90948FFF7F0FDC1E701990F
S2140264000648FFF7BFFEBCE7FFF78AF80028BED1B2
S21402641002B0BDE8F08100BF30570020305E002099
S214026420F464002037B70300629204001FB5144BD1
S21402643004461B88DB0707D44FF6FF700021FFF7E0
S21402644005FE002004B010BD0A230E4A012001A951
S214026450FDF77AF84FF6FF73BDF80C209A42EBD0A0
S2140264600822FF2101A814F0D5FD0028E4D10CB9BA
S2140264700120E7E7BDF80C0001A9FFF7E7FDF7E703
S214026480485E002026E1010038B50C46154614F099
S2140264903BFE03F0AFFE29462046FFF7D7FD00F08D
S2140264A07DFC48B1074BDB790E2B28BF0E23013348
S2140264B0DBB2054A137038BD044B1B78013B18BF8C
S2140264C00123F6E7305E0020A8650020F564002070
S2140264D038B500220821044614F09CFD0546C8B9CA
S2140264E014F006FE2A464FF6FF71FFF7CDFF204650
S2140264F0217CFFF72BFC6269E189207C01F076FFA4
S214026500054B1B78012B01D107F0F6F8FFF76AFB63
S214026510002038BD0120FCE7F564002038B51D4692
S214026520FFF7CEFD0446C8B92B7B2846032B03D1C2
S214026530BDE83840FFF7CCBFFFF798F8084B254672
S2140265409C8114F09EFD0121064B81401A7806209C
S214026550FDF770FF044608B1034B1D70204638BD98
S214026560305700205B6F0020F464002030B5012015
S21402657087B0FFF75BFF6B460446144A1068516803
S21402658003C384B905F0BCFE02A8FFF78DF84FF6E8
S214026590FF752246BDF80E002946FFF775FF12F07A
S2140265A000FD07B030BD6B46094AD2F86A00D2F841
S2140265B06E10B2F8685003C305F0A2FE02A8FFF7F9
S2140265C073F86A46BDF80E00E6E700BFCA1B040071
S2140265D04456002073B53A4B04461B781BB102247E
S2140265E0204602B070BD18F039FE0028F7D100F040
S2140265F0E5FB14B12288334B1A8000210DF1070007
S214026600FDF7ACF8002856D115F07BF804460028B2
S214026610E6D12D4D9DF80700FFF772FB2B785A1E28
S214026620012A1FD8FFF7A2FF2B78033B012B01D8C4
S21402663001F014F9FFF7D6FA012014F0E9FC03463C
S21402664000283AD12A78033A012AC9D81D4A108866
S21402665010F0020521D0052201201C49FFF744FC58
S2140266600446BDE7033B012B04D82046FFF7DEFEB7
S2140266700028D7D12B78053B012BB1D8FFF776FF40
S214026680FFF7B0FA2B78052B0CBF04200520FCF789
S214026690E1FF012014F0BCFCE2E70D4E0223314676
S2140266A001200C4AFCF750FF33885B0798D5284632
S2140266B001F0E8F894E7172492E7044690E700BF53
S2140266C0F4640020485E0020F564002000F8FF070E
S2140266D0FA5D002027E101007FB50024184E194D0F
S2140266E03278E3B29A4201D804B070BD4FF6FF7317
S2140266F0B5F868209A421AD0134B1B88DB0714D5CC
S214026700124AB5F8683010685168ADF80C3001AB23
S21402671003C30F4A0A23002001A9FCF715FF022330
S21402672000200C4A0C49FCF70FFF0134D8E7002280
S2140267300821064814F06EFC0028F6D1DCE700BFFC
S214026740346F002044560020485E0020AE560020DB
S21402675026E1010027E10100FA5D002010B501F0F4
S214026760CFF802F013F8D8B10E48FCF773FE0E48C5
S2140267700E4C017A0E30FFF7E9FA23781BB100F0CF
S214026780BFFA002323700022094B1A73FFF72AFA76
S21402679008F056FD01F044F9BDE81040FFF79CBF33
S2140267A010BD00BF146D0020305E002092650020F0
S2140267B03057002010B52548FCF74CFE01F0E6FFE6
S2140267C030B1234B1B781BB9BDE81040FFF7C6BF9C
S2140267D001F0DCFF78B11F4C237E83B1C8211B4831
S2140267E018F058FB0021237E0846013B2376BDE8BD
S2140267F01040FBF7E3BEFDF727F80028EBD1FDF7C4
S21402680023F8154B1B7858B9112B03D003F0FD0360
S214026810412B19D1BDE810400E4B5869FFF716BA46
S214026820332BF7D10D4B188814F06EFC0C4B1888DE
S21402683014F087FC0B4B0C491888FFF707FC0B4B30
S2140268401878FFF739FBE5E710BD00BF146D00208E
S214026850F064002030570020F46400202E5E0020F2
S2140268602C5E00202A5E00208965002091650020AB
S2140268702DE9F04F0F4685B002AD0446294638464C
S214026880914616F037FC4FF0000B82463846CDF89C
S21402689004B014F08DFA4678022C804606F0020602
S2140268A009D85CB1FCF7D0FF0446002848D1754BE6
S2140268B001241B7865E0043C022C3AD9FCF7C4FF9D
S2140268C0384614F0EEF900240546A046DFF8D8A1B3
S2140268D0384614F06DFA50F809300DF105000193B0
S2140268E018F0B1FE9DF807B00746B8F1000F4DD17B
S2140268F0BBF1000F5BD0DFF88C9199F800300BB13A
S214026900002E63D0002C61D05F4B1B78022B5DD12A
S214026910BBF1000F53D1384614F0F6FB58465946E1
S214026920FFF714FA08F08CFC40F6074012F0F6FB6C
S21402693034E014F0B5FEFCF787FF0446F8B15C4677
S2140269404EB1524B1B78012B02D0043B012B0BD8C5
S21402695005B0BDE8F08F4B4B1B782BB14B4B1B7829
S21402696003F0FB03022BF3D0BAF1000F404608BF38
S214026970002516F0B2FB4FF001088246A8E7414B0D
S2140269801B78002BF0D0002EEED1E1E7BAF1000F13
S214026990AED05046FDF73AFB0028A9D1002018F0E9
S2140269A083F80028D4D0002014F010FAD0E74FF66F
S2140269B0F7739F429FD91720FFF748F9EEE7FCF7D7
S2140269C043FF48B13248FCF745FDF4E7FCF73CFFCD
S2140269D010B1BBF1000FF5D1FCF736FF0028DDD071
S2140269E02846FDF767FFFF28DFF89CA0294C03D056
S2140269F09AF80030012B04D12946B4F86800FEF755
S214026A00C5F8FEF781F92A463846B4F86810FFF74B
S214026A103BFD214B214A93F906301B0213809AF85C
S214026A200030012B19D0312B14BF432311238AF8CF
S214026A3000301B4B1648196818F02CFA00F00EFFAF
S214026A400023124C99F80010237641B9104818F02A
S214026A5021FA40F61B436361A0E71123E7E7B8F18A
S214026A60000F03D016B1FFF779FEF2E70D4B1B7845
S214026A70042BEED10521064818F00CFA09232376DA
S214026A80E7E700BFF0640020F464002030570020DF
S214026A90146D002044560020305E0020465E002022
S214026AA0346D0020F5640020776500202DE9F04360
S214026AB0084693B00E4614F07BF909220021804660
S214026AC018F03CF80446304614F0EBF80522074668
S214026AD00DF1090330460AA912F07AFB0228814614
S214026AE01DD09DF8093031461C440023E4B204F15F
S214026AF0100218F8045001200093D2B210F0C3F925
S214026B0068B1072D09D855B1013D062D07D8DFE833
S214026B1005F00918068A062541007C2D45D013B0DB
S214026B20BDE8F0835B4B1B78013B012BF7D8304660
S214026B3014F036F8002332461946009414F0B4FDD9
S214026B40EDE7554B1B78012BE9D1544B18780028FA
S214026B50E5D122463146FFF78BFEE0E74D4B1B7828
S214026B60013B012BDBD8384609F0DCFF4FF6FF73FA
S214026B709842044606D0304614F012F822463946A9
S214026B8014F01EFB444B1B78022BC8D1384612F079
S214026B9087FAC4E73F4B1B78013B012BBFD8494617
S214026BA030460AAA00F01EF9B9E73A4B1B78013BB9
S214026BB0012BB4D8A04498F8012098F80230652A30
S214026BC0ADD16D2BABD1304618F094F81334E4B245
S214026BD08442A4D20822394603A8F4F74DFA214685
S214026BE030460DF10A0216F0C8F9002897D1BDF812
S214026BF00A30002B93D005A809F0B0FA0123284DDD
S214026C00BDF80A002B7018F075F80446BDF80A00A5
S214026C1018F054F8E2B2034605A903A812F0DAF90E
S214026C2000232B707BE71B4B1B78013B012B3FF6A7
S214026C3076AF06220021404617F080FF404418F047
S214026C4002FD0746FCF758FE044600287FF467AFAD
S214026C50304613F0A0FFC3047FF561AF46F204038B
S214026C600121ADF8143038460223CDE9004405AAC6
S214026C7016F0D2F9054600283FF451AF394613F014
S214026C80CEFF304613F08CFF22462946FDF706FA61
S214026C9045E700BFF5640020F4640020305700206A
S214026CA0C365002008B5084B187050B1074B1B8807
S214026CB03BB14FF47A710648594318F0EBF80020BE
S214026CC008BD0120FCE700BFE7640020D26E00206A
S214026CD070470020014B1878704700BFE764002019
S214026CE0014B188000207047D26E002008B5FCF7D2
S214026CF0B1FB0022014B1A7008BD00BFE7640020FA
S214026D0010B50024044B05481C80054B1C70FCF78C
S214026D10A1FB204610BD00BF4A5E0020386D002051
S214026D209C65002008B50348FCF794FBBDE80840C4
S214026D30FFF7E6BF386D00200148FCF79BB800BF9E
S214026D404A5E0020F7B5134B04461B780E46EBB19D
S214026D5083421DD90021104818F0D9FC00250146AF
S214026D600D4F09B9012009E0AC4209D100241623CF
S214026D7022463046009418F067FD204603B0F0BD68
S214026D80384618F0E8FC01350146EAE71820F5E730
S214026D902720F3E79C6500204A5E0020014B187806
S214026DA0704700BF9C65002025289DBF024B1870C7
S214026DB000202120704700BF5E6F0020012307B528
S214026DC01846064A0DF10701FCF7BEFB9DF80720A0
S214026DD0034B1A7003B05DF804FB00BF29E1010003
S214026DE0D46E0020F8B507460E46144613F059FF37
S214026DF01A4B05461B78022B2FD1194818F0B5FC02
S214026E0058BB284612F001FA38B3224631463846B5
S214026E1012F0F7F908B312F0AFF80446384613F04A
S214026E20BFFE104B012E1A784FF00F0303FA02F33F
S214026E309BB2B4FBF3F203FB124404F10104A1B2C9
S214026E4006D1094B094A1E702B6813606B685360A3
S214026E500348BDE8F84018F01DB8F8BDF4640020F9
S214026E60904800205D6F00209B65002093650020FF
S214026E7084B010B502AC84E80F00082227480DF152
S214026E801601089CF4F7F2FB08BB9DF815309A072A
S214026E9005D4234B1B7803F0FD03312B1DD121496A
S214026EA06378097803F00F028A4203D0012922D1BF
S214026EB0022A12D1227882B91B09022B0DD11A4B53
S214026EC0A0781B78022B1AD1C0F3800006E00022BD
S214026ED00821124814F09EF820B90020BDE81040A0
S214026EE004B07047114BBDF808205B889A42CCD09C
S214026EF0002BCAD0F1E70229EFD1012AD9E703060F
S214026F0009D40B4BB3F86820BDF80A309A42E4D194
S214026F10FEF714FCE2E70120E0E700BF345700204A
S214026F20F4640020286F0020F5640020305700200B
S214026F3044560020284BF0B55D88002387B08DF8B4
S214026F400830264B0DF10B001B7805F0010743F0C5
S214026F5020038DF8093014F0E3FB6FF07F43ADF8A1
S214026F6013308DF8153014F059FC1D4B8DF81600B1
S214026F701B7805F01006DB00DCB2F0F7A3FF194B16
S214026F801B7883422CBF44F0040344F084032FB1E1
S214026F90A9061ED426B143F0020301E0AA07F9D4DB
S214026FA0002108468DF80A3017F0FCFEADF8060000
S214026FB058B101230F2202A90DF10600FCF79EF933
S214026FC018B90DF1060012F0ABFCBDF8060007B0CA
S214026FD0F0BD43F00103DDE7D46E0020286F0020E9
S214026FE0A8650020ED64002010B5FCF733FA0A4BC2
S214026FF01B78022B0CD1094B1B78033B012B07D9BC
S214027000074C207828B1002012F002F900232370E2
S21402701010BD14F0A8F8F9E7F4640020F564002027
S2140270209B65002084B02DE9F0478EB016AC84E84C
S2140270300F00DFF878C1594BBCF802009DF85DA03E
S21402704010F001049DF96220BDF870E09DF875907D
S2140270509DF976709DF878509DF97A109DF95E80BC
S2140270609DF860601B7835D09DF87D00C0F3400423
S214027070C0F38000002B4AD0494B1B78022B09D163
S2140270808A4244DB24D1A81BC0B280288CBF0020D1
S214027090012016E0434B1B78012B01D1002C7AD03D
S2140270A078B19CF800301E335BB29F42D4BF0027F3
S2140270B001279845D4BF00230123BB4206D18A424A
S2140270C0E0DA0EB0BDE8F04704B070473846F8E79D
S2140270D00020F6E710F0020F18D0C3B1490814BF1B
S2140270E001200020520814BF012300238342E8D166
S2140270F0AB1BDBB2802B0AD9AE42E9D1B84506DB20
S21402710049D1CA452CBF00200120DAE70BB901207D
S214027110D7E7AE4216D002AC1CAF0FCF0FC497E82B
S214027120030044F8040B2180DDE91A0116AB009037
S214027130ADF804100FCB12F0EDFB0028E7D1AE42FB
S214027140A1D1BEE7BDF8583073451ED008AC0DF18C
S214027150700CBCE80F000FC49CE8030044F8040B54
S2140271602180114C638873450FD10822211D0DF131
S2140271702E00F4F77BFA024638B90821201D13F0D8
S21402718049FF10B96388002BC1D1B845BFDBC2D115
S214027190CA45BCD3BFE7204693E700BF9C650020E4
S2140271A0F5640020F464002030570020D46E0020DE
S2140271B084B02DE9F04F8FB06A4E18AC08AD84E863
S2140271C00F00162200212846F3F704FF33783BB956
S2140271D00024654B32781B789A4239D2002726E083
S2140271E00021624818F093FA00270446B846DFF8F2
S2140271F07C91002C45D13FB1224639465B4813F0BC
S2140272006CFE3378013B33703378002BE0D00021DC
S21402721056484FF0000918F07AFA4F468046CA469A
S214027220DFF848B1B8F1000F6CD1002FD1D016218B
S214027230002218A813F0D7FD014648B1002F00F02F
S2140272408B802246494813F0EEFD337801333370C3
S214027250454B32781B789A4207D944480022018867
S21402726013F03BFE3378013B33703378012B03D1A6
S2140272703F49404817F00EFE0FB0BDE8F04F04B08D
S21402728070470022214616232846CDF8008018F0C3
S214027290DBFA1622294618A8F4F7E8F90028EBD0FC
S2140272A09DF864209DF824309A4225D1BDF86020CE
S2140272B0BDF820309A421FD108220DF12E010DF1A1
S2140272C06E00F4F7D3F9B8B902AF0DF1600CBCE862
S2140272D00F000FC79CE8030047F8040B39800EAB7B
S2140272E013E903000090ADF8041095E80F00FFF7CD
S2140272F099FE0028C0D027462146484618F02BFAA9
S214027300044676E71623002241462846CDF800A01A
S21402731018F09AFA02AF0DF1600CBCE80F000FC726
S2140273209CE8030047F8040B39800EAB13E9030010
S2140273300090ADF8041095E80F00FFF773FE0746BD
S21402734020B1B9F1000F04BF444681464146584673
S21402735018F001FA804665E73A46044818F0DDF967
S21402736073E700BF9C6500205E6F00204A5E002027
S21402737020BF0200386D00202DE9F04F00210446A0
S2140273809FB00DF14008162240460E91CDE90C1131
S214027390CDF83B10F3F71EFE052220460DF11F0323
S2140273A016A911F015FF0228074600F0F8802046BD
S2140273B013F0FEFC064618F046F98146F01C18F05B
S2140273C042F9ADF84000701D18F03DF9012FADF8F6
S2140273D04200204640F0E68013F0EAFC05462046CE
S2140273E017F06CFC0D3502232D1A009321464346F6
S2140273F00820EAB20FF047FD002800F0D0802046B1
S21402740013F0DBFC012F83469DF84D3040F0E380FD
S21402741000252F4643F001038DF84D3016AE338813
S214027420022B4DD1F178204602310CF00FF81B28C2
S21402743046D1F178204603310CF008F819283FD1DE
S214027440F178204604310CF001F84A2838D14FF082
S214027450050AF1782046013151440BF0F7FFF17826
S2140274600590514420460BF0F1FF059B00EB0320EC
S21402747083B200F03F02932B059240F09B800023DC
S214027480F778214602375744FFB23A4600930CA8D3
S2140274900F2318F0D9F907F10F01204615F003FD66
S2140274A007F111010546204615F0FDFCADF8420035
S2140274B0059B023353445FFA83FA33795345C8D89F
S2140274C006360DF17603B342A9D19DF84D20C5F3D9
S2140274D0C03363F3410220468DF84D2013F0FFFBC4
S2140274E08DF84400204613F0EFFB8DF84500204649
S2140274F013F0EFFB9DF83230BBF1190FC3F3C30252
S2140275008DF84720DDF833208DF84600CDF84E2062
S214027510DDF83720CDF8522094BF00229DF83E2099
S2140275208DF8482003F003028DF84A206E4A12783E
S214027530022A9DF84D200CBFC3F38003DB0963F3D8
S21402754082026A4B8DF84D201B78022B57D1BDF86C
S214027550406013F0EAFD864251D108A814F0E0F824
S214027560BBF1190F48D908220DF14E0108A8F4F70D
S2140275707DF800283DD1B9F5004F02D0B9F5624F2B
S2140275800DD140F6FF7325F440459D4207D10022F7
S21402759008210DF14E0013F03DFD00283FD01FB02C
S2140275A0BDE8F08F13F004FC0546204617F086FB74
S2140275B0073518E7412B7FF47BAFF178204602317E
S2140275C051440BF043FF4A4B1B78C3F1B3031844F4
S2140275D08DF849006CE76FF30003F01D8DF84D300F
S2140275E018F031F80CA90546204614F0CDF80B2702
S2140275F06BE700F0B3FFBEE700F0B0FFCFE7B9F5E8
S214027600004F02D0B9F5624FC9D140F6FF7325F498
S21402761040459D42C3D1BBF1190FC0D9B7E7BBF1B4
S2140276201A0F06D007F11F0142462046C9B212F0D1
S21402763079F9304C304D637BDBB12B78012B1DD1B1
S214027640012323730CAB029314AC94E8030000905E
S214027650ADF8041098E80F00FFF70AFC90B194E822
S21402766003000090ADF8041098E80F00FFF7A0FDA5
S21402767008E0FCF7E9F80028DFD0E1E703F0FD03B5
S214027680042BDDD02B78012B01D0042B87D11B4B8A
S214027690DDF84E001B78DDF852108DF82230BDF86A
S2140276A04030ADF820309DF84D30C3F340038DF8DE
S2140276B023309DF8313003F00F038DF82C309DF8FF
S2140276C048308DF82D3009AB03C30D4B1B681BB138
S2140276D0414608A8984762E79DF946209DF845105E
S2140276E008A811F0DBFC5AE7F5640020F4640020D9
S2140276F0A36500203057002080650020A265002088
S214027700245700202DE9F043424B434C1B7885B0AA
S214027710033B012B22D817F0B1FE2378022B31D17E
S2140277203E4A1468A0422DD03D4910600A68121BDA
S21402773010443C4A0860127872B1013A93403C22E7
S21402774053434FF47A72534398421BD9032005B031
S214027750BDE8F043FBF77EBF0A23F2E717F08EFE82
S2140277602378022B0ED12D4A1568A8420AD000278C
S214027770DFF8BC802C4E1060451B98F80030FCB237
S214027780A34202D805B0BDE8F08356F8243020465E
S2140277902B4446F8243017F009FDC3074FF00009C2
S2140277A010D5204609F0FEF970B156F82430242B85
S2140277B008D9102200232046CDF8009009F00CFAD2
S2140277C046F824900137D8E7184B1B5D13F00F03D9
S2140277D01FBF03F1FF32022393403C220CBF0A2351
S2140277E053434FF47A72534356F824209A42E9D907
S2140277F0204609F067F902A914F0DDFF28B12046F9
S21402780009F060F902A911F0C7FB204615F069F8E5
S214027810D8E700BFF5640020F4640020BC480020CE
S214027820B8480020236F0020D44600209964002028
S2140278303A6F0020064B1B88DB0708D50022054B53
S21402784043F82020044A135C63F00F031354704776
S2140278504C5E0020D44600209964002008B517F03C
S2140278600DFE0022024B1860024B1A6008BD00BFD4
S214027870BC480020B8480020014B1868704700BF7B
S214027880B848002008B50C48FBF7E4FDFBF736FFC6
S21402789080B10A4B0322B3F86810012012F064F894
S2140278A04FF47A71064B04481B885943BDE80840DA
S2140278B017F0F0BA08BD00BF586D002044560020ED
S2140278C0B46E0020014B188000207047D86E00204E
S2140278D0044A054B1870138823F0030318431080DC
S2140278E0002070474C5E0020246F0020034B18884F
S2140278F0C0F30E00003818BF01207047FA5D002062
S21402790008B5FFF7F3FF30B1002004490223044A0A
S2140279100880FBF719FE002008BD00BFFA5D0020B4
S21402792027E10100024B1888C0F30E00704700BF23
S214027930FA5D00200023084A01201370074A08490E
S2140279401370084B084A1B7843F004031380022383
S214027950064AFBF7F9BD00BF9F6500209E65002022
S214027960FA5D0020246F00204C5E002027E1010013
S21402797013B514468DF80710DAB9CAB20E2A18D80B
S2140279800E4B1B881341DB0713D517F0B7FBFF28F6
S21402799011D09DF807200A4B0DF107011A5400F585
S2140279A08330012200F58070E5F7D4F9204602B054
S2140279B010BD0124FAE70224F8E700BFD86E0020C3
S2140279C09964002030B5012100240B2385B0104DA8
S2140279D0019400918DF80C308DF80D000323B5F854
S2140279E0680003AA8DF80E4015F016FB68B1B5F8CC
S2140279F0681013F0B2FF40B10522064B64211A70DC
S214027A00054B06481C7017F045FA05B030BD00BF9E
S214027A10445600209E6500209F650020786D002059
S214027A20064B1B78033B012B06D8054B1B781BB96C
S214027A30044B1878FFF7C6BF704700BFF5640020F6
S214027A409D650020236F002010B51548FBF702FD48
S214027A50144B1978F9B9144A13787BB1013B1370A9
S214027A60124B1B78042B02D10846FAF7A7FDBDE895
S214027A7010404FF496710A4817F00CBA0C4A128856
S214027A8002F00302022A0AD1BDE8104003220120B6
S214027A900849FEF729BABDE81040FFF7C1BF10BD7E
S214027AA0786D00209F6500209E650020F56400200A
S214027AB0FA5D002000F8FF071FB50C238DF80C3086
S214027AC00B4B0C461B88012123F004038DF80E3065
S214027AD000238DF80D00CDE900132046032303AAE8
S214027AE015F09AFA10B1214613F037FF04B010BD14
S214027AF04C5E0020F8B5064613F0BDF80546304643
S214027B0015F0AEFA411C044689B230460BF09EFCD4
S214027B1002340746A1B230460BF098FC39460246BC
S214027B202846FFF725FF022816D02946FFF7C4FF8E
S214027B300A4B1B8803F00303022B0DD1284617F0CD
S214027B40DDFAFF2808D00022054B43F82020054A1C
S214027B50135C63F00F031354F8BD00BF4C5E0020A5
S214027B60D446002099640020084B1A785AB10223A2
S214027B70013A93404EF66022534303210448B3FB76
S214027B80F1F117F087B942F21073F6E7236F00207F
S214027B90786D002070B505461748FBF75BFC01229E
S214027BA0164B28461A7015F05BFA411C044689B239
S214027BB028460BF04BFCA11C064689B228460BF061
S214027BC045FC0F4C02232080214600200D4AFBF77D
S214027BD0BBFC86B9238803F00303022B03D1FFF70D
S214027BE03DFEFFF7C1FF23885B0704D5BDE8704062
S214027BF00548FFF747BE70BD786D00209F650020E0
S214027C00FA5D002027E10100586D00202DE9F043BF
S214027C101F4C0546238889B0002B33D01D4E002109
S214027C204FF4807009F09CFA3378DB0728D50121DF
S214027C30208817F07BF80746208813F0B9F8023040
S214027C4017F001FD05A98046208815F00FFB337852
S214027C50384613F0020F104B18BF0025B3F80090F9
S214027C6017F048F80646384617F028F8F6B202909B
S214027C70424606212846CDE9009605AB11F0CCF91E
S214027C8000232380054809B0BDE8F043FBF7E2BBBA
S214027C90545E0020A0650020505E0020986D0020F3
S214027CA02DE9F047304F80463D880E4614469946E9
S214027CB0ADB3104612F08AFFB0F5006F2FD1204602
S214027CC012F097FF824617F019FAFF2827D02EB136
S214027CD0264A32F810302B4322F81030B5F5007FD2
S214027CE036D0B5F5806F33D0B5F5807F17D1204BEF
S214027CF01B88A3421CD14FF6FF718A450FD020463F
S214027D0012F08DFF284609F059FA50B93046FFF7AF
S214027D107DFF0023174A1380174A3B801370BDE885
S214027D20F0870220002108F0AFFF0028EED1F0E72E
S214027D30104D2B88A342F2D14FF6FF718A45EED042
S214027D4024B1204612F06BFF00232B800023E3E7CA
S214027D500023094A3B80137031464B462246404672
S214027D60BDE8F04713F081BB4E5E0020E85D0020C0
S214027D70545E0020525E00208565002010B5044641
S214027D8040F62140FFF742FF01214FF4807009F0D0
S214027D90E7F978B10022084B1C80084B1A700BF0EA
S214027DA0D5FCBDE81040064B1880064B06481988DD
S214027DB017F070B810BD00BF545E0020A06500200A
S214027DC0505E0020B66E0020986D0020044A13789C
S214027DD018B943F001031370704743F00303FAE740
S214027DE0A06500202DE9F04FDFF84C9187B099F896
S214027DF00060002E40F08C80DFF840B1DFF840A132
S214027E009BF80030F4B2A34207D80022424B1A80F5
S214027E1007B0BDE8F04FFDF7ABBB20463AF814506A
S214027E2008F0C0FE8046002860D0204608F04AFED1
S214027E3015F40071074645D001464FF6FF720E2034
S214027E4013F0AEFE0546002850D0394612F0E7FE83
S214027E504FF400730027304E204633803AF8142041
S214027E6022EA03032AF8143010220023009708F0AF
S214027E70B3FE2A4B1B88DB0707D5294B294A43F852
S214027E802470135D63F00F0313551820002160431E
S214027E90254B264C0093019101232A46205CFAF7D3
S214027EA0B1FB002814BF0123002389F8003005D156
S214027EB03388B3F5807F01D11D4B1880404607B04A
S214027EC0BDE8F08F680513D5059113F0E6FD012293
S214027ED005990346009207203A46CDE90111FDF7BF
S214027EE065FC4FF480630546002DB3D1013687E763
S214027EF0104B18880028F9D0EA05F7D5394612F053
S214027F008EFE0C4B1D880A4B1D804FF48073EBE7E8
S214027F104FF00008D2E700BF4E5E00204C5E002005
S214027F20D446002099640020A17C02008013002021
S214027F30525E0020545E0020856500203A6F0020C5
S214027F40E85D0020042230B501F0400387B0002B24
S214027F50054614BF012400248DF80C208DF80D1060
S214027F6004D004A914F027FC38B304ABCDE90043CF
S214027F7001210223284603AA15F04EF80446F0B162
S214027F80104B1B78033B012B04D80F4BB3F8681039
S214027F9012F045FE4FF6F7739D4209D932220221AE
S214027FA02046FDF74BFA80F00100C0B207B030BDA4
S214027FB02946204613F0D1FCF5E70120F6E7192002
S214027FC0F4E700BFF56400204456002010B5FFF722
S214027FD097FC04F0DBFF13F019FB002014F0E6FB1D
S214027FE017F03CF908B1FCF7B7FA204C2378532B6C
S214027FF012D1032323700023FF2219460120FDF726
S21402800073FF002016F050FD10B1002012F0DEFEC5
S214028010BDE8104011F0ACBC062B01D0212BF0D1EC
S2140280200120FDF705FF4FF6FE7013F06DF84FF6D0
S214028030FF7013F086F80020FDF732FE0020FDF7F1
S2140280405FFEFDF7AFFD00F087FB11F094FC23788E
S214028050212B02D1FDF782FBD3E70020FBF7FAFAC9
S21402806000214FF4004014F0A3F9CAE7F46400209C
S21402807010B50A4C0A48FBF7EDF92378062B02D115
S2140280800120FDF7D5FE2378062B01D0532B03D112
S214028090BDE81040FFF79ABF10BD00BFF464002091
S2140280A0B86D00202DE9F84FDFF8CC8004460E4666
S2140280B01746FFF725FC98F8005015B90220BDE8D0
S2140280C0F88F212DFAD0DFF8B49099F80030012B02
S2140280D001D1A306F2D4274817F047FB0028EDD1BA
S2140280E014F0200439463046DFF894B0DFF894A046
S2140280F005F00F051BD010F04DFF012D8BF8007018
S214028100AAF8006033D1212388F80030FFF75EFF1B
S2140281100020D4E7212388F80030FFF757FF00211C
S2140281204FF6FE70FDF792FFFEF7D6FAF0E710F074
S21402813030FF012D8BF80070AAF80060EAD0062303
S21402814021464FF6FD7088F80030FFF7FBFE40F63A
S214028150020240F2262199F800300648033B012B22
S21402816088BF114616F096FE002CD1D1D7E75323CE
S214028170E6E700BFB86D0020F4640020F564002036
S214028180A1650020DA6E00202DE9FF410F46054664
S214028190511C38460BF05AF90446384612F008FECF
S2140281A00646023017F04FFA424B80461B7804F020
S2140281B04002022B02D0043B012B06D83E4B1B6822
S2140281C0580205D5A10603D452B304B0BDE8F08127
S2140281D032B33A4A1278D11E012917D8384BB3F86F
S2140281E06830AB42F1D17378180714D5304614F0D4
S2140281F074FFFBF70BFF0028E7D00122294604F0A4
S214028200200004B0BDE8F041FFF74CBF022ADCD1E3
S214028210DF01DAD4E7E712F06BFF4045D5D1ECE791
S214028220264B1B78013B012BCFD87378D906CCD5C9
S21402823002A9384614F05EFF002002A916F02EFFAF
S214028240FF2806460BD0A20601D413F0CCFA30461D
S21402825008F038FC04F0BAFE304614F042FB28461A
S21402826017F0CEFAFF280DD0FCF766FB14F02006B6
S21402827008D112F03DFF28B133460222284602A951
S21402828005F0E0FF12F034FF00289ED1A3069CD42E
S21402829002A94FF6FF73022228460EF0B5FD4FF6EE
S2140282A0FF72034600922846022202A910F064FFDB
S2140282B08BE700BFF4640020C4480020F564002069
S2140282C04456002038B504460D4616F017FFFF2820
S2140282D0034615D00B4A127842B10B4A32F81020E8
S2140282E0520403D514F0FDFA002038BD184613F0E8
S2140282F07AFA204645F04001BDE83840FFF722BE34
S2140283000120F2E7F0640020E85D002038B505465B
S21402831012F04EFD0446284614F0A2FE411C89B215
S21402832028460BF093F842060DD563781B070FD547
S214028330204614F0D2FE0146002016F0AFFEBDE83D
S214028340384014F0CEBA0348BDE83840FFF790BE76
S21402835038BD00BFB86D002038B54FF6FF75A8428D
S214028360044617D012F0E1FEA04213D04FF6FD727B
S214028370094B198891420DD9084A1288AA4201D09F
S214028380A24207D11C804FF47A71BDE838400448F7
S21402839016F080BD38BD00BFC06E0020DC6E002027
S2140283A05048002008B50448FBF754F84FF6FF7211
S2140283B0024B1A8008BD00BF50480020C06E002045
S2140283C037B505460C46082369460120064AFBF7E0
S2140283D0BBF815B19DF806302B700CB1009B2360DC
S2140283E0BDF8040003B030BD25E1010007B508233F
S2140283F08DF80600ADF80410009269460020034A84
S214028400FBF7A2F803B05DF804FB00BF25E101000C
S214028410024A13780BB1013B13707047E3640020E5
S21402842008B512F08EFE00214FF6FF72054B084685
S2140284301A80FDF78BFCBDE8084040F6164010F0A7
S2140284406DBE00BFC06E002008B5FBF703F80A4BEE
S2140284501B78023B032B08D84FF6FE73074A108898
S21402846098424FF6FF7301D1138008BD9842FCD0A4
S214028470BDE80840FFF7D4BFF4640020C06E0020B9
S21402848010B5084B1B78042B0AD012F031FE0021DF
S21402849004460846FFF794FF231A5842584110BD77
S2140284A00020FCE7F5640020F0B5002689B00546FA
S2140284B0CDE90566ADF81C6014F0D2FD0A2302462B
S2140284C004462946009605A817F0BEF99DF8153011
S2140284D09DF814701F2B27D803A813F021F9082241
S2140284E00DF1160103A8F3F7C1F80646E0B9092F05
S2140284F01CD1FFF7C5FFB8B1144B1B78A3B1144BC0
S2140285001A884FF6FD739A420ED9124C124A2378F5
S2140285100433DBB223701278013AB3EB820F03DD29
S21402852058B20EF0C6FE267009B0F0BD0A34E4B2A8
S214028530214628460AF08AFF13F07BF9611C28467A
S21402854014F0B1FCFFF708FFEEE700BF3C6F002017
S214028550C06E0020E3640020226F002038B5134B63
S2140285601B78033B012B20D9114B4FF6FF711B786A
S214028570ABB1104D2B888B4217D112F0D6FD4EF6BA
S214028580602104460C4816F085FC4FF6FE73224620
S2140285902B800021BDE83840092013F058B9074A5D
S2140285A013888B421CBF0133138038BDF56400204C
S2140285B03C6F0020C06E002050480020F65D002070
S2140285C010B5044661B1FF2112F093FB002120464C
S2140285D012F095FB12F0C3FA0146204612F095FB04
S2140285E02146BDE810400022014817F096B800BFA9
S2140285F0585E00202DE9F0410D461746044612F05B
S214028600D7FB06782846FBF777F9294680462046A8
S21402861012F005FB12F06CFDA84206D1204601219D
S214028620FFF7CEFF0120BDE8F0812846B8F1000F23
S2140286300AD0FBF7EFF950B9144B3A462046BDE88C
S214028640F0411978FCF7FABE14F0DAF8F3E706F010
S2140286500306012E08D012F04BFD002322462946BF
S21402866002F030FF0028D9D1204612F094FA4305D2
S21402867005D52046BDE8F041002112F07BBE20461B
S21402868014F091F8B0FA80F04009CCE7206F002091
S21402869010B586B0044614F0E3FC104B0246186888
S2140286A019790290D3F805005B7A01328DF81430FE
S2140286B000238DF80C1004902146009392B20523F5
S2140286C004A817F0C1F8052204A902A8F2F7CEFF03
S2140286D0B0FA80F0400906B010BD00BFA4DE040068
S2140286E008B50748FAF7B6FE064B1B78033B012B84
S2140286F005D8BDE8084000210846F9F75FBF08BD67
S214028700D86D0020F564002008B5114812F01FFC51
S214028710104B1B78012B06D8FF2009F0FDFBFCF757
S21402872051FD08F09DFCFCF76BF902F06BF9FFF7C0
S21402873001F914F02CFE0BF05BFBFCF7F9FE0BF0D4
S21402874085F810F02BFCBDE8084003F0B1B900BF75
S2140287500C570020216F002008B5EFF701FDFF2817
S21402876003D0094B1B78012B06D9002009F0D4FB55
S214028770FCF728FD08F074FCFCF742F902F042F917
S214028780BDE8084003F094B9216F0020064B187824
S214028790112806D000F0FD00A0F1410358425841CE
S2140287A070470120704700BFF46400202DE9F041B5
S2140287B00446FCF7AFFC18B100263046BDE8F0814F
S2140287C01D4B1B78033B012B09D81C4BB3F86810D2
S2140287D04FF6FF739942EFD0204612F020FA184B5C
S2140287E0022120461A88FCF729FE06460028E3D016
S2140287F0204612F0DDFA90F807800546043016F09F
S21402880022FF074612F074FC414602463846FCF741
S21402881099FCA81C16F017FF4FF6FF73984202D178
S2140288202046FFF7ABFA2B789B07C6D101212046DC
S214028830FFF7C6FEC1E700BFF564002044560020DD
S214028840565E00202DE9F04F002585B007460395B9
S21402885012F0AEFA0646043016F0F5FE8046B01C5C
S21402886016F0F1FE337804464046009316F046FCB6
S21402887082464046FBF740F83378BAF1FF0F0CBF4A
S21402888083464FF0010B9A070AD112F031FC40459D
S21402889014BFD9464FF00109B3791BB90320B9E0DA
S2140288A0A946F9E712F024FCA04205D112F020FCFA
S2140288B00446994B1B7836E0984B1B78052BF8D06C
S2140288C0033B012B03D8964BB3F86840F1E72046EA
S2140288D016F0B3FF737840B313F00402DFF8388261
S2140288E00BD198F800301A4421463846D2B2FFF728
S2140288F081FE0028D2D000208CE0384614F072FBAD
S2140289000146054638460AF0A1FD421C5200294699
S214028910384602F0FE0212F0E0FF737823F00403FA
S214028920737098F800300022DDE75B0726D53846DC
S21402893014F058FB0146064638460AF087FD824682
S21402894006F101091FFA89F9494638460AF07EFD02
S214028950DFF8C481BAF1000F01D0FF2805D100224A
S214028960494638460AF086FDDBE7B11C01EB4001BA
S214028970C9B2384614F097FA0446D2E7204603AA4C
S21402898002A914F08DF80546B9F1000F4AD0009BF3
S21402899003F0C003802B0ED1FF2320468DF809304A
S2140289A00BF03EFAFF281BD00DF109020DF10A0169
S2140289B00BF02AFC14E0402B34D19DF808308BB320
S2140289C0FF2320468DF809300BF02AFAFF2807D03D
S2140289D00DF109020DF10A010BF016FC2D281CD12F
S2140289E03378404603F03F03337016F026FF10B983
S2140289F012F07EFB8046002342461946204608F0C7
S214028A004FFE00283FF44AAFC822072138460AF034
S214028A1055FF012005B0BDE8F08F9DF80930FF2B09
S214028A20DED12546039838B99DF80820002A62D17F
S214028A30394B2C461B7856E709F032FA039AFF2880
S214028A400346127908D1CDE900204FF4E17135488A
S214028A5016F01BFDDDE90023B9F1000FE4D002F0A9
S214028A603002102A0AD0202ADED1BBF1000F24D011
S214028A705146184609F016FC0028D5D1DFF8A89012
S214028A8099F80030012B45D0204610F04DFF28B94A
S214028A902A4621464046F37913F085FFA54212D1B5
S214028AA0039A137923F00C0313719DF80830ABB9BF
S214028AB02C46194B1B78302215E7039B1B7913F0C3
S214028AC00C0FDBD1B0E799F80030022BE8D0039AFE
S214028AD0137923F00C0343F00403E5E70121204653
S214028AE012F04AFD20B920460BF09AF9FF280FD063
S214028AF0094B1B78DFE70121204612F03DFD0028D6
S214028B007FF4D7AE20460BF08BF9FF287FF4D1AE68
S214028B1002207FE7A542D9E7565E0020F5640020D2
S214028B2044560020D8920400A565002038B50E4BA6
S214028B3004461B780D46033B012B10D900F10803AF
S214028B409BB2012B0DD812F0D3FA00230246294617
S214028B50204608F0A5FD80F00100C0B238BD012015
S214028B60FCE70220FAE700BFF56400202DE9F04199
S214028B70064610460D4614F073FAA0F11004E7B24A
S214028B8056FA84F42146EA1B04F10E00F2F774FA50
S214028B902823DFF84480F35598F80030637301F019
S214028BA045FF611C0246012010F0F8FE0822094922
S214028BB0601DF2F761FA98F8000013F067FC05F101
S214028BC00E0130463B460022C9B201F0E1FF1220F8
S214028BD0BDE8F08177650020EF6400202DE9F04FB4
S214028BE089B0044612F0E4F80546204612F043F82F
S214028BF00746281D16F027FD8146A81C16F023FD01
S214028C000390384695F807A016F017FE2B780490C6
S214028C10990761D12146042002F0C2F800285BD0F1
S214028C20204614F01DFA014620460AF00FFC820781
S214028C3052D1204614F014FA014620460AF006FCE9
S214028C4010F00303059347D12046FFF721FD0028C5
S214028C5042D0204614F0F9FA461C204616F04AF88E
S214028C60F6B206F10A0B834580F29F80504A06ABA5
S214028C701068516803C3711C20460AF0E7FB3146B0
S214028C80804620460AF0E2FB594600EB08282046BA
S214028C900AF0DCFB8346059B2146B21C009306A81D
S214028CA0082316F0D1FD1FFA88F8204611F0E3FFDC
S214028CB05A46414610F066FE0122404606A901F0D9
S214028CC09BFB002871D102200BF036F8013003D14D
S214028CD0404606A9EFF712FB12F00AFA48453A4652
S214028CE0514608D112F076FC00285ED109B0BDE8E4
S214028CF0F04F01F077BB484612F06CFC002854D1C6
S214028D002C4B1B781BB93946484612F000FE3A46F1
S214028D1051464846FCF716FA002846D0297811F044
S214028D20030102D12046FFF74BFCAB79002B3CD067
S214028D30214B1B78DA1E012A37D9062B35D06B78E1
S214028D40DB070DD503982E7A13F03FFC10B3F30819
S214028D5003F01C0326F01F06334343F001032B7275
S214028D604FF6FF71204611F05AFF049BDBB910F054
S214028D7003F900F03F0202212046FCF75FFB4FF6A4
S214028D80FF73039A9A4210D1204609B0BDE8F04F0D
S214028D90FEF7F4BF06F01C031C2BE1D0042B04D90B
S214028DA0043E2E72DCE70022E5E709B0BDE8F08F4C
S214028DB0CA1B0400EB640020F56400202DE9F04392
S214028DC085B004460E46174611F0EFFE0C282046E4
S214028DD07BD111F0EDFF0922002115F0AFFE00F164
S214028DE01005EDB2294620460AF030FB042853D07F
S214028DF006D8012815D0022822D005B0BDE8F08397
S214028E007C28FAD1204615F075FF0546204615F057
S214028E1055FF02463046E9B205B0BDE8F04310F011
S214028E20D7B846B91321204614F03DF805B0BDE880
S214028E30F04312F086B905B0BDE8F043FCF7ACBECD
S214028E409D4B1B78013B012BD7D82046E91C0AF024
S214028E50FDFA074686B978B9691C204614F023F84D
S214028E600546214613F000FB3A462946102005B077
S214028E70BDE8F04316F0B0BB0025082321461522B4
S214028E8000950DEB030016F0DFFC284602A916F04B
S214028E9005F913F026FDB0E7884B1B78022BACD100
S214028EA046B9FEF73FFDC2070AD5FEF7D7FC002FEC
S214028EB008BF3F26304605B0BDE8F04310F094B830
S214028EC0FEF714FD0028F0D0F1E711F071FF80469E
S214028ED0043016F0B8FB074608F1020016F0B3FBA2
S214028EE04FF6F773984205460CD8754A1388013335
S214028EF09BB213800BB9734A13801EB1714A138852
S214028F000133138098F8009009F00309B9F1010FB4
S214028F1040F08380204614F0A3F8014620460AF06B
S214028F2095FA043809283FF668AF01A353F820F0F3
S214028F30598F0200FB8D0200FB8D02007D8F02001E
S214028F40FB8D0200FB8D0200FB8D0200658F020086
S214028F50FB8D0200658F0200204605B0BDE8F04397
S214028F60FFF7D4B9544B1B78042B7FF446AF00218D
S214028F70084605B0BDE8F043F9F720BB4E4B1B7818
S214028F80013B012B3FF639AF404614F0A6F8002706
S214028F904D4B01465B898DF80A70ADF80830002803
S214028FA03FF42BAF384616F079F80546204614F003
S214028FB057F8421C03232146009792B202A816F0E5
S214028FC043FC9DF80A30E6B93C4A1278022A18D1C8
S214028FD0BBB9FF2DBDF808400AD03C4A214632F8FC
S214028FE01530284623F4806322F8153013F058FC17
S214028FF0204613F036FD00222146102016F0ECFA29
S214029000FBE6022B3FF4F9AE2BB9304B33F81530A2
S2140290105B053FF5F2AE28463BE7B9F1000F7FF459
S214029020ECAE3146204604F0BBF8002E3FF4E5AE27
S2140290304FF6F7739D423FF6E0AE98F80160284679
S21402904016F0040620D113F059FD044628467CB1DA
S21402905013F0D6FB0346F0B90C2200902946384698
S21402906012F0B3FD0C22002339462846009308E08E
S21402907013F0C6FB0346B8B9154A00901278294683
S214029080384612F0A2FDB8E613F0BAFB034678B9EA
S2140290900B220090F3E7062233462946384600960E
S2140290A012F093FD0622DEE7234600940622E6E748
S2140290B04B46CDF80090F9E7F5640020F4640020F2
S2140290C0FE5D0020FC5D0020A4DE0400E85D0020BA
S2140290D0606F00202DE9F04F05888BB004462846C5
S2140290E011F066FE8046043016F0ADFA074608F127
S2140290F0020016F0A8FA05A90190284613F0FAFF16
S214029100284613F0ADFF0146064628460AF09EF9A9
S21402911098F80030029003F00303012B0CBF82463E
S2140291204FF0FF0A16F0A5F9B4F806B0814611F022
S214029130DFFF98F8073000903846039301F08AF86C
S214029140002838D1019801F085F8002849D1FCF7AB
S214029150B9FAA9EB0B0B1FFA8BFB8146FAF774FBE5
S214029160002844D1FFF712FB002840D1A14B1B7800
S214029170033B012B42D8BAF1060F00F0BE80BAF1CB
S214029180040F00F0BA80FFF701FB20B1029B03F048
S2140291900303012B32D0FAF7B1FA28B9964B1B78A3
S2140291A003F00F03062B6FD1944B2846B3F86810D2
S2140291B011F035FD22E0284611F0FAFD023016F0D5
S2140291C042FA4FF6F773984206D9039B23B928460C
S2140291D0FFF75EFA0028B5D1A37823F00F03A37039
S2140291E054E0019816F029FB0028B0D1F4E7A9F163
S2140291F004095FFA89F9B9F1020FB7D8BAF1010F7B
S21402920040F0A280284611F0F4FC4FF6FF73984215
S2140292106AD100233146284607AA13F085FB80460A
S2140292200028D9D042799DF82530934209D9711D7C
S214029230284689B20AF01EF9A37823F00F030233F8
S214029240A3700FF099FE7E23B0FBF3F202FB13032A
S21402925003F58073A3809DF8263013F0180F0BD009
S214029260A378190708D1009BBB4205D0384698F868
S214029270052005A90FF0C8FE9DF82700003818BF84
S21402928001200BB0BDE8F08F2823A3800020F8E76A
S214029290584B1B78033B012B5FD940F6B8339B45EE
S2140292A09AD80FF069FEFF238DF81330002300F0E2
S2140292B03F00C0F5FA70A08007A90DF113008DF8E3
S2140292C01C30FBF7A3FF054698F80710384612F045
S2140292D075F9002D80D09DF81C20013A032A7BD810
S2140292E0DFE802F0807A697D4FF6F773019A9A42B8
S2140292F024D898F80130DA0720D4284611F079FCF1
S21402930016F038FA012808BF3D4BA27809BF1B7831
S214029310FA2303EB830303EB830302BF9B00FA33B8
S2140293209BB212097FF458AF5B45FFF455AF0FF0BE
S21402933023FE00F01F001030A08053E02D4B1B7858
S214029340033B012BA9D8D8E74FF6F773019A9A4246
S2140293509ED898F80130DB079AD4BAF1020F53D19F
S2140293600123314607AA284613F0DEFA074611F013
S214029370BFFEBDF82230984236D1002F3FF42CAF04
S21402938001227B883146284608F00EFB1D4A1378D8
S2140293900133DBB288F8073013707B88BDF81E20D5
S2140293A09A421FBFA37823F00F030233A3704FF431
S2140293B0C873A38016E0009BBB4213D000283FF47C
S2140293C00BAF426801323FF407AFC2789DF8133004
S2140293D09A42BFF401AF05E0009BBB4202D0A278DE
S2140293E01209EBD101204CE7184616F026FA00289F
S2140293F0C3D182E7F5640020F464002044560020BE
S214029400326F0020F2640020BAF1030F7FF475AFCA
S214029410009BBB427FF471AF711C284689B20AF0EA
S21402942015F80C287FF469AFFBF7E2FC4FF6FF73E2
S214029430984201463FF461AF284611F0F0FB5CE724
S2140294402DE9F3410446008811F0B2FC05460430CB
S21402945016F0F9F80646A81C16F0F5F8074616F0B8
S21402946008F805463046B4F8068000F0F3FE0646D5
S21402947048B9384600F0EEFE58B9194AA378127871
S214029480033A012A0BD8A378002623F00F03A37011
S21402949021E0384616F0D1F90028EED1F3E71B0991
S2140294A0F1D1A5EB0805ADB2B5F5C86FEBD80DF155
S2140294B00301384601AA019313F0F2FA9DF803500D
S2140294C0014645B94FF6FF73984204D0012620881C
S2140294D011F0A5FBA580304602B0BDE8F08100BFC2
S2140294E0F56400202DE9F04105460C4611F05DFBBF
S2140294F0082802D10120BDE8F081201D16F0A3F84D
S2140295000646284694F8078011F0B5FB074628461B
S21402951011F041FB010612D5184B1B78042B0ED115
S214029520174B1B78022B0AD1164BB3F868204FF65E
S214029530FF739A4203D000210846F9F73FF8124B10
S2140295401B78002BD6D1A01C16F07DF84FF6F773C9
S214029550984202D86378DA070DD523789B070AD19A
S2140295603A464146304612F035F880F00100C0B265
S21402957000F00100BFE70120FAE700BFF564002013
S214029580F464002044560020A76500202DE9F04F21
S2140295909DB0044611F009FB0546204611F005FB76
S2140295A008285AD14FF40043102200212046ADF875
S2140295B0503012F092F9204615F080FB0DF09EFE18
S2140295C0002321461A460C2000930DF05CFC98B34B
S2140295D0204615F073FB14A902461020FAF7D6FDB2
S2140295E00501204615F06AFB14A902464020EDB29A
S2140295F0FAF7CCFD10B120460FF0D2FC204615F04B
S2140296005DFB14A902468020FAF7C0FDB8B99DB1E9
S214029610102517A806F0A2FD2046BDF8507015F0DA
S21402962069FB0646204615F049FB29460090F3B230
S214029630384617AA0FF052FD1DB0BDE8F08FBDF8F0
S214029640503017A8ADF85E40ADF85C3010F094F9D3
S2140296500028DCD145F08005DBE7204611F0F8FA59
S214029660B0F5006F40F00581204611F004FB064677
S214029670042D40F00181204611F08DFA80F400603E
S214029680C0F3C02000223146400015F0A5FF954BDE
S2140296901A78022A0DD0FFF779F850B902F0FD03C6
S2140296A0312B06D0043A012A03D98F4B1B78002BA4
S2140296B0C2D02146022001F073FB05900028BBD0E1
S2140296C02046ADF8464011F073FB0446BDF846004E
S2140296D011F0D1FA0546201D15F0B5FFA31C8346EE
S2140296E01846039315F0AFFF12A90746BDF84600C9
S2140296F013F000FD63780690BDF8460094F80080EB
S214029700099313F0ADFC6378064608F00308284672
S2140297100C93FAF7F1F8B8F1010F0CBF03230223FA
S2140297200E93724B08BF4FF00B091D80237818BFAB
S2140297304FF00A0903F03C03082B0D907FF47CAF30
S214029740BDF8460015F0D6FAB0427FF675AFB8F10E
S214029750010F03D0237898077FF46EAF644BB3F8FB
S2140297606830AB420DD1634A634BB2F9001093F9ED
S2140297700030002900F0A58001EB0313A3EB2113B0
S21402978013804FF0010AA6F11003DBB207938DF89F
S214029790453010224846BDF84610CDF800A00DF11F
S2140297A045030DF070FB00283FF446AF099B13F00B
S2140297B002030A9300F00A81504B1B78002B3FF4F9
S2140297C03BAFBDF84690484613F04AFC002308908B
S2140297D04846CDE917331993ADF8683011F04BFAC5
S2140297E0089B039003F10E01484689B213F00BFC66
S2140297F0002870D000234946089A009317A80E2323
S21402980016F022F850460DF15D0110F0D5F89DF8DD
S21402981069300B9004939DF85C30282B5BD10DF1D8
S2140298206100FAF7F3FB0F90002854D1049812F067
S2140298302DFE0F9B002867D1314B049A1B78D31A52
S214029840190648D404F04CFD50453CD115F016FEDE
S2140298502C4E0546346824B104F048FD2C1B844285
S21402986039D30023FF2219461846FCF73DFB356024
S21402987031E04FF6FD76FBE64FF6FF70301A18BF62
S214029880012000223146400015F0A6FE0C2D0DD117
S2140298902146012001F084FA00283FF4CDAE21468D
S2140298A000201DB0BDE8F04FFDF700B92DB92046E7
S2140298B01DB0BDE8F04FFDF75FBD042D7FF4BCAED2
S2140298C0E5E61B025CE704F00BFD022803D104F078
S2140298D0E9FC0028BAD000221920039915F07CFE74
S2140298E0AAE600BFF4640020A7650020745E00208C
S2140298F044560020465E0020A3650020F064002047
S214029900EF6400205457002010214846089ACDF8EC
S21402991000A012F0F9FB0028DDD0A64B049A1B78B3
S214029920934240F0AA8003990DF1610214A815F043
S21402993081FB012114A8FAF743F8824648F2030194
S21402994014A8FAF749F9BAF1000F03D0082114A8AF
S2140299500FF0CDFF484613F0A1FB03990DF161000D
S214029960FBF7E6FAFE288246B5D0FF280AD103980E
S21402997015F046FFFF28824600F087800DF1610150
S214029980FBF750F98B4B049A1B78934200F0A380A6
S21402999050460B99FBF7B2FA00283FF44DAE5046FC
S2140299A00B99FBF7BDFA23789A070FD1484613F0B6
S2140299B057FB0146484609F049FD00F0030001281E
S2140299C004D103980DF16101EEF798FCBDF846004C
S2140299D011F0E1F8030440F18580204615F033FECD
S2140299E040F4007189B2204615F02FFE00224FF493
S2140299F00041BDF8460011F0BFF8DDF814900123CF
S214029A0010220093BDF846100E980DF145030DF096
S214029A103AFA00283FF410AE032866D1204615F025
S214029A2012FE40F4007189B2204615F00EFE28465A
S214029A3015F003FF002840F0B780DDF81490B8F167
S214029A40010F40F0C1800320BDF8461001F0A8F9CE
S214029A50002840F0B9803146BDF8460009F0F6FC11
S214029A600F2801467FF6E8AD4FF6F7739F423FF6A2
S214029A70E3AD284611F095FFDEE55046049903F063
S214029A8049FD00287FF44FAF25E7237803F0030350
S214029A90012B08D1484613F0E3FA0146484609F07E
S214029AA0D5FC082892D0444B1A78444B1B789A422D
S214029AB009D20DF161010398FBF768F8039815F0D7
S214029AC09FFE82465EE7A01C15F0BDFD4FF6F773BB
S214029AD09842EED9FFE65046FBF79AFA00283FF482
S214029AE057AF5CE74FF0000989E7284615F0A5FE58
S214029AF00028A4D00A9B002B58D1B9F1000F53D1ED
S214029B00B8F1010FBDF846009DD0314609F09EFC23
S214029B108246DFF8B09099F80030002B5FD011F043
S214029B20E7FA87427FF488ADB8F1010F40F08280F1
S214029B30BAF1070F78D8BAF1050F7FF67DAD204B44
S214029B401B78022B02D0043B012B03D899F8003075
S214029B50002B4BD00C9B980640F1BB800D9B002B34
S214029B6040F0B380284615F0C9FAFF2840F0AD80D1
S214029B705D457FF461AD069B002B00F0A48012AB1E
S214029B8046F204020124ADF85C200193214602232A
S214029B902846009417AA13F03FFA00283FF44CAD6B
S214029BA0214611F0E7FB47E5DDF81490284607F05A
S214029BB053FD44E7EF640020EE640020336F00207C
S214029BC0F4640020F06400203146BDF8460009F037
S214029BD03DFC0A9B824613B9B9F1000F99D0A84BF7
S214029BE01B78022B02D0043B012BB3D8284600F088
S214029BF031FB814600287FF41FAD11F079FA8542C9
S214029C0022D1A04B1B78033B012B19D89E4BB3F8ED
S214029C10684011F06DFA4B4601460D222046CDF8FB
S214029C20009011F0D2FF07E5AAF10E03DBB2012B7A
S214029C3085D901E50AF00303012B7FF4FDAC7EE72C
S214029C40012000F0A5FBF7E4284615F0F6FD58B90A
S214029C5011F06BFA4FF6FF73984205D015F0FEFA34
S214029C6010B92846FAF738FF284615F0E6FD88B1FF
S214029C7011F05BFA4FF6FF7398420BD015F0EEFA2E
S214029C8040B9B8F1010F02D1BAF1060F02D0284648
S214029C9007F04CFA069BA3B919460122584600F073
S214029CA0ABFB814600287FF4C7AC204613F015FABA
S214029CB04A460146384600F09FFB00283FF44AAF6A
S214029CC0BAE412A9E9E7069B5AE7637823F0200371
S214029CD063704FF6FC739F4275D16A4B1B78033B49
S214029CE0012B7FF6A9ACA3790BB1013BA371637874
S214029CF0590727D50023584617AA14A9179312F016
S214029D00CFFE1798F0B108F0CBF88146384615F02A
S214029D10F5F9179A0146137903F03000102806D099
S214029D2003F00C0008281CBF23F00C0313711379F0
S214029D3003F03303202B05D1FF2903D00122484626
S214029D4008F078FA284615F0D9F9FF281EBF002237
S214029D504E4B43F82020099B03F001094FF6F77398
S214029D609F4200F21381B9F1000F40F01C81294690
S214029D70584611F0CCFD11F0BBF9874200F0DF80A7
S214029D80384615F05AFD00284AD0B8F1010F30D1F6
S214029D90BAF1010F20D14A463146BDF8460007F017
S214029DA05FFE384615F049FD394B1B78002B78D1FB
S214029DB0584615F042FD002870D1384615F03DFD94
S214029DC000286BD138E44FF6FD739F428BD12D4BA2
S214029DD01B78042B87D12FE4384615F02EFD50B39E
S214029DE0BAF1030F27D13146BDF8460011F025FF20
S214029DF022E4384615F021FD384612F001FD00280F
S214029E0048D0002339465846BDF8462001F05AFB92
S214029E1000283FD00021BDF84600FEF7D1FB0BE438
S214029E20384615F00AFD18B1B8F1010FD8D0E3E7AD
S214029E30B8F1010FE0D1164B1B78002BB8D0BAF15F
S214029E40050F2ED111F054F98DF85C0011F050F97F
S214029E50000A8DF85D000123022217A90DF14600C3
S214029E60F9F74CFA00287FF4E7AB711CBDF8460000
S214029E7089B209F0D9FA03780133037011E000BF02
S214029E80F4640020F564002044560020D4460020E6
S214029E90396F00209A4B1B78002B89D0B8F1010F3E
S214029EA0CDD063785A070CD5BDF84640204613F04D
S214029EB099F8411C89B2204609F0B6FA0378013BAC
S214029EC00370904B1B78033B012B30D8B8F1010F7F
S214029ED006D1BAF1050F1FD111F00AF9834522D136
S214029EE0BDF84600FEF7AEFC02281CD100215846FB
S214029EF017AA08F021F930B10379458003F03C0334
S214029F0043F04003037100237F4A009339465846C4
S214029F10127811F05AFE06E0BDF84600FEF792FCF3
S214029F20BAF1030FE0D1002239461C20D6E4BDF870
S214029F304600FEF787FCB8F1010FD5D1F0E7B8F17D
S214029F40010F7FF467AF0AF1FF330C2B00F2AA80F1
S214029F5001A252F823F000BFBB9F0200BB9F020083
S214029F60E79D0200D19F0200E19F020005A00200C9
S214029F7027A0020053A0020069A0020069A0020006
S214029F8075A002008DA0020099A00200B8F1010F90
S214029F9000F09480B9F1000F08D1BDF84600FEF734
S214029FA01DFEFFF749BBB8F1010FCCD0237A03F0B0
S214029FB00303012B7FF440ABEFE7AAF102035A42F8
S214029FC03146BDF846005A4107F04AFDFFF734BB5A
S214029FD032465846BDF84610FEF7D6F8FFF72CBBB9
S214029FE0711CBDF8460089B209F030FA0236F6B2A4
S214029FF00246BDF846305846009612A90AF054F8B2
S21402A000FFF71ABB3F4B1B78013B012B3FF614AB05
S21402A010079B0121009300202346BDF8462011F03D
S21402A02043FBFFF709BB374B1B785A1E012A07D999
S21402A0300120079ABDF84610FCF71AFCFFF7FCBA97
S21402A040022B7FF4F9AAF9F7FFFB0028F0D1FFF7FD
S21402A050F3BABDF8460006F069FEFFF7EDBABDF8A2
S21402A0604600FEF721FA98E7BDF84600FEF71CFA0E
S21402A070FFF7E2BA234B1B78013B012B3FF6DCAA23
S21402A080BDF84600FDF736FDFFF7D6BABDF8460026
S21402A090FDF780FDFFF7D0BABDF846000FF066FC6C
S21402A0A0FFF7CABA334622465046BDF846100FF0AE
S21402A0B02FFC00287FF4C0AA5146DAE40AF1FF33E7
S21402A0C00C2B3FF6B9AA01A252F823F0BB9F02005E
S21402A0D0BB9F0200E79D0200D19F0200E19F0200A3
S21402A0E005A0020027A0020053A002005FA0020003
S21402A0F05FA0020075A002008DA0020099A00200D7
S21402A100396F0020F5640020606F002010B5002132
S21402A110114810F0C3FE0446E8B110F0D5FD0F4B0F
S21402A1201870204610F0D5FD0D4B1870204610F022
S21402A130D6FD0C4B1870204610F0D6FD0A4B186060
S21402A140012015F09FF92046FFF720FABDE81040DF
S21402A150002015F097B910BD245E0020A4650020EB
S21402A160A3650020A26500204C57002070B5164E4D
S21402A170044633680D46E3B110F017FD0C2818D1DB
S21402A180204610F015FE09220021044614F0D6FCE3
S21402A190235C042B0DD10D4B1B78033B012B08D8F7
S21402A1A00B4C25B10B4B22781B789A4203D3002323
S21402A1B02370002070BD0848316814F06BFE2378C7
S21402A1C0012001332370F5E750570020F564002084
S21402A1D0A66500205F6F0020D86D0020014B93F922
S21402A1E001007047465E0020014BB3F868007047D6
S21402A1F04456002070B50024124D2C70EDF762FE16
S21402A200E6B2B04212D8104B1B78013B012B04D8A1
S21402A21000214FF6FF70FBF719FF00220B4B1A7056
S21402A2200B4B198801B11A80012070BD304614F01C
S21402A230BDFFC30748BF2B7804F1010444BF0133B6
S21402A2402B70DBE7ED640020F5640020E464002058
S21402A250F85D002038B50B4B05461B7873B1013309
S21402A2605C08094B188814F029FD002330F81320E7
S21402A270AA4205D00133DAB2A242F7D3002038BD93
S21402A2800120FCE7E4640020F85D002030B50546B6
S21402A29085B008460C4615F0CCFAFF280CD011F013
S21402A2A0FCFB012200210346CDE901120092214661
S21402A2B02A460720FBF77AFA284614F01FFFFF28E3
S21402A2C004460FD014F072FFC2070DD5204614F0D4
S21402A2D06DFF830708D40B4A32F8143043F48063C8
S21402A2E022F8143005B030BD11F0D7FB0122002150
S21402A2F00346CDE90112009207202A46FBF756FADA
S21402A300F0E700BFE85D00204FF6FA72431E9BB2EC
S21402A310934270B504462AD8FFF79CFF38BB194B08
S21402A3201B78042B23D0204615F06AFAFF2801D0AA
S21402A330FAF702FB204612F08CFB08B107F0C6FDC6
S21402A3402046114E04F046FA20460EF05BFE3178A7
S21402A3500E4D69B1288814F0B1FC054601461E224E
S21402A3600230F0F789FE2C8033781E2B07D970BD99
S21402A370202014F017FD28800028EBD1F7E70233DF
S21402A3803370F4E7F5640020E4640020F85D0020F2
S21402A39037B5134B05461B78022B1FD110F0A8FECB
S21402A3A0044610F0A5FEFFF7AFFF11F076FB10F0A3
S21402A3B0ABFE0020FBF73CFD40F607400EF0AEFE7B
S21402A3C03DB100230D2221464FF6FD70009311F099
S21402A3D0FCFB03B0BDE8304004F032BF03B030BD32
S21402A3E0F5640020034B1B7813B90120FFF7D0BF9A
S21402A3F0704700BFEB640020F7B504460D461746CB
S21402A40010F076FE0646002D47D04FF6FB739C42B0
S21402A41043D82046FFF71EFF30B1A64204D1204B98
S21402A4201B78033B012B38D92046FFF713FF10B1E8
S21402A430012003B0F0BD20460EF0B4FDC0B1A64226
S21402A440F6D00CB369462046F9F758FD0246D8B94D
S21402A4500821684610F0DEFDB0B908226946284693
S21402A460F1F704F980B12946204611F046FBDFE7F2
S21402A470A642E6D12846F9F7C9FD28B90120FFF71A
S21402A48087FF06F0DFFDD3E73FB121462846FAF7FD
S21402A490E7FB2146284604F0B9F90020C9E700BFC9
S21402A4A0F5640020044A13782BB1013BDBB213702B
S21402A4B00BB9024A13807047E4640020F85D00205E
S21402A4C00148F8F7D7BC00BFF85D00202DE9F04739
S21402A4D0804617460D468CB061B903AE00211B4874
S21402A4E015F015F94FF000090446DFF860A01CB914
S21402A4F020461DE00E46F1E7002221462423304680
S21402A500CDF8009015F0A0F9082241463046F1F742
S21402A510ADF8A8B9337C9BB96FB945B92A4621462E
S21402A5200A4810F0DAFC0A4A1388013B138001201D
S21402A5300CB0BDE8F0873B88B28953405B06ECD589
S21402A5402146504615F007F90446D0E75C5E002027
S21402A5505A5E0020024B1888003818BF0120704748
S21402A5605A5E002040232DE9F04397B0074611A813
S21402A5708946ADF80E300EF05BFE02238DF84430AD
S21402A580002304AE3146384604937360F9F7B6FCEE
S21402A5900546002840F0958038460FF0C5F98046FB
S21402A5A010F0A6FD0446002840F0BB8099F8013062
S21402A5B0042B40F0B980EDF791FC022840F084802D
S21402A5C0EDF78CFC022840F08B8096E8030003230C
S21402A5D08DF8443012AB83E803009DF85130002119
S21402A5E043F00603102209A88DF85130F0F7F2FC6A
S21402A5F009A911A80EF0B1FF40B111A80EF018FE7D
S21402A60030460DAB09AA11A90FF0ACF8BDF84630DA
S21402A6100DA943F0040311A8ADF846300EF0F6FF7C
S21402A620102209F10A010DA8F1F720F805460028C4
S21402A63072D1EDF753FC022806D13146FF2009AA53
S21402A6400EF0B2FF00286AD134240025EDF746FC4E
S21402A650022808D19DF851301B0704D430460DF16C
S21402A6600E0111F06AFC2146304611F08FFC1023D1
S21402A6708DF8183004238DF81A303346002203CBA7
S21402A680CDF81B00CDF81F1006A80B218DF8195027
S21402A69010F0A9FB024638B1002D14BF0123032394
S21402A6A03146384603F078F8B8F1000F09D0342C5A
S21402A6B007D106A83246394614F0BCFC06A80FF0AD
S21402A6C019F917B0BDE8F0832346214630460094B8
S21402A6D011AA01F05FFE00283FF472AFAD25C6E76F
S21402A6E0EDF7FCFB012891D1104B1B6803F08403A5
S21402A6F0842B8BD196E8030002238DF84430102376
S21402A700ADF8463012AB83E803009DF8513043F0B3
S21402A71002038DF8513079E73324AD2596E70524F8
S21402A72094E72C46A325A2E7AA25A0E7C448002062
S21402A7302DE9F04336488DB0F8F78CFE14F09EFEF5
S21402A740344D2B68C41A4FF47A73B4FBF3F4A4B2F4
S21402A75014B114F093FE28602F4F4FF6FF763B8815
S21402A760DFF8B880ADF80A3000233B8000210DF1F7
S21402A7700A0010F093FB054658B9284B1B882BB1EC
S21402A7804FF47A712248714314F084FB0DB0BDE891
S21402A790F0834FF0000924234A462946CDF800905C
S21402A7A003A815F051F8BDF81A30A34294BFDB1A7D
S21402A7B01B1B9BB2ADF81A30CBB910F099FCBDF852
S21402A7C0183003F04003184380B218B9322103A8A8
S21402A7D00EF08AFCBDF818301B0602D508980EF05B
S21402A7E090FEB8F80030013BA8F80030BEE79E4263
S21402A7F028BF1E4601234A462946009303A824235F
S21402A80015F022F84A462946384614F086FFADE788
S21402A810D0470020585700205C5E00205A5E002079
S21402A820F0B50446304A8DB01068516801AB03C3D8
S21402A830A378012B54D1162200210DF11A00F0F74D
S21402A840C9FBD4F82110D4F81D0003AB03C3238838
S21402A850190644BF62680892DA050BD5221D08AEB7
S21402A86004F11407354610685168083203C5BA4227
S21402A8702E46F7D1ADF8183013F0040318BFA369BB
S21402A8800593EDF749FB0023ADF81A008DF81C304E
S21402A89010F02EFCE0B906A903A811F04EFB002228
S21402A8A0242103A810F09FFA0446D8B10020FFF72F
S21402A8B03FFF002221460D4814F02FFF0C4A0020CD
S21402A8C0138801331380FFF733FF00200DB0F0BD6D
S21402A8D0082201A903A8F0F7C9FE0028DFD0DAE7AC
S21402A8E00220F3E71920F1E7CA1B04005C5E002091
S21402A8F05A5E0020F7B5044600200E46FFF718FF02
S21402A900104B1B88A34202D8212003B0F0BD0021C1
S21402A9100D4814F0FCFE002501460B4F0029F3D02B
S21402A920A54208D10024242322463046009414F07F
S21402A9308BFF2046E9E7384614F00DFF0135014645
S21402A940ECE700BF5A5E00205C5E00200148F8F784
S21402A95091BA00BF5C5E0020014B1888704700BFAA
S21402A9605A5E002030B5154A8DB05168054610680B
S21402A97001AB03C307A80EF05BFCDDE9010103236C
S21402A98008AC84E803008DF81C309DF8293003A932
S21402A99043F0020307A88DF829300EF0DEFD10B151
S21402A9A02D200DB030BD23462868696803C303A96D
S21402A9B007A80EF0B7FD0028F3D0F1E7CA1B040083
S21402A9C070B50C4611460E4A23781278064613F0E6
S21402A9D0200542EA0302227018BF611D0822F0F722
S21402A9E04BFB002D0CBF05200D20D4F80130B360C0
S21402A9F02378337303F01803082B08BF013070BDA9
S21402AA00F0640020042307B501200DEB0301054A7C
S21402AA10F8F79AFD019B044A1B03136003B05DF826
S21402AA2004FB00BF63E51100B448002010B5064CD5
S21402AA302368C3F30B0313B90448E2F74FF92068FF
S21402AA40431C236010BD00BFB448002063E511001C
S21402AA50014B1868704700BFB448002007B50020B5
S21402AA60054B064A186004230DEB03010190F8F724
S21402AA706BFD03B05DF804FBB448002063E51100EB
S21402AA807FB511230A4A012001A9F8F75DFD094B9B
S21402AA909DF814201A70084B1B780BB1052B05D1B4
S21402AAA00EF069FA012007B05DF804FB0020FAE711
S21402AAB079EB0100EF640020F06400202DE9F04FEE
S21402AAC00646CBB0884600880121174614F02EF9B8
S21402AAD02E4B3A463188ADF8160006A811F0E9FA70
S21402AAE00DF1280B5A464146C419308811F06BFA0C
S21402AAF0E4B208EB0003A34208BF044605464FF043
S21402AB0004091CBFA4EB0804E4B223465A460121FA
S21402AB10CDE900090BEB050ACDF808B02D1B06A8F7
S21402AB20EDF746FEEDB20BEB0403009301952346C8
S21402AB305A464146308811F074FA3488394620461F
S21402AB4008F084FC394600F0F802204608F092FC31
S21402AB500121308814F0EAF801234A46514680B1B2
S21402AB600DF11600F8F7CAFB01210446BDF81620BF
S21402AB70308814F0EFF8B4FA84F040094BB0BDE820
S21402AB80F08F3046F8F7BAFB0446F4E77765002004
S21402AB902DE9F04FC9B0044688469246C118224AAB
S21402ABA004A81F46FFF70CFF4FF00409C519EDB2C3
S21402ABB008AB0293A5EB0A0BA8EB0A035FFA8BFB22
S21402ABC0A8EB0506DBB2F6B204EB0A0200930121FB
S21402ABD05B46CDF8049004A8EDF7EAFD06F59073FF
S21402ABE00DEB03025A44A2F58072136808A844F8D3
S21402ABF00830E35D324623F00703E3552C44214632
S21402AC00F0F778FB08ABCDE9019308AA00230121EF
S21402AC10009604A8EDF7CCFD3246204608A9F0F7C8
S21402AC2069FB49B0BDE8F08F77650020F8B50646A7
S21402AC3012F00BFB811C054689B2304612F0E3F98E
S21402AC40F0B1EDB12946304608F000FC122807465E
S21402AC5016D80C4B691C1C5C89B2304608F0F6FB11
S21402AC602C44052FE4B205D1052809D8064B1B5CF7
S21402AC701C44E4B221463046BDE8F84012F0C3B99F
S21402AC800020F8BDEADE0400E4DE0400F8B505465E
S21402AC9012F0E6F90446284610F08AF8A11C074688
S21402ACA089B2284612F0AFF900283ED0002C3CD0DC
S21402ACB02146284608F0CAFB0646611C284689B289
S21402ACC008F0C4FB0F2E30D8194B9B5DE118731E9B
S21402ACD089B2092B0ED8DFE803F009050D0D120D17
S21402ACE00D181E1EC40644BF083189B2820601D55D
S21402ACF0083189B22846BDE8F84012F084B97B785C
S21402AD00DB0612D501EB4001F3E700F01F0000EB73
S21402AD1040000144EDE71F2805D8092E0ABF40006F
S21402AD20022080B2F5E7C828E4D00020F8BD00BFB4
S21402AD30FDDE0400F8B5064610F03AF809220021B6
S21402AD40054613F0FBFE00F11004284614F07BFCC7
S21402AD50E4B207462146304608F078FB0546304600
S21402AD6013F0C8FFBA05A0EB0403DBB20AD47C2DAD
S21402AD700AD0082D0AD8064A505D98428CBF002099
S21402AD800120F8BD1220F8E70320F6E7FF20F4E7DB
S21402AD900EDF0400014B1878704700BF616F002079
S21402ADA038B5114B04461B7808469BB9012038BDBE
S21402ADB0A24205F101050FD103EBC1035B68984778
S21402ADC00028F3D11E2022464FF6FF7114F004FC31
S21402ADD00020ECE70025054BE9B213F83120002AE3
S21402ADE0E6D11446EEE700BF616F0020B4DE040031
S21402ADF04FF6FF7307B502220DF106010348ADF8C0
S21402AE000630E1F7A7FF03B05DF804FB603202E00C
S21402AE10002307B5ADF80430134B984221D10B88B6
S21402AE20DA0703D5232003B05DF804FB9B0748BF6F
S21402AE304FF47F434FF002020C480DF1060148BF63
S21402AE40ADF80430E1F75AFF4FF6FF73BDF806205F
S21402AE509A42E7D10222054801A9E1F77BFF0020CA
S21402AE60E1E72120DFE700BF1FD1BACA603202E065
S21402AE70002313B50222038004460DF106010F4893
S21402AE80E1F73CFF2D2801D0112805D14FF6FF73BC
S21402AE90ADF80630FFF7ACFF9DF80630BDF8062089
S21402AEA01BB1238843F0010323800020FF2A82BFC0
S21402AEB0238843F00203238002B010BD603202E012
S21402AEC0034B1B78002B14BF442056200E307047CD
S21402AED0F06400202DE9F04F8DB0179C0646894697
S21402AEE0CDE90223BDF85870D588ADF816103CB9E6
S21402AEF0EC0605D500970EF092F90DB0BDE8F08F7E
S21402AF00C5F380242B054FEA043448BF44F400649A
S21402AF10A80511D544F080040A2E00F26981DFE804
S21402AF2016F09A002F0017003700670167013700F6
S21402AF3010009A0037009E00E90548BF44F040041E
S21402AF40EAE74FF001084FF0020B4FF0000A14E058
S21402AF5008A95FFA89F011F0F9FADDF82500DDF8A4
S21402AF60291006AB03C3A44B33F81930ADF81630DC
S21402AF704FF00008C3460DF1180A002F5DD125E0F8
S21402AF8006AA0DF116015FFA89F003F003FCEFE75B
S21402AF904FF6F773994540F22B8115F4026F40F095
S21402AFA02781964B1B78022B03D0043B012B00F221
S21402AFB0218147BB032E4FF001080CBF4FF00C0B4C
S21402AFC04FF0080BBA4624F4C074A4B28C4B18880F
S21402AFD04FF6FF73984206D08A49F8F78FFF10B1F2
S21402AFE024F48054A4B2039B38460093BDF816207E
S21402AFF0534644F4027108F051FAADF820000028D6
S21402B00038D1192079E7384613F074FE0246FFF766
S21402B01057FF032E08BF0138824201DD38206CE755
S21402B020032E4FF001080CBF4FF00C0B4FF0080B2D
S21402B0304FF0000A24F4C074A4B2029B1B889BB98A
S21402B0401A463946062000930BF040FF0028BDD171
S21402B05040F6014051E74FF00008C34675E74FF04F
S21402B06001084FF0030B70E7002339461A46072003
S21402B0700093E9E74FF6FF73614A118899421CD0A4
S21402B0800FF096FE03465E4A04301188039314F0CE
S21402B090DCFA5D49039B097814F4805FD97159493B
S21402B0A0574A1FBF086898604868D8604FF6FF7313
S21402B0B013804FF0FF330B604B605946029A08A884
S21402B0C008F0A8FA00289CD0504C2378002B3CD1DC
S21402B0D0A7B1384613F00EFE0746BDF8200013F05F
S21402B0E009FE23780744002B14BF12220022EB101D
S21402B0F003F0040317443B44842B8FDC15F40057FB
S21402B1000AD0BDF8204020460FF045FD40F480618D
S21402B11089B220460FF02AFDA6F10803012B05D8B6
S21402B12001221021BDF820000FF026FD179BBDF866
S21402B130204043B32046BDF816100FF070FDBDF850
S21402B1402030179A00201380D7E6AA06C0D56B01D6
S21402B15003F020030A2E14BF43F0010363F07E03BC
S21402B160DBB2B8F1000F08D000215246009108A8C1
S21402B17000F086FE0028ABD0BFE61A46514608A865
S21402B18011F0C2F8F6E7204611F06AFF179B024656
S21402B1902146042000930BF099FE00283FF458AF96
S21402B1A00A2E18D84FF4D963F340DB0713D5072EBF
S21402B1B00AD00A2E08D0BDF8200010F0B8FB80F0A6
S21402B1C00100C0B2800098E608A80EF0B0FB002886
S21402B1D0F1D0042091E617B125F04005ADB22B461A
S21402B1E03146BDF820005FFA89F201F01BFF84E6C3
S21402B1F0012082E6162080E6405B0020F4640020F0
S21402B200DE6E0020626F0020B2650020F06400202F
S21402B210F7B50F469DF828100446DDE90B061D46D5
S21402B220F1B94FF6FF739C421CBF174B1C804FF0C0
S21402B23000041CBF154B1A70BDF8240008F080FAF3
S21402B24000232A46CDE90043394606209DF82030E1
S21402B250FFF740FE10B90EB1AB7A337003B0F0BD03
S21402B26078B14FF6FF739C421FBF074B1C80074BFB
S21402B2701A7000220FF0B7FD04460028DCD1192010
S21402B280ECE72120EAE700BFDE6E0020B265002070
S21402B2902DE9F04788469DF82810074616461D46B3
S21402B2A09DF820A0BDF824900B9839B158B300221F
S21402B2B00FF099FD044610B9192025E00C464FF60A
S21402B2C0FF739D421FBF114B1D80114B83F800A0D8
S21402B2D04FF6F7739E4208D80E4B4FF6FD761A7855
S21402B2E04FF6FF73002A18BF1E46484608F028FA93
S21402B2F000233A46CDE9084331464346BDE8F047C7
S21402B3000320FFF7E7BD2120BDE8F087DE6E0020B0
S21402B310B2650020936400202DE9F04786B09DF8C0
S21402B32038600546DDE90FA80C4617469946B6BBB7
S21402B330374B1B78022B1DD125BB4FF6F7739C4269
S21402B34014D80026484608F0FBF900233A46CDE911
S21402B35000632146FF232846FFF7BCFD38B9B8F143
S21402B360000F04D0BB7A88F8003000E0012006B057
S21402B370BDE8F087043B012BDED908460EF0D4FA6E
S21402B38010B31DB3022D31D1ECF796FDA042EDD9D4
S21402B390204B33F814204FF6FD739A4219E0BAF1A7
S21402B3A0000F32D01A4B1B78022B05D1FFF788FD0F
S21402B3B0B042E6D23820DAE7043B012BF6D908463B
S21402B3C00EF0B2FA0028F1D11620D0E74FF6F77346
S21402B3D09C42CBD8002EB4D03146002250460FF005
S21402B3E002FD06460028ADD11920C0E7012DBDD1C9
S21402B3F004AA0DF10E01E0B203F0CCF9064B1B785D
S21402B400A342B3D9BDF80E20C5E72120AFE700BF9F
S21402B410F4640020405B00202D6F002030B5104BF6
S21402B42087B005460C461868596803AA03C298688E
S21402B4300C4910609A88DB8852BA23F04003ADF8B4
S21402B44012300023CDE90043ADF81020FF2309880F
S21402B45003AA0720ADF80E50FFF73CFD07B030BD3B
S21402B460685E0020745E002038B50C461146124A0B
S21402B470124D108022682A6062686A60A268AA601A
S21402B480E288500616D5EA88520613D561B1002224
S21402B49018460FF0A8FC014650B16088FFF7BEFFC1
S21402B4A00522074B1A7038BD084611F01AFDF2E75E
S21402B4B01920F5E70220F6E7745E0020685E002099
S21402B4C0C36500202DE9F04F074689B010461546A1
S21402B4D01C468A4611F0C4FD0146284607F0B6FF10
S21402B4E0064628460FF064FC043014F0ACF880469A
S21402B4F00FF0FEFD804550D0B2074ED1DFF8AC808B
S21402B500284605A9B8F800B011F0B0FE9DF819302B
S21402B510A8F8007003BBBDF81430EBB928460FF04C
S21402B52047FC023014F08FF84FF6F773984294BF38
S21402B5304FF000094FF0010901230134E4B22A4614
S21402B5403846CDF8009005A9039303F0C5FE039B89
S21402B55040B901339C421ED20020A8F800B009B0C0
S21402B560BDE8F08F022CF8D1012BF6D10C4A0D4B18
S21402B570A3F800A01378591C11700B4A7F3B16F0F3
S21402B5800C01137007D1BDF81A305B0603D5BDF85F
S21402B5901600FFF743FF0223D1E70020DFE700BFD4
S21402B5A0F2640020DE6E0020B2650020745E002089
S21402B5B02DE9F04FABB00F46ADF81E000FF0F8FBCA
S21402B5C000F1020A0646504614F03DF8BDF81E4049
S21402B5D00546204611F044FD0146204607F036FF98
S21402B5E0814600F00308301D14F02DF8434C2080ED
S21402B5F00FF07EFDA8422DD04FF6F7739D4229D854
S21402B6007378DA0726D4284611F0FAF830B1012307
S21402B6102946BDF81E202088FFF754FF0FF068FD6C
S21402B620364B1B8883420FD1BDF81E40204611F0D0
S21402B63017FD0146204607F009FF10F00C0103D162
S21402B640BDF81E0001F0ACFD00222D4B1A602BB097
S21402B650BDE8F08F2B49BDF81E0011F007FE2A49FF
S21402B660BDF81E0011F046FD0028274B08BF002338
S21402B670234ABDF81E0013600FF026FB234B1870FA
S21402B680BDF81E000FF025FB214B1870BDF81E00FA
S21402B6900FF02AFB1F4B186000238DF82230002F74
S21402B6A03ED0184BDB889B063AD50FF021FD10B32F
S21402B6B0194B1B689D071ED4B8F1010F14BF08234F
S21402B6C018230DF12202009200220DF11E001146EF
S21402B6D000F0D6FB20B3B8F1010F9FD10F4B1B78B9
S21402B6E0112B9BD110F0AFFE002897D140F61D40DB
S21402B6F0F9F7E2FF92E70823E3E700BF745E002053
S21402B70060570020685E0020AA650020A46500201D
S21402B710A36500204C570020C4480020F464002093
S21402B720504613F090FF8246BDF81E0013F0E2FA70
S21402B730A0F11005EDB22A4631460AA8EFF7DAFD67
S21402B740FF238DF82F304FF6F7739A4540F2DF80CD
S21402B750B8F1010F00F0E780B8F1020F00F0468161
S21402B760B8F1000F7FF45AAFA44DBDF81E00EB8867
S21402B770ADF8240004930FF01BFBBDF824600746C7
S21402B780304611F06DFC0146304607F05FFE8DF83C
S21402B7902300B81C7E7813F056FF07460FF0A8FC6D
S21402B7A006F00106B4F8009003906C88002E7FF431
S21402B7B035AF4FF6F77A4246494657458CBF0620C4
S21402B7C0082013F009FFBDF824B0584611F048FCD3
S21402B7D05946024643460420CDF800800BF053FB40
S21402B7E0574583460AD8B5F90620EB88002A05DBBA
S21402B7F0580603D541462046FFF710FEBBF1000F60
S21402B8003FF40CAF2B88002B5AD16B79002B57D103
S21402B8104FF6F7730DF126019F42BDF8240094BF40
S21402B8204FF0000B4FF0010B10F0EFFEDFF8D8A13F
S21402B83000F1FF38BAF800301FFA88F10593EB885A
S21402B840BDF82600069307F001FE069B04990190B8
S21402B850009322465B460598C1F340110EF071F83C
S21402B86000283FF4DBAE042306200093BDF8261022
S21402B870624B5FFA88F20BF006FB00283FF4CEAE6E
S21402B88048F202036A889A4205D1BDF82410BAF833
S21402B890000000F08DFF594D09AA29460DF123003C
S21402B8A00EF04DF8034600287FF4B8AE2104BAF82D
S21402B8B00000BDF8242060D52346294610F0BAFEC3
S21402B8C09DF823304D4D03F00C030C2B75D12889BF
S21402B8D010F07BFE00283FF4A1AE039B00202989CE
S21402B8E04B4514BF0226032602F02CFE444B18706A
S21402B8F04FF6F7739F42BDF8240075D8A4F13802BC
S21402B9005342534132463D4904F066FC86E6B8F19E
S21402B910020F6BD0394BB3F90630002B26DAB8F19A
S21402B920010F7FF41DAF0FF0E3FB238883423FF441
S21402B93075AE0520BDF81E10FFF732FA00283FF458
S21402B9406DAE2E4AD3885B0607D50023CDE90033B9
S21402B9500A20FF232188FFF7BDFA3A469DF82230D7
S21402B9602188BDF81E0002F023F957E629460AA8E8
S21402B97000F070F80028D2D050E60221DFF88C8062
S21402B98088F800102946CDF800B003F0A5FC132C69
S21402B99096D0EB885D0493D41A4B1B78D80703D550
S21402B9A098F80020022A8BD099077FF537AE98F8D0
S21402B9B00030012B7FF432AE82E700222B79124848
S21402B9C000936B791146008802F0E4FD0C4B187068
S21402B9D09DF8233003F00C03082B89D1039B4B45BB
S21402B9E014BF0426052683E701238BE74846BDF8E5
S21402B9F01E20024901F048FB10E600BF685E0020E8
S21402BA00C265002095640020745E0020B3650020A5
S21402BA1010B5002108480FF041FA044650B101461D
S21402BA200420FFF7BDF928B12046BDE810400121E9
S21402BA30FFF7BEBD10BD00BF585E0020034BFF21BE
S21402BA401A7803489200EFF7C5BA00BF2E6F00209F
S21402BA50EC44002070B5451804464FF0FF31AC4266
S21402BA6012D1104B10481A7805460023934211DB78
S21402BA700E4C2078431CB3FBF2F602FB163345F855
S21402BA802010237000200CE014F8010BE0F7B6FA41
S21402BA900146E4E750F8044BA14201D00133E5E742
S21402BAA0012070BD2E6F0020EC440020B4650020FB
S21402BAB0042307B501200DEB0301054AF7F744FD01
S21402BAC0019B044A1B03136003B05DF804FB00BF2E
S21402BAD023E111005C570020014B1868704700BF35
S21402BAE05C570020014B1868704700BF5C57002067
S21402BAF010B5064C2368C3F30B0313B90448E1F7E9
S21402BB00EDF82068431C236010BD00BF5C57002080
S21402BB1023E111002DE9F04F93B003930023DDE9F2
S21402BB201C79069399F8003083460DA804930E46B6
S21402BB3015460DF07DFB99F8003013F003043ED055
S21402BB40039B0DF1250A8DF8243000220821384681
S21402BB500FF060FA002870D028880FF029F999F8BB
S21402BB6000301C074CBF0430023013F06CFD07A9EE
S21402BB708046F7F7D7FE9DF824300446980633D55C
S21402BB80288806F10D0111F03EFAA8B100230093B1
S21402BB90384608232988721D13F056FE99F800309D
S21402BBA003F01803182B4AD1B8F1000F47D0A94B5F
S21402BBB0B3F86830434542D040F60A4327E0288867
S21402BBC0711D11F020FA0028F6D0009405233246A3
S21402BBD0298809A813F038FE9DF824300DF1240AAE
S21402BBE003F018030393B0E714BB39464046F8F750
S21402BBF085F90028D2D099F800309907DCD0402386
S21402BC0022462146404610F0C3FD40F6094399F805
S21402BC10002012F0030440F0F780288803930FF008
S21402BC202AF8224601461A2013F0D6FC039BEBE0C4
S21402BC3007AB03CB38607960B0E74FF6FF780DF0BC
S21402BC4061FE044620B104213846F7F793FE044607
S21402BC501E9B002B5AD009231E990DA88DF834304E
S21402BC600DF060FC209B0BB1209B0693039B002BE0
S21402BC7040F08E800DA8ECF7FDFD99F800309A078B
S21402BC8000F09880FFF734FF5146024601200DF07F
S21402BC9085FE99F800309B0710D55946288811F082
S21402BCA0ABFA0BF1090350FA83F35FFA83FB5946AA
S21402BCB0288811F078FA00EB0B06F6B299F80030F5
S21402BCC013F0C20F0AF104030DD09DF82420624936
S21402BCD042F020028DF824200A68CAF804204A6836
S21402BCE05A600AF10C03012209A800921B1A324676
S21402BCF029889BB213F0A8FD324659462846FEF71D
S21402BD00DDFE002800F0A48000237DE01F9B5BB1CF
S21402BD109E460DF1340CBEE80F00ACE80F00DEF8CC
S21402BD200030CCF800309DE7049B594603F0200310
S21402BD302888049307F08AFB10F0030F0CBF012338
S21402BD4000230593049B059A003B18BF012342EA91
S21402BD50430300930DAA06AB38461F9900F01AFB60
S21402BD60049A034682B1002880D0059B0DAA009350
S21402BD70384606AB1F9900F00DFB034699F80020E3
S21402BD8022F0200289F80020002B3FF46FAF3EE736
S21402BD90039B102B06D1BDF8363043F00103ADF8F5
S21402BDA0363067E7039B182B4FD1BDF8363043F089
S21402BDB00203F4E701200DF125010DF0FDFD99F8CF
S21402BDC00030824613F0040F288821D1069B1BB34D
S21402BDD0002C35D00EF04FFF00220146162013F03D
S21402BDE0FBFB84B17FB14FF6FF7398450BD000235F
S21402BDF00DA91A4638460DF0B5FC394640469DF860
S21402BE0035200DF097FD0123184613B0BDE8F08FDC
S21402BE10002CDFD1104F01E0002CDBD1002332468C
S21402BE20009359463B4610F06FF900283FF4C4AE23
S21402BE30002C3FF469AF069A0AF10103136063E728
S21402BE401B685345C6D80124E8E740F60A43DBE7F9
S21402BE501923D9E74456002077650020002307B54A
S21402BE60054A0648136004220DEB02010193E0F72F
S21402BE7071FF03B05DF804FB5C57002023E111005C
S21402BE802DE9F04F0446B1B000888DF82F301646E3
S21402BE908A4611F0E5F801468146208811F083F9BA
S21402BEA000EB0908208811F0D0F900239DF82F50E6
S21402BEB05FFA88F815F001070790ADF8363008D11A
S21402BEC001460DF13602208811F057F808B1ADF898
S21402BED0367016B9CDE90E660EAEFEF73BFB18B10C
S21402BEE045F020058DF82F500023CDE90333029349
S21402BEF00DF12F03CDE900632246534641464846DC
S21402BF00FFF708FE0546002800F0CA809DF82F308D
S21402BF1013F0010747D123F020038DF82F300FF0DE
S21402BF20E7F868B17C4A10AB1068516803C318463C
S21402BF3000F002FA0546FEF70FFDBBB298423BD868
S21402BF403A9B13B100233A9A1370BDF83630CBB140
S21402BF500121208812F0EAFE27880546002800F014
S21402BF60CA800121384612F0E1FEBDF83670054659
S21402BF70384612F0BFFE002300903A46194628467D
S21402BF8010F07EFF0023CDE9033302930DF12F0359
S21402BF90CDE900632246534641464846FFF7BAFDBE
S21402BFA0054600287CD00FF0A3F8002840F0BA809F
S21402BFB0284631B0BDE8F08F18AB14AA26A9F8B20D
S21402BFC00DF025FC002840F09480082210A927A82E
S21402BFD0EFF74CFB8346ADB19DF8A53013F0020F88
S21402BFE008930FD0082212A927A8EFF73FFB48B9FB
S21402BFF0089B590706D53A9B13B101233A9A137048
S21402C000089507E03A9B002B61D1BBF1000F70D177
S21402C010002308930DF1740C14AB0FCB8CE80F00C1
S21402C020BDF83630CBB10121208812F07FFEB4F87D
S21402C03000B000284FD00121584612F077FEBDF816
S21402C040362083461046099212F054FE0023194603
S21402C050099A0090584610F013FF304B0DF1740BFE
S21402C0600493002303930DF12F03CDE900632246C8
S21402C070534641464846CDF808B0FFF74BFD002828
S21402C08037D1002D33D012AA5B464FF482714FF49B
S21402C090005000F0D9F8089B13B126A80DF0C3F99A
S21402C0A00FF026F888B11E4B1B689A070DD4FEF7D0
S21402C0B051FA50B1184A18AB1068516803C30022EF
S21402C0C026A918A80FF0FDFE00BB002570E7002386
S21402C0D03A9A137099E7BDF836200A9010460992EC
S21402C0E012F008FEDDE9092307990090B2E72A4616
S21402C0F0CAE701371FE7BDF836B0584612F0FAFD18
S21402C1002B4600905A463846079939E726A918A8BA
S21402C1100FF013FFD3E700BFCA1B0400C04800207D
S21402C120C44800209DF82F3003F01103102B7FF433
S21402C1303FAF3E4B1B78432B7FF43AAF3C4B1B681A
S21402C1405B067FF535AF208808F1050110F05BFF2E
S21402C150834600283FF42CAF4146208807F076F944
S21402C160344B10F0200F08BF1E4612A800F0E4F869
S21402C1700822314612A8EFF779FA002852D0314643
S21402C18012A80DF098FB012326AE00933246002338
S21402C19014A912A800F0FEF800287FF409AF12AB2B
S21402C1A00DF12F07CDE90360029000932246534615
S21402C1B0414648460197FFF7ADFCA8B3BDF89A3052
S21402C1C0102043F0080318AA14A9ADF89A300FF00D
S21402C1D055FE00287FF4ECAE12ABCDE90360CDE944
S21402C1E0017000932246534641464846FFF792FCAA
S21402C1F0054600287FF4DCAE18AB4FF490710020A1
S21402C20012AA00F021F84FF00051002010F0D0F8EA
S21402C210BBF1000F3FF459AF4FF08051002010F0F1
S21402C220C7F852E78346AEE714ABE6E7F4640020AD
S21402C230C4480020AE56002001461A230120014AB7
S21402C240F7F782B924E10100F0B5164691B0074629
S21402C25009A80D461C46FFF7EFFF3EB1336845F0CE
S21402C2604005CDF826307368CDF82A301B4B1A6885
S21402C27022EA070242EA050119604B040DD5BDF811
S21402C28024200B0A03F4E243C9B222F4E3420B432E
S21402C29022F07F021343ADF824301A230020104AFE
S21402C2A009A9F7F751F9B4B104A80CF0C1FF0223AB
S21402C2B06A468DF810301546234604F110061446D9
S21402C2C018685968083303C4B3422246F7D1294690
S21402C2D004A80DF027F911B0F0BD00BFC448002035
S21402C2E024E1010047F2FF10044B196841F4804232
S21402C2F0014041F480411A6010F05AB8C448002048
S21402C30000B589B0FEF7BCFB01A8FFF795FF094808
S21402C310BDF804200168130221F0FF0103F4E203D2
S21402C3200B43D2B2134343F48043036009B05DF873
S21402C33004FB00BFC448002010B50C4B0446186826
S21402C34088B0830706D54FF0FF3323600120636071
S21402C35008B010BD10F04000FAD001A8FFF76CFF3D
S21402C360DDF806302360DDF80A30EFE7C448002027
S21402C37008B5074B02461B6813F0400305D1184662
S21402C3801946FFF761FF012008BD0020FCE700BF49
S21402C390C44800202DE9F0479EB080460C461D4654
S21402C3A091469DF898A0A2B1164630460CF040FF82
S21402C3B01AF0020F0FD004B917AC22463146404697
S21402C3C001AB0DF002FA0DB100232B601EB0BDE8E2
S21402C3D0F0870DAEE9E701AB3146404605AA0DF0FF
S21402C3E0C1F973780AF0010AFF2B26D0002840F024
S21402C3F0B68054B105AA09AF134603CBBB422060F0
S21402C40061601A4604F10804F6D125B17278554BDC
S21402C41003EB82032B60BAF1000F01D10020D5E7AF
S21402C420BDF80430D906F9D418204FF6FF71727899
S21402C43013F0D2F840F60E40C8E74B4F3DB10EF06F
S21402C44057FE10B13B689A072BD500232B603B683A
S21402C45003F03003102B01D0202B24D117A8FFF7AE
S21402C460EBFE082240460DF15E01EFF7FFF820B121
S21402C4703B6803F04403402B15D0BAF1000F15D1E8
S21402C48009A80FF099FF02233370002C4CD1B9F1A2
S21402C490000FC3D00EF02CFE60B3301DFFF74CFF2A
S21402C4A0BCE7324BD2E740F60A408FE73B68DB0335
S21402C4B0E6D509A80FF080FF0223337074BBB9F1EA
S21402C4C0000FB1D00EF014FEF0B1301DFFF734FFAE
S21402C4D0AAE73B6803F08403842B2CD009AB0DAF8C
S21402C4E01A4603CABA4220606160134604F1080481
S21402C4F0F6D105E025463B6803F08403842B28D05A
S21402C500301DFFF719FF26E03B68012503F0840380
S21402C510F4E73B68012503F08403DDE70EF0E8FD4F
S21402C5200028F6D00125D9E70EF0E2FD05460028E0
S21402C530CFD00025D2E712A80CF07AFE022312A86A
S21402C5408DF84830ECF796F9224608214046ECF77B
S21402C550E9F810237380002D3FF460AF64E72D20C6
S21402C56034E700BF48440020C4480020C0480020EA
S21402C57049B9084B197849B14EF66023594328B198
S21402C580054812F087BC41F28831F8E70248F6F710
S21402C59061BF00BF946400201048002070B586B0CA
S21402C5A005460EF0A5FD10B9022006B070BDF7F7DD
S21402C5B045F80028F8D001A8FFF7BEFE0646002878
S21402C5C0F2D08DB92E4B1C6814F0020406D02D4B07
S21402C5D01B78112BE8D12C4BB3F868404FF48163DB
S21402C5E00221ADF80C3023E02846F7F70FFD0028AD
S21402C5F0DAD1234B1C6814F0020406D0214B1B78B8
S21402C600112BD1D1204BB3F868400822294601A845
S21402C610EFF72CF80028E1D04FF4027300260A2127
S21402C620ADF80C302B68CDF80E306B68CDF81230B2
S21402C630002203A80EF0D7FB024608B91920B4E779
S21402C6400F4B196801F03003102B17D0202B14BFA4
S21402C65001230323490001F004010B432046002175
S21402C66001F09AF80028E9D000210120FFF780FFA8
S21402C67016B10122054B1A70002096E70323E9E75C
S21402C680C4480020F464002044560020A965002017
S21402C69030B5002585B0CDE90055F6F7DBFE0EF085
S21402C6A027FD1E4C60B905F0AFFF0D250021084698
S21402C6B02170FFF75DFF294668460CF015FD18E06D
S21402C6C023784BB3164917480A780078904223D944
S21402C6D00132012B0A700ED12A464FF4A071284669
S21402C6E002F012FDC0B2B8B941F288310E4812F01B
S21402C6F0D1FB05B030BD022B09D1284602A9F7F7B7
S21402C700FDFB0028EED102A8FFF748FFEAE7032B5D
S21402C71002D101F0FBF9E5E70425C7E7B56500207D
S21402C720B66500206A6F00201048002070B51B4ACC
S21402C7301B4D04465168106886B02E7801AB03C3C1
S21402C7401EB10224204606B070BDF6F7CFFF0228BF
S21402C750F7D10EF0CDFC0028F3D003A800F03AFE85
S21402C760082201A90DF10E00EEF780FFA0B10D4BD5
S21402C77032464FF4A07130461C7002F0C5FC0446E7
S21402C7800028DFD10123084A41F2883107482B707E
S21402C790137012F07FFBD5E72324D3E717DF0400DC
S21402C7A0B56500206A6F0020B6650020104800209C
S21402C7B0F0B50C4600219BB02B4F0646492207A82F
S21402C7C00691EEF707FC3B78012B34D19EBB0DF1A8
S21402C7D00E0120460FF019FF0546BDF80E0012F0B6
S21402C7E089FA441BE4B2BDF80E1023462A46009688
S21402C7F006A813F029F8304604A9F7F77FFBD0B94C
S21402C800CCB19DF81920B2B9BDF8233003F47E43AB
S21402C810B3F5285F1ED3B3F5385F0ED31349BDF8C0
S21402C8200E000B6843F400030B6029460DF05DF81A
S21402C83018B104233B701BB0F0BD01220C4B04A8B8
S21402C8401A70FFF7ABFE41F288310A4812F022FB5B
S21402C8500223EFE711463A70FFF78AFE1E2104A86C
S21402C8600CF042FCE7E700BFB5650020C448002094
S21402C870B665002010480020014B1870704700BFB4
S21402C880B6650020014B1878704700BFB5650020DA
S21402C890014B1870704700BFB56500202DE9F04FB8
S21402C8A00446408891B00E298846ADF81A0079D021
S21402C8B094F80890A7790EF07BFA09A90546BDF808
S21402C8C01A00E67910F0D2FCBDF81A000EF063F9F1
S21402C8D0420542BFBDF82A3043F40053ADF82A3071
S21402C8E0E379DB0642BFBDF82A3043F48053ADF845
S21402C8F02A30BDF82A30980613D5022F57D10CA934
S21402C900207A0FF023FEDDF83500DDF8391007AB8C
S21402C91003C307AA0021042300910DF11A00FFF7B2
S21402C920AFFA0121BDF81A0012F000FA022F824671
S21402C93049D1474B33F81950B8F1000F7ED0BDF8F5
S21402C9402A2051067AD54FF6FB739D4276D8414B84
S21402C9501B78033B012B04D83F4BB3F86830AB423D
S21402C9606CD0D30502D528460FF0D2FFBDF82A3088
S21402C970D80463D5002F33D1BDF81A000EF00BF998
S21402C980C10663D548F23403BDF826209A4209D17F
S21402C990324E3078FF2805D003222946FBF782FB69
S21402C9A0FF2333700023236011B0BDE8F08F012F00
S21402C9B001BF237A2A4A03EB430302EB830314BF25
S21402C9C000229A1CA6E7012F05D10C2303FB09F3CC
S21402C9D0234AD55AB0E7A81C12F035FE0546ABE747
S21402C9E0284601F0F7FEBDF81A000EF0D4F8C2068B
S21402C9F0C8D463895046059312F07CF983465046A4
S21402CA0012F05CF9059B02905FFA8BF04A463946B3
S21402CA1001900093404609AB0CF0FEFAB8F1000F05
S21402CA2014BF0B20092016F0030218BF02F1FF32D2
S21402CA30294618BFD2B212F0CFFDA3E7BDF81A00FE
S21402CA400EF0A9F8C3069DD4002FD2D1A946D0E78E
S21402CA50405B0020F5640020445600206E6F0020E4
S21402CA60805A002038B500240F4B104D2A78A24277
S21402CA7005D8C2B9BDE838400D48F6F7EBBC598870
S21402CA8069B9013AD2B2A2422A70EFD0121B1846F6
S21402CA9003F110011201EEF7EFFA0346E6E701345E
S21402CAA01033E4B2E2E738BD4C440020B9650020FA
S21402CAB0F86D002070B51A4B1A4A1D780023DCB2B6
S21402CAC0A54200D870BD144666880133864202F13C
S21402CAD01002F4D1E379A588E16003F040028DB933
S21402CAE0CAB123F00403E3710EF062F9037803F08F
S21402CAF07F03037021880029E4D1BDE870400A480C
S21402CB0012F0C8B900216580A180002AE9D1BDE8EB
S21402CB107040FFF7A7BF2046FFF7C0FEF7E700BF4B
S21402CB20B96500204C440020F86D00202DE9F0473E
S21402CB30044686B040880F4615460EF039F9A379AA
S21402CB408046082B52D8DFE803F0052E18515151C3
S21402CB5051510500023012F076FD002D4ED0694686
S21402CB60F7F7CCF9002841D1684601F0DDFEB0FAAD
S21402CB7080F0400906B0BDE8F08702A9207A0FF0DF
S21402CB80E5FC6B466E46DDF80D00DDF81110334A03
S21402CB9003C3237A32F81390314AD05C75B131461A
S21402CBA00FF0F8FCE6E7237A2E4903EB430301EB8A
S21402CBB0830231F82390907A961CEFE74FF6FB7AC1
S21402CBC0D14515D9304603F0ADFF4FF6FF739842B4
S21402CBD0054615D00146304601F018FE554508D9DF
S21402CBE0E379DA060ED440F62243E3600020C1E77A
S21402CBF04D46294608F1020012F027FD0120B9E74A
S21402CC004D46EDE74FF6FC78454512D103F00C038E
S21402CC100C2B1CD1DFB130464FF6FD7101F0F6FD4C
S21402CC2040F61F412046E160FFF738FEFFF71AFF85
S21402CC30DCE74FF6FD739D4209D1002330461946C4
S21402CC401A4602F02DFB4146304601F0DFFDE3793D
S21402CC5043F00C03E37140F62343C6E7405B002033
S21402CC60A0640020805A002073B5044640880E4611
S21402CC700EF09EF8023012F0E6FC0CF055FE18B1EB
S21402CC80A11C201D0CF055FEE6B1E5790135EDB28A
S21402CC90E57115F0400514D0EBF708F901220546B8
S21402CCA000212046FFF742FF18B1394B1B882B4460
S21402CCB09DB2384B1B78042B01BF354B1B885B1982
S21402CCC09DB22580002231462046FFF72FFF20B373
S21402CCD060880EF06DF8E2792F4922F00C03E371BA
S21402CCE00B7805460133DBB20B70C3712B4BA61CC7
S21402CCF01B780BB3E37998061ED52949097871B1DA
S21402CD0059060CD592070AD500220423114630464E
S21402CD100092FFF7B5F810B1E06002B070BD0022D5
S21402CD200123114630460092FFF7AAF820B1E379B4
S21402CD3043F00303E371EFE730460CF0F8FD0028FA
S21402CD40EAD16088FBF77EFD0328E6D8DFE800F02C
S21402CD50020D1D19E37943F00403E3711B06DCD5CB
S21402CD60104B1A78104B1A70D7E740F62443E3604C
S21402CD70E37943F00803E3712B7803F07F032B700B
S21402CD80CBE740F62543E360C7E740F62643FAE7DB
S21402CD90B66E0020F5640020F2640020F0640020E5
S21402CDA06B6F002098640020B86500202DE9F74FCD
S21402CDB0064612F05EFB5F4B0546B3F800901880FD
S21402CDC05D4BA0EB09041B78A4B2A34298BF0023D4
S21402CDD04FF000084FF6FF7788BF1B1B564A88BFE6
S21402CDE0DBB21370DFF864B1A9EB00030093534B78
S21402CDF05FFA88F2197891420ED80EB1FFF732FE2A
S21402CE004FF6FF739F4200F08E8039464C4803B0BF
S21402CE10BDE8F04F12F03EB8BBF80220002A3CD024
S21402CE20484B9BF807201878BBF800A0042818D0B7
S21402CE300020BAF1000F08BFA2462044504523D274
S21402CE40BBF80010009B1944ABF80010002E4ED021
S21402CE5002F04802482A4AD100215846FFF704FF4A
S21402CE6045E00192F6F790FF30F01003019ADFD109
S21402CE70FAF702FD344B019AB3F800C08445D7D9BD
S21402CE80ACEB000080B2D4E702F00C00042807D115
S21402CE900022ABF800200BF1100B08F10108A6E700
S21402CEA0510602F0030C02F008000ED528B3BCF1BE
S21402CEB0030F25D1DEB1DBF80C105846002908BF57
S21402CEC04FF44261FFF7EAFC11E040B3BCF1010FF8
S21402CED025D11206EED44FF4C862ABF800209BF8B8
S21402CEE0072022F0030242F002028BF80720BBF86A
S21402CEF00020974228BF1746CDE703208445D9D2A3
S21402CF0013060ED50C4B1A780AEB0200844208DA96
S21402CF104A44521B0AEB0201ABF80010E7E7012075
S21402CF20ECE7012199E7064803B0BDE8F04FF6F7B3
S21402CF3091BA00BF5E5E0020B8650020B965002089
S21402CF40F86D0020F5640020B66E00204C440020E8
S21402CF50F8B500250A4E0B4F3378ECB2A34204D83C
S21402CF60BDE8F8400848F5F785BF07EB0414A01C97
S21402CF70F5F780FF201DF5F77DFF0135ECE700BFD2
S21402CF80B96500204C440020545E002070B5002491
S21402CF900B4D0C4E2B78A34208D81B1BDBB22B7012
S21402CFA06BB9BDE870400848F6F754BA06EB0410B1
S21402CFB040F621410134FFF771FCE4B2EAE770BDA6
S21402CFC0B96500204C440020F86D00202DE9F041A0
S21402CFD0002506462F46114CDFF8448098F80020BC
S21402CFE0EBB29A4203D8BDE8F041FFF73BBD60883A
S21402CFF00DF0DEFE023012F026FBB0420AD1608847
S21402D000F8F74AFA00230E211846628803F086F9DA
S21402D0102780678010340135E0E700BF4C440020CB
S21402D020B9650020F8B5154EDFF858E035789EF859
S21402D03000E0134FAE454FEA051C07EB051419D066
S21402D040002503F4835343EA1323A1712272E3718A
S21402D050608027F80C50A58006F078FB40F6024365
S21402D060E36033786081013328463370FFF79EFE13
S21402D0702846F8BD40F60340FBE700BFB96500202E
S21402D0804C4400202C6F00202DE9F04F344B0D4607
S21402D0901C78174685B05CB9B1F90680DFF8C890EF
S21402D0A0DFF8C8A0DFF8C8B099F80030A34202D86B
S21402D0B005B0BDE8F08F0AEB0416B08800B9708898
S21402D0C001A910F0D3F8AA7A9DF80E309A4244D1FC
S21402D0D0B8F1000F0FDA297A9DF80C202B899142BD
S21402D0E009D8204800780844824236DA521A1B0AC7
S21402D0F01341D90731D5384610F0A7F8BDF80A30E3
S21402D10004469A0602D5EB889B06D1D5F37903F03E
S21402D1100C03042B08D17088F8F7BEF90023728836
S21402D1201946184603F0FAF800213046FFF7B6FB18
S21402D130FFF798FC384611F0DDFD844208D2337AB8
S21402D14001228BF8003029460023384603F044F8C3
S21402D150B8F1000FACDA0024A6E70134E4B2A3E784
S21402D160B76500202B6F0020B96500204C440020D4
S21402D170C265002008B512F07CF9074B1B88C01A5E
S21402D18080B2B0F5807F05D9BDE80840002103488B
S21402D19011F080BE08BD00BF5E5E0020F86D002064
S21402D1A02DE9F04788B004460D460FF059FF0146B8
S21402D1B0204606F04BF910F0030340F0848010F08E
S21402D1C00C0F06D12946204608B0BDE8F047FFF707
S21402D1D071BC20460DF0DFFCC10659D420460FF084
S21402D1E03FFF0146204606F031F9074620460DF07D
S21402D1F0DFFD0646023012F026FA05A980462046D2
S21402D20007F00C0796F806A010F030F873780C2F8B
S21402D2100CBF03270627012113F0010F204618BF73
S21402D220032711F083FD2B4B81461B78033B012B12
S21402D2301DD9BAF1010F1AD94FF6F773984502D8DD
S21402D240337A1F2B13D9301D12F0FDF9F17982467D
S21402D2500EF0B4F906465046F7F726FDDEB17368BF
S21402D2605A1C04D0834340F6284308BF1D461A4B77
S21402D2701B88A34212D1B5FA85F04009FAF7A6FD3B
S21402D28020460DF0B6FC00220146072012F0A4F953
S21402D29008B0BDE8F08740F62845E8E706F056FAFB
S21402D2A08246484611F026FD0646484611F006FD1F
S21402D2B0F6B20290424639462846CDE900A605ABAC
S21402D2C00BF0AAFEDCE7012BE2D110F00C0FDFD147
S21402D2D078E700BFF5640020545E0020002210B5F7
S21402D2E0094B1C78094BD1B28C4201D8002010BDE4
S21402D2F0197A814202D19979022902D01033013279
S21402D300F1E70120F3E700BFB96500204C44002096
S21402D3100146002210B5084B1C78084BD0B2844256
S21402D32001D8002010BD187A884202D198790128C7
S21402D330F8D010330132F1E7B96500204C440020E2
S21402D340002210B40A4B1C780A4BD1B28C4203D886
S21402D3505DF8044BFFF786BB197A814205D19979AD
S21402D360012902BF00211980598010330132ECE7EF
S21402D370B96500204C440020044B1B6813F0300FA4
S21402D38003D0202130200FF013B87047C448002085
S21402D390002310B5044608491A4601EA00414FF038
S21402D3A07F60FEF751FFE30703D5002130200EF021
S21402D3B0FFFF002010BD00BF00007207044B5B8811
S21402D3C023F4784323F08D0303800020704700BFC8
S21402D3D0C448002008B500220346C3F80220C3F85A
S21402D3E006200B4A02301268D1B212F0200F18BF84
S21402D3F041F010011980930701D4FEF79DFF054BFB
S21402D4001B78023B032B8CBF1720002008BD00BFF1
S21402D410C4480020F464002038B505460C46FDF7E3
S21402D4202FFB98B10E4B187878B10E4B1B681A0476
S21402D4300FD58CB113F0420F00D17DB103F44073C7
S21402D440B3F5407F0CBF0020232038BD40F60840CD
S21402D450FBE740F60B40F8E72046F6E72320F4E722
S21402D460F0640020C4480020F0B504468DB007A83A
S21402D4700D4616460BF0DCFE1022002103A8EDF73F
S21402D480A9FD5CB1234603AC03F1100722461868D7
S21402D4905968083303C2BB421446F7D1012703A9D1
S21402D4A086EA070307A88DF81C708DF81D300CF06D
S21402D4B02AF880EA070401A8E4B2EBF739FAB6B113
S21402D4C001A88DF80650EBF75FFA64B1002303A9B2
S21402D4D007A88DF81D300CF025F80C4B1B78432B53
S21402D4E001D1F7F7CFFC0A4B1D700DB0F0BD01A8B5
S21402D4F08DF80750EBF748FA002CF6D003A907A8D8
S21402D5008DF81D700CF00EF8EFE700BFF4640020F3
S21402D510EF640020F0B5012593B007460DA80C462F
S21402D5200BF086FE05A90DA8ADF834500CF015F8E0
S21402D53001A8EBF7FDF909A90DA88DF835509DF85D
S21402D54006600CF00AF80DA89DF807500BF09BFF3A
S21402D55070BB731BDBB2802B28D91FB1A64225D025
S21402D560A54223D105A90DA80BF0DCFF03A8EBF713
S21402D570DFF903A88DF80F60EBF706FA01222946B9
S21402D58009A8FFF771FFF7F733FD01214FF400708A
S21402D59003F0E6FDFDF75CFAB0F1004F01D9FDF7A6
S21402D5A05DFA044B18780BF09DFD012013B0F0BD18
S21402D5B00020FBE7EF64002070B50E4614460546D1
S21402D5C00320FFF765F946F00402294620460CF0D0
S21402D5D003F80022014B1A6070BD00BFC04800204D
S21402D5E0F0B587B0078805461022002102A8EDF79D
S21402D5F0F1FC3E4B1B78002B76D1BC055ED407F0BF
S21402D6008403842B63D00022394C11461046FFF760
S21402D6102BFF17F4045F276005F102061CD0B9043D
S21402D6200AD5304605F0A4F900284ED1236823F423
S21402D630005343F48073236030460EF047FF002801
S21402D64042D10BF0F1FD18B9236843F4803323600E
S21402D650236843F02003236022680DF1060042F49B
S21402D66000432360FFF7AAFE12F4805FBDF806307F
S21402D67031D043F02003ADF806302168334611F06E
S21402D680400218BF05F123024FF07F60FEF7DCFD73
S21402D690BDF80630DA0703D5002130200EF088FEEA
S21402D6A023689B0506D5012295F8221005F1120083
S21402D6B0FFF7DAFE00200F4B186006E005F11200B5
S21402D6C00EF004FF00289AD0292007B0F0BDB80754
S21402D6D099D52320F9E723F02003ADF80630FDF7AD
S21402D6E0BDF9FEF7BBFBC8E70220EEE7F4640020B4
S21402D6F0C4480020C048002008B5054B1B7833B14B
S21402D700FFF73AFEBDE808400248FEF731BE08BD04
S21402D710F06400207765002010B5154B1B78D3B156
S21402D720144B1B78033B012B15D900200FF091F9FF
S21402D730044698B1EAF7EAFB237913F0300F0AD1D0
S21402D74048B1012803F0CF0206D0811E4B424B415E
S21402D7505B011343237110BD1023FAE7F7F7DAF8DB
S21402D7600028F8D021462046BDE8104004F096B8BE
S21402D770F0640020F564002008B50DF0B9FC054BF6
S21402D78018B91868C0F3800008BD1868C0F30050C6
S21402D790FAE700BFC44800202DE9F04F0646894646
S21402D7A01046002189B01546984605F04FFE10280F
S21402D7B007460AD86A4B0341DB0706D4C8F340047F
S21402D7C09DB9002009B0BDE8F08F664B1C78002C8E
S21402D7D0F6D0FFF7D1FF00280CBF4FF4F0744FF4D9
S21402D7E0D074FC4004F00104EAE74FF0000A18F097
S21402D7F0010F5346524629464FF00500CDF800A0C9
S21402D8000CBF4FF0080B4FF4027B09F05FFB0028B9
S21402D810D7D0C8233246009359465346284605F0C9
S21402D8203DFEADF80E000028CBD018F0080A4AD10B
S21402D8304FF6F773A7F10F02D2B29E428CBF0923AE
S21402D8400123012A01D843F04003474A8DF81030DD
S21402D8501378591C11708DF81130002C4FD09DF89A
S21402D8601030052F43F020038DF8103033D03F4B95
S21402D8701D78002D5AD04FF6F77300259E424FF0C2
S21402D8800F0248D9012304A90DF10E00F5F736FD63
S21402D890002896D1002C4DD1BAF1000133463A4603
S21402D8A018BF0121BDF80E00CDF800900CF046F826
S21402D8B0ADF80E00002884D018F0040F4DD0314683
S21402D8C00EF04BF87EE749460DF10E0005F02AF8F9
S21402D8D00028ADD175E70121BDF80E0011F026FA39
S21402D8E0012105F0B3FD0123834013F0620F1CD122
S21402D8F01E4B1B78E3B14FF6F7731825BEE71B4B9A
S21402D90025461B780222002BBCD04FF6F7739E42A8
S21402D910B8D8052FB6D0BAF1000FB3D19DF81030A3
S21402D92043F040038DF81030ACE710250F22A9E72C
S21402D9301825FBE7BAF1000F0AD002234A460090E8
S21402D94029460DF10E00FEF79BFA0028A4D038E710
S21402D95041235246CDF800A0F2E70DF0E8FF31E78A
S21402D9609FFEFEFFF0640020F1640020E2640020C7
S21402D9702DE9DF431E46144B80461B680F469B0765
S21402D98091460A9C1BD4204614B10BF0BFFFC0B2CE
S21402D9900622CDE902403B460020CDE900890B492C
S21402D9A00FF0DEFA024650B10021002E0CBF012312
S21402D9B00323084604B0BDE8D043FFF7EDBE0020BF
S21402D9C004B0BDE8D08300BFC448002070920400B3
S21402D9D02DE9F04F8DB081468A461F4693469DF844
S21402D9E05C803AB903A8FEF7A7FCB0BB00200DB0D6
S21402D9F0BDE8F08F15460022232110460DF0F3F9FC
S21402DA00ADF80A000028F1D011F058F905230446B3
S21402DA1018F0100F00F8023B677020D01122002188
S21402DA20EDF7D8FA04F11306032F4FF0080237D1A8
S21402DA3059463046EDF720FBC8F3801306F1090578
S21402DA4033720BF05FFF00283ED000232B706B7002
S21402DA500123033505F8013C36E003ADCBE701268A
S21402DA6010221699EDF708FB06FA07F313F0620F79
S21402DA7002D104F11206D7E707A80BF0D9FB05A8D6
S21402DA808DF81C60EAF754FF9DF8162018F0200F58
S21402DA909DF8173008BF134604F11306A374C3E7B4
S21402DAA051463046EDF7E8FA012306F10802121B4A
S21402DAB028460093BDF80A10082392B211F0C4FE5D
S21402DAC0042F06F11005BCD02D1BA9B20DF10A00D9
S21402DAD00FF0AEF9002889D118F0040F0BD0484693
S21402DAE011F00CFBFF281FBF074A32F8103023F450
S21402DAF0804322F81030434651464846BDF80A2075
S21402DB00FFF74AFE73E700BFE85D002070B5032604
S21402DB1090B08DF807600DF0EBFA18B90224204693
S21402DB2010B070BDF5F78AFD0028F7D002AD284682
S21402DB30FEF702FC0028F1D01B4B1C6814F002040E
S21402DB40ECD140F20F43194AADF82430136804A80A
S21402DB50CDF826305368CDF82A300BF069FB95E8ED
S21402DB60030005AB83E80300062304A88DF81D30E6
S21402DB708DF81060EAF77EFE01210DF12E020DF1FE
S21402DB800700EAF7CFFD22461A2109A80DF02BF965
S21402DB90024608B91924C2E7012329462046FFF7A0
S21402DBA0FBFD0028BBD1F5E7C448002077650020BE
S21402DBB02DE9F04F06460F46002199B01F2210A805
S21402DBC003930F91EDF706FA30460FF049FA014635
S21402DBD0304605F03BFC8DF81B0030460DF0E8F8A9
S21402DBE09DF81B3045788146C5F3400598063046B9
S21402DBF048BF45F002050FF028FB0446304611F0F8
S21402DC0079F80023001B5FFA80FA00935346232B11
S21402DC1028BF2323224631460FA811F015FE0028FE
S21402DC2040D19E4B9DF83C801B789DF83DB0002B62
S21402DC303BD0FFF7A1FD00280CBF4FF4F0734FF462
S21402DC40D07323FA08F3D9072FD5AA072DD4B8F133
S21402DC50080F24D1BBF1040F24D1FAF797FD08BBB5
S21402DC60012322460093314605200DF11B0309F0DD
S21402DC700AF9B8B1A8F10508B8F10D0F12D8DFE815
S21402DC8018F02800A001C701EC01F50111001100EF
S21402DC9011001100FB019D02A902D702D702B8F1BA
S21402DCA0050F08D019B0BDE8F08FB8F1100F05D1F6
S21402DCB0039B002BF6D0FAF769FDD1E7FAF766FD6B
S21402DCC00028CDD0B8F1050FCAD0B8F1110FC7D0D1
S21402DCD0E8E7BBF1050FE5D830460CF0CCFF05901F
S21402DCE009F1020011F0AFFC81460DF11E00FFF7AC
S21402DCF065FB01239DF83D70BB4013F0620303935E
S21402DD0005D0BDF81E309B0701D5AE07CAD50DF06B
S21402DD10EFF90028C6D0FAF739FD08B9002DC1D0B0
S21402DD200DF13E0A50460EF0D1FB039B0490BBB1A8
S21402DD30032F9DF84EB01AD10DF14F040DF0D8F90D
S21402DD40814540F01781032DACD19DF856105246FE
S21402DD50003918BF01210DF14E000BF0FCFDA1E7C2
S21402DD60032FDDF80CB07BD10DF14E04E6E74C4BE9
S21402DD701B689C0729D5FF2208210DF157000DF0DC
S21402DD8049F9804608BB034601460DF157020220B8
S21402DD90FEF75AFA0DF0ACF981450DF157060DF172
S21402DDA04F0422D04FF6F773994540F2E8800022DE
S21402DDB0082120460DF02EF9002800F0E08000220F
S21402DDC059465046FFF750FB6CE70DF157060DF12A
S21402DDD04F0430460EF014FB002846D00DF088F9AA
S21402DDE0814540F0C8804FF000082046F6F70EF94D
S21402DDF0002800F0C080012F58D0042F7FF452AFC5
S21402DE000EF021FB10B1032D7FF44CAF049B002BC8
S21402DE107FF448AF324602215046FFF7CDFB214B36
S21402DE201B7863B1FFF772FEFEF72CFD022806D1BF
S21402DE300120FEF721FD01210846FEF799FB1A4B49
S21402DE401B78022B1FD1032130460BF04DF9FEF74B
S21402DE5019FD014600287FF425AFFEF789FB21E76E
S21402DE600DF156060DF14E04B3E70F4B1B78432B0C
S21402DE707FF418AF012F7FF415AF0DF039F9814505
S21402DE8079D1B846B1E7412B7FF40CAF044B1B683F
S21402DE9058057FF507AFF8F761FC03E7F06400204A
S21402DEA0C4480020A9650020F4640020B64C2378FC
S21402DEB0022B22D02378412B3FF4F4AE049B33B9D5
S21402DEC0FAF764FC594602465046FFF7CDFAFAF7CF
S21402DED05DFC00283FF4E6AE0EF0B5FAAB4F98B103
S21402DEE03B681A0502D42378432B0DD1AB070BD41B
S21402DEF040F61A40F7F7E0FBD4E60EF0A4FA002844
S21402DF00D8D0A907D6D4CDE6386810F0020002D1E0
S21402DF10059903F0C3FC2378112B16D13B685F05E5
S21402DF2013D50020FEF73AFB044600287FF4BAAE6B
S21402DF300DF0B6FB40F61C40F7F7BEFB2146204626
S21402DF40FEF716FBF7F7C4FBACE6AC0701D5FFF706
S21402DF5013FAB8F1000F9ED00BF066F918B94FF419
S21402DF6080310EF025FA0022894B30461A600EF0F8
S21402DF703EFA90E70026039B002B7FF413AF4FF682
S21402DF80FF73204608A9ADF82030F5F791FF20B1BF
S21402DF9020460DF088F8ADF820004FF6FF73BDF866
S21402DFA0200098423FF47EAE049B3246002B0CBF04
S21402DFB0042315232146CDE900A33B46FFF708FDBF
S21402DFC070E60DF095F800287FF46CAE714B1B7866
S21402DFD0002B3FF467AEA80704D46C4B1B6899016C
S21402DFE03FF560AEBAF10C0F0DF1450094BF002468
S21402DFF012AC11F028FB02469DF8470003283FF6B4
S21402E00051AE394600940DF13D0304F00BFA49E691
S21402E0100DF13D00F5F7FAFF28B10222394600203D
S21402E020FAF740F83EE65C4B1B78013B012B3FF6C5
S21402E03039AE0DF13D0002F075FD4FF6FF739842C2
S21402E040044606D10DF13D000DF02DF8A0423FF436
S21402E05029AE0021FAF736F924E6EA077FF522AE62
S21402E0602A4638460FA904F0DBFA1BE69DF83D1057
S21402E0700120FFF74FFA15E6474B1B78013B012BB1
S21402E0803FF610AEEB077FF50DAE0DF13D0002F048
S21402E09049FD4FF6FF7398420546804640F0808061
S21402E0A00DF13D000CF0FFFF40450546074677D1CF
S21402E0B00DF13D00F6F71CFCB84205463FF4F2AD02
S21402E0C0304610F017FE00220934E4B2071BFFB2F6
S21402E0D0394610460CF087FEADF81C0000283FF4C7
S21402E0E0E1AD4FF0010900232A460821CDF8009041
S21402E0F005F0D4F9ADF81E0000283FF4D3AD214652
S21402E10030460FF079F84FF0000A80461622514644
S21402E11009A8CDF820A0ECF75DFF4346224631461B
S21402E120CDF800A008A811F08FFB4B46424608A97E
S21402E1300DF11E00F5F7E2F800287FF4B3ADA7EB69
S21402E1400807FFB2394607A80EF072FE284610F0FE
S21402E150D5FFFF2818BF114A444418BF32F81030C2
S21402E160E4B21CBF23F4804322F81030BDF81C0032
S21402E17023463246002100970EF082FE2946BDF85D
S21402E1801E000DF0EAFB8DE5F4640020C448002072
S21402E190C0480020F0640020F5640020E85D0020FE
S21402E1A0284610F0ABFFFF28074689D0F6F7C6FDD3
S21402E1B0002885D0384603F099F881E71E4B1B7875
S21402E1C0013B012B3FF66EAD2A4638460FA9FCF7F7
S21402E1D0C9F967E5194B1B78022B20D1002F7FF473
S21402E1E061AD08A8FEF7A8F800283FF45BAD144B13
S21402E1F01F709DF83D30002B14BF64246524FEF783
S21402E20041FB032806D138463946FEF7B1F93846AF
S21402E210FEF73EFB214608A80AF066FF42E5043BED
S21402E220012BDBD938460BF07FFB0028D6D139E527
S21402E23030460BF07BFB35E5F5640020F4640020E5
S21402E240A96500202DE9F34105460E461746984675
S21402E2500EF0F9F8044640B101233A463146284604
S21402E260CDF80080FFF784FB04460EF0ECF830B1E0
S21402E270FFF782FA78B10A4B1B689B010BD4002386
S21402E2803A4631462846CDF80080FFF771FB002C4F
S21402E2900CBF0446012404F0010002B0BDE8F08180
S21402E2A0C448002070B58AB005A80AF0C1FF022350
S21402E2B001AA15468DF81430084B03F110061446D1
S21402E2C018685968083303C4B3422246F7D1294670
S21402E2D005A80BF018F90AB070BD00BF1FDF0400D6
S21402E2E0014B1878704700BF6C6F0020014B1888EE
S21402E2F0704700BFE06E00204FF6FF732DE9F04333
S21402E300994280460D4685B00BD000274FF6FD7920
S21402E3101C4EE9F7D1FDFCB2A0420BD84FF6FF70B7
S21402E3201DE0F5F773FE0028EFD005B0BDE8F04318
S21402E3300CF0DEBE36F814304B4517D86946204638
S21402E3400EF0C8F8082241460DF10500EDF78EF9E9
S21402E3504FF6FF7360B99D4204D136F8140005B03B
S21402E360BDE8F08326F814500EF07DF80137D0E7AA
S21402E3709D42FBD036F81430AB4208BF26F8149004
S21402E380F4E700BF405B00202DE9FF4706460F4634
S21402E39000254FF6FD79DFF83C80DFF83CA0E9F770
S21402E3A08BFDECB2A04202D804B0BDE8F08738F884
S21402E3B014304B450CD8694620460EF08BF80822DE
S21402E3C031460DF10500EDF751F908B90AF8047067
S21402E3D00135E4E7405B0020A0640020014B33F8DF
S21402E3E010007047405B0020F0B5064600250D4F32
S21402E3F085B0E9F761FDECB2A04201D805B0F0BDE8
S21402E40037F81430B3420BD1694620460EF09EF818
S21402E4109DF80030022B1CBF4FF6FD7327F8143010
S21402E4200135E6E7405B002030B585B004460D4670
S21402E430E9F742FDA0420FD9084B33F814204FF6F5
S21402E440FD739A4208D8694620460EF07FF82946A0
S21402E4500DF10500FFF750FF05B030BD405B002010
S21402E46030B585B00446E9F727FDA04219D9204603
S21402E470FEF734FF0546B0B9694620460EF02AF884
S21402E4809DF800302BB1694620468DF800500EF0FC
S21402E4903FF84FF6FF720020044B23F8142005B015
S21402E4A030BD2820FBE740F60440F8E7405B00203A
S21402E4B02DE9F0410B7805460E461BB9BDE8F04142
S21402E4C0FFF7CEBFE9F7F8FCA84231D92846FEF797
S21402E4D005FF78BB374617F8058B4FF6FF713846AF
S21402E4E0FFF70AFF0446384600F01EFAB0FA80F03C
S21402E4F04009B8F1000F15D0B8F1030F15D04FF64A
S21402E500FF724FF6FD73944208BF1C460B4B314612
S21402E51023F815400A4B585528460DF0F9FF0020FF
S21402E520BDE8F0814FF6FF74F0E74FF6FE74EDE7B4
S21402E5302820F5E740F60440F2E700BF405B0020E3
S21402E540A06400202DE9FF410D4604464FF6FE78F2
S21402E5500F4F0E0AE9F7B0FCA04204D8FF2420466B
S21402E56004B0BDE8F08137F8143043450CD1694653
S21402E57020460DF0AFFF9DF80520EBB29A4203D17C
S21402E5809DF80630B342EAD00134E4B2E2E700BFB7
S21402E590405B00202DE9F04F0C46174698460025B2
S21402E5A04FF6FD7B87B09DF840A0DFF85C900190A7
S21402E5B0E9F782FCEEB2B04201D8FF2616E039F83F
S21402E5C016205A451ED8304602A90DF083FF3FB9E1
S21402E5D09DF80920424515D19DF80C20524511D1CF
S21402E5E044B939F81620019B9A420BD1304607B03F
S21402E5F0BDE8F08F082220460DF10D01EDF736F842
S21402E6000028F3D00135D3E7405B002010B514464E
S21402E6100DF060FF2046BDE8104008220149ECF7E5
S21402E6202BBD00BF776500202DE9FF47074615463C
S21402E6300846082224491E46EDF718F80446002824
S21402E6403FD14FF6FF7ADFF88490E9F735FC5FFAA0
S21402E65084F880450BD385B3384608F0F5FC0125CF
S21402E6600C9B18700120357004B0BDE8F08739F8AD
S21402E670183053451FD0694640460DF02BFF7A7876
S21402E6809DF801309A4216D17A88BDF802309A4235
S21402E69011D13A799DF804309A420CD108220DF134
S21402E6A00501781DECF7E2FF28B9002DD7D14046C8
S21402E6B008F0E5FCD3E70134C7E7FF2008F0DFFCEB
S21402E6C0CEE70020D0E700BF77650020405B002041
S21402E6D0F0B50025154E164F85B0E9F7EDFBECB206
S21402E6E0A04201D805B0F0BD694620460DF0F2FE04
S21402E6F09DF80030032B06D90023694620468DF884
S21402E70000300DF005FF9DF8002062B14FF6FD7354
S21402E7104FF6FE71032A08BF0B4626F81430002374
S21402E72001353B55D9E74FF6FF73F6E7405B00200D
S21402E730A0640020F8B50E4604464FF6FF770C4B51
S21402E7400C4D1B7803EB430305EB8305A54202D869
S21402E75000242046F8BD2388BB4206D00822314654
S21402E760A01CECF783FF0028F3D00C34EEE700BFC2
S21402E7702D6F0020805A0020044BFF211A7804488F
S21402E78002EB42029200ECF725BC00BF2D6F002080
S21402E790805A0020F8B504460C4B0D461B781046EE
S21402E7A0A3420DD90C27022117FB04117C43084E05
S21402E7B008223144ECF760FC335B00202B80F8BD66
S21402E7C00023136053604FF6FF73F6E72D6F0020A9
S21402E7D0805A002038B504464FF6FD75FFF704FE52
S21402E7E00022084B1878084BD1B2884200D838BDB0
S21402E7F033F80C1C0132A14208BF23F80C5C0C3320
S21402E800F2E700BF2D6F00208C5A002070B5054637
S21402E8100E460846FFF7DEFF31462846FFF76CFD38
S21402E82029460648FFF786FF00B970BD044624F85D
S21402E8300C6B0DF018FE29462046F3E7805A00209E
S21402E84010B5082286B023490446ECF70FFF20B91C
S21402E85006B0BDE810400CF04BBC082220461E490C
S21402E860ECF704FF20B91D4BB3F8680006B010BDE4
S21402E8700023012221464FF6FF700093FFF78AFE1F
S21402E880FF2806D0164B33F810004FF6FB7398425B
S21402E890ECD903A8FEF79EFD58B9BDF80C305B060E
S21402E8A007D5082221460DF10E00ECF7DFFE002800
S21402E8B0DCD021460B48FFF73DFF40B14FF6FB7216
S21402E8C04FF6FF730088904288BF1846CEE74FF691
S21402E8D0FF70CBE777650020AE5600204456002036
S21402E8E0405B0020805A002070B5002204464FF696
S21402E8F0FB7608460A4B1D780A4BD1B28D4201D8E8
S21402E900002009E01988B14207D8A14205D10822A1
S21402E910991CECF7B1FB012070BD0C330132ECE719
S21402E9202D6F0020805A002037B5014605460E4856
S21402E930FFF700FF044640B1807A29460DF02AFE12
S21402E94080F00100C0B203B030BD03460090012241
S21402E95029464FF6FF70FFF71DFEFF2816BF034B32
S21402E9602046185CE9E700BF805A0020A064002019
S21402E9702DE9F341224B04461B780F468342154687
S21402E98038D9FEF7C5FCB8BB4FF6FD739D421D4E47
S21402E9900ED004EB440326F823504FF6FF739D4235
S21402E9A01FD12046FEF7CCFC002002B0BDE8F08165
S21402E9B00DF106013846F5F77BFA4FF6FF72BDF801
S21402E9C006303846934218BF1D460C236343F55261
S21402E9D006EB0308FFF7A8FFB0FA80F0400988F8B4
S21402E9E00A000C2303FB0460082239460230ECF7C7
S21402E9F043FBD9E72820D8E740F60540D5E700BF15
S21402EA002D6F0020805A002038B504460D46FFF7C9
S21402EA10BBFC21460448FFF78DFE00B938BD85725F
S21402EA2021460C30F7E700BF805A00200023074A31
S21402EA301370074A1370074A118801B11380064BF8
S21402EA401A880AB100221A80704700BFBB650020F0
S21402EA50BA650020645E0020625E00202DE9F04F59
S21402EA604C4C9846238889B005900F4610469DF870
S21402EA7048A05BB952B10EF0F4F920804FF4FA6167
S21402EA80454809B0BDE8F04F10F004BADFF81C9113
S21402EA90B9F80050002D69D0284610F02BF9C0F3C3
S21402EAA04704284610F00AF9DFF804A10294BAF8DF
S21402EAB00030DFF800B10193BBF800300546009342
S21402EAC000224346012035490EF04AFAADF81E00F0
S21402EAD010B305EB44080124454512D1E4B9BDF84C
S21402EAE01E50CDB12E4B1B782BBB2B46002239462F
S21402EAF0059800F043FA0023ABF80030AAF800307D
S21402EB000AE0012329461A460DF11E00F4F7F6FB29
S21402EB10023504460028DFD00023224AA9F8003036
S21402EB201378013BDBB21370002BA7D109B0BDE806
S21402EB30F04FFFF77BBF0CF0A4FA0146284604F01C
S21402EB4085FC0A218046284604F080FC0646A6423A
S21402EB5002D8FF2CCFD1C8E7284604F10B0104F0F7
S21402EB6075FC8045C1D80134E4B2F0E70E4C237838
S21402EB7023B910F073FB08B90123237052464146AD
S21402EB800520F5F757FC0028D0D1207009B0BDE863
S21402EB90F08F00BF645E0020186E0020769204009C
S21402EBA0BC650020BB650020BA650020625E0020BE
S21402EBB0FC5D0020FE5D002030B5154D87B02C8828
S21402EBC09CB923464FF4A07248F2380103A80DF010
S21402EBD0C4FD21462046F9F7F3FB22460D4B00946E
S21402EBE003A9FFF73BFF07B030BD20460CF0E0F864
S21402EBF0043010F028FD03A9044628880EF036FBE0
S21402EC000023009320462A8803A900F065FBEAE762
S21402EC10645E002000F8FF0737B5002001A9F9F767
S21402EC20CFFB0D4C014623780C4D7BB10C4B019A61
S21402EC301878F9F7DBFB2078F7F716F9002323702C
S21402EC402B700848F4F706FC03B030BD2B78002B77
S21402EC50F7D0FFF7B1FFF4E7BE650020BB650020E2
S21402EC60BD650020186E002008B50548F4F702F9C5
S21402EC700448F4F7FFF8BDE808400348F4F7FAB88A
S21402EC80645E0020625E0020605E00202DE9F04F88
S21402EC9089B089460446CDE905239DF84870139E3F
S21402ECA030B316F801ABBAF1000F23D00AF1FF34E5
S21402ECB0A400E4B2314601200AF07EFEC00E1BD14B
S21402ECC0DFF838B1314601200AF076FE9BF8005094
S21402ECD034442279BDB1002F47D180234846CDE97E
S21402ECE00277CDE900773E4A059900F047F93CE005
S21402ECF08246DFE75446DDE71B28ECD93146012081
S21402ED000AF05AFEE7E7DFF8F880FF2A00EA08086A
S21402ED100BD14246E379A179607901EB032189B2EE
S21402ED2009B0BDE8F04FF9F761BB2E4909688B07B9
S21402ED300AD5FE2A35D101230135EDB2202D4FEA40
S21402ED4043030AD1FF250AE0294628460792F9F727
S21402ED5037FB4845BFD1079AEBE79845ECD1224BE3
S21402ED601B78FF2B04D0AB4204D009B0BDE8F08F6D
S21402ED70FF2DFAD029460020F3F774F80028F4D0C5
S21402ED809BF800306479002BEFD1FFF74FFE17484F
S21402ED904FF4105110F07EF8154B8BF800501C7093
S21402EDA0E3E7052A97D8BAF1010F94D8B8F1000F15
S21402EDB091D0002FD9D17379002BD6D00D4909886E
S21402EDC021B9082B28BF08230B490B704346484637
S21402EDD01292DDE9051209B0BDE8F04FFFF73EBE1C
S21402EDE076920400C44800206D6F0020186E002042
S21402EDF0BD650020645E0020BB650020BE65002065
S21402EE0000F8FF07014B1880FFF7D6BE625E0020AF
S21402EE1037B5184B1B78022B03D01725284603B0AC
S21402EE2030BD00210DF10700F4F798FC05460028D6
S21402EE30F3D1114B1B78013B012B01D90225EDE7DB
S21402EE40F4F7F6FB0028F9D00AF096F80446F4F731
S21402EE50EFFB0A4B4FF47A7118700B23B4FBF3F2F4
S21402EE6003FB12440A34A4B26143054810F012F8B8
S21402EE70D4E700BFF4640020F5640020E5640020B7
S21402EE80F04700202DE9F043384B00241E784FF45B
S21402EE90F813374FA5B003933D78ADF81040F7F757
S21402EEA08FF8BDF90E30ADF81200A342ADF814404B
S21402EEB006DB304B1C780134E4B21C7044F080044C
S21402EEC08DF82C40A94602244FF000088DF82D60DC
S21402EED0B14529D3002221460BA83D708DF82D801E
S21402EEE00BF081FFE8B1B8F1000F09D000234FF60E
S21402EEF0FC71CDE9000303AAFF230620FBF7EAFF15
S21402EF00B5422FD20AF038F80B23B0FBF3F24FF4D7
S21402EF107A7102FB13000A3080B2414316480FF0A2
S21402EF20B9FF25B0BDE8F083484606A902F004FA08
S21402EF3098B9512C11D804F190030DEB0302083452
S21402EF4006AB013508F1010803CBE4B242F8640CC3
S21402EF5042F8601CEDB25FFA88F809F101095FFA1F
S21402EF6089F9B5E70448F4F775FADAE7E5640020AC
S21402EF70E6640020C0650020F04700200CB42DE9AE
S21402EF80F04F8BB014AA0E4652F8041B074609929D
S21402EF90002940F08F80BDF85400ADF8220000280A
S21402EFA000F0A18033794FF6F778002B40F0868088
S21402EFB047458CBF4FF009084FF008084C4B1C78A9
S21402EFC0FF2C40F08380B6F90230002BA9BF494BD4
S21402EFD0347A1C780134A2BFE4B21C7044F0800478
S21402EFE0DFF81CB12246002104F044FA9BF80030F8
S21402EFF0BDF82200002B6CD0DFF808A14FF0000904
S21402F000BAF8003007930FF075FE0546BDF82200E9
S21402F0100FF054FEEBB2CDE90193FF23CDE90309CD
S21402F02000932246334639460798FCF7F1F84FF626
S21402F030FF7305468BF80090AAF80030382D33D1BE
S21402F0403246394640460DF122030AF075FC002886
S21402F0504BD04FF6F7739F4226D8B6F90230708827
S21402F060002B21DA48F204022349244B4FF0000811
S21402F070904214BF894699460CF03AF84946034630
S21402F0808A220120CDF800800DF06AFF814658B131
S21402F0902246414604F0EEF9FF2332463946404600
S21402F0A0CDE90098FBF716FF28460BB0BDE8F04FF7
S21402F0B002B0704701200DF030FF6EE7002347458F
S21402F0C08CBF4FF006089846337177E7FF221A7016
S21402F0D086E7CDE900033246FF2339464046FBF772
S21402F0E0F9FE0546AAE71925DEE70546DCE700BF76
S21402F0F06F6F0020C0650020879204007C92040097
S21402F100BF650020665E002070B54FF40033002411
S21402F1100546164688B0ADF81A100DF10F0204A97E
S21402F1200593ADF81840ADF81C4004948DF80F40D6
S21402F1300AF0D9FB9DF80F3028460193049B044A37
S21402F140009305A93346FFF719FF08B070BD00BF4C
S21402F1508092040030B54FF48035002487B00395C2
S21402F160BDF82850CDE900128DF81030074A034644
S21402F17003A9BDF82C008DF81140ADF81250ADF879
S21402F1801440FFF7FBFE07B030BD00BF8C920400B0
S21402F190B1F1006F2DE9F04314462CBF3922382214
S21402F1A08BB01D464FF00003ADF81E204FF48002D0
S21402F1B02CBF4FF001099946FF2C0646ADF81C30CD
S21402F1C00892ADF824304FEA11471FFA81F80FD1A2
S21402F1D00CF024FBB9F1000F19D1154ACDE902054E
S21402F1E043463046CDE9007407A9FFF7C7FE1AE08A
S21402F1F0FE2C0AD10CF012FB0130C0B20CF019FB47
S21402F200B9F1000F12D00B4A02E0E8B2F8E70A4A58
S21402F210CDE9030501233046CDE90174CDF800801F
S21402F22007A9FFF7ABFE0BB0BDE8F083034AD5E7AC
S21402F230849204008A920400839204008B92040053
S21402F2404FF498124FF0806310B586B0CDE90323D1
S21402F2500023ADF814300BF04BFF0446F6F7B0FE71
S21402F260054B01900093054A234603A94FF6FD700D
S21402F270FFF784FE06B010BD77650020909204006A
S21402F28008B5064B1B78022B02D0043B012B03D891
S21402F290FFF7D6FF002008BD0220FCE7F46400203A
S21402F2A030B500244FF4806587B0CDE900128DF8A2
S21402F2B01030084A034603A94FF6FD708DF8114038
S21402F2C00394ADF81250ADF81440FFF757FE07B09E
S21402F2D030BD00BF949204002DE9F04F9BB00E465D
S21402F2E005460EA91046CDE90A329DF890700DF03B
S21402F2F08CF9BDF838A0804650460FF0FBFCB6F9F4
S21402F30002300446002BB6F80690B6F802B004DACD
S21402F3100022B24B1A70002049E050460FF0EAFC79
S21402F3204045F5D3A4EB0804E3B2002F18BF4FF410
S21402F330A079152B099328BF15230024013308F161
S21402F340FF325146DBB292B2009414A810F07CFA57
S21402F3506FEA4B436FEA5343A1499DF85020086871
S21402F3604968ADF846300FAB03C3ADF84840ADF878
S21402F3704440ADF84A90ADF84C20BBF1000F24D1C2
S21402F3800DF15100F4F742FEA0B10BF0B1FE5C465F
S21402F39006460DF1590A0DF151030A9A9AF80080B1
S21402F3A0012A2DD157B384F0010404F001001BB0EA
S21402F3B0BDE8F08F0DF1510001F0B4FB4FF6FF747B
S21402F3C0011B4C4206464C41E3E7BBF1010F40F0FD
S21402F3D09480BDF851600BF08BFE86420AD0304610
S21402F3E00FA90DF0E8F980F00104E4B20DF1530A1A
S21402F3F00FABD2E77B4B0DF1530ACEE70A9CD4E75C
S21402F40097B3002C75D1B8F1010F72D837D10BF033
S21402F4106FFE0BF06DFE224606469AF80170714B9F
S21402F42000210120CDE9006102976F490DF098FD99
S21402F430ADF83A0000285CD0002C53D1B8F1010F89
S21402F44050D12646DFF8B8A19AF800305FFA84F861
S21402F450434538D940460FF0A9FEC20702D5BFB1D0
S21402F460013FFFB20134EFE7B8F1010F05D1002CDE
S21402F470CDD081229AF80170D2E7002CF9D1B8F1EA
S21402F480010F94BF002201229AF80170D201C7E749
S21402F490404601F017FB0123ADF8340002220DA905
S21402F4A00DF13A00F3F72AFF18BBBDF83A000FF049
S21402F4B021FC804648460CF01AFF08F10108013686
S21402F4C08045F6B2CEDBB6B132460C21BDF83A0024
S21402F4D003F0D0FF00222846BDF83A3011A9FFF704
S21402F4E04DFD06E00C210DF13A000DF0A1FC0028BE
S21402F4F0F0D001205BE70D21F5E70A9B002B7FF495
S21402F5000AAF7388342B57D1099B092B7FF403AFBC
S21402F510002F7FF400AF9DF959603A46B4100821D7
S21402F5200DF1510004F020040BF074FDD0B12F4B06
S21402F5301B78012B3FF4EFAE022B27D12C4B1B6816
S21402F54013F0807F25D12A4B1B685B0201D5002E63
S21402F55030DA00232846274A11A9FFF70FFD264B6B
S21402F5601C70D8E60DF15100F4F750FD0028DED1EC
S21402F5700DF1510001F0D6FA4FF6FF73984208D00B
S21402F5802146F8F79FFE034618B903E0033B012B1A
S21402F59006D9C8232846174A11A9FFF7EFFCBAE690
S21402F5A0164BB3F86830AB42CDD0114B1B6813F044
S21402F5B0805FC7E78D23EDE7099BCDE905920493AB
S21402F5C00DF15103CDE9028331462846CDE9007A92
S21402F5D00B9B11AA00F058F89DE600BFB365002009
S21402F5E0CA1B04007765002098920400F564002088
S21402F5F0C44800207A4904006E6F0020445600205A
S21402F6003A6F0020024B187840F08000704700BF27
S21402F610C065002038B50A4B05461C7824B10BF0AD
S21402F62067FDB0FA80F46409F8F72AFF08B144F0DF
S21402F6304004E8F74DFC44EA4020284038BD00BFAD
S21402F640F0640020014B188000207047E86E00200E
S21402F6504FF6FF71034602881B798A4217BF074995
S21402F66001200A8041881EBF054A00201180FF2B18
S21402F6701EBF044A00201370704700BFE46E0020CD
S21402F680E26E0020C16500202DE9F04FB7B0994622
S21402F690BDF80431439C0D939DF8083183460E93C2
S21402F6A0BDF8143120460F939DF81831B1F802A028
S21402F6B00F4690469DF8005110930FF0C4FFBAF122
S21402F6C0110F064600F28A800BF012FDB04200F0DF
S21402F6D08F80BAF1060F19D14FF6FD739E423ED0C7
S21402F6E0DDB9BC4B1B78033B012B36D930460FF0F5
S21402F6F005FDFF2814BF8923812300224146CDE958
S21402F70000625846B44AFFF739FC06E02DB9BAF152
S21402F710030F08D8BAF1010F0AD80022AF4B1A70AD
S21402F72037B0BDE8F08FAAF10403022BF5D8D8E76C
S21402F730A84B1B78033B012B0DD930460FF0DEFC9D
S21402F740FF2814BF8923812341465846A44A0096BF
S21402F750FFF714FCE1E78023F6E78023CDE7A14B11
S21402F7601B7859074CD40BF0C3FC002603463246DE
S21402F7700120994900960DF0F3FB2379ADF86C0051
S21402F7800F930028CCD0DDE90E320D9803EB420928
S21402F7900FF0B0FA5FFA89F909F10507FFB287425E
S21402F7A0BED239460D9803F051FE109007EB400783
S21402F7B00D980FF09FFA8742B2DADDE90F32134353
S21402F7C0DBB2002B40F03282002DA9D12F463A46FA
S21402F7D00421BDF86C0003F04DFE76E1814BBAF1D0
S21402F7E03A0F1B7811D948F23B039A4508D014E029
S21402F7F07C4B1B785A070BD5AAF10403022B07D8B9
S21402F800FB8843F48043FB808AE7BAF11B0F1ED8BD
S21402F810AAF102039AB2132A5ED9109B49460293B2
S21402F8200F9B5046CDE900530E9A5B460AF068F8E5
S21402F8300F287FF475AF0122684B1A70694B1B784C
S21402F8409B0740F1D982002D7FF46AAFD8E7AAF170
S21402F8501C021E2AE1D801A151F822F08100030001
S21402F8601BF802001BF80200A1FC02001BF80200B3
S21402F87081FD020081FD02001BF802001BF8020057
S21402F8801BF802001BF802001BF802001BF802001D
S21402F8901BF802001BF802001BF802001BF802000D
S21402F8A01BF802001BF802001BF802001BF80200FD
S21402F8B0B1FD0200B1FD02001D0003001BF80200AC
S21402F8C01BF80200370003001BF80200D1000300F9
S21402F8D0E7000300F5000300132B9ED801A252F89E
S21402F8E023F000BF35F90200FDF902001BFA020000
S21402F8F0F9FA020067F702001BF802001BF8020082
S21402F9001BF802001BF802001BF802001BF802009C
S21402F9101BF802001BF802001BF802001BF802008C
S21402F9201BF802001BF802003BFC02001BF8020058
S21402F930AD00030000241BAB5A4648460E990093BE
S21402F9401DAB1D948DF86C4009F0CEFF0BF0D0FB7A
S21402F950204B05461B78012B03D0022B14BF022432
S21402F9600124E8F7B5FA162894BF0020012044EADD
S21402F9704014F6F725FB1C4B0646B3F800A0FBF72F
S21402F9809FFA1A4B07464FF6FF70B3F80090FFF740
S21402F99041FE174B9DF86C201988124B1B7813F00A
S21402F9A002031CBF134B1B780B921D9ACDE907016D
S21402F9B0CDE9093240234146CDE9014358460023AA
S21402F9C0CDE90579CDE9036A0B4A0095FFF7D6FA29
S21402F9D0A6E600BFF56400207C920400B365002012
S21402F9E08792040095640020E86E0020E46E0020F2
S21402F9F0E26E0020C16500209E9204000BF078FBA8
S21402FA00A34BA44A1B88CDE940030023414658462F
S21402FA1037B0BDE8F04FFFF7B1BAA4781DA9631E50
S21402FA20DBB2EF2B204610D9F22C0ED008F058FA93
S21402FA3082240BF05DFB00234146CDE90003964A83
S21402FA4023465846FFF79AFA6AE608F049FA00286B
S21402FA5050D00BF04DFB9DF878209DF87A1004925A
S21402FA60BDF8762049000392BDF87420C9B2CDE9EC
S21402FA7001429DF8792003465200D2B208320A4467
S21402FA8000920120002285490DF06AFA9DF879302D
S21402FA90ADF86C008DF8673000283FF441AE0026C2
S21402FAA001230DF167011A461BA8F3F727FC05464A
S21402FAB000287FF435AE9DF86730EAB2934209D843
S21402FAC09DF87A308DF8673016B1BDF86C3033E0A9
S21402FAD00126E5E73146204608F004FA0123ADF890
S21402FAE0680002221AA91BA8F3F708FC01350028B1
S21402FAF0E1D015E683249CE70BF0FAFA044608F0F8
S21402FB0010FA234600900022012063490DF028FADD
S21402FB1000283FF405AE00252C46ADF8740008F028
S21402FB2000FAEEB2B0420DD822460421BDF87400A7
S21402FB3003F0A0FCBDF87430002241465846FFF799
S21402FB401DFAEDE5304608F0C9F9FF288DF86C007D
S21402FB500AD0012301341A461BA91DA8E4B2F3F702
S21402FB60CDFB00287FF4DCAD0135D8E75046B4F86B
S21402FB70029008F0B3F9FF288DF8680000F0CF82F3
S21402FB801DA908F0ADF9BDF874304B4507D04FF605
S21402FB90FF72914540F0C3821B0400F1C0829DF8BB
S21402FBA0793012930E9B0533DBB213930F9B14939B
S21402FBB0002311934FF000094B4613E017934900B8
S21402FBC0139BC9B219440D9889B20DF06CF94FF027
S21402FBD0000A179B159012995FFA8AF28A4217D387
S21402FBE009F10109149A5FFA89F19142E6D39DF868
S21402FBF07A201292169A1392002B40F08582119B5D
S21402FC00002B40F08C8201231193109B1493D1E7B2
S21402FC1011999DF86800179308F064F9159A179BD6
S21402FC200AF1010A824208BF0123D4E709F1060954
S21402FC305FFA89F33746169372E2A71C39463046B6
S21402FC40A57A09F0B1F9012239463046FAF7D4FB13
S21402FC5030460CF006FF384600F064FF22888242E7
S21402FC6007D04FF6FF72904203D00FF047FA0CF01F
S21402FC7038FE85F00804C4F3C00421463846FEF771
S21402FC80C3FE2146384637B0BDE8F04F09F065BEE0
S21402FC90E66E0020AB9204007C920400AF92040051
S21402FCA0AD4B1B78033B012B7FF63AAD0BF020FAE7
S21402FCB058453FF435AD09F05FF90B23B0FBF3F27C
S21402FCC04FF47A7102FB13000A3080B24143A34814
S21402FCD00FF0E0F8F3F7ACFC00283FF421AD012367
S21402FCE0002218469E4994F800A00DF039F9ADF8A6
S21402FCF0680000283FF414AD0026354634460E9BB5
S21402FD001BAF01330E93F2B2524514D3002C3FF4CC
S21402FD1007AD01232A461DA91AA8F3F7EFFA002811
S21402FD207FF4FEAC22460221BDF8680003F0A2FB77
S21402FD30BDF8683000E74FF000090E99D200D2B243
S21402FD400A4408230D993846CDF800900FF07CFD42
S21402FD50394648460FF0A2F9FF280FD0814B1B5CAC
S21402FD600F2B0BD997E8030005F1D8036B44643BCD
S21402FD7083E8030008350134EDB2E4B20136C2E787
S21402FD80002D7FF4CDAC18073FF53AAD5346224618
S21402FD904146584603F066FE00287FF4C1AC842331
S21402FDA041465846704A37B0BDE8F04FFFF7E6B80E
S21402FDB023780F9810930CF09AFA002106465846BC
S21402FDC004F0BAF9644BBAF1310F1B780746A3F177
S21402FDD003030BD1012B13D9644B654A1B781278A7
S21402FDE01344DBB20D9316230E930DE0012B03D9B9
S21402FDF0604B1B780D9353BB002D7FF491ACCEE77E
S21402FE0001231621CDE90D310024109B22460093D2
S21402FE1001202346584901940DF0A2F800283FF429
S21402FE207FACF61BF3B22646544FDFF85C91119373
S21402FE30ADF86C000F940D9BE5B2AB4209D8324682
S21402FE400221BDF86C0003F015FB0F9AC0E40523EF
S21402FE50CAE7162200211DA8EBF7BCF8BAF1320F4A
S21402FE603DD13B7903F00302032A21D18DF8762097
S21402FE70109B0136F6B2B34215D2BDF86C000EF0F6
S21402FE8039FF0E9B1844119B98420CDC01230E9AF4
S21402FE901DA91BA8F3F732FA00287FF441AC0F9B8A
S21402FEA00133DBB20F930134083709F11209C2E7B6
S21402FEB0B9790029DCD13249C3F3C203CB5C1DA851
S21402FEC0012A08BF43F0010339888DF876300FF017
S21402FED0BCFB79880DF177000FF0B7FBC8E71DA8C9
S21402FEE00BF01EFC4FF0FF33CDE91F331F4B1B7880
S21402FEF0AB4261D999F804306F2BD4D828461FA993
S21402FF00F4F7D0FF0028CED01E4BB9F80020B3F885
S21402FF10683092B9003B18BF01235B0143F004032B
S21402FF208DF8863002238DF88730B9F802301B0A26
S21402FF3011468DF8893021A8CEE79B1A18BF0123F7
S21402FF405B0143F005038DF8863002238DF8873077
S21402FF500F238DF88830E8E7F5640020F04700208C
S21402FF60B9920400996400207A490400EE640020E5
S21402FF70ED640020386F0020B7920400525D002026
S21402FF8030DF040044560020D85B00200132D2B293
S21402FF90551EEDB22846139312920FF007F9DDE9CB
S21402FFA0122310F0010FF1D063490978611A9942C1
S21402FFB005D00133DBB2E9E701220023E8E75F4B15
S21402FFC01FA918782844C0B2F4F76CFF00283FF443
S21402FFD06AAF284600F076FD129028460FF0E6F843
S21402FFE010F0010F129A0FD116238DF88630544B5B
S21402FFF01B780133DBB20F2B28BF0F238DF8883016
S214030000504B33F8153092E7284612920FF0CEF88D
S21403001010F0020F129AE7D11223E6E71A073FF50C
S214030020EFAB23465A4641460F9803F073FD00286C
S2140300307FF476ABE0E695B1434B1B78033B012B8D
S2140300407FF66EAB0BF054F818B9BBF1000F7FF4D4
S21403005067AB207837B0BDE8F04FF5F721BE0BF05D
S21403006047F820B1384B1B78033B012B01D880237C
S21403007096E62B4641465846344AFEF77FFFE8E7A6
S2140300800BF036F8B0427FF44BABA01CF3F7BEFF81
S21403009000283FF445AB0BF02BF804460BF028F88A
S2140300A02B4B2C4ACDE940032346AFE420460FF002
S2140300B0CAFAFFF7AFFA00283FF432AB40900023AA
S2140300C041465846244A37B0BDE8F04FFEF756BFC0
S2140300D04B46424659460020CDE9405437B0BDE86A
S2140300E0F04FFEF7D3BD4B46424659460120CDE9B5
S2140300F04054F3E72B464A4641465846409437B0A9
S214030100BDE8F04F09F02EBC01231AA91A461BA816
S214030110F3F7F4F800287FF403AB0137FFB2013698
S21403012007F0FFFE5FFA86FA50453FF61FAD002F35
S2140301303FF44AABFFF74BBBEE640020336F00205F
S214030140A8650020DA5D0020F56400207A490400E3
S21403015077650020BC92040087920400F8B5164B1E
S21403016004461D88154B20F8025B196879B10822EE
S214030170EAF782FF124B0C201B78124EA372124B27
S21403018019780023DAB2914205D8FF2209E0C4F8B1
S21403019002104160EEE7013300FB03F7F75BAF4263
S2140301A0F0D10A4BE2721B782373094B1B786373F7
S2140301B0084B1B682361F8BD745E0020605700205F
S2140301C0C2650020745A00202D6F0020A46500200D
S2140301D0A36500204C570020F0B589B006460C46B0
S2140301E015460DF032F80DF10A02014630460CF0C2
S2140301F0C4FE144F0346F0B901223A702288BDF8B4
S2140302000A102AB102460090072006F03CFE90B181
S21403021003A8FFF7A3FFBDF80A000EF06BFD064622
S214030220BDF80A000EF04AFD21460090F3B22846B8
S21403023003AA08F0EBFE0023034A3B70136009B0E1
S214030240F0BD00BFC36500206057002073B5ADF84E
S21403025006000DF106000AF0D8FD014608B102B00B
S21403026070BD0DF106000AF019FE04460EF026FDD9
S214030270C67A002EEDD120460CF0AEFAFF28E8D061
S2140302800EF07CFF054BD3F88850002DE1D03346A3
S214030290224641213046A847DBE700BF44560020EC
S2140302A073B5002200210C2000F0C2FC002119487F
S2140302B00FF02DFA01250446164E84B120460CF0A5
S2140302C08BFAFF2805D1214630460FF044FA044640
S2140302D0F3E704220023009500F07EFCF3E72146B3
S2140302E00D480FF014FA012504460B4E0CB902B064
S2140302F070BD20460CF070FAFF2804D008220023B5
S214030300009500F069FC214630460FF024FA0446B7
S214030310ECE700BF785E00207A5E00202DE9F84FF8
S21403032010460E46174699460AF050FC254A264BB9
S2140303300021B0F5006F14BF9046984640460FF074
S214030340E6F94FF0000A0446DFF880B00CB9BDE8C2
S214030350F88FBC4228D120460EF0B0FC857A80F890
S2140303600BA0013DEDB2857216B13F2E00D02DBB1A
S2140303700EF096FF054620460AF028FCB0F5006FFF
S2140303804FF00002214615D10F480AF0A6FDFFF7ED
S21403039087FF28460EF07FFFDBF8885025B14B46D3
S2140303A03A4631460020A847214640460FF0D3F987
S2140303B00446CBE703480AF090FDEAE7FFF770FF31
S2140303C0F2E700BF7A5E0020785E002044560020E5
S2140303D000232DE9F34706460F464FF6FF78284CD1
S2140303E0DFF8A090ADF8063020460AF00EFD05466D
S2140303F048B9294620460FF08AF982460EF05EFC7D
S2140304000389B34217D94C4501D1FFF749FF0021B1
S21403041020460FF07CF9054607F1FF3A5FFA8AFAA1
S214030420D5B94C4516D1BDF80600FFF70FFF404679
S21403043002B0BDE8F0877B1EDBB2FD2BD4D929467C
S21403044020460AF02BFD2A4651460DF106000FF012
S21403045064F9C9E74C46C7E7BAF1FD0F09D9284640
S2140304600EF02CFC03899B1B9BB2984528BF98462D
S2140304700381294620460FF06EF90546D0E700BFF4
S2140304807A5E0020785E002008B50EF0F2FF0B4A75
S214030490FF2113881080C31A98B2FFF799FF4FF60F
S2140304A0FF7301469942064803D1BDE80840F2F7B8
S2140304B0D1BFBDE808400EF0EDBC00BF7C5E002057
S2140304C0386E0020174B00282DE9F041164D18BF53
S2140304D01D460F4628464FF000010CBF4FF0080894
S2140304E04FF002080FF013F9044610B92046BDE892
S2140304F0F08120460EF0E2FBC37A064623B121467E
S21403050028460FF028F9EFE720460AF08EFB42460E
S21403051001463846EBF7AAF80028F0D1B378002B4B
S214030520EDD1E3E7785E00207A5E0020014B186089
S214030530704700BF6457002010B504460548F2F71D
S21403054089FF0023044A1380044A1380044B1C804B
S21403055010BD00BF386E00207A5E0020785E002053
S214030560765E002008B50448F2F784FCBDE8084030
S2140305700248F2F77FBC00BF7A5E0020785E002058
S2140305802DE9F341044688460EF073FF324B0746C7
S21403059020461E880CF020F9054620460AF016FB76
S2140305A0B0F5006F32D1FF2D06D00123042200934D
S2140305B02846002300F010FBB8F1000F1DD10EF003
S2140305C06FFE2146054625480AF024FC28460EF011
S2140305D062FE23480FF0C9F8224BA8B31988711A94
S2140305E017FA81F086B220460EF068FB03230681D5
S2140305F08372002002B0BDE8F0810EF051FE0022A7
S2140306002146054615480FF088F8DFE716480AF036
S21403061033FC04281ED8FF2D06D00123082200939E
S2140306202846002300F0D8FAB8F1000F05D10EF0E3
S21403063037FE214605460C48C6E70EF031FE00227B
S214030640054621460848DEE7314605481F800EF07A
S21403065021FCC8E71C20CDE7765E0020785E0020EC
S214030660386E00207C5E00207A5E00202DE9FF476E
S21403067008460C460AF08FFA00F4805820460AF023
S21403068010FB054620460AF0E3FAB0F5404F1BD1AF
S214030690B8F1000F14D029460020FFF713FF0546D4
S2140306A070B10EF00BFB0023404A8178044600929B
S2140306B018462A460193F1F7A5FF08B90123E3720A
S2140306C0012004B0BDE8F08728460EF0BCFF814643
S2140306D00EF014FDFF28074637D00125A0F12006AB
S2140306E0C0F12003324925FA03F305FA06F61E4342
S2140306F08540D1E900232A433343C1E900230EF0A2
S21403070017FD044638B138460EF050FD10F00C0FB6
S21403071014BF01240024B8F1000FD1D04FF0000A13
S21403072003A90120ADF80C90FFF7CCFE81460EF02E
S214030730C5FA8046B9F1000F1ED1BAF1000F14D1E5
S214030740FF2FBDD0002CBBD128E01A4B1B684BB142
S21403075048469847044628B1B8F1000FB0D00025A4
S2140307602E46DBE7B8F1000F01D10020A9E70025EC
S21403077001242E46A246D3E774B100230B4A8178A0
S214030780009218464A460193F1F73CFF002897D19A
S214030790012388F80B3093E7FF2F91D0064BD3E95C
S2140307A0001229433243C3E9001289E71D030300FD
S2140307B060160020645700205816002038B50446FB
S2140307C00AF004FA054620460AF02FFAA5F5006358
S2140307D00446014658425841FFF774FEB0B9B5F5D2
S2140307E0006F01D0002038BD20460EF02CFF0EF01F
S2140307F085FCFF28F6D0064B00B21B6833F81000C2
S21403080000F4E260003818BF0120ECE70120EAE7B5
S214030810685700202DE9F7434FF000090746ADF867
S21403082004900EF0C3FC10F00C0F29D04FF0020812
S214030830154D2B88A5F80090ADF806300DF106008F
S2140308400AF0E3FA044630B1B8F1010F14D04FF0C2
S21403085001080E4DEDE721460DF106000AF01EFBDA
S21403086006460BF0B9FFB8422246314614BF284667
S21403087001A80EF052FFE1E7BDF80400FFF7E6FC1F
S21403088003B0BDE8F08300BF7A5E0020785E0020E8
S2140308902DE9F04FDFF8208185B0D8E90032134305
S2140308A07CD105B0BDE8F08F02EA040103EA070035
S2140308B0014327D022EA040223EA0703C8E90023F8
S2140308C0DAE9002304EA020507EA030C55EA0C05F5
S2140308D06FEA04006FEA070124D130460EF066FC87
S2140308E0C2070FD530460EF049FCDBF89C30002BD0
S2140308F045D11D46304600F0E5F8DBF884300BB1F1
S2140309002946984724197F4109F10109284B5FFAC4
S21403091089F61B78B342C4D9D8E9002352EA030107
S214030920C2D1BEE702400B403046CAE900230EF0B0
S2140309303DFCC307E6D51F4B30461B6833F816301D
S21403094003F48873102B10D00EF018FCDBF89C30E1
S21403095013BB1D460123102200933046002300F0EC
S2140309603BF90020F1F7BCFDC4E70EF007FCDBF80B
S2140309709C300125002BBDD00122039502E0002503
S2140309802A4603950392002130469847039A002A85
S214030990B0D0002DAED1DDE70025EDE74FF000091E
S2140309A001244F46DFF814A0DFF814B0AEE700BF0B
S2140309B0706F00206857002060160020581600202D
S2140309C044560020F8B50346084613B309B3402A35
S2140309D01FD8114900260B601049002708601049EC
S2140309E04FF0FF350A7000210C460433914205DBB5
S2140309F000215200EAF7EEFA0020F8BDC3E90367C8
S214030A0003F8044C23F8024C1D605D600131183373
S214030A10ECE72120F1E700BF6C5700206857002061
S214030A20706F0020F0B5144CDDE905672568EDB15D
S214030A30F0B91248007888421AD901EB41014FEA0F
S214030A40C10C05EBC10415F8311011B92169C907AA
S214030A5010D4002005F80C0062801A6846F00106E0
S214030A6062605A68C4E90467A260F0BD0220FCE72E
S214030A702120FAE72E20F8E76C570020706F00203D
S214030A800E4B30B51A68A2B10D4B1B78834212D9B0
S214030A9000EB400002EBC003C10000240020002549
S214030AA0C3E9044550544FF0FF3258805A609A60A9
S214030AB030BD0220FCE72120FAE700BF6C57002078
S214030AC0706F0020094B1B6863B1094A1278824293
S214030AD008D900EB400003EBC0031A69D20701D51F
S214030AE0588870474FF6FF70704700BF6C5700205A
S214030AF0706F0020094A0346106870B1084A1278DE
S214030B009A4209D903EB430300EBC303186910F0B9
S214030B10010002D0181D7047002070476C57002054
S214030B20706F0020F8B50E4B05461C6834B128B12B
S214030B3000260C4B1F78F3B29F4202D84FF6FF7085
S214030B4009E008222946201DEAF790FD20B923690B
S214030B50DB0701D56088F8BD01361834EBE700BF24
S214030B606C570020706F00200C4B1B689BB14FF630
S214030B70F77291420DD80A4A1278824209D900EBDD
S214030B80400003EBC0031A69D20704D5002059803E
S214030B907047212070470220704700BF6C57002023
S214030BA0706F00200A4A0346106878B1094A127823
S214030BB09A420AD903EB430300EBC300036913F01D
S214030BC0010003D0C3F3001070470020704700BF36
S214030BD06C570020706F002070B51C46124B9DF8B2
S214030BE010601968D1B1114B1B78834218D900EBFA
S214030BF04000551E01EBC0012543D1E9040301D093
S214030C00C5070FD52EB110432343C1E904030020C3
S214030C1070BD20EA020023EA0403F6E70220F7E7A2
S214030C202120F5E72D20F3E76C570020706F002096
S214030C30134BF0B51B6803B300266FEA000C6FEA8C
S214030C40010E104C2778F4B2A74201D80020F0BD5D
S214030C50D3E9044514F0010F07D014F0020F04D1B2
S214030C6032B104430D43C3E9044501361833EAE7BA
S214030C700CEA04040EEA0505F5E70220E7E700BFE1
S214030C806C570020706F00200B4B70B51B682BB1A0
S214030C9000240A4A1678E2B2964201D8002070BDB4
S214030CA0D3E9042502400D402A4304F1010403F16D
S214030CB01803F0D00120F2E76C570020706F002075
S214030CC02DE9F0470026FF27B246164DDFF8588079
S214030CD098F800305FFA86F94B4502D83846BDE8E7
S214030CE0F0872B792F2B0FD928460AF030FC2B7967
S214030CF06C7903F0070304F0030483422CBFE41863
S214030D002418E4B2A24506D95446B946A2464F462D
S214030D1012350136DCE7288801F0A6F80028F3D15F
S214030D20F4E700BFD85B0020EE6400202DE9F04F07
S214030D3089B0814609F09FFF029048460CF090F96F
S214030D400024411C054689B2484602F07FFBA246B2
S214030D50A346A046274600F01F00023500EB4000DE
S214030D60EAB27D4E50FA85F5EDB2AA4274D9DFF8A1
S214030D70FCA19AF8003033B1A400E4B2B4FBF3F458
S214030D80042C08BF03240298F3F7C4FD0546002885
S214030D903CD1FFF795FFFF285BD0704B05B204905C
S214030DA018780AF0BBFB87422CBFE1192118002FE5
S214030DB014BF01230223684E05EBC50506EB450564
S214030DC053FA81F3284603930AF0C1FB95F804C04F
S214030DD06B790CF0070103F0030388422CBF1B1842
S214030DE05B18039ADBB29A4233DA049A2FB921B11D
S214030DF09AF80030033B5B452BDC104602990AF059
S214030E004EFB05B205EBC50506EB45052B791E091A
S214030E10002F00F08180394628460AF0C2FB0321E2
S214030E2028460AF0C4FBB8F1000F09D1002E40F0A3
S214030E30868008F0A1F8C0F30B0149480EF02AF8A3
S214030E406B79484623F003031C446C7109F0A8FE33
S214030E50A87309B0BDE8F08F50D0424B49461B88B3
S214030E6007A8ADF81C304FF000038DF81E300023A2
S214030E700093032303920EF0E7FC9DF81E30BDF8A3
S214030E801C101B09039A18BF08F10108CDE90413C7
S214030E9018BF5FFA88F803920AF02AF90499039AAE
S214030EA08842059B03D19DF81E7007F00F072E4856
S214030EB090F800C016E016F80E0C10F0070003D0EA
S214030EC00BF1010B5FFA8BFBAA4207D036F812EC44
S214030ED08E4503D113B108B10134E4B20AF1010A15
S214030EE05FFA8AFAAA4206F112060BD1D4450FD945
S214030EF016F80E0C10F00700E2D1EFE700234FF6CA
S214030F00FF71D4E736F8120C884201D8D445D2D8FC
S214030F100332123ED2B228E7022E14D95B0707D05B
S214030F20394628460AF043FBB8F1000F81D087E71D
S214030F30032128460AF03BFBB8F1000F80D1062EAA
S214030F403FF677AF7CE7314628460AF030FB58EA8F
S214030F5006063FF46EAF73E7D85B0020A465002057
S214030F603048002038DF0400EE640020336F002092
S214030F702DE9F0430823002485B08DF80830064693
S214030F80022301214FF6FC70CDE9004402AA0CF0BF
S214030F9043F8ADF80A00D8B12746DFF8A080DFF89B
S214030FA0A09099F80020E3B29A4224D8BDF80A40EC
S214030FB020460CF055F8411C47F06002204689B2E3
S214030FC002F058FA0022BDF80A001146F4F736FA82
S214030FD007F0D2FF184AC0F30B01137801F55A51F4
S214030FE0013113B1013B89081370304605B0BDE8E3
S214030FF0F0430DF04FBF18F80E5C6F2D17D8404620
S21403100030F8123D2D01ADF80C300AF0A0FA05F0C9
S214031010700528448DF80E000123032203A90DF161
S2140310200A00F2F76BF90028D2D10137FFB2013478
S21403103008F11208B5E700BFEA640020EA5B002067
S214031040EE64002010B5054C2046F2F703FA20465E
S214031050BDE8104000210DF01DBF00BF3048002042
S2140310602DE9F0432A4D87B0F6F7F8FB2A7829498D
S2140310702948FFF7A7FC09212A782848E9F7AAFF99
S2140310800026244FDFF89C80DFF89C902B78F4B280
S214031090A34202D807B0BDE8F08304F582300B22E2
S2140310A003A900F5C070DBF729FE4FF6F670BDF80E
S2140310B014209DF81630511E89B2814215D800209F
S2140310C0C3F3C003DB1840EB0001CDE90031214632
S2140310D003ABFFF7A7FC0028DCD14FF4805327F8B7
S2140310E0143048F8240029F8140004F5833001224C
S2140310F00DF10A0100F58070DBF700FEBDF80A204B
S214031100064B01361A558022054B1A55BEE700BF1B
S2140311103A6F0020E85D00208013002099640020C9
S214031120DB640020D4460020DA5D002010B50A4BAD
S2140311301C780DF0E3FFFF280DD0012C38BF0124E7
S214031140064A230232F8101019B101EB1313A3EB6E
S214031150111322F8103010BDA4650020DA5D0020BC
S2140311602DE9F047002506460F46AA46DFF84490C9
S214031170DFF8448099F80030ECB2A34202D8504618
S214031180BDE8F08720460EF011F8C2070CD52046BE
S2140311900EF00CF8830707D438F8143037B133430E
S2140311A04FF0010A28F814300135E3E723EA060373
S2140311B0F6E700BF3A6F0020E85D002010B5084B45
S2140311C0084A1C780023D9B28C4201D8002010BDEF
S2140311D032F8021B013330EA0101F4D10120F6E7AD
S2140311E03A6F0020E85D0020F0B50C464FF6F77125
S2140311F087B08A4286461D469DF8306002D9002095
S21403120007B0F0BD596818680DF10C0CACE8030084
S2140312102C49ADF814200978A142F0D900218DF8A5
S2140312201660B61006F00206019170462146009637
S214031230FFF7F8FB0028E2D1234B244A43F82400A7
S2140312409DF83830224E1B0222F814304FF4A04388
S21403125004F582300B2226F8143003A900F5C0707B
S214031260DBF778FD9DF834301A4913F0040F17BFE7
S2140312700123194B0B5536F814300CBF1B7843F07B
S214031280080304F583300CBF0B5526F814300122EF
S214031290214400F58070DBF75DFD00210F4B104AFB
S2140312A01B782846234442F82310E7F713F80D4B20
S2140312B01855284607F0ABFF0B4A01201378013375
S2140312C013709DE73A6F0020D4460020DA5D0020B5
S2140312D0E85D002099640020236F0020336F002010
S2140312E000460020DB640020ED640020054B1B78DD
S2140312F0834206D90021044B044A1B78034442F870
S214031300231070473A6F0020336F002000460020FA
S214031310074B084A18780023D9B2884200D870478A
S2140313201188013321F4805122F8021BF4E700BF31
S2140313303A6F0020E85D002030B585B004460D46C0
S214031340E6F7C0FDA04202D8172005B030BD204600
S2140313500DF02CFFC007F7D504F582300B2201A948
S21403136000F5C070DBF7CAFC9DF80E2001AB03CB7B
S21403137069609107286030D412F0080F0CBF04236D
S21403138003232B722046FFF79DFB154B68811B5DDD
S21403139020466B730DF0F2FE124A2873135D4FF46A
S2140313A07A7103F00F03AB73135D002013F00F0382
S2140313B01FBF03F1FF32022393403C2218BF53435F
S2140313C0094A08BF0A2352F82420B2FBF1F29A42D4
S2140313D02CBF00239B1A2B61B7E70223D1E700BF7C
S2140313E0DB64002099640020D4460020F8B51F4E25
S2140313F004463378834237D0FFF764FB4FF6FF7714
S214031400B84231D020463470FFF704FA2046FFF77F
S21403141059FB054609F06CFE012301461A46284689
S2140314200BF0B7FF2046FFF72BFB0546E0B9104A43
S2140314301378013B1370F4F7B5FB294620460BF0EF
S2140314402FFA80220B4B204623F814500A4B1A55CA
S2140314500A4B23F8145009F0D6FD2A4639461120C4
S2140314600EF0BAF8FF233370F8BD00BF716F00208B
S214031470ED640020E85D0020DB640020DA5D0020D8
S2140314802DE9F04F0E4615464FF000098BB01F4668
S2140314909DF854309DF850A0DFF84CB104900593A6
S2140314A09BF800205FFA89F4A24207D84FF6F77339
S2140314B09D421CD817F0020B3FD01AE02046FFF7D8
S2140314C001FB804604F582300B2207A900F5C070A5
S2140314D0DBF714FC4FF6FF727EB9904516D14FF634
S2140314E0F7729DF82630954203F0EF0311D94FF6B5
S2140314F0FF7528460BB0BDE8F08F904506D008224E
S214031500304607A9EAF7B2F80028E8D009F101093E
S214031510C6E79F4207F002082CD0F3F70FFC00281B
S21403152057D12D4B2D4A1B78234412F823B020465F
S2140315300BF0D7F9B8F1000FDBD1E6F7C3FC284B65
S2140315401B788342D3D0002108460DF0A7FDFF2861
S2140315500446CCD0059B0146CDE901A32A46334673
S21403156004980097FFF740FE0028C0D0F4F71AFB54
S214031570D8460FE02046FFF7A5FAA842CDD1B8F12A
S214031580000FB6D13046E6F7A5FE164B1855304683
S21403159007F03DFE514620460BF056F92046FFF76E
S2140315A091FA054609F0A4FD0023014601222846C8
S2140315B00BF0EFFEF3F7C2FB28B9074B074A1B787D
S2140315C0234442F8238020460BB0BDE8F04FFFF7D4
S2140315D079BA4FF0000BAAE7336F002000460020CD
S2140315E0ED640020DB6400203A6F0020F8B5002687
S2140315F0104F3C78F5B2AC420FD800250E4B640072
S214031600224629460D481D70E9F7E4FC2246294682
S214031610BDE8F8400A48E9F7DDBC2846FFF7FAF8C4
S214031620002128460BF03CF92846FFF729FA013635
S214031630DFE700BF3A6F0020ED640020E85D00207E
S214031640DA5D0020024B80211A780248E9F7C2BC13
S2140316503A6F0020DB64002038B50DF04FFDFF28FD
S214031660044616D00B4D35F810301B0711D50A4B20
S2140316700A491B7801220B54014400F5833000F518
S2140316808070DBF767FB35F8143023F0080325F882
S214031690143038BDE85D0020236F002099640020D5
S2140316A02DE9F04F794B05461B788946022B1746E2
S2140316B08BB004D0002630460BB0BDE8F08F0EF09A
S2140316C0BCF806460028F5D14FF6F9739D4262D062
S2140316D04FF6F8739D4276D02B0A28460DF11E016D
S2140316E08DF81C308DF81B50F2F708FC002814BF49
S2140316F0B0464FF02008B34614BF06230E2302223B
S21403170029463846039300F0EBFC01220446039B6C
S214031710002840F0B880DFF880A18DF818209AF8EA
S21403172000204946CDE900008DF81A208DF81D00EB
S21403173006AA4FF6FC708DF819800BF06DFC8146F7
S2140317400028B7D009F0D4FCB8420FD0484609F0B9
S2140317502FFB394604300DF078FF384604A90BF00A
S2140317602AF870B1484604A90BF0E4FC484B1B78F2
S214031770033B012B2BD84FF6FF7148460AF0EDF8D2
S21403178006469AF80030FF2B0EBF01230133DBB267
S2140317908AF800308FE74FF008084FF0200B3C4BD9
S2140317A01B78033B012B85D909F0A2FCB84281D1F3
S2140317B009F09EFCFC238DF81B30FF2305468DF8AD
S2140317C01C3006239BE74FF01008C346E7E70BF0F1
S2140317D051F980460028D4D009F08AFCA8422DD1BE
S2140317E02C4B1A7852BB03214846F3F727FE0028F2
S2140317F0C7D09AF80030A8F8007088F804300023A1
S21403180088F8053088F8083009F072FCA84202D13F
S214031810204B1B7853B109F06BFCB84206D12CB1B0
S214031820237923F0030343F00103237100224FF6C9
S214031830FF710C200DF0D0FE0126A2E7594628467C
S21403184008F1070200F078FC0446002899D000222D
S21403185003214846F3F7F2FD0028CAD1237903F0A3
S2140318600303012B8DD109F043FCA84203D1094B96
S2140318701B78002B85D0237943F0030323714FF69F
S214031880FF7323807DE7164615E700BFF464002048
S214031890F5640020726F0020C465002037B50E4B38
S2140318A005461B780C46033B012B11D9E6F72EFBA6
S2140318B001280FD0821E53425341590128460DF189
S2140318C0070200F039FC18B1002144800BF0B9F888
S2140318D003B030BD1021F1E7F56400202DE9F04395
S2140318E08BB0857AB0F8069004460E46174609F084
S2140318F0FFFB8145804605F0400541D10021608805
S21403190009F03AFE0246002E44D1082304A9C14535
S21403191001EB03060CBF234902A90868496803C6FE
S214031920A2B3022100268DF8172001228DF810108D
S214031930217A45F020058DF81210A18808338DF81A
S2140319401310090A8DF81410E188CDE900268DF8E6
S2140319501510090A8DF816106088314604AA8DF80A
S21403196011500BF059FB054680B1618809F057F911
S21403197079003246284601F0FE01F3F75FFD06E0E4
S214031980E08802A90AF017FF0028B7D100200BB0A1
S214031990BDE8F0833068716806AB03C345F01005F5
S2140319A01023B3E7776500202DE9F74389461E46E3
S2140319B00746904609F0FCF900210446304609F034
S2140319C0DBFD054609F10701384601F02DFD7DB123
S2140319D0B8F1000F02D103781D44EDB205706378A9
S2140319E01A0716D569463046F2F788FA024618B142
S2140319F0002003B0BDE8F0830821684609F00AFB1F
S214031A000028F5D120460BF068FB08226946E9F763
S214031A1033FB09F06DFB0146201D0DF016FE6378BF
S214031A20DB0603D538460C490BF084FB3146A01C75
S214031A300DF00BFE3146384609F0F1F8074A1378E5
S214031A400133DBB21370E371A3790BB10120D0E746
S214031A500123A371FAE700BF77650020F264002034
S214031A60FF232DE9F04F8FB08146164605918DF87A
S214031A7022301AB301230BAA0AF056FF9DF83650FC
S214031A800446EF0625D50027059BBDF8308003F1F5
S214031A9008024946D2B20823009709A8CDE9097778
S214031AA00DF0D2FE3A46404609A9F8F7A5FC0028F1
S214031AB040F08C80A90627D510220DE013460BAA0A
S214031AC00AF032FF9DF836500446A80663D5062270
S214031AD002E0AA0618D5082200230599BDF832703D
S214031AE00A44CDE9093349460093D2B2082309A82C
S214031AF00DF0AAFE384686F0010209A9F8F77CFC29
S214031B00002863D1002E46D0BDF8307009F0F0FAF5
S214031B10874249D038460DF090FE8046002E45D1C8
S214031B20BDF82EB00021584609F026FDBDF82C302E
S214031B300390184606930DF080FE064609F0D8FA81
S214031B40069B834242D0B64B1B78033B012B3DD901
S214031B5015F04003049339D1039B0BB9002E35D0FF
S214031B609DF83570039B05F018051F44FFB2082D3A
S214031B708DF835706CD120230493002C40F04181FE
S214031B800AF078FF054608B3002E40F0B2803346CD
S214031B900126B24674E0BDF8327009F0A9FA87420E
S214031BA0B8D14FF00108BBE74FF00108002C43D033
S214031BB09C4BE279678803EBC20633F83220BDF804
S214031BC032309A4205D04FF6FF7323800FB0BDE83C
S214031BD0F08FBDF82EA0B8F1000F08D000213046D4
S214031BE00AF02FFFA6F802A00AF03DFCEEE7BDF8C8
S214031BF030000AF02EFF0546414630460AF021FF24
S214031C00A6F802A0884E2DB1414628460AF019FFD1
S214031C1063886B800AF027FC3378002BD6D03B46CC
S214031C20002248460599FFF7BFFE0028CED0394666
S214031C30484609F092FEC9E70AF015FC7A4B1B7872
S214031C40002BC3D0B8F1000FC0D14FF6FF77E6E7FD
S214031C50102D01D1049590E7B8F1000F8DD1002C1B
S214031C603AD0C2460021BDF832000DF1220200F040
S214031C7063FA03460028A9D0002E40F0CA80254602
S214031C800499BDF830000DF12302079300F054FACF
S214031C90044600289AD0644A079B1278002A78D014
S214031CA0BAF1000F26D102462C466179B9427ED995
S214031CB02546A4F802B067711446002B00F09E80F8
S214031CC09DF82230EA799A4200F09880002E40F080
S214031CD08E80EB7100253FE00AF0CCFE0446002818
S214031CE03FF474AF4FF0010ABCE700220126134607
S214031CF0DBE70126B8F1000F1ED107F03DF97E237E
S214031D00B0FBF3F202FB130005993A4605315FFA7E
S214031D1080FA484601F0AEFB4FF6FF71484608F0DE
S214031D207EFF039B032B2CD9AAF17E0A0221484689
S214031D305FFA8AF2F3F782FB069BA5F802B02B80C4
S214031D409DF834306F712B7100232B72002E42D115
S214031D509DF82230EB710125B8F1000F3FF436AF42
S214031D60484609A90BF0C6F900283FF42FAF2A46C8
S214031D7009A90BA8FFF7B2FD28E700262546344637
S214031D80BBE7039B012B94BF0AF1020A0AF1420A3E
S214031D90CCE7BAF1000FCFD16979B94209D9A5F8D2
S214031DA002B06F71002B8BD1002E93D024E0254612
S214031DB01446049A002A3FF409AF8F427FF406AF15
S214031DC0039307F0D9F883077FF400AF039BA5F8C6
S214031DD002B06F7171E7FF23EB71002CBBD00125B6
S214031DE02379A4F802B023F003032371B4E7FF2397
S214031DF0EB71002C3FF46EAF0025F1E7002CD3D136
S214031E0068E7002E7FF471AFB24625460126534697
S214031E1036E7BAF1000FB0D15646524645E700BF43
S214031E20F5640020525D0020396F002070B50C4B1E
S214031E304FF6FF751C78002302460A489C4201D1E0
S214031E40002005E00688964206D1AA4201D10B700F
S214031E5070BD8679002EFAD001330830DBB2EDE789
S214031E60386F0020525D0020002210B50A4B1C7804
S214031E700A4BD1B28C4201D8002010BD598881424A
S214031E8004D11979890701D1997911B1083301323F
S214031E90EFE70120F1E700BF386F0020525D002016
S214031EA010B5084B01461C780023074AD8B2844273
S214031EB001D8FF2010BD914203F10103FAD0083286
S214031EC0F4E700BF386F0020525D002038B50446A3
S214031ED0FFF7E6FFFF28054603D13F210B480DF029
S214031EE0D4FA4FF6FF7320462380A37103210AF02A
S214031EF0A8FD074B07481A7800210732D21002FBC9
S214031F000500BDE83840E9F765B800BFC092040095
S214031F103A6F0020CA640020F8B504460026124D26
S214031F20124F3A78F3B29A4209D800224FF6FF715D
S214031F300F4B1D780F4BD0B285420BD8F8BDFF2C44
S214031F4002D0AB79A34202D12846FFF7BFFF08357C
S214031F500136E6E7FF2C02D0187AA04201D1198099
S214031F6019720A330132E6E7525D0020386F00200B
S214031F70376F00202A5D0020FF28F8B504462CD0D2
S214031F80164B1B78834203D8802115480DF07DFA43
S214031F904FF6FF75134A32F8341002EBC400037988
S214031FA0A94203F0030318D0012B16D100220E4BCF
S214031FB01F780E4BD6B2B74203D8BDE8F840FFF7FA
S214031FC085BF1E88AE4205D093F807C0A44504D04B
S214031FD0B14202D00A330132ECE7F8BD386F002075
S214031FE0C0920400525D0020376F00202A5D002057
S214031FF02DE9F74304F083FA324B1B78033B012B9E
S21403200021D9314B1D88451BADB2E5B118804FF67B
S214032010FF7700202D4A13782B44C3F3C81403F02C
S2140320207F0313702A4B2B4A1E78C3B29E420DD8E9
S21403203000264FF6FF77284CDFF8A09099F800208B
S214032040F3B29A4216D803B0BDE8F0831388BB42B6
S2140320500DD0137999070AD104EB9311022928BFEF
S214032060022103F03F0389B243EA81131371083256
S2140320700130DAE734F80A8CB84506D014F8043C85
S214032080AB4205D95B1B04F8043C01360A34D5E79A
S21403209009F02EF8804534F80A3C04F8027C24F84C
S2140320A00A7C09D018460DF10701FFF7BFFE18B1E9
S2140320B09DF80700FFF760FF14F8030CFFF75CFFBB
S2140320C0E3E700BFF56400207E5E0020C5650020C0
S2140320D0386F0020525D0020345D0020376F0020EB
S2140320E0F0B500244FF6FF7703461048DFF844C0E8
S2140320F006780F48E5B2AE4201D800200FE0058807
S2140321009D4210D13AB1012A16BFC57905793CF82C
S2140321103550A94207D1BB4202D114238371F0BDC7
S214032120057A002DFBD00A300134E3E7376F002031
S2140321302A5D0020525D0020F8B50D46114607467D
S2140321401646FFF773FE002836D102464FF6FF7C8D
S2140321501E4B1F4C1978D3B2994206D800231C4C49
S2140321608B4221D1F8BD0834F5E7B4F800E001321C
S214032170E645F8D133700123278023710021A1712E
S21403218065B1144B45F008051A782571D31DDA108E
S2140321903078114B02FB0030E8F71CFF237920460A
S2140321A003F03F032371DDE722799209022AE1D087
S2140321B001330834DBB2D3E7037904469A071EBF1C
S2140321C023F0030343F001030371D7E7386F0020BE
S2140321D0525D00203A6F0020CA64002073B50DF1EB
S2140321E007010546FFF722FE40B103799A0705D19A
S2140321F013F0300404D043F00303037102B070BD40
S21403220028460AF02EFC094B4FF6FF711D7823462D
S2140322109DF80760064AD8B28542EFD9D0790133D4
S214032220B04204BF118011720A32F4E7376F002000
S2140322302A5D002030B50A4BCC081B78094D0733BE
S214032240DB1000FB0340012301F007018B402C5CED
S214032250DBB212B11C432C5430BD24EA0304FAE764
S2140322603A6F0020CA64002070B50B4B04461B78F7
S214032270834204D840F24B2108480DF006F90025A6
S214032280074E3378E8B2834200D870BD0022214659
S214032290FFF7D0FF0135F4E73A6F0020C092040041
S2140322A0386F0020FF2810D0FF290ED0084BCA082D
S2140322B01B7801F007010733DB1000FB0323054AF5
S2140322C0D05CC84000F0010070470020704700BF94
S2140322D03A6F0020CA6400200148F0F7CBBD00BF68
S2140322E0805E00202DE9F0471E464D4B8CB01B68E0
S2140322F01546074688469DF8509003F0080A08F0EE
S214032300F7FEA8423FD1B9F1000F14D06EB9ADF86D
S21403231006603D4604242246414628460AF03DFC14
S21403232000F001000CB0BDE8F0870023ADF80630DE
S2140323303D4606243AE038460CF0E0FEFF28044605
S21403234005D0F2F7FBFC10B12046FEF7CFFF96B19F
S2140323500023ADF80630F8F7FDF80028E8D0062489
S21403236040460DF1060202A909F0ABFDD8B9404676
S214032370F8F7F8FA17E0ADF80660F8F7EBF8002878
S214032380C7D00424ECE73EB3BAF1000F2ED00023E7
S2140323900B24ADF80630B9F1000F0AD1F8F7DAF8D6
S2140323A02F460028DCD13D46002EB4D0BAF1000FEC
S2140323B0B1D004F00402414642F0110228460AF066
S2140323C0ECFB22460646414628460AF0E6FB002872
S2140323D014BF30460020A3E7BAF1000F14D001243F
S2140323E0ADF80660B9F1000F95D1D7E70B24284660
S2140323F002A9F1F783FD074668B902A807F02BFA8E
S21403240020B9ADF80600EDE70124F0E744F0020436
S214032410ADF80670E6E70023ADF80630E2E700BF46
S214032420C44800202DE9F0471E46744B8CB01B7839
S21403243007460D461446DDF85080002B3ED008F0C4
S21403244057FE30B36E4B1B68980722D44FF6F773CC
S2140324509C4233D843463A4631462046FBF7F2FEC3
S21403246008F046FE854200F0C5803046FEF75AFB6C
S214032470A04203D10CF042FE0AF033FABA1E5342CE
S21403248053412946002220460CB0BDE8F0470AF027
S21403249080BFE7B1F91ED1F1000949EB01094FF6F8
S2140324A0F7739C4216D90321204606F076FD0323D4
S2140324B03A4631462046009506F05EFE08F018FEC2
S2140324C0A84200F097804FF6FF739C42CBE74FF08D
S2140324D00109E4E72B463A463146204604F094FCCD
S2140324E02146CDE900082B463246384607F003FA64
S2140324F080460146204606F050FDB8F1000F61D134
S214032500B9F1000F12D100233A4631462046009512
S21403251006F032FE88F001032A4631462046CDF8FF
S214032520009003F00103FFF7DDFE99E7002FEAD0E2
S21403253003AA9246334B03F1100E94461868596863
S2140325400833ACE8030073456246F6D107A806F0E5
S2140325506FFE0323306871688DF81C3008AB03C325
S2140325609DF8293007A843F002038DF8293006F0BA
S2140325708AFF90B13068716808AB03C3042307A8C9
S2140325808DF81C3006F07FFF38B1022307A88DF8BC
S2140325901C3006F078FF0028B5D1514607A806F090
S2140325A0B2FF0028AFD0F4F795FB0028ABD1032386
S2140325B03A4631462046009506F0DEFD08F098FDC3
S2140325C0A84250E743463A4631462046009506F071
S2140325D0D3FDB8F1010F9DD0B8F1020F7FF440AFE1
S2140325E0284607A9F1F78AFC20B93246284607A9E8
S2140325F00AF09AFA0CB0BDE8F08700BFF06400203A
S214032600C448002042DF0400044B1A880AB10022A3
S2140326101A8000210846F9F7ABBF00BF805E002092
S21403262000232DE9F0478EB004460D46CDE903336B
S2140326304F7808F05DFD50B1B64B1B689A0706D479
S214032640092103A806F050FD0EB0BDE8F08720462A
S21403265003A9F1F753FC0646002840F05781022FE2
S2140326603DD0042FECD1E5F739FC002846D0E5F73A
S21403267035FC022840F022810DF124083346324609
S2140326804146304607F06EF8012103A89DF8255011
S21403269007F05BF92840FF2800F0348105AD284693
S2140326A008F0C3FC002840F02F8195E80F0088E867
S2140326B00F003A46414603A806F08EFF024600285E
S2140326C040F02081032303A9CDE9005320463B466F
S2140326D0FBF77EF900280CBF13210621B1E78D4BCB
S2140326E01B689B07ACD40235082229468A48E8F7BC
S2140326F0BDFF0028A4D0E5F7FDFB08B91121A0E72C
S214032700864B874E1B78FBB9FFF77EFF3088002881
S21403271060D103AF2946384606F088FD002800F04E
S214032720CA8028460DF10A01F1F7C2FB40B90DF144
S214032730240A504608F079FC8046002800F087807B
S214032740FFF762FF0F217CE73088002842D101465D
S2140327500CF028FB308000283AD0012308223046AC
S21403276003A9F0F7CBFD98BB012308222946304680
S214032770F0F7C4FD60BB01230222694809A9ADF83E
S2140327802440F0F7BBFD0346308823B1002848D029
S2140327904FF0100920E00CF0ADFA614907462046D9
S2140327A001F0CAFC30880CF0A5FAFFB2874209D1C3
S2140327B0FF238DF82430012359481A4609A9F0F758
S2140327C09DFD28B900210120F9F7D2FE0C2138E738
S2140327D03088DBE74FF007090CF070FA07463088BD
S2140327E00CF06CFA3488112100F10808204600F03A
S2140327F02DFE10218246204600F028FE08220446BD
S21403280003A94046E8F732FF002840F081800822FB
S21403281029463846E8F72AFF002879D1B9F1070F89
S21403282001D010210DE704EB0A244546A4B271E754
S21403283030884FF0010828B1122100F007FEFF2868
S21403284081461ED12A46B9462046402304E03A462E
S214032850A9464346BDF80A0043F00303CDE900A3A7
S21403286049460323FBF7B4F800283FF469AF072172
S214032870484606F039FCB8F1000FD9D0FFF7C4FE7E
S214032880E2E6002108460CF08DFAADF8140048B1D4
S214032890204605A901F050FCBDF814000CF02AFAF6
S2140328A00028CFD1142300934A463946204633885E
S2140328B001F0FAFBC6E7FFF7A7FE1FE7E5F70EFBF7
S2140328C0012801D00621BCE605AD3246334629462B
S2140328D0009603A8F9F75EFD024608B10A21B0E6A2
S2140328E00C4B20461B6803A95B0003F0040343F06C
S2140328F00303CDE900533B46FBF76AF80028E1D112
S21403290013219EE605219CE612219AE60B2198E602
S2140329100E2196E6C44800207765002094640020C4
S214032920805E0020012330B50D4C85B022788DF8EB
S2140329300430D5188DF805200E228DF806200A6877
S2140329402570CDF807204A6801A9CDF80B200B2285
S214032950F0F7D4FCB0FA80F0400905B030BD00BFF4
S214032960F1640020014B1878704700BFC66500204D
S214032970142230B58BB005460DEB02011548DAF785
S214032980BDF910BBBDF81430DA0720D413F0060FD8
S214032990C3F3410208BFC3F341220F4B0DF11601E7
S2140329A09C5C68462246E8F7A5FCBDF8263004F191
S2140329B028026A4402F8283C02341B0A02F8273C21
S2140329C069462A46E0B209F059FA0BB030BD232017
S2140329D0FBE700BF703214E052DF040010B58AB084
S2140329E0ADF826200022CDE9052204920CAA029215
S2140329F04FF6FF720446AC2101200192064A03906B
S214032A0004FB0122603200924CF620010DF12602EF
S214032A100AF0E5F80AB010BD4456002000B58BB0A6
S214032A20ADF824309DF8303003208DF8263000238F
S214032A3003900A4909A8CDE90130CDE9053304938B
S214032A4001F160030093B1F85C3002204CF660415C
S214032A500AF0C5F80BB05DF804FB00BF445600202F
S214032A6010B54FF6FF741E4A8AB0B2F86800B2F883
S214032A705E10A042ADF82600B2F85C304FF6FD704B
S214032A80ADF8241018D081424FF0000094BF48F6EA
S214032A9060014CF66001CDE90500CDE90300CDE900
S214032AA0010094BF09AA603200920DF126020420A9
S214032AB00AF095F80AB010BD81424FF000008CBFB3
S214032AC0603209AA00928CBF4CF6604148F660411A
S214032AD0CDE90500CDE90300CDE90100014AE6E7AB
S214032AE044560020AE56002000B50E4B0022B3F825
S214032AF05E308BB0ADF824304FF6FF73CDE9052278
S214032B00CDE90322CDE9012209AA00924FF4006120
S214032B100DF126020720ADF826300AF060F80BB058
S214032B205DF804FB4456002030B58BB08DF8253095
S214032B301B0A8DF8263000230D4991F85840CD6DB9
S214032B40B1F85C00CDE905330493072360310393A2
S214032B5008ABCDE9010300914FF6FF734CF6204115
S214032B60082008958DF824400AF039F80BB030BDDC
S214032B704456002070B54FF6FE76294C1D46B4F831
S214032B805E10B4F85C30B14294F85C00A2B04FEA31
S214032B90132321D14FF440416034ADF808108DF86B
S214032BA00B008DF80C3003CC0DF11504CDF80D0099
S214032BB0CDF811102270120A6270002211461046D8
S214032BC0A270E270ADF8062008F0D0F8ADF8060063
S214032BD090B9002022B070BD4FF400448DF80D105C
S214032BE0090AADF808408DF80B008DF80C308DF807
S214032BF00E100DF10F04DDE7043402A9621A012357
S214032C0092B20DF10600F0F779FB0028E1D1BDF88A
S214032C1006002A4601210CF09DF8BDF80600D9E708
S214032C2044560020202A10B5144614D8012A04D18D
S214032C300C88B4F5004418BF0124620030B107487D
S214032C40E8F71AFA064B00201C7010BD0548E8F793
S214032C5013FA054BF7E72120F7E700BF825E002053
S214032C60C7650020C25E0020C86500202DE9F04736
S214032C70104617460CF0E7FCDFF814A1DFF81491B2
S214032C809AF8003099F800200546134302D1002035
S214032C90BDE8F08710F4406800F0400619D186BB03
S214032CA0B0F5804F5CD24FF4807400239AF800008E
S214032CB0344AD9B288425DD8002399F80000324AD4
S214032CC0D9B28842E3D932F8021B0133A142F7D1C5
S214032CD055E0F81C0CF0B7FC4FF6FF73984214BF90
S214032CE00124022486B1052605F44043B3F5004FBC
S214032CF044F0080424D0B5F5804F23D244F48074FE
S214032D0020E044460326EFE7B5F5804F4FF005066F
S214032D10F4D3B8F5406F14BF02200820304438447B
S214032D200CF091FC194B05F44045B3F85C30834234
S214032D300CBF44F0080444F00404B5F5004F01D179
S214032D4044F08004B8F5006F0ED1B8190CF07BFC84
S214032D500E4BB3F85E308342A7D144F01004A4E7C9
S214032D60444603260220D9E7B8F5406F08BF44F06F
S214032D7020049AE732F8021B0133A14299D10120BD
S214032D8086E700BFC25E0020825E00204456002015
S214032D90C8650020C76500202DE9F04F104685B0B2
S214032DA0164698460CF04FFC5D4F00F00803B7F844
S214032DB05C10044600F00709F01C02930391B7F871
S214032DC05EB00CF040FC06F1050A054650460CF0D2
S214032DD03AFC03464FF6FF70854218D00399A1EBE1
S214032DE0050CDCF1000545EB0C056D004FF6FF7195
S214032DF08B420ED145F004050CF030FA029B6BB102
S214032E00B9F1000F11D0422005B0BDE8F08F0125BF
S214032E10ECE79B4508BF45F00805EDE7B9F1030F5E
S214032E20F1D8DFE809F0021B795D0CF017FA08B950
S214032E30A807E8D524F00804A4B2B4F5004F05D0DB
S214032E40B4F5624F02D0B4F5404FDCD100252946D5
S214032E5097F8A820002007F089FF3CE0D7F88030D9
S214032E60E3B9002132460846FFF700FFD8B948F613
S214032E70410224F038039BB29342C4D10A2D49D0B1
S214032E80062DC0D197F87730023B012BBBD8EEF75F
S214032E90AFFF0028B7D140F6040505E041463046AB
S214032EA098470028DDD00825E20648BF45F0800590
S214032EB0A30648BF45F4805505F00C03042BC6D182
S214032EC0F01D0CF0C0FB97F8A8303246009341463D
S214032ED02B4607F020FF08B30E9B1880002093E7CD
S214032EE0A90705D14FF6FF73B7F85C209A428AD13B
S214032EF004F44063B3F5006F0AD0B3F5406F82D194
S214032F00082250460749E8F7B1FB00287FF47BAF59
S214032F100C25C9E70425C7E7432075E7192073E79F
S214032F2044560020A4560020034B1A781AB1FF2AF1
S214032F3004BF00221A707047CA65002070B5084C9B
S214032F40084E2378F55C1DB13E2107480CF09DFA28
S214032F50FF2223782846F2540023237070BD00BF57
S214032F60C9650020CA650020CE920400034B044ABC
S214032F701B78D05CFF3818BF01207047C965002056
S214032F80CA6500200023074A07491360074A1360EF
S214032F90074A1360074A11600121074A1170074A5E
S214032FA0136070477C57002069CD030078570020D4
S214032FB074570020586E0020736F0020845700203B
S214032FC00E2A70B50C4606461546194603D9FFF772
S214032FD0D9FF502070BD012807D10020EEF722FF4D
S214032FE0B0B1FFF7CFFF2120F4E780220021224B68
S214032FF01A70224B1960224B1B684BB134200BF01E
S214033000D1FE204B188018B9FFF7BCFF0120E1E77B
S21403301024F0FF6323F4FF231BB1FFF7B3FF4F2016
S214033020D8E774B92046EEF717FF0124032510F0FE
S214033030800F43B21BBF00F01F039C409C4044F02C
S21403304078440020104B24F078441E700F4B104930
S2140330501D70104B1C60104B1870104B1A68EFF75E
S21403306097FA18B1FFF78EFF0420B3E79DF81020F8
S2140330700B4B1A70AEE700BFCB65002080570020CD
S21403308074570020025F0020D0650020CE65002024
S2140330908533030084570020CF6500207C5700202B
S2140330A0CC6500207FB5244B00251A7801232348DE
S2140330B0234903FA02F200781A440A60ADF80E5068
S2140330C020B3984236D11F4C1F4B20781B680DF156
S2140330D00E0198471D4EBDF80E20307092B11C4B62
S2140330E029460093284602230195EFF78BFA327898
S2140330F0237822B1012A12BF1B230133DBB22370CC
S21403310004B070BD013818BF0120F0E778235A4396
S214033110013A0A6008220F490BF08AFD0B49094A57
S2140331200978137821B1012912BF1B230133DBB2BF
S2140331301370E5E71846E3E7CE650020D065002068
S21403314088570020CF650020586E0020736F00203C
S214033150C1330300E9F10300024B1868003818BFB7
S214033160012070477457002037B505461C460CF0FF
S21403317075F868B974B1084B1A60084B0A461C60A8
S2140331800123294600930323FFF71AFF03B030BD3C
S2140331904D20FBE72520F9E77057002078570020DD
S2140331A013B504460CF05AF858B962B1074B1A60C7
S2140331B001230A46009321460323FFF701FF02B0CB
S2140331C010BD4D20FBE72520F9E700BF745700200C
S2140331D02DE9F0410446DDE906861D469DF820707C
S2140331E00CF03CF888B99EB1A2B10B4B01201A60D3
S2140331F00A4B0A46C3F80080094B21461E602B463D
S2140332000697BDE8F041FFF7DBBE4D20BDE8F08131
S2140332102520FBE72120F9E7586E00207C57002085
S214033220785700200148EFF725BE00BF025F002055
S2140332302DE9F0410020EFF719F9114B114C1E68E8
S214033240114B20881D68114B114FD3F8008010B125
S2140332503978EFF7E9FF00203870FFF793FEEFF7B2
S21403326023FC0EB14046B0473DB12088A847002353
S2140332702380BDE8F0410CF083B9BDE8F08100BFC0
S21403328078570020025F00207457002084570020E0
S214033290D1650020F8B52F48F0F7DCF82E4B1878E8
S2140332A030BBEEF7D9FD2D4F06463B6803B32C4BD8
S2140332B02C4D1C6824B195F900301A461946A047D0
S2140332C0294B1B6883B1294C2378312B0CD8284B08
S2140332D018880BF0F3FC23785A1C22702A78C25401
S2140332E023785A1C2270C65480232B7000233B601D
S2140332F0204C23781A2B22D81F4A1278012A09D188
S21403330000211E4A156825FA03F0C007DAB20ED567
S21403331001B122700020EEF79FFD2178884212D17A
S2140333200022174B1A70FFF7BDFE40B9F8BD0133F4
S214033330D8B21A284FF00101E5D90A442270BDE835
S214033340F840FFF775BF0020EEF798FD0028E7D09A
S214033350F5E700BF5C6E0020D06500208057002094
S21403336070570020CB65002074570020D1650020DD
S214033370025F0020CF650020736F00208457002073
S214033380CD65002008B50B4B187880B90221EEF7FF
S21403339037FD094B1B782BB100214FF6FF72084609
S2140333A0EEF710FDBDE808400448FFF773BF0021A1
S2140333B00846ECE7D0650020CC6500205C6E002054
S2140333C038B5144B0C461D78012D21D181B908461A
S2140333D0EEF742FD104A05FA00F013680F4923EA98
S2140333E00003136020462A46BDE838400BF020BC95
S2140333F00B4A13780133DBB2022B137004D9BDE8F2
S21403340038400848FFF746BFFFF74CFE0028F6D1C2
S21403341038BD00BFD065002084570020E9F10300C3
S214033420CD6500205C6E002038B50C4605460BF0D3
S21403343061FCA04203D82D2103480CF026F8284649
S2140334400BF03CFC204438BDE292040070B50646FF
S2140334500D460BF033FC044648B130460BF04AFCED
S214033460A84203D8352102480CF00FF8605D70BD02
S214033470E292040070B50C46064615460BF03AFC7D
S214033480A04203D83E2104480BF0FFFF30460BF062
S21403349015FC00B1055570BDE29204002DE9F0431A
S2140334A01E46574B8FB01B780746033B012B0C4633
S2140334B015469DF8588007D8F4F718FA20B1F0F7A8
S2140334C01DF908B144F400544E4B1B7813B924F489
S2140334D00074A4B2200509D546B9284604A9F0F716
S2140334E00DFD002846D024F40064A4B2ADF81840BD
S2140334F0ADF81A5007F0FCFD434BADF81C00B8F1CD
S214033500000F02D01A78424501D293F800803F4A52
S214033510E105137848BF0DF1210103F10103DBB286
S214033520137058BF08A922058DF81E808DF81F302A
S21403353006D53368083141F8083C736841F8043C03
S214033540E30407D5324A0831136841F8083C536848
S21403355041F8043C0DF11808A1EB08005FFA80F966
S214033560002148460BF01EFC064628B900200FB083
S214033570BDE8F08304AEB9E70BF0A0FB41464A462C
S214033580E7F7B8FE30460BF0B5FB804630460BF047
S21403359095FB0023024600934FF6FF7004235FFA61
S2140335A088F107F0B8FBADF80E000028DED040F235
S2140335B001131C421AD14FF6F7739D4216D80BF02F
S2140335C099FB0DF10E010446284600F0B5FDBDF843
S2140335D00E000BF08FFBE4B2A04207D9BDF80E0035
S2140335E007F0E6FB437843F004034370BDF80E0090
S2140335F03A4601210BF0AEFBBDF80E00B7E700BF5D
S214033600F5640020F0640020256F0020F26400209B
S21403361077650020F0B50829D58889B028D00C290D
S21403362026D0AE0424D405F040030B43424C267840
S21403363016B105F0200423432FB2002FB8BF43F082
S2140336408003032920D11223AC068DF80430937A25
S21403365010D48DF805300DF1060401A9621A012372
S21403366092B2EFF74BFEB0FA80F0400909B0F0BD16
S2140336700B46DBE732228DF805308DF80420002E4A
S214033680E9D00DF11304E8E70C298DF804300ABFDE
S214033690138953798DF80530548805BF1B0A8DF8B6
S2140336A006308DF805300DF1070318BF0DF106033C
S2140336B01C70240A5C70148802399C70240ADC701F
S2140336C0147901291C7111D8917A002F597131DAB6
S2140336D0022112899971DA71120A03F109041A7226
S2140336E0002EBAD0AB06B8D50534B6E7A9071AD468
S2140336F0002F0CDA117A51B1917A59711189127A25
S21403370003F1080492B102229A71D971E8E70B4CCF
S214033710217801F1010C84F800C091729C1D002FE2
S2140337205971DDDAEAE7917A9C1DF8E70122090A66
S2140337309A71EAE79C1DD3E7F0640020F164002049
S214033740014B1880704700BF045F0020014B1888A8
S214033750704700BF045F00202DE9F84307460BF0CF
S2140337608DFE05461B480CF000F81B4B60B31C6827
S2140337703C1B2C44A4B20022184BDFF868901B783D
S214033780174D03EB830399F8006005EB43055FFAD7
S21403379082F846450AD9AB8805F10A00A34216D932
S2140337A00A23B21A29465A43E7F766FC013689F814
S2140337B00060AC80B8F1000F03D1394605480BF022
S2140337C069FB2846BDE8F8833C461D60D3E70546FB
S2140337D00132DCE77C6E00208C570020D265002087
S2140337E0A65B0020D36500201FB5154A154C137839
S2140337F0013BDBB213706168206801AA03C221890A
S2140338001180114A1278D21805D00A2320465A434B
S214033810E118E7F731FC9DF806301B070DD0BDF81D
S2140338200C00FFF799FF03468288ADF8082001AA2B
S21403383003CA1288186059601A8104B010BD00BF0D
S214033840D2650020A65B0020D3650020002108B5C2
S214033850084B09481970094B1970094B1A7802EB83
S21403386082025200E7F7B6FBBDE808400548EFF7CB
S214033870F1BD00BFD3650020A65B0020D265002003
S214033880316F00207C6E0020F8B50024084D094FE8
S214033890094E3B783178E2B20B449A4204F10104B4
S2140338A000DBF8BD2846EFF7E5FA0A35F1E700BF77
S2140338B0A65B0020D3650020D2650020F8B5164627
S2140338C00C4B0D4A1B781278074613440B4A0D46D9
S2140338D0127893420CD03046FFF73EFF013506813F
S2140338E00780857004460BF0C4FDE0800120F8BD18
S2140338F00020FCE7D2650020D3650020316F00204E
S21403390010B5064C207828B10548F5F799FD10B197
S214033910034B188810BDFFF767FFF3E7D265002057
S214033920A65B002008B50A4A0346107860B1094A28
S2140339301088984209D121B99378103323F00F03E6
S2140339409370FFF751FF012008BD0020FCE700BF7E
S214033950D2650020A65B00202DE9F74F00260BF06A
S2140339608DFDDFF8F890B24699F80070B3463A46F4
S214033970DFF8EC801FFA80FEB8F800C0344CAEEBDC
S2140339800C039BB201932378324D009303EB83031E
S21403399005EB4303ACEB0E0C5FFA86FEBE4515D370
S2140339A0BAF1000F01D0009B2370BA422AD3002F2E
S2140339B037D00A222378C8F8000002FB03532648B0
S2140339C0998803B0BDE8F04F0BF064BAB3F804E08F
S2140339D001998E4512D84FF0010A009993F802E038
S2140339E001310EF1FF3EC9B2013AA3F804B083F8E1
S2140339F002E00091D2B20A330136CDE7E644A3F8DB
S214033A0004E0F8E789F800204AB10A222378C8F8C8
S214033A10000002FB0353104899880BF03BFA237807
S214033A2013B903B0BDE8F08FFFF76AFF0646002818
S214033A30F5D007F0DEF80146304607F08EFF20B1DA
S214033A4000212888FFF76EFFE9E740F60241F8E712
S214033A50D2650020A65B00207C6E0020D365002084
S214033A608C5700202DE9F04192F808801F4608F194
S214033A70FF33DBB2EF2B05460E46144688B00BD950
S214033A8082238DF80E30314628469DF80E30204AA4
S214033A90FBF774FA012037E00E22002104A8E7F7AB
S214033AA099FAB4F809308DF81180ADF81230E37A3C
S214033AB003F07F02032A08D0012B24D103238DF8B9
S214033AC01030A389ADF815300EE0032B14BF022384
S214033AD001238DF81030E368CDF815302369CDF84F
S214033AE01930237D8DF81430A7F121014A420DF1D8
S214033AF00E034A41009321460DF10F0304A8FAF77B
S214033B0093FD0028BFD1002008B0BDE8F08100BFB8
S214033B107A4904002DE9F04F00241D7895B0CDE9CD
S214033B2002010492234622460120CDE9005440496F
S214033B3009F016FAADF81E00F8B1A3462646274646
S214033B400DF120090DF1380AE4F7B6F95FFA84F8A7
S214033B50404516D83A460221BDF81E00FFF78AFCF8
S214033B6032460421BDF81E00FFF784FCDDE903108E
S214033B700022BDF81E30FBF701FA012015B0BDE8A0
S214033B80F08F4A4640460AA9FAF740FD9DF82820DA
S214033B9022B12DB1013DEDB20137FFB20134D3E7B7
S214033BA0BBF1000FF8D199E803009DF829308AE8A5
S214033BB003008DF84030BDF82A30032A8DF84130D3
S214033BC04FEA13238DF8423017BF032301238DF8E2
S214033BD043309DF82C30DDF83110DDF82D0014BF8E
S214033BE08DF84C308DF8433011AB03C302980CBFED
S214033BF04FF00E084FF0150808F079FB0590BDF856
S214033C001E000BF077F8059900EB080399420BDBCF
S214033C100123424651460DF11E00EFF76FFB0028C5
S214033C20ABD10136F6B2B7E74FF0010BB4E700BFEE
S214033C30B792040038B505460D4B0E481C88EFF7BF
S214033C40F5FB012D0CD10C4B1C88FA21614358B1AE
S214033C50884209D28408012C204638BF012038BD8B
S214033C60022D08BF0224F0E702480BF013F9F2E72F
S214033C70A25B002090470020A05B0020012208B52D
S214033C80054B06481A7000210BF004F9BDE80840FE
S214033C900020FFF7CFBF00BFC1640020904700207D
S214033CA01E4B73B51A8802F108039BB2012B02D888
S214033CB01B4B1B7823B902B0BDE87040EFF7CABBB5
S214033CC00024184B184D1C70184B1C702B787BB1B6
S214033CD04FF6FC73164E0093224623462146308841
S214033CE008F043FD4FF6FD732C70338001200FE080
S214033CF0104B10461978F4F719FF0028F6D10C4B31
S214033D001A884FF6FD739A42F0D0012302202B70D7
S214033D1002B0BDE87040FFF78DBF00BFA45B002074
S214033D20C1640020C4640020C2640020C364002071
S214033D309E5B0020C5640020012808B50AD002282F
S214033D400CD020B9084B18700848EFF783FB4FF0E8
S214033D50FF3008BDBDE80840FFF790BF0020BDE870
S214033D600840FFF767BF00BFC164002090470020EC
S214033D7002280CD859B1064A13780133DBB2137004
S214033D80044A12789A4202D80220FFF7D5BF70473A
S214033D90C3640020C664002038B5A0F61343012B85
S214033DA004460D4615D80E4A13780133DBB213705A
S214033DB00C4A12789A420CD84FF6FD720A4B002032
S214033DC01988914201BF00221D80084B1A70FFF725
S214033DD031FF29462046BDE8384005F01BB900BF31
S214033DE0C4640020C76400209E5B0020C2640020D9
S214033DF000234FF6FD71054A1370054A1370054AF2
S214033E001180054A1370054A13707047C464002076
S214033E10C36400209E5B0020C2640020C1640020AF
S214033E2030B5094B02461B7833B1084B084C19785A
S214033E300023D8B2884201D3FF2004E0013334F8CC
S214033E4023509542F5D130BD306F0020C964002061
S214033E507E5B00200022FF21044B05481A70054BA9
S214033E601970054B1A789200E7F7B4B8C9640020B6
S214033E70825B0020C8640020306F0020F7B58DF801
S214033E8007100DF10701044603F069F8234B1D786C
S214033E90002D41D02046FFF7C3FF214EFF2831787F
S214033EA0204B05D1204A107885422DD9451C157024
S214033EB0884219D01C4A1B4D92F800C00022D7B284
S214033EC0BC450CD92F4697F803E00132864505F129
S214033ED00405F4D102B203EB8202D278FA7002B27E
S214033EE003EB8202D170307002B203EB820123F837
S214033EF02240FF228A709DF80720FF2A02D003EB98
S214033F008203987003B0F0BD0A46104603EB8202A4
S214033F10D278FF2AF9D1CBE7FF20F3E7306F0020F2
S214033F20C8640020825B0020C96400202DE9F843A2
S214033F30FFF776FFFF28044669D04FF6FF72354F2A
S214033F4003B2DFF8DC80344E27F8232098F80050BD
S214033F50A54202D10020BDE8F883337820B2810061
S214033F60A34207EB800090F803E010D00023294A11
S214033F705FFA83F94D45944606D99CF803900133BE
S214033F80A14502F10402F3D18CF803E001E086F8C0
S214033F9000E0013DEDB22A1BD2B20431920039444F
S214033FA0E7F76AF888F800503378FF2B04D0A3426B
S214033FB024BF03F1FF33337000214FF6FF70154B18
S214033FC0CAB2AA420CD300234FF6FF71134ADCB2DF
S214033FD0AC42BBD2013332F823008842F7D1B5E7AF
S214033FE09A78A2420BD11880DA78FF2A04D0A2422C
S214033FF024BF02F1FF32DA7001310433E0E7FF2A0F
S214034000F2D0A24224BF02F1FF329A70ECE72D20D1
S214034010A1E700BF825B0020C86400207E5B00200F
S214034020C9640020F8B51C4B05461B78084673B3D5
S214034030FFF7F6FEFF28044629D02846FFF7F0FED2
S214034040FF2806D0154B164E1A780023D9B2914294
S21403405018D3FF212846FFF711FFFF28014616D085
S2140340600546104F23B207EB830237F823009678F2
S214034070FFF704FFA84208BFFF25FF2E214608D1FD
S2140340802846F8BD013316F823108142DED1FF25FA
S214034090F6E73446E6E700BF306F0020C964002029
S2140340A0805B0020825B00202DE9F04180460E46AF
S2140340B01F46002386B001A814469DF830508DF89D
S2140340C00330FCF74BF8ADF804802EB13368CDF817
S2140340D006307368CDF80A3038460AF0EFFD0DF166
S2140340E003034219214601A804F0A0FF9DF80330FC
S2140340F093B931464046E4F701F90E4B1B785BB1A2
S2140341000B2C09D8FF214046FFF7B8FE064605EB01
S2140341104404E4B2A54202D106B0BDE8F0812946C4
S214034120384608F0C0FE3146FFF7A8FE02350646BD
S214034130EDB2EFE7306F002000232DE9F3470DF1D2
S21403414007028DF8073004460E4602F0F3FE9DF88C
S2140341500730054663B92046FFF762FE04465EB1A4
S21403416030880AF0C7FD5FFA80F8FF2C45D100259A
S214034170284602B0BDE8F087B046F6E701320C2ABF
S214034180F5D02DB207EB8505AD78FF2DF6D112F0ED
S214034190FF0AECD04FEA4A050235EDB2002EE7D00F
S2140341A0304605EB080108F043FE0028DFD15246EF
S2140341B041463088FFF75EF90AF1FF3208F1010144
S2140341C008F102093088D2B2C9B25FFA89F9FFF75B
S2140341D051F924B207EB8404A478FF2CC8D023B289
S2140341E0494637F82320308808F06DFE0028BED1F4
S2140341F009F102095FFA89F9EBE725460022014F28
S214034200BFE700BF825B0020FF2818BF064B10B530
S2140342101BBF03EB800433F820302D200B801EBF1A
S214034220A3780020137010BD825B002008B5D1F779
S214034230FBFBD0F7D7FF00F022FAD2F70BFDBDE861
S2140342400840D0F783BD10B5044601880120D1F796
S214034250A9FCE3880BB9C823E38010BD37B5044631
S214034260D1F7AEFC658885420ED8A188E2888142E4
S21403427005D3431B5343491BB3FBF1F39AB280B2F6
S21403428040EA024003B030BD0022F8E770B50C46A2
S214034290088800F04BF994F84430054683420FD063
S2140342A004F11C06304600F07CF984F8445000F014
S2140342B07CF9618BA0643046BDE8704000F06CB9B1
S2140342C070BD38B5044690F844108378826CCB1AD8
S2140342D059425941D0F7A0FDE37893B1257985B9C2
S2140342E000F063F90346A268218A04F11C009C1AB5
S2140342F08C4236BF52182946D11ABDE8384000F022
S2140343004BB938BD09B100F0FDB800F005B938B5B2
S2140343108388044603B3E3780088A17804F10C0588
S214034320A3B10023B1FA81F1E3704909FFF7EAFF6D
S2140343304FF6FF72A388218993421CBF03F1FF3314
S214034340A3802846BDE8384000F026B90123E37071
S214034350FFF7D8FFE188F4E738BD10B50446817847
S2140343600088FFF7CFFF0123E3700023A38010BD6F
S21403437010B581780446B1FA81F100884909FFF740
S214034380C1FF0023E370A38010BDFFF7F1BF70B534
S2140343900446054600262B4655F8040B10B11B1B96
S2140343A00C2B00DD70BD237C8680002BF3D0637C52
S2140343B013B1FFF7D2FFEEE7FFF7DAFFEBE7FFF7FE
S2140343C0E6BF70B5044605464FF6FF762B4655F80E
S2140343D0040B10B11B1B0C2B00DD70BD8388B3428E
S2140343E0F4D04FF4FA724FF6FF731146D0F768FD18
S2140343F0ECE709B100F086B800F08EB810B50446B5
S214034400C0600830D1F740FD21792088B1FA81F1E8
S2140344104909FFF7EEFFA37943B121796088B1FA22
S21403442081F1BDE810404909FFF7E3BF10BD00F076
S214034430A9B80346184613F8012B8A4201D0002A6E
S214034440F8D1704710B53B2104460068FFF7F1FF2B
S2140344500022034603F8012B2068236010BD10B525
S21403446040B1421E0A24002012F8013F303BD9B265
S214034470092900D910BD04FB0030F5E708B500F0A4
S2140344807EF808B540F2BA4200211020D1F708FBA7
S21403449041F2E823584340F6FF7300F2FF70B0FB87
S2140344A0F3F080B208BD50F80C3C23B150F8041C5E
S2140344B030F80E0C18477047084619B1FF21103024
S2140344C002F035BC704773B505460E466DBA144602
S2140344D0D1F710FCADF804507EB1012C04D0032CA8
S2140344E009D00022012101E02246022101A8D3F7C8
S2140344F005FC02B070BD0022F7E7042132460DEB3F
S2140345000100F4E707B540BAADF8040001A8D3F7F5
S21403451029FC03B05DF804FB07B540BAADF8040008
S21403452001A8D3F74BFC03B05DF804FB002307B5E3
S21403453040BAADF804000DF1030101A88DF803306D
S214034540D3F768FC9DF8030003B05DF804FB00781E
S21403455000F0DF03552B07D0642807D0663818BF52
S2140345604FF0FF30C0B270470120704703207047FA
S21403457018B12D280CBF012002207047704708B5DC
S21403458001F0C7FF08B500F06FF8BDE8084004F077
S21403459013BD50E9023018470A460830FF2102F0DF
S2140345A0BDBBFF21083002F0CABB08B50AF0C5FF41
S2140345B0BDE8084009F036BC2DE9F0410446002763
S2140345C04FF00C0E8F4202DB0020BDE8F08120780E
S2140345D0904204D1002594F80780454502DB013755
S2140345E00C34EFE70EFB05F6D4F808C00CEB060018
S2140345F03CF806609E42E8D00135EEE7F0B585B09C
S21403460005460E461746D1F795FC0446A0B131463B
S2140346102846D1F747FC83783A46002BA3683146F1
S2140346200293A378284601934FF0000300930CBF30
S21403463080234023E0F776F805B0F0BD08B512886E
S214034640D1F778FC50B10279BDF80C309A4207D8FE
S21403465081680298E6F710FD002008BD8620FCE777
S2140346608920FAE7D1F764BD002004F029BD08B518
S21403467004F096FD002814BF0320002008BD7047F1
S21403468008B502F030FAFFF7D1FDD1F7BDFD64207F
S21403469004F0DFF8642004F0DBF802F026FAD0F723
S2140346A081FB09F019F8F8E7642230B542F2107579
S2140346B0418AB0F87E305143848A681A834202FBEB
S2140346C004F40AD2A3420AD91B1B02FB03F02144BB
S2140346D06D1AB0FBF5F0C0B230BD1046FCE7002003
S2140346E0FAE710B589B1632911D86424828A438A0C
S2140346F0624304FB0323C3F51C53103301FB03F08F
S214034700B0FBF4F0104480B210BD0846FCE742F25A
S2140347101070F9E738B5037B0446002B36D0FFF755
S21403472044FF217BE289022903D1238A002B18BF89
S2140347301A466423534342F210721FBFD4F88450C0
S214034740401B5043B0FBF3F20129B4F8883017D16D
S214034750134442F21072934228BF13469BB2A4F846
S2140347607E302046FFF7A0FFA37D83420ED0A075C0
S214034770082260784FF48171BDE83840FFF73EBFEA
S214034780934201D39B1AE9E70023E8E738BD10B547
S2140347900446B430FFF705FF04F1DC00BDE8104023
S2140347A0FFF7FFBE037BC189022B03D1038A002BCD
S2140347B018BF1946642342F20F724B43DC30934210
S2140347C098BF6421FFF7E8BE10B50446FFF7A2FFC3
S2140347D0237B23B12046BDE81040FFF7E3BF10BD9F
S2140347E010B504464FF6FE71D1F7AEFEB4F880302E
S2140347F02046A4F87E30FFF757FFA37D834208D0F8
S214034800A075082260784FF48171BDE81040FFF769
S214034810F5BE10BDF8B50E460446154600F18C07E6
S2140348203846FFF7BEFE29463846A4F87C60BDE846
S214034830F840FFF7B1BEF8B504460D46FFF7B5FEE0
S2140348404FF6FE71A36F8D42227BA0EB030717D1B1
S21403485062B94FF6FF75B4F87C30AB4205D004F16D
S2140348608C00FFF79EFEA4F87C50F8BDC72F1BD81C
S214034870C8331A1A29462046BDE8F840FFF7CABFD0
S214034880B4F87E60AE422CBF02260126B24211D196
S2140348904FF6FF76B4F87C30B34205D004F18C00B3
S2140348A0FFF77FFEA4F87C6029462046BDE8F84063
S2140348B0D1F74ABEC72FDBD9002AF5D02046D1F759
S2140348C043FEC822D6E74FF6FF73994201D0FFF79F
S2140348D0B2BF70474FF6FF72B0F87C10A0F87C208A
S2140348E0FFF7F1BF42F21071FFF7A5BF0021FFF7F4
S2140348F0A2BF4FF6FE71FFF79EBF4FF601739942B4
S21403490010B5044603D14FF6FE71FFF794FF638A92
S2140349102046322B84BF32236382A38A322B84BF82
S2140349203223A382BDE81040D1F7B4BE032910B5E5
S21403493004462BD0007B30B9012903D002290CBFD3
S2140349400120FF2010BD032A07D8DFE802F0020883
S214034950101401291CD002291FD0FF20F2E70029DA
S214034960FBD1B4F85C20012A12D0022AF4E704290A
S2140349700ED00529F0E7042914D0052914D0002900
S214034980EBD1B4F85C20111F0129ECD80220D9E73B
S2140349905A1E534253415800D4E7022B0CBF022041
S2140349A00120CFE70020CDE70120CBE730B587B065
S2140349B005460C46D1F7AAFB012820D11CB1611E7F
S2140349C04B424B4158006B784FF480728DF804309D
S2140349D04FF48273ADF806304FF48173ADF80830A8
S2140349E001238DF80B30002385F8900001A8CDE94C
S2140349F003238DF80A408DF81430D1F7BFFB07B0B8
S214034A0030BD41680346C978027B99B98168C97885
S214034A1099B9002A08BF0321D1F77ABF9B7B002BE5
S214034A200CBF01210221F7E79B7B002B0CBF022161
S214034A300121F1E7012AF1D17047012AF4D1704729
S214034A40042910B5044604D831B1BDE81040D1F7A7
S214034A50E3BF05290DD010BD037B5522002B08BFED
S214034A600321A0F85C1040781221FFF7C7FD20460B
S214034A70EBE743681A8A83681A82E6E7012303731F
S214034A800378013343734FF44073C38103230374E2
S214034A900023A0F85C3080F89030704710B50446C9
S214034AA0806BD8B1E278022A04D0636B5B7972B963
S214034AB084F83C3094F83C306BB1FFF74EFC6078DA
S214034AC04FF60272BDE810400621FFF797BDB3FA12
S214034AD083F35B09ECE7FFF74BFCF0E710BD10B57B
S214034AE00446406BD0F754FA2046BDE81040FFF763
S214034AF0D5BF10B50446406BD0F76EFA2046BDE826
S214034B001040FFF7CBBF10B50446406BD0F78AFAC8
S214034B102046BDE81040FFF7C1BF10B5044600228B
S214034B2006214078FFF76AFDA378022B01D0FF2BFE
S214034B3004D12046BDE81040D2F70CB910BD4FF69D
S214034B400273994210B5044601D1FFF7A7FFE37835
S214034B50022B02D02046FFF7A1FF2046BDE81040F7
S214034B60D2F7F8B810B5D0F8A4407CB103791BB1DE
S214034B704079D2F7AFF948B9A3883BB93222204629
S214034B80BDE8104001231146D0F79AB910BD10B501
S214034B900446FFF7E7FFA278237982B913B12046CC
S214034BA0D2F7BEF92046D2F7FBF903236078A4F8C0
S214034BB06C305522BDE810401221FFF71FBD012BB4
S214034BC002D12046D2F7ACF9A379012B02D12046B5
S214034BD0D2F7E6F90123E9E710B583780446ABB9C3
S214034BE0FFF7C0FFA3788BB9237913B12046D2F71A
S214034BF0B7F92046D2F718FA04236078A4F86C3085
S214034C005522BDE810401221FFF7F8BCB4F86C300B
S214034C10022B0DD02379032B02D12046D2F780F93D
S214034C20A379032B02D12046D2F7BAF90023E4E78F
S214034C302046D2F73BFAF9E7827883685AB9DB78DD
S214034C40002B14BF03230423A0F86C305522122133
S214034C504078FFF7D3BC1A7922B9DB78003B18BF3C
S214034C600123F1E70223EFE77FB500239E6A04469C
S214034C70B6F5804F0D460CD201A8D2F7C3FB039BB3
S214034C805B0506D529462046336C04B0BDE8704064
S214034C90184704B070BD00239B6AB3F5804F05D256
S214034CA01B6BB3F5804F01D29B6818474FF4817096
S214034CB070471FB500239A6AB2F5804F04D340F2BB
S214034CC0011005B05DF804FB126BB2F5804FF6D207
S214034CD0012201A8CDE902338DF80420D2F792FB16
S214034CE0039BDB03EBD5029B1A0EE8D0012A03D104
S214034CF0C3F307430A2BE2D900239B6A1B6B1B6C87
S214034D009847DEE708B50AF0DBFDB0FA80F0400905
S214034D1008BD134610B542B103439B0707D10AF0FB
S214034D20CBFDB0FA80F0400910BD0120FCE700205F
S214034D30FAE700230360704703680B60016070475F
S214034D4010B538B132B129B100230139D45C14B996
S214034D500023037010BD8B42FAD200F8014B0133D7
S214034D60F4E7034638B10020814204D01A5C02B946
S214034D7070470130F8E770474FF0FF31FFF7F1BF98
S214034D8070B50C461646054660B15AB151B1FFF7E9
S214034D90F3FF844206D9211A32462844BDE8704000
S214034DA0FFF7CEBF70BDFEE7FEE700239A4200D1B1
S214034DB0704710B550F8234041F8234001339A4218
S214034DC0F8D110BDD2F77EBF4369426CD91C143AA2
S214034DD0B1FBF2F103EBC1000330B0FBF2F002309B
S214034DE0704738B505460C46FFF7EEFF6A6CE31DC1
S214034DF0143AB3FBF2F3013304EBC30402FB0040A3
S214034E0038BD38B5054644692146FFF7EAFF6A6CA4
S214034E10E31D143AB3FBF2F3013304EBC30420445B
S214034E2038BDF7B507460E4600257C6CA8196442C4
S214034E3080EA06031C4003D02C46204603B0F0BD90
S214034E40FB6B01225B6901A99847019B0133F4D1EF
S214034E500435EAE770B505460C46D4F709FDEB6B57
S214034E602046BDE87040DB68184770B50025044649
S214034E7086B00562E369AB4202D8206A06B070BD0D
S214034E80666C2068E36B05225B6901A906FB0500D7
S214034E90984701A800F023FC00F046FC10B1236AF3
S214034EA0013323620135E5E738B50446456C0068EF
S214034EB004F1400305FB0101E06B00F042FC0546EC
S214034EC02046FFF7D2FF284638BDF0B50546002634
S214034ED087B0EC69013CB44203D80C46204607B0C1
S214034EE0F0BD01B14C1E6F6C2868EB6B05225B6945
S214034EF001A907FB0400984701A800F0F0FB00F0A7
S214034F0013FC0028EAD121460136E2E7F0B5044651
S214034F100D46466CE36B006887B005225B6901A902
S214034F2006FB0500984701A800F0D9FB00F0FCFB40
S214034F3020B101A800F0AAFB07B0F0BD2946204621
S214034F40FFF7C3FF0646676C2068E36B05225B69C1
S214034F5001A907FB0600984701A800F097FB431C2E
S214034F60EAD0B54238BF0130E6E72DE9F0434FF605
S214034F70FF79D0F8248004460E46C84514BF45463C
S214034F800025002787B0E369BB4202D807B0BDE817
S214034F90F083E26B2368606CD2F814C000FB053024
S214034FA0052201A9E04701A800F099FB022806D0D4
S214034FB0C8450CD1721C29462046FFF775FFE369E6
S214034FC00135B5FBF3F2013703FB1255DBE7294640
S214034FD02046FFF79BFFB0F1FF3F14BF0246324661
S214034FE00132E8E70368F0B5CC1A436C0646B4FB17
S214034FF0F3F4002587B0F36937685A1E9542706C40
S21403500008D3706C336800FB043007B0BDE8F0408B
S21403501000F095BB0134B4FBF3F203FB1244F36BCD
S21403502005225B6901A900FB0470984701A800F0FC
S21403503056FB00F079FB0028E3D10135DBE710B41B
S21403504023F0030422449B070A44436C18BF04322C
S2140350505B4281EA0204234203D05DF8044BFFF768
S214035060C1BF10465DF8044B70472DE9F041D0E907
S2140350700A369E42044686B028D11422C369456880
S21403508002FB1355284606B0BDE8F0812068676C1E
S214035090331AB3FBF7F3E26B07FB0300D2F8148073
S2140350A001A90522C04701A800F019FB012804D076
S2140350B0636C1D44013B3340ED1A31462046FFF72F
S2140350C091FF0646A36AB342E0D1DBE70025F9E782
S2140350D008B508301346D1E90012D4F74FFB012078
S2140350E008BD13B50C46002121760093616813466C
S2140350F02246D2F73DFF18B1E37D03B1A07EA0752B
S214035100A07D02B010BD73B5164600F108050C4627
S214035110284609680DF1070200F098F9032E06D118
S2140351206368834203D12846216800F076F901209C
S21403513002B070BDD01E009B42424241187E82429E
S21403514011D11A688A420ED85A688A420BD35A6912
S21403515001325A61D3E9030282423FBF986840F89E
S214035160221001321A610120704710B5032A029CEF
S21403517007D1A26A5340626C5242134201D100F037
S2140351804CF9012010BD08B5C36800209847BDE858
S2140351900840D4F775BB012814BF0420022070B55D
S2140351A0002442431C70CC7D101D02F002024CB951
S2140351B01AB1012220F003001A7000F108034868B0
S2140351C0184470BD1AB1012220F003001A700023A0
S2140351D00C7E01F12005DAB2A24201D30020F0E7EB
S2140351E035F833205E1C824206D901EBC30300F177
S2140351F00802D8691044E4E73346801AEBE773B530
S214035200054690F842601C4630460DF10303FFF74F
S214035210C2FFEB6B012E5B690DD1324601A998479D
S2140352209DF8033013B1BDF806300193BDF8043082
S214035230236002B070BD0122214602B0BDE8704073
S2140352401847F0B5054600244868EB6B87B00E4652
S21403525001225B69029402A908309847274695F80D
S2140352604230012B40F0AC80632C00F2AB80612C03
S21403527008D805AB224631462846FFF7C0FF9DF8FF
S21403528014305BB305AB2246314628468DF81070C2
S214035290FFF7B5FF95F84230012B059B7FD14FF6FC
S2140352A0FF72934256D0082205A904A800F063FAB9
S2140352B0059B9DF81010C3F3072291424AD1DBB237
S2140352C0029A1A44029245E0DCD005AB22463146E8
S2140352D02846FFF794FFBDF81430D2E795F842301E
S2140352E0012B39D1612C2ED822463146284603ABF2
S2140352F0FFF785FF3146284604AB621CFFF77FFFA6
S2140353003146284605ABA21CFFF779FF1022082377
S2140353100DEB02010DF107008DF8073000F02BFAB4
S214035320102205A90DF1070000F025FA039BDAB257
S2140353304AB99DF80720B2EB132F04D1DDE90432F6
S21403534003EB0243029395F84230012B14BF01236B
S21403535002231C44013482E7302CF4D8224631461B
S214035360284603ABFFF74BFF3146284604AB621CC7
S214035370FFF745FF102320220DEB03010DF1070075
S2140353808DF8073000F0F7F9039B9AB2002ADAD1BA
S2140353909DF80720B2EB134FD5D1049BD2E7013318
S2140353A0D8D0102205A90DEB020000F0E4F9059B06
S2140353B09DF81010C3F307429142CBD19BB27FE70F
S2140353C0312C81D9029807B0F0BD13B5002401949F
S2140353D0049C0094D3F7A8FA02B010BD13B50124B9
S2140353E00194049C0094D3F79FFA02B010BD0023E7
S2140353F04FF0FF3230B544689C4202D1002303725B
S21403540030BD016801EBC30541F833206A60013300
S214035410F2E7C0E90012FFF7EABF0023F0B54568DC
S2140354209D4210D00468DF0054F8332004EBC30613
S214035430B2F1FF3F08D0C2F31302914204D14FF0FA
S214035440FF33E3517360F0BD0133E9E70023F0B5A2
S21403545045689D4202D14FF0FF300EE00468DE003F
S21403546054F83340671C09D0C4F31307B94205D177
S214035470240D1470036833445868F0BD0133E8E71D
S214035480704770B59400224605460E460AF014FA95
S214035490431C0AD058B9224631462846E6F7E6F8B2
S2140354A0002814BF3D20002070BD6E20FCE771204D
S2140354B0FAE713B5044601A8D5F760FA9DF8063057
S2140354C023804FF480736380D5F766FA606000200C
S2140354D002B010BDD5F7D6B908B5D5F7C7F9002081
S2140354E008BD10B5044644EA010313F00303084657
S2140354F009D1934201D1002010BD54F8231040F87F
S21403550023100133F5E721469200E5F7F3FEF2E7B1
S21403551010B504460AF0D4F9431C10D088B9D5F761
S2140355203BFA234620F003002044984201D1002092
S21403553010BD53F8042B0132F7D03E20F8E76E2057
S214035540F6E77120F4E7704713B5002304460146D7
S2140355501B220DF107008DF8073000F00CF92268C6
S2140355609DF80730B3EBD26F0CBF0120002002B0CA
S21403557010BD13B500230446014620220DF1070093
S2140355808DF8073000F0F7F80DF107001A22211DF9
S21403559000F0F1F862689DF80730B3EB926F0CBF2A
S2140355A00120002002B010BD0068431C5842584139
S2140355B07047006810F07E0F0CBFC0F3C160002078
S2140355C070470068C0F3D3107047006800F07F0090
S2140355D001288CBF002001207047036813F07E0F5C
S2140355E014BF042008207047036813F07E0F03D10E
S2140355F0406820F07C40704713F078001CBF03F02F
S2140356007F03D81F7047006800F07F0070470328A9
S21403561009D0022803D1C1F10201C8B2704700299C
S2140356200CBF07200020704737B5054601F10C0470
S21403563043696946012220469847BDF80030012297
S21403564001932046AB6901A9984703B030BD37B52F
S21403565001F10C0443690122694605462046984732
S2140356604FF6FF72009B99B291420DD16FF30F0371
S21403567043F4254343F0A503019301222046AB6977
S21403568001A9984703B030BD0020FBE737B50446B1
S21403569000251B22011D0DF107008DF8075000F0B1
S2140356A06AF860689DF80720B2EBD06F03D120F04C
S2140356B0784003B030BD0DF107001B2204F108014A
S2140356C08DF8075000F057F8A0689DF80730B3EB45
S2140356D0D06F01D1C043EAE74FF0FF30E9E74BF262
S2140356E09A22036810B5B2EB134F044613D19BB24C
S2140356F0012B13D1FFF7CAFF01300CD04FF6FF7210
S214035700E068B2EB104F4FEA104309D180B2C01ADB
S21403571018BF012010BD2368013303D00420F9E726
S2140357200220F7E70320F5E701288CBF00200120BD
S2140357307047033801288CBF0020012070471430BF
S21403574070472DE9F04105469846036908460E461C
S21403575017469847044638B943463A4631462846DC
S214035760D4F7FEF8044618B131462846FFF75CFF27
S2140357702046BDE8F0811F2A0B689EBF4FF0FF311D
S21403578091408B43590801F055315B1A03F03331CE
S2140357909B0803F033330B44017803EB13130A44DB
S2140357A04FF0013103F00F334B43A2EB1362027049
S2140357B0704708B507F038FEBDE808400021D4F767
S2140357C0D9B902210320D4F7D3BB7047704770477B
S2140357D0704770B5054614460E4609F054FD2B680F
S2140357E05C4034405C402C60BDE8704009F046BD28
S2140357F010B5002422B1032A0CD00360047110BD37
S21403580011F4000218BF4FF07F4221F07F43134389
S2140358100C0EF2E721F0FF03CCB2EEE730B501241D
S21403582000F5805345685C60CB784A785B0443EAAE
S21403583002230A7813438A78120402F4803213434D
S214035840C0F89830EB075CBF00F50050446030BDED
S21403585070B501260C46054600F500535E600B78CE
S214035860497803F0070343EAC103E17843EA0123D7
S214035870A178090101F030010B430367C36AA179DC
S21403588023F48B3323F4807343EA0143217909021B
S21403589001F4E0610B436179090301F480510B4382
S2140358A0C3621146FFF7BAFF05F580535E60E379DE
S2140358B003B1EE6070BD08B50A6FC96F02F0070248
S2140358C0FFF796FF08BD13B5044601A8D5F756F8AB
S2140358D0042C04D8DFE804F0061603101300002097
S2140358E002B010BD40F29C4040F2BA439DF805203A
S2140358F0012A08BF1846F3E740F6B830F0E74FF43E
S2140359001660EDE740F2E240EAE74FF050234FF42B
S21403591000321A6770474FF0B0435A6812B19A6A5A
S214035920002AFAD1704770B5054614460E4609F0AC
S214035930AAFC2B685C4034405C402C60BDE8704099
S21403594009F09CBC0122417803788A4030214B43FE
S21403595042F2100103F1A04303F570335A50704727
S21403596021FA00F2D20730B5034600F0FC040FD547
S21403597000220132D2B2042A02D14FF0FF3008E0EF
S214035980831803F00303234421FA03F5ED07F0D449
S214035990184630BD0020704700207047002070472F
S2140359A00020704701207047012070470F20704782
S2140359B0E6F776BB002307B5CDE900330123694636
S2140359C04FF0FF308DF8023004F0C8FB03B05DF8EB
S2140359D004FB0020704710B508B9212010BD00292C
S2140359E0FBD0036813F0704205D1C3F30E030B60BC
S2140359F07BB10020F2E703F05044B4F1004F05D02A
S214035A00B2F1304F02D0B2F1404FE6D103F07F033C
S214035A10EDE74368002BE0D00B60EAE737B50C46AA
S214035A20054610B9212003B030BD0029FAD0002363
S214035A3001A90193FFF7CFFF0028F4D12968019A43
S214035A4011F0704102F1030222F0030201D1226039
S214035A50E9E7AD68B1F1004FC5F38033C5F34035D0
S214035A6004D103EB450353432360DCE7B1F1204F36
S214035A7001D12B44F7E7B1F1304FFAD0B1F1404FE3
S214035A80F7D0CFE737B50C460546002800F08780E9
S214035A90002900F0848000230B60036803F0704342
S214035AA00B60C26822B1032A79D143F080630B608E
S214035AB0AB689A0149D403F08073EA680AB9002BED
S214035AC06DD1226822F0407213432360EA68032AEA
S214035AD005D12A69F62A62D962F317432360AB68B5
S214035AE01B0442BF236843F400432360EB68032B85
S214035AF01FBF23682A6862F30E0323602B68AA6815
S214035B00002B2ADB12F4C84F49D12B6803F07043ED
S214035B1003F10043B3F1804F05D2530542BF236818
S214035B2043F4806323600023284601A90193FFF70B
S214035B3052FF40B92B6813F070421FD12368019AB5
S214035B4062F30E03236003B030BD03F04073B3F17A
S214035B50407F18BF4FF00073AFE7500402F40051C4
S214035B6005D4E1B1236843F400532360CDE72368EB
S214035B7043F4804323600029C7D0F3E703F0504380
S214035B80B3F1004F05D0B2F1304F02D0B2F1404F1F
S214035B9005D1019B5A1E236862F30603D2E7212030
S214035BA0D1E738B131B101234B604FF000530020E9
S214035BB08B6070472120704737B50C46054608B9F9
S214035BC0212016E00029FBD001234B60C368A3B94C
S214035BD001A90193FFF722FF58B9019B6A699A420C
S214035BE009D32A69002AEBD0226043F00053002031
S214035BF0A36003B030BD1D20FBE7032BE0D10023D9
S214035C00F5E7436813B9416070475B685A68012A31
S214035C10FBD159607047FFF7DCBE08B5FFF7D9FE26
S214035C20002814BF6FF09200002008BD1346428878
S214035C3070B50732072A0C464FEAD20101D0A142BB
S214035C4022D146680588202218460021E5F7C2F9C6
S214035C50360A0346DEB9BCB141F20102954205D0CD
S214035C60B5F5885F02D0B5F5905F02D100205C6081
S214035C7070BDB5F5105F0DD1182C03D0202C01D0C4
S214035C80102C01D11C60F1E76FF08600F0E76FF08F
S214035C908B00EDE76FF08500EAE7F0B51C46436836
S214035CA006461B0A0F46154689B035D122462946B5
S214035CB0FFF7BCFF68B9EB1C23F00303C4E9030733
S214035CC0636145B9202200212046E5F783F96FF08A
S214035CD0860009B0F0BD014620226846E5F77AF94A
S214035CE06A4629463046FFF7A1FF0028EAD1236813
S214035CF0009A9A42E6D16368019A9A42E2D1A3686F
S214035D00029A9A42DED1A369069A9A42DAD1E369E5
S214035D10079A9A42DDD0D5E76FF08B00D9E7D5F71F
S214035D2075B9D5F78FBA70470020704700207047C3
S214035D30C3681944836853F8210030F8023B1360A4
S214035D407047012310B580F888300378044653B1B2
S214035D5000F061FA21462046D5F766FB2046BDE8EB
S214035D60104000F04DBA10BD38B50D460446D5F7C1
S214035D7043FB6B682046C4F8B032A96800F096F976
S214035D804FF0FF332046C4F8B432FFF7CDFF38BDDB
S214035D90D0F8B43210B50133044601D0002010BD4C
S214035DA000F0BCFAC4F8B4020130F7D194F8B80294
S214035DB080F00100F3E708B5D5F75AFB08BD0A786B
S214035DC001382D2A0ABF012200228918D5F7ACBB59
S214035DD007281BD8DFE800F0060A0D101315041772
S214035DE00120704700220820D5F79EBB0022102012
S214035DF0FAE700222020F7E70820FFF7E0BF10208D
S214035E00FBE72020F9E70846D5F7F0BB00207047EC
S214035E102DE9F74307280C46DDE90A7690461D462A
S214035E2008D8013806280AD8DFE800F01D27303ADC
S214035E3044574A00212850D003B0BDE8F08300221F
S214035E4020461146E5F792F83368C0B205EB8301A6
S214035E503A6845F82300013348F8221033603B685C
S214035E6001333B60E8E7002220461146E5F77EF85B
S214035E70336880B205EB8301EAE700222046114629
S214035E80E5F774F8336805EB8301E1E70022204663
S214035E901146E5F719FA336840B205EB8301D7E7F5
S214035EA0002220461146E5F70FFA336800B205EBE9
S214035EB08301CDE7002220461146E5F705FAE1E720
S214035EC0002389461E461D468DF8063019F8013F05
S214035ED07D2B06D125702D0A65703B6848F8234054
S214035EE0BDE7202BF2D006F00102013612B98DF879
S214035EF00430EBE71022002101A88DF80530E5F702
S214035F00E3F9631901359870ADB2DFE72DE9F04F79
S214035F109B46002385B08B45814688469246CDE94D
S214035F2002336BDC1A461E4619F80340212C09D8A7
S214035F301F2C04D8103C072C98BF012200E0012632
S214035F400133F1E7FF2CFBD15B4436B1013B4345FC
S214035F500ADD2B2005B0BDE8F08F62B1013B434557
S214035F60F7DC3546374602E000252F462E464545E4
S214035F7004DB0020EEE79845F3D0EAE75D453BDB1C
S214035F8019F80730202B18D109EB07035B78FF2B92
S214035F90DFD1CEB920465AF82510FFF719FF78B39C
S214035FA003AB019302AB00932046DDE90E235AF8B8
S214035FB02510FFF72DFF0135D9E7212B0ED109EB6D
S214035FC007035B78FF2BC4D1029B5AF825200E9952
S214035FD0012641F8232001330293ECE7A3F11004D2
S214035FE0072C02D91C460137D3E709EB07035B7876
S214035FF0FF2BAED1E4B2CCE70624CAE72120A9E7FB
S2140360002620A7E72DE9F04F07460E461546984685
S214036010044685B0DDF84490DDE90FAB206808B38D
S214036020DAF80020D8F800108A421BDA0E9B53F8E1
S2140360302210D1F77BFD48BBDAF800200132CAF8FC
S21403604000206268117BFE291BD10E9B106801217C
S21403605000932A464346CDE902B9CDF804A0FFF7DC
S214036060D1FF04462B7843B999F800302BB97EB19B
S21403607001233C4689F800302B70204605B0BDE866
S214036080F08F01238BF800302B70EBE70C34C5E759
S2140360903446F2E710B50446236803B910BD237AE5
S2140360A013B92046D5F7D8FA0C34F5E710B541B145
S2140360B00A7932B901249C300C71FEF73DFE204666
S2140360C010BD0020FCE72DE9F041BAB005460AAA48
S2140360D0084603A900F05FF90446B0B90DF10A03B8
S2140360E001930DF10B038DF80A0000930AAA2846C4
S2140360F004AB03A9D5F760FC9DF80A20B2B19DF85E
S2140361000B2048B12AB1D5F7A7FA20463AB0BDE826
S214036110F081FFF7BFFFF8E7D5F89C50002DF4D0C9
S214036120A86808B1FFF7B6FF2D68F7E700B346681F
S2140361301AAB06F10C082AAF01934046049B039959
S21403614000970AAAFFF7E2FE04460028DDD1039B68
S21403615005A8CDE90637049B0595CDE90838D6F79B
S214036160F3FE05A83368984705A800F03FFDCCE783
S2140361702D24CAE710B50446AC30E4F727FE04F135
S214036180AB031A180020934200D110BD13F8011F69
S2140361900029FAD00A2908BF0130F4E70023F0B536
S2140361A00B6013600646D0F8AC0278B196F8AC00E4
S2140361B060B1012406F1AC07D6F8AC02844210D3D2
S2140361C006F1AC00B3F5007F10D30120F0BD0D68D7
S2140361D001350D60156801351560F85C01330A2832
S2140361E002D0B3F5007FF2D30134E5E7C15C0A2998
S2140361F0EBD00029E9D01168013301311160E1E7E2
S21403620010B50021D0F88C200446E4F7E3FE002303
S214036210C4E9243310BD73B5044600F1AC058021F0
S2140362202046FEF79EFD4FF4007106462846FEF70D
S21403623098FD0136C0F50070864220461FD8E4F765
S214036240C5FD06462846E4F7C1FD01362946421C2D
S214036250A819E4F711FF2046E4F7B8FD21460246E5
S2140362602846E5F747F82046E4F7B0FD0A2320441E
S21403627080F8AC300023C4F8AC3202B070BDFFF730
S21403628079FF01AAC4F8AC0269462046FFF786FFE9
S2140362900022009B234483F8AC20C0E773B50D4669
S2140362A00446FFF767FF6B1C19D1D4F8AC3213B161
S2140362B0013BC4F8AC3200252046E4F787FDA8422C
S2140362C015D82046FFF79CFFD4F8AC322BB16946AD
S2140362D0204601AAFFF762FFA0B902B070BD012DE8
S2140362E0FBD1D4F8AC328342F7D20133E1E708207E
S2140362F000F023F8202000F020F8082000F01DF816
S2140363000135D9E7009D04F1AC06019BAB42E4D905
S214036310715D2046D5F77EFC0135F6E707B500200C
S2140363200DF1070100F0E7F820B99DF8070003B068
S2140363305DF804FB4FF0FF30F9E710B5C1B2044631
S214036340002000F0C8F800280CBF20464FF0FF30AE
S21403635010BD0FB407B504AA52F8041B002001921F
S214036360D5F7F4FD002003B05DF804EB04B07047E6
S21403637010B54C1C0B460119045D222C03D07B2C54
S21403638001D05C2C05D1D21A1844E4F775FE01201F
S21403639010BD0020FCE72DE9F047054691468846E8
S2140363A0E4F714FD2A4606461346197801322029D7
S2140363B0FAD0C9F800305C1B01236FF0404AC8F8D6
S2140363C00030A64201D8002014E02F5D29197B2F48
S2140363D012D0222F2ED1D8F80030621C53442A4400
S2140363E049F82320012C09D911F8013C13F0DF0FDB
S2140363F004D02120BDE8F0877D27F3E701342B5D29
S214036400BB4209D12B195B7813F0DF03F1D1222F9E
S21403641000D12B550134D4E75C2B07D132462146F5
S2140364202846FFF7A5FF0028E3D0013E0134A64225
S214036430E5D8DEE75C2F08D1324621462846FFF72B
S21403644097FF0028D5D0013EE4E7202FE2D10022B3
S214036450631CB3420A70DDD2EA18EB5C202BD9D05A
S214036460D8F800300F2B05DC49F823200133C8F891
S2140364700030CFE71E20BDE700F000B800207047CD
S214036480D1F742BB70B50C46154610B9D5F752FD89
S21403649038B143682BB12A462146BDE870400068F0
S2140364A01847232070BDF7B50D4616461C4638B967
S2140364B0D5F740FD04B901AC20B9232003B0F0BDE5
S2140364C003B901ACC768002FF7D0234632462946E6
S2140364D00068B847F2E707B501228DF807100DF1FB
S2140364E00701FFF7CFFF03B05DF804FB0B46014639
S2140364F01846FFF7F0BF00230122FFF7D4BF08B505
S21403650008F0BCFFFA23B0FBF3F080B208BD04200A
S214036510704740F20160D5F703BE7047012070470D
S2140365200020704749BA89B280EA0103C3F3031215
S2140365305340180380B258405B0103F4FF5358409E
S214036540704708B5D6F7B8F958B1A0F15903042B2C
S21403655006D8042B04D8DFE803F00404040304007D
S2140365605C2008BDD6F700BB7047F8B50C468D18FF
S214036570073552421540A5F108070646384600F08F
S214036580DFF9A188381B628801EBE00189B2A2EB30
S214036590E00225F8041C25F8062CA288C310AAB12D
S2140365A0A4EBC202B2F802C0D18003EB0C01518007
S2140365B0E28892B1D31A9BB204EBC20425F8023CDC
S2140365C0A380B3680344B3603846F8BD15F8082CB7
S2140365D042F0020205F8082CEAE725F8022CF0E759
S2140365E02DE9F04F4FF0000887B09946531C109BD7
S2140365F00546174614BF14460824CDF81480002B0E
S21403660000F0C580C3F80080002900F0C28042680D
S2140366108A4240F2BE80073121F0070608F040FEAA
S21403662005AACDE9008282463A464B4631462846BD
S21403663000F08AF9059F834607B130B9504608F043
S2140366402AFE192007B0BDE8F08FB7F80280296943
S2140366504FEAC802C0EBC8080139B8F1270F296111
S2140366607AD9B9F1000F51D1864206F1080848D00D
S214036670224639462846FFF778FF04460590059BD1
S2140366809844404600F05CF9059906F10F004A88E5
S214036690C308A2EBD002A8F80220CA88A8F80430E0
S2140366A0002A30D0D31A9BB201EBC202A8F80630F8
S2140366B093808B88F608A380B8F804303A46E380C4
S2140366C0414600232846668000F0A6F9AB680833E7
S2140366D0AB60237843F0010323702B6901332B61EE
S2140366E06288AB68504603EBC203EA68AB6093422A
S2140366F088BFEB6008F0CFFD109B083400201C60B9
S214036700A0E73C46BBE7A8F80620D2E707EB080459
S2140367102046039200F014F90BF10703DB080599F2
S214036720638008F10703DB08A380CB8893B1DB0003
S214036730039AD81D821A5A44C2F3CF020B44E2804E
S2140367409A80A38808F1FF384FEAD808A1F8028098
S214036750CB80BBE7E380F4E7B9F1010F1BD107F168
S2140367600803B3FBF4F204FB1233B3B122463946F3
S2140367702846FFF7FAFE044623783A4643F0010319
S214036780237021460123284600F046F9A8E7222075
S21403679058E7212056E78642E8D13C46ECE707B5A2
S2140367A000224FF0FF3101AB0192D5F73DFE019871
S2140367B003B05DF804FB2DE9F74F04460D460029A8
S2140367C000F0AB80D0E9056808F06AFD15F8087C90
S2140367D035F8061CFB07009000D531B9009808F081
S2140367E05AFD012003B0BDE8F08FA368D4F81090DB
S2140367F035F804ECA3EBC10B09F10103A5F1080C72
S2140368004A1CC4F808B02361BEF1000F7BD0ACEB82
S214036810CE03D888B3F802A00190187807F00207D1
S214036820C00765D4002F64D10198A0EB0A07012F97
S21403683069D18A1CABF108075244C4F81090A760CC
S21403684035F802ECBEF1000F61D0D4E900700CEB12
S214036850CE0A07EB0009CA4559D21CF83EC0574674
S2140368601CF0010C15D1AEEB0101012911D1BAF8C8
S2140368700210AAF802C001310A44BAF80610002929
S21403688043D00AEBC107216901392161A1680839A0
S214036890A16015F8081C013A21F0010105F8081C4F
S2140368A0002125F8061C5A801A7861F300021A7034
S2140368B07FB3C3F107023A44C2F3CF02DA80BA8049
S2140368C04EB3B34227D37288002A08BF1E46B8F1D8
S2140368D0000F06D0434504D8B8F80220002A18BF94
S2140368E043460098C4E9056308F0D5FC002079E721
S2140368F04FB115F8087C724427F0020705F8087CA8
S21403690000279F809CE763469AE70F46BBE700276E
S214036910BFE7DF80D4E71E46D9E7222062E710B53B
S2140369200446D5F799FD2146BDE81040FFF743BF5F
S214036930FFF7F5BF0846FFF732BF0846FFF7F8BF75
S2140369400023036043607047F0B5D0E90554561C36
S21403695008BF0822002B4FF0000008BF2C46DDF8C6
S21403696018C0CCF80000002C37D09DF8147065884A
S214036970FF0007EBC505C2F1000E2078C00708D557
S2140369801BBBE088A0B104EBC004658807EBC50514
S214036990F3E78D42F4D363B904F10806B6FBF2F0CD
S2140369A002FB106670180EB1A842EAD8CCF8004075
S2140369B0F0BD082A0FD06088013004EBC000461AE9
S2140369C006EA0E06801B8542F0D2A0880028EFD088
S2140369D0A4EBC004D9E70846E8E72046E8E7034601
S2140369E00069C0B10AB951B91A6810460378DB07C3
S2140369F011D531B9C3885BB100EBC300F6E79A69DA
S214036A00F3E7012904D1838823B1A0EBC300EDE7A4
S214036A1000207047184670472DE9F041D0E9055429
S214036A20074688461646ABB1954200D00ABB424697
S214036A3000213846FFF7D3FFB442054600D02EB9EF
S214036A40424601213846FFF7CAFF0446C7E9055404
S214036A50BDE8F081954208D08D4228BF0D46B4426A
S214036A6005D0444538BF4446F0E70D46F7E74446AD
S214036A70ECE79442EAD1E3E770B500261C46C3E987
S214036A800001C3E90266C3E905001E611A775E6268
S214036A90FFF756FF23690139C90801334180236193
S214036AA0A36830460833A360E3680833E36070BD29
S214036AB0002307B5684600938DF80430D3F748FCE7
S214036AC003B05DF804FB10B508F0DDFB044606F0E2
S214036AD03DFD2046BDE8104008F0D0BB70474FF49C
S214036AE0C870D5F719BDD5F7CBBD00F01CB87047F5
S214036AF0704708B503F07BF903F083F903F08AF9CE
S214036B0003F099F9BDE8084003F0A8B9704708B543
S214036B1003F068F903F067F903F066F903F066F922
S214036B20FFF7F4FF08BD08B503F099F903F098F9E9
S214036B3003F098F9BDE8084003F09BB970470120BD
S214036B4070472DE9F34112F001050446884622D129
S214036B5010F0030525D12F465208BA4209D1D3F7C0
S214036B6085FE0026B74204EB860008D1D3F78AFEDB
S214036B7011E054F8273001330CD10137EDE7042236
S214036B8058F826300DEB0201019308F095FE30B15C
S214036B90D3F778FE3D25284602B0BDE8F0810136DE
S214036BA0E0E70125F7E77047B0F1006F0FD300F079
S214036BB07843B3F1006F0CD000F06040B0F1404F63
S214036BC009D0B0F1604F14BF0420032070470020A3
S214036BD070470120704702207047002070471AB1A3
S214036BE011B180B2D5F7C0BF2120704701F094BE23
S214036BF0DEF770BEFFF78DBCD0E9023253F82230C1
S214036C0000211878DEF7B8BA704702F0D5B901F05C
S214036C1015BEC3688268013BDBB252F823305B784B
S214036C20652B02D10020E0F7F7BD6E2B01D10120C2
S214036C30F9E7662B01D10220F5E7704710B5D0E9D6
S214036C400232044653F82230187802F09FFAE368BB
S214036C50A268013352F82330BDE81040187802F0DA
S214036C6093BA10B50446C0B2D7F74CF9200ABDE86C
S214036C701040D7F747B9D0E9023253F822301878D4
S214036C80D7F748BA02F032BADFF7C4BA08B501F04C
S214036C90F6FEBDE80840E0F7ADBCD0E9023253F893
S214036CA02230186801F0E9BE0020E0F7A9BD0120F4
S214036CB0E0F7A6BD0221D7F7C3B90321D7F7C0B9BA
S214036CC00521D7F7BDB908B501460C20D7F794F9C7
S214036CD0BDE80840D7F722B908B501460020D7F724
S214036CE08BF9BDE80840D7F719B907B5C2688368BA
S214036CF0043253F8223001211B880DF10602ADF849
S214036D0006300023D7F720FF03B05DF804FB08B571
S214036D1008F0C8FBBDE80840EDF786B810B5144682
S214036D20D8F72EFA2146BDE8104008F0B3B808B5E8
S214036D30D8F726FABDE80840002108F0ABB808B536
S214036D40D8F71EFABDE80840ECF784BB08B5D8F7B9
S214036D5017FABDE80840ECF769BB7047704708B5FB
S214036D6008F0A0FBFFF7FAFF03F0DDF8BDE80840E4
S214036D70D8F752BA7047012070470120704708B50C
S214036D80D8F7E6FA00280CBF0420012008BD704798
S214036D902DE9F34104460D4616461F46DDF82080CE
S214036DA008F018FC3B46324629462046CDF80080BC
S214036DB003F0BAF83B46324629462046CDF8008013
S214036DC0FFF7E5FF02B0BDE8F04101F0A5BD2DE9F0
S214036DD0FF4704460D4616461F46BDF830809DF80D
S214036DE03490DDF838A008F0F5FB3B4632462946DA
S214036DF02046CDE9019ACDF8008001F040F804B0B2
S214036E00BDE8F04701F088BDF8B504460D461646C2
S214036E101F4608F0DFFB3B46324629462046DDF791
S214036E20E5FE044601F078FD2046F8BD70472DE9DF
S214036E30F34104460D4616461F46BDF8208008F06B
S214036E40C9FB3B46324629462046CDF8008003F070
S214036E506EF833464246294620460097FFF7E6FF7C
S214036E6002B0BDE8F04101F057BD704708B508F021
S214036E70B1FB03F05DF8FFF7F8FFBDE8084001F04B
S214036E804BBD012070472DE9F74304460D461646D1
S214036E901F469DF8289008F09DFB3B463246294640
S214036EA02046CDF80090FFF7ECFF80463B4632467F
S214036EB029462046CDF8009003F03BF801F02CFD60
S214036EC0404603B0BDE8F083012070472DE9F74341
S214036ED004460D4616461F469DF8289008F07AFB92
S214036EE03B46324629462046CDF80090FFF7ECFF96
S214036EF080463B46324629462046CDF8009003F0AE
S214036F0019F801F009FD404603B0BDE8F083F8B573
S214036F1004460D4616461F4608F05CFB3B463246C3
S214036F202946204603F007F8BDE8F84001F0F4BC14
S214036F3000207047F8B504460D46164608F04AFB8F
S214036F40324629462046FFF7F3FF074632462946D0
S214036F50204602F0F1FF01F0DFFC3846F8BD38B5F5
S214036F6004460D4608F036FB2946204602F0E5FFA8
S214036F70BDE8384001F0D0BC10B5044608F02AFB43
S214036F80204602F0DBFF2046FDF76CFBBDE8104011
S214036F9001F0C2BC704738B504460D4608F01AFB2C
S214036FA02946204602F0D9FF29462046FFF7F2FF7E
S214036FB0BDE8384001F0B0BC704770B504460D46D6
S214036FC0164608F007FB32462946204602F0C7FF5E
S214036FD0324629462046FFF7EFFFBDE8704001F032
S214036FE09BBC704738B504460D4608F0F3FA2946AD
S214036FF0204602F0B6FF29462046FFF7F2FFBDE81B
S214037000384001F089BC70472DE9F34104460D462C
S21403701016461F469DF8208008F0DCFA3B463246AB
S21403702029462046CDF8008002F09DFF3B463246B7
S21403703029462046CDF80080FFF7E5FF02B0BDE8FD
S214037040F04101F069BC704738B5054608F0C2FA4E
S214037050284600F0E1FE04460146284601F0AAFF52
S21403706001F05AFC204638BD38B504460D4602F0FA
S2140370707BFF29462046FFF7E6FF38BD704738B545
S214037080054608F0A7FA2846DEF7D0FB0446014675
S214037090284601F08DFF01F03FFC204638BD38B589
S2140370A004460D4602F061FF29462046FFF7E6FF39
S2140370B038BD704710B5044608F08CFA204602F037
S2140370C055FF2046FFF7F5FFBDE8104001F024BC4E
S2140370D0704738B504460D4608F07CFA2946204624
S2140370E002F045FF29462046FFF7F2FFBDE8384089
S2140370F001F012BC704770B504460D46164608F0FC
S21403710069FA32462946204602F032FF32462946BD
S2140371102046FFF7EFFFBDE8704001F0FDBB704768
S21403712038B504460D4608F055FA2946204602F0BF
S21403713020FF29462046FFF7F2FFBDE8384001F05E
S214037140EBBB704738B504460D4608F043FA2946AC
S214037150204602F00FFF29462046FFF7F2FFBDE860
S214037160384001F0D9BB704710B5044608F032FA30
S214037170204602F000FF2046FFF7F5FFBDE810406B
S21403718001F0CABB704710B5044608F023FA204640
S21403719002F0F2FE2046FFF7F5FFBDE8104001F0CF
S2140371A0BBBB7047704770B504460D46164608F0DD
S2140371B011FA32462946204602F0E1FE32462946B7
S2140371C02046FFF7EFFFBDE8704001F0A5BB704710
S2140371D010B5044608F0FEF9204602F0D1FE20461C
S2140371E0FFF7F5FFBDE8104001F096BB704738B5D2
S2140371F004460D4608F0EEF92946204602F0C1FE85
S21403720029462046FFF7F2FFBDE8384001F084BB6D
S2140372107047F8B504460D4616461F4608F0DAF9D9
S2140372203B4632462946204602F0ADFE3B463246F2
S21403723029462046FFF7ECFFBDE8F84001F06CBB9B
S214037240704770B504460D46164608F0C3F9324635
S2140372502946204602F098FE324629462046FFF786
S214037260EFFFBDE8704001F057BB70472DE9F341CF
S21403727004460D4616461F46DDF8208008F0AAF998
S2140372803B46324629462046CDF8008002F07DFE76
S2140372903B46324629462046CDF80080FFF7E5FFF9
S2140372A002B0BDE8F04101F037BB0E2070470E2058
S2140372B0704738B5044608F08DF92046FFF7F7FF08
S2140372C00546204602F062FE2046FFF7EEFF01F079
S2140372D023FB284638BD704710B5044608F07AF9F4
S2140372E0204602F054FE2046FFF7F5FFBDE81040A7
S2140372F001F012BB002070470020704738B50446E3
S21403730008F068F92046FFF7F7FF0546204602F027
S2140373103FFE2046FFF7EEFF01F0FEFA284638BD93
S214037320704708B508F056F902F033FEFFF7F8FF8A
S214037330BDE8084001F0F0BA002070477047704778
S21403734008B5D8F7D7F800280CBF0420012008BDDD
S21403735070470B68DA7B1AB9DB7C0BB9D8F7EEB843
S2140373608120704708B5D8F701F9BDE80840D8F77B
S2140373700BB97047D8F7FAB8D8F706B9082808D86B
S2140373804FF48B73C34013F0010F0CBF2120002072
S2140373907047212070470121D8F7E8B90221D8F7B2
S2140373A0E5B90421D8F7E2B90821D8F7DFB91021E7
S2140373B0D8F7DCB901207047D0E9023253F82230FF
S2140373C01878D8F77FBB0868C37B1BB9C37C0BB997
S2140373D0D8F7A8BB81207047D0E9023253F8223091
S2140373E01878D8F7E1BB704730B50546044615F85C
S2140373F0100B85B0029565691D44CDE900250B4643
S214037400A21D618801F036FE05B030BD704710B48A
S21403741092F80A4192F8053103EB04230B8100230B
S2140374205DF8044B1A4601F023BE1FB50446084612
S21403743071B12178FF290BD0238B029363690193E3
S214037440237C00936288A31DDEF70CFAFF232370C8
S21403745004B010BD0868C37B73B9C37C032B0BD879
S214037460DFE803F002080406D8F79EBED8F7CEBEC0
S214037470D8F7FEBED8F7ACBE81207047704770477A
S21403748000207047137810B5032B0CD15479CBB278
S2140374909C4208D19379B3EB112F04D153781B1A6E
S2140374A05842584110BD0020FCE77FB505460E46FE
S2140374B000246946E0B201F083FD28B96A463146E6
S2140374C02846FFF7DFFF18B90134202CF1D100203E
S2140374D004B070BDFFF7E9BF0868C37B9BB9C37CE4
S2140374E0052B10D8DFE803F0030D070B0905D8F7C3
S2140374F063BFD9F79FB9D8F7F9BFD9F74BB9D9F70F
S214037500C9B8D8F79BBF812070470020704730B5B5
S214037510102587B001AA00210195FEF709FC044651
S2140375202A46002102A8E3F755FD2A46214602A86B
S214037530E3F7A2FD012102A8D9F75AFB07B030BD35
S214037540D9F7E8BA7047FFF7FDBF0B68DA7B5AB97D
S214037550DB7C012B04D0022B04D02BB9D9F76CBFEC
S214037560D9F776BFD9F780BF81207047002307B5C8
S214037570012101A80193D0F71FF908B9CFF758FFE7
S214037580012003B05DF804FB08B502F06EFA052887
S21403759003D0003818BF012008BD0220FCE770475F
S2140375A0D0E9023253F822301878003818BF012089
S2140375B0DBF7DABADBF7DEBA002070470020704745
S2140375C07047FF207047FF20704700207047002059
S2140375D0704700207047704706207047DAF782BD71
S2140375E00868DBF75BBA70B50D46044600212846EB
S2140375F0164601F076F9324620800221284601F02D
S21403760070F9324660800421284601F067F90023AA
S214037610A360E3606060082070BD034641B1814209
S2140376204FF0640005D94343B3FBF1F0C0B2704793
S21403763008467047DBF7ACBADCF7A2B8DCF7AAB9A2
S214037640B0F5807F05D0A0F500735842584140013D
S21403765070470820704730B599B00D466946144602
S214037660DCF7FCF830B915B1BDF802302B600CB16D
S2140376700D9B236019B030BD2DE9F04788B00E4648
S214037680904604A905AA07461D46FFF7E4FF0446ED
S21403769038BB28800DF10C09DDE904A39A4520D2F6
S2140376A0062251463846CDF8009006ABDCF7F2F8D2
S2140376B0D8B9039B062B18D12A88DDF81A30424521
S2140376C00ED2BDF8181026F832102A8806EBC2022E
S2140376D053602A885344013206332A800493DBE737
S2140376E0F7D9204608B0BDE8F0870124F9E72DE96D
S2140376F0F0438FB00F46904601A9002204469946F0
S214037700FFF7A9FF18B101200FB0BDE8F0830622EA
S21403771020460DF1020302A9FFF7AEFF0028F2D1BF
S21403772005460246BDF80210019CEEB28E42EAD22E
S2140377300EAB03EBC60656F82C3C36F8306C063414
S214037740BE4217BFE418012213460022013522B1B8
S214037750C8F80040C9F80030D6E71A46E5E770B522
S2140377600024012602F05BF9E5B2C26806FA05F5C5
S2140377709542234604F10104F4D3D8B270BD70B524
S21403778086B0DBF7B9FE00F11006E1F7ADFA002488
S2140377900546142201A9301902F048F91CB99DF8D0
S2140377A00430FF2B16D0002303F118026A4412F8A4
S2140377B0142CFF2A06D11C44601E90FBF5F080B201
S2140377C006B070BD2B44DBB2132BEDD91434B4F5DD
S2140377D0826FDED14FF0FF30F2E7DBF7C3BC07B5AD
S2140377E004220DEB020102F021F9019803B05DF8C3
S2140377F004FB37B5054608460C46FFF7F0FFA842DC
S21403780006D0042220460DEB02010195E1F7BEFAED
S21403781003B030BD07B50B46009200210246012097
S214037820DBF732FD03B05DF804FB08B50121DBF797
S21403783063FCBDE80840E1F755BCDBF7A1BF08B51C
S214037840FFF7F3FF002008BD08B513460A460146B6
S2140378501846DBF7ADFD80F00100C0B208BD00207E
S2140378607047704708B1DCF7ABB8704730B4DDE952
S21403787002451DB1029430BC00F0C6B930BC704757
S2140378801F2804D8142200F5A030D5F737BA70475E
S2140378901F2804D8142200F5A030D5F75BBA70472A
S2140378A0152808B505D1FFF7DCFFBDE80840DCF76F
S2140378B0CDB908BD10B5142486B02246002101A810
S2140378C0E3F788FB2023224601A94FF4A03001F0FA
S2140378D095FC06B010BD0020704713B500230C4678
S2140378E01A460146CDE90033E0B2DCF773FF02B077
S2140378F010BD13B500231446019001220093E0B295
S214037900DCF768FF02B010BDD0E9023253F822302C
S2140379101868DDF7D7B8194491420ADC42180020EC
S21403792003B9704712F8011D013B01EB0020DBB2DF
S214037930F6E7002070472DE9F04F4FF0000A85B0B8
S214037940019381460F4615465346019A11785FFA0E
S2140379508AF2914203D8002005B0BDE8F08F019962
S21403796009EB050801EB4202517892F802B011F0D8
S2140379704004009101F03F061BD0AC19BC42D4BFB3
S2140379800024012433466400A20740F18880009B4C
S2140379901B0640F192800E9B324603EB0B00002140
S2140379A0E3F718FB3D4600231D44ADB20AF1010A76
S2140379B0CBE7042E07D866B1B31E022B0BD8DFE83D
S2140379C003F0122130003E2E37D03F2E5BD03D2EE3
S2140379D04BD00320C0E7BD4234BF00240124012658
S2140379E064003346D0E7AB1CBB4250DC02233A4666
S2140379F029464846FFF78FFFADF80A0002230DF12C
S214037A000A08C1E7EB1CBB4243DC03233A4629467C
S214037A104846FFF780FF0390042603230DF10C0866
S214037A20B2E72B1DBB4236DC04233A4629464846BA
S214037A30FFF771FF03900423F0E77A1E95422CDAD2
S214037A4002233A4629464846FFF765FF4FF6FF737B
S214037A5080B298420EBF0223023083B25C19A7425B
S214037A60B4BF0324012404268EE7BD4215D298F83A
S214037A700030FF2B0CBF01230133EC18BC42CCBFF4
S214037A8003240124EFE70124042600237CE734467D
S214037A90B4E70224C0E70224CDE70324E3E70E9A03
S214037AA002EB0B0014B142F80B807DE732464146E9
S214037AB00093E3F71FFC009B76E702204CE710B524
S214037AC0144686B018811A460A9B0291CDE90343F1
S214037AD001230193099B014600930320BDF8203040
S214037AE0DDF70EF906B010BD1FB500240294079CFF
S214037AF00194BDF818400094FFF7E1FF04B010BDF1
S214037B002DE9F0410E461746054686B098B391B365
S214037B108AB34FF0000802A95FFA88F001F050FA22
S214037B20044640B99DF80830032B08D008F1010835
S214037B30B8F1200FEFD1204606B0BDE8F0819DF8DE
S214037B4009202B799A42F1D1BDF80A206B889A4214
S214037B50ECD19DF80C30BDF80D006B7128812B46D7
S214037B6022464FF6FF71CDE90067FFF7BDFF0028F9
S214037B70DCD00446DFE72124DDE710B586B00A9C97
S214037B8004949DF824400394BDF8204002940124F5
S214037B90CDE9003413460A4601460620DDF7B0F861
S214037BA006B010BD1FB504460846194600230094C8
S214037BB0CDE90123079BBDF81820FFF7DEFF04B0CD
S214037BC010BDF0B5022805460E4614461F468BB078
S214037BD00AD106A9F0B201F0F3F998B99DF8193065
S214037BE023719DF81C306371119B22460493002376
S214037BF0CDE902330193109B3146009328463B465A
S214037C00DDF77EF80BB0F0BD13B500240194049C99
S214037C100094FFF7D6FF02B010BD2DE9F0450646E7
S214037C20884614469A46002701258BB006A9F8B263
S214037C3001F0C6F920BB9DF81830012B19D19DF829
S214037C40192033799A4214D1BDF81A2073889A42C0
S214037C500FD19DF81C3032467371B9B2CDE9030AD1
S214037C60CDE90100434602200094DDF749F80546B6
S214037C7010B90137202FD9D128460BB0BDE8F085BF
S214037C800546F9E70023FFF7C8BF10B50446DDF73E
S214037C9015FE0021631E04F10F0213F8010FFF28DF
S214037CA008BF19709342F8D10023237410BD002037
S214037CB0704770B506461D46DDF774FC044608B9E2
S214037CC0212070BD3046DDF73BFF0028F8D0A068C2
S214037CD02A46FF21FFF722F89DF810300020637133
S214037CE09DF81430A371ECE713B59DF81040CDE969
S214037CF0003413460122FFF7DCFF02B010BD08B5BF
S214037D00DDF750FC28B18068FF21FFF718F8002044
S214037D1008BD2120FCE70122FFF7F1BF1FB50B4684
S214037D206A460146184601F041F96A4608230020D0
S214037D3032F8021B013B13F0FF0380EA0100F7D180
S214037D40012838BF012080B205B05DF804FB2DE999
S214037D50F04F87B0DDE9109B05468846484619462E
S214037D601F461446BDF848609DF84CA0FFF7D6FFA3
S214037D70042D0346ABF800001AD8022D1DD9042D96
S214037D8007D04FF2F222A188914222D1E2889107CE
S214037D901FD5E17A0022CDE9013720463346CDE9E7
S214037DA00392CDF800A001F056F907B0BDE8F08FB6
S214037DB06A1F012A11D92120F7E700224146CDE99F
S214037DC0119228462246109707B0BDE8F04F01F0FF
S214037DD051B94FF6FF760C21DCE7052D0ED10023B3
S214037DE0E17A0022CDE90137CDE9039200912346DB
S214037DF052464146304601F021F9D6E74FF2F222C9
S214037E00A188914204D1E288920701D5E17AE8E796
S214037E104FF6FF760C21E4E7F0B585B00546DDF7AF
S214037E2081F848B16B88B3F5006F05D1681D05B0BE
S214037E30BDE8F04000F0EFBC284600F003FD044622
S214037E40C8B9E7B26946384601F0BAF878B99DF87A
S214037E50006066B92946384601F0B6F820B140F608
S214037E600443984207D08C26304605B0F0BD013453
S214037E70202CE6D1F7E78D26F6E7DDF739BA2DE9AC
S214037E80FF4704460D460146184617461E46BDF8EC
S214037E9030809DF83490DDF838A0D7F7C5FFD0B909
S214037EA02146284601F036F933463A462946204607
S214037EB0CDE9019ACDF80080DDF7BEFA33463A469F
S214037EC029462046CDE90D9ACDF8308004B0BDE8AA
S214037ED0F04702F02BB804B0BDE8F087DDF756BCD8
S214037EE0DDF70EBCDDF732BC10B5044601F01EF913
S214037EF0082201462046BDE81040E3F7BDB801F06E
S214037F0017B9002101F014B901F026B90020704713
S214037F1020207047EAF748BFEAF792BFEDF734BC74
S214037F207047DDF77FBD70B506460C46154600F074
S214037F304CF850B13CB135B1204600F0D8FC0130C6
S214037F4080B2A84200D9002070BD304600F043F846
S214037F5040B1002CF7D0012DF5D9204600F0CCFC1B
S214037F600230EDE73046DDF7BDFCEAE7F8B5BDF8CD
S214037F70185010B3967855B9D478A6F14107012F57
S214037F8007D8621ED2B200F0D1FD0020F8BD2C4601
S214037F90F3E7433E012E04D8A21E92B200F0DEFDA4
S214037FA0F3E7D27813B90DB1AA4206D811B9E3F7AD
S214037FB011F8EAE7E3F760F8E7E78920E6E74138F0
S214037FC003288CBF002001207047413801288CBF4E
S214037FD0002001207047433801288CBF0020012071
S214037FE0704700207047002070470388B3F57C4F26
S214037FF001D3FFF7F8BF0846FFF7F3BF10B54A886B
S2140380000488A2420DD1037B0C79234009D0B2F534
S2140380107C4F08D3FFF7E7FF0B891B1A58425841DA
S21403802010BD0020FCE70120FAE738B50D88D48898
S214038030A5420AD10388B3F57C4F08D2FFF7D5FFD4
S21403804013891B1A5842584138BD0020FCE701200B
S214038050FAE72DE9F04715460446B8B149B1EAB147
S21403806000264FF0140AB04690F80490F3B29945F0
S21403807001D800240AE027680AFB06773846FFF78C
S214038080BDFF013628B13C46A5F800802046BDE872
S214038090F0877B8943441FFA83F8E7E71446F5E73E
S2140380A02DE9F0470E4615460446B8B149B112B35A
S2140380B000274FF00C0AB846B0F80890BBB29945B3
S2140380C001D800240AE06368324620460AFB0731DB
S2140380D0FFF7ABFF28B10C46A5F800802046BDE8A5
S2140380E0F0870B79013713F0300F02BFCB78434488
S2140380F01FFA83F8E2E71446F0E72DE9F04186B06D
S2140381000D461446984604AA05AB03A90646DDF7B2
S214038110BFFC40B30DB1049B2B6034B3049D03989E
S2140381202946FFF762FF2B88074602467188307898
S21403813000F050FBD8B1297911F010030BD0EB787F
S2140381402A46CDE900433B4671883078FCF776FA39
S21403815006B0BDE8F0812A4620460599CDF8008092
S214038160FFF704FFF4E78620F2E72046F0E77E20D9
S214038170EEE71FB51C460023ADF80A20BDF818200D
S2140381808DF80400ADF80610ADF80C2069461A46C3
S21403819001A800938DF80840FFF7AFFF009804B0DE
S2140381A010BDF0B587B00E4605AB04AA03A9044676
S2140381B0DDF76EFC08B3049D03982946FFF715FF09
S2140381C02B88074602466188207800F005FBB0B18D
S2140381D0297911F0100108D000963B462A4661889B
S2140381E02078CDF777FF07B0F0BD009101232A462C
S2140381F031460598FFF7BAFEF5E78620F3E77E20BB
S214038200F1E72DE9F041064600254FF014080779FB
S214038210E8B2874201D800241AE008FB05F0D6F836
S21403822000C00CEB00043CF8000081421AD132B1C6
S214038230802A10D194F90CC0BCF1000F12DAB0F505
S2140382407C4F05D32046FFF7CEFE834200D04BB9C2
S2140382502046BDE8F081402A04D194F80CC01CF0F7
S214038260400FECD10135D3E70121DDF74DBB08B54F
S21403827013460022DDF776FC003818BF012008BD40
S21403828008B513464022DDF76DFC003818BF012001
S21403829008BD08B513468022DDF764FC003818BF16
S2140382A0012008BD08B540220023DDF75BFC00383B
S2140382B018BF012008BD08B580220023DDF752FC55
S2140382C0003818BF012008BD0023DDF74BBC002192
S2140382D0DDF7B8BC10B504460121DDF7B3FC204634
S2140382E0BDE8104001F056BE7047F8B516461F4667
S2140382F09DF81820BDF81C300546DDF733FC78B131
S2140383000421DDF71DFD044650B1284600F010FB9E
S2140383103A4631462846A047BDE8F84000F0FCBA86
S214038320F8BD2DE9F74F1E46DDE90C9B0746884648
S2140383301446BDF838302AB3B9F1000F22D00EB375
S21403834092F804A099F80020504612F0080F0CBFCC
S214038350802240226188DDF705FC98B10821DDF70D
S214038360EFFC054670B1504600F0E2FA334622466B
S21403837041463846CDE9009BA84703B0BDE8F04F19
S21403838000F0CABA03B0BDE8F08FF8B5BDF81870B0
S21403839016461A463B460446DDF7E4FBE0B177B9DA
S2140383A00221DDF7CDFC0546B0B1204600F0C0FA49
S2140383B031462046A847BDE8F84000F0ADBA102184
S2140383C0DDF7BEFC054638B1204600F0B1FA3A4662
S2140383D031462046A847EEE7F8BD73B5BDF818400A
S2140383E016461A4623460546DDF7BCFBB8B1C4B9A4
S2140383F02021DDF7A5FC044670B1284600F098FA64
S214038400099B3146009328469DF820309DF81C2092
S214038410A047044600F080FA204602B070BD8624CA
S214038420FAE70024F8E72DE9F04186680446007869
S21403843000F07EFA002514273279EBB29A4203D86D
S214038440BDE8F04100F068BA7B4332682078D15A21
S21403845002EB030800F0C2F901214046DDF770FC89
S214038460034608B1207898470135E5E72DE9F04F34
S2140384701C4689B09DF84C30BDF8488001939DF8A2
S2140384805030924602932246434607460D46DDF792
S21403849069FB8DF814700646ADF816508DF8184033
S2140384A0ADF81AA0ADF81C8018B9012009B0BDE8D4
S2140384B0F08F05A9FFF7A2FD0028F6D000252F466A
S2140384C0A8462C4634E00C231FFA85F903FB09F96A
S2140384D031887368B1F57C4F33F8092003EB090B39
S2140384E01AD333F8090050452CD3019BA3422DD948
S2140384F000F0BAF99BF80200DEF7CEF8029B43B110
S2140385009BF8043013F0010F0CBF05200720DEF79D
S214038510C3F80134A4B219E0ADF81A205946304620
S21403852005AA0393FFF781FD039B0028D9D10135E4
S2140385303289ABB29A42C6D804EB0800C31B584232
S2140385405841B3E708F101081FFA88F80137BFB2AC
S214038550EDE710B5012488B006949DF83C400594D9
S2140385609DF8384004949DF8344003949DF83040B9
S21403857002940B9C0194BDF828400094DDF724FD7B
S21403858008B010BD2DE9F04786B0BDF83880DDF899
S2140385903C909DF840A0CDF80080CDE9019A0446B2
S2140385A00D4616461F4600F013F9B8B1431EDBB25C
S2140385B0012B10D800230122811E48424841CDE9F1
S2140385C00432CDE902A03B46324629462046CDE991
S2140385D00089FFF7BEFF06B0BDE8F0870120FAE783
S2140385E030B50024012587B0CDE9044503959DF8F1
S2140385F02C5002950A9DCDE90045FFF7AAFF07B068
S21403860030BD30B50024012587B0CDE90445039578
S2140386109DF828500094CDE901354023FFF799FFD4
S21403862007B030BD10B5012486B0CDE9044400245C
S21403863003949DF828400294099C0194BDF82040B9
S2140386400094FFF786FF06B010BD1FB5089C039481
S2140386509DF81C400294069C019400240094DDF7C8
S214038660AFFD04B010BD70472DE9F84F0229074649
S21403867088460C9D04D84FF0000A5046BDE8F88F94
S2140386801BB10429F7D942F004023A702BB3032432
S2140386907B701B0ABB70DFF7A9F84FF000099DF843
S2140386A02830385504F1020A01343B550B9A5FFA19
S2140386B089F3D45C002CE0D0732C10D82E464C2CB7
S2140386C056F804BB3DD0532C15D0622C45D1AC884C
S2140386D005F1080600231A4616E00124DBE7A4F199
S2140386E07503032BC7D8763C2E1D022C52D8DFE821
S2140386F004F0565A58006A6805F1080694B2D2B2D6
S214038700B2F1FF0318BF01230AEB0401194488459D
S214038710B1DB50461946002947D153441FFA83FA62
S2140387205CB1BBF1000FA6D0224607EB0A00594600
S214038730E2F7E0FD54441FFA84FA354609F10109CD
S214038740B4E74FF6FF736A6805F1080694B222464B
S2140387509C4214BF02230023D6E76C2C05D158464F
S21403876000F0CAF8841CA4B2B4E7732C04D15846AC
S21403877000F0BDF8441CF6E7A4F13003DAB2092A88
S21403878001D89CB2A6E7A4F14103062B3FF673AFCC
S214038790373CE8E7012300242A68A346B4E702230C
S2140387A0F9E70323F7E70423F5E700F1010C0139A2
S2140387B03A54C9B2120A1FFA8CF0ACE70020DDF770
S2140387C0F3BE0022DDF710BF0023DDF723BF70479B
S2140387D00120704701207047012070477047002032
S2140387E07047002070470020704700207047002025
S2140387F070470020704770470E2070470020704770
S2140388000020704700207047002070477047FF2005
S21403881070470E20704784207047704770470020CB
S21403882070470020704700207047002070470020E4
S2140388307047002070470020704770470E2070472F
S214038840002070470020704770470020704770472D
S2140388507047704770470E20704770470020704778
S214038860812070477047704738B50546C0B2DDF7BC
S21403887013FF0446280ADDF70FFF14B1002808BFCC
S2140388800024204638BDF8B50546C0B2DDF704FF20
S2140388900446C5F30720DDF7FFFE0746C5F307408A
S2140388A0DDF7FAFE0646280EDDF7F6FE24B12FB1F5
S2140388B036B1002808BF00242046F8BD3C46FBE737
S2140388C03446F9E710B4CC18944203DC5DF8044B45
S2140388D0FFF721B800205DF8044B70470423FFF729
S2140388E0F1BF08B50223FFF7EDFF80B208BD00789D
S2140388F0FF2808BF0020704708B502220021FFF7B3
S214038900F0FF4FF6FF73984208BF002008BD0038FB
S21403891018BF0120400070470020704708B5FFF7D6
S214038920A3FCFF284FF0FF3018BF0020C0B208BDDD
S21403893008B5FFF7F3FFFF280CBF2120002008BD72
S214038940F8B506460C4615461F4600F011F810B15A
S2140389502544AC4200D1F8BD3946304614F8012B05
S214038960DDF78CFFF5E7014600220220DDF716BF90
S2140389700120704737B50546DCF7A0F90446019594
S2140389800CB981201CE0237823B12046DCF79EF93E
S2140389900446F5E72B6862685B889A42F5D1A368BC
S2140389A0EA7B99B272B12A8A9142EED16A7DB2EB22
S2140389B0134FEAD10020E36801A998478128E4D041
S2140389C003B030BD4FF6FF72EEE72DE9F8430446D9
S2140389D00F46904699460BB3012A1FD80C20E2F7A0
S2140389E0FFFC064610B91920BDE8F8831020E2F70D
S2140389F0F7FC18B93046E2F7FBFCF4E70123002541
S214038A0047EA084770600570C0F80C9044608760BA
S214038A1033803046DCF74AF92846E5E72120E3E7CA
S214038A2038B50446436808460D469847B4F90830F7
S214038A30002B02DB2B78042B06D100232046636031
S214038A40BDE83840DEF7ACBA38BD30B54FF48A55CA
S214038A5087B0ADF816200DF116041A46029543B1F9
S214038A6000230122CDE90033234600F01EFA07B0A7
S214038A7030BD019401240094F7E7FFF7EBBEFFF740
S214038A80BDBE0020704708B500F014FB20B900F007
S214038A905BFB08B9DBF7A8FAFFF7CFFEBDE8084093
S214038AA0FFF7DBBE0020DEF7E3BE0021DEF780BF64
S214038AB00022DEF73FBF1FB5D2880B4612F0200F09
S214038AC04FF6FD7114BF49245224ADF80610510524
S214038AD044BF083CE4B2110544BF083CE4B21204A8
S214038AE044BF023CE4B2032805D8DFE800F0020FD7
S214038AF0161CADF80630BDF80600FFF788FEFF2803
S214038B001CBF241AE4B2204604B010BD02AA0DF11D
S214038B100601D8B200F08CFAEDE7D8B200F052FAAC
S214038B20ADF80600E7E7013CE4B2E4E7F8B506462D
S214038B3017460D4681B10C78FF2C0BD00846FFF77D
S214038B40D6FEB84228BF3846C4B22246691C701CFB
S214038B50E2F792FA3470F8BD0C46FBE770B50446AC
S214038B6015460E4611B94170017070BD0B78FF2B88
S214038B7005D14B78FF2B02D103704370F5E73046DF
S214038B80FFF7BAFEA84228BF284685B22A46B11C7C
S214038B90A01CE2F771FA25702D0A6570E5E7F0B5BB
S214038BA023B9013A531C2FD1002020E0042AFBD816
S214038BB000231C46551E6E1C1AD1042A10D0012110
S214038BC0D200501E01FA00F020421EBF91404942D7
S214038BD00C4318421EBF4FF0FF3101FA02F2134353
S214038BE09C421EDCB4BF4FF0FF30002040B2F0BD05
S214038BF040B1465DEF00BE4034434E5D013DBE408E
S214038C003343D8E70646F5E78C5C38B90346A342F8
S214038C1002F1FF32C6D24FF0FF30E8E7835CA3428F
S214038C20F5D90120E3E7283807288CBF0020012068
S214038C3070471D2810D004D840B11C2804D05520F6
S214038C4070471E380128FAD81A2901E00B390F2974
S214038C508CBF5520002070470829F9E70020002123
S214038C607047F7B59DF820400546082C1046194670
S214038C709DF8246036D8002213462C44AC4208D113
S214038C8006F0FD04382C0ED10096FFF7E7FF03B07D
S214038C90F0BD14F8017D1B0243EA12631202BA18F0
S214038CA043F10003EAE7392E10D107EE100A07EE68
S214038CB0902AB4EEE77AF1EE10FACCBF77EE677A35
S214038CC077EEC77A002117EE900AE0E7824273EB4D
S214038CD0010403D2801A61EB0301D8E7101A63EB91
S214038CE00101D4E700200146D1E738B5C36814462E
S214038CF01944836853F821501AB12846E2F766F8F8
S214038D002070284638BD2DE9F3411C4616460DF162
S214038D1007029DF82050FFF7E8FF9DF807308046CE
S214038D20A34288BF8DF807409DF807700DB1E41B7A
S214038D30E5B22A4600213046E2F74CF93A46414668
S214038D407019E2F799F9384602B0BDE8F0812DE9CB
S214038D50F3411D46164601AA9DF82040FCF7E8FF9E
S214038D60019B80469D4238BF0195019F04B1EC1BD1
S214038D70224600213046E2F72DF93A46414630199D
S214038D80E2F77AF9F8B202B0BDE8F08173B50024D1
S214038D90154601AA1E460194FCF7CAFF019B072B42
S214038DA00AD92146CCB216B1C4F10704E4B2425C38
S214038DB0013108292A55F5D1D8B202B070BD1FB5C6
S214038DC0030A8DF80E300323009303AB8DF80D00D2
S214038DD000F0BBF805B05DF804FB1FB58DF80F1067
S214038DE00421030A8DF80E30009103AB8DF80D00B5
S214038DF000F0ABF805B05DF804FBF0B589B0166873
S214038E009DF83C50CDF809608DF811305668BDF8D2
S214038E103830012D109FBDF84440CDF80D60ADF8F5
S214038E2012308DF8145014D0032D19D13B68CDF8A9
S214038E3015307B68CDF819309DF848308DF81D3015
S214038E4016230093BDF84C2002AB00F07EF809B061
S214038E50F0BD8DF81540240A0F238DF81640F0E771
S214038E600120F4E71FB50446084611461A460223B6
S214038E708DF80D100093214603AB00F066F804B09E
S214038E8010BD10B514461A460B6886B0CDF80D30E3
S214038E904B683421CDF811300A23009303AB8DF8C9
S214038EA0154000F052F806B010BD2DE9F041B6B0FB
S214038EB014461D4606460F469DF8F080DEF79CFFD7
S214038EC003AA8DF80C001046330A8DF80F703F0A7C
S214038ED08DF80E308DF80D602B468DF810708DF8DA
S214038EE0114005EB4405AB4202F102021FD16200BA
S214038EF0D2B2931DDBB23D99D8336B44073203F8E5
S214038F00CC8C01EB4805D3B250FA82F2A94202F1A7
S214038F10020212D103EB4803009006213046BDF847
S214038F20F820DBB2DEF772FF36B0BDE8F08133F827
S214038F30021B1171090A5171D5E731F8024B02F889
S214038F40024C240A02F8014CE0E72DE9F0411C46E6
S214038F5005460E4617469DF81880DEF74DFF20702F
S214038F6043463A46314628460694BDE8F041DEF7C6
S214038F704DBF002070477047D3F72ABA08B5E9F704
S214038F8011FA002840F6124018BF002008BD7047AB
S214038F9070477047704770477047704700207047A8
S214038FA070477047002070477047704702F066BFEF
S214038FB0FEF775B8FEF758B803F0D7BAF5F750BA08
S214038FC003F0C4BAF5F70ABAF5F772BAF5F72CBA8E
S214038FD0FEF737B9FEF71DB910B49DF804400194A7
S214038FE05DF8044BFEF710B8FEF764B8FEF771B8E9
S214038FF0F1F7F4B8F1F7F8B8EEF764BCEEF768BC2F
S214039000EAF7ECBAFEF7B0B8FEF775B8FDF7C0BEE0
S214039010FEF798B8FEF784B830B4BDF808409DF85C
S2140390200C50CDE9024530BCFDF7D1BEFDF76FBF4E
S214039030F5F7B0BBDEF73ABFF5F776BC70B49DF82C
S2140390400C40BDF810509DF814600394CDE9045607
S21403905070BCF2F7DDB870B49DF80C40BDF8105044
S2140390609DF814600394CDE9045670BCF2F710B96A
S214039070F2F7FAB910B49DF8044001945DF8044B76
S214039080F2F74AB910B49DF8044001945DF8044B16
S21403909001F0BABF01F0BABFFDF77DBFFDF78DBF84
S2140390A0FEF71AB9FDF79EBFECF71EBFEDF776BEC7
S2140390B0EDF748BEECF742BB02F051BBEDF7FAB84A
S2140390C002F0A7BBEDF786BAECF7EABDEDF76CBE88
S2140390D0EDF7E8BDEDF704BEEBF7ACB9FEF7C6B89F
S2140390E0FEF761B8FEF774B8FEF781B800F036BC39
S2140390F000F02FBCF4F76EB9F1F7BABEF4F748B92F
S214039100F4F76EBAF1F784BEEAF754BAF3F70EBB78
S214039110FFF732BFFAF72CBEFEF703B9FDF72CBFF5
S214039120FEF731B801F020BDDEF71EBEEAF76ABFD0
S214039130EAF714BB01F0DCBF01F0B3BFEAF762BB8A
S214039140EAF7B0BEEAF7DABEEAF7D0BADEF728BE29
S214039150DEF73ABEDEF712BEEAF770BADEF718BEDF
S214039160F6F776BA01F09BBF01F062BFEAF76CBA76
S214039170EAF732BFEAF7C2BA10B4BDF80440019466
S2140391805DF8044BFDF753BEDEF7BABEDEF7ACBEA2
S214039190F5F7FEBFF6F736BA03F0FABA03F000BBEC
S2140391A0F6F76EB8F6F74EBA00F06DB900F0ABB945
S2140391B000F0D3B900F0B9BA00F029BB00F092BAB8
S2140391C0DFF7B6BB00F0F0B900F01DBA00F030B818
S2140391D010B51C4601F0ECFD06F035FA0023C0F38B
S2140391E040202370400010BD002208B50B461146F0
S2140391F0FFF7EEFF023818BF012008BD00207047B6
S2140392007047B1FA81F040097047012070477047F4
S21403921070470020704770470020704770470E2045
S2140392207047012070477047012070470120704740
S21403923014220021E1F7CEBE704770B505460C46F2
S2140392408AB0252200210DF10300E1F7C3FE6B6807
S214039250CDF81D30AB68CDF82130234601AC03F1C1
S2140392601006224618685968083303C2B3421446E8
S214039270F7D101236A7B8DF8023012F0040F0CBF7E
S2140392804FF480734FF4A073110748BF43F4806311
S214039290ADF80030930748BFBDF80030684644BFBA
S2140392A043F00803ADF80030F1F7BAFA0AB070BD20
S2140392B030B5427B0D46D10704468BB007D54078C0
S2140392C001A9F1F717FBD8B12D200BB030BD9307DA
S2140392D0FAD5C2F3800310074FEA8313ADF80230C2
S2140392E044BF43F48063ADF80230BDF80220201D6E
S2140392F00AB10DF1020201A902F0DDFD0028E3D058
S21403930001AB03CB9DF81430A1602373BDF8103076
S2140393106060590642BF627B42F0040262735A05DC
S21403932042BF627B42F0080262731B0742BF637B45
S21403933043F0020363732B4606AC0AAD224603CA08
S214039340AA4218605960144603F10803F6D10020B8
S214039350BBE7F0B504460D4693B0252200210DF178
S2140393602300E1F737FE636804F1040CCDF83D30C3
S214039370A36809AECDF841302B4605F110073246F7
S21403938018685968083303C2BB421646F7D105234B
S2140393908DF82230637B5B0103F40073ADF8203055
S2140393A06378FF2B1AD1002360461A4601A900F002
S2140393B0D9F99DF80530FF2B0DD1002301A91A46D4
S2140393C0184600F0CFF99DF80530FF2B03D11C2675
S2140393D0304613B0F0BD9DF8053063700020617809
S2140393E008AA00F0B4FA06460028F1D1607801A96D
S2140393F000F03EFA2B4603AD2A4618685968083330
S21403940003C2BB421546F7D1637B6078DB0648BFD1
S2140394109DF81C3001A944BF63F07F038DF81C3010
S21403942000F03DFAD4E710B504468AB024220021A2
S21403943001A8E1F7CFFD637B590744BF4022ADF88F
S21403944010201A0742BFBDF8102042F48062ADF820
S2140394501020DB070FD5607801A9F1F74BFA10B19E
S2140394602D200AB010BD01AB03CB637B606043F0D5
S2140394700203A160637304A9201D02F01EFD0028E9
S214039480EED00020EDE71FB5694600F066F8002829
S21403949018BF2D2005B05DF804FB73B50D461446C2
S2140394A00646DEF76DFE6B881A071AD52246314646
S2140394B0102002F0E3FC2046DEF762FE6B88D90735
S2140394C017D50023224601210DF107008DF807303A
S2140394D0DFF728F96B88002B0CBF2120002002B091
S2140394E070BDDE06EAD522460821281DDFF71AF9E5
S2140394F0E1E79A0701D50223E4E75B07EAD50323EE
S214039500E0E70F2070471FB50C46694600F025F8C4
S214039510102221466846E2F7A9F8B0FA80F040091F
S21403952004B010BDB8B1B1B14388A3B90378013B09
S214039530082B10D8DFE803F00507090B0F0F0F0FF2
S2140395400D00DEF7F1BFDFF74BB8FFF776BEFFF788
S21403955000BFDFF7D9B92120704738B50D4609B3E8
S21403956000B30378013B082B1AD8DFE803F0050D98
S2140395701013191919191600DFF70EF804462846B2
S21403958002F099FE204638BDDFF74AF8F6E7FFF704
S2140395908FFEF3E7DFF77AF8F0E7DFF7BFF9EDE7DB
S2140395A02124ECE72124EDE770B586B0064601A832
S2140395B00C461546FFF73CFE04238DF804301CB119
S2140395C02068616802AB03C3294601A88DF80560CD
S2140395D0FFF7A8FF06B070BD70B586B0044601A8B5
S2140395E00D461646FFF724FE0323206861688DF8B0
S2140395F0043002AB8DF8116003C3294601A8FFF7B8
S21403960091FF06B070BD0022FFF7E6BF30B585B008
S2140396100D4669460446FFF7A0FF20B92A462146B1
S2140396206846FFF73AFF05B030BD30B5437B0446C6
S21403963013F001020D468BB007D0407801A9F1F76D
S21403964059F970B12D200BB030BD9B07FAD5ADF894
S214039650022001A90DF10202043002F02CFC0028BE
S214039660F0D000210E22A81CE1F7B4FCBDF81030A0
S2140396702B80039BAB60BDF81230AB819DF8143092
S214039680237301AB03CB6060A1600020DBE770B5FA
S214039690437B0446DB070E468AB003D42D252846B3
S2140396A00AB070BD6946407800F04DF905460028BB
S2140396B0F4D1DDF81D300E226360DDF8213001465B
S2140396C0A360637BB01C43F002036373E1F782FC81
S2140396D0BDF80030069A43F004033380059BB2605E
S2140396E07360DCE70B4610B50446102200211846CB
S2140396F0E1F770FC2278032A09D0042A0DD0022A47
S21403970011D101462046BDE81040DFF76DB901468A
S2140397102046BDE81040FFF788BF01462046BDE857
S2140397201040FFF7B4BF262010BDF8B5074608461D
S2140397300C4616461D46FFF77BFD04232370637B0A
S214039740314643F00103204667706373FFF705FF56
S21403975008B12D20F8BD29462046FFF7C3FF002891
S214039760F8D0F6E7F8B5054608460C461F461646F3
S214039770FFF75EFD0423237025B108222946E0186F
S214039780E1F77AFC637B43F0020363734EB9324618
S2140397900121284600F0E4F8FF28607007D12D2049
S2140397A0F8BD31462046FFF7D8FE0028F7D1637B85
S2140397B043F0010363730DB90020F1E7002FFBD0DC
S2140397C039462046FFF78EFFF6E7F8B50C46074600
S2140397D0084616461D46FFF72BFD0323204639464B
S2140397E000F8043B0822E1F747FC637B314643F06D
S2140397F0020320466373FFF7B0FE08B12D20F8BDC1
S21403980029462046FFF76EFF0028F8D0F6E7F8B59E
S214039810074608460C4616461D46FFF709FD032372
S2140398202370637B314643F00103204667706373FE
S214039830FFF793FE08B12D20F8BD29462046FFF713
S21403984051FF0028F8D0F6E718B18022012100F076
S21403985087B8FF207047002307B51A4619460093BA
S214039860F2F798FDB0FA80F0400903B05DF804FB08
S2140398700B4610B519220446FF211846E1F7AAFB4A
S2140398807E2C01468CBF04F5C43004F583304FF0BC
S2140398901902BDE8104088BFAD30D3F72FBA7E2833
S2140398A088BF00F5C4304FF0190294BF00F583302B
S2140398B0AD30D3F74FBA30B589B00D46FFF7C4FFC6
S2140398C0FF2804460DD001A9FFF7D2FF2868696870
S2140398D001AB03C3204601A9FFF7E1FF002009B04F
S2140398E030BD2D20FBE77047704700207047704758
S2140398F00F20704770479DF8000070470F20704791
S2140399000F207047002070470F20704700207047D5
S2140399100020704784B08DE80F00002004B0704725
S214039920002070477047704700207047704700203C
S214039930704770470020704701207047704700202B
S2140399407047012070470E207047FF2070470E2097
S21403995070470E2070470020704770470E207047F0
S214039960FF20704770477047002070477047704766
S21403997070470020704770470020704700207047EC
S21403998000207047704770470020704770470020DC
S21403999070470020704770470020704710B50024BA
S2140399A0E3B210B9C3F10303DBB20134042CCA5487
S2140399B04FEA1222F4D110BD10B50B784C788A7892
S2140399C0C97828B91046224604460846194603466F
S2140399D042EA012043EA042343EA004010BD7047ED
S2140399E0DFF7B6B808B5CDF725FE002814BF8620E6
S2140399F0002008BD08B5CDF7EDFF003818BF0120DD
S214039A0008BD08B5CDF7A6FF003818BF012008BD6E
S214039A1008B5CEF72BF8003818BF012008BD08B5E7
S214039A20DFF776F9BDE80840DFF724B970B50446DA
S214039A300D461646DFF76CF90420DFF70DF93246BC
S214039A4029462046FFF7DDFF04460220DFF704F928
S214039A50204670BD08B5DFF75BF9BDE80840CDF7D3
S214039A605DBFDFF78DBCDFF76DBC08B5DFF76AFCBB
S214039A7020B1BDE808400020DFF7A2BD112008BDD5
S214039A8010B5044608B1DFF77DFE2046BDE810405A
S214039A90FCF74EBF10B50446006A10B1616AFFF7C3
S214039AA0EFFF0020C4E9080010BD38B50546FFF7F0
S214039AB0F1FF2B7E0446012B0ED0023B012B0ED862
S214039AC0EB69012B18BF6FF0960428220021284665
S214039AD0E1F780FA204638BDEB69002BF2E76FF01A
S214039AE09604F2E718220021E1F774BA70472DE9CD
S214039AF0F84F9846DDE90B490D9B15469A0706462F
S214039B000F4623D02A460A9B03EB040A1444A242B8
S214039B1020D10D9B9B0705D5A2EB050AD14505EB86
S214039B200A0420D82046BDE8F88F4346394620204D
S214039B30B0470AF1010ACA450AEB0B02F5D3A9EBB3
S214039B4004024C4588BF00222A44DCE7A246A5EB64
S214039B50040BF0E702F1010B434639461AF8010DF0
S214039B60B0475A46D3E74346224639462020B047F5
S214039B700AF1010AD2E72DE9F047DDE90D7616F082
S214039B80020F9DF82880DDE90854DDE90BCE1FD1CE
S214039B9006F001094FB1B9F1000F06D0B8F1000F76
S214039BA002D116F00C0F00D0013F4FF0300A04E04C
S214039BB0202C04D005F804A001347445F8D3B9F179
S214039BC0000F05D04FF03009A74201D9202C2DD124
S214039BD016F0100F1FD016F4806F2CD15CB37445AB
S214039BE001D0BC4227D1B4F1010E23D0BCF1100F33
S214039BF046D1023C16F0200F28D1202C28D04FF057
S214039C00780C05F804C00134202C21D04FF0300C1A
S214039C1005F804C00134202C1AD0B8F1000F23D065
S214039C204FF02D0C05F804C0013412E005F804903B
S214039C300134C9E77446BCF1100FDBD0BCF1020F48
S214039C40E2D1202C04D04FF0620CDAE7202C08D1A6
S214039C502024CDE90A76CDE90854BDE8F047FFF79E
S214039C6046BF4FF0580CCCE716F0040F02D04FF067
S214039C702B0CD7E716F0080FEBD04FF0200CD1E7EC
S214039C80BCF1020F7446C1D1DDE72DE9F04391B074
S214039C90189D1A9E1D9F0DB927F010077C0500D549
S214039CA015B317F0200F14BF4FF0410E4FF0610E9F
S214039CB0AC4600250DF12008AEF10A0EBCFBF6F902
S214039CC006FB19C95FFA89F4B9F1090F94BF30345A
S214039CD07444E4B2B44508F8014B05F10105BCFB36
S214039CE0F6F401D3202D10D11C9C069705941B9CDB
S214039CF0CDE903649DF86440CDE9015408AC0094B3
S214039D00FFF739FF11B0BDE8F083A446D6E72DE987
S214039D10F04F95B0269ECDE90A23DDE91E74DDE9F2
S214039D20229B57EA040308BF26F010067205CDE906
S214039D30080102D557EA040337D016F0200F14BFE4
S214039D404123612300250DF1300AA3F10A082146B9
S214039D504A465B463846E0F7D1FDD2B2092A94BF9D
S214039D60303242444F45D2B274EB0B0405F1010581
S214039D700AF8012B01D3202D14D1259B06960593B3
S214039D80249BDDE90801CDE903939DF88030CDE9F6
S214039D9001530CAB0093DDE90A23FFF7ECFE15B085
S214039DA0BDE8F08F07460C46D1E70025E5E708B186
S214039DB000F014B8704710B1D1E900311847704766
S214039DC038B5441E14F8015F25B90A2000F006F8DA
S214039DD0284638BD284600F001F8F3E70146002080
S214039DE0FCF779BB70477047E8F7F8BF704708B5CC
S214039DF0FCF742FBCDF71EFCBDE80840CFF72EBDAF
S214039E00704708B5CDF75EFFFAF7DCFFBDE80840FC
S214039E10DEF77EBF08B5FBF7FEFEDFF7E7FCFBF7D2
S214039E20D8FDE0F785F8E0F771F8DFF7F3FFBDE854
S214039E300840D2F73DBF08B5D0F754FFFBF7B8FD8F
S214039E40D0F75CFFFBF7B6FDD5F744F9D5F7EAF98B
S214039E50D5F7F2FABDE80840D5F710BA7047704751
S214039E60DFF7FEBF08B5FCF752FFBDE80840FCF776
S214039E7076BF704707B500220346114601200092BD
S214039E80D4F7A2FA03B05DF804FB07B500920B46BD
S214039E90027D81898068FDF74EFD003818BF0120DA
S214039EA0C00103B05DF804FB08B50020DBF79AFB9E
S214039EB00020DDF72BF90020D5F766FE0020D6F745
S214039EC053F90020D6F77CFE0020D9F7ABF9002023
S214039ED0D9F716FF0020DAF70BFDBDE8084000208F
S214039EE0DAF7F6BD08B50120FDF73CFABDE80840F1
S214039EF00120D6F739B908B50220DBF767FC022044
S214039F00DAF700FE0220DDF70FFC0220FFF7ABFDB9
S214039F100220FDF792FC0220D9F7F2FEBDE80840C6
S214039F200220DBF7F3B87047FDF7A7BF704770470B
S214039F3070477047704770477047704710B50446C0
S214039F40DAF7FEFF2046D7F74DF92046D8F7A0F8F4
S214039F502046BDE81040FDF7A3BCFDF7BEBCFDF7E9
S214039F60C8BCDAF7CFBC7047704770477047704776
S214039F707047704770477047704705F02ABB7047B5
S214039F807047DAF759BD7047704770477047704798
S214039F90704770477047CBF7EFBFFEF748BC704774
S214039FA000207047FEF745BCFEF74FBC7047431EC4
S214039FB0012B03D9031F58425841704701207047AD
S214039FC000F021BC4FF4D0720021E1F703B870B55E
S214039FD00446E3F7D7F80546A8B9A169F1B1238A81
S214039FE0D3B1204604F11002E2F77AFF38BBE169E9
S214039FF019B3638AA3B1204604F1120200F0CAFA29
S21403A00078B1054603E00023A3612361E3610023DF
S21403A01028466361236270BDA061E8E72082E6E715
S21403A020E361216A0029F2D0A28A002AEFD02046F3
S21403A030E38ABDE8704000F06FBA6182F1E765829B
S21403A040E561DEE711B9D0F8DC1021B1CB6813B1B6
S21403A0508B68D88970474FF6FF707047E2F776B97A
S21403A06010B50C461146E2F797F9E3F7C5FB01284E
S21403A07001D1002010BD002CF7D10520FAE700F02F
S21403A080CFB900F0E3B970B500232425D0F8DC007F
S21403A090C4689C4201D1212070BD826805FB03225F
S21403A0A0D6898E4202D8128A8A4201D20133F0E759
S21403A0B00020F1E7F8B506460D46E1F7E3FBD8B90D
S21403A0C04FF6FF734FF0240CEF68C1B28F4208D8E7
S21403A0D01C4621463046E1F78BFD00F09AFB2046EE
S21403A0E0F8BDAA680CFB0122D4899C4202D2002C3C
S21403A0F0EFD023460130E8E70024F0E7C08D704731
S21403A1000A7838B505461046FFF751FF60B14C781C
S21403A1102046FFF74CFF38B12243530704D42846A2
S21403A120BDE83840E2F784BB212038BD10B50446AD
S21403A1300878FFF73CFF58B14A781046FFF737FF19
S21403A14030B1042A04D02046BDE81040E2F78EBBA7
S21403A150212010BD00F0E8B8E2F7F0BE084600F094
S21403A16008BBE2F72FBA38B504460D4600F08EF862
S21403A17050B129462046E1F73BFD30B92946204633
S21403A180BDE83840E2F7E6B90E2038BD70B516468E
S21403A1900C4605F078F8314605462046E5F7C8FB39
S21403A1A00446284605F06AF8204670BD00F032B92A
S21403A1B070B5044600200E4600F027FBD4F8F05096
S21403A1C03DB1002331462046AC46BDE870401A46F2
S21403A1D060472B46012231462046E2F753FC2846C9
S21403A1E070BD38B5044648880D4600F00EFBD4F81B
S21403A1F0F0302BB929462046BDE83840E2F750BB7D
S21403A200022038BD00F003BB00F03CB9E2F770B89B
S21403A210E4F768BB70B5BDF81060054606B16BB1D0
S21403A220334428469BB200F077F9044620B91EB1A2
S21403A2303146284600F0ABF9204670BD2124FBE7E3
S21403A240E3F7D6BEC0F8EC1000207047E2F762BD15
S21403A25000F05EB910B4BDF8044001945DF8044BF9
S21403A26000F09FB80B4610B514461846A1689288AE
S21403A270E1F740F8E168034631B1A0886288121A14
S21403A28092B21844E1F736F8002010BD0346408A20
S21403A29018B1188A003818BF012070470846E4F73B
S21403A2A02DBC00F0ECBA00F0EABAE4F739BE084772
S21403A2B008B5E2F765F8C0B208BD022A01D800F077
S21403A2C0E2B921207047022A01D800F0EDB9212017
S21403A2D07047022A01D800F0F9B921207047E3F746
S21403A2E079BB0846E3F794BB00F018BA0020704722
S21403A2F0002070477047D0F8943003F06003402B7B
S21403A3000DD0602B03D0203B58425841704749B1CB
S21403A3100B68012B06D9486940F00100704740F2EC
S21403A3200110704700207047F7B504461046D4E97D
S21403A33054C7DDE908268CEA020587EA06010540CC
S21403A340194085EA0C057940C4E95451002523F4E5
S21403A350004106EA010320F0010043F400730240C3
S21403A36043F00203CDE90055E6F7ACF994F8243040
S21403A3709A0713D5D4F854319B050FD54FF488119B
S21403A380204600F058FB94F82430024665F3410358
S21403A39084F8243020460B46E1F7C6FF002003B0BE
S21403A3A0F0BDF0B587B01C461746BDF830601AB945
S21403A3B00024204607B0F0BD002BF9D00029F7D0C3
S21403A3C001AAE3F715FE0028F2D0BDF80630A2195D
S21403A3D09A42BDF80850C4BF9B1B9CB2B54212D923
S21403A3E00399AD1BADB23144A5420391ADF80850B5
S21403A3F00DD22A463846E0F77DFF0499621B78198A
S21403A400E0F778FFD5E70499761B3144049122469A
S21403A4103846F5E70846E5F72BBA0220E4F776BD9B
S21403A42008B5D0F8E4304BB11A68022A06D993F877
S21403A43025204AB1186AB0FBF2F008BD4FF4466215
S21403A4404C210020E1F736FC0020F6E7D0F8E420A4
S21403A45008B57AB11368022B0CD9536A13F47F4FED
S21403A460C3F3072106D0126ADBB253438B42B3FB16
S21403A470F1F006D2002040F67F424C21E1F71AFCA9
S21403A480002008BD0346D0F830010860B3F8343125
S21403A49000208B80704790F830310C2B14BF90F857
S21403A4A02B00FF20704738B50C464FF40061054675
S21403A4B0E7F7ACF970B17CB195F81E3173B94FF478
S21403A4C080724FF480712846E7F78CF9003818BF7E
S21403A4D0012038BD2202F4E72246F2E70020F8E71F
S21403A4E04FF48071E7F792B908B54A024FF400714A
S21403A4F0E7F778F9002008BD08B58A024FF48061B3
S21403A500E7F770F9002008BD4FF40071E7F77EB94E
S21403A510062300208B717047B2F5805FF8B50F46AF
S21403A5200646154619462ED89A422CD33F2A26D9D4
S21403A530B2FA82F40122C4F11F03DBB29A4092B24C
S21403A540AA422CBFC4F11904C4F11A04E2B20124CE
S21403A550931DDBB29C40A4B2AC4212D096F8F53001
S21403A5609BB9012096F8243060F3C71386F824308D
S21403A5703846E3F751FB00203762B582F8BD002268
S21403A580ECE70020EEE72120F8E70E20F6E7084682
S21403A590E3F762BB70B505460E46144602B313884E
S21403A5A03F2B1DD9B3FA83F3C3F11901C9B20629A8
S21403A5B001D8192B12D0062928BF062101238A1D8C
S21403A5C0D2B2934030462380E3F74EFB23882846D7
S21403A5D0EE616B82E3F7D2FB002070BD0021EDE74E
S21403A5E02120FAE710B5144608460121E5F716F8C8
S21403A5F02046BDE810400121E5F710B8F8B504463B
S21403A6000E46174604F03FFE3A46054631462046B8
S21403A610E5F7C2FA0446284604F030FE2046F8BDA5
S21403A6200220704703207047E4F768BC10B5002388
S21403A630E2F7E8FE044608B9E6F762FA204610BDDC
S21403A640704770B505460E46144600F0E3F83146EB
S21403A6502846FFF72FFD00F0DDF8230704D50B2C63
S21403A6609CBF24F00804A4B221462846E1F78EFED8
S21403A67000224FF400312846E7F7B4F8002070BDF7
S21403A6808021E7F7C3B87FB5531C05AAADF81410AD
S21403A690029202210022DBB2CDE900211146E7F740
S21403A6A0BFF807B05DF804FB7FB5531C05AAADF8E9
S21403A6B01410029204210222DBB2CDE9002100220B
S21403A6C00121E7F7ADF807B05DF804FB1FB5531C8F
S21403A6D0029100220821CDE900210122DBB21146B6
S21403A6E0E7F79EF805B05DF804FB07B591F8283048
S21403A6F0009391F82B3091F8292091F82A10E3F76C
S21403A7002FF903B05DF804FB10B50446E1F738FEF5
S21403A71001462046BDE81040E1F738BE002914BFC5
S21403A72021200020704738B5054610460C46E3F74F
S21403A7309DF9D5B1D5F8E030BBB15B69ABB1421E2C
S21403A740D2B2FD2A13D90A68013204BF6FF00102A0
S21403A7500A600A68FF281A6007D16268013202D1CC
S21403A7606FF00102626062685A60002038BD0128FB
S21403A770F2E738B50546E5F737FA04460021A87828
S21403A780E3F7DCF9204638BD2DE9F74F01251C46D3
S21403A7909DF83030064601930368174603F0070317
S21403A7A006339D4005F1FF380B46A1B1416804EA24
S21403A7B0080BA5EB0B0A41F00059524509EB0B01B8
S21403A7C014D952461846E0F795FD49467A1B5A4473
S21403A7D05044E0F78FFD019B2BB13C4448EA050843
S21403A7E004EA0804F46003B0BDE8F08F1846F0E707
S21403A7F037B5002514460095FFF7C6FF204603B07D
S21403A80030BDE2F7AFBF002070470020704700203E
S21403A81070477047704730B549000446056812B163
S21403A82002291FD90339C90395B9E1B1B1FA81F3F6
S21403A830C3F12003C3F10F00012838BF012003F042
S21403A8401F03D940A94201D901384908216030BD08
S21403A850B5FA85F339B1B1FA81F29B1A002BE9DC1C
S21403A8600F20EFE700210F20F0E7012805D9023873
S21403A87018BF4FF0FF30C0B270470120704708B5CD
S21403A880E4F796FCBDE80840E4F7BABC38B50446DE
S21403A890FFF7F5FF0546FFF7F2FF431BA342FAD384
S21403A8A038BD38B50D460446E4F782FC35B184421C
S21403A8B000D90139204601F0030138BD844238BF70
S21403A8C00131F7E708B50121FFF7EBFFBDE80840C4
S21403A8D0E4F796BC0B0C23F48053B3F5284FF7B577
S21403A8E00D468FB2064699B216D04AF60103994230
S21403A8F014D04AF60203994212D0B1F5204F14BF82
S21403A90004240324D6F8E0300BB1196851B9D6F8FD
S21403A910DC3093B928680EE00024F3E70124F1E75E
S21403A9200224EFE7234668463A46E4F7C5FCDDE92A
S21403A9300003002BEBD103B0F0BD19680029E9D062
S21403A940234668463A46E4F7B7FCDDE90003002BE6
S21403A950E0D1F0E702F070BD0204C0F3891307D517
S21403A9606FEA83536FEA935313F5007F18B206D04A
S21403A970A3F1C8006FF4FF739842B8BF1846704738
S21403A9804FF0384359699A6903F500530A405A61F0
S21403A99070470E207047E6F7A7BAE6F7A5BAE6F7BC
S21403A9A0A3BAE6F7A1BA08B50846E6F7C3FE08BD9C
S21403A9B0E6F79ABA022070470220704700207047D5
S21403A9C001207047002070470E2070470020704714
S21403A9D0E2F712BF084611460122FFF741BB70B5E6
S21403A9E005460C4611461A46E6F756FF06682B46FA
S21403A9F02046B446BDE87040604710B5E6F74CFF06
S21403AA00BDE8104083681847FFF710BEE2F71CBE88
S21403AA10FFF7A9BBE2F726BB70B504460D461646FC
S21403AA204FF4881100F01CF8324629462046BDE84C
S21403AA307040E3F73BB838B505460C4604F023FCF4
S21403AA40D5F890301C40D5F88C302343C5F88C30AD
S21403AA5004F014FC211E18BF01210020490238BD52
S21403AA6038B504460D4604F00EFCD4F890301D406D
S21403AA70D4F88C3023EA0505C4F88C5004F0FEFBAA
S21403AA80284638BD38B504460D464FF48811FFF7FF
S21403AA90E7FF29462046BDE83840E3F72FB873B5ED
S21403AAA00D7806460C4635B304238DF80430237917
S21403AAB0304601A98DF80530FFF738FB0546B8B9CF
S21403AAC02278A37952BB8DF80430E379304601A986
S21403AAD08DF80530FFF714FB054648B923783BB1DC
S21403AAE061883046E2F7DCF801213046FFF7DBFCED
S21403AAF0284602B070BD2946FFF7D5FC29463046E6
S21403AB00FFF7F2FC29463046FFF7F6FC2378002BC6
S21403AB10CAD123798DF804306379C9E702228DF808
S21403AB200420D3E7FFF7E0BCFFF7EEBC0020704736
S21403AB3010B50446E6F74AFF21460020E7F7A8FDCE
S21403AB40BDE81040002000F03EB970470120704772
S21403AB5008B5E8F7CBFB80F00100C0B208BD4FF0A4
S21403AB60FF30FFF79EBB70470020704710B50C46BA
S21403AB7004F0A4F8048010BD38B50C46154604F05E
S21403AB809DF803881DB11C43A1B2018038BD23EA9A
S21403AB90040189B2F9E708B504F090F8008808BD07
S21403ABA008B504F08BF8C07808BD08B504F086F83D
S21403ABB0008800F00C0008BD08B504F07FF8008894
S21403ABC000F00C00031F5842584108BD38B505462F
S21403ABD004F074F804462846FFF7EEFF30B904F194
S21403ABE0100004F030FD00F4406038BD4FF4006000
S21403ABF0FBE738B5054604F061F804462846FFF738
S21403AC00DBFF014648B910342046042203F096FFC2
S21403AC102044BDE8384004F016BDA08838BD10B502
S21403AC200C4604F04BF8848010BD38B5054604F096
S21403AC3045F804462846FFF7BFFF014608B1201D26
S21403AC4038BD10340422204603F078FF2044F7E78B
S21403AC5038B5054604F032F804462846FFF7ACFF3D
S21403AC6030B904F1100004F0EEFC00F4404038BDA7
S21403AC704FF40060FBE738B5054604F01FF80446BA
S21403AC802846FFF799FF014648B9103420460622A6
S21403AC9003F054FF2044BDE8384004F0D4BCA08839
S21403ACA038BD38B5054604F009F804462846FFF7CC
S21403ACB083FF014608B1201D38BD10340622204606
S21403ACC003F03CFF2044F7E708B503F0F7FF007AEC
S21403ACD008BD08B503F0F2FF90F9090008BD08B5F2
S21403ACE003F0ECFF807A08BD08B503F0E7FFC06801
S21403ACF008BD10B50C4603F0E1FF047210BD10B595
S21403AD000C4603F0DBFF447210BD10B50C4603F08F
S21403AD10D5FFC46010BD2DE9F8430F4680460021D9
S21403AD2007F110001646994604F03CF80446D0B1E5
S21403AD3003F0C4FF0546204603F0DCFF002102466D
S21403AD402846E0F747F900232046AB7049F0040194
S21403AD50FFF70CFFA5F804802EB13A46314605F1FD
S21403AD601000E0F7C7FA2046BDE8F883F8B50546B5
S21403AD700F461020002104F015F80446B0B103F086
S21403AD809DFF0646204603F0B5FF002102463046E7
S21403AD90E0F720F9002339462046B370FFF7E6FEB6
S21403ADA025B12A460121204603F0D4FF2046F8BDEC
S21403ADB008B503F083FF103008BD08B503F09AFF0B
S21403ADC01038C0B208BD0020E7F78ABB08B5E7F71E
S21403ADD0E5FD002008BD4088C0F30C000330800862
S21403ADE040000430704770B50E460546114630469F
S21403ADF003F0D8FF044635B128B103F05FFF3246AF
S21403AE002946E0F739F9204670BD0088B0FA80F08D
S21403AE104009704738B505880022044604F07DFCD7
S21403AE2005B1258038BDF8B507460D4600880021D4
S21403AE30164603F07BFFB042044605D12946384642
S21403AE40BDE8F840FFF7E6BF0021204603F06EFF9B
S21403AE50B04205D02046002103F068FF0446F3E71E
S21403AE602A462046002103F075FF32462846BDE8F1
S21403AE70F840002103F06EBF38B5044638B1002110
S21403AE8004F045FC002301465D1C09B998B238BDA1
S21403AE90204604F060FC2B460146F5E7F8B5058826
S21403AEA007467DB1CCB22146284603F03FFF8542D4
S21403AEB0064609D100233B8000222146304603F094
S21403AEC049FF35462846F8BD214603F02FFF2146A5
S21403AED00246284603F03EFFEEE72DE9F0470788D3
S21403AEE08246884614465FB3384603F003FF3D4662
S21403AEF00646E4B22146284603F018FF404581463D
S21403AF0016D1214603F012FF21460246284603F0D7
S21403AF1021FF474504D1454508BF0025AAF8005040
S21403AF2000222146404603F015FF3046BDE8F08771
S21403AF308742FAD003F0DEFE30444D4686B2D9E7A8
S21403AF403E46F2E700220123C0E900237047F8B526
S21403AF5004460127002604F0A3F923683BB904F04E
S21403AF609AF900226368012B0ED16360F8BD1D6950
S21403AF701F61266004F08FF9012DF2D02B462D6950
S21403AF801E61012DFAD1E6E719691A610B46EAE755
S21403AF90036823B94068012803D0E8F747BA0020BE
S21403AFA070474FF0FF307047F8B5054604F066FA71
S21403AFB0012306460027A8602B7304F071F92B685B
S21403AFC002467BB11C692169A1420CBF2F6019613F
S21403AFD02761104604F05FF9012C08D02046636809
S21403AFE09847EAE76C68012C04D104F054F900236F
S21403AFF02B73F8BD6169711AB1F1004FF5D8216959
S21403B00069602361E5E770470220704702207047B6
S21403B010002070470144884201D10120704710F890
S21403B020013B9342F7D0002070470821FDF7A6BFE7
S21403B03070B50146064692B00020E6F7F3FE0446D6
S21403B04070B9FDF796FF054601466A462046E7F7C0
S21403B0503DFA6A46294620468DF80260E7F7ECFC7F
S21403B060204612B070BD00B593B0FDF782FF6A4666
S21403B07001460020E7F72AFA9DF9020013B05DF8AF
S21403B08004FB00B593B0FDF774FF6A460146002043
S21403B090E7F71CFA9DF8000013B05DF804FBE7F72A
S21403B0A0D9B9012070477FB54FF6FF7101AAE8F7BB
S21403B0B099FC20B1BDF80C0007B05DF804FB4FF611
S21403B0C0FF70F9E708B504F085FB003818BF0120C8
S21403B0D008BD08B51046E9F759FDBDE80840E9F78D
S21403B0E013BE704770477047704770477047704786
S21403B0F0002100B593B06A460846E7F7E7F9BDF8BE
S21403B100060013B05DF804FB002110B592B00446A8
S21403B1106A460846E7F7DAF900216A460846ADF8B4
S21403B1200640E7F789FC12B010BD002100B593B0C6
S21403B1306A460846E7F7CAF9BDF8040013B05DF897
S21403B14004FB002110B592B004466A460846E7F7AA
S21403B150BDF900216A460846ADF80440E7F76CFCE3
S21403B16012B010BD704773B50646E8F761FF044694
S21403B1703046EBF7DFFE2246034600213046F7F75C
S21403B180F9FC0546D0B1FFF713FE0446284603F044
S21403B19095FD0023E21D121A294608200093D2B219
S21403B1A0FBF794FE0138C0B2012807D801222946CE
S21403B1B0304602B0BDE87040E8F770BF02B070BD1D
S21403B1C0134610B50A4600210446F7F7ADFC0146C0
S21403B1D028B12046BDE810400222E8F75FBF0120F1
S21403B1E010BD07B5009313460A460021F7F716FC71
S21403B1F028B1002103B05DF804EBF5F7C1B90120CF
S21403B20003B05DF804FB2DE9F04F87B00C4691467A
S21403B2100746FFF7CAFC0546661C304604F013FAD9
S21403B220042D40F090803846FFF7C2FD03780922CC
S21403B23003F00303012B14BF02230323012120463B
S21403B240039303F07BFC092200210546204603F006
S21403B25075FC21788DF8170001390022204689B243
S21403B260FFF7C1FD04EB09088346F0B14FF0010A6E
S21403B2702A460146CDF800A003980DF11703FBF705
S21403B28025FE0228054626D1584603F033FD002244
S21403B2902070C0B2431E00929BB2524659463046B7
S21403B2A004F0D2FA2378534423703846FFF773FC2E
S21403B2B0020424D498F8013021789B071FD501395E
S21403B2C0A1EB09013A464046C9B2EDF74FFC237895
S21403B2D01844207013E020B92070284607B0BDE854
S21403B2E0F08F032809D1404604F0ADF920F400712D
S21403B2F089B2404604F0A9F9D7E70428D5D1012539
S21403B300002220462178FFF76EFD07460028E4D08A
S21403B3104FF000080146434601224046CDF8008020
S21403B320FBF7D4FD022819D1384603F0E3FCC2B27A
S21403B330013A207093B2394601223046CDF8008098
S21403B34004F082FAC9E780F0800520F0800081B21D
S21403B3503046C5F3C01504F078F9D1E70028BCD110
S21403B3602070BAE708B50020FFF7F2FB80F0010073
S21403B370C0B208BD0A4608B501460020E8F78EFEAF
S21403B380B0FA80F0400908BD0020E7F789BC002129
S21403B3900846E7F72DB90020FFF7D8BB70B504467B
S21403B3A004F051F9042200210646204603F0C6FBAA
S21403B3B0204404F048F9032205460021204603F002
S21403B3C0BDFB204404F03FF94FF6FF730540ADB2D2
S21403B3D09D4214D1F30712D506220021204603F01E
S21403B3E0ADFB204404F02FF90446E8F7C9FE844277
S21403B3F014BF02240624E8F7BDFE204070BD204695
S21403B400FBF77CFFC400E4B2F5E708B5FFF7C6FF19
S21403B410003818BF012008BD0120704710B5044648
S21403B420FEF7B5FA08B9FEF7B4FA03050FD40C23F2
S21403B4301B2B01D1002009E020FA03F1C90703F111
S21403B440010206D5DBB2E31A5842584110BD0B235E
S21403B450F9E71346ECE710B50C46098819B9084610
S21403B460F7F742FB2080012010BD08B510461A46A8
S21403B47000F0B8FABDE8084004F083B870B5044697
S21403B4800D46164692B06A46E7F720F86A462946FE
S21403B49020468DF81F60E7F7CFFA12B070BD10B5DF
S21403B4A00C46E9F749FA2046BDE81040E9F75AB9D1
S21403B4B00129F8B505460C461DD003291ED00529DB
S21403B4C020D0072922D00026002400270120E6F7F3
S21403B4D041FF304485421DDA0320E6F73BFF204454
S21403B4E0854219DA0520E6F735FF38448542B4BFAE
S21403B4F007200520F8BD6FF00406E5E76FF00404A7
S21403B5000526E2E700266FF00407DFE70024052799
S21403B5102646DBE70120EDE70320EBE738B50546D3
S21403B52000242046E6F716FF0134A842E4B202D907
S21403B530062CF6D10724204638BD38B14379490096
S21403B54023F00C0301F00C010B434371704710B555
S21403B550044678B141794088490801F00601013173
S21403B560000AFFF7A5FF024601462046FFF7E5FF60
S21403B570104610BD0722FBE738B50D46E9F7CAF9B2
S21403B580044608B9002038BDFFF7E1FF002DFAD1C5
S21403B590237913F00703F5D0984238BF1846C0B294
S21403B5A0F1E7037923F00703194301717047037921
S21403B5B003F00F0343EA0113037170470022E9F710
S21403B5C04DBD0021012208B5E9F748FD401A18BF12
S21403B5D0012008BD38B51546FFF7F0FF0446284698
S21403B5E004F00EF984B1FF2804D0626822FA00F34F
S21403B5F0DB0701D5012038BD012383401343636075
S21403B600E3780133E370F5E72046F4E7E9F790BF04
S21403B61010B503F053FB00F11004204604F013F8B2
S21403B62020F4007189B22046BDE8104004F00DB83E
S21403B6302DE9FF411546019101218DF80D301B0AB6
S21403B6408DF80E309DF82C308DF80C008DF80F30E9
S21403B65028460423009103AA9DF828809DF830709D
S21403B6609DF8346001F0D8FC044670B12946FFF714
S21403B670D6FAB8F1000F02D12046FFF7C9FF2FB163
S21403B68046B931462046F4F77BFF0024204604B033
S21403B690BDE8F081002220461146E9F7CFFEF4E725
S21403B6A04FF47A70EAF724B8F0B5064687B010462A
S21403B6B01C460F461546FFF77BFB9DF830301844B3
S21403B6C043789CB16178012211F0020F0CBF03216D
S21403B6D000210020CDE90142CDE9031007223946B7
S21403B6E030460095EAF7A0F807B0F0BD224621469B
S21403B6F0EFE708B5E7F7AEFEBDE808400020EAF737
S21403B700CFBA00B58BB06846E9F7CEFF009BBDF80D
S21403B710060004A90693E9F76DFF0BB05DF804FB7A
S21403B7201FB504466846E9F7BFFF02AB03CB2060AC
S21403B730616004B010BD1FB5062304468DF80C30B7
S21403B740EAF73EFC00238DF80D00CDE90033012116
S21403B7500223204603AA01F05FFC04B010BD70B5B7
S21403B7600C4605460120EBF71FFB237B4BB1FFF787
S21403B770BFFC014623462A46BDE870400120EAF78F
S21403B780CDBE4FF6FE71F5E7F8B50E460746FFF752
S21403B7900FFB054603F057FF00F44040B0F5404F5B
S21403B7A014BF0022062202F10A03EB5C0B325C0094
S21403B7B004F00E045B08144403F0380338461C44B4
S21403B7C0FFF7FBFA844208D2001BC2B20F2A28BF37
S21403B7D00F2230462919DFF78DFD2046F8BD40F6C7
S21403B7E02740ECF713BA13B5F5F76CF96946044628
S21403B7F000F0E1FF58B1FFF77BFC40B1E7F71EFF0F
S21403B80028B10023022269462046F2F71BFD02B048
S21403B81010BDFF224FF6FF71ECF744BC07B50021BD
S21403B8200DF10700ECF7CCFD9DF8070003B05DF8BB
S21403B83004FB13B5044601A90020ECF7C1FD019AE9
S21403B84001462046ECF7D2FD204602B010BDF0B507
S21403B8500F46002187B0044608461646ECF7B0FDAF
S21403B860012305460DF10A008DF808408DF80930CE
S21403B870FFF756FF092C1DD131460DF1120003F0D8
S21403B880E4FE05AB002102AA9B1A2846CDE9001167
S21403B890DBB2642101F0C0FB0546E0B1092C15D1EB
S21403B8A0ECF7EEFD044688B12846ECF7FDFD20468E
S21403B8B007B0F0BD31460DF113008DF812704FF648
S21403B8C0FF7503F0C2FE0DF11503DBE7284600F013
S21403B8D02EF80446EBE70446E9E77FB50D46164621
S21403B8E0ADF80E0003F006FA841BE4B2BDF80E2092
S21403B8F0631B9BB2104629460093731901F0C0FAE6
S21403B90021460DF10E0001F093FA04B070BD38B570
S21403B91004460D4603F091FF40B1AC4206D02046E4
S21403B92003F0ECFBBDE8384000F0DBBF38BD10B5D4
S21403B9300446FFF73DFA023003F085FE4FF6F77331
S21403B9409842204603D9BDE81040ECF72FBFECF72A
S21403B95079FFB0FA80F0400910BD0022ECF74ABE2A
S21403B96070B50546FFF724FA0646284601F078FB2D
S21403B97001462846F7F76AFD04462846FFF739F9D5
S21403B9804FF6F773984208D8337803F00303012B76
S21403B99005D1A31E5842584170BD0120FCE7002084
S21403B9A0FAE741F2033330B585B00D46ADF80830FB
S21403B9B00446FFF79DFB8DF80A00FFF799FB00216D
S21403B9C0000A8DF80B0005232046CDE9001102AAD4
S21403B9D08DF80C5001F020FB10B12146FFF7BDFF98
S21403B9E005B030BD2DE9F041044617460D46E1B1DA
S21403B9F03F294FF0000600D135462046FFF7D5F81D
S21403BA00082814D10121204603F090F9064603F0D6
S21403BA1071F90446304603F051F93B4601462A467F
S21403BA20E0B2BDE8F041FDF75BBB0126E5E7204643
S21403BA30FFF7BBF8024630B9BDE8F0414FF6FF7199
S21403BA40012003F0C9BD2046FFF7C0F8B0F5006F2C
S21403BA500ED12046FFF7CDF84FF6FF739842014606
S21403BA6017D0002D0CBF03200520002203F0B4FDE1
S21403BA7029462046E9F79AFD68B929462046EEF797
S21403BA8075FB40B9324629462046BDE8F041EDF73E
S21403BA9095B90120E9E7BDE8F08137B54FF6F675AD
S21403BAA0FDF76AFA431E9BB2AB420446F8D8E8F7A2
S21403BAB031FF0028F4D169462046E8F71FFA00282C
S21403BAC0EED0204600F0DCFF0028E9D12046FFF741
S21403BAD078FD0028E4D12046EEF7BCFB0028DFD132
S21403BAE0204603F0AAFE0028DAD12046FDF75AFACC
S21403BAF00028D5D1204603B030BD73B504460E46A4
S21403BB00EEF7A8FB054688B92046EEF7FDFB21466F
S21403BB102B460D224FF6FD70009500F056F8314681
S21403BB20204602B0BDE87040EEF7B0BB02B070BD71
S21403BB3037B5054614460C2914D8DFE801F02C1354
S21403BB402C13131307131313132424006946E8F75F
S21403BB50D5F918B901216846F2F756FF4120294660
S21403BB60F8F71AF9D4B12046FFF722F9023003F0AA
S21403BB706AFD4FF6F773984210D9204603B0BDE826
S21403BB803040EDF72BB840F6144040F613430B292C
S21403BB9008BF1846E3E7F6F721FBE3E703B030BD3B
S21403BBA01FB50346084603218DF80D308DF80C109B
S21403BBB001230021ADF80E20CDE9003103AA0423AA
S21403BBC001F02AFA05B05DF804FB2DE9F3410646B9
S21403BBD00F4614461D469DF82080FFF789FAB042AB
S21403BBE007D100222146384602B0BDE8F041FFF7F0
S21403BBF09FBF3A4631462046FFF7D2FFADF8060010
S21403BC0060B10D2C05D100224FF6FF71282003F0FA
S21403BC10E3FC35B9BDF80600FFF789FE02B0BDE8C0
S21403BC20F0810123424629460DF10600E7F766FB3D
S21403BC30BDF80630002BEDD1F0E7F7B50C46054608
S21403BC40FFF7B6F8611C06462846F7F7FFFBA11C6C
S21403BC500746284601F027F9014604463846FDF70D
S21403BC60D7F90D2F34D12046EEF7F4FA78B1301D0C
S21403BC7003F0E9FC04462846F679FEF7FCFF314656
S21403BC800246204603B0BDE8F040FFF7A3BCB01C55
S21403BC9003F0D9FC4FF6F773984202D92846ECF71F
S21403BCA09DFF2046EEF730FBFFF722FAA04205D1B0
S21403BCB0002003B0BDE8F040EEF76ABB6B46B06801
S21403BCC0F16803C369462046EEF7E0FA03B0F0BD19
S21403BCD02A463946204603B0BDE8F040FFF728BFA2
S21403BCE014220021DFF776B92DE9F04F11F00F0784
S21403BCF004460E4615468FB05CD10120DCF7E8FDFE
S21403BD0009A8FDF795FA092309A88DF82430FDF74D
S21403BD1093FA09A8DCF7AEFD01A909A8FDF71DFCF7
S21403BD2026F00F08A84404F1100904F10F0A45454C
S21403BD3011D1236901A93344236109A8FDF7F2FB56
S21403BD400020DCF7C5FDB6F1005F28BF272738467D
S21403BD500FB0BDE8F08F05AA2346964694461868AA
S21403BD6059680833ACE803004B456246F6D12B46C8
S21403BD70224605F1100B53F8041B5B4542F8041BDF
S21403BD80F9D1714609A8FDF7CDFB09A8DCF772FDCA
S21403BD90224621460120DCF757FD013D631E13F8BA
S21403BDA0012F15F8011F534582EA01021A70F6D1D6
S21403BDB05D46BCE70227CAE7F0B5174685B00546D9
S21403BDC00C46102200216846DFF704F9BFB3C4B35C
S21403BDD00F2C04F00F0608D924F00F043A46214628
S21403BDE02846FFF781FF40BB27443246394668465C
S21403BDF0DFF780FA80222F6906F1100337446B447D
S21403BE00B7F5005F03F8102C2F61C6F110061AD39E
S21403BE10062E1FDDFB001A0E8DF80A201A0C5BBADD
S21403BE208DF80B20ADF80C306A4610212846FFF734
S21403BE305BFF00202B69103B2B6105B0F0BD3E462F
S21403BE40D8E72646D6E7022E04DDFB005BBAADF83C
S21403BE500E30E9E76A4610212846FFF745FF2B69AF
S21403BE601022A3F11004002168462C61DFF7B2F814
S21403BE70B7F5005F4FEAC403CDD2E7E770B50E46C9
S21403BE80054686B001A81446FFF72AFF3246294620
S21403BE9001A8FFF791FF2246054601AB05AE1C46F7
S21403BEA003CCB44210605160234602F10802F6D177
S21403BEB0284606B070BDEEF709BB0A460021EEF72A
S21403BEC005BBF0B58BB00C4601A9EEF7FFFA0546A5
S21403BED080B325220021E01CDFF77CF80123A37042
S21403BEE00E23BDF810702380FA0510D523464FF4B1
S21403BEF0877206AE23F8042B0DF1280C324603CACC
S21403BF00624518605960164603F10803F6D13B06EE
S21403BF1005D5238843F080032380069B636001AB2B
S21403BF2003CB039BC4F81D00C4F82110A361EFF7ED
S21403BF30D9FD606128460BB0F0BD30B505460C460A
S21403BF4087B001A8FDF774F92868696802AB03C3D4
S21403BF509DF8113043F002028DF8112074B1228847
S21403BF60510644BF43F006038DF81130530542BF14
S21403BF709DF8113043F008038DF8113001A8FDF742
S21403BF8052FAB0FA80F0400907B030BD70B58AB0F7
S21403BF900D46002201A90446EEF798FA88B120461A
S21403BFA004A9FFF7CAFF60B1BDF81060FFF7A0F859
S21403BFB038B9720601D5730503D529462046FDF721
S21403BFC093F80AB070BD2DE9F3410F4605461646B1
S21403BFD002F090FE4FF00008C41BE4B22946234645
S21403BFE03A463046CDF8008003F02EFC0121284661
S21403BFF002F09CFE88B10121284602F097FE074610
S21403C00002F078FE0546C3B2424630193946CDF8EB
S21403C010008003F019FC2544ECB2204602B0BDE8CC
S21403C020F0812DE9F04F85B00C46054691461F4634
S21403C0304FF0010ADDF838809DF83CB002F05AFE56
S21403C04022463B4629460646CDF800A0484603F05E
S21403C050FBFB5146284602F069FE3C4418B35146A2
S21403C060284602F063FEF6B2B442814610DAE7B21F
S21403C070F31BDBB2404622462946CDF800A00393C5
S21403C0805F4403F0E1FB039BBF1B984407F0FF0BE1
S21403C090012300220E9349465B46404605B0BDE8A1
S21403C0A0F04F03F0D1BB5B4622462946CDF838A0B5
S21403C0B0F3E72DE9F041002686B0074608460C460E
S21403C0C015469846CDE9026604968DF8146002F08C
S21403C0D011FE411BCBB20D2B28BF0D232A4621464A
S21403C0E0009602A803F0B0FB424602A93846EEF7D4
S21403C0F067FC0646294620469DF80820F7F7BAF956
S21403C100304606B0BDE8F0812DE9F04F0E46CBB0C1
S21403C1100121054617461C4602F008FE23463A460A
S21403C1202946814606A8FFF7C4FF0DF1280A00EB4F
S21403C130070B5246314628465FFA8BFBFFF743FF51
S21403C140B34503D200204BB0BDE8F08FABEB060837
S21403C1505FFA88F808F104039842F3DB331F1844A8
S21403C1600423C4B20193A31BDBB200935246434697
S21403C1700021CDF808A006A8DCF71AFB0028E1D1B9
S21403C180A4EB0B040AEB0803E4B2524628463146F6
S21403C190009301944346FFF744FF39462846F7F7D2
S21403C1A055F9394600F0F8022846F7F763F90121F6
S21403C1B0284602F0BBFD002818BF4D462846ADF8BA
S21403C1C0165002F097FD011FC9B20DF1160000F0DC
S21403C1D02FFE0120B7E72DE9D841064600F040FFC1
S21403C1E0411C044689B2304600F00DFF98B394B361
S21403C1F021463046F7F72AF900F00C03042B0746CE
S21403C20029D000F00308B8F1020F00D11BBB384653
S21403C21000F0AFFF3B060444A4B216D5611C3046BB
S21403C22089B200F0F0FEB0B121463046F7F70EF9BA
S21403C230B8F1010F014600F003030CD0032B0AD01C
S21403C240384600F0A5FF03199CB221463046BDE8E8
S21403C250D84100F0D8BE0020BDE8D881F8B5064620
S21403C26000F0C0FE054604463046FEF7A1FD4378BF
S21403C2705B0718D5AC1CA4B22146304600F0C3FEBB
S21403C280B8B129463046F7F7E1F80746691C304649
S21403C29089B2F7F7DBF81FB1874201D8FF2808D128
S21403C2A004EB4704A4B221463046BDE8F84000F04C
S21403C2B0AABE0020F8BD13B5044601A8EEF7D8FDC4
S21403C2C0BDF80430DA0710D49B0707D410220021E8
S21403C2D0204602B0BDE81040DEF77CBE224621466B
S21403C2E01020FFF7CBFD0028F0D102B010BD0246A8
S21403C2F008B5EEF7E5FD510544BF0838C0B213058F
S21403C30044BF0838C0B208BDF0B5D30705460C468F
S21403C3108BB04AD5008800F0A3FE0023064602939E
S21403C32014B9CDE9034403AC002208212046FEF7E6
S21403C33071FEA8B12888FEF73BFD023003F083F9AF
S21403C34021460746E7F7DAFD50B10022402311469F
S21403C350384600F01DFA40F6094528460BB0F0BDF6
S21403C36031462888F7F772F810F0030F0CBF012642
S21403C3700026EEF7EFF846EA4000C0B20090002130
S21403C380204602AB05AAF0F705F80546EEF7E2F8F5
S21403C3900028E2D0002DE0D000212046009602AB14
S21403C3A005AAEFF7F7FF0546D7E740F60A45D4E7B1
S21403C3B000231A46EFF748BF30B58BB005AD0446E9
S21403C3C02846FCF735FF0223284601A98DF81430CA
S21403C3D0FDF7C3F8234601AA144603CCAC42186003
S21403C3E05960224603F10803F6D10BB030BD08B5F9
S21403C3F00023024619461846EFF726FF012008BD1C
S21403C40037B504466846EFF797FF054648B1082256
S21403C41021466846DFF72AF9B0FA80F0400903B0F0
S21403C42030BDFF2208212046FEF7F4FD034628B15F
S21403C43006212846FFF7BCFF0120F0E72246014607
S21403C440EFF702FFF8E707B56846EFF775FF10B199
S21403C4506846FDF700FA00F0010003B05DF804FB40
S21403C4600120F0F7A3BC704737B504460846FEF72D
S21403C470DCFB0546FEF73CFE0023014600932246FE
S21403C4802B460120F5F7CEFF03B030BD30B50124AF
S21403C490054689B003A8FCF7CBFE01A88DF80C402F
S21403C4A0DCF746FA9DF806209DF80730AA4209D025
S21403C4B0AB4209D103A88DF80D40DCF7DBF9012068
S21403C4C009B030BD0024F5E70020F9E7002210216B
S21403C4D0FEF7A0BD7FB50D4600F582300D226946F6
S21403C4E000F58070D0F70AFC6B462A4602AE1C465F
S21403C4F003CCB44210605160234602F10802F6D121
S21403C500206810602379137100236B7304B070BD29
S21403C510F0B585B06A4605460B46164601F1080790
S21403C520144618685968083303C4BB422246F7D139
S21403C53018680D2220601B7905F582303146237179
S21403C54000F58070D0F706FC05B0F0BD38B504469C
S21403C5500D46DBF7B1FCA04205D920462946FFF776
S21403C560B9FF002038BD2820FCE730B5002485B08D
S21403C5708DF80040DBF7A0FCE5B2A84204D8F2F73A
S21403C580A7F8002005B030BD69462846FFF7C0FF70
S21403C5900134EFE738B50446002002F07FFDFF289C
S21403C5A005460FD002F002FE10F0010009D028461F
S21403C5B002F0FCFD400840EAC17080F0010000F084
S21403C5C0010038BD04F00100FBE70146F8B5064656
S21403C5D00020F1F7B7FFFF2801D00120F8BDDBF7F5
S21403C5E05BFC00240546871CDBF75AFCE3B2984243
S21403C5F001D80020F2E735F82430B34203D117F808
S21403C6002430002BE9D10134EEE738B50D4601217D
S21403C610044602F08BFB30B10121204602F086FB74
S21403C6202880012038BD20462C8000F00EFE013005
S21403C630C0B2F7E72DE9F04788B0074689461046AB
S21403C6400DF10A011D469046FFF7DFFF4FF0000A83
S21403C650BDF80A6004463046CDE905AACDF81BA00E
S21403C66002F048FB031BDBB20B2B28BF0B2322462F
S21403C6703146CDF800A005A803F0E6F848F21F03FC
S21403C6809D4243D00BD885F40043012B15D923468E
S21403C6904246494628460097FDF730F933E048F20C
S21403C6A03A039D42F3D1FEF723FDB8422BD0224630
S21403C6B0414605A8FDF757F925E09DF8143013BB4E
S21403C6C0BDF81D40DDF81500DDF8191003AB03C3F4
S21403C6D0204603A9DBF712FE0122204603A9EDF745
S21403C6E08BFEA74206460ED0012103A8F2F78CF96B
S21403C6F048F201039D4206D12EB9334632463946E7
S21403C700204600F046FE08B0BDE8F0879DF81450BA
S21403C710002DF8D12F469DF815800234EAB2424523
S21403C720F1D2D200D2B222440823314692B2009705
S21403C73003A8CDE9037703F087F803A8F4F7F2F923
S21403C74002F0DCFC00F0CDF80135E7E708B5E6F7C4
S21403C75081FEBDE80840F2F795BB10B50024418082
S21403C76084800480C280038110BD13B5BDF81040D9
S21403C770CDE900340023F2F7EDFC02B010BD13B58B
S21403C780BDF8104001900094F2F7E4FC02B010BD2F
S21403C79007B500930123FFF7F2FF03B05DF804FB30
S21403C7A00123F2F77DBD0121F3F7EABE01464FF6FA
S21403C7B0FF70F3F70DBE10B50C4602F09FFCFF2882
S21403C7C008D0F4F797F920B1036823604368012083
S21403C7D0636010BD0020FCE710B50446FEF7F6F9CB
S21403C7E0B0F5006F204605D1FEF703FABDE810400A
S21403C7F002F084BCFEF719FABDE8104003F019B83E
S21403C80008B502F07BFCFF280CD002F0CFFC10F03A
S21403C810010309D0400840EAC17080F0010000F02F
S21403C820010008BD0020FCE71846FAE71FB500F52F
S21403C83082300B2201A900F5C070D0F75FFA9DF88D
S21403C8400E0005B05DF804FB30B589B001F00105B4
S21403C85003A90446F4F770FD9DB190B9204602F093
S21403C860A5FC10F0010109D0204602F09FFC430806
S21403C87043EAC17383F0010303F0010103A8F2F74F
S21403C880C3F82046F5F7F0FC9DF8143029460093CC
S21403C8902046BDF8162003ABFCF79EFB09B030BD5F
S21403C8A07FB50C460546F4F70DF9A04217D04FF6B0
S21403C8B0F7739C4213D805F5823606F5C0760B222D
S21403C8C001A93046D0F71AFA01A90B223046ADF873
S21403C8D00C40D0F73FFA21462846F4F745F904B052
S21403C8E070BD10B50446DBF7EDFAA0420FD920461B
S21403C8F0F4F7E8F84FF6FF73984208D02046002175
S21403C900FFF7A2FF2046BDE81040F4F76FBD10BD49
S21403C91010B50446FEF7ECFB0023024619462046F4
S21403C920BDE81040F4F7BCBE2DE9F04114460F46AF
S21403C93005469846FEF73CFA0646043002F083FEA8
S21403C94020802846FEF797F96080B379791CE37256
S21403C950C9B22846F6F77AFDB91CA072C9B22846B2
S21403C960F6F774FDFE1C2072F6B2B8F1000F18D06D
S21403C9703146284600F097FA0537FEB23146A080C6
S21403C980284600F090FAB11CE080C9B22846F6F7B4
S21403C9905DFD6072217AA0880122BDE8F041F5F7BB
S21403C9A09FBB2088EAE72DE9F04186B090461E46F5
S21403C9B004460D46FEF79CFB4FF6F773984507466D
S21403C9C032D80523A0428DF80C304FF0010214BF75
S21403C9D0012300234FF0000118BF8DF80D30CDE979
S21403C9E0002114BFADF80E008DF80D30284614BF95
S21403C9F00423022303AA00F00FFB0546A0B1A742B7
S21403CA001AD0FEF7D5F9074621460430803E02F0D9
S21403CA101CFE2046FE7104A9FFF7CDFE40B9204652
S21403CA2004A9E6F77FFF18B9002006B0BDE8F08139
S21403CA30284604A900F07EFB41462846FEF78DFFF4
S21403CA40F3E7037923F00303194301F03F01017170
S21403CA50704707B50DF10701F5F7E8F903B05DF880
S21403CA6004FB08B5FFF7F5FF18B1BDE80840F5F776
S21403CA702DBA08BD00224FF6FF701146F5F730BBFE
S21403CA8010B50446FFF7E5FF024638B901462046CF
S21403CA90F5F726FB003818BF012010BD0120FCE780
S21403CAA0F8B5174604460E46FFF7D3FF054638602B
S21403CAB068B1037903F00303337023B93A68137933
S21403CAC003F03F0313713B685C882046F8BD0146BC
S21403CAD02046FEF751FD074628B1E8F729F98742B5
S21403CAE001D83570F1E731462046FCF701FF0028F0
S21403CAF0EBD003234FF6FF743370E6E707B501AABE
S21403CB000DF10301FFF7CCFF9DF8033053B90198ED
S21403CB1028B1037913F0300F14BF0120002003B0AF
S21403CB205DF804FB0020FAE72DE9FF4106461046B0
S21403CB3088461546F3F7F6FF0746FEF7D9FA044686
S21403CB4048BB4FF6FF739E4225D09F4206D0014650
S21403CB50384604B0BDE8F041EBF7B4BB07238DF8C5
S21403CB6004302B680246CDF805306B68092101A80E
S21403CB70CDF80930FEF737F9024618B9192004B084
S21403CB80BDE8F081012341463046F0F705FE002854
S21403CB90F4D02046F3E70220F1E72DE9F043904670
S21403CBA00F4606464FF0010991B00BA803ADFCF7FC
S21403CBB03FFB07AC29460BA8ADF82C90FCF7CDFC41
S21403CBC095E80F0084E80F004B46002239463046AE
S21403CBD0CDE90048F0F7FCFE11B0BDE8F0832DE97F
S21403CBE0F04F002785B081460C467E20394698468E
S21403CBF0BDF83CB09DF844A0BDF84C500192ADF88A
S21403CC000E7002F0CFF80646002800F0AA8002F065
S21403CC1055F839467E22DEF7DDF9304602F04EF847
S21403CC200090304602F04AF8B9F1FF0F0CBF2746D2
S21403CC3044F003073B0A14F44062077043705FD165
S21403CC404FF00808C31C184642460199DEF714FA4B
S21403CC50034604F44044434484B1790606D4194693
S21403CC604FEA1B2201F802BB5A700B46B4F5004F7D
S21403CC7056D0A4F5404254425441E4002246184696
S21403CC800E99DEF7F9F9009A03462044A0EB020852
S21403CC905FFA88F89DB14FF47C521A53841C2846D9
S21403CCA002F00CF88346284602F024F8C5B22A465A
S21403CCB059462046DEF71EFB60190235EDB2B9F180
S21403CCC0FF0F2FD05246109900F8019BDEF712FB98
S21403CCD008F101015AFA81F129443046E6F7A4FA2D
S21403CCE00C210022FF0007F0800710463943FEF7A9
S21403CCF03DF8ADF80E00E8B9002005B0BDE8F08FAA
S21403CD00B2F5006F80F803804FEA182880F8048095
S21403CD1000F1050314BF4FF008084FF0020892E72E
S21403CD200224ABE708EB0A0129443046E6F77CFA0F
S21403CD300821D6E7304601F0C1FF0446304601F02D
S21403CD40D9FF0123024621460DF10E00E6F7D6FA77
S21403CD500028D1D10121BDF84820BDF80E0001F00E
S21403CD60F9FFBDF80E00C8E710B50C46098821B9CF
S21403CD700846F5F7B9FE208008B1012010BD022051
S21403CD80FCE72DE9F04780460F460646002402F1ED
S21403CD90FF39BC4202D219F8015F25B9A6EB080099
S21403CDA080B2BDE8F0879A46A5F13102012A5AF807
S21403CDB0041B10D83246322D02F8011B06D101346B
S21403CDC0A4B2A74232D30912B21C7170013453467F
S21403CDD01646A4B2DDE7342D0CD10334BC42DDDAAB
S21403CDE00B0A317073700B0C090EB370321DF170A1
S21403CDF0A4B2EBE7A5F13302062A0DD8303DADB257
S21403CE002B19BB42CADA2A463046013CDEF734F910
S21403CE1015FA84F47219EBE7A5F14102062A01D844
S21403CE20373DECE79D8803F1080AE9E71646B5E7C0
S21403CE3070B5054600880C4601F05CFFA0422888C2
S21403CE400AD201F057FF0023221A19462846BDE8E6
S21403CE50704092B2E6F752BA2146E6F7E5F90020AB
S21403CE6070BD38B5054601F029FF0446284601F093
S21403CE7041FF002201462046BDE83840FDF7B3BF18
S21403CE80F8B516460C461D46BDF8187001F016FF99
S21403CE900444304601F012FF3A4641192046BDE8E5
S21403CEA0F840DEF7E9B870B50C46013189B206469C
S21403CEB0F6F7CCFA214605463046F6F7C7FA00EBF6
S21403CEC0052080B270BD1FB50123ADF80C2000937A
S21403CED00A460223014603A802F0B6FC05B05DF835
S21403CEE004FB0FB437B5069D0021A8B201F05AFF24
S21403CEF0044601F0E3FE2CB1002207AB0193D1B246
S21403CF008D4205D8204603B0BDE8304004B07047D4
S21403CF1053F8041B81540132F1E773B504460D46FA
S21403CF2040200021164601F03DFFADF8060001F053
S21403CF30C5FEBDF8063013B9002002B070BD40210F
S21403CF4033462A462044FFF71CFF211889B20DF109
S21403CF500600FFF76DFF0028EED1BDF80600ECE7EC
S21403CF600EB403B503AA52F8041B0192FFF7D5FFCC
S21403CF7002B05DF804EB03B070472DE9F7430F46A4
S21403CF8001218146164601F0D1FE054658B1FFF74A
S21403CF9068FF308088B9284601F0ACFE68B11920D6
S21403CFA003B0BDE8F083484601F0A4FEFF2FA0EBD4
S21403CFB00704E4B214D014B934800020F0E72A46FC
S21403CFC021462846FDF70FFF80460028E7D03B465C
S21403CFD04A4629460094FFF753FFA6F80080ECE77D
S21403CFE00120DDE708B5FDF7E3FE437803F0010013
S21403CFF01A074CBF10300830DB0644BF0830C0B2F7
S21403D0001030C0B208BD10B50C4601F073FEA04246
S21403D01034BF0020012010BD7FB5144600910246A0
S21403D02041F2092141F609209DF820601D46002E95
S21403D03018BF0146099B0020F6F730FAADF80E003C
S21403D04010B9002004B070BD01232A4621460DF115
S21403D0500E00E6F753F90028F3D1BDF80E00F1E70A
S21403D06038B50546FFF7BEFF0446284601F042FEE4
S21403D070631C9BB283420FD82846FDF799FE43787C
S21403D0805B0707D521462846F6F7E0F9013004EB9F
S21403D0904004E4B2204638BD0024FBE71FB5ADF8D4
S21403D0A00E0001F027FE0446BDF80E00FFF7D8FF7A
S21403D0B000F10E03DBB2BDF80E200146E01A80B283
S21403D0C000901046FFF7DCFEA4F10E0189B20DF1C5
S21403D0D00E00FFF7ADFE04B010BD4278034612F013
S21403D0E0080006D0D20702D403F10800704703F104
S21403D0F00900704737B505460C46FDF759FE4378D9
S21403D10013F0100212D09CB103F001021B074FF07C
S21403D11000032946009320464FF0080354BF1832F5
S21403D120203202F091FB012003B030BD1046FBE72E
S21403D1302046F9E773B505460C46FDF739FE4378F6
S21403D14013F0100211D094B1012603F001021B075D
S21403D15029464FF00803204654BF18322032009663
S21403D16002F072FB304602B070BD1046FBE7204665
S21403D170F9E700F00303012B08D0C30606D400F03A
S21403D1800C000C2814BF08200920704702207047A3
S21403D190034611F0030005D003F00303022B14BF6C
S21403D1A0022003207047F8B50C46064601F0A2FDA0
S21403D1B0631C834202D900252846F8BD2146304623
S21403D1C0F6F744F90746FFF7D4FF3B060546F3D5C3
S21403D1D00444304601F08EFDA4B2631C9BB2834226
S21403D1E0E9D821463046F6F731F901463846FFF7C7
S21403D1F0CFFF2844C5B2DFE770B506460D46FFF7F6
S21403D200D2FF044610B90024204670BD2946304696
S21403D210F6F71CF98206F7D5304601F06BFD254478
S21403D220ADB26B1C9BB28342EDD829463046F6F767
S21403D2300DF900F01803082B14BF05340634E4B2C6
S21403D240830644BF0834E4B2DEE738B50546FFF785
S21403D25007FF044608B9002038BD01462846FFF7F5
S21403D260CBFF0028F7D02044C0B2F5E72DE9F04302
S21403D27087B005460C46FDF79BFD804602F0E3F9B2
S21403D28007462846FFF7ECFE064601462846FFF704
S21403D2908AFF0022034600922946324602A802F07D
S21403D2A0D3FA9DF8086006F00C030C2B06F003096E
S21403D2B00BD0B9F1010F59D0F10657D49DF80930B8
S21403D2C00DF10A050020637107E0FF230DF1090045
S21403D2D0637102F0B8F90DF10B05208198F801305F
S21403D2E0DA0704D508F1020002F0ADF92081B9F19E
S21403D2F0010F5FFA89F83DD0F3063BD4284602F0C7
S21403D300A2F96080A81C02F09EF9053515F8013CC9
S21403D310208023712B78B006A37206F0400348BF23
S21403D32043F02003390627D543F40073F80448BFB7
S21403D33043F48063390548BF43F400633206E38051
S21403D34011D56A7812F003020DD06FEA43436FEAF1
S21403D3505343A978B8F1020FE3800B4611D1EB785B
S21403D36041EA0321218107B0BDE8F083FF230DF1D5
S21403D3700905A7E7FF23CCE77A0648BF43F4807383
S21403D380D4E7012A04BF0B029BB22381EBE7F6F72F
S21403D39061BD0BB1F6F7CABD0AB9F6F743BEFF2166
S21403D3A0F6F76CBD431C08BF0020DFF7C9B80000C2
S21403D3B0034B5868C0F30800003818BF01207047B5
S21403D3C000ED00E0014B1868704700BF4869002075
S21403D3D0084B1B6F03F00703022B04D0032B05D067
S21403D3E0012B05D0FEE7044B18687047034BFBE799
S21403D3F003487047008000504869002050690020A9
S21403D400002D310108B5FFF7E3FF054B1B6FC3F390
S21403D41001330133B0FBF3F0024B186008BD00BFC5
S21403D42000800050446900200048704700B4C404DC
S21403D43000487047002D3101014B1868704700BF44
S21403D44050690020174A9368C3F304430C2B0AD889
S21403D450DFE803F00B0909090909072119091B1D50
S21403D4601F001148704700207047936803F040730D
S21403D470B3F1807F11D0B3F1007F10D0002B0B489F
S21403D48018BF002070470A4870470A4870470A4882
S21403D49070470A4870470A4870470A4870470A4860
S21403D4A0704700BF0040015A405DC60000093D00BA
S21403D4B0C0EA210180BA8C010048E801005A6202E2
S21403D4C00024F40080841E0040420F00014B1868BD
S21403D4D0704700BF4C69002007B500F065FC6A463C
S21403D4E000F0C2FC18B14721034801F0CEFFDDE986
S21403D4F0000103B05DF804FBE6FF03000229F8B55C
S21403D50096BF104B00245C5C012805460E4608D0E7
S21403D510022809D008B944F002040B4B1F6837B938
S21403D520F8BD44F00804F8E744F02004F5E77B6808
S21403D5301A68144203D0314628465B6898473F680A
S21403D540EDE700BF529704003C3E002038B5104D6F
S21403D5502B78ABB10F4C23781BB100F031FA0023C4
S21403D5602370002001F0A4FF0B4C50B100F07AFAB0
S21403D5700023012120782B70FFF7C0FF01232370BF
S21403D58038BD0122054B1A702278054B1A70F7E74F
S21403D590365F0020345F00203B5F0020375F0020AB
S21403D5A0385F00200E490B78FF2B01D198B17047E6
S21403D5B00BB990B97047002814BF0122FF22134409
S21403D5C00B7060B1074B1B78012B08D9064B1B78F1
S21403D5D02BB9FFF7BBBF1A46F1E70122EFE7704707
S21403D5E03A5F00203B5F0020375F002010B501F054
S21403D5F04AFE064B04461B781BB1BDE8104001F0FB
S21403D6003DBEFFF7A3FF2046F7E700BF335F0020CA
S21403D61002282DE9F04147D029480378FF2B41D152
S21403D620002941D11A461344DBB2037000293BD0CC
S21403D630244E3278012A37D9002B3ED001F023FE40
S21403D640214F04463B780BB3204D2B781BB90122A0
S21403D6502A701F4A1370DFF87C8098F8003023B1D5
S21403D66000F0AEF9002388F80030204601F006FEED
S21403D670012001F01DFF01F006FE2B7804461BB1C6
S21403D68000F0F0F900232B7000233B70204601F0D6
S21403D690F5FD01243078A04206D02146FFF72EFF81
S21403D6A0347001E013B931B9BDE8F081002914BF25
S21403D6B00122FF22B7E70122B5E70224EAE700BF0B
S21403D6C03A5F00203B5F0020365F0020335F002078
S21403D6D0375F0020345F00202DE9F04385B0EFF379
S21403D6E0108572B6AFF3008001F0B7FF002800F094
S21403D6F09280624E624F337823B10020FFF752FFC9
S21403D70000233370387878B903A900F01DFB04466C
S21403D71050B95C4B039A1B689A4200F2848001203E
S21403D720FFF740FF012333703B78002B40F09980CE
S21403D730554B1B78002B00F091804FF00208534C9A
S21403D740DFF868912078404507D099F8003013B980
S21403D7504146FFF7D3FE84F80080B8F1020F0FD1DD
S21403D760DFF8248198F8003053B9494B1B7823B966
S21403D77000F020F90122474B1A70012388F8003085
S21403D780207800F0F7F899F8003013B1424B1B7875
S21403D7902370AFF30080284601F085FEEFF3108573
S21403D7A072B63E4B1A7852B100221A703A4B207862
S21403D7B01B78984203D101212170FFF79FFE38485A
S21403D7C000F082FA01F05DFF8046002893D12E4FC9
S21403D7D03B789BB189F80000DFF8B89099F80030E1
S21403D7E01BB100F0EDF889F80080002001F060FE20
S21403D7F0002839D000F036F900233B70337823B184
S21403D8000020FFF7CFFE0023337000212078FFF7B8
S21403D81075FE00232370AFF30080284605B0BDE8ED
S21403D820F04301F040BE1F4BD3F8008000F048F9E8
S21403D830039B80449845BFF472AF00F03BF9820027
S21403D840039942F0020292B2CDE900422346164AF9
S21403D850A1EB0801124801F02DFE65E700F09CF8E5
S21403D8606BE74FF001086AE7012000F083F82846CB
S21403D87001F019FEEFF3108572B6B6E7355F0020A8
S21403D8803A5F0020443E0020365F00203B5F0020C6
S21403D890395F0020345F0020385F0020315F0020AE
S21403D8A0483E0020403E0020EDD50300375F0020B1
S21403D8B010B501F0E8FC0022054B1C781A7001F045
S21403D8C0DDFC00F005FBE4B22043C0B210BD00BF90
S21403D8D0325F002038B501F0D6FC094B05461B78AD
S21403D8E0012B04D801F0CAFC0024204638BD054BA2
S21403D8F01C6800F0E5F80444284601F0BFFCF4E792
S21403D9003B5F0020403E00201549164A0B6F10B5BA
S21403D91003F007031360144A144C9269032B02F0B6
S21403D9200200C2F34002227017D0D1F8203103F070
S21403D9300703022B11D0D1F8803203F001030C4AFF
S21403D940137048B143B9064BD3F8003103F0030311
S21403D950591E4B424B41137010BD0123EFE700BF26
S21403D96000800050A43E002000C00150405F00200D
S21403D970415F0020012805D00238012808D800207E
S21403D980CCF7C6BC034A136923F00403136130BF04
S21403D990704700BF00ED00E0044B054AD3F8203182
S21403D9A003F007031360F7F712BF00BF00800050B1
S21403D9B0AC3E00200122014B1A7070473F5F0020E7
S21403D9C0F8B51F4B1B78002B39D01E4C2378B3B900
S21403D9D01D4B9A6DD10302D5DA6D92072FD49B6D3A
S21403D9E0DB072CD401F0A9FD184B194A1860136FF6
S21403D9F023F0070343F003031367FFF703FD01F068
S21403DA009CFD124B134D1B68134EC01A2B78134FF5
S21403DA1056F8232046F82300111A3A681048521A7B
S21403DA200A213A600932B2FBF1F20133DBB202603B
S21403DA30B3FBF1F201FB12332B7000232370F8BD06
S21403DA40415F00203E5F002000C000509C3E002047
S21403DA50008000503D5F0020743E0020703E002092
S21403DA606C3E002008B5F7F7B3FE0D4A0D49136F59
S21403DA70096823F007030B4313670B49D2F82031D9
S21403DA80096823F007030B43C2F82031074B1B78C2
S21403DA9013B10122064B9A62BDE80840FFF7B2BCF9
S21403DAA000800050A43E0020AC3E0020415F0020D2
S21403DAB000E00050014B1878704700BF415F00201C
S21403DAC0054B187818B1054B186800EBD000044BCB
S21403DAD01B681844704700BF415F00206C3E00205F
S21403DAE0A03E002008B50D4B1A7892B100221A709A
S21403DAF00B4A136F23F0070343F001031367D2F8AF
S21403DB00203123F0070343F00403C2F82031FFF764
S21403DB1079FC0122034B5A6708BD00BF3F5F002014
S21403DB200080005000E000500D490B68A0B10022B1
S21403DB30A3B1834203D1836822B90B6003E01A467C
S21403DB409B68F5E7936083680BB9002070475A69B2
S21403DB5041690A445A61F8E7222070470220704759
S21403DB60B83E002010B501F004FD0A4C0A4B1968B4
S21403DB702368C31A09B9206010BD002BFBD04A697D
S21403DB809A423ABF9B1A0022D21A4A6128BF002340
S21403DB908968EFE7B43E0020B83E002038B5154D3F
S21403DBA02B682BB35B69B3B1134A022014681C4479
S21403DBB000F088FA204600F047FA00220F492B6847
S21403DBC00A70012A05D823B1D88880070AD501230D
S21403DBD00B70002038BD022000F074FA022000F01B
S21403DBE093FAEAE79B68002BF3D058690244E8E708
S21403DBF02220EFE7B83E0020B43E0020435F00201B
S21403DC00C38870B504460D463BB9FFF763FE8542ED
S21403DC10064602D2F8F757FF35460E4A6561136883
S21403DC209BB91460A3600FE02D1A986819466561C6
S21403DC30034618B15869A842F6D941B18C60A3606F
S21403DC4013B15A69521B5A6170BD0021F2E7146082
S21403DC50F5E700BFB83E002070B516469DF81420C1
S21403DC60C0E903360271049ABDF818300260002238
S21403DC7004460D468260C38006BB01F07AFC284446
S21403DC80A0613DB9E368656113B1204621689847F2
S21403DC9096B1354601F0F7FA0646FFF763FF2946C5
S21403DCA02046FFF7ADFF074B1B68A34201D1FFF7E2
S21403DCB075FF304601F0E2FA002070BD01F059FC12
S21403DCC03044DDE7B83E0020F8B50546D0B101F094
S21403DCD0DAFA0646FFF746FF0B4B28461F68FFF7A0
S21403DCE023FF044620B1304601F0C8FA2046F8BDAB
S21403DCF0AF42F8D1FFF752FF2228F4D1022000F0FA
S21403DD00EDF9F0E72224F1E7B83E002038B50C46DB
S21403DD100546A8B1A1B100230B7001F0C1FA012199
S21403DD20084B1B6833B901F0B6FA002038BD9D4294
S21403DD3004D121702278002AF9D0F4E79B68F1E732
S21403DD402220F3E7B83E0020F8B506460F4601F05A
S21403DD50A7FA00250446124B1B6823B9204601F098
S21403DD609AFA1B2011E05A691544DA88B2420DD19B
S21403DD7001F0FFFB0B4E3368C01AA8420AD30023F8
S21403DD8020463B6001F087FA0020F8BDFF2EEFD057
S21403DD909B68E2E701F0EDFB33682B441B1AEFE7C1
S21403DDA0B83E0020B43E002070B501F079FA06466E
S21403DDB001F0DFFB084B044601201D6801F0C9FB98
S21403DDC018B101F0D6FB04460135304601F063FA7C
S21403DDD02046294670BD00BFC03E0020014B186890
S21403DDE0704700BFBC3E0020F8B50C4B05461B68C9
S21403DDF00E4683420FD3002440F2E7302146084BF9
S21403DE004FF47A721F680023E5FB0701DCF776FD03
S21403DE1030602046F8BD2120FCE700BFB03E00205E
S21403DE20BC3E00200F4B10B51A689AB14FF47A71B6
S21403DE30531E1342A0FB01010ED1B2FA82F2C2F1C5
S21403DE401F04531CD243E04001FA03F3184321FA9C
S21403DE5002F20243104610BD0023DCF74FFD0246D4
S21403DE60F8E700BFBC3E002038B5164B1446834285
S21403DE70154B8B4123D3154B1A6802B34FF47A75AF
S21403DE80A0FB050305FB0131531E134211D1B2FA61
S21403DE9082F3C3F11F055A1CDB4301FA02F2E84082
S21403DEA021FA03F310431843E940C4E900010020B4
S21403DEB038BD0023DCF722FDC4E90001F7E7212083
S21403DEC0F6E700BFEFA7C64B37894100BC3E0020EC
S21403DED010B501F0E5F9034B1C7801F0DCF9E4B268
S21403DEE0204610BD425F002008B5084B1B7803F0A0
S21403DEF0FF004BB101F021FB054B1B689B69C01A61
S21403DF0002288CBF0020012008BD00BF435F00200D
S21403DF10B83E0020C2072DE9F843044607D5474A12
S21403DF20136801331360FFF71DFEFFF737FEA307E1
S21403DF3040F1818001F0B4F94FF0000805464646EB
S21403DF40FFF710FE3E4F3C680CB16369A3B1002295
S21403DF503C4B012E1A7003D118F0020F18BF1E7027
S21403DF60FFF71CFE222802D1022000F0B7F828464D
S21403DF70BDE8F84301F08FB923465A693AB91A79CE
S21403DF802179914288BF1C469B68002BF5D1284611
S21403DF9001F081F9D4F81080B8F1000F3FD001F0FA
S21403DFA0E8FAA269851AEB17454573F1000337DBD8
S21403DFB023691344A36101232269CAB1C3B9A38B9E
S21403DFC0B8EB050833B1E28B13449BB2B3F57A7F03
S21403DFD01CD2E38301F064F9054641462046FFF769
S21403DFE00FFEA369226928461344A36101F053F97F
S21403DFF0E36813B1204621689847B4F8068001F019
S21403E0004FF901360546FFF7ADFD9CE7A3F57A7396
S21403E010E383A36918F1FF38013BA361DAE74546BA
S21403E02001F03EF981462046FFF77EFD484601F0A3
S21403E03032F90023C0E7BDE8F88300BFC03E0020E6
S21403E040B83E0020425F002010B5044601F01BF9DD
S21403E0504FF0B042936A1907FCD4136A116C5269E5
S21403E060120704D4CA1A032A01D899420ED1E21A17
S21403E070022A98BFDC1CB4F1FF3F38BF013C4FF0C7
S21403E080B04308221C6403F580539A6101F0F6F846
S21403E090054A13783BB14FF0B041CB6B43F0020314
S21403E0A0CB630023137010BDED6E002007B5044B41
S21403E0B001A9187901F08DF9019803B05DF804FB06
S21403E0C09095040000F001038207034A48BF43F01B
S21403E0D008039361704700BF00100058820700F0E2
S21403E0E001030AD50121064A43F0080311704FF0D5
S21403E0F0B041CA6B22F00302CA63024A93617047B7
S21403E100ED6E002000200058830742BF0822014B13
S21403E1105A6170470010005873B502AB164603E900
S21403E1200600044600F052FF0546204600F05EFF58
S21403E1309DF800208DB1202C33780ED8012B2ED8D5
S21403E1404FF6FF752D4803EB4313234430F81310A3
S21403E150A94202D0013120F81310294B294E33F877
S21403E160141036F81400814232D34FF6FF75A942D5
S21403E1704FF0010502D0013123F8141004F0FD011D
S21403E180092927D1998AB68A0A44B242B4BF9A8229
S21403E1909E8233F81430834227D202B070BD022B1E
S21403E1A0DBD14FF6FF704FF6FF75144B33F81410A0
S21403E1B0814218BF013104F1210018BF23F814105F
S21403E1C033F81010A9421CBF013123F81010C4E71E
S21403E1D00025D0E71D2CDCD1598F8E18864203DA32
S21403E1E001390A445A87D4E75887002DD5D12046EB
S21403E1F002B0BDE8704001F0D7B900BF5459002003
S21403E2002C5A0020D859002038B50D46044601F094
S21403E21047F8064A13889BB22DB123431380BDE803
S21403E220384001F038B823EA0403F7E71A5E002003
S21403E2300022034B01214FF480701A70FFF7E4BFEE
S21403E2407165002008B5054B1868FCF7C1FB00F0A4
S21403E2500300C31E5842584108BD00BF4056002065
S21403E26038B5044601F03EFA0C4B05461978187982
S21403E27081420FD0631E082B0CD8DFE803F0050D90
S21403E2800B0D0B0D0D0D0D0000220146044B1868F7
S21403E290FCF79CFB284638BD0022F7E71B6F0020DF
S21403E2A04056002038B54FF0FF300C46FFF77AF89B
S21403E2B00A4B05461868FFF775F8641B241A20B244
S21403E2C010F1630F06DB10F1240F05DA64308000CB
S21403E2D0C0B238BD0020FCE7FF20FAE74056002016
S21403E2E008B5134B1B78062B04D040F621011148C2
S21403E2F001F0CBF8104B1B881B0704D440F6220111
S21403E3000C4801F0C2F80D4B2A201978FFF7A8FF36
S21403E31000210820FFF778FF0222094B1A70094BE9
S21403E3201868E3F703FBBDE8084001F02AB900BF0D
S21403E33071650020F49104001A5E00206E650020CB
S21403E340506F00204056002010B50E4C236823B9AA
S21403E35040F6A3410C4801F098F82068013001F01C
S21403E36072F900F0070003280AD124680922012164
S21403E370204600F0E3FB205C031F5842584110BDC3
S21403E3800020FCE730560020F491040038B50C4614
S21403E39040B100210420FFF737FF01F0F2F8012C0B
S21403E3A01DD038BD244B1B889B07F6D50129234A6D
S21403E3B02FD1117869B30139C9B2117011B9202070
S21403E3C0FFF722FF00210220FFF71EFF04221C4B4B
S21403E3D000211C481A7000F05DFD01F0D2F81A4CBB
S21403E3E02068013001F02FF900F44060B0F5006FAB
S21403E3F01FD1246801210422204600F09FFB2044FD
S21403E40001F021F90146BDE838400022202001F042
S21403E410E3B800210D4D02201170FFF7F5FE2B78AF
S21403E420FF2B04D040F29961094801F02EF82C70B6
S21403E430B3E74FF6FF71E6E71A5E0020706500202B
S21403E44071650020506C002030560020516F00206C
S21403E450F491040038B5134C05462388580709D5AC
S21403E460FFF7F0FE01460720FFF7FAFEFF21012023
S21403E470FFF78CFF238899070BD50B4B2846197893
S21403E4808A1F51425141FFF7EBFE01210020FFF79F
S21403E4907DFF23881B0703D5BDE83840FFF720BF61
S21403E4A038BD00BF1A5E002071650020F7B5124C18
S21403E4B0D4E9006586EA020C85EA03070CEA000C39
S21403E4C00F405CEA070E15D086EA0C067D40C4E9C9
S21403E4D00065CDE900230B46084902460868FBF7AA
S21403E4E039FE38B14FF4FD71054803B0BDE8F0407E
S21403E4F000F0CBBF03B0F0BD5016002040560020FE
S21403E500F491040008B50A4B1B88DB0604D440F6D6
S21403E5104701084800F0B9FF00211020FFF774FEFA
S21403E520002000F06BFBBDE8084001F02AB800BFEE
S21403E5301A5E0020F49104002DE9F04F570680463A
S21403E54014461D4691B005D5FFF77CFE0146012013
S21403E550FFF786FEEE0403D500212D20FFF780FE8D
S21403E560A00224D54046FCF7DFFA0146F8B940205E
S21403E570FFF74AFE40460AA9FBF7B3FEB8B99DF873
S21403E5803030022B40F0D980BDF8280000F0B6FDED
S21403E590FF2808D14046FBF7A2FE40B901214020E0
S21403E5A0FFF732FE03E000F0C3FD0028F2D1A1031B
S21403E5B005D5FFF747FE01460320FFF751FEE201AC
S21403E5C004F0807640F1C080854B1B889B072DD5D1
S21403E5D0844E3068FBF71AFE40BB834B834F18709C
S21403E5E03B78FF2B04D040F25761814800F04DFF83
S21403E5F04FF0000900210220FFF706FE87F800907F
S21403E6007C4F3B78062B07D101210820FFF7FCFD42
S21403E61049462820FFF724FE3B78052B06D1002128
S21403E6202B20FFF71DFE3068E3F780F900F0A9FF03
S21403E630220717D56B4F0321386805AAFBF700FEA0
S21403E640064620B940F2C961694800F01EFF9DF8EE
S21403E6501430072B00F0D080FFF7F4FD01460420AA
S21403E660FFF7FEFDE10505D5FFF7ECFD01460420A7
S21403E670FFF7F6FD14F4863F05D0FFF7E3FD0146EA
S21403E6800220FFF7EDFDA20113D5FFF7DBFD0146E0
S21403E6900820FFF7E5FD00210420FFF7B5FD554BE5
S21403E6A01B78012B03D14F4B1868E3F73FF900F0B3
S21403E6B068FF14F0084F09D0FFF7C4FD0146072092
S21403E6C0FFF7CEFDFF210120FFF760FEA30009D56B
S21403E6D0FFF7B8FD01460620FFF7C2FDFF21012024
S21403E6E0FFF754FEA70705D53D4B1B881E0701D52C
S21403E6F0FFF7F6FD6C0603D500210A20FFF7B0FDF1
S21403E700280602D50120FCF720FAE90540F18581A9
S21403E71040460AAA05A9FCF757F99DF81430222BA0
S21403E72000F06D8100F28281152B40F26A8140F67B
S21403E7300A112F4800F0A9FE6FE1032B7FF437AFD1
S21403E7400AA801F06AF830E705F0020756EA07035D
S21403E7500DD0284B26201978A1F1060EDEF1000114
S21403E76041EB0E01FFF77CFD0121304611E004F07A
S21403E770805656EA07030FD01E4B26201978A1F1C0
S21403E780060CDCF1000141EB0C01FFF769FD0221E9
S21403E7903846FFF7FBFD4BE704F0884151EA0603D2
S21403E7A009D0144B272019788F1F79427941FFF738
S21403E7B057FD0221D9E705F008030B4302D02320B7
S21403E7C0FFF74EFD680703D500212420FFF748FD19
S21403E7D0E9077FF52DAF00212520FFF741FD27E749
S21403E7E01A5E00204056002070650020516F0020FE
S21403E7F0F491040071650020314638680AAAFBF7D5
S21403E80025FD20B14FF4DA619E4800F03EFEBDF8C8
S21403E8101630386802330AA9ADF82C30FBF718FD1A
S21403E82020B140F2DF61974800F02FFE00230093EB
S21403E83031460423386804AAFBF70CFD042804D0E9
S21403E84040F2E4618F4800F020FEDFF8589299F812
S21403E8500030C3BB0DF1110000F0F5FE00F0070019
S21403E860022830D1FFF7EEFC01460920FFF7F8FC3B
S21403E870854B1B78062B23D1844B9DF813201B78DE
S21403E8809A421DD19DF8353023B940F2FA617D488E
S21403E89000F0FBFD0DF1110000F0D5FEC0F30016ED
S21403E8A031462920FFF7DCFC00210820FFF7ACFCEB
S21403E8B0774B1E70FFF748FD10B93868E3F736F854
S21403E8C000F05FFECEE6BDF816000121083080B2E8
S21403E8D000F068FA039030B9FFF7B4FC0146042051
S21403E8E0FFF7BEFCECE700F0E9F905AA0146064689
S21403E8F03868FBF7B7FC99F800A0BAF1000F22D1ED
S21403E90006F1010B584600F09EFE83065AD538687A
S21403E910FCF70AF90746FFF795FC05370146F8B2F8
S21403E920FFF79EFC584600F08EFE00F00700032813
S21403E930584F2DD001210420FFF766FC4FF0FF301F
S21403E940FBF7AFFC386000225349BDF81630097850
S21403E950F718F1549DF83630BB709DF83730FB70CE
S21403E9600A9B190E3971190C7971FB71190A99F8FA
S21403E9700030B97123B9737892B343F020037370F0
S21403E980002000F069F97870039800F071FA97E7B1
S21403E99001210922304600F0D1F8305C0121042819
S21403E9A0C9D1FFF731FC4FF0FF30FBF77AFC3B4B46
S21403E9B038601B885806C6D551464020FFF724FC0E
S21403E9C00122C1E7FFF73EFC01460920FFF748FC9A
S21403E9D02D4B1B78012BB6D13868E2F7A7FFB2E7B9
S21403E9E023F02003CBE701227E33DBB202FA03F3E4
S21403E9F013F00A1F31D113F0011F3FF498AE2720FE
S21403EA002CE0012202FA03F3254A1A402ABB13F02C
S21403EA10041FF4D1DA077FF58AAEAB052FD50121A3
S21403EA20802011B0BDE8F04FFFF7EEBB652B1AD878
S21403EA30622B12D8452B0CD8422B0ED8352B06D872
S21403EA40322B0AD8252B08D9322BD8D06FE6422B87
S21403EA50FBE7552B05D8522BF7D92620FFF7FAFCF0
S21403EA60DBE7622BF1E7952B3FF661AE812BBAD835
S21403EA70722BC4D0733B022B3FF659AEEDE711B0B1
S21403EA80BDE8F08FF4910400716500206D650020E9
S21403EA90506F00202C560020526F00201A5E002074
S21403EAA03A00380074650020024B1878B0FA80F0FC
S21403EAB0400970477165002008B5064B4FF0FF31DB
S21403EAC01868FBF7A7FF0028B8BF033040F387009A
S21403EAD008BD00BF4056002008B5074B1868FBF773
S21403EAE0CEFA30B1054BB3FBF0F083B20BB1184648
S21403EAF008BD0120FCE700BF4056002040420F003F
S21403EB0038B510200C460121FFF77EFB064B1D6827
S21403EB10FFF7E2FF012200FB04F1044B2846FBF754
S21403EB205EFF002038BD00BF4056002005E5030009
S21403EB30014800F0AABC00BF0E920400032A70B579
S21403EB40144602D82C4B985C70BD81F0010519B9A8
S21403EB500D2A07D1FF20F7E70D2A03D100780538E1
S21403EB60C0B2F1E7084400F06EFDC5F1040110F4ED
S21403EB7040660246C9B209D1042C0846E4D0052CE7
S21403EB8016D112F0400F18BF0846DDE7C5F106039D
S21403EB90042CD8B2D8D0B6F5006F03D1C5F108055A
S21403EBA0E8B2ECE7B6F5406FE9D1C5F10E05F7E735
S21403EBB012F4404107D1062CC6D0072CC4D0082C2B
S21403EBC013D10130CCE755065CBF831CD8B2062CA4
S21403EBD0BAD0B1F5004F02D1831CD8B2EDE7B1F538
S21403EBE0404FEAD100F10803F7E7130744BF0530A7
S21403EBF0C0B20C2CA8D9ADE77CDD0400AC2370B5FD
S21403EC00094C054603FB00435E6D26B940F2FD3111
S21403EC10064800F03AFCAC2303FB05440023636577
S21403EC203346BDE870401847445600204B92040014
S21403EC3010B40C461146AC22064B02FB0033586D4B
S21403EC4020B95C655DF8044BFFF75ABF02205DF8F8
S21403EC50044B704744560020AC22034B02FB0033A0
S21403EC6093F8A800704700BF4456002028B1034B12
S21403EC701B68C01A4010013080B27047045700204A
S21403EC8030B1044B00F100401B68013803EB400031
S21403EC90704700BF04570020064B1B68834206D804
S21403ECA0054B1B68834294BF002001207047002059
S21403ECB0704700BF045700200057002010B50446D5
S21403ECC008B9002010BD00F01BFD20B940F2CD416D
S21403ECD0074800F0DAFB2046FFF7D2FF0028F0D003
S21403ECE00388DB0B14BFD0F80A000830EAE700BF3E
S21403ECF02292040010B508B9002010BDFFF7C0FF2C
S21403ED00044600F0F4FC20B94FF49D61064800F079
S21403ED10BCFB002CF0D02388DB0B0ABF608820895D
S21403ED20C0F30C00E9E700BF2292040038B5FFF7F2
S21403ED30A7FF0D46044650B100F0D9FC20B940F2B7
S21403ED404151034800F0A1FB023534F8150038BDE5
S21403ED502292040070B5FFF793FF0C46164605464D
S21403ED60B0B100F0C4FC20B940F24D510C4800F09D
S21403ED708CFB3046FFF784FF00F0B9FC20B940F265
S21403ED804E51074800F081FB023425F8146070BD2D
S21403ED9040F25251BDE87040014800F076BB00BF18
S21403EDA0229204002DE9F8430746884600F00FFC3C
S21403EDB020B940F28E512A4800F067FBFC1CA408D9
S21403EDC0284B64000434B7F5005F1E68A4B204D36E
S21403EDD040F29551224800F058FB00F061FA2249B0
S21403EDE081460B687BB9214B1D68761BC6F34F061D
S21403EDF0B44227D90025484600F04DFA2846BDE818
S21403EE00F843FFF733BFB8F1000F11D0174A156860
S21403EE105A1BC2F34F029442ECD81448620005EB27
S21403EE2044040460B8F1000F0FD113440B600CE0E8
S21403EE30F61AC6F34F0676B940F2A651084800F014
S21403EE4024FBD7E705EB44041C6000236F80AB80EC
S21403EE50EB802B80CFE7B442CCD8044A1568DCE7B6
S21403EE602292040008570020F05600200057002086
S21403EE7038B5054600F014FA04462946044800222D
S21403EE8000F04BFC2046BDE8384000F004BA00BF53
S21403EE90205E002082684B4B2DE9F0419A420446DF
S21403EEA00E46056815D121B140F21311464800F00D
S21403EEB0ECFA00F0F5F923691BB92B682BB924612A
S21403EEC02C60BDE8F04100F0E6B91A6922611C61C6
S21403EED0F6E700F0D3FA8046FEF76AFA20B14FF45D
S21403EEE09571394800F0D1FA6FF000439E422169CC
S21403EEF04BD22B7B08EB0602002B4DD0AB6893421C
S21403EF004AD1531C002949D06169994242D01EB99F
S21403EF10521AB2F1004F3DD9636123696E689C4271
S21403EF2003D19D21284800F0B0FA2F460023B442AF
S21403EF300BD0002B41D172696169891AB1F1004F78
S21403EF4032D83269374694422CD12269BD420CBF6F
S21403EF506A603A617BB92669B44203D1B8211A487C
S21403EF6000F093FA3B46012E05D062697169521A86
S21403EF70B2F1004F23D99D420BBF6B681A69236118
S21403EF8022610CBF6C601C6104E0434431B16269CA
S21403EF909342C1D1BDE8F0811346B3E76A682261A4
S21403EFA06C60B9E71646C6E7A8EB0202B2F1004F5B
S21403EFB0C7D93B4637463669B9E71F46F9E73346AE
S21403EFC03669D0E721340200369204000823064A45
S21403EFD012F8011B814205D0013B13F0FF03F7D162
S21403EFE018467047012070472DDE04000823064AA2
S21403EFF012F8011B814205D0013B13F0FF03F7D142
S21403F000184670470120704725DE040010B5082215
S21403F01007490446DCF72AFBB0FA80F04FF6FF7385
S21403F0202289400940009A4208BF40F0010010BD03
S21403F0303EDE040030B504460D4685B002B9084AE4
S21403F0401068516801AB03C301AB03CB20602046B5
S21403F050ADF80C501B886160238105B030BD00BF3E
S21403F060CA1B0400002270B50A4B1C780A4BD5B2A3
S21403F070AC4202D800200C7008E01E88013286429B
S21403F08005D30D701B881B1A5842584170BD1233A6
S21403F090EDE700BFEE640020D85B0020F8B5154B03
S21403F0A004461D680E46E5B1134B1F78874218D9F0
S21403F0B000EB400305EBC30526B92B69DA0712D428
S21403F0C02046F8BD08223146281DDCF7CFFA50B992
S21403F0D02B69DB07F4D40134E4B2A74205F1180523
S21403F0E0F0D1FF24ECE70134E4B2A74205F118059A
S21403F0F0E2D1F6E76C570020706F00200A4B0146FA
S21403F1001B6830B52BB1094A14780022D0B284426A
S21403F11001D8FF2030BD5D888D4202D11D69ED0701
S21403F120F8D401321833F1E76C570020706F0020D3
S21403F1300F4A03461068D0B10E4A12789A4215D980
S21403F14019B203EB430300EBC300036913F001009A
S21403F1500DD0094A126832F8112002F4E2622AB985
S21403F16013F00C0F14BF01200020704701207047D6
S21403F1706C570020706F002068570020094B1B68EF
S21403F1806BB1094A1278824209D900EB4000C200EB
S21403F19003EBC0000169C90701D5985C7047FF20DF
S21403F1A0704700BF6C570020706F00200C4A034660
S21403F1B0106890B10B4A12789A420DD903EB4303B9
S21403F1C000EBC300D0E9043213F001004FF0000156
S21403F1D004D018461146704700200146704700BF0A
S21403F1E06C570020706F002010B5164B187860B16E
S21403F1F0154C2368CBB14FF4707200201349FFF708
S21403F20017FD2368013B236010BDFFF755FC10492B
S21403F210104A91F90040136884420B4C03F1010332
S21403F22013602368B8BF087053B90B4800F09DFA03
S21403F2300028E9D1BDE8104001460748FFF72ABE7B
S21403F2400822DAE7D065002088570020E9F103009A
S21403F250CB650020805700205C6E0020054B1B68A2
S21403F2602BB9054B1868003818BF012070470120DA
S21403F270704700BF785700207457002010B962B655
S21403F280BFF36F8F7047EFF3108072B6704730236B
S21403F29083F31188704780F31188BFF36F8F70472D
S21403F2A0EFF31180302383F31188704700207047F3
S21403F2B04FF4004070474FF47A707047012241784C
S21403F2C003788A4030214B4341F2100103F1A043F7
S21403F2D003F570335A507047B0F5802F24D010D8FA
S21403F2E0B0F5003F22D006D828B3B0F5803F14BF50
S21403F2F0012048207047B0F5403F14BF01202C2062
S21403F3007047B0F5302F13D008D8B0F5E02F11D0E2
S21403F310B0F5202F14BF012010207047B0F57F0FE3
S21403F32014BF0120062070474B2070472A207047E1
S21403F330112070472120704708B570B100F022F8FD
S21403F3404FF098435A6CD202FCD5586D10F47020D7
S21403F35004D0BDE80840FFF7BFBF212008BD08B5AD
S21403F36028B128220021DBF735FE002008BD212026
S21403F370FCE7036A042B9FBF00EB83020133D160D3
S21403F38003627047036A052B14D84FF09842116C3A
S21403F390C902FCD504339B0013650168103B11605A
S21403F3A04168116050F8081F11604FF098420344FB
S21403F3B0984200D1704750F8041F1160F8E783683D
S21403F3C013B9816070475B685A68012AFBD159609C
S21403F3D0704709B100F008B822207047012100F0F9
S21403F3E046B8002100F043B870B506460D46FFF751
S21403F3F057FF04461D2E37D8DFE806F00F18361CD5
S21403F4001E203622243636362628362A2C2E30362A
S21403F41036363634363636363632FDF7D9FF0026DC
S21403F42028602046FFF737FF304670BD0120CAF735
S21403F43009FDF4E70320FAE70420F8E70C20F6E7D3
S21403F4400220F4E70620F2E70720F0E70820EEE7BD
S21403F4500520ECE70920EAE70A20E8E70D20E6E7BF
S21403F4601020E4E70B20E2E700202126D8E700205F
S21403F470704708B5FEF730F880B208BD08B5FEF74A
S21403F4802BF808BD704742DE704738B504460D4674
S21403F49000F008F8FFF7FBFE29462046BDE8384093
S21403F4A0FFF7F1BF704710B962B6BFF36F8F7047AF
S21403F4B0012070472DE9FF410D4616461F460446B8
S21403F4C0A8B14FF00008C0F81C80FEF7FDFBBDF89E
S21403F4D02C30424602939DF828302946CDE9007326
S21403F4E020463346FEF7B8FB04B0BDE8F081222081
S21403F4F0FAE7F0B51F46002387B00D4616460446C6
S21403F5008DF81730A8B1C3610DF11701FEF7FEFBA6
S21403F5109DF817207AB9BDF83430294602939DF832
S21403F52030302046CDE900733346FEF795FB07B02F
S21403F530F0BD2220FBE70320F9E738B5FFF7B0FE5E
S21403F540054600F016F804462846FFF7A4FE2046B4
S21403F55038BD4FF0B04301285B6904D0022805D1BB
S21403F560C3F3C000704703F00100704700207047E4
S21403F57070474FF0B0439A6A1207FCD4186A704774
S21403F580704708B5FFF7FCFF00F01DF808BD10B57F
S21403F590FFF779FE012104460846FEF739F82046B0
S21403F5A0BDE81040FFF76ABE10B5044600F012F837
S21403F5B02046FAF7E2FC2046F7F7F3FDBDE81040D5
S21403F5C0F9F7AAB9704708B5FFF7FCFF08BD012095
S21403F5D0704770470020704730B589B00446ADF8D1
S21403F5E006108DF81020FFF7F1FC05462046FFF7BE
S21403F5F0FDFC03469DB1BDF80600ABB900F0BAF8B2
S21403F600FF2808BF00200DF10F038DF80F001A46E0
S21403F610204604990593FEF77FFD09B030BD002808
S21403F620F5D00DF10603F2E700F0A4F8FF2808BFB3
S21403F6300020BDF806308DF80F00ADF81A308DF8AF
S21403F640180006ABE3E7008870470170090A4170AB
S21403F6507047012070470120704738B5DAF7FAFB88
S21403F6600446CFF775FE051E18BF2546CFF742FFA3
S21403F670041E18BF2C46FFF7ECFF002818BF2046D1
S21403F68038BD38B5FEF714F90446F6F740FF0428EC
S21403F6901ED002284FF0000508BF0124F7F750FEDE
S21403F6A0042817D0022808BF0124F7F768FB0428AC
S21403F6B012D0022808BF0124FFF7CDFF04280DD07F
S21403F6C0022808BF0124002D18BF0024204638BD99
S21403F6D00125E3E70125E8E70125EDE70024F5E743
S21403F6E0FF20704708B5FFF7FBFF002008BD08B5ED
S21403F6F020B1FFF7D1FA00F0010008BD0120FAE7B8
S21403F70008B5FFF7BDFABDE80840FFF7F0BF00886D
S21403F71010B1C9B2FFF70ABB70472DE9F041B0F844
S21403F720008006460C46D5B2B8F1000F11D0294624
S21403F7304046FFF7FBFA2246074629464046FFF7B0
S21403F74009FB3A4629462046FFF704FB3480BDE80A
S21403F750F0810F46F5E703461B8808468B4202D026
S21403F7600021FFF7E3BA002070470069003818BF8E
S21403F7700120704700207047F8B506460D46FFF790
S21403F78045FC0328044621D02846FFF73FFC032800
S21403F79007461BD010F0020318D1A0070DD5F907B2
S21403F7A016D401233C43E20704D431892A899142C3
S21403F7B018BF002303F00100F8BD0822294630468F
S21403F7C0DBF754FFB0FA80F35B09EBE70020F3E7BF
S21403F7D01846F1E770B50D4600210646FFF797FF7A
S21403F7E0044630B1FFF76AFA01462846FFF7C4FF1E
S21403F7F008B1204670BD21463046FFF7ACFFEFE761
S21403F80007B50DF10701FFF72DFC20B19DF80700A2
S21403F81003B05DF804FBFF20FAE708B500F009F82B
S21403F820FF2804D0FFF7C2FCC0F3C00008BD0120C8
S21403F830FCE701460020FFF731BC08B5FFF75EFC86
S21403F840FF3818BF012008BD2DE9F84307460846D0
S21403F850154688461C469DF82090FFF72FFA461952
S21403F860A4B19EB14046FFF745FA254485420FDC16
S21403F8702246B9F1000F06D131463846DBF7FCFBCA
S21403F8800020BDE8F88339463046F7E72120F8E73D
S21403F8901D20F6E700000000000000000000000046
S21403F8A0F8B500BFF8BC08BC9E467047F8B500BF65
S21403F8B0F8BC08BC9E4670475FF800F09D670020C2
S21403F8C05FF800F00167002044657669636520747D
S21403F8D0797065206368616E676520646574656327
S21403F8E07465643A202564202D3E2025640D0A00A5
S21403F8F050726573732064657465637465640D0A7A
S21403F900004D756C7469207072657373206465743A
S21403F91065637465643A2025640D0A0052656C6558
S21403F9206173652064657465637465640D0A004CD1
S21403F9306F6E672070726573732064657465637495
S21403F94065640D0A0072656C61795F737461727425
S21403F9505F6C61746368696E675F70756C73653A34
S21403F96020616E6F746865722070756C73652069AC
S21403F97073206163746976650D0A0072656C61793C
S21403F9805F6F6E0D0A0072656C61795F6F66660D58
S21403F9900A0072656C61795F746F67676C650D0A40
S21403F9A00057726974696E6720636F6E66696720B5
S21403F9B0746F206E763A2025730D0A0053697A65B4
S21403F9C03A2025640D0A004661696C656420746FED
S21403F9D0207772697465204445564943455F434F13
S21403F9E04E4649475F4441544120746F204E562C7F
S21403F9F0207374617475733A2025642E2028627907
S21403FA007465733A202564290D0A0073756363656C
S21403FA107373210D0A004661696C656420746F2058
S21403FA2072656164204E565F4954454D5F444556A2
S21403FA304943455F434F4E4649472C207573696ECD
S21403FA40672064656661756C7420636F6E666967AC
S21403FA5020696E73746561642C20737461747573A6
S21403FA603A2025642E202862797465733A2025642B
S21403FA70290D0A005573696E6720636F6E666967A2
S21403FA803A2025642063686172732066726F6D0D79
S21403FA900A25730D0A006D756677763072793B54C6
S21403FAA053303030322D50533B4C43323B5341336B
S21403FAB0753B5241343B4943303B534231753B52CD
S21403FAC044313B4943313B4D3B004E6574776F727F
S21403FAD06B20737461747573206368616E67656405
S21403FAE020746F2025640D0A004D616E7566616390
S21403FAF0747572657220746F6F206269670D0A00F1
S21403FB004D6F64656C20746F6F206269670D0A0021
S21403FB10496E697469616C697A696E67205A6967A8
S21403FB206265652077697468202564207377697435
S21403FB30636865732C2025642072656C6179732C69
S21403FB4020256420636F7665722073776974636813
S21403FB5065732C20256420636F766572730D0A0027
S21403FB60436F6E6669672070617273656420737590
S21403FB70636365737366756C6C790D0A00726561F1
S21403FB80642076657273696F6E20666F726D206E81
S21403FB906577206C6F636174696F6E0D0A0046614A
S21403FBA0696C656420746F207772697465206C6174
S21403FBB073745365656E56657273696F6E20746FE2
S21403FBC0204E562C2073743A2025640D0A004F6C81
S21403FBD0642076657273696F6E3A2025640D0A0099
S21403FBE043757272656E742076657273696F6E3ACA
S21403FBF02025640D0A00524553455420414C4C21A0
S21403FC000D0A0068616C5F6770696F5F63616C6C97
S21403FC106261636B3A2065787469206C696E65204F
S21403FC20256C642073746174757320256C750D0AD6
S21403FC300068616C5F6770696F5F63616C6C6261BB
S21403FC40636B3A206E6F206672656520455854498B
S21403FC50206C696E65730D0A002F686F6D652F72D1
S21403FC60756E6E65722F776F726B2F747579612D53
S21403FC707A69676265652D7377697463682F74752F
S21403FC8079612D7A69676265652D73776974636830
S21403FC902F73696C6162735F746F6F6C732F736914
S21403FCA06D706C69636974795F73646B2F2E2E2F86
S21403FCB02E2E2F7372632F73696C6162732F6861C4
S21403FCC06C2F7A69676265652E630044726F707085
S21403FCD0696E67206F6C64204F544120696D6167BD
S21403FCE0652C2063757272656E74206F6666736525
S21403FCF0743A20256C750A00556E6B6E6F776E200E
S21403FD00636F76657220636F6D6D616E643A20254E
S21403FD10640D0A00556E6B6E6F776E20636D6420FC
S21403FD2025640D0A00427574746F6E2070726573D5
S21403FD30732064657465637465642C20627574202F
S21403FD406E6F20627574746F6E20697320707265AF
S21403FD50737365640D0A00427574746F6E206C6F5E
S21403FD606E6720707265737320646574656374656B
S21403FD70642C20627574206E6F20627574746F6EC7
S21403FD80206973206C6F6E67207072657373656489
S21403FD900D0A004E6F20636F766572207377697461
S21403FDA0636820636F6E66696720696E204E562C03
S21403FDB0207573696E672064656661756C74730D70
S21403FDC00A00417474726962757465206368616EB3
S21403FDD06765642C2065703A2025642C20636C7557
S21403FDE0737465723A2025642C20617474723A2009
S21403FDF025640D0A00556E6B6E6F776E204C657624
S21403FE00656C4374726C20636F6D6D616E643A202B
S21403FE1025640D0A00556E6B6E6F776E204F6E4F1E
S21403FE20666620636F6D6D616E643A2025640D0A05
S21403FE3000496E6465782061742077726974652062
S21403FE40617474723A2025640D0A004E6F2073772E
S21403FE506974636820636F6E66696720696E204EF7
S21403FE60562C207573696E672064656661756C74BD
S21403FE70730D0A00496E76616C69642072656C6165
S21403FE80795F696E64657820256420696E204E5616
S21403FE902C20726573657474696E6720746F2064B2
S21403FEA0656661756C740D0A003E2000556E6B6EB8
S21403FEB06F776E206572726F7200496E707574206C
S21403FEC06275666665722069732046554C4C004D14
S21403FED06178696D756D206E756D626572206F66EB
S21403FEE020617267756D656E7473206578636565EA
S21403FEF06465640054686520617267756D656E7429
S21403FF00206973206E6F7420666F726D61747465FA
S21403FF106420636F72726563746C7900496E636FF5
S21403FF20727265637420617267756D656E74207492
S21403FF3079706500496E636F7272656374206E75BF
S21403FF406D626572206F6620617267756D656E748B
S21403FF5073004E6F20636F6D6D616E6420666F7500
S21403FF606E640075696E7438006164646974696FE1
S21403FF706E616C002A00756E6B6E6F776E00776924
S21403FF806C6463617264006865786F707400737480
S21403FF9072696E676F70740075696E7433326F7052
S21403FFA0740075696E7431366F70740075696E749B
S21403FFB0386F70740068657800737472696E6700D2
S21403FFC075696E7431360075696E743332002E2E81
S21403FFD02E200068656C70000A25730A2573257346
S21403FFE00025732008002F686F6D652F72756E6E7F
S21403FFF065722F776F726B2F747579612D7A6967C7
S2140400006265652D7377697463682F747579612DDD
S2140400107A69676265652D7377697463682F736997
S2140400206C6162735F746F6F6C732F73696D706C41
S21404003069636974795F73646B2F706C6174666F3F
S214040040726D2F736572766963652F6C656761637D
S214040050795F68616C2F7372632F626173652D72AA
S21404006065706C6163656D656E742E63002F686FD2
S2140400706D652F72756E6E65722F776F726B2F7447
S2140400807579612D7A69676265652D73776974631E
S214040090682F747579612D7A69676265652D737743
S2140400A0697463682F73696C6162735F746F6F6CD5
S2140400B0732F73696D706C69636974795F73646BAD
S2140400C02F706C6174666F726D2F736572766963D8
S2140400D0652F746F6B656E5F6D616E616765722FF9
S2140400E06C65676163792F7372632F736C5F746FCB
S2140400F06B656E5F6D616E616765722E63002F6857
S2140401006F6D652F72756E6E65722F776F726B2FBB
S214040110747579612D7A69676265652D737769747C
S21404012063682F747579612D7A69676265652D73C6
S21404013077697463682F73696C6162735F746F6F39
S2140401406C732F73696D706C69636974795F73641B
S2140401506B2F706C6174666F726D2F73657276693F
S21404016063652F746F6B656E5F6D616E6167657234
S2140401702F6C65676163792F7372632F736C5F747A
S2140401806F6B656E5F6D616E7566616374757269BB
S2140401906E672E630043757272656E7420436F6ECD
S2140401A06669673A202530780053657420434341D6
S2140401B0206D6F646520746F2025643A202530789E
S2140401C000656E61626C65640064697361626C6587
S2140401D064006F757428636C69656E742900696EB3
S2140401E0202873657276657229004D46472053743D
S2140401F072696E673A202573004170704275696CA7
S214040200646572204D464720436F64653A20307813
S21404021025303458006E6F6465205B004164646961
S21404022074696F6E616C20696E746572666163656D
S2140402307300202025643A200070616765205B25E2
S214040240645D206368616E205B25645D2070777250
S214040250205B25645D006E6F742061637469766547
S214040260006572726F7220307825303858007061DD
S2140402706E4944205B3078253034585D206E6F64B8
S214040280654944205B3078253034585D200078700A
S214040290616E205B307800706172656E744944202C
S2140402A05B3078253034585D20706172656E745208
S2140402B0737369205B25645D006E6F6465547970A2
S2140402C065205B005365637572697479206C657686
S2140402D0656C205B253032585D006E6574776F72EE
S2140402E06B207374617465205B253032585D200082
S2140402F04275666665722062797465733A20256471
S214040300202F20256400457020636E743A202564EF
S214040310006570202564205B656E64706F696E747A
S2140403202025732C206465766963652025735D201B
S214040330006E776B205B25645D2070726F66696C57
S21404034065205B3078253034585D206465764964D2
S214040350205B3078253034585D20766572205B301B
S21404036078253032585D0020202020257320636CC9
S21404037075737465723A2030782530345820004EF0
S214040380776B20636E743A202564006E776B2025A5
S21404039064205B25735D005072696D617279202854
S2140403A070726F290020206E6F6465547970652022
S2140403B05B3078253032585D002020736563757293
S2140403C069747950726F66696C65205B3078253085
S2140403D032585D0045502025643A20257320004598
S2140403E072726F723A2020556E6B6E6F776E206550
S2140403F06E64706F696E742E00456E61626C652063
S2140404006576656E7420646562756720696E666FCE
S21404041020696E20436F726520434C4920636F6DDC
S214040420706F6E656E74006F6E6C7920636F6F729A
S21404043064696E61746F72732063616E20666F7296
S2140404406D0A006A6F696E203078253038580A00C5
S2140404506C65617665002573203078253032580A3D
S2140404600072656A6F696E44696666446576696398
S2140404706554797065006578742E2050414E204985
S214040480443A20004E574B206F70656E3A2025750F
S21404049020736563004E574B20636C6F736564006E
S2140404A066696E64206A6F696E61626C653A2030B4
S2140404B078253032580066696E6420756E757365EB
S2140404C0643A20307825303258004368616E676994
S2140404D06E6720746F206368616E6E656C20256499
S2140404E03A2030782530325800696E76616C69643B
S2140404F0206E6574776F726B20696E64657800533E
S214040500686F72742049443A203078253034582C69
S2140405102045554936343A20002C2050616E204937
S214040520443A203078253034580053746172746528
S21404053064206D756C74692D70687920696E7465B5
S2140405407266616365004661696C656420746F2039
S2140405502573202573203078253032580054657270
S2140405606D696E6174656420257320307825303299
S21404057058004B65657020616C69766520737570EC
S214040580706F727420656E61626C65642E006661BD
S214040590696C656420746F20736574206B65657080
S2140405A020616C697665206D6F64652E00737563D3
S2140405B06365737366756C6C7920736574207468F0
S2140405C065206368696C642074696D656F75742052
S2140405D06F7074696F6E206D61736B2E006661694F
S2140405E06C656420746F207365742074686520637A
S2140405F068696C642074696D656F7574206F7074B7
S214040600696F6E206D61736B2E00646973636F7619
S2140406106572004D61746368202573792066726F75
S2140406206D203078253034582C20657020256400E1
S2140406304E574B2041646472657373207265737001
S2140406406F6E73653A203078253034580049454536
S21404065045204164647265737320726573706F6EAF
S21404066073653A200053657276696365202573794D
S21404067020646F6E652E0023202074797065202018
S214040680206E776B20206C6F6320202072656D20AF
S2140406902020636C75732020206E6F6465202020F4
S2140406A065756900202025642020202030782530B8
S2140406B0345820203078253034582020307825309F
S2140406C03458203078253034582000736C5F7A69AB
S2140406D0676265655F6765745F62696E64696E67A5
S2140406E0204572726F723A203078253038580A00E6
S2140406F02564206F662025642062696E64696E67CF
S21404070073207573656400656E61626C6564207041
S21404071072696E740064697361626C6564207072D9
S214040720696E7400616464206C696E6B206B657915
S214040730004552523A2043616C63756C617465647B
S2140407402043524320646F6573206E6F74206D617E
S214040750746368004552523A20496E7374616C6C37
S21404076020436F6465206D75737420626520382C91
S2140407702031302C2031342C206F72203138206206
S2140407807974657320696E206C656E6774680045BD
S21404079052523A204145532D4D4D4F20686173689F
S2140407A0206661696C65643A2030782530325800DA
S2140407B0536574206A6F696E696E67206C696E6B28
S2140407C0206B6579007365742062696E6420256405
S2140407D03A2030782530327800454D50545900552B
S2140407E04E494341004D324F4E45004D554C5449F9
S2140407F0003F2020202000496E6465782049454546
S21404080045204164647265737320202020202020D4
S21404081020204E574B496E6465782020496E20464A
S21404082043202020202054544C28732920466C61F1
S21404083067202020204B6579202020200025642076
S2140408402020202000202025642020202020202076
S21404085000202025303858202000203078253034D9
S21404086058202000496E6465782049454545204156
S2140408706464726573732020202020202020204981
S2140408806E20464320202020205479706520204185
S21404089075746820204B6579002D202020202000C8
S2140408A02563202020202025632020202020006986
S2140408B06573005741524E494E473A2020524541EF
S2140408C044494E47204F46204B45592056414C55E7
S2140408D045532044495341424C4544204259204DF7
S2140408E0464720544F4B454E004E574B204B657998
S2140408F0002573206F75742046433A2025303858F7
S21404090000257320736571206E756D3A2030782546
S214040910303258002573206F75742046433A2025DC
S2140409203038780054432025732000257320546102
S214040930626C650025642F256420656E7472696593
S2140409407320757365642E005472616E7369656EE8
S21404095074204B657900256420656E7472257320B7
S214040960636F6E73756D696E6720256420706163AE
S2140409706B65742062756666657225732E0057492A
S2140409804C4C0057494C4C204E4F540054727573CF
S214040990742043656E74657220257320616C6C6FD9
S2140409A0772074727573742063656E746572207232
S2140409B0656A6F696E73207573696E672077656CF8
S2140409C06C2D6B6E6F776E206B65792E0053657495
S2140409D02074696D656F757420666F722054727525
S2140409E073742043656E7465722072656A6F696EEF
S2140409F073207573696E672077656C6C2D6B6E6FEC
S214040A00776E206C696E6B206B657920746F202579
S214040A1064207365636F6E64732E004552524F52A2
S214040A203A20002573737461636B206D75737420AC
S214040A30626520646F776E2E0052656164696E6726
S214040A4020416C6C6F7765640048617368696E67F3
S214040A50206F6E6C7900736C5F7A69676265655F98
S214040A606B65795F73657474696E67735F743A2037
S214040A703078253034580020205065726D697373C1
S214040A80696F6E733A202573004572726F723A204E
S214040A904661696C656420746F2067657420636FB3
S214040AA06E6669672C207374617475733A203078A7
S214040AB025303858004661696C65643A20307825DC
S214040AC0303858004D73673A20636C75732030785D
S214040AD0253034582C20636D642030782530325805
S214040AE02C206C656E202564006275666665723A15
S214040AF02000454D4245525F0025735345435552E9
S214040B004954595F4C4556454C3A202530325800D6
S214040B1025736572617365206B65792025643A20B8
S214040B2030782530385800636D64206E6F74206208
S214040B3075696C7400737263206570202530327892
S214040B402C20636C757320253034780073656E64CE
S214040B50696E6720746F206D756C74696361737455
S214040B602062696E640025733A2065703A20256415
S214040B702C20636C3A203078253034582C2061744D
S214040B8074723A20307825303458002C20737672EC
S214040B903A2025630025733A20726561643A203052
S214040BA07825303278002C207376723A2025632C10
S214040BB02064747970653A203078253032580041C4
S214040BC07267756D656E7420617420696E646578ED
S214040BD03A202564206973206F7574206F6620722E
S214040BE0616E676500436F6D6D616E6420616C7243
S214040BF065616479206275696C742E202043616E89
S214040C006E6F7420736574204D4647207370656359
S214040C106966696320636F646520666F7220636F1C
S214040C206D6D616E642E004D464720436F646520EB
S214040C3053657420666F72206E65787420636F6DDA
S214040C406D616E643A2030782530345800557365EB
S214040C50204E6578742053657175656E6365205300
S214040C60657420666F72206E65787420636F6D6D90
S214040C70616E643A203078253032580044697361D6
S214040C80626C652044656661756C74205265737089
S214040C906F6E73652053657420666F72206E657878
S214040CA07420636F6D6D616E643A2030782530323F
S214040CB058004552523A2072656164696E67206135
S214040CC074747269627574652025303278004552F2
S214040CD0523A206174747269627574652073697A15
S214040CE06520256420746F6F206C617267652066CA
S214040CF06F7220627566666572004572726F723A2C
S214040D002061747472696275746520494420307871
S214040D1025303458207265706F727461626C652079
S214040D206368616E67652069732073697A65202538
S214040D3064422C206275742025644220656E7465B6
S214040D407265640A006E6F20636D64004572726F8C
S214040D50723A20434C492053656E64206661696C80
S214040D6065642C207374617475733A20307825306A
S214040D703858004572726F723A2020455549363409
S214040D8020617267756D656E7420697320656D7079
S214040D90747920616E64206C6F6F6B757020627955
S214040DA0206E6F6465204944206661696C65642E14
S214040DB00047726F757000556E69636173740055F1
S214040DC06E62696E64202573202573307825303270
S214040DD05800526571756573743A20005A444F2062
S214040DE073696D706C652064657363207265712029
S214040DF025303278005A444F206E6F64652064654F
S214040E007363207265712025303278005A444F206F
S214040E106D61746368206465736320726571202550
S214040E20303258005573696E67206D79206C6F6395
S214040E30616C20455549363420666F7220646573AC
S214040E407420455549363420696E2062696E64699B
S214040E506E67005A444F2062696E64207265712082
S214040E602530327800636C7573746572206C696D16
S214040E706974207265616368656400696E76616C86
S214040E80696420706167653A202564206F72206368
S214040E9068616E6E656C3A202564004368616E670F
S214040EA065206368616E6E656C2073746174757317
S214040EB03A20307825303278006475726174696F30
S214040EC06E206D75737420626520696E2072616E83
S214040ED067652030202D203500636F756E74206D95
S214040EE075737420626520696E2072616E67652072
S214040EF031202D2038007363616E2073746174751D
S214040F007320307825303258006E6574776F726BB4
S214040F1020757064617465207365742073746174DD
S214040F2075732030782530325800416374697665CD
S214040F3020455020726571756573742073746174EE
S214040F4075733A20307825303258004C5149205475
S214040F5061626C6520726571756573743A203078C9
S214040F60253032580042696E64696E6720546162A7
S214040F706C6520726571756573743A203078253017
S214040F803258004C656176652025733078253032FA
S214040F905800506F77657220446573637269707485
S214040FA06F72202573307825303258005573696E79
S214040FB067206D79206C6F63616C20455549363423
S214040FC020666F7220646573742045554936342054
S214040FD0696E20756E62696E64696E6700526F751D
S214040FE07465205461626C65202573307825303230
S214040FF058002F686F6D652F72756E6E65722F7749
S2140410006F726B2F747579612D7A69676265652DC9
S2140410107377697463682F747579612D7A6967626A
S21404102065652D7377697463682F73696C61627381
S2140410305F746F6F6C732F73696D706C696369741A
S214041040795F73646B2F70726F746F636F6C2F7A33
S21404105069676265652F6170702F6672616D65776A
S2140410606F726B2F636F6D6D6F6E2F736C5F7A6923
S214041070676265655F73797374656D5F636F6D6DC5
S2140410806F6E2E6300457874656E646564205265E1
S21404109073657420696E666F3A203078253034584C
S2140410A02028257329002F686F6D652F72756E6E64
S2140410B065722F776F726B2F747579612D7A6967F5
S2140410C06265652D7377697463682F747579612D0D
S2140410D07A69676265652D7377697463682F7369C7
S2140410E06C6162735F746F6F6C732F73696D706C71
S2140410F069636974795F73646B2F70726F746F635E
S2140411006F6C2F7A69676265652F6170702F6672DF
S214041110616D65776F726B2F636F6D6D6F6E2F7A6F
S21404112069676265655F6170705F6672616D657739
S2140411306F726B5F736C6565702E630053746179B0
S214041140206177616B65207768656E206E6F74200A
S2140411506A6F696E65643A20257300466F7263652C
S214041160642073746179206177616B653A2020206E
S21404117020202020202020257300466F7263696E8D
S214041180672064657669636520746F20737461797B
S214041190206177616B6500416C6C6F77696E6720C0
S2140411A064657669636520746F20676F20746F20AA
S2140411B0736C656570002F686F6D652F72756E6E43
S2140411C065722F776F726B2F747579612D7A6967E4
S2140411D06265652D7377697463682F747579612DFC
S2140411E07A69676265652D7377697463682F7369B6
S2140411F06C6162735F746F6F6C732F73696D706C60
S21404120069636974795F73646B2F70726F746F634C
S2140412106F6C2F7A69676265652F6170702F6672CE
S214041220616D65776F726B2F636F6D6D6F6E2F7A5E
S21404123069676265655F737461636B5F736C65652C
S214041240702E630052583A205265736574546F4684
S2140412506163746F727944656661756C7473436117
S2140412606C6C6261636B00657A737020636F756E75
S21404127074657273206661696C6564202575006503
S2140412807A73702052657365742054687265736847
S2140412906F6C64206572726F7220257500657A73B0
S2140412A07020536574205468726573686F6C64208C
S2140412B06572726F72202575002575292025733A8C
S2140412C02025750053657474696E672054687265CA
S2140412D073686F6C6420636F6D6D616E64003F3F6E
S2140412E03F004D6163205278204263617374004D61
S2140412F06163205478204263617374004D616320F7
S2140413005278205563617374004D616320547820CD
S2140413105563617374004D6163205478205563618E
S2140413207374205265747279004D6163205478207A
S2140413305563617374204661696C004150532052B2
S21404134078204263617374004150532054782042DD
S214041350636173740041505320527820556361735F
S214041360740041505320547820556361737420539D
S2140413707563636573730041505320547820556336
S2140413806173742052657472790041505320547806
S214041390205563617374204661696C00526F7574DE
S2140413A065204469736320496E6974696174656471
S2140413B0004E65696768626F722041646465640004
S2140413C04E65696768626F722052656D6F766564F4
S2140413D0004E65696768626F72205374616C6500BD
S2140413E04A6F696E20496E6469636174696F6E0042
S2140413F04368696C64204D6F7665640041534820E9
S2140414004F766572666C6F7700415348204672616A
S2140414106D65204572726F7200415348204F7665A1
S2140414207272756E204572726F72004E574B20466C
S21404143043204661696C75726500415053204643EB
S214041440204661696C7572650041534820584F66A2
S214041450660041505320556E617574686F72697AE0
S2140414606564204B6579004E574B2044656372795A
S2140414707074204661696C75726573004150532020
S21404148044656372797074204661696C757265731D
S214041490005061636B657420427566666572204110
S2140414A06C6C6F63617465204661696C75726573F4
S2140414B00052656C617965642055636173740050ED
S2140414C0687920746F204D414320717565756520D9
S2140414D06C696D6974207265616368656400506147
S2140414E0636B65742056616C69646174652064720C
S2140414F06F7020636F756E74004E574B2072657460
S2140415007279206F766572666C6F7700434341206C
S2140415104661696C757265730042726F61646361DB
S2140415207374207461626C652066756C6C0050542C
S21404153041204C6F2050726920526571005054410E
S2140415402048692050726920526571005054412029
S2140415504C6F205072692044656E6965640050546F
S21404156041204869205072692044656E69656400AC
S214041570505441204C6F20507269205478204162A8
S214041580727400505441204869205072692054787F
S2140415902041627274004164647265737320436F01
S2140415A06E666C6963742053656E740043534C20F6
S2140415B05278207363686564756C65206661696C2F
S2140415C06564000D004465627567207072696E7408
S2140415D02067726F75702025730A0057726F6E67E6
S2140415E020706172616D657465720A0046696E6486
S2140415F020616E642042696E6420496E6974696174
S214041600746F723A20436F6D706C6574653A20305F
S214041610782530325800537461727420746172678E
S21404162065740046696E6420616E642042696E6467
S214041630205461726765740025733A2025733A2036
S21404164030782530325800467261676D656E746175
S21404165074696F6E2052582077696E646F772073B2
S214041660697A652073657420746F202564002F687A
S2140416706F6D652F72756E6E65722F776F726B2F36
S214041680747579612D7A69676265652D73776974F7
S21404169063682F747579612D7A69676265652D7341
S2140416A077697463682F73696C6162735F746F6FB4
S2140416B06C732F73696D706C69636974795F736496
S2140416C06B2F70726F746F636F6C2F7A69676265C5
S2140416D0652F6170702F6672616D65776F726B2F00
S2140416E0706C7567696E2F667261676D656E74617E
S2140416F074696F6E2F667261676D656E7461746966
S2140417006F6E2E630052583A2041646447726F75B8
S21404171070526573706F6E7365203078253032585A
S2140417202C203078253034580052583A20566965B3
S2140417307747726F7570526573706F6E736520307D
S21404174078253032582C203078253034582C2022F6
S2140417500052583A2047657447726F75704D656D30
S21404176062657273686970526573706F6E73652014
S2140417703078253032582C203078253032582C00DA
S214041780205B3078253034585D0052583A20526534
S2140417906D6F766547726F7570526573706F6E7392
S2140417A065203078253032582C203078253034584F
S2140417B00065705B253032585D2069645B253034E3
S2140417C0585D00436C656172696E6720616C6C20BD
S2140417D067726F7570732E004552523A20466169DF
S2140417E06C656420746F2063726561746520626939
S2140417F06E64696E67202830782530325829004593
S21404180052523A2042696E64696E67207461626C53
S214041810652069732066756C6C004552523A2077D1
S214041820726974696E67206E616D65207375707079
S2140418306F727420253032580052583A204164643E
S21404184047726F7570203078253034582C2022006B
S21404185075760052583A205669657747726F7570E8
S21404186020307825303458007576730076696577AD
S2140418705F67726F75700047726F7570733A206693
S21404188061696C656420746F2073656E64202573CB
S21404189020726573706F6E73653A20307825303227
S2140418A058006765745F67726F75705F6D656D620B
S2140418B065727368697020726573706F6E73650005
S2140418C064656661756C745F726573706F6E73655C
S2140418D00052583A2047657447726F75704D656DAF
S2140418E062657273686970203078253032582C002F
S2140418F07575620047726F7570733A206661696C1D
S214041900656420746F2073656E642025733A2030F6
S21404191078253032580052583A2052656D6F7665F5
S21404192047726F757020307825303458004552520F
S2140419303A204661696C656420746F2064656C6542
S21404194074652062696E64696E6720283078253075
S2140419503258290072656D6F76655F67726F7570B1
S2140419600052583A2052656D6F7665416C6C47722A
S2140419706F7570730052583A2041646447726F75ED
S2140419807049664964656E74696679696E67203065
S21404199078253034582C2022006164640043686142
S2140419A06E6E656C206E6F742076616C69643A2086
S2140419B02564005072696D617279002573206D612B
S2140419C0736B206E6F772030782530385800536557
S2140419D0636F6E64617279004D61736B206E6F7411
S2140419E02076616C69643A202564007072696D61C2
S2140419F07279007365636F6E646172790025733A59
S214041A0020536574202573206D61736B20746F20DA
S214041A103078253038580053746174757300257314
S214041A203A2025733A004368616E6E656C206D61DA
S214041A30736B3A0020202020283129203078253066
S214041A403858205B00202020202832292030782592
S214041A50303858205B0053746174653A203078251A
S214041A6030325820282573290043757272656E74C7
S214041A70206368616E6E656C3A20256400546F744A
S214041A80616C20626561636F6E733A202564004A58
S214041A906F696E20617474656D7074733A20256482
S214041AA0004E6574776F726B2073746174653A20A8
S214041AB03078253032580053746F700025732053E5
S214041AC0746F702E2020436C65616E696E67207596
S214041AD0702E0042726F616463617374696E67206E
S214041AE07065726D6974206A6F696E0054727573DE
S214041AF0742063656E746572206C696E6B206B650A
S214041B0079207570646174652073746174757300EC
S214041B1025733A205741524E494E473A20736C5F1C
S214041B207A69676265655F7365745F696E6974690F
S214041B30616C5F73656375726974795F73746174DD
S214041B4065206661696C65642E20436F6E74696EE9
S214041B5075696E6720776974686F757420696E732B
S214041B6074616C6C20636F64652E004572726F72CC
S214041B703A20696E7374616C6C20636F64652073BD
S214041B8065747570206661696C65642E20497320DF
S214041B90616E20696E7374616C6C20636F6465207B
S214041BA0666C6173686564206F6E746F2074686514
S214041BB0206465766963653F00D0D1D2D3D4D5D688
S214041BC0D7D8D9DADBDCDDDEDF00FFFFFFFFFFFF5F
S214041BD0FFFF005A6967426565416C6C69616E6314
S214041BE06530390025733A2069737375696E67200A
S214041BF07363616E206F6E202573206368616E6E5A
S214041C00656C7320286D61736B20307825303858E6
S214041C102900257320697320616C726561647920DC
S214041C20696E2070726F67726573730053746172A5
S214041C3074004578616D696E696E672062656163DC
S214041C406F6E206F6E206368616E6E656C2025640F
S214041C5020776974682070616E4964203078253076
S214041C603458005468697320626561636F6E206936
S214041C7073206E6F742070617274206F66207468AF
S214041C80652063757272656E74206368616E6E6536
S214041C906C206D61736B2028307825303858292ED7
S214041CA02047657474696E67206E65787420626573
S214041CB061636F6E2077686F7365206368616E6E0C
S214041CC0656C206269746D61736B2069732073653B
S214041CD0742E004572726F723A20257320636F75F6
S214041CE06C64206E6F7420617474656D7074206A01
S214041CF06F696E3A20307825303258004E6F206275
S214041D006561636F6E73206C656674206F6E206306
S214041D10757272656E74206D61736B2E204D6F76CE
S214041D20696E6720746F206E6578742073746174AE
S214041D3065002573206A6F696E696E6720307825A2
S214041D40303458206F6E206368616E6E656C202593
S214041D50640025732053746174653A202573004526
S214041D6072726F723A20257320636F756C64206EEE
S214041D706F74207365747570207365637572697407
S214041D80793A20307825303258004572726F723AAC
S214041D90205363616E20636F6D706C657465206894
S214041DA0616E646C65722072657475726E6564200B
S214041DB0307825303258002573207363616E2063B3
S214041DC06F6D706C6574652E20426561636F6E730B
S214041DD02068656172643A20256400257320737454
S214041DE061636B20737461747573203078253032A8
S214041DF058002573206E6574776F726B206A6F695E
S214041E006E65642E00257320747279696E67206E81
S214041E10657874206E6574776F726B2E004E6F6EE5
S214041E2065005363616E205072696D617279204358
S214041E3068616E6E656C7320616E642075736520D0
S214041E40436F6E66696775726564204B65790053E7
S214041E5063616E205072696D617279204368616EA9
S214041E606E656C7320616E642075736520496E73AD
S214041E7074616C6C20436F6465005363616E20501C
S214041E8072696D617279204368616E6E656C732049
S214041E90616E64205573652043656E7472616C6967
S214041EA07A6564204B6579005363616E20507269CD
S214041EB06D617279204368616E6E656C7320616E25
S214041EC06420557365204469737472696275746519
S214041ED064204B6579005363616E205365636F6EAF
S214041EE064617279204368616E6E656C7320616EFE
S214041EF0642075736520436F6E66696775726564E2
S214041F00204B6579005363616E205365636F6E647E
S214041F10617279204368616E6E656C7320616E64CD
S214041F202075736520496E7374616C6C20436F640E
S214041F3065005363616E205365636F6E64617279E6
S214041F40204368616E6E656C7320616E6420557301
S214041F50652043656E7472616C697A6564204B65AE
S214041F6079005363616E205365636F6E64617279A2
S214041F70204368616E6E656C7320616E64205573D1
S214041F8065204469737472696275746564204B6570
S214041F9079005363616E205072696D6172792043D3
S214041FA068616E6E656C7320616E6420557365207F
S214041FB0416C6C204B6579732028696E7374616C70
S214041FC06C20636F64652C2063656E7472616C6943
S214041FD07A65642C206469737472696275746564C6
S214041FE029005363616E205365636F6E6461727972
S214041FF0204368616E6E656C7320616E6420557351
S2140420006520416C6C204B6579732028696E737467
S214042010616C6C20636F64652C2063656E747261FA
S2140420206C697A65642C2064697374726962757469
S214042030656429004F6E2F4F66662073657420769C
S214042040616C75653A2025303258202530325800A8
S2140420504552523A2072656164696E67206F6E2F2E
S2140420606F66662025303258004F6E2F6F666620E6
S214042070616C72656164792073657420746F206E78
S21404208065772076616C756500546F67676C6520AC
S2140420906F6E2F6F66662066726F6D20253032581D
S2140420A020746F2025303258004552523A207772F9
S2140420B06974696E67206F6E2F6F666620253032EE
S2140420C05800496E7374616C6C656420547970654D
S2140420D0202842617365293A20203078253032580A
S2140420E0004361706162696C69746965733A2020A3
S2140420F0202020202020202020307825303458002E
S214042100426F6F746C6F6164657220566572736992
S2140421106F6E3A2020202020307825303458005323
S214042120656375726520426F6F746C6F6164657267
S214042130204B65793A20202020202000426F6F74BF
S2140421406C6F6164696E67206661696C6564210002
S214042150446F776E6C6F6164206661696C65642E8B
S2140421600044656C6574696E67206661696C6564B5
S21404217020646F776E6C6F61642C20737461747561
S214042180733A2030782530325800496D61676520EF
S214042190646F6573206E6F7420636F6E7461696E0E
S2140421A020616E205570677261646520496D6167B1
S2140421B065205461672028307825303458292E202D
S2140421C0536B697070696E672075706772616465B9
S2140421D02E00457865637574696E6720626F6F7448
S2140421E06C6F61642063616C6C6261636B2E005378
S2140421F074617274696E672045424C207665726914
S2140422006669636174696F6E0045424C2066616955
S2140422106C656420766572696669636174696F6E5D
S2140422202E0045424C207061737365642076657297
S214042230696669636174696F6E2E002573696E67DB
S214042240204F544120636C69656E74207374617406
S21404225065206D616368696E650073746F707000E5
S2140422604572726F723A204E6F20696D6167652001
S214042270617420696E646578202564004E6F74204E
S214042280737570706F727465642E00436C69656E46
S2140422907420696D61676520717565727920696E51
S2140422A0666F004D616E75662049443A20202020F2
S2140422B0202020202030782530345800496D61676E
S2140422C06520547970652049443A202020203078CF
S2140422D0253034580043757272656E7420566572E4
S2140422E073696F6E3A20203078253038580048617C
S2140422F07264776172652056657273696F6E3A20F0
S214042300004E410051756572792044656C617920F0
S2140423106D733A20202020202020202020202025F5
S2140423206C640053657276657220446973636F76D5
S2140423306572792044656C6179206D733A20256C4A
S2140423406400446F776E6C6F61642044656C6179D9
S214042350206D733A202020202020202020256C6425
S2140423600052756E20557067726164652044656C12
S2140423706179206D733A202020202020256C64008B
S2140423805665726966792044656C6179206D733A86
S2140423902020202020202020202020256C6400449B
S2140423A06F776E6C6F6164204572726F722054682A
S2140423B0726573686F6C643A2020256400557067F4
S2140423C07261646520576169742054687265736825
S2140423D06F6C643A202020202564004F544120442A
S2140423E06F776E6772616465733A204469736162DD
S2140423F06C6564004F544120446F776E6772616465
S21404240065733A20456E61626C656400426F6F7452
S2140424106C6F61642073746174653A202573004997
S2140424206E76616C69642045502025642077686563
S2140424306E20747279696E6720746F2073656E649B
S214042440204F5441206D6573736167652E00536594
S2140424506E64696E67205570677261646520456EA8
S2140424606420726571756573742E0025733A20694D
S2140424706E76616C696420636D64496420307825E7
S214042480303258004572726F723A20204661696C89
S214042490656420746F2073656E64204F5441206316
S2140424A06F6D6D616E64203078253032582C207341
S2140424B074617475733A2030782530325800536549
S2140424C07276657220756E6B6E6F776E2C20666101
S2140424D06C6C696E67206261636B20746F2064693C
S2140424E073636F766572792E004D6178696D756DCC
S2140424F0207175657279206572726F7273206869CF
S2140425007420282564292C207374617274696E679C
S2140425102073656172636820666F72206E6577202B
S2140425204F5441207365727665722E0A00417070AE
S2140425306C79696E672075706772616465002573CF
S2140425403A20696E76616C6964206F66667365749A
S2140425502063757272656E7454696D6528307825CB
S21404256030385829203E2075706772616465546956
S2140425706D652830782530385829004F544120435B
S2140425806C75737465723A207761697420666F722D
S214042590202564207300525865642074696D654F65
S2140425A075742030782530385820732C204D4158C7
S2140425B02074696D654F757420307825303858203E
S2140425C073004D6178696D756D207570677261640E
S2140425D065207265717565737473206D616465201A
S2140425E02825642920776974686F7574207265736A
S2140425F0706F6E73652066726F6D20736572766594
S214042600722E00557067726164696E6720616E7918
S214042610776179004F54412053657276696365206B
S214042620646973636F766572792070726576656E19
S214042630746564202D20616E6F74686572206973FA
S21404264020616C726561647920696E2070726F67B0
S21404265072657373004661696C656420746F2069E3
S2140426606E69746961746520736572766963652042
S214042670646973636F766572792E004F54412053F4
S21404268065727669636520446973636F76657279EB
S21404269020696E2070726F677265737300436C698D
S2140426A0656E7420766572696669636174696F6EB7
S2140426B0206661696C65642E005369676E61747583
S2140426C0726500437573746F6D007061737365642F
S2140426D0004641494C4544004E6F207369676E615D
S2140426E07475726520766572696669636174696F6C
S2140426F06E20737570706F72742C20617373756DB1
S214042700696E6720696D616765206973206F6B6108
S214042710792E00257320766572696669636174692B
S2140427206F6E2025733A20307825303258004D617C
S21404273078696D756D206E756D626572206F6620A2
S214042740646F776E6C6F6164206572726F7273204B
S214042750726561636820282564292C2061626F7283
S21404276074696E672E004F544120436C757374650C
S214042770723A2073657474696E672049454545202E
S21404278061646472657373206F66204F54412063DE
S2140427906C7573746572005061727469616C20663E
S2140427A0696C6520646F776E6C6F616420666F7504
S2140427B06E642C20636F6E74696E75696E6720662E
S2140427C0726F6D206F6666736574203078253038B6
S2140427D05800466F756E642066756C6C7920646F5D
S2140427E0776E6C6F616465642066696C6520696EDB
S2140427F02073746F72616765202876657273696FDB
S2140428006E20307825303858292E00466F756E6451
S2140428102066696C6520696E2073746F72616765E3
S214042820207769746820646966666572656E7420CC
S21404283076657273696F6E2028307825303858298B
S214042840207468616E2063757272656E7420766596
S2140428507273696F6E202830782530385829004600
S214042860696C6520696E2073746F72616765206990
S214042870732073616D652061732063757272656E73
S214042880742072756E6E696E672076657273696FF2
S2140428906E202830782530385829004E6F20696D10
S2140428A061676520666F756E6420696E2073746F49
S2140428B0726167652E004F544120536572766963D2
S2140428C06520446973636F7665727920756E626CF1
S2140428D06F636B65640049676E6F72696E67207319
S2140428E065727665722066726F6D206C6F6F7062AB
S2140428F061636B20616464726573730049676E6F0D
S21404290072696E6720307825303458204F54412041
S21404291073657276657220696E207365617263688A
S214042920206F662054430053657474696E67204FA5
S21404293054412053657276657220746F2030782572
S2140429403034580044656C6179696E6720256420CC
S2140429507365636F6E6473206265666F7265207359
S21404296074617274696E67204F544120636C6965A4
S2140429706E740054696D656F757420776169746947
S2140429806E6720666F72206D6573736167652E00CF
S214042990426164204F544120636F6D6D616E643AEA
S2140429A020307825303258004F544120636F6D6DC7
S2140429B0616E642030782530325820746F6F20732F
S2140429C0686F727420286C656E202564203C206D28
S2140429D0696E20256429004F544120636F6D6D6134
S2140429E06E642066726F6D20756E7265636F676EB7
S2140429F0697A65642073657276657220307825304E
S214042A0034582E20204D79204F5441207365727619
S214042A1065723A2030782530345800496D61676510
S214042A20204E6F7469667900476F7420756E6578FA
S214042A307065637465642025732E20205374617258
S214042A407420646973636F766572792E00646566B4
S214042A5061756C74004F54413A206661696C656414
S214042A6020746F2073656E642025732072657370FE
S214042A706F6E73653A2030782530325800496D61A0
S214042A806765206E6F7469667900476F7420756E8B
S214042A9065787065637465642025732E2020496705
S214042AA06E6F7265642E004F54413A204465666129
S214042AB0756C7420726573706F6E736520666F72C2
S214042AC020496D616765206E6F746966792C207382
S214042AD074617475732030782530325800496D61FE
S214042AE06765206E6F7469667920636F6D6D616EBD
S214042AF06400257320756E69636173742C20717588
S214042B00657279696E6700496E76616C6964002542
S214042B1073202573207061796C6F616420747970FA
S214042B2065203078253032580025732025733A20E6
S214042B306F7574206F662072616E6765206A6974AB
S214042B407465722025640025732025733A2070610D
S214042B50796C6F6164206C656E67746820646F6559
S214042B60736E2774206D61746368207479706520B1
S214042B7030782530325820282564203C20256429C6
S214042B800025732025732064756520746F206E6F8E
S214042B906E2D6D61746368696E67206D616E75660F
S214042BA06163747572657220494400257320257329
S214042BB02064756520746F206E6F6E2D6D6174636E
S214042BC068696E6720696D61676520747970652031
S214042BD049440025732025732064756520746F208E
S214042BE06D61746368696E67206669726D77617279
S214042BF0652076657273696F6E0025732025732CC5
S214042C002052782764204A697474657220283078C4
S214042C1025303258292C205069636B6564204A6934
S214042C20747465722028307825303258290051751E
S214042C30657279206E65787420696D6167652072A7
S214042C406573706F6E736500257320726574757294
S214042C506E6564203078253032582E20204E6F2042
S214042C606E657720696D61676520746F20646F7781
S214042C706E6C6F61642E00257320746F6F2073680A
S214042C806F727420282564203C202564290025734F
S214042C903A204E657720696D616765206973206107
S214042CA07661696C61626C6520666F7220646F770A
S214042CB06E6C6F61642E002573206973206E6F74CA
S214042CC0207573696E67206D7920696D616765206C
S214042CD0696E666F2E004552524F523A204E657802
S214042CE07420496D61676520697320746F6F206274
S214042CF0696720746F2073746F7265202830782596
S214042D00303858203E20307825303858290025732E
S214042D102072657475726E65642073616D652046F5
S214042D20696C6556657273696F6E2061732063758E
S214042D307272656E746C7920696E7374616C6C65FE
S214042D40642E004F544120446F776E677261646549
S214042D50732044697361626C65643A2046696C65E5
S214042D6056657273696F6E20626568696E64206367
S214042D70757272656E7420696E7374616C6C6174BE
S214042D80696F6E005374617274696E6720646F773E
S214042D906E6C6F61642C2056657273696F6E20309A
S214042DA07825303858004572726F723A2046616949
S214042DB06C656420746F2064656C65746520696D49
S214042DC06167652E004572726F723A204661696CBF
S214042DD0656420746F206572617365206F6C64206F
S214042DE074656D7020646174612E00496D61676559
S214042DF020626C6F636B20726573706F6E73650010
S214042E004F54413A20496D616765426C6F636B525B
S214042E1065706F6E736520636F6E7461696E732080
S214042E20696E76616C6964206F7220696E636F6D7B
S214042E30706C6574652064617461005570646174B7
S214042E40696E67204D696E20426C6F636B20526515
S214042E50717565737420506572696F6420746F2091
S214042E602564206D7300446F776E6C6F6164206414
S214042E70656C6179206279207365727665722025A7
S214042E8064206D7300446F776E6C6F6164206162BA
S214042E906F72746564206279207365727665722E2B
S214042EA00053657276657220646F65736E277420AE
S214042EB0737570706F7274207061676520726571C7
S214042EC0756573742C206F6E6C79207573696E67E4
S214042ED020626C6F636B20726571756573742E0067
S214042EE05365727665722072657475726E656420B9
S214042EF027756E737570706F7274656420636C7575
S214042F007374657220636F6D6D616E64272E005551
S214042F106E6B6E6F776E2025732073746174757391
S214042F2020636F646520307825303258002573207E
S214042F3068617320646174612073697A652028254A
S214042F40642920736D616C6C6572207468616E20F0
S214042F5061637475616C207061636B65742073695A
S214042F607A6520282564292E002573206572726FE1
S214042F70723A204578706563746564206F6666737C
S214042F806574203078253038582C20627574206794
S214042F906F74203078253038582E202049676E6F9D
S214042FA072696E6700257320696E666F20646964B3
S214042FB0206E6F74206D61746368206D7920657867
S214042FC070656374656420696E666F2E2020447293
S214042FD06F7070696E672E004661696C6564207454
S214042FE06F20777269746520746F2073746F7261D2
S214042FF06765206465766963652100446F776E6C47
S2140430006F6164005570677261646520656E642044
S214043010726573706F6E73650053657276657220A1
S21404302061626F7274656420757067726164652C82
S214043030207374617475733A2030782530325800E2
S2140430404572726F723A2025732068616420696E37
S21404305076616C69642025733A200066696C652085
S21404306076657273696F6E00416464696E672025C5
S21404307064206D732E2064656C617920666F7220FF
S214043080696D6D65646961746520757067726164E5
S214043090652E00436F756E74646F776E20746F20B0
S2140430A0757067726164653A202564206D7300202C
S2140430B053746174653A2020202573002057616993
S2140430C074696E6720666F7220726573706F6E73B4
S2140430D0653A20257300204E657874204576656E23
S2140430E0742054696D65723A202564206D7300203F
S2140430F043757272656E7420446F776E6C6F61648C
S214043100204F66667365743A203078253038582028
S2140431102825642525290025733A206661696C658F
S214043120642070617273696E67204F544120636D2A
S2140431306420307825303258004F54412044656668
S21404314061756C7420726573706F6E736520746F2E
S21404315020636F6D6D616E6420494420307825309D
S21404316032582C207374617475732030782530328D
S2140431705800496D61676520626C6F636B207265E9
S21404318071756573742074657374206F6E6C792022
S214043190776F726B73207768656E207374617465DD
S2140431A020697320424F4F544C4F41445F5354415F
S2140431B054455F4E4F4E450052616E646F6D204419
S2140431C0656C6179206265666F72652073746172DE
S2140431D07400446973636F766572696E67204F5432
S2140431E0412053657276657200476574204F5441DA
S2140431F02053657276657220455549004F627461A6
S214043200696E206C696E6B206B657900517565720A
S21404321079696E67204E65787420496D616765002C
S214043220446F776E6C6F6164696E6720496D616781
S2140432306500566572696679696E6720496D6167CF
S214043240650057616974696E6720666F72205570F1
S2140432506772616465206D65737361676500436FAB
S214043260756E74646F776E20746F20557067726124
S21404327064650057616974696E6720746F207570A1
S214043280677261646520766961206F75742D6F6658
S2140432902D62616E64206D656368616E69736D008E
S2140432A025733A202564252520636F6D706C65743C
S2140432B06500496D616765202564002020455252EB
S2140432C04F523A20436F756C64206E6F74206765A6
S2140432D0742066756C6C20686561646572210020D4
S2140432E0204865616465722056657273696F6E3A2C
S2140432F02030782530345800202048656164657293
S214043300204C656E6774683A2020256420627974C0
S21404331065730020204669656C6420436F6E747282
S2140433206F6C3A20203078253034580020204D61C8
S2140433306E75662049443A202020202020203078CC
S21404334025303458002020496D6167652054797013
S214043350653A20202020203078253034580020205C
S21404336056657273696F6E3A202020202020202034
S2140433703078253038580020205A69676265652001
S21404338056657273696F6E3A20307825303458006B
S214043390202048656164657220537472696E673ACA
S2140433A020202573002020496D6167652053697AC3
S2140433B0653A2020202020256C6420627974657389
S2140433C000202053656375726974792043726564BE
S2140433D03A20203078253032580020205570677205
S2140433E061646520446573743A2020200020204DD3
S2140433F0696E2E204857205665723A2020202030C9
S21404340078253034580020204D61782E20485720E7
S2140434105665723A20202020307825303458002013
S21404342020546F74616C20546167733A20256400DD
S214043430202020205461673A203078253034580004
S2140434402020202020204C656E6774683A20256C66
S21404345064004572726F723A20436F756C64206E16
S2140434606F74206F627461696E2074616720696E80
S214043470666F2066726F6D20696D6167652E000A3F
S214043480256420696D6167657320696E204F544119
S2140434902073746F726167652E00496D61676520DD
S2140434A064656C65746525732E004572726F723A96
S2140434B02020436F756C64206E6F7420726561649F
S2140434C020626C6F636B3A203078253032582E0AAF
S2140434D0005374617274696E672065726173652047
S2140434E066726F6D206F666673657420307825305B
S2140434F0385820746F2030782530385800436F755C
S2140435006C64206E6F74207374617274204552412B
S2140435105345212028307825303258290045455017
S214043520524F4D20457261736520636F6D706C65F4
S2140435307465002F686F6D652F72756E6E65722FD9
S214043540776F726B2F747579612D7A69676265651A
S2140435502D7377697463682F747579612D7A69673A
S2140435606265652D7377697463682F73696C61622D
S214043570735F746F6F6C732F73696D706C696369B6
S21404358074795F73646B2F70726F746F636F6C2FD4
S2140435907A69676265652F6170702F6672616D6502
S2140435A0776F726B2F706C7567696E2F6F74612DF1
S2140435B073746F726167652D73696D706C652D65C4
S2140435C06570726F6D2F6F74612D73746F7261679F
S2140435D0652D656570726F6D2D706167652D6572FA
S2140435E06173652E63002F686F6D652F72756E6E3E
S2140435F065722F776F726B2F747579612D7A696790
S2140436006265652D7377697463682F747579612DA7
S2140436107A69676265652D7377697463682F736961
S2140436206C6162735F746F6F6C732F73696D706C0B
S21404363069636974795F73646B2F70726F746F63F8
S2140436406F6C2F7A69676265652F6170702F66727A
S214043650616D65776F726B2F706C7567696E2F6F0F
S21404366074612D73746F726167652D73696D706C08
S214043670652D656570726F6D2F6F74612D73746F31
S214043680726167652D656570726F6D2E63004F54A9
S214043690412053696D706C652053746F7261676561
S2140436A020454550524F4D207761726E696E673AD9
S2140436B020636F756C64206E6F7420676574207366
S2140436C06C6F7420696E666F20666F7220736C6F01
S2140436D07420256420286572726F72203078253035
S2140436E03258292E2044656661756C74696E6720AD
S2140436F0746F2073706563696669656420616464C9
S21404370072657373206F6666736574730053746FA3
S21404371072616765204472697665723A20202020BB
S2140437202020202020202020204F54412053696D43
S214043730706C652053746F726167652045455052FE
S2140437404F4D20506C7567696E0052656164204D5C
S2140437506F64696679205772697465205375707052
S2140437606F72743A20206E6F00534F4320426F6F7F
S214043770746C6F6164696E6720537570706F7274D1
S2140437803A2020202079657300426F6F746C6F6155
S2140437906465722053746F72616765205375707028
S2140437A06F72743A20557365206669727374207359
S2140437B06C6F7400536C6F7420746F207573653A65
S2140437C020202020202020202020202020202020F0
S2140437D025640043757272656E7420446F776E6C50
S2140437E06F6164204F66667365743A20202020302B
S2140437F078253038580045424C2053746172742042
S2140438004F66667365743A202020202020202020EE
S214043810202030782530385800454550524F4D20EA
S21404382053746172743A2020202020202020202007
S2140438302020202020307825303858004545505226
S2140438404F4D20456E643A20202020202020202042
S2140438502020202020202020307825303858004989
S2140438606D61676520496E666F2053746172743AA1
S21404387020202020202020202020203078253038AA
S2140438805800536176652052617465202862797405
S2140438906573292020202020202020202020307816
S2140438A025303858004F6666736574206F6620644A
S2140438B06F776E6C6F6164206F6666736574202024
S2140438C020307825303858004F6666736574206F4C
S2140438D0662045424C206F66667365743A20202045
S2140438E020202020307825303858004F66667365CF
S2140438F074206F6620696D616765207374617274E5
S2140439003A20202020202030782530385800736C48
S2140439105F7A69676265655F61665F6F74615F732E
S214043920746F726167655F6472697665725F7265EB
S21404393061645F63622829206661696C656421009E
S214043940426164206D61676963206E756D6265729D
S21404395020696E2066696C653A20307825303258C6
S21404396020307825303258203078253032582030B0
S2140439707825303258004261642076657273696F28
S2140439806E20696E2066696C652030782530345860
S214043990004572726F723A2072656164416E6456B5
S2140439A0616C696461746553746F726564496D61B2
S2140439B06765282920747269656420746F207265AF
S2140439C06164206D6F72652064617461207468613F
S2140439D06E20697420636F756C6420686F6C642E47
S2140439E000736C5F7A69676265655F61665F6F74B2
S2140439F0615F73746F726167655F6472697665721E
S214043A005F726561645F63622829204641494C45BC
S214043A104421004C617374206F6666736574206479
S214043A206F776E6C6F616465643A20307825303841
S214043A30580053746F72616765204D6F64756C65CA
S214043A403A204F54412053696D706C652053746F4F
S214043A507261676520506C7567696E00496D6167B1
S214043A6065732053746F7265643A20202564206F52
S214043A706620310A00253032583A00657020253019
S214043A80325820636C757320253034582061747462
S214043A907220253034582073767220256300206DFA
S214043AA06667202530325800207265706F72742065
S214043AB06D696E2025303458206D617820253034A9
S214043AC058207270742D636867202530385800209B
S214043AD0726563656976652066726F6D202530347D
S214043AE05820657020253032582074696D656F75CE
S214043AF07420253034580072656D6F766500636CEB
S214043B00656172696E67206C617374207265706F8C
S214043B1072742074696D65206F6620616C6C206118
S214043B207474726962757465730074657374696E0F
S214043B30672074696D696E67206F662076617269A6
S214043B406F7573207265706F7274696E67206F701C
S214043B5065726174696F6E73002D2D2D2D2D2D2DBC
S214043B602D2D2D2D2D2D2D2D2D2D2D2D2D2D2D2D7C
S214043B702D2D2D2D2D2D2D2D2D2D2D2D2D2D2D2D6C
S214043B802D2D2D2D2D2D2D2D002D2D7461626C6562
S214043B90207265616473202D2066756C6C207461D8
S214043BA0626C652D2D00726573756C74203D20253E
S214043BB064206D73002D2D696E6974202F20736345
S214043BC0686564756C65207469636B2D2D2D002DF6
S214043BD02D6C6F616420636F6E66696775726174BD
S214043BE0696F6E2064656661756C74732D2D002F85
S214043BF0686F6D652F72756E6E65722F776F726B58
S214043C002F747579612D7A69676265652D73776996
S214043C107463682F747579612D7A69676265652D9A
S214043C207377697463682F73696C6162735F746F0A
S214043C306F6C732F73696D706C69636974795F73E5
S214043C40646B2F70726F746F636F6C2F7A69676220
S214043C5065652F6170702F6672616D65776F726B24
S214043C602F706C7567696E2F7265706F7274696EEB
S214043C70672F7265706F7274696E672E63005245A3
S214043C8041445F5250545F43464700726561645F27
S214043C907265706F7274696E675F636F6E6669676C
S214043CA075726174696F6E005265706F7274696EB6
S214043CB0673A206661696C656420746F2073656E6C
S214043CC06420257320726573706F6E73653A2030B6
S214043CD07825303258004552523A2072656164693C
S214043CE06E6720636C757374657220307825303483
S214043CF05820617474726962757465203078253052
S214043D0034583A20307825303258004552523A20FA
S214043D107265706F7274696E67206F66204C4F4EC2
S214043D204720737472696E67206174747269627571
S214043D3074652074797065206E6F74207375707066
S214043D406F727465643A20636C75737465722030A0
S214043D5078253034582061747472696275746520ED
S214043D60307825303458005265706F7274696E6707
S214043D7020456E7472792046756C6C202D20637213
S214043D80656174696E67206E6577207265706F7200
S214043D9074004346475F52505400202D20646972D5
S214043DA0656374696F6E3A253032582C20617474DA
S214043DB0723A2530345800202020747970653A25EC
S214043DC03032582C206D696E3A253034582C206DCC
S214043DD061783A25303458002020206368616E6785
S214043DE0653A0020202074696D656F75743A253035
S214043DF0345800636F6E6669677572655F726570C6
S214043E006F7274696E67002054434C4B207570645F
S214043E1061746520616C726561647920696E2070D6
S214043E20726F6772657373004D616E75616C2054B2
S214043E30434C4B20757064617465206661696C65DB
S214043E40642E2573005374617274696E67207570EE
S214043E50646174652074727573742063656E74652A
S214043E6072206C696E6B206B65792070726F636567
S214043E70737300557064617465205443204C696EF6
S214043E806B204B657900204E6577206B657920653D
S214043E90737461626C69736865643A002045727273
S214043EA06F723A00506172746E65723A20005A431B
S214043EB04C20676C6F62616C20636C7573746572FA
S214043EC020636F6D6D616E647300646972656374FC
S214043ED0696F6E00646973632D636F6D2D67656E1D
S214043EE000646973632D636F6D2D72656300657876
S214043EF0706563742D7265706F72742D66726F6D63
S214043F002D6D6500757772697465006E77726974D5
S214043F1065007265706F72742D72656164007365F6
S214043F206E642D6D652D612D7265706F727400431D
S214043F30726561746573206120676C6F62616C20C2
S214043F40646973636F76657220636F6D6D616E640A
S214043F5020666F7220746865206173736F6369618D
S214043F607465642076616C7565732E00636C757376
S214043F7074657249641F6174747269627574654904
S214043F80641F6D61784E756D626572546F5265700C
S214043F906F72741F004372656174657320612067D5
S214043FA06C6F62616C2073656E64206D65206120A1
S214043FB07265706F727420636F6D6D616E642066D7
S214043FC06F7220746865206173736F6369617465CA
S214043FD0642076616C7565732E00636C7573746506
S214043FE07249641F61747472696275746549641FEA
S214043FF064617461547970651F6D696E5265706F83
S214044000727454696D651F6D61785265706F727451
S21404401054696D651F7265706F727461626C654376
S21404402068616E67651F004372656174657320611D
S21404403020676C6F62616C207265616420726570C3
S2140440406F7274696E6720636F6D6D616E6420664F
S2140440506F7220746865206173736F636961746539
S2140440606420636C75737465722C20617474726951
S2140440706275746520616E64207365727665722F4E
S214044080636C69656E7420646972656374696F6EC7
S2140440902E00636C757374657249641F6174747260
S2140440A0696275746549641F646972656374696FCF
S2140440B06E1F00476C6F62616C207265706F72745D
S2140440C0696E6720636F6D6D616E6400656E647003
S2140440D06F696E741F636C757374657249641F61CF
S2140440E0747472696275746549641F6D61736B1FBD
S2140440F00043726561746573206120676C6F62614A
S2140441006C207265616420636F6D6D616E64206DF2
S21404411065737361676520746F20726561642066D9
S214044120726F6D2074686520636C75737465722095
S214044130616E64206174747269627574652073704C
S214044140656369666965642E00636C75737465726D
S21404415049641F61747472696275746549641F00EA
S21404416043726561746573206120676C6F62616C6D
S21404417020777269746520636F6D6D616E64206D5F
S21404418065737361676520746F2077726974652040
S214044190746F2074686520636C757374657220612F
S2140441A06E642061747472696275746520737065D8
S2140441B063696669656400636C75737465724964E3
S2140441C01F61747472696275746549641F747970CA
S2140441D0651F646174611F004372656174652061C4
S2140441E0206578706563742D7265706F72742D66C1
S2140441F0726F6D2D6D65206D6573736167652077CD
S214044200697468206173736F63696174656420768A
S214044210616C7565732E00636C757374657249649E
S2140442201F61747472696275746549641F74696D7C
S214044230656F75741F004372656174652061204460
S2140442406973636F76657220436F6D6D616E647318
S2140442502047656E65726174656420636F6D6D6179
S2140442606E642077697468206173736F6369617420
S21404427065642076616C7565732E00636C75737463
S214044280657249641F7374617274436F6D6D616EF9
S2140442906449641F6D6178436F6D6D616E64496433
S2140442A01F005365747320746865206469726563BF
S2140442B074696F6E20666F7220676C6F62616C2023
S2140442C0636F6D6D616E64732C20656974686572C6
S2140442D020636C69656E7420746F207365727665EE
S2140442E072206F722073657276657220746F206315
S2140442F06C69656E742E0053657473206120666C59
S214044300616720736F207468617420746865206127
S21404431070706C69636174696F6E206672616D6536
S214044320776F726B2057494C4C204E4F5420726561
S21404433073706F6E6420746F20746865206E657881
S21404434074205A434C206D657373616765207468E6
S214044350617420636F6D657320696E206F76657275
S21404436020746865206169722E0053657473206139
S21404437020666C616720736F2074686174207468AB
S21404438065206170706C69636174696F6E20667213
S214044390616D65776F726B2057494C4C207265735C
S2140443A0706F6E6420746F20746865206E65787410
S2140443B0205A434C206D6573736167652074686189
S2140443C07420636F6D657320696E206F7665722046
S2140443D0746865206169722E00536574732074686E
S2140443E0652044697361626C652044656661756C1A
S2140443F07420526573706F6E7365204672616D65C6
S21404440020436F6E74726F6C2062697420746F2020
S21404441075736520666F7220746865206E6578749F
S21404442020636F6D6D616E64206966207468652014
S214044430636F6D6D616E64206973206E6F742061A6
S2140444406C7265616479206275696C742E006469A7
S2140444507361626C6544656661756C7452657370ED
S2140444606F6E73651F0053657473207468652066E9
S2140444706C616720746F20757365207468652069A5
S2140444806E6372656D656E746564207365717565BB
S2140444906E6365206E756D6265722066726F6D2040
S2140444A0746865206672616D65776F726B20666FDF
S2140444B07220746865206E65787420726177206354
S2140444C06F6D6D616E642E007573654E65787453FA
S2140444D0657175656E63651F00436C6920636F6D57
S2140444E06D616E6420746F2063616C6C20736C5F06
S2140444F07A69676265655F61665F7365745F746930
S2140445006D652066756E6374696F6E20646F63757F
S2140445106D656E74656420696E2061662E6800752C
S214044520746354696D651F005365747320746865FD
S2140445302074776F2062797465206D616E7566618C
S2140445406374757265722073706563696669632047
S2140445506964656E74696669657220746F20757324
S2140445606520666F7220746865206E6578742063B3
S2140445706F6D6D616E642069662074686520636F74
S2140445806D6D616E64206973206E6F7420616C7249
S21404459065616479206275696C742E006D66675374
S2140445A07065636966696349641F00547275737441
S2140445B02043656E746572204A6F696E2048616E8A
S2140445C0646C65723A20737461747573203D20259B
S2140445D0732C206465636973696F6E203D202573B0
S2140445E0202825303258292C2073686F7274696429
S2140445F02030782530345800554E736563757265DF
S21404460064206A6F696E00646576696365206C650C
S214044610667400554E736563757265642072656AC8
S2140446206F696E0075736520707265636F6E666978
S2140446306775726564206B65790073656E64206BBC
S214044640657920696E2074686520636C6561720004
S21404465064656E79206A6F696E006E6F206163749C
S214044660696F6E00616C6C6F772072656A6F696E35
S21404467073206F6E6C79006E6F742000534C5F531A
S21404468054415455535F4E4554574F524B5F555003
S214044690203078253034580054727573742043657E
S2140446A06E746572204555492068617320257363CE
S2140446B068616E6765642E00534C5F5354415455CD
S2140446C0535F4E4554574F524B5F444F574E00531B
S2140446D04C5F5354415455535F4E4F545F4A4F49B1
S2140446E04E454400534C5F5354415455535F5A4906
S2140446F0474245455F4E4554574F524B5F4F5045D2
S2140447004E45443A2025642073656300534C5F533A
S21404471054415455535F5A49474245455F4E4554A4
S214044720574F524B5F434C4F5345440025733A2032
S21404473025730064697374726962757465640063D2
S214044740656E7472616C697A656400466F726D009A
S2140447502573696E67206F6E2063682025642C209D
S21404476070616E4964203078253034580045727282
S2140447706F723A2044657669636520646F657320BA
S2140447806E6F7420737570706F7274202573206E4C
S2140447906574776F726B20666F726D6174696F6E85
S2140447A0004A6F696E00496E76616C6964205365D1
S2140447B06375726974792050726F66696C653A2005
S2140447C030782530325800704A6F696E20666F72F2
S2140447D0202564207365633A2030782530325800EB
S2140447E04C696D6974696E67206475726174696F6B
S2140447F06E206F66207065726D6974206A6F696ECC
S2140448002066726F6D20666F726576657220283238
S21404481035352920746F203235340052583A205AE0
S214044820444F2C20636F6D6D616E642030782530A4
S21404483034582C207374617475733A20307825309C
S21404484032580053696D706C650052583A202573CF
S21404485020446573632052657370004D6174636809
S214044860002C204D6174636865733A202564004407
S214044870657669636520416E6E6F756E63653A2072
S2140448803078253034580052583A2049454545205A
S2140448904164647265737320526573706F6E7365DA
S2140448A00052583A20416374697665204550205278
S2140448B06573706F6E73652C20436F756E743A2043
S2140448C02564004E6F6465002C204D617463686532
S2140448D0733A2030782530345800737461636B2043
S2140448E07665722E205B25642E25642E25640020B2
S2140448F02573206275696C642025645D005A444FF4
S21404490000534500484100436C7573746572004754
S2140449106C6F62616C0025737478203078253038AB
S214044920582C200050726F66696C653A20257320F7
S21404493028307825303458292C20436C75737465D8
S214044940723A203078253034582C20256420627939
S2140449507465732C00205A434C20257320436D64E1
S2140449602049443A202564005072652D52656C65D2
S21404497061736500416C706861203100416C706839
S21404498061203200416C70686120330042657461B6
S2140449902031004265746120320042657461203320
S2140449A000474100526573657420696E666F3A204D
S2140449B030782530325820282573290064656C65C4
S2140449C074652062696E64696E673A2025303258D1
S2140449D02025303258000102030405060708090A98
S2140449E00B0C00010101010101010101010101009B
S2140449F05752495445204552523A20002573657053
S214044A00202530325820636C7573202530345820A6
S214044A10617474722025303458206E6F7420737558
S214044A2070706F72746564002573696E76616C6964
S214044A306420646174612074797065002573617400
S214044A407472206E6F74207772697461626C65008C
S214044A5057524954453A206E6F2077726974652C14
S214044A60206A75737420612074657374005245411E
S214044A70443A206174747269627574652073697A45
S214044A806520746F6F206C6172676520666F722094
S214044A9063616C6C657200636C6E7400737276721C
S214044AA000525700524F00202052414D2020002033
S214044AB0746F6B656E200065787465726E200045B1
S214044AC04E44504F494E54202530325800636C757E
S214044AD073202F2073696465202F206174747220FC
S214044AE02F206D666720202F74797065286C656E9C
S214044AF0292F207277202F2073746F7261676520C8
S214044B002F2064617461202872617729002530346F
S214044B1058202F202573202F2025303458202F206E
S214044B2000202F20253032582028253032582920BE
S214044B302F202573202F202573202F2000556E73D9
S214044B407570706F72746564004F5441205245410D
S214044B50443A2065703A25303258206369643A2511
S214044B603034582061747469643A25303458206DA2
S214044B70736B3A25303258206D66636F64653A2548
S214044B8030345800524541443A20636C75732025EE
S214044B903034582C206174747220253034582066C2
S214044BA061696C6564202530325800524541443AA8
S214044BB020636C757320253034582C20617474720D
S214044BC020253034582C20646174614C656E3A207C
S214044BD0253032582C204F4B0028256329253032A7
S214044BE05825303258253032582530325825303240
S214044BF058253032582530325825303258006469EA
S214044C007361626C65002573642C2064726F707027
S214044C10696E672065702030782530325820636CC2
S214044C2075732030782530345820636D64203078CE
S214044C30253032580047656E6572617465640052AB
S214044C406563656976656400446973636F76657247
S214044C5020436F6D6D616E647320726573706F6E42
S214044C6073652028636F6D706C6574653A202563E0
S214044C70292C202573204944733A200030782530A7
S214044C80325820005F45585400524541445F415411
S214044C9054520057524954453A20636C7573202584
S214044CA030345820617474722025303458200046FD
S214044CB041494C20253032580057524954453A2031
S214044CC0746F6F2073686F727400444953435F4176
S214044CD054545200257325733A20636C757320254B
S214044CE03034580053766320446973633A200025B1
S214044CF07357616974696E67202564207365632041
S214044D00666F7220646973636F7665727920746F58
S214044D1020636F6D706C65746500537461746520F0
S214044D20636F72726573706F6E64696E6720746FFA
S214044D30207468652074686520726571756573747F
S214044D40206E6F7420666F756E640A002573636F39
S214044D506D706C6574652E0A0025735365727669EA
S214044D60636520446973636F766572792053746152
S214044D707465206C696D6974732072656163686517
S214044D80640A002573496C6C6567616C2062726FF7
S214044D9061646361737420616464726573732C2048
S214044DA072656D617070696E6720746F2076616CD1
S214044DB06964206F6E652E0025734661696C6564B0
S214044DC020746F2073656E64206D6174636820645C
S214044DD06973636F766572793A2030782530325875
S214044DE00025735374617274696E67206469736313
S214044DF06F7665727920666F7220636C757374655E
S214044E0072203078253034580025734661696C6505
S214044E106420746F2073656E642073696D706C65AE
S214044E202064657363726970746F7220726571753D
S214044E306573743A203078253032580025734661FD
S214044E40696C656420746F2073656E6420494545FB
S214044E504520616464726573732072657175657349
S214044E60743A203078253032580025734661696CD0
S214044E70656420746F2073656E64204E574B206102
S214044E8064647265737320726571756573743A2011
S214044E90307825303258004572726F723A20257386
S214044EA0206261642073696D706C65206465736349
S214044EB0726970746F72206C656E6774682E002554
S214044EC0734D65737361676520746F6F2073686FC5
S214044ED072740025734D65737361676520746F6F14
S214044EE02073686F727420666F72206E756D2E2044
S214044EF0656E64706F696E74730025734D617463B8
S214044F0068257320666F756E642066726F6D203038
S214044F1078253034582E004572726F723A20257305
S214044F2020696E76616C6964206C656E67746820AF
S214044F3028256420213D2025642920666F7220419F
S214044F40637469766520456E64706F696E7420724A
S214044F506573706F6E7365002573676F7420616385
S214044F607469766520455020726573706F6E73653C
S214044F70005554432074696D653A2025642F2564D2
S214044F802F25642025643A25643A25642028253094
S214044F903858290028556E6B6E6F776E20636C75D3
S214044FA0732E205B3078253034585D29000D0A5462
S214044FB0253038583A005258206C656E2025642CEB
S214044FC020657020253032582C20636C7573203091
S214044FD078253034582000206D66674964202530D3
S214044FE034580020464320253032582073657120FB
S214044FF02530325820636D64202530325820706185
S214045000796C6F61645B004261736963004F766517
S21404501072207468652041697220426F6F746C6FE9
S2140450206164696E67002573525820706B7420742F
S2140450306F6F2073686F72743A202564203C2025B5
S21404504064002573525820706B74206D616C666F13
S214045050726D65643A202564203C20256400202077
S2140450604861766520526F7574657220537570704A
S2140450706F7274002020456E64204465766963650B
S214045080204F6E6C79002020456E61626C6564006A
S214045090202044697361626C6564004572726F72A5
S2140450A02072657472696576696E6720696E666FCC
S2140450B020666F72206C696272617279204944209E
S2140450C02564002573206C696272617279257320E9
S2140450D070726573656E74005A6967626565205000
S2140450E0726F0042696E64696E6700536563757219
S2140450F069747920436F72650053656375726974C9
S21404510079204C696E6B204B6579730043424B459E
S214045110203136334B310043424B45204453412023
S2140451205369676E004543430043424B452044534E
S2140451304120566572696679005061636B65742018
S21404514056616C6964617465005A4C4C0043424B6A
S21404515045203238334B3100454343203238334BF5
S214045160310043424B4520636F7265004E43500046
S2140451704D756C7469206E6574776F726B00456E3E
S21404518068616E63656420426561636F6E20526574
S214045190710043424B45203238334B31204453414F
S2140451A020566572696679004D756C74692D504198
S2140451B04E002F686F6D652F72756E6E65722F7751
S2140451C06F726B2F747579612D7A69676265652DC8
S2140451D07377697463682F747579612D7A69676269
S2140451E065652D7377697463682F73696C61627380
S2140451F05F746F6F6C732F73696D706C6963697419
S214045200795F73646B2F70726F746F636F6C2F7A31
S21404521069676265652F737461636B2F636F6E666F
S21404522069672F736C5F7A69676265655F636F6E23
S21404523066696775726174696F6E2E63002F686F96
S2140452406D652F72756E6E65722F776F726B2F7425
S2140452507579612D7A69676265652D7377697463FC
S214045260682F747579612D7A69676265652D737721
S214045270697463682F73696C6162735F746F6F6CB3
S214045280732F73696D706C69636974795F73646B8B
S2140452902F70726F746F636F6C2F7A6967626565BF
S2140452A02F737461636B2F6672616D65776F726BB3
S2140452B02F6165732D6563622E63002F686F6D65BD
S2140452C02F72756E6E65722F776F726B2F74757989
S2140452D0612D7A69676265652D7377697463682FD3
S2140452E0747579612D7A69676265652D737769745B
S2140452F063682F73696C6162735F746F6F6C732F6E
S21404530073696D706C69636974795F73646B2F700D
S214045310726F746F636F6C2F7A69676265652F733B
S2140453207461636B2F73656375726974792F7A6918
S214045330676265652D73656375726974792D6D6131
S2140453406E616765722D6E6F2D7661756C742E6353
S214045350004572726F723A20204661696C6564205B
S214045360746F20726561642066726F6D20454550C7
S214045370524F4D2061742030782534582C20737495
S214045380617475733A20256400454550524F4D208C
S214045390496E697469616C697A65643A20256300AC
S2140453A0454550524F4D20427573793A2025630087
S2140453B05061727469616C20576F72642053746F05
S2140453C07261676520436F756E743A2025640041E8
S2140453D06464726573733A2030782534582C2050F0
S2140453E061727469616C20576F72643A2030782554
S2140453F05800636F6E6669726D65640061737375D9
S2140454006D6564000A454550524F4D20496E666FDF
S214045410004E6F7420617661696C61626C65202849
S2140454206F6C64657220626F6F746C6F6164657212
S21404543029005061727420446573637269707469DC
S2140454406F6E3A2020202020202020202025730064
S2140454504361706162696C69746965733A202020DF
S214045460202020202020202020202030782532587C
S21404547000506167652045726173652074696D65C7
S214045480202873293A2020202020202564005061FB
S21404549072742045726173652074696D6520287383
S2140454A0293A202020202020256400506172742090
S2140454B045726173652074696D6520286D73293A99
S2140454C02020202020202564005061676520736911
S2140454D07A6520286279746573293A202020202072
S2140454E020202020256C00506172742073697A6530
S2140454F020286279746573293A20202020202020F1
S2140455002020256C00576F72642073697A65202802
S2140455106279746573293A202020202020202020D8
S2140455202564202825702900454550524F4D206992
S2140455306E69743A2030782558002F686F6D652F91
S21404554072756E6E65722F776F726B2F74757961D4
S2140455502D7A69676265652D7377697463682F743D
S2140455607579612D7A69676265652D7377697463E9
S214045570682F73696C6162735F746F6F6C732F73DB
S214045580696D706C69636974795F73646B2F757485
S214045590696C2F706C7567696E2F706C7567696EB1
S2140455A02D636F6D6D6F6E2F656570726F6D2F65F1
S2140455B06570726F6D2E6300556E61626C65207443
S2140455C06F20626F6F7420696D6167652061742057
S2140455D0736C6F7420256C640A00536C6F74204DD2
S2140455E0616E61676572206661696C656420746FBC
S2140455F020657261736520736C6F740A004D617860
S2140456002072656164206C696D697420736574200A
S214045610746F2025642062797465730A004164649B
S21404562072657373202020202020202020204461CF
S21404563074610A00307825346C78202020202020DD
S21404564020307825780A004661696C656420746F9A
S21404565020726561642066726F6D20666C61736883
S2140456600A00536C6F7420256C640A20204164641D
S2140456707265737320202020203A20307825346CFD
S214045680580A20204C656E6774682020202020204D
S2140456903A20307825346C582028256C64206279AA
S2140456A0746573290A002020547970652020202010
S2140456B0202020203A20004E6F2047424C20707253
S2140456C06573656E740A005A69674265650A005414
S2140456D068726561640A00436F6E6E6563740A00DF
S2140456E0426C7565746F6F74680A00426C756574F5
S2140456F06F6F7468206170706C69636174696F6E33
S2140457000A004D43550A004F7468657220283078A5
S214045710256C58290A00202056657273696F6E201E
S214045720202020203A203078256C580A0020204378
S21404573061706162696C69746965733A20307825B2
S214045740346C580A00202050726F647563742049C4
S2140457504420203A2000307825582000536C6F747B
S214045760204D616E616765723A206661696C656496
S21404577020746F20696E697469616C697A65206249
S2140457806F6F746C6F6164657220286572726F72D5
S214045790203078253478290A0056657273696F6E4E
S2140457A020202020203A2025640A005061727420AC
S2140457B0202020202020203A2025730A00436170F0
S2140457C06162696C69746965733A20307825780A71
S2140457D000506172742073697A652020203A20256F
S2140457E06420420A00506167652073697A65202048
S2140457F0203A20256420420A00576F726420736999
S2140458007A652020203A20256420420A00536C6FD3
S2140458107473202020202020203A2025640A004685
S21404582061696C656420746F2072656164206672B9
S2140458306F6D2073746F7261676520666C61736840
S21404584020286572726F72202564290A00496E76D4
S214045850616C696420736C6F7420256420286D6104
S2140458607820736C6F74202564290A004661696C7D
S214045870656420746F2067657420696E666F2066A1
S2140458806F7220736C6F742025640A00536C6F74F7
S214045890204D616E616765723A20736C6F74207771
S2140458A072697465206661696C7572652E20416440
S2140458B06472657373206F66667365742028256446
S2140458C029202B207772697465206C656E6774686E
S2140458D020282564292067726561746572207468BF
S2140458E0616E20746F74616C20736C6F74206C65C9
S2140458F06E67746820282564290A00536C6F742028
S2140459004D616E61676572207761726E696E673A83
S21404591020736C6F74202564206C656E6774682031
S21404592028256429206E6F7420616C69676E65642F
S21404593020746F20706167652073697A6520282556
S21404594064292E2054686520656E74697265207318
S2140459506C6F742077696C6C206E6F74206265209F
S2140459606572617365642E0A00536C6F74204D6112
S2140459706E616765723A206661696C656420746F4F
S21404598020657261736520256420627974657320CE
S214045990696E20736C6F74202564206174206164C2
S2140459A064726573732030782534782028657272A3
S2140459B06F722030782578290A0045726173656411
S2140459C020256420627974657320696E20736C6F79
S2140459D0742025640A004661696C656420746F202F
S2140459E073657420736C6F7420746F20626F6F74A9
S2140459F020286572726F72203078253478290A0060
S214045A004661696C656420746F20736574206C69E4
S214045A107374206F6620736C6F747320746F2062C7
S214045A206F6F7420286572726F7220307825347810
S214045A30290A004661696C656420746F2067657482
S214045A40206E6577206C697374206F6620736C6FA4
S214045A50747320746F20626F6F7420286572726F7F
S214045A6072203078253478290A00426567696E6E9C
S214045A70696E6720696D6167652076657269666917
S214045A80636174696F6E2E2E2E002E6661696C65D6
S214045A90642120284572726F722030782534782964
S214045AA00A002E7061737365642120426F6F7469F7
S214045AB06E6720736C6F742025640A00666E692B0B
S214045AC000666E69006E616E00666E692D006C6914
S214045AD06273006273656E64007265736574007247
S214045AE061770073656E645F6D756C74696361736A
S214045AF0740073656E642D7573696E672D6D756CB1
S214045B007469636173742D62696E64696E67007488
S214045B10696D6573796E63006765742D7074692D9D
S214045B20726164696F2D636F6E66696700636F6E7A
S214045B306669672D6363612D6D6F646500657665C0
S214045B406E7473007365637572697479007A696735
S214045B506265655F7072696E7400706C7567696EF5
S214045B60006E6574006B657973006F7074696F6E90
S214045B7000706C7567006368616E67656B657900B5
S214045B806368616E67656B007A646F007072696E35
S214045B90742072656C6174656420636F6D6D616EEC
S214045BA064732E0061747472005A646F2072656C9C
S214045BB06174656420636F6D6D616E64732E00722C
S214045BC06F75746500706F776572006D676D742D00
S214045BD06C7169006D676D742D62696E64006E6F1A
S214045BE064650073696D706C650069656565006E53
S214045BF0776B00756E62696E64006E776B2D7570D8
S214045C0064006F75742D636C2D6C69737400696E13
S214045C102D636C2D6C697374005A646F20696E2D45
S214045C20636C2D6C6973742072656C617465642092
S214045C30636F6D6D616E64732E005A646F206F75AA
S214045C40742D636C2D6C6973742072656C61746555
S214045C506420636F6D6D616E64732E005A646F20EA
S214045C606E776B2D7570642072656C617465642044
S214045C70636F6D6D616E64732E007363616E2D6366
S214045C8068616E2D6D61736B007363616E0063688B
S214045C90616E5067006368616E005A646F20756EAB
S214045CA062696E642072656C6174656420636F6DEE
S214045CB06D616E64732E00756E6963617374006340
S214045CC068616E67656B65792072656C617465647E
S214045CD020636F6D6D616E64732E006C696E6B006D
S214045CE04F7074696F6E2072656C617465642063AE
S214045CF06F6D6D616E64732E00726567697374658B
S214045D0072006469736300696E7374616C6C2D63EE
S214045D106F64650062696E64696E672D7461626C97
S214045D2065007072696E742D72782D6D73677300DA
S214045D306170737265747279004150532072657491
S214045D40727920666C616720666F72636520636F84
S214045D506D6D616E647300456E61626C65732F448D
S214045D60697361626C6573207072696E74696E67BC
S214045D70206F66205278206D657373616765732E95
S214045D8000656E61626C650042696E64696E6720C8
S214045D907461626C652072656C6174656420636FFF
S214045DA06D6D616E64732E005365637572697479E4
S214045DB0206B6579732072656C6174656420636F0B
S214045DC06D6D616E64732E0064656C657465004E5B
S214045DD06574776F726B2072656C6174656420639A
S214045DE06F6D6D616E64732E00666F726D00726502
S214045DF06A6F696E2D646966662D64657669636587
S214045E002D747970650065787470616E69640069D4
S214045E10736F70656E0062726F61642D706A6F696D
S214045E206E006368616E67652D6368616E6E656C8F
S214045E3000696E6974006368616E67652D6B6565DD
S214045E40702D616C6976652D6D6F64650074696D7F
S214045E50656F75742D6F7074696F6E2D6D61736BDD
S214045E60006D756C74692D7068792D737461727425
S214045E70006D756C74692D7068792D73746F70007D
S214045E8066696E64006E6574776F726B2066696E01
S214045E906420636F6D6D616E64732E006A6F696E45
S214045EA061626C6500756E7573656400736C6F74FF
S214045EB02D6D616E6167657200636F756E746572D1
S214045EC0730066696E642D616E642D62696E64008B
S214045ED0667261676D656E746174696F6E00677271
S214045EE06F7570732D736572766572006E65747760
S214045EF06F726B2D7374656572696E67006F74617B
S214045F002D626F6F746C6F6164006F74612D636CC7
S214045F1069656E74006F74612D73746F7261676562
S214045F202D636F6D6D6F6E006F74612D73746F7279
S214045F306167652D656570726F6D0069646C652DAB
S214045F40736C656570007570646174652D74632D7B
S214045F506C696E6B2D6B6579007570646174652D64
S214045F6074632D6C696E6B2D6B65792072656C613C
S214045F7074656420636F6D6D616E64730074696D1F
S214045F806572006E6F7700436F6D6D616E6473208B
S214045F90746F20636F6E74726F6C2069646C696EC4
S214045FA0672F736C656570696E67206F662074680A
S214045FB0652064657669636500666F7263652D6146
S214045FC077616B65006177616B652D7768656E2D0B
S214045FD06E6F742D6A6F696E6564007265706F7299
S214045FE074696E672072656C6174656420636F6D96
S214045FF06D616E64732E00636C6561722D6C6173E3
S214046000742D7265706F72742D74696D6500746595
S21404601073742D74696D696E67006F74612D737483
S2140460206F726167652D656570726F6D2072656C41
S2140460306174656420636F6D6D616E64732E0077A2
S214046040697065006F74612D73746F726167652D76
S214046050636F6D6D6F6E2072656C6174656420632A
S2140460606F6D6D616E6473007072696E74496D61F4
S2140460706765730072656C6F61640073746F726138
S21404608067652D696E666F00646174612D70726950
S2140460906E74006F74612D636C69656E742072652E
S2140460A06C6174656420636F6D6D616E64732E003D
S2140460B076657269667900626C6F636B2D746573BE
S2140460C07400706167652D7265717565737400750B
S2140460D07067726164652D726571756573740064AA
S2140460E0697361626C652D646F776E67726164654F
S2140460F07300656E61626C652D646F776E6772619E
S214046100646573006F74612D626F6F746C6F616485
S2140461102072656C6174656420636F6D6D616E6476
S21404612073006E6574776F726B2D73746565726930
S2140461306E672072656C6174656420636F6D6D6153
S2140461406E64732E007072652D636F6E6669677574
S2140461507265642D6B65792D736574006D61736B60
S2140461602072656C6174656420636F6D6D616E6426
S2140461702E0073756274726163740067726F757053
S214046180732D7365727665722072656C61746564CE
S21404619020636F6D6D616E64732E00667261676D49
S2140461A0656E746174696F6E2072656C6174656483
S2140461B020636F6D6D616E64732E007365742D724B
S2140461C0782D77696E646F772D73697A65006172CE
S2140461D0746966696369616C2D626C6F636B2D64A8
S2140461E0726F700046696E6420616E642062696E28
S2140461F0642072656C6174656420636F6D6D616E96
S21404620064732E00696E69746961746F7200656EDA
S21404621061626C655F7479706500737461636B00AA
S214046220617070007A636C006C65676163795F61A6
S214046230665F646562756700636F756E7465727316
S2140462402072656C6174656420636F6D6D616E6445
S214046250732E007072696E742D636F756E7465723A
S2140462602D747970650073696D706C652D70726934
S2140462706E74007072696E742D7468726573686FDC
S2140462806C6473007365742D7468726573686F6CE0
S214046290640072657365742D7468726573686F6CD8
S2140462A064730073656E642D72657175657374002E
S2140462B073656375726974792072656C617465645C
S2140462C020636F6D6D616E6473007365742D616C0D
S2140462D06C6F772D74727573742D63656E74657246
S2140462E02D72656A6F696E2D7573696E672D776595
S2140462F06C6C2D6B6E6F776E2D6B657900736574A1
S2140463002D616C6C6F772D74727573742D63656E66
S2140463107465722D72656A6F696E2D7573696E6722
S2140463202D77656C6C2D6B6E6F776E2D6B65792D86
S21404633074696D656F7574007365742D6B65792D5E
S214046340726571756573742D706F6C696379006D11
S21404635066672D746F6B656E0061707300536563BA
S2140463607572697479206170732072656C617465E6
S2140463706420636F6D6D616E64732E004765742FC1
S214046380736574204D464720746F6B656E2E0065EA
S2140463906E64706F696E742072656C6174656420D7
S2140463A0636F6D6D616E64732E00656570726F6DDC
S2140463B0207574696C6974792072656C617465649F
S2140463C020636F6D6D616E647300536C6F74204D43
S2140463D0616E616765722072656C617465642063C2
S2140463E06F6D6D616E647300626F6F742D736C6F86
S2140463F0740065726173652D736C6F7400657874D0
S2140464002D666C6173682D696E666F00736C6F74AD
S214046410732D696E666F005072696E7473207469AA
S2140464206D652E005072696E74732061747472699F
S214046430627574652E00436C6561727320746865BA
S214046440205A444F206C697374206F6620636C690D
S214046450656E742028696E2920636C757374657282
S214046460732E004164647320636C75737465727371
S21404647020746F20746865206B6E6F776E20636C73
S21404648069656E742028696E2920636C757374655B
S2140464907273206F6E20746869732064657669630E
S2140464A0652E00436C6561727320746865205A44D7
S2140464B04F206C697374206F6620636C69656E7414
S2140464C020286F75742920636C7573746572732E37
S2140464D0004164647320636C75737465727320740E
S2140464E06F20746865206B6E6F776E20636C6965C9
S2140464F06E7420286F75742920636C7573746572C6
S21404650073206F6E207468697320646576696365AA
S2140465102E0053656E647320616E2075706461741A
S21404652065206368616E6E656C207265717565734F
S214046530742E006368616E6E656C1F0053656E642E
S2140465407320616E20757064617465206368616E83
S2140465506E656C2070616765207265712E205468C4
S2140465606520737461636B2073656E6473206E7745
S2140465706B20656E68616E63656420757064617413
S214046580652072657120666F72206E6F6E2D7A6557
S214046590726F20706167652E006368616E6E656C4D
S2140465A01F706167651F00506572666F726D732099
S2140465B0616E20656E65726779207363616E2E0066
S2140465C07461726765744E6F646549641F736361B2
S2140465D06E4475726174696F6E1F7363616E436F88
S2140465E0756E741F0042726F616463617374732006
S2140465F0746865204944206F6620746865206E655B
S21404660077206E6574776F726B206D616E61676557
S2140466107220616E642061637469766520636861C4
S2140466206E6E656C732E006E776B4D676549641FDE
S2140466306368616E6E656C4D61736B1F00506572A6
S214046640666F726D7320616E20656E657267792061
S2140466507363616E206F6E20676976656E2063686B
S214046660616E6E656C206D61736B2E00746172676B
S21404667065744E6F646549641F7363616E44757216
S2140466806174696F6E1F7363616E436F756E741FFA
S2140466906368616E6E656C4D61736B1F0053656E47
S2140466A064732061206E6574776F726B2061646416
S2140466B072657373207265717565737420666F7284
S2140466C02074686520676976656E204945454520CF
S2140466D0616464726573732E00696565651F005294
S2140466E06571756573747320616E20494545452050
S2140466F061646472657373206261736564206F6E8F
S214046700206120676976656E206E6F646520494453
S2140467102E006E6F646549641F0053656E647320B3
S214046720612073696D706C6520646573637269704B
S214046730746F72207265717565737420666F72204B
S2140467407468652073686F7274206164647265731C
S2140467507320616E6420656E64706F696E74207356
S21404676070656369666965642E00646573741F7476
S2140467706172676574456E64706F696E741F00534A
S214046780656E64732061206D617463684465736329
S214046790726970746F727352657175657374207460
S2140467A06F2074686520676976656E206465737407
S2140467B0696E6174696F6E207769746820746865A1
S2140467C020676976656E2070726F66696C652E0048
S2140467D06E6F646549641F70726F66696C651F002E
S2140467E053656E64732061206E6F64652064657300
S2140467F063726970746F7220726571756573742044
S214046800746F206120676976656E207461726765AF
S21404681074206465766963652E00746172676574B6
S2140468201F0053656E64732061205A444F204269EA
S2140468306E6420636F6D6D616E6420746F206120DA
S2140468406465766963652073706563696669656403
S21404685020696E2074686520636F6D6D616E6420B8
S214046860617267756D656E74732E00446573746922
S2140468706E6174696F6E1F536F7572636520656E03
S21404688064706F696E741F44657374696E617469AD
S2140468906F6E20656E64706F696E741F636C7573BB
S2140468A074657249441F72656D6F74654555493643
S2140468B0341F6465737445554936341F0053656E3A
S2140468C0647320616E2061637469766520656E6406
S2140468D0706F696E74207265717565737420746F59
S2140468E020746865206465766963652077697468D2
S2140468F02074686520676976656E2073686F7274A5
S2140469002049442E0053656E647320616E20756EB4
S21404691062696E64207265717565737420666F7241
S214046920206120756E69636173742062696E6469A0
S2140469306E6720746F20746865207461726765746E
S214046940206465766963652E007461726765741FDA
S214046950736F757263652065756936341F736F755A
S21404696072636520656E64706F696E741F636C7500
S2140469707374657249441F64657374696E617469DF
S2140469806F6E45554936341F64657374696E617459
S214046990696F6E20656E64706F696E741F00536550
S2140469A06E647320616E20756E62696E6420726513
S2140469B0717565737420666F722061206D756C74D2
S2140469C069636173742062696E64696E6720746FAC
S2140469D020746865207461726765742064657669DE
S2140469E063652E007461726765741F736F757263D6
S2140469F0652065756936341F736F75726365206527
S214046A006E64706F696E741F636C75737465724917
S214046A10441F67726F7570416464726573731F00F8
S214046A2053656E64732061205A444F204D616E6135
S214046A3067656D656E74204C6561766520636F6D61
S214046A406D616E6420746F2074686520746172676B
S214046A506574206465766963652E00746172676583
S214046A60741F72656D6F76654368696C6472656ED3
S214046A701F72656A6F696E1F0053656E64732061CA
S214046A80205A444F204D474D542D42696E642028A9
S214046A9042696E64696E67205461626C652920528F
S214046AA065717565737420746F20746865207461ED
S214046AB072676574206465766963652E0074617216
S214046AC06765741F7374617274496E6465781F0019
S214046AD053656E64732061205A444F204D474D54CD
S214046AE02D4C514920284C5149205461626C65292B
S214046AF0205265717565737420746F207468652000
S214046B00746172676574206465766963652E0053E4
S214046B10656E64732061205A444F20506F77657207
S214046B202044657363726970746F72205265717560
S214046B3065737420746F2074686520746172676569
S214046B4074206465766963652E0053656E647320ED
S214046B5061205A444F20726F757465207265717592
S214046B6065737420636F6D6D616E6420746F20743A
S214046B706865207461726765742E00746172676557
S214046B80741F696E6465781F00696E6465781F6596
S214046B90756936341F696E7374616C6C436F646513
S214046BA01F00696E6465781F65756936341F6B65EA
S214046BB0791F005443206C696E6B206B65792072D4
S214046BC065717565737420706F6C6963791F4170A5
S214046BD070206C696E6B206B6579207265717565C3
S214046BE0737420706F6C6963791F00426F6F6C3A20
S214046BF020616C6C6F772074727573742063656E95
S214046C007465722072656A6F696E207573696E6743
S214046C102077656C6C2D6B6E6F776E206B65791FB5
S214046C200070726F66696C6549641F636C75737473
S214046C30657249641F0074617267657449641F0055
S214046C40456E61626C6573207072696E74696E67F6
S214046C50206F66205278206D657373616765732EA6
S214046C600053657473207468652062696E64696E87
S214046C7067207461626C6500696E6465781F636C76
S214046C8075737465721F6C6F63616C45701F7265F3
S214046C906D6F746545701F65756936341F00436CE7
S214046CA065617273207468652062696E64696E67D4
S214046CB0207461626C652E005072696E7473207461
S214046CC068652062696E64696E67207461626C65CB
S214046CD020746F2074686520636F6D6D616E642028
S214046CE06C696E652E00436C6561727320616C6C12
S214046CF0207365637572697479206B6579732E00E9
S214046D0044656C6574652074686520737065636992
S214046D1066696564206C696E6B206B657920696EA4
S214046D206465782E005072696E747320616C6C20F2
S214046D307365637572697479206B6579732E005474
S214046D4065726D696E6174657320746865206D750F
S214046D506C74692D50485920696E74657266616357
S214046D6065005573656420746F20737461727420B3
S214046D706D756C74692D50485920696E7465726619
S214046D80616365206F74686572207468616E206E36
S214046D90617469766520616E6420666F726D207416
S214046DA06865206E6574776F726B2E205468652054
S214046DB0737461636B20757365732073616D6520EE
S214046DC050616E4964206173206E61746976652033
S214046DD0726164696F206E6574776F726B2E0070D3
S214046DE06167651F6368616E6E656C1F706F77659B
S214046DF0721F6F7074696F6E734D61736B202842D7
S214046E0069742030203D20526F757465727320615A
S214046E106C6C6F7765642C204269742031203D20A9
S214046E2042726F61646361737420616C6C6F776522
S214046E3064291F00417474656D70747320746F2028
S214046E406368616E676520746865206368696C644E
S214046E502074696D656F7574206F7074696F6E2029
S214046E606D61736B20746F2066696C746572206F35
S214046E70757420756E646573697261626C652076DC
S214046E80616C7565732028652E672E206E6F206DE5
S214046E906F7265207468616E20332064617973298B
S214046EA02E0074696D656F7574206F7074696F6EEB
S214046EB0206D61736B1F0053776974636865732074
S214046EC06265747765656E20646966666572656E6C
S214046ED074206B65657020616C697665206D6F64DF
S214046EE0657320737570706F7274656420627920A0
S214046EF06120726F757465722E004B656570206133
S214046F006C697665206D6F64651F005072696E74D7
S214046F1073207468652063757272656E74204E6F94
S214046F2064652049442C2045554936342C20616E2E
S214046F30642050616E2049442E00496E697469616C
S214046F406C697A65732061206E6574776F726B3B2B
S214046F5020746869732069732061207465737420D3
S214046F60636F6D6D616E64207573656420666F7201
S214046F702074632D737761702D6F75742074657338
S214046F8074696E672E005365747320746865206E8A
S214046F906574776F726B20696E64657820757365A7
S214046FA06420627920616C6C206675747572652045
S214046FB0434C4920636F6D6D616E64732E202042CE
S214046FC065666F726520657865637574696E67209B
S214046FD06120434C4920636F6D6D616E642C207490
S214046FE06865206672616D65776F726B207377696A
S214046FF0746368657320746F2074686973206E65A3
S21404700074776F726B2E20204166746572207468E4
S2140470106520636F6D6D616E642066696E69736862
S214047020657320657865637574696E672C2074686B
S21404703065206672616D65776F726B20737769740D
S21404704063686573206261636B20746F207468657F
S2140470502070726576696F7573206E6574776F72CB
S2140470606B2E202054686520434C49207573657345
S214047070207468652073616D65206E6574776F7221
S2140470806B20696E64657820756E74696C2074680C
S214047090652064657669636520726573657473201C
S2140470A06F72206974206973206368616E67656413
S2140470B0207468726F756768207468697320636FDC
S2140470C06D6D616E642E00417474656D707473200A
S2140470D0746F206368616E676520646576696365AE
S2140470E0206F76657220746F206120646966666519
S2140470F072656E74206368616E6E656C206769766F
S214047100656E20696E20746865206368616E6E65BE
S2140471106C20617267756D656E742E005468652008
S2140471206368616E6E656C20746F206368616E6759
S2140471306520746F1F0066696E64556E75736564AA
S21404714050616E49640066696E644A6F696E616276
S2140471506C654E6574776F726B005065726D6974FA
S21404716073206A6F696E696E67206F6E2074686537
S214047170206E6574776F726B20666F72206120676D
S2140471806976656E206E756D626572206F66207313
S21404719065636F6E647320414E442062726F61644F
S2140471A063617374732061205A444F204D676D7475
S2140471B0205065726D6974204A6F696E696E672027
S2140471C07265717565737420746F20616C6C2072BF
S2140471D06F75746572732E00412073696E676C65F3
S2140471E0206279746520696E6469636174696E6788
S2140471F020686F77206C6F6E6720746865206465FE
S214047200766963652073686F756C6420686176655B
S214047210207065726D6974206A6F696E696E672086
S2140472207475726E6564206F6E20666F722E2041D0
S2140472302076616C7565206F6620307866662074EB
S21404724075726E73206F6E207065726D6974206A35
S2140472506F696E20696E646566696E6974656C79BB
S2140472602E1F00436865636B73206E6574776F72B8
S2140472706B20706A6F696E207374617475732E0068
S2140472805772697465732074686520657874656ED2
S2140472906465642070616E20494420666F722074B1
S2140472A06865206465766963652E00657874706128
S2140472B06E69641F0052656A6F696E7320616E2082
S2140472C06578697374696E67206E6574776F726B20
S2140472D020696E206120736563757265206F722065
S2140472E0696E736563757265206D616E6E65722076
S2140472F077697468206120646966666572656E7471
S2140473002064657669636520747970652E00426F23
S2140473106F6C65616E206E6574776F726B206B653B
S2140473207920617661696C6162696C6974791F435E
S21404733068616E6E656C206D61736B1F416E2065AF
S2140473406E756D65726174696F6E20696E646963CB
S2140473506174696E67207468652064657669636520
S214047360207479706520746F2072656A6F696E2068
S21404737061732E54686520737461636B206F6E6C42
S21404738079206163636570747320534C5F5A494770
S2140473904245455F454E445F444556494345206152
S2140473A06E6420534C5F5A49474245455F534C45EB
S2140473B04550595F454E445F4445564943452E1F44
S2140473C00052654A6F696E732061206E6574776F2C
S2140473D0726B2E00426F6F6C65616E206E657477FB
S2140473E06F726B206B657920617661696C61626986
S2140473F06C6974791F4368616E6E656C206D617389
S2140474006B1F004C65617665732061206E6574772A
S2140474106F726B2E005475726E73207065726D6990
S21404742074206A6F696E696E67206F6E20666F726D
S2140474302074686520616D6F756E74206F662074A5
S214047440696D6520696E646963617465642E0041C4
S2140474502073696E676C65206279746520696E6452
S21404746069636174696E6720686F77206C6F6E67F6
S21404747020746865206465766963652073686F7533
S2140474806C642068617665207065726D6974206A24
S2140474906F696E696E67207475726E206F6E2066F3
S2140474A06F722E20412076616C7565206F662030E1
S2140474B0786666207475726E73207065726D697472
S2140474C0206A6F696E20696E646566696E697465A4
S2140474D06C792E1F004A6F696E732061206E657486
S2140474E0776F726B206F6E206120676976656E20F9
S2140474F06368616E6E656C2C207769746820612001
S214047500676976656E20545820506F7765722061DF
S2140475106E642050414E2049442E00546865206312
S21404752068616E6E656C206F6E207768696368208C
S214047530746F206A6F696E20746865206E65747750
S2140475406F726B1F4F6E652D627974652073696761
S2140475506E65642076616C756520696E6469636126
S21404756074696E672074686520545820506F776578
S2140475707220746861742074686520726164696F2F
S2140475802073686F756C642062652073657420745C
S2140475906F1F5468652050414E204944206F6E206A
S2140475A0776869636820746F206A6F696E207468F0
S2140475B065206E6574776F726B1F00466F726D730D
S2140475C02061206E6574776F726B206F6E20612069
S2140475D0676976656E206368616E6E656C2C2077CD
S2140475E0697468206120676976656E205458205057
S2140475F06F77657220616E642050414E2049442E98
S21404760000546865206368616E6E656C206F6E203A
S214047610776869636820746F20666F726D2074687B
S21404762065206E6574776F726B1F4F6E652D627979
S2140476307465207369676E65642076616C75652071
S214047640696E6469636174696E6720746865205442
S2140476505820506F7765722074686174207468656A
S21404766020726164696F2073686F756C642062654C
S2140476702073657420746F1F5468652050414E2033
S2140476804944206F6E20776869636820746F2066AB
S2140476906F726D20746865206E6574776F726B1FE9
S2140476A0005468697320696E69746961746573202F
S2140476B0612054434C4B207570646174652070726D
S2140476C06F6365647572652E0053706563696679C9
S2140476D02074686520616D6F756E74206F66207403
S2140476E0696D6520746F20776169742061667465BE
S2140476F072206F6E652054434C4B20757064617421
S21404770065206F7065726174696F6E20636F6D704B
S2140477106C65746573206265666F72652062656762
S214047720696E6E696E672061206E65772054434CDF
S2140477304B20757064617465206F7065726174693E
S2140477406F6E2E0054686520616D6F756E74206FC1
S214047750662074696D65206265747765656E20734E
S214047760756273657175656E7420747275737420B2
S21404777063656E746572206C696E6B206B65792028
S2140477807570646174657320696E206D696C6C69CC
S2140477907365636F6E64731F00536574206F722085
S2140477A0636C6561722073746179206177616B65BF
S2140477B0207768656E206E6F74206A6F696E6564E4
S2140477C000536574206F7220636C65617220666F67
S2140477D0726365206177616B6500446973706C61E0
S2140477E0792074686520736C6565702073746174A1
S2140477F0757300464F522054455354494E47205003
S2140478005552504F534553202D2067617468657256
S2140478102074696D696E67206D6574726963732080
S214047820666F72207265706F7274696E6720746119
S214047830626C65206F7065726174696F6E732E007A
S214047840436C6561727320746865206C6173742080
S2140478507265706F72742074696D65206F6620613E
S2140478607474726962757465732E0041646473205F
S21404787061206E657720656E74727920746F20744B
S2140478806865207265706F7274207461626C652E10
S21404789000546865206C6F63616C20656E64706F5D
S2140478A0696E742066726F6D2077686963682074E9
S2140478B068652061747472696275746520697320E2
S2140478C07265706F727465641F54686520636C75A6
S2140478D073746572207768657265207468652061C4
S2140478E07474726962757465206973206C6F636161
S2140478F07465641F546865204944206F6620746864
S2140479006520617474726962757465206265696E57
S21404791067207265706F727465641F3020666F72BC
S21404792020636C69656E742D736964652061747474
S21404793072696275746573206F72203120666F7287
S214047940207365727665722D73696465206174743C
S214047950726962757465731F546865206D696E6913
S2140479606D756D207265706F7274696E6720696ECE
S21404797074657276616C2C206D65617375726564CE
S21404798020696E207365636F6E64732E1F5468657A
S214047990206D6178696D756D207265706F7274699B
S2140479A06E6720696E74657276616C2C206D6561F5
S2140479B0737572656420696E207365636F6E647395
S2140479C02E1F546865206D696E696D756D20636839
S2140479D0616E676520746F207468652061747472C4
S2140479E0696275746520746861742077696C6C20AC
S2140479F0726573756C7420696E2061207265706F91
S214047A007274206265696E672073656E742E1F003B
S214047A1052656D6F76657320616E20656E7472793B
S214047A202066726F6D20746865207265706F72745C
S214047A30207461626C652E0054686520696E646506
S214047A4078206F6620746865207265706F72742083
S214047A50746F2062652072656D6F7665641F0043DF
S214047A606C6561727320616C6C20656E74726965F6
S214047A70732066726F6D20746865207265706F720D
S214047A8074207461626C652E005072696E74732083
S214047A90746865207265706F7274207461626C65B8
S214047AA02E00576970657320616C6C206461746184
S214047AB020696E207468652073746F726167652030
S214047AC06465766963652E005072696E747320610E
S214047AD07262697472617279206279746573206F58
S214047AE06620746865204F544120696D616765207F
S214047AF06F6E206469736B2E0054686520696E642B
S214047B006578206F662074686520696D61676520F6
S214047B10746F207072696E74206974732064617463
S214047B20611F546865206F666673657420696E7499
S214047B306F20746865204F544120696D6167652025
S214047B40746861742077696C6C2062652070726951
S214047B506E7465641F005072696E747320696E6675
S214047B606F726D6174696F6E2061626F75742074D4
S214047B7068652073746F72616765206465766963EF
S214047B80652E0052656C6F6164207468652073749A
S214047B906F72616765206465766963652E00446567
S214047BA06C657465732074686520696D616765200B
S214047BB061742074686520737065636966696564BA
S214047BC020696E6465782E0054686520696E646565
S214047BD07820617420776869636820746F20626512
S214047BE067696E2064656C6574696E672074686581
S214047BF020696D6167651F005072696E7473207426
S214047C00686520696D616765732E00456E61626CF8
S214047C106573204F544120646F776E6772616465A4
S214047C20732E0044697361626C6573204F5441205F
S214047C30646F776E6772616465732E0053656E6455
S214047C407320616E2055706772616465456E645278
S214047C5065717565737420746F20616E204F54418E
S214047C60207365727665722E0043616E206265200D
S214047C707573656420746F2064796E616D696361E1
S214047C806C6C79207475726E206F66662073656EF0
S214047C9064696E67207061676520726571756573C7
S214047CA07473206F6E2074686520636C69656E74E7
S214047CB020736964652C2069662074686520736582
S214047CC07276657220646F65736E277420737570A0
S214047CD0706F727420746869732066656174757257
S214047CE0652E00426F6F6C65616E2076616C7565FB
S214047CF0207475726E696E67206F6E202831292095
S214047D006F72206F6666202830292074686520709C
S214047D10616765207265717565737420666C61674A
S214047D201F0053656E647320616E20696D6167651C
S214047D3020626C6F636B2072657175657374206660
S214047D406F7220612066696C6520746865207365AF
S214047D50727665722073686F756C64206E6F74201B
S214047D60686176652E202054657374206861726E8F
S214047D70657373206F6E6C79202874657374206342
S214047D8061736520392E352E36202D204D69737388
S214047D90696E672046696C6529005072696E747353
S214047DA020696E666F726D6174696F6E206F6E20E7
S214047DB07468652063757272656E7420737461747A
S214047DC065206F6620746865204F544120636C6993
S214047DD0656E7420646F776E6C6F61642E005374E6
S214047DE06F707320746865204F54412073746174F7
S214047DF065206D616368696E652E005374617274E4
S214047E007320746865204F544120636C69656E74F2
S214047E10207374617465206D616368696E652E20D5
S214047E20546865207374617465206D616368696E57
S214047E306520646973636F76657273207468652061
S214047E404F5441207365727665722C207175657285
S214047E5069657320666F72206E657720696D616749
S214047E6065732C20646F776E6C6F6164732074681E
S214047E706520696D6167657320616E64207761694A
S214047E80747320666F7220746865207365727665F5
S214047E907220636F6D6D616E6420746F20757067F9
S214047EA0726164652E005072696E7473207468651E
S214047EB0206D616E756661637475726572204944DF
S214047EC02C20496D61676520547970652049442CDF
S214047ED020616E642056657273696F6E20696E66E3
S214047EE06F726D6174696F6E20746861742061725C
S214047EF0652075736564207768656E2061207175EA
S214047F00657279206E65787420696D61676520698D
S214047F10732073656E7420746F20746865207365AF
S214047F20727665722062792074686520636C696570
S214047F306E742E00506572666F726D732073696777
S214047F406E617475726520766572696669636174BC
S214047F50696F6E206F6E2074686520696D61676551
S214047F60206174207468652073706563696669654A
S214047F706420696E6465782E0054686520696E64B2
S214047F80657820617420776869636820746F20625E
S214047F906567696E20766572696669636174696F80
S214047FA06E206F662074686520696D6167651F00C2
S214047FB0426F6F746C6F6164732074686520696DBA
S214047FC061676520617420746865207370656369F1
S214047FD06669656420696E646578206279206361E9
S214047FE06C6C696E6720746865204F544120626F1C
S214047FF06F746C6F61642063616C6C6261636B2E7A
S2140480000054686520696E6465782061742077681A
S21404801069636820746F20626567696E20626F6F9B
S214048020746C6F6164696E672074686520696D613D
S21404803067651F005072696E747320696E666F20E0
S21404804061626F75742074686520696E7374616C00
S2140480506C656420626F6F746C6F616465722E0069
S2140480605375627472616374732061206368616E11
S2140480706E656C2066726F6D206569746865722023
S214048080746865207072696D617279206F722073EE
S21404809065636F6E64617279206368616E6E656C89
S2140480A0206D61736B206F6620746865206E65743E
S2140480B0776F726B2D7374656572696E6720636F74
S2140480C06D706F6E656E742E00546865206368610B
S2140480D06E6E656C206D61736B20746F20737562B1
S2140480E0747261637420746865206368616E6E657B
S2140480F06C2066726F6D1F546865206368616E6ECF
S214048100656C20746F207375627472616374207476
S2140481106865206D61736B2066726F6D1F00416425
S21404812064732061206368616E6E656C20746F20D2
S21404813065697468657220746865207072696D611B
S2140481407279206F72207365636F6E646172792032
S2140481506368616E6E656C206D61736B206F66205C
S214048160746865206E6574776F726B2D73746565BD
S21404817072696E6720636F6D706F6E656E742E0025
S214048180546865206368616E6E656C206D61736B00
S21404819020746F206164642061206368616E6E657C
S2140481A06C20746F1F546865206368616E6E656C1E
S2140481B020746F2061646420746F20746865206D79
S2140481C061736B1F00536574732065697468657208
S2140481D020746865207072696D617279206F7220F0
S2140481E07365636F6E64617279206368616E6E6531
S2140481F06C206D61736B2E00546865206368616E35
S2140482006E656C206D61736B20746F207375627479
S2140482107261637420746865206368616E6E656C51
S2140482202066726F6D1F5468652076616C756520D4
S214048230746F2073657420746865206368616E6E5D
S214048240656C206D61736B20746F2E1F005365740C
S2140482507320746865207072652D636F6E66696737
S21404826075726564206B657920736F207468617419
S21404827020746865206A6F696E696E672064657627
S2140482806963652063616E20656E74657220746828
S21404829065206E6574776F726B2E00536574732059
S2140482A074686520707265636F6E6669677572655B
S2140482B064206B65791F0053746F7073207468654F
S2140482C0206E6574776F726B207374656572696E61
S2140482D0672070726F636573732E005374617274D3
S2140482E07320746865206E6574776F726B20737480
S2140482F0656572696E672070726F636573732E00AE
S21404830041206D61736B206F66206F7074696F6EA9
S2140483107320666F7220696E6469636174696E6740
S214048320207370656369666963206265686176694F
S2140483306F722077697468696E20746865206E654C
S21404834074776F726B2D7374656572696E672070CF
S214048350726F636573732E1F00446973706C617962
S21404836073207468652063757272656E7420737406
S21404837061747573206F6620746865206E65747703
S2140483806F726B207374656572696E672070726FA6
S214048390636573732E00436C65617273207468653D
S2140483A02067726F757073207461626C65206F6EDF
S2140483B020657665727920656E64706F696E7400E8
S2140483C05072696E747320696E666F726D6174693B
S2140483D06F6E2061626F75742074686520636F6EBB
S2140483E074656E7473206F66207468652067726F98
S2140483F0757073207461626C652E004172746966D0
S214048400696369616C6C792064726F707320746838
S2140484106520626C6F636B206E756D626572206496
S2140484206566696E6564206279207468652070618B
S2140484307373656420617267756D656E74206F6E04
S2140484406C79206F6E63652C20616E642074686599
S2140484506E20616C6C6F77732069742075706F6E14
S21404846020612072657472792E0054686520626CEF
S2140484706F636B206E756D62657220746F20617217
S214048480746966696369616C6C792064726F7020C4
S214048490746F20666F7263652061207265747279EA
S2140484A0202D2073657420746F203078464620741F
S2140484B06F2064697361626C651F00536574732072
S2140484C074686520726563656976652077696E648D
S2140484D06F772073697A652E20204279206465665A
S2140484E0696E6974696F6E20696E207468652053BE
S2140484F06D61727420456E657267792070726F665E
S214048500696C65206974206D7573742062652073C8
S214048510657420746F2031206275742074686973E2
S21404852020616C6C6F777320697420746F206265A9
S214048530206368616E6765642E00546865206D610B
S21404854078206E756D626572206F6620746865208B
S214048550626C6F636B73207265636569766564200D
S2140485606265666F726520616E20415053206163B8
S2140485706B2069732067656E6572617465641F009D
S2140485804D616B65732074686973206E6F64652033
S2140485907374617274206964656E74696679696E51
S2140485A06720617320612074617267657420666F4A
S2140485B0722062696E64696E6720776974682061E8
S2140485C06E20696E69746961746F72206E6F64657B
S2140485D02E0054686520656E64706F696E74206F33
S2140485E06E20776869636820746F20626567696EB9
S2140485F0207468652046696E64696E6720616E64DF
S2140486002042696E64696E672074617267657420BF
S21404861070726F636573731F004D616B65732074AE
S214048620686973206E6F6465207374617274207455
S214048630686520696E69746961746F72207061720E
S21404864074206F66207468652066696E64696E6758
S21404865020616E642062696E64696E672070726F52
S214048660636573732E0054686520656E64706F6965
S2140486706E74206F6E20776869636820746F20625A
S2140486806567696E207468652046696E64696E67FE
S21404869020616E642042696E64696E6720696E6943
S2140486A0746961746F722070726F636573731F00F0
S2140486B0456E61626C652F64697361626C652064E3
S2140486C06562756720606C656761637920617070A8
S2140486D0206672616D65776F726B2064656275677C
S2140486E060207072696E7420747970652E00456E11
S2140486F061626C652F64697361626C651F00456E08
S21404870061626C652F64697361626C65206465627E
S214048710756720607A636C60207072696E7420746A
S2140487207970652E00456E61626C652F64697361AD
S214048730626C652064656275672060617070602095
S2140487407072696E7420747970652E00456E61626D
S2140487506C652F64697361626C6520646562756715
S2140487602060636F726560207072696E742074791D
S21404877070652E00456E61626C652F646973616274
S2140487806C652064656275672060737461636B60F2
S214048790207072696E7420747970652E0053656E4D
S2140487A064732061207265717565737420666F72D8
S2140487B0204F544120636F756E746572732E005299
S2140487C0657365747320616C6C2074687265736875
S2140487D06F6C64732076616C75657320746F2030DB
S2140487E078464646462E00536574732061207468A6
S2140487F0726573686F6C642076616C756520666F4D
S21404880072206120706172746963756C6172207481
S214048810797065206F6620636F756E7465722E00BE
S21404882054797065206F6620636F756E7465721F69
S2140488305468726573686F6C642056616C75651F46
S214048840005072696E74732074686520746872656B
S21404885073686F6C6473206F6620616C6C20746838
S2140488606520636F756E746572732E00436C656164
S214048870727320616C6C20636F756E7465722076FB
S214048880616C7565732E005072696E747320616C2A
S2140488906C20636F756E7465722076616C75657393
S2140488A02E005072696E7473207468652076616C4D
S2140488B07565206F662074686973207061727469C8
S2140488C063756C617220636F756E7465722E0054E6
S2140488D0686520636F756E746572207479706520A0
S2140488E0746F207072696E741F005072696E7473B0
S2140488F020616C6C20636F756E7465722076616C93
S21404890075657320616E6420636C65617273207490
S21404891068656D2E00536574204D464720746F6B52
S214048920656E2C2043414E4E4F5420424520554EF2
S21404893053455420425920434C492E005072696EC8
S21404894074204D464720746F6B656E2E0050726916
S2140489506E7420616374697665206576656E7473DB
S2140489602E0044697361626C652074686520656EC8
S21404897064706F696E7420666F72205A434C206D63
S214048980657373616765732E00456E64706F696EF8
S2140489907420696E6465781F00456E61626C657349
S2140489A02074686520656E64706F696E7420666FE7
S2140489B072205A434C206D657373616765732E008D
S2140489C05072696E7420737461747573206F6620B8
S2140489D0656E64706F696E74732E0053686F777378
S2140489E0207468652076657273696F6E206F6620E2
S2140489F074686520736F6674776172652E005365BC
S214048A00742074686520636F6E6669677572656442
S214048A10203830322E31352E3420434341206D6FBA
S214048A20646520696E2074686520726164696F2EBF
S214048A302053656520646F63756D656E7461746933
S214048A406F6E20726567617264696E672052414971
S214048A504C5F494545453830323135345F436361B0
S214048A604D6F64655F742E0041205241494C5F4946
S214048A704545453830323135345F4363614D6F6464
S214048A80655F742076616C75651F00526574757237
S214048A906E732050544920726164696F20636F6E50
S214048AA066696720696E666F726D6174696F6E20A1
S214048AB0746F2064657465726D696E65207468658C
S214048AC0205048592074797065206265696E672065
S214048AD075736564206279205241494C2E20726574
S214048AE07475726E2076616C756520697320656E88
S214048AF0756D205241494C5F494545453830323101
S214048B0035345F507469526164696F436F6E666989
S214048B10675F7420652E6720205241494C5F4945A3
S214048B2045453830323135345F5054495F524144FC
S214048B30494F5F434F4E4649475F32503447485A81
S214048B40203D203078303055205241494C5F49450D
S214048B5045453830323135345F5054495F524144CC
S214048B60494F5F434F4E4649475F32503447485A51
S214048B705F414E54444956203D20307830315520CC
S214048B805241494C5F494545453830323135345FAA
S214048B905054495F524144494F5F434F4E464947FC
S214048BA05F32503447485A5F434F4558203D203083
S214048BB078303255205241494C5F49454545383056
S214048BC0323135345F5054495F524144494F5F4314
S214048BD04F4E4649475F32503447485A5F414E54D9
S214048BE04449565F434F4558203D2030783033552E
S214048BF00053656E6473206120726561642061743D
S214048C00747220666F72207468652074696D6520BE
S214048C106F66207468652064657669636520737082
S214048C20656369666965642E204974207365747388
S214048C30206120666C616720736F207768656E20FC
S214048C406974206765747320746865207265737030
S214048C506F6E736520697420777269746573207407
S214048C6068652074696D6520746F20697473206F5D
S214048C70776E2074696D6520617474722E00496481
S214048C801F737263456E64706F696E741F646573D8
S214048C9074456E64706F696E741F005768656E2045
S214048CA073656E64696E67207573696E67206120EC
S214048CB062696E64696E672C2073706563696669A1
S214048CC0657320776865746865722061206D756CBD
S214048CD07469636173742062696E64696E67207375
S214048CE0686F756C6420626520757365642E007504
S214048CF073654D756C74696361737442696E6469F7
S214048D006E671F0053656E64732061207072652D54
S214048D106275666665726564206D756C74696361F8
S214048D207374206D65737361676520746F206120AA
S214048D30676976656E2067726F7570204944206691
S214048D40726F6D206120676976656E20656E64704B
S214048D506F696E742E0067726F757049641F737244
S214048D60632D656E64706F696E741F00437265616F
S214048D707465732061206D6573736167652062791D
S214048D802073706563696679696E67207468652008
S214048D907261772062797465732E2055736520742A
S214048DA068652073656E6420636F6D6D616E642004
S214048DB0746F2073656E6420746865206D657373C4
S214048DC0616765206F6E636520697420686173202F
S214048DD06265656E20637265617465642E204578ED
S214048DE03A2072617720307830303046207B30303D
S214048DF020304120303020313120323220333320AD
S214048E0034342035357D2073656E64732061206D9F
S214048E1065737361676520746F20636C757374651E
S214048E2072203135202830783030304629206F665D
S214048E30206C656E677468203820776869636820DC
S214048E40696E636C7564657320746865205A434C58
S214048E50206865616465722E00436C757374657270
S214048E6049641F446174611F0052657365747320FE
S214048E70746865206E6F64652E0057726974657336
S214048E802061206D6573736167652E00456E64709E
S214048E906F696E741F436C75737465722049441F42
S214048EA04174747269627574652049441F4D617318
S214048EB06B1F4461746120747970651F446174612A
S214048EC020627974651F0052656164732061206DA9
S214048ED06573736167652E00456E64706F696E74A2
S214048EE01F436C75737465722049441F4174747211
S214048EF069627574652049441F312069662073656C
S214048F007276657220646972656374696F6E2C206C
S214048F103020696620636C69656E742064697265C6
S214048F206374696F6E1F0053656E64732061206DF1
S214048F306573736167652E0044657374696E617446
S214048F40696F6E1F536F7572636520656E64706F0C
S214048F50696E741F44657374696E6174696F6E20FC
S214048F60656E64706F696E741F00536F7572636507
S214048F7020656E64706F696E741F004C6973747339
S214048F80207768696368206F7074696F6E616C20FF
S214048F906C6962726172696573206F6620746865B5
S214048FA020737461636B2061726520696D706C65F3
S214048FB06D656E746564206F6E20746869732064D2
S214048FC065766963652E005072696E747320696EE7
S214048FD0666F726D6174696F6E2061626F7574205E
S214048FE0746865206E6574776F726B207374617431
S214048FF0652C20636C7573746572732C20616E64C3
S21404900020656E64706F696E74732E006F66667387
S21404901065741F005072696E747320696E666F7291
S2140490206D6174696F6E20666F7220616C6C20616E
S2140490307661696C61626C6520736C6F74732E0064
S214049040526561647320726177206461746120667E
S214049050726F6D20666C6173682073746F726167DB
S214049060652E004164647265737320746F207265A4
S21404907061641F4E756D626572206F662062797436
S214049080657320746F20726561641F005072696E88
S214049090747320666C6173682073746F726167659D
S2140490A020696E666F726D6174696F6E2E0045720C
S2140490B06173657320746865207370656369666997
S2140490C0656420736C6F742049442E0053746F7269
S2140490D061676520736C6F74206E756D6265721FB0
S2140490E000426F6F74732074686520696D616765EC
S2140490F020696E20746865207370656369666965A7
S2140491006420736C6F742049442E00434C492069D4
S2140491106E7374616E6365206578616D706C65004E
S21404912064756D6D795F696E7374005A434C206381
S2140491306F6D6D616E647300626173696300676C62
S2140491406F62616C006D66672D636F64650075738E
S214049150652D6E6578742D73657175656E6365002F
S214049160782D64656661756C742D72657370007411
S2140491706573742D726573706F6E73652D6F6E00F4
S214049180746573742D726573706F6E73652D6F6678
S21404919066005A434C20626173696320636C75737E
S2140491A074657220636F6D6D616E647300727466AD
S2140491B06400436F6D6D616E642074686174207220
S2140491C0657365747320616C6C2061747472696273
S2140491D07574652076616C75657320746F2066619E
S2140491E063746F72792064656661756C742E0052C0
S2140491F041494C006C6F7765722D6D61632D726109
S214049200696C2D3830322E31352E342E63006C695D
S214049210627261696C2E6100756E636C61696D655E
S21404922064006275666665722D6D616E6167656D54
S214049230656E742E63006576656E742D717565753E
S214049240652E63007A69676265652D757070657250
S2140492502D6D61632E63006E65696768626F722E9A
S21404926063006173736F63696174696F6E2E630064
S2140492703138323173003134323231003132310018
S2140492803273003132323131320031323231310010
S2140492903238310038313100313832313100313230
S2140492A031313132313232323173003132320031BF
S2140492B0323131323231003131313100323238001C
S2140492C0726F7574652D7461626C652E63006D61D2
S2140492D0632D6D756C74692D6E6574776F726B2E65
S2140492E063006C65676163792D7061636B65742DCB
S2140492F06275666665722E63000000000000020058
S2140493000000000000000000BA0400000000020094
S2140493100000000000000000BA0400000001020380
S2140493200E312E312E332D32316339303835370035
S2140493300100000203030100060000000000030011
S2140493400000000013B779FAC925DDB7ADF3CFE006
S214049350F1B614B80102000000000000FFFFFFFF92
S21404936001000000010000000000000000000000F2
S21404937000000000000000000000000000000000E4
S21404938000000000000000000000000000000000D4
S21404939000000000033F1F00D9540300D554030007
S2140493A0B35403008154030011550300E35403002F
S2140493B0835403002C000000020202030000000095
S2140493C001020000000801B46C9404000008015A6D
S2140493D02894040000080040E49304000000000001
S2140493E0000000000000FCFEFFFF0000000000007C
S2140493F0FFFF000000000000FFFF00000000000068
S214049400FFFF00000000000040001806F4D2000031
S2140494102C00B0023DBE00001700F2000C7C0000D9
S2140494200C0041009E4200006400FCFEFFFF0000AA
S21404943000000000FFFF0000000000005A00F306D2
S214049440A554FEFF2100A301A1FEFFFF1100A60004
S214049450832700000A006100DC26000006003B00AB
S214049460F820000003001500AD130000C800FCFE41
S214049470B4008B087BC0FBFF4D00E402E756FFFFF9
S2140494802C00A20183EBFFFF1A000301B31A0000AD
S2140494901100A300552900000A005E005A280000A7
S2140494A006003A002122000004001800731600008B
S2140494B0EF490400ACFE0300ACFE0300ACFE030060
S2140494C0ACFE0300ACFE0300ACFE0300ACFE0300DF
S2140494D0ACFE0300ACFE0300ACFE0300ACFE0300CF
S2140494E0ACFE0300ACFE0300ACFE0300ACFE0300BF
S2140494F0ACFE0300ACFE0300ACFE0300ACFE0300AF
S214049500ACFE0300ACFE0300ACFE0300ACFE03009E
S214049510ACFE0300ACFE0300ACFE0300ACFE03008E
S214049520BAFE0300ACFE0300CFFE0300ACFE03004D
S214049530ACFE0300F4FE0300ACFE0300ACFE030026
S214049540ACFE0300ACFE03001CFF0300ACFE0300ED
S214049550ACFE0300ACFE0300ACFE030034FF0300C5
S214049560ACFE030052FF03000B0000000B000000DB
S214049570020000000000202000000000030000009D
S2140495808C8C3C000000000000000000000000007E
S214049590000000581200000000000000FFFFFFFF5C
S2140495A0FFFFFFFFFFFFFFFF554E4B00474F200016
S2140495B042544C00474F3200474F3300474F340065
S2140495C0474F3500474F3600474F3700474F380060
S2140495D0474F3900474F4100474F4200474F43002B
S2140495E0474F4400474F4500474F46004A4D5000FA
S2140495F0424452005550520042544D004D534D00C3
S21404960046544C00554E4B00474F200042544C00E5
S2140496104241440046544C00465243004F544100D5
S21404962044534C004241500055504700544D4500A9
S21404963046415500545A4600554E4B0050494E007C
S214049640454D3400554E4B0048562000554E4B00B1
S214049650455850004C574D00554E4B00524254004E
S21404966044534C00454D3400554E4B004153540072
S214049670554E4B0056465900494E4800554E4B0031
S2140496804C434B0058544C004F424600554E4B003A
S214049690485244004D454D0042555300555347002B
S2140496A044424700444D410056435400554E4B0037
S2140496B05550200052502000415030004150310097
S2140496C0415020004450200044454300A89504001F
S2140496D0AC950400049604003896040044960400EE
S2140496E04C9604005896040068960400709604008D
S2140496F07C9604008C960400AC960400554E4B00F1
S2140497004649420042544C004558540050575200B3
S21404971057444700205357004352530046534800CB
S21404972042414400464C540042524F000104010397
S21404973003060105010501090600060B0000070BD8
S214049740050B000000000000000000000400E40C0C
S2140497500A000104100100000005000200000300D6
S214049760E8990400E4990400D0990400CC99040014
S214049770C8990400C4990400B2990400A29904008C
S214049780889904008099040076990400749904006A
S2140497905C99040059990400519904004099040006
S2140497A0309904001E99040004990400FC980400EF
S2140497B0F0980400EC980400E8980400DA98040092
S2140497C0CF980400B69804009D98040041980400BD
S2140497D0409804003098040008980400FD9704009C
S2140497E0FC970400E8970400000000000000000056
S2140497F00000000000000000000000000F00000051
S214049800000000000000000000000000000000004F
S214049810000000000000000000000000000000003F
S214049820000000000000000000000000000000002F
S214049830010000000000000000000000000000001E
S2140498400F00000000000000000000000000000000
S21404985000000000000000000000000000000000FF
S21404986000000000000000000000000000000000EF
S21404987000000000000000000000000000000000DF
S21404988000000000000000000000000000000000CF
S21404989000000000000000000000000000000000BF
S2140498A000000000000000000000000000000000AF
S2140498B0000000000000000000000000000000009F
S2140498C0000000000000000000000000000000008F
S2140498D0000000000000000000000000000000007F
S2140498E0000000000000000000000000000000006F
S2140498F0FFFFFFFFFFFFFFFFFFFF00000000000069
S214049900000000000000000000000000000000004E
S214049910000000000000000000000000000000003E
S214049920000000000000000000000000000000002E
S214049930000000000000000000000000000000001E
S214049940000000000000000000000000000000000E
S21404995000FFFFFFFFFFFFFFFF9C0000FF0000006B
S21404996000000000000000000000000000000000EE
S214049970800000000000FFFFFFFFFFFFFFFFFFFF68
S21404998000000000FFFF00000000000000000000D0
S21404999000000000000000000000000000000000BE
S2140499A00000FFFFFF0000000000000000000000B1
S2140499B0000000000000000000000000000000009E
S2140499C0000000000000000000000000000000008E
S2140499D0000000000000000000000000000000007E
S2140499E00000000000000000FC0301010101010169
S2140499F00101010101010101010000000000000154
S214049A0000200600000006010100002002041104E4
S214049A10040211101A080A021801081110111A0873
S214049A200A04020D0B19195C0110280B011400001E
S214049A30000000000000000000000000000101011A
S214049A400101010001010101010101000001010100
S214049A5000010001010000000000000000000000FA
S214049A6000000000000100000000000000000000EC
S214049A700000000001FF010023E1010075E401007D
S214049A8063E2010063E5010062E1010079EB010095
S214049A9064EE010024E1010025E1010026E1010055
S214049AA027E1010028E1010029E101002AE1010083
S214049AB00000010080000100000101008001010097
S214049AC0000201008002010020E201000003010000
S214049AD00005010080050100000601002C89010034
S214049AE0800601000007010001E5010002E501000F
S214049AF000080100800801000040010086321010B2
S214049B00FFFFFFFFFFFFFFFFD9070400DF07040086
S214049B10E5070400EB070400F10704005A696742EE
S214049B206565416C6C69616E636530394E574B20D0
S214049B305374656572696E670000959695959505EC
S214049B4007090D00000000000001020304060000DF
S214049B501D1E0400B8310400D2310400E9310400AB
S214049B60FC3104000C3204002032040032320400BB
S214049B70423204005E320400733204000208010D0F
S214049B800D01010112010000FFFFFFFFFFFFFFFFB1
S214049B9000000000000000000109050100020000AA
S214049BA0000000031EF1EE0BB89B0400AE3E04005A
S214049BB0EF490400FE000000CA3E0400189D04009D
S214049BC000000000D43E0400089D040000000000CD
S214049BD0E13E0400F89C040000000000EE3E040091
S214049BE0E89C0400000000000C3F0400D49C040021
S214049BF000000000043F0400C09C040000000000B5
S214049C000B3F0400AC9C040000000000193F040055
S214049C109C9C0400000000008B3D0400889C04000B
S214049C2000000000123F0400789C040000000000BE
S214049C301E3F0400649C0400000000000A060400A2
S214049C40549C040000000000000000000000000017
S214049C5000000000C76C03002F3F04006C3F0400A4
S214049C60010100FFB1E80000953F0400DA3F04005C
S214049C70010100010107FF006DE800002740040011
S214049C8092400400010100FFADE70000B340040069
S214049C90CC40040000010100FF000000D96C030062
S214049CA0F1400400494104000101FF00C16C0300B7
S214049CB060410400B741040001010207FF000000F0
S214049CC0BB6C030060410400B741040001010207B5
S214049CD0FF000000B56C030060410400B7410400B7
S214049CE001010207FF00000061E70000D8410400FC
S214049CF017420400010101FF01E700003642040098
S214049D007B420400010000FFBDE60000364204006A
S214049D107B420400010000FF45E70000A242040065
S214049D20A840040000FF0000AF6C0300F7420400E4
S214049D30326E0400FF000000A96C03006A430400AE
S214049D40326E0400FF0000009DE60000D9430400C4
S214049D504E44040000FF000075E60000664404005C
S214049D60C844040000FF00009B6C0300D9440400B0
S214049D701F45040002FF00003DE6000028450400DD
S214049D809C45040001FF000015460400F845040045
S214049D900746040013460400244604003A4604001A
S214049DA0504604005A4604006446040000000000BE
S214049DB06849040011000000744904001200000001
S214049DC07C490400130000008449040021000000BC
S214049DD08C4904002200000093490400230000007C
S214049DE09A490400AA000000A1490400FF000000EC
S214049DF000000000FFFFFFFFFFFFFFFF0000000062
S214049E0000000000000001080109020A030B040C0C
S214049E10050D060E070F081001180119021A031B78
S214049E20041C051D061E071F082001210222032309
S214049E30042405250626072708280129022A032BB9
S214049E40042C052D062E072F083001310232033864
S214049E500239043A08E004E104E204E802E902EA0A
S214049E6004F008F1100000000000000002050000E5
S214049E70D09E040002000F00F89E040002000F00AB
S214049E80209F040002000F00489F040002000F00F9
S214049E90709F040002000F00989F040002000F0049
S214049EA0C09F040002000F00E89F040002000F0099
S214049EB010A0040002000F0038A0040002000F00E7
S214049EC060A0040002000F0088A0040002000F0037
S214049ED000000000B0A004000300000040000000E2
S214049EE00000000019000000D4A0040004000F00C5
S214049EF0800000000000000000000000B0A0040085
S214049F0003000000400000000000000019000000EC
S214049F10D4A0040004000F0080000000000000002D
S214049F2000000000B0A00400030000004000000091
S214049F300000000019000000D4A0040004000F0074
S214049F40800000000000000000000000B0A0040034
S214049F50030000004000000000000000190000009C
S214049F60D4A0040004000F008000000000000000DD
S214049F7000000000B0A00400030000004000000041
S214049F800000000019000000D4A0040004000F0024
S214049F90800000000000000000000000B0A00400E4
S214049FA0030000004000000000000000190000004C
S214049FB0D4A0040004000F0080000000000000008D
S214049FC000000000B0A004000300000040000000F1
S214049FD00000000019000000D4A0040004000F00D4
S214049FE0800000000000000000000000B0A0040094
S214049FF003000000400000000000000019000000FC
S21404A000D4A0040004000F0080000000000000003C
S21404A01000000000B0A004000300000040000000A0
S21404A0200000000019000000D4A0040004000F0083
S21404A030800000000000000000000000B0A0040043
S21404A04003000000400000000000000019000000AB
S21404A050D4A0040004000F008000000000000000EC
S21404A06000000000B0A00400030000004000000050
S21404A0700000000019000000D4A0040004000F0033
S21404A080800000000000000000000000B0A00400F3
S21404A090030000004000000000000000190000005B
S21404A0A0D4A0040004000F0080000000000000009C
S21404A0B000002001200000000800000004004221E7
S21404A0C03000000048A1040000FF420030000000F9
S21404A0D0000000000000F0084000000069A1040031
S21404A0E0010023044000000071A1040006003001B2
S21404A0F04000000000000000FDFF210240000000B8
S21404A10001000000190000041900010119000204EE
S21404A11019000301190005041900060119000704B3
S21404A1200400410071030100060041004775030066
S21404A130190081006120010019008400ED2A010045
S21404A140008000000000000006435553544F4D00A5
S21404A15000000000000000000000000000000000F6
S21404A160000000000000000000FFFFFFFFFFFFFFED
S21404A170FFFFFFFFFF0004010401040104010401C2
S21404A1800401040104010401040104010401FFFFA5
S21404A190FFFFFFFFFFFFFFFFFFFFFFFFFFFFFFFFC6
S21404A1A0FFFFFFFFFFFF000102030405060708097F
S21404A1B00A0B1F1C1F1E1F1E1F1F1E1F1E1F07020B
S21404A1C01F012F0037013F005701DF02E700FF029F
S21404A1D00000000000000000000000000000000076
S21404A1E00000000000000000000000000000000066
S21404A1F00000000007500400190000000D50040081
S21404A200FFFF000000000000D8500400E3500400E4
S21404A210EF490400EB500400F9500400EF49040031
S21404A2200C51040017510400255104002951040060
S21404A23039510400251F0400495104004D510400FF
S21404A24058510400625104006C510400705104001B
S21404A2507E51040092510400A851040000800000BE
S21404A260000000000000000000000000FFFFFFFFE9
S21404A270FF00000000000000D5AF01000000000051
S21404A280000000000000F03F000000000000244032
S21404A29000000000000059400000000000408F400D
S21404A2A0000000000088C34000000000006AF84078
S21404A2B00000000080842E4100000000D01263419C
S21404A2C00000000084D797410000000065CDCD4112
S21404A2D09E220400C0B8040000000000CE5A040009
S21404A2E0B0B8040000000000D35A0400A0B804006C
S21404A2F000000000D45A040090B8040000000000D7
S21404A300193F04007CB80400000000000C3F040061
S21404A31068B8040000000000D95A040058B80400C5
S21404A32000000000DF5A040048B8040000000000E3
S21404A330E35A040038B8040000000000F25A04008F
S21404A34028B80400000000000F5B040018B80400DE
S21404A35000000000185B040008B8040000000000B9
S21404A3602D5B0400F8B70400000000006030040011
S21404A370E8B70400000000003D5B0400A8B7040032
S21404A38000000000345F040034AF04000000000046
S21404A390F04E0400F4AE040000000000445B040029
S21404A3A034AE0400000000004D5B040038AD040029
S21404A3B0000000005A5B04002CA904000000000002
S21404A3C07651040004A8040000000000615B040049
S21404A3D004A8040001000000655B0400C4A7040090
S21404A3E0000000006A5B040088A604000000000069
S21404A3F09EFF030088A60400010000005A5B0400C8
S21404A4002CA9040000000000715B04002CA90400C1
S21404A41001000000765B040054A60400000000005F
S21404A420805B040054A6040001000000885B04005E
S21404A43084A40400000000000F07040050A40400D5
S21404A4400000000000000000000000000000000003
S21404A45060A404008C5B0400EF490400FE000000C6
S21404A460A45B0400DCAF04000000000009600400E4
S21404A470CCAF040000000000000000000000000054
S21404A4800000000094A40400A95B0400EF49040043
S21404A490FE000000BF5B04005CB104000000000086
S21404A4A0C55B04004CB1040000000000CB5B040054
S21404A4B03CB1040000000000D45B04002CB104008E
S21404A4C000000000500404001CB10400000000005A
S21404A4D05A020400E4B0040000000000610B04000B
S21404A4E0D0B0040000000000DE5B0400C0B004002E
S21404A4F0000000004E070400B0B004000000000096
S21404A500E35B0400A0B0040000000000EA5B040063
S21404A51090B0040000000000EF5B040080B004006C
S21404A52000000000F35B040020A604000000000006
S21404A530FA5B0400C8A5040000000000025C0400E6
S21404A54094A50400000000000E5C040060A504004E
S21404A55000000000000000000000000000000000F2
S21404A56070A50400195C0400EF490400FE00000016
S21404A57099190400FCAF0400000000004A460400D9
S21404A580ECAF040000000000000000000000000023
S21404A59000000000A4A504003A5C0400EF4904008F
S21404A5A0FE000000991904001CB00400000000001E
S21404A5B04A4604000CB0040000000000000000003E
S21404A5C00000000000000000D8A504005C5C040045
S21404A5D0EF490400FE0000007A5C04006CB004003E
S21404A5E000000000586104005CB004000000000095
S21404A5F0895C04004CB00400000000008E5C04007B
S21404A6003CB0040000000000955C04002CB004007C
S21404A6100000000000000000000000000000000031
S21404A62030A604009A5C0400EF490400FE00000013
S21404A6305B19040008B1040000000000B75C0400C5
S21404A640F4B0040000000000000000000000000059
S21404A6500000000064A60400BF5C0400EF49040088
S21404A660FE000000DB5C04009CB104000000000057
S21404A670765104008CB104000000000000000000C5
S21404A680000000000000000098A60400E05C04003F
S21404A690EF490400FE000000F95C04004CB204001C
S21404A6A0000000001C1604003CB204000000000079
S21404A6B0025D04002CB2040000000000DB5C040011
S21404A6C07CB1040000000000075D04006CB10400C7
S21404A6D000000000145D040084A7040000000000CD
S21404A6E0225D040050A7040000000000305D040052
S21404A6F010A7040000000000445B040034AE04000D
S21404A7000000000000000000000000000000000040
S21404A71020A70400395D0400EF490400FE00000091
S21404A7207D9104001CB20400000000008E91040019
S21404A7300CB20400000000004D2A0400FCB1040022
S21404A7400000000000000000000000000000000000
S21404A75060A70400575D0400EF490400FE000000F3
S21404A760815D04006CB2040000000000FE4B04008F
S21404A7705CB20400000000000000000000000000BE
S21404A7800000000094A70400885D0400EF4904005C
S21404A790FE0000000F070400A0B204000000000042
S21404A7A04A46040090B20400000000005861040009
S21404A7B07CB204000000000000000000000000005E
S21404A7C000000000D4A70400A85D0400EF490400BC
S21404A7D0FE0000000F070400D0B2040000000000D2
S21404A7E0C85D0400C0B20400000000004A4604002D
S21404A7F0B0B20400000000000000000000000000EA
S21404A8000000000014A80400CF5D0400EF49040013
S21404A810FE000000E95D040004B40400000000002B
S21404A82002460400F4B30400000000001C5E0400AA
S21404A830E4B304000000000050040400D4B3040091
S21404A840000000001D460400C4B30400000000001D
S21404A850EE5D0400B4B3040000000000065E0400CD
S21404A860A4B30400000000000F5E040094B30400C8
S21404A87000000000165E040084B30400000000001C
S21404A880225E040054B30400000000005861040073
S21404A89044B3040000000000315E040034B3040036
S21404A8A0000000000C2B040024B304000000000089
S21404A8B0365E040014B30400000000004D5E04007D
S21404A8C004B3040000000000615E0400F0B204005B
S21404A8D000000000715E0400E0B204000000000006
S21404A8E0805E0400F8A804000000000000000000D9
S21404A8F0000000000000000008A90400855E0400B3
S21404A900EF490400FE0000009C5E040074B30400DB
S21404A91000000000A55E040064B30400000000000C
S21404A9200000000000000000000000003CA9040035
S21404A930EF490400EF490400FE000000AC5E04008A
S21404A94074AF040000000000B95E0400B8AD040053
S21404A95000000000C25E040004AD04000000000015
S21404A960D05E0400D0AC040000000000DE5E0400EC
S21404A9709CAC040000000000EC5E040004AC040080
S21404A98000000000FD5E0400DCAB040000000000D4
S21404A9900A5F04003CAB040000000000155F0400DE
S21404A9A0E4AA040000000000285F0400BCAA040017
S21404A9B000000000FD3D040058AA0400000000004A
S21404A9C03B5F040018AA040000000000465F040071
S21404A9D0E4A90400000000000000000000000000DD
S21404A9E000000000F4A90400595F0400EF490400C5
S21404A9F0FE0000007D5F040024B404000000000094
S21404AA00835F040014B4040000000000000000008B
S21404AA10000000000000000028AA0400875F04006D
S21404AA20EF490400FE000000091B040054B40400AF
S21404AA3000000000B95F040044B4040000000000F5
S21404AA40C55F040034B404000000000000000000E9
S21404AA50000000000000000068AA0400DB5F040099
S21404AA60EF490400FE0000000F070400B8B4040019
S21404AA70000000004A460400A8B4040000000000D9
S21404AA80F73A040098B40400000000009919040082
S21404AA9084B4040000000000F75F040074B40400EB
S21404AAA0000000000E60040064B40400000000000F
S21404AAB0000000000000000000000000CCAA040013
S21404AAC01A600400EF490400FE0000003F60040022
S21404AAD0C8B40400000000000000000000000000ED
S21404AAE000000000F4AA040044600400EF490400D7
S21404AAF0FE0000006860040018B5040000000000B2
S21404AB00C85D040008B5040000000000746004007A
S21404AB10F8B40400000000007B600400E8B40400FD
S21404AB200000000088600400D8B4040000000000A0
S21404AB300000000000000000000000004CAB040011
S21404AB4093600400EF490400FE000000015F040067
S21404AB50C8B5040000000000B0600400B8B50400E6
S21404AB60000000009E220400A8B5040000000000B7
S21404AB70CC31040098B50400000000007B5E04009D
S21404AB8088B5040000000000091B040078B5040022
S21404AB9000000000B760040068B504000000000070
S21404ABA0C260040058B5040000000000CF60040032
S21404ABB048B5040000000000DF60040038B5040057
S21404ABC000000000F260040028B504000000000045
S21404ABD0000000000000000000000000ECAB0400D1
S21404ABE004610400EF490400FE0000009E220400F5
S21404ABF0D8B50400000000000000000000000000BB
S21404AC000000000014AC040022610400EF490400B4
S21404AC10FE000000091B040048B604000000000003
S21404AC20CC31040038B60400000000007B5E04004B
S21404AC3028B60400000000004561040018B60400AD
S21404AC4000000000845C04005CAC0400000000000B
S21404AC500000000000000000000000006CAC0400CF
S21404AC605C610400EF490400FE0000005861040023
S21404AC7008B604000000000099190400F8B50400A2
S21404AC800000000072610400E8B504000000000043
S21404AC90000000000000000000000000ACAC04004F
S21404ACA07B610400EF490400FE0000000F07040067
S21404ACB068B60400000000004A46040058B60400C3
S21404ACC0000000000000000000000000000000007B
S21404ACD0E0AC04009B610400EF490400FE000000A1
S21404ACE0BB61040088B6040000000000CE610400C6
S21404ACF078B6040000000000000000000000000019
S21404AD000000000014AD0400E4610400EF490400F0
S21404AD10FE00000004620400A8B604000000000060
S21404AD201C16040098B60400000000000000000092
S21404AD30000000000000000048AD0400EF490400D5
S21404AD40EF490400FE0000000E62040060AD04003B
S21404AD5000000000000000000000000000000000EA
S21404AD6070AD0400EF490400EF490400FE00000043
S21404AD701A620400F8B604000000000067510400DC
S21404AD80E8B604000000000020620400D8B6040000
S21404AD900000000024620400C8B60400000000009E
S21404ADA028620400B8B6040000000000000000009A
S21404ADB00000000000000000C8AD04003862040073
S21404ADC0EF490400FE0000000F07040078B70400F3
S21404ADD0000000005362040068B70400000000008E
S21404ADE06662040058B70400000000004A460400E7
S21404ADF048B70400000000007362040038B704007B
S21404AE00000000008462040028B70400000000006C
S21404AE109262040018B7040000000000A362040055
S21404AE2008B7040000000000000000000000000056
S21404AE300000000044AE0400B0620400EF490400C1
S21404AE40FE000000CA620400CCB10400000000004A
S21404AE50FD620400BCB10400000000003863040076
S21404AE60ACB10400000000004F630400C0AE040050
S21404AE7000000000596304008CAE040000000000CB
S21404AE800000000000000000000000009CAE04006B
S21404AE905D630400EF490400FE0000007D91040099
S21404AEA0ECB10400000000008E910400DCB1040044
S21404AEB00000000000000000000000000000000089
S21404AEC0D0AE04007C630400EF490400FE000000DA
S21404AED03416040098B7040000000000586104000B
S21404AEE088B7040000000000000000000000000016
S21404AEF00000000004AF04008F630400EF49040060
S21404AF00FE0000000F070400D8B70400000000008D
S21404AF10815D0400C8B7040000000000FE4B040076
S21404AF20B8B70400000000000000000000000000A5
S21404AF300000000044AF0400AA630400EF490400C4
S21404AF40FE00000088600400F0B804000000000062
S21404AF50091B0400E0B80400000000009E22040060
S21404AF60D0B804000000000000000000000000004C
S21404AF700000000084AF0400CA630400EF49040024
S21404AF80FE000000E863040040B90400000000006E
S21404AF90F263040030B9040000000000FD630400FE
S21404AFA020B9040000000000193F040010B9040092
S21404AFB0000000000C64040000B904000000000057
S21404AFC00000000000000000000000008D6C03007C
S21404AFD017640400EF490400FF000000896C0300B6
S21404AFE024640400EF490400FF000000B1ED0000F3
S21404AFF036640400EF490400FF0000004DED000035
S21404B000636404002B6C040001FF0000B1ED000033
S21404B010A3640400EF490400FF0000004DED0000A7
S21404B020D16404002B6C040001FF0000E5ED000071
S21404B030126504003365040000FF0000E5ED00001F
S21404B0403C650400996504000000FF0061EE000002
S21404B050A7650400C0650400010001FFCDEE0000F2
S21404B060E5650400276604000102FF0061EE0000A7
S21404B0703D6604006C66040001000102FF00000047
S21404B080DDEB00009D660400D966040007FF00009F
S21404B090FDEB0000DF6604001267040001FF0000F9
S21404B0A011EC00001A6704006A6704000100FF0040
S21404B0B06DEC00007F670400D06704000101FF0008
S21404B0C041EC0000E06704001A68040001FF000079
S21404B0D0C1EC0000226804006B6804000100000153
S21404B0E00707FF00FDEE0000BD68040012670400B9
S21404B0F001FF0000FDEF0000056904004969040033
S21404B100010700010700FF00EB6C03009E690400C2
S21404B110E46904000107000101FF000085EF000058
S21404B120206A04005B6A0400010000FF55EF00007B
S21404B130796A0400BD6A04000100FF0025EF0000E0
S21404B140D06A0400BD6A04000100FF00CDEF0000D1
S21404B1500F6B04001A68040001FF00003DF00000B5
S21404B1604A6B04007B6B04000100FF006DD90000ED
S21404B170EF490400896B0400000707FF11D900009B
S21404B180EF490400A26B0400000707FF1DDE000061
S21404B190EF490400AE6B040007FF00001DDE00004C
S21404B1A0EF490400AE6B040007FF00003D6C03008B
S21404B1B0EF490400B36B04000000FF00F9DD000053
S21404B1C0EF4904002D42040001FF0000C1DD000029
S21404B1D0EF490400EB6B040000FF0000F1D8000008
S21404B1E0EF490400EF490400FF000000F1D8000016
S21404B1F0EF490400EF490400FF000000136C03004D
S21404B200EF490400EF490400FF000000136C03003C
S21404B210EF490400EF490400FF000000136C03002C
S21404B220EF490400EF490400FF000000C1D8000005
S21404B230EF490400216C04000101FF00ADD80000B2
S21404B240EF490400366C040001FF00000F6C030095
S21404B250EF490400EF490400FF00000075D8000021
S21404B2605F5D0400EF490400FF00000075D800008D
S21404B270406C0400EF490400FF000000F5D900000C
S21404B280616C0400786C04000001000007FF0000F5
S21404B2900B6C03009E6C0400EF490400FF000000E2
S21404B2A071D70000B86C0400EF490400FF000000EA
S21404B2B0856C0300E66C0400EF490400FF00000000
S21404B2C0776C0300006D0400826B040000FF00002E
S21404B2D0F1E00000256D0400EF490400FF000000C3
S21404B2E045D600003F6D0400EF490400FF0000004F
S21404B2F0D9D50000626D0400DF6D04000000031061
S21404B300FF000000B5D60000346E0400A26E0400F0
S21404B31001FF000089D60000B76E0400FA6E040030
S21404B32000FF00009DD500000B6F0400EF490400E9
S21404B330FF000000096C03003A6F0400EF490400A4
S21404B340FF00000079D50000866F0400826B0400BD
S21404B35000FF000045D50000C77004001C710400FF
S21404B36000FF000029D5000036710400EF490400F0
S21404B370FF0000000DD5000046710400EF490400EC
S21404B380FF000000F96B03005A710400D871040032
S21404B39000FF0000DDD4000063720400EF490400DF
S21404B3A0FF00000099D4000080720400AB72040011
S21404B3B007FF000059D40000B57204000E730400A1
S21404B3C0000500FF11D40000C1730400D473040008
S21404B3D00002FF00EDD3000003740400EF490400EC
S21404B3E0FF000000F96B0300157404004F7404009A
S21404B3F000FF000081D30000D57404001B75040010
S21404B400000301FF71D30000BB750400017604003D
S21404B410000301FF65490100A1760400EF4904001A
S21404B420FF00000009790300C9760400447704008D
S21404B43002FF00001DF4000099770400326E040039
S21404B44000FF0000E9F30000C1770400326E040038
S21404B45000FF000099F30000DA770400EF490400C7
S21404B460FF000000713B0100F3770400EF4904007D
S21404B470FF000000493B010040780400EF49040047
S21404B480FF000000D53A01006B78040091780400B0
S21404B49000010100010102FFAD3A0100107A040028
S21404B4A0387A040000FF00008D3A01005F7A040039
S21404B4B0EF490400FF000000D5390100897A040032
S21404B4C0EF490400FF000000DB770300A27A0400C3
S21404B4D0EF490400FF000000A52E0100C87A04000E
S21404B4E0F97A04000002FF003D760300567B040050
S21404B4F0EF490400FF00000039760300837B040054
S21404B500EF490400FF000000592E01009E7B040052
S21404B510C87B040000FF0000192C0100F87B04001F
S21404B520EF490400FF000000951701000B7C04009F
S21404B530EF490400FF0000007D170100237C04008F
S21404B540EF490400FF000000B57503003C7C0400CE
S21404B550EF490400FF000000A1750300697C0400A5
S21404B560E37C040000FF0000252B0100227D04007C
S21404B570EF490400FF000000152A01009A7D04002C
S21404B580EF490400FF00000039160100DE7D0400C8
S21404B590EF490400FF0000001D160100FB7D0400B7
S21404B5A0EF490400FF00000095160100A67E040083
S21404B5B0EF490400FF00000089160100347F0400F0
S21404B5C0797F040000FF000055160100B07F0400D8
S21404B5D00180040000FF0000811401003480040090
S21404B5E0EF490400FF000000190901006080040010
S21404B5F0C98004000000FF00190901001E81040030
S21404B600808104000000FF00B9090100C581040020
S21404B610F88104000002FF000F7503004D82040049
S21404B6209B82040007FF0000ED0A0100B7820400B5
S21404B630EF490400FF00000001090100DB8204005A
S21404B6400083040000FF00000D0A01005983040073
S21404B650EF490400FF000000D102010096830400B5
S21404B660EF490400FF00000099020100C0830400B3
S21404B670EF490400FF000000E7730300FB830400A7
S21404B6806A84040000FF0000F5FB0000BB8404008D
S21404B6903A85040000FF0000D97303008085040087
S21404B6A0D285040000FF0000B97303001986040065
S21404B6B06686040000FF0000AF730300B086040033
S21404B6C0EE86040000FF0000A9730300FE86040053
S21404B6D0EE86040000FF0000A37303002587040021
S21404B6E0EE86040000FF00009D7303004C870400F0
S21404B6F0EE86040000FF00009773030074870400BE
S21404B700EE86040000FF0000737303009D870400A8
S21404B710EF490400FF00000079730300BF870400AC
S21404B720EF490400FF0000009DF60000E7870400D0
S21404B730208804000001FF00C9F6000041880400C8
S21404B740EF490400FF000000757303006C880400D2
S21404B750EF490400FF00000085F600008788040017
S21404B760EF490400FF00000041F60000A288040030
S21404B770CF88040000FF000029F60000EA880400D1
S21404B780EF490400FF00000071DE00001589040084
S21404B790EF490400FF00000071DE00003C8904004D
S21404B7A0EF490400FF00000061D300004D89040047
S21404B7B0EF490400FF0000002DD300006289040056
S21404B7C08989040000FF00002DD300009989040035
S21404B7D08989040000FF0000C5D20000C089040067
S21404B7E0EF490400FF000000F16B0300DB8904004E
S21404B7F0EF490400FF00000021CF0000FE8904008A
S21404B800688A040000FF000001CF00008B8A040051
S21404B810EF490400FF000000E9EA0000F18B040091
S21404B8207E8C0400010000FFCDE900009B8C040020
S21404B830EF8C040000FF000001EA0000048D040001
S21404B840568D04000100FF006DE900006C8D0400B5
S21404B850598E04000107FF00F56B0300698E04008F
S21404B860EF490400FF000000CDE200007A8E0400D9
S21404B8708C8E0400000101000007FF00C5E10000F3
S21404B880C78E0400D88E040000010100FF000000EB
S21404B89001EA0000278F0400388F0400010000FF2F
S21404B8A03DE10000278F04006A8F040000FF0000BB
S21404B8B0B97C01007B8F0400EF490400FF00000000
S21404B8C055CF0000C78F0400EF490400FF000000B6
S21404B8D0E1990300EF490400EF490400FF0000006B
S21404B8E0DD8A0100EF490400EF490400FF00000070
S21404B8F0A18A0100EF4904000C90040002FF000036
S21404B9004D92010014900400EF490400FF0000006B
S21404B910D991010040900400639004000200FF00E7
S21404B920639A03008C900400EF490400FF000000B3
S21404B930B5910100AE900400CC90040002FF000014
S21404B9408D910100E1900400CC90040002FF0000F9
S21404B950010000002C4E0020000000000000000043
S21404B960FFFF000053730300000000000300000004
S21404B970FFFF0100C773030000000000040000007E
S21404B980FFFF0100557403000000000004000000DF
S21404B990FFFF0000D974030000000000060000004A
S21404B9A0FFFF00004B7503000000000019000000B4
S21404B9B0FFFF0100E175030024620400846B00208D
S21404B9C0000000000000000000000000000000006E
S21404B9D0389104003CBA0400000000003E910400C4
S21404B9E0A89B04000000000045910400789D040014
S21404B9F00000000009600400689D040000000000C8
S21404BA004E910400589D040000000000609104005C
S21404BA10489D0400000000006F910400389D040057
S21404BA200000000080910400289D0400000000002F
S21404BA300000000000000000000000004CBA0400F3
S21404BA4092910400EF490400FE000000AD9104004A
S21404BA5064BA0400000000000000000000000000BB
S21404BA6000000000759E0300B2910400EF49040034
S21404BA70FF03010001013F040201003F040202002B
S21404BA803D040202003D040102000102000301001D
S21404BA9002023D040201000202020100020200004A
S21404BAA00020202020202020202028282828282085
S21404BAB0202020202020202020202020202020207D
S21404BAC020881010101010101010101010101010E5
S21404BAD010040404040404040404041010101010D5
S21404BAE0101041414141414101010101010101019F
S21404BAF001010101010101010101010110101010F1
S21404BB001010424242424242020202020202020270
S21404BB1002020202020202020202020210101010C4
S21404BB2020000000000000000000000000000000EC
S21404BB3000000000000000000000000000000000FC
S21404BB4000000000000000000000000000000000EC
S21404BB5000000000000000000000000000000000DC
S21404BB6000000000000000000000000000000000CC
S21404BB7000000000000000000000000000000000BC
S21404BB8000000000000000000000000000000000AC
S21404BB90000000000000000000000000000000009C
S21404BBA00000000000000000A0010000281400208F
S21404BBB000021000C8520020C81500200000020829
S21404BBC000000000FFFFFFFFFFFFFFFFFFFFFFFF78
S21404BBD0000000000000000000000000000000005C
S21404BBE000000000000000002000000025BE010048
S21404BBF01000000005BF0100000000010000010164
S21404BC000001010120C001B800000000000000008F
S21404BC10FFFFFFFFFFFFFFFFFFFFFFFFFFFFFFFF2B
S21404BC20FFFFFFFFFFFFFFFFFFFFFFFFFFFFFFFF1B
S21404BC30000102020303040506080C0C0C000102B2
S21404BC4003040707C8C8C8C8C8C8C8C8C8C8C8C876
S21404BC50030404080808080800B801B802B800B0CD
S21404BC6044D804002CD80400030404080805000083
S21404BC7000000000000000000000000000000000BB
S21404BC80EA06000048704C0F44700E0E30707E13A7
S21404BC9002989A173870340F34705A0F3070481060
S21404BCA02C7048102870D0112470E81120703E0FB4
S21404BCB01C70901218700C1314703A0FB1100860B0
S21404BCC001D80A7104B87F78020C7E78641000C626
S21404BCD0881F00A01DB8707803B018600F3027B313
S21404BCE00F330111C04806987C0229B0086001D8B9
S21404BCF0087109DD047109BB11101660A0480860BC
S21404BD0004100112FF3221500860D04808600088F1
S21404BD100698381400C4441F00A000BA03DF10714C
S21404BD2009DF0672029836031DB8507800A0441343
S21404BD30281441158110086002D8147110880698DA
S21404BD40201900C014C000B80698861B00910698F7
S21404BD5092020160B83020D806711EBC637C784D10
S21404BD605412F03240DE0472404804DB08720DDDE3
S21404BD700C72044BEF3014480698F20400C4E040FA
S21404BD8000544412086201322140087C811140D9D3
S21404BD901C72B1123032CF4A013AB1DA107208D8A6
S21404BDA0067104D80871804C237C5670684C441283
S21404BDB000C4A41E00A04414413AF3240164415C68
S21404BDC0412A047580B800C46040005481D8367196
S21404BDD040D90472237C084B0698F20404BA1CB9B2
S21404BDE0767900C1204001B835797F216121007938
S21404BDF006B906A901D8067102981002804C307C58
S21404BE000298640208D86A7100C1544000B814113C
S21404BE1010D95E71584C441280BDA26DFF25784C33
S21404BE204412FC22513A2814104C00C20CC101B82A
S21404BE302412281408622814086228140862281495
S21404BE40304C304C00C11C4000B814111814086162
S21404BE5000C5284001B85415FF350471104918145C
S21404BE60B04C441208620132067102980401804CF8
S21404BE7008D80C7107BA24D8047106BA187004D806
S21404BE800C7101BA40D80E7102BA0A7005BA20D8ED
S21404BE90047203BA204C4411C04C181408611814D8
S21404BEA09111383111429111186110D90472EF3290
S21404BEB000C1084001B8141110311E611142281443
S21404BEC0A1110861181406986C1B181400C10840C8
S21404BED001B814111861FF31181400C1448001B868
S21404BEE0141118140861181430880248069894032C
S21404BEF0009308DB047101F800A027B00F3000A0FF
S21404BF001088B111186180D90A7100C1884000B840
S21404BF100811009100A000C4684000B8441000A0B6
S21404BF2000C08840005004118261041082601050E2
S21404BF30F07200A054155045127106980205069832
S21404BF40920407B8707802B841781EBA5B7A5C7AB5
S21404BF505D7A00C220C001B8241206982A1900C5CA
S21404BF60481F00A05415511400C3FF010000313DC2
S21404BF7009647F3406989C020158512804750158B8
S21404BF8041280E758111086102D90472FF0FCC7026
S21404BF9007B8727800F8EBBD00C0441F00A0041177
S21404BFA0113D10D91271FF33186300C1781002B81E
S21404BFB0381107B97479581000A0069892020D300B
S21404BFC00472044809DC0472084800C11CC101B8A4
S21404BFD0141100C3D01E00A0911504351A7218134C
S21404BFE01CBB08D804716C7B04D804716A7B1DBB27
S21404BFF02F7C5B7B1670044B18131CBB08D804718B
S21404C0006F7B04D804716D7B217C0C30026006982B
S21404C0107E040698C40B00B8B111186140D90672A4
S21404C0200298580401BC00C2084001B800DC0A713A
S21404C03024150265604A0A702C4A241508654C4A81
S21404C040043508D90471202400C13C1F00A0141232
S21404C05000DC327120D8067101B80C70F0DA0C726C
S21404C0600CDB087102B806988604482400C33841DD
S21404C07001B834138F7B0E7102B9911308DB047276
S21404C08003B928707C4914111110FD300DDC1C72A4
S21404C09000C0A01E00A0041080D8107100C0448008
S21404C0A001B80410E5200475804900C3884000B830
S21404C0B0FFB80120114108710141181308240142F8
S21404C0C000C1284000B8141101411C655141911566
S21404C0D020351E65514118132813481300C38440A5
S21404C0E000B8341003D81671073005DC1071B1108F
S21404C0F08F780A7200C384C40350217B1DB850781D
S21404C10000B800C13C1F00A014121C602150F0307F
S21404C1100152281100A04024076400C0FFFF01005C
S21404C120013C17B0022001584028067518AC01ECF3
S21404C13000A0208800C020C001B8041217B4211340
S21404C14004123052F8711964402400C35C1F00A026
S21404C150341014110698F60D19610092115921290C
S21404C160067600BB11590698D60D8762313B0472D9
S21404C170215A412A00A000C2686000B8B8B91F61FD
S21404C1800D49181200A0308801B9116100C30000DF
S21404C190C0FF3110312800BC002D0C75115418ACAA
S21404C1A001EC312DF470196451134155312C009370
S21404C1B000A000C3C00FFEFF50B2313A014250AA9D
S21404C1C000A006983E07FFB0867808715CB86B78C6
S21404C1D06E7800C2548001B800C0D81F00A00410B6
S21404C1E00812B822217A237A52B8417801B80C6032
S21404C1F021A809B819604CA800C0FFD1C1FF4FB2EE
S21404C200013A00C0002E300001424FAA24B86E78CE
S21404C210ACB9FFB004D804714CB923A90698A80594
S21404C22000C01390010006982E0500A0069802058B
S21404C23019B81460FFB28C620F32826A21400698E5
S21404C2402E0549BC21B952B849B207DE2A7105DE6B
S21404C2500871627C607C1D0C6179677864786B7801
S21404C2606278657863786078617C010C010C687884
S21404C270020C69786C78020C00C22C8001B8277A0C
S21404C280287A267A6A78050C41790A0CB11040D8C7
S21404C29006710298BA06784A2B7A327A584A247A71
S21404C2A000C400011100404A00C0108400000812B7
S21404C2B0508800C584100100FBAD10BD01BB8A6B1D
S21404C2C021B9FAA9C44A1812217A227A00C0341F66
S21404C2D000A00410FCA88264411030300129F9A99A
S21404C2E0F8ADFBB08260FBA80330A06521100448BB
S21404C2F020EC237A0410037A184A2411DC4A0158E5
S21404C3000029241004753150F8B1115081632A7144
S21404C310514031400812FCB18461FCA90F310E7102
S21404C32017B0112817B111591028FA76C44AF9B172
S21404C3301812217A227AA07000950812F8A800C272
S21404C3400C8001B8207A844A00B80812020CA44A69
S21404C350087A020C21B84178784A0B7A127A00C21D
S21404C360C81F00A0FFB008D80472184A241000DCC6
S21404C3700A7140A80422241041A806989C0200C210
S21404C380481F00A02410015100C4FF0100004139D9
S21404C3901150081200A006983E0700BC00C20C808C
S21404C3A001B8217A52B84978020C4878020C49B888
S21404C3B0417852AC21AC204A087A067A077A49AC0E
S21404C3C000A059B840785AB101D9FC72427857B8DF
S21404C3D0407858B101D9FC72427800A000C20C80A3
S21404C3E001B8217A227A21B8547852B8BC4A24116A
S21404C3F09979127107B915614CA9617800BB03BC21
S21404C4000C64147009B919614CA9417801BB126314
S21404C41000C4002E300000C0FFD1C1FF4FB1013967
S21404C42041414FA9E44AC8B8081224AB4CB823A823
S21404C4300698A80500C004900100FFB1867904712F
S21404C440084806982E0500C08009004040A809B890
S21404C450FFB108D9047103B853A8B11004D80C71FD
S21404C46056BB607B57BA627A607A02D80C7156BBA8
S21404C470607B59BA627A607A04B86E783DB86078A0
S21404C48000C05638000000C1B08001B81411997974
S21404C490087200C0D604000000C124C000B81411FD
S21404C4A09F79047208484CA82EB8FFB108D90671C3
S21404C4B04AA804704BA80FB834A800C00C5E00004D
S21404C4C046B2014246AA00C12C4001B814110861C4
S21404C4D00631087100B90698501106983E14B11139
S21404C4E001D90E710698921B02D906720698A00C02
S21404C4F00698381451140698920406982A11069839
S21404C500641700A006984E1701D80A711CB85B7809
S21404C51007B8757800B84CA84AA84BA800C0F32101
S21404C520FFFF46B1013946A904B86F7800A0FABCEB
S21404C5301964415C512C00C0581F00A00410012C43
S21404C5400675069892040698780FB110186005D8F8
S21404C550327140BA06980E1404B86578911004D85F
S21404C56016711CB86E7800C0684000B8217806982A
S21404C570781101400A721DB8427806984A14029847
S21404C5805E0B1DB8717804B86C7841B8427863784D
S21404C5904478FFB104D906720298CA0900C0049010
S21404C5A00100FFB186790471084806982E0500C379
S21404C5B02C1F00A000C274C000B82414481300BC8A
S21404C5C048121C4B1C4A2414481300BC4812084B3F
S21404C5D0584A2414481301BC48124ABA447A427A88
S21404C5E04BBA447A427AFFB086780472617A4CBABF
S21404C5F0647A657A3DBA607A4DB942B83FBB5B79D6
S21404C60066796179020C6479050C63796079050CA6
S21404C610627965795A7900C2340102B8241305B8E0
S21404C62019603140081242B86A78020C4A78020C43
S21404C63040BCFFB208DA06714ABA06704BBA627A90
S21404C640657A677A667A6A79667B0298A40A00C372
S21404C6502C1F00A000C274C000B8241448131C4B3E
S21404C6601C4A241448133FBC48121C4A00BC4812F7
S21404C670084B444A2414481301BC48124ABA647A44
S21404C680627A4BBA647A627AFFB3867B0472617A02
S21404C6904CBA647A657A3DBA607A01D94E71647888
S21404C6A000C1708001B800C0800008000811069818
S21404C6B0860B42B861784DB97F797E796A78687856
S21404C6C06278020C7B790F0C7A79140C74794178B1
S21404C6D060787579050CFFB208DA06714AB80470FA
S21404C6E04BB8657801BC1664407002D93C71069854
S21404C6F0860B42B84DB96878407841787F797E7960
S21404C7007B790F0C7A79140CFFB208DA0871717908
S21404C7104ABA067070794BBA7279657A6A78020CEE
S21404C7204A78050C01BC1664020C417940790C0C5D
S21404C73000C04C0102B848100698F20400C47840C1
S21404C74000B8007C00C0A01E00A0041180D932717D
S21404C750911104D92C727F2021200411FD310DDDA6
S21404C760207200C0448001B80411E521147600C08C
S21404C770244001B804118A790871207C104C207C6E
S21404C7802AB86278511400C0581F00A00410012C67
S21404C79017B001118768015841280E76052187696C
S21404C7A0415C412D112D06700698920442B84DBB8B
S21404C7B07C7B6478020C29B868785114404406756A
S21404C7C00698920442B844782AB84278FFB101D950
S21404C7D00C7100C1548001B8CBB80811911004D86C
S21404C7E0147100C0A01E00A0041080D8067107B8FB
S21404C7F0537800F807B800C1CC1E00A000C220C0C1
S21404C80001B824122811777800F8B110947838719A
S21404C81006989C02E4B911591128067600B80C70E3
S21404C820A0B9115901290475A0B8826000C3C01FBD
S21404C83000A03413012B341000C3FFFF00FF42B1E5
S21404C8403139114042A800A01DB09178FA7142B85F
S21404C8506478020C00BA29AA00C4548001B842B80D
S21404C8604DB900C3C04001B83413977B047240EC42
S21404C870020C44785C7953AA0A0C281442B84DB9C1
S21404C880FFB301DB2671244C00C3FF0FFF013814ED
S21404C8905479407841785579020C5B795A79140CAE
S21404C8A05F795E794A784278347002DB1471527983
S21404C8B051795079020C5B795A795F795E791E70EA
S21404C8C004DB1A7100C4FF07000000C3342102B859
S21404C8D048133FBB467B020C5B795A793DBB407BD1
S21404C8E04CBB447B457B00C3301F00A03414403C43
S21404C8F0207100C068C000B8481028131C4B1C48A0
S21404C900341448102813144B44483414481028137D
S21404C9104AAA4BAA04B86D781DB851785CB84B780F
S21404C9204E7800A000C074C000B80411108800B986
S21404C930181068480411108801B90B6118102C48A7
S21404C94004111088008800C1231C000018104AB87F
S21404C95064784BB86478260C28B000C1FFFF0FF04B
S21404C960113871B90B61114028A828B97379747904
S21404C97000C21010303045AA54790E0C00C0E840AE
S21404C98001B8041100C23030101045AA0E0C041071
S21404C990008810880698620D0091009020888F61A8
S21404C9A08F600698620D0090886A21400112906A92
S21404C9B0035800C13F3F00001138FFBC0224412841
S21404C9C01138014245AA28B953794AB844784BB875
S21404C9D0447800900091181000912C48181000918B
S21404C9E06848181000A09168436091694361115B20
S21404C9F0012B112841603128315B00BA30280676B5
S21404CA003128204A4163302806763128104A41638B
S21404CA10302806763128084A4163302806763128BD
S21404CA20044A4163302806763128024A4163302896
S21404CA300476014A00A0115910D9067108600860EE
S21404CA4008D90471086004D90471046002D9047119
S21404CA50026001D90471016000A000BA01D8067111
S21404CA600148112A1F61016001D8F6720138F67276
S21404CA7000A000C220C001B8241211592129127343
S21404CA8000210E7100C238C001B8241201212129E8
S21404CA9000A002B020D8147100C0B01E00A004107C
S21404CAA002B9457906987613EA7003B09F7808723F
S21404CAB000B806A800F806983E0700C5641F00A044
S21404CAC05088044D1CBC00C0B41E00A0811101D9BE
S21404CAD01E71407C009501150C4D5088044DFFBB1B
S21404CAE01863315B04110698EE0D3129F875069823
S21404CAF0681A54150698921B01D9087206985807A6
S21404CB0006700698F4071CBB547B06984E1701D88B
S21404CB10067202981A0FFFB901211038F6728112B4
S21404CB209B7AF07100C2448001B8241400C0C01E71
S21404CB3000A0041001130020041040500C7200B929
S21404CB400698280F18B90A7018B90698280F00B95D
S21404CB5000B806981E0F704A08B806981E0F00C242
S21404CB60284000B814B806981E0F00C2EC4001B85E
S21404CB700CB806981E0F202210B806981E0F1088B0
S21404CB80308806985807009300910698280F00C02E
S21404CB90C41E00A00412FFB90121214118100095FB
S21404CBA000F8312811280410081200A004B831280F
S21404CBB01128F8B1181000A0069880080E70069880
S21404CBC0C40B0698800806987212069812079112EB
S21404CBD0211900C02C4001B80A78097800F810B969
S21404CBE001BA0698041406982A110698641700C514
S21404CBF0641F00A081109D78FC7200F89112033225
S21404CC001CB900C3A01E00A0341300C4B0400054D6
S21404CC101DB84278707903DE067144783A707179EB
S21404CC20A11020D806710298541080DB1C7102D81B
S21404CC30187205B80814A11010300248081400B879
S21404CC4008149110086008141DB86278A11000DC5E
S21404CC500676517900BA06984E1701D822729111B9
S21404CC6020311D61911004D80E7200C1501F00A01F
S21404CC70141101D90A71208806985011009200C137
S21404CC80204000B801DB1871084C03DE0471904C98
S21404CC90441400C3FF1F0000413BFF23381194498E
S21404CCA000C3384101B83413086380DB0C7103BA3F
S21404CCB0186206983C100870186206983C100C49D6
S21404CCC00879097914102140081100A000BD0698BF
S21404CCD0760210B903DC047100B901BA069804148C
S21404CCE002D9067100404E7203B118610F310698DE
S21404CCF07811FFD82872811008D8187106DD0A71D9
S21404CD000698760203DC0C720698BC1106984A1440
S21404CD100C7006DD10710698C211487020B804A87D
S21404CD2006DD1072069880080698120701F840B8C7
S21404CD3004A800F800C0A01E00A00413086301DBCA
S21404CD40227191100111186111381DB910D808719B
S21404CD5044790298541002DBFA72A11328DBF472A9
S21404CD6003BD06981E11069880081DBA7F7A069899
S21404CD70F20400C5681F00A00698760200BA03DC19
S21404CD801672044DA11002D804711C4D00C10CC1CA
S21404CD9001B80698AE045415212D06983E0502984F
S21404CDA0AA089110015503355150011900A000C17D
S21404CDB04C1F00A0141001D8427101480860FE20E0
S21404CDC00E75811020D8087100C1501F00A01411E0
S21404CDD001D9287100C02C4001B804122151086101
S21404CDE00F3118611152281000C0084001B8041110
S21404CDF09112215120311152211900A0811380DB98
S21404CE00067201B800A000C314C001B8341006307E
S21404CE102E726C4B34121C4B341018600230207285
S21404CE20811080D8DE713410014A086204608030B4
S21404CE3021508C480A717F234D233410013000A002
S21404CE4000BD06981E111CB847784578437802B88A
S21404CE50447800A0069880080698BC1100C5741F84
S21404CE6000A0541506983E050298AA08B1138F7BB5
S21404CE700A7200C384C40350017B06983E1400C1A2
S21404CE80384101B814118F790E7100C1B84000B84A
S21404CE9000BA06983C1050BA06980E1406987811F4
S21404CEA0FFD84A71911004D84872811008601CD8C3
S21404CEB0407220D938721112FF3221513471802108
S21404CEC08021111400C0D81E00A00413FFBA3151EB
S21404CED0113A215111531DB938107B7940440E7212
S21404CEE000B900C2AC1E00A01812067004B8607820
S21404CEF00698381400F800B900C2A440005418126A
S21404CF00644A0AB918121CBA507A517A1DB9427981
S21404CF105F7900A00698760207DC10729110002054
S21404CF200A75069872120298660F0698120701B9D7
S21404CF30911004D8047100B910BA0698041400BA03
S21404CF400040347100C0A01E00A00411086101D97D
S21404CF50127104D9E2728110086001D8DA711DB822
S21404CF60647800C11CC101B80698AE0401B811600B
S21404CF70002A047600BA00C5781F00A05415212D97
S21404CF80069872120698580700C57C1F00A000F881
S21404CF9000BC811108D9167280D9207201B910BA62
S21404CFA00698041400400E7101BC10700698BC115B
S21404CFB006984A1420B804A800F80698721281113C
S21404CFC00231127100B900C2144000541812244AE7
S21404CFD002B918120698BC1100C5801F00A054158B
S21404CFE00698F01A0298AA080411012114711CBAB2
S21404CFF0737A042004122811042004110121F47207
S21404D00000A00698F20401F806984E1701D8167187
S21404D010FFB9012110380E7281109B78087104B98B
S21404D020677900F8911010D8287100C51CC101B8A2
S21404D03054110698EE0D00C5C81E00A054155129BB
S21404D040EA7507B876781DB8447801B804A800F8DD
S21404D050B110186010D82E7100C05040005400C3A0
S21404D060084000B83114984C44113411086101D9B1
S21404D070FA71441228100862281008622810086200
S21404D0802810E8700298B0020698920211380472CA
S21404D0901E6202BB00C1D81E00A0141120390C72F7
S21404D0A0911210DA0672417B00A006983E1400C264
S21404D0B0A01E00A0241220DA0472617B1CBA527AE5
S21404D0C000A01CBA727A811204DAFC7200A01CB8A2
S21404D0D06B7800C0684000B82F7800A006984E17FA
S21404D0E001D83A7100C22C4001B824100360911193
S21404D0F020310151383111501D6008121DB945798F
S21404D10000C2448001B8241200C0C01E00A004104F
S21404D11018200020041020500471657910631EB98D
S21404D120637900B902EC00CD114502EC00CC01DBBA
S21404D130087100BB0298D61803B841110731FA21CA
S21404D1401C760621911210DA087102DD10721E7028
S21404D15020B80698B20D3038147208B806987E04C3
S21404D16000C02C4000B82978207800F8056020D844
S21404D170067102980C1602EC00CA05B823DA187178
S21404D18004DBDA7120DAD67110DAD2721EB861784E
S21404D19000B801DA067202EC00C8911110D92671A3
S21404D1A000C1B81E00A014111150FF300C720761A4
S21404D1B0A110115002300A7180DB0A720AB89E7000
S21404D1C01DB97C791860911111402111C0311140AC
S21404D1D001191EB8411108D90471667820D9047261
S21404D1E06578A11002D80672C0DA1E711EB82731FF
S21404D1F023DD087210DB1072607825DD0A7121DDEC
S21404D200087208DB0471627803B8411107310872AA
S21404D210A1152035AA7102DD2072A11120D9A071B2
S21404D22002D91672CCDA9872411140D9927206B8B5
S21404D230054D5A720298AE1421114049C0D94C715A
S21404D240A03141154035026551410461086308DA8E
S21404D2501E7204DA36721049A1150235067110DB07
S21404D2600E7201340A7108DB22711EB86778CC325C
S21404D27011101A300ADC0872CCDE0471FD3100C0CD
S21404D2800D0F0C0D216001D85C7207B80298D814F3
S21404D29000BA411108D90C7102EC00CA05B830DA9C
S21404D2A0EC720734F031036101DA0471014900C0FD
S21404D2B0F300A3E3216001D8D27100C0981440683B
S21404D2C021604030014440DA0471204C043202628A
S21404D2D0204A111006301F60014218311D611142A8
S21404D2E00298F614204A00C0051708502160113031
S21404D2F001422088FFBB0DDA507100C1DE1B2501F8
S21404D30080BC04DA107208DA0A7200C120841000A5
S21404D310E024A02408634143026401DA06711E492E
S21404D320024B00C0201F00A008633810BC2002DA9D
S21404D330127101B91159A11380DB087100C100FCF8
S21404D340FF0118100298621800C4A01E00A0441022
S21404D35080D87C710092D0DA06710DDA0C711EBD8D
S21404D360437DEFBD0698140304620DDA8672A1119C
S21404D37005D95C7100C240400054241214242814B9
S21404D38001D9067202D9327140D91E7102EC00CA64
S21404D390211018320471FA2220D804720822FE22C0
S21404D3A0087502EC00C8F87001D90E7102EC00C8CA
S21404D3B002D9067204DC187200C0A01E00A0041075
S21404D3C01D6001D806711EB8647807B87378029891
S21404D3D0D61800C0A01E00A0041080300A7100C039
S21404D3E0C41E00A0041000A006984E1701D82E7183
S21404D3F0911010D828728110A0D8227203B08478B5
S21404D4001C7200C12C4001B814100DBA487A697A0F
S21404D4106B7A08111CB87B7807B8757800A064107E
S21404D42000C6881F00A0C3B806987C0200C4441F28
S21404D43000A014BA281400B8011AB1108F780A7222
S21404D44000C084C40350017891101030011905BA45
S21404D45006980E1402D9067101B804A800C0A01ECE
S21404D46000A004130698641180DB06710298581411
S21404D4701DBA7C7A01DB6A7100C2241F00A0241145
S21404D4801114FF3402EC00C8FF24FA7608610698EB
S21404D490C20D046111380F300461111401114110DA
S21404D4A00698C20D01D8087203B80298D8140C4A1C
S21404D4B001DB227124101128112804120230047191
S21404D4C0106200C0FFFF0000213800C2204000B8F0
S21404D4D0FF200812411008600698C20D01D87C711E
S21404D4E020BC1033767100BB00C1201F00A01415A9
S21404D4F0C021112C511218620F320E71408851143B
S21404D5000698FA1841430094511208651C620F32BB
S21404D5100E71411151140698FA181C6441430865AB
S21404D520513B00C1DC1E00A01411111231100F3043
S21404D530127100BA056101D80471114201600FD856
S21404D540F472311003601E30047201B8003A087297
S21404D55004B80298D8140298C41600C0384101B81A
S21404D56004118F7914717F20692004110861303109
S21404D57010DD06711DBA637A0698120300F8308827
S21404D5805088FF34087102ECFF24F87002EC00CDDA
S21404D5901410595001440421FF22F2720F4C0095D6
S21404D5A0009300A000C1A81E00A0141100A030889B
S21404D5B00698421B8111086102D906720298061A5F
S21404D5C01CBB557B086120D906710298F6190088A1
S21404D5D0A11018600698201908211415FC251EBBF6
S21404D5E05C7B5D7B00C1084001B814110731FE2145
S21404D5F0307608D82A725113FC23341304DB2071C6
S21404D6001863FF33315B00C110C000B81411086101
S21404D61080490C71FF31302954751EBB7B7B10701A
S21404D6207B7B7C7B00DD04717D7B01BB3815EC25A0
S21404D630541300DF5471042505DF54715415211169
S21404D64020880698EE0D009251293E7500C10840C8
S21404D65001B8141102DB0C710731315B31292A76CB
S21404D6600C7004DF0872016180D91E7206982019B6
S21404D67000C010C000B80698861B0698201914111E
S21404D680FFD9607202984C1A0090009300A05415BB
S21404D690A111186110D9A672082508D8A07108250A
S21404D6A010D89A71208821110698EE0DFC25541284
S21404D6B0112AF82554110C2520D80871F025541188
S21404D6C01025202904762159181500920298B819B5
S21404D6D007B97179811010D80A711CB8447802B859
S21404D6E041781CB9747904B9677900F88110A0D818
S21404D6F008711CB9497900A0086002D8FA71069826
S21404D7002019108806983E14106210DA0871082151
S21404D7101415F025541100C20020FEFF20291275AE
S21404D7200698921B01D90A72069880080698120772
S21404D73000941CBB41100C20069864134111082168
S21404D7401410069864133128441111120861FF312D
S21404D750FF32012210521072186118140424441364
S21404D760042438140C701861214118140824081471
S21404D770029838144044147100C1AC1E00A014155D
S21404D78051131C630FDB0C721965069802054115CC
S21404D79000A000C3784000B83413807B0672069855
S21404D7A0120706983E1408BB51140698B01A44157E
S21404D7B0FC25541500C3784000B83413807B0471EC
S21404D7C000A002983E051CB900C3A01E00A0341396
S21404D7D0086308DB1A718113A0DB0671497910709F
S21404D7E06979086302DB087204B9677900F800A057
S21404D7F08111086102D910711CB97579069820192F
S21404D8001411FF3100A0FFB900A004100821141160
S21404D810F421081100A08111106110310E710698D0
S21404D820201908211411F821141100A084DA040028
S21404D830000000005CD804000100000000000000A6
S21404D84000F0490284DA04000000000080D80400D6
S21404D850010000000000000000F04902A4D8040003
S21404D8604063598F404B4C000B000B001A00FF7F9F
S21404D870186C00200000000026DD040000000000F4
S21404D88094D904004063598F404B4C000B000B00A6
S21404D8901A00FF7F186C00200000000024DD04003E
S21404D8A000000000FC1F010384DC04001CC00110FF
S21404D8B000F807001CC001301402080050C0010024
S21404D8C087413004244006010700620038700000D7
S21404D8D000000000000000030068010F40B8244068
S21404D8E058400101FC006900804005012363E011F3
S21404D8F09BC34A74F003000003800000BE0A0000C5
S21404D900E040010133000000F0400401590B000020
S21404D910640483078813C83A90200A00284101014A
S21404D920001E00003C410B0100148C00141A212830
S21404D9302E343B42495043557698BA0C2869000069
S21404D940010000000721286414171A002004C8697F
S21404D950A1203A093C42010129000000A0800201EE
S21404D96070780300D5C00000A8800111F001000003
S21404D970A88001310542CB01AC800111F001000002
S21404D980AC80013105228D00B08001010003000245
S21404D990FFFFFFFFFC1F0103D4DC04001CC00110C2
S21404D9A000F807001CC00130F502080050C0010052
S21404D9B08741300C2440060107C0520000000000D6
S21404D9C0000000000000000300000000000000004B
S21404D9D0584001016402FF00804005014B01A00885
S21404D9E09BC34A74F003000000000000000000001F
S21404D9F0E040010133000000F04004010000000094
S21404DA00640483078813C83A9C200A00284101014D
S21404DA10031000003C410B01000000000000000061
S21404DA2000000000000000000000000000000000ED
S21404DA3001000000000000000000000000000000DC
S21404DA40000000003C42010100000000A08002012A
S21404DA5070780300D5C00000A8800111F001000012
S21404DA60A88001310542CB01AC800111F001000011
S21404DA70AC80013105228D00B08001010003000254
S21404DA80FFFFFFFF0C400200018014007F400000EF
S21404DA9020400200000000000000000030400700A4
S21404DAA0000000000000000000000000000000006D
S21404DAB00000000000000000A00700005040010025
S21404DAC0000000005C4002000000000000000000AF
S21404DAD0A840010007000000B44004000040000015
S21404DAE0FF4C000000410000FF4D000008C001008C
S21404DAF00000000020C00110FF00000020C001301C
S21404DB000043000024C00400EC80B3034375A8025D
S21404DB10000000002E02000054C003000E2D09E68B
S21404DB2054060708D1B6020064C00800043000009A
S21404DB3040201006C8F248181FE8F600BD4B7215C0
S21404DB4011A3180510325476980A000088C0010004
S21404DB50000000000800010104070000180001018D
S21404DB600000000020000101088400001C4002019F
S21404DB701000000020F913045C4005014108000071
S21404DB8001000000B0070800A70000000000000025
S21404DB90944007010101103050707F7F00000000A0
S21404DBA0000000000000000000000000000000006C
S21404DBB0E440010100000000EC4001017DA8D98B7F
S21404DBC00041020100612000B75635120C410301E2
S21404DBD0F95412002030042988BB40002441010176
S21404DBE000000000304103016406660C0C010000CE
S21404DBF0E853FA006841030164048307881382002B
S21404DC000000000030420301000000000000000E87
S21404DC1000000000444201010000000010800101E1
S21404DC2003000000388002011149100001000000C2
S21404DC3088800101000000009C800101EB40020086
S21404DC40B48001013700000188000202000C0004C1
S21404DC504C0000009400010200040000D000020200
S21404DC600E00000090029608E40001023D094204FA
S21404DC70F4000102000000001801010260005102D5
S21404DC80FFFFFFFF1200000066666600000000004B
S21404DC9038DD040028DD040000000000001A9A00A5
S21404DCA0005A620280841E000420FE0011495002BD
S21404DCB0000000000000000000000000000000005B
S21404DCC000000000B1841E000000000000000000F8
S21404DCD000000000120000006666660000000000F7
S21404DCE038DD040028DD0400000C0000001A9A0049
S21404DCF0005A620280841E0004200000114950026B
S21404DD00000000000000000000000000000000000A
S21404DD1000000000B1841E000000000000000000A7
S21404DD200000000005040000E1190000E1190000ED
S21404DD300000000000000000193F01060410010066
S21404DD400001010600102700000900000000000082
S21404DD500000000069C7010019C7010025C70100BB
S21404DD6015C801001BA40300B5A90300B9A9030044
S21404DD70BDA90300C1A90300C5A90300000103044B
S21404DD8064EE01001000000024E101001A00000007
S21404DD9079EB01001100000075E401001100000099
S21404DDA063E511000400000023E1110004000000F4
S21404DDB025E101000800000026E101000A00000039
S21404DDC027E101000200000000000000000000003F
S21404DDD040DF04002FDF04000000000041DF0400E1
S21404DDE067A204000000000061A2040063A204000D
S21404DDF00000000065A204000DDF040056DF0400E6
S21404DE0068A2040062A204000000000066A20400E7
S21404DE1024DE04005FA2040060A2040064A20400DE
S21404DE205EA20400000203040508090A0B000102AE
S21404DE300304051D2000B40108020200AA00FFFF27
S21404DE40FFFFFFFFFFFFFFFF650503009D240200A1
S21404DE50095402008938030019570200E7B003008A
S21404DE60E9B00300EBB00300EDB0030051CF0200AD
S21404DE70C1A4020069EC0200253203002944020012
S21404DE80E3B003004DA90200D92203003D35020089
S21404DE90E5B0030097990300353C02006D6E03005D
S21404DEA00000000000130000000000000000000056
S21404DEB0000000000100000035AD02000200000072
S21404DEC05DC20300030000008DAC020004000000E5
S21404DED0D7C10300050000002DAC020000000000BE
S21404DEE0000000000023001B2200FF0000000000CA
S21404DEF00C090202000000001C1A0B0303FF0608AC
S21404DF000402020204020A0B030302030480FF0253
S21404DF1004FF010101010800000000000000005A8F
S21404DF206967426565416C6C69616E63653039800A
S21404DF300000183810300000000000008F8E8C801F
S21404DF4081815A6967426565416C6C69616E636577
S20C04DF50303906080C108000AD
S20C04DF58846DFB7F010000004C
S21004DF606CDF040010680020DB010000E9
S21404DF6C0000000000000000FFFF0000010000009D
S21404DF7C000000000000000000000000000000008C
S21404DF8C000000000000000000000000000000007C
S21404DF9C000000000000000000000000000000006C
S21404DFAC000000000000000000000000000000005C
S21404DFBC000000000000000000000000000000004C
S21404DFCC000000000000000000000000000000003C
S21404DFDC000000000000000000000000000000002C
S21404DFEC000000000000000000000000000000001C
S21404DFFC000000000000000000000000000000000C
S21404E00C00000000000000000000000000000000FB
S21404E01C00000000000000000000000000000000EB
S21404E02C00000000000000000000000000000000DB
S21404E03C00000000000000000000000000000000CB
S21404E04C00000000000000000000000000000000BB
S21404E05C00000000000000000000000000000000AB
S21404E06C0000000000000000000100000000F001A9
S21404E07C0800000008100020010023010400000022
S21404E08C10100020060030010100000014100020BF
S21404E09CFFFFFFFFC0EA2101C0EA21010080000057
S21404E0AC00F049025869002000600B000080000054
S21404E0BCEC360020C8000000FE0000000000000043
S21404E0CC9893040018100020FFFFFFFF4C970400E1
S21404E0DC3300000069F20000330000003D730300B7
S21404E0ECDE120400E2120400EF120400FC12040018
S21404E0FC0913040016130400291304003B1304002C
S21404E10C4813040055130400621304007713040028
S21404E11C8A1304009C130400B1130400C0130400F7
S21404E12CD1130400E0130400F0130400FC130400E1
S21404E13C09140400191404002B1404003A140400E3
S21404E14C4914040052140400671404007C140400DC
S21404E15C91140400B1140400BF140400DE1404006B
S21404E16CF91404000C150400191504002E150400EB
S21404E17C3D1504004C1504005E15040070150400CF
S21404E18C8315040096150400AC150400000000006A
S21404E19C0F000000FF00000000000000000000005C
S21404E1AC000000000000000000000000000000005A
S21404E1BC000000000030E70400C818031D1E04000D
S21404E1CC221E04004F1E04007A1E0400A81E04001F
S21404E1DCD61E0400051F0400321F0400621F040030
S21404E1EC921F0400E21F0400FFFFFFFF00F8030069
S21404E1FCFFFFFFFF0000040000000400005C26057F
S21404E20CB46A00200600000058B9040000000000A0
S21404E21C01001900010000007442002001001900DE
S21404E22C01000000744200200100190001000000E7
S21404E23C7442002001001900010000007442002002
S21404E24C01001900010000007442002001001900AE
S21404E25C01000000744200200100190001000000B7
S21404E26C74420020010019000100000074420020D2
S21404E27C010019000100000074420020010019007E
S21404E28C0100000074420020010019000100000087
S21404E29C74420020010019000100000074420020A2
S21404E2ACF04600200000000000000000D0A204008D
S21404E2BC2C4E0020686B0020EC50002020910400AB
S21404E2CC0600000000000000000000000000000033
S21404E2DCB8B90400D0B904002B910400EF4904002B
S21404E2ECFE000000986B002000000000FC5000208C
S21404E2FC64510020CC5100200000000000000000F7
S21404E30C00000000000000000000000000000000F8
S21404E31C00000000000000000000000000000000E8
S21404E32C00000000000000000000000000000000D8
S21404E33C00000000AD9F0300A4BB0400FFFFFFFF1A
S21404E34CF1A20300EDA20300FFFFFFFFF5A20300FA
S21404E35CFFFFFFFF95F20100FFFFFFFFFFFFFFFF2C
S21404E36CFFFFFFFFFFFFFFFFFFFFFFFFFFFFFFFFA8
S21404E37C0000000020A107000000000039E503009F
S21404E38C0000000000000000000000000000000078
S21404E39C0000000000000000000000000000000068
S21404E3AC0C570020911A020021340200EF49040095
S21404E3BC0000000000000000000000000000000048
S21404E3CC0C5700202921020000000000EF4904002D
S21404E3DC0000000000000000000000000000000028
S21404E3EC0C5700206D2B020021340200EF49040068
S21404E3FC0000000000000000000000000000000008
S21404E40C189204000C570020C538020000000000C7
S21404E41CEF490400000000000000000000000000AB
S21404E42C000000000C570020494D020000000000BC
S21404E43CEF4904000000000000000000000000008B
S21404E44C000000000C570020B95202000000000027
S21404E45CEF4904000000000000000000000000006B
S21404E46C000000000C570020B567020000000000F6
S21404E47CEF4904000000000000000000000000004B
S21404E48C00000000B80B00000C570020256D02009D
S21404E49C00000000EF49040000000000000000002B
S21404E4AC00000000000000000C57002085780200D5
S21404E4BC00000000EF49040000000000000000000B
S21404E4CC00000000000000000C570020497A0200EF
S21404E4DC00000000EF4904000000000000000000EB
S21404E4EC00000000000000000C570020DFB70300FB
S21404E4FC00000000EF4904000000000000000000CB
S21404E50C00000000000000000C5700207180020080
S21404E51C00000000EF4904000000000000000000AA
S21404E52C00000000000000000C570020E1860200EA
S21404E53C00000000EF49040000000000000000008A
S21404E54C00000000000000000C57002061C403000B
S21404E55C00000000EF49040000000000000000006A
S21404E56C00000000000000000C57002019EC02000C
S21404E57C00000000EF49040000000000000000004A
S21404E58C00000000000000000C5700208904030063
S21404E59C00000000EF49040000000000000000002A
S21404E5AC000000000000000069CD03000C5700209A
S21404E5BC9532030021340200EF49040000000000E9
S21404E5CC0000000000000000000000000C570020B3
S21404E5DC5939030000000000EF4904000000000055
S21404E5EC000000000000000000000000FFFFD00741
S21404E5FCB80B0000FFFFFFFFCEFAEFBEFFFFFDFFD8
S21404E60CFDFF0C002C01001E2C0140068000102778
S21404E61CFFFF04F8FFFF0C000000000000004000A1
S21404E62CFDFF2C019C000000FFFFFDFFFFFFFFFF1A
S21404E63C60EA8000800010C1CDAB640A0101FFFFC4
S21404E64CFFFFFFFFFFFFFFFFFFFFFFFFFFFFFFFFC5
S21404E65CFFFFFFFFFFFFFFFFFFFFFFFFFFFF01FFB3
S21404E66C05FFFFFF0101FFFF0201FFFF640250FFDD
S21404E67C0F010208031E0605021601010A0C0520EA
S21404E68C07051010010F080410010601010104FF10
S21404E69C030101FF0C01FF405AB47F0150403000C7
S21404E6ACFFFFFF0B03FF050B0101FF03010305022C
S21404E6BC0201FFFFFFFFFFFFFFFF010102FFFFFF49
S21004E6CC40FF0101BD4C0000954C00000E
S804007B8DF3
